row_index,split,source_length_chars,source_length_tokens,total_ms,candidate_generation_ms,dictionary_candidate_ms,punctuation_candidate_ms,syntax_ms,diff_alignment_ms,tokenizer_encode_ms,replacement_encoding_ms,label_build_ms,candidate_count,dictionary_candidate_count,punctuation_candidate_count,keep_candidate_count,rule_ids,slow_reason
0,train,88,17,116.99404499813681,110.98195500017027,1.4596770088246558,1.0889430013776291,0.0029719994927290827,1.5049690009618644,2.223587998742005,1.0233629982394632,1.2522799988801125,16,0,2,17,capitalization_sentence_start|comma_subordinate|context_to_zhe|final_punctuation_default,tokenizer
1,train,108,18,3178.491873000894,3174.2882810031006,3166.043028999411,0.4039150007884018,0.001843996869865805,1.6190019996429328,0.284147998172557,1.1330490015097894,1.1593810013437178,16,2,1,18,capitalization_sentence_start|final_punctuation_default|keyboard_typo_candidate|n_nn_short_form,dictionary
2,train,85,6,5.946503999439301,3.659543999674497,0.791727001342224,0.28055300208507106,0.0019240032997913659,0.7260950005729683,0.24348300212295726,0.5955420019745361,0.7158640037232544,8,0,1,6,capitalization_sentence_start|final_punctuation_default,dictionary
3,train,96,15,10.425120999570936,6.766590999177424,0.9209630006807856,0.36715000169351697,0.0021269988792482764,1.228962999448413,0.28257899975869805,1.2233929992362391,0.9168100041279104,16,0,2,15,capitalization_sentence_start|comma_subordinate|final_punctuation_default,diff_alignment
4,train,59,9,23.574844999529887,20.97036299892352,15.83269899856532,0.2748810002231039,0.0018229984561912715,0.8072220007306896,0.17623199892113917,0.8981739993032534,0.7156620013120119,14,2,2,9,capitalization_sentence_start|comma_subordinate|final_punctuation_default|keyboard_typo_candidate|missing_letter_candidate,dictionary
5,train,56,8,5.829220001032809,3.2184579977183603,0.8297060048789717,0.25999200079240836,0.002330001734662801,0.7967900019139051,0.24733199825277552,0.8429749977949541,0.7174849997682031,13,0,4,8,capitalization_sentence_start|direct_speech_colon|direct_speech_quotes|final_punctuation_default,dictionary
6,train,85,12,12.921129000460496,9.668033999332692,1.0721760045271367,0.325825996696949,0.0018229984561912715,1.1808540002675727,0.21289600044838153,1.0440209989610594,0.8089429975370876,15,0,1,12,capitalization_sentence_start|final_punctuation_default|n_nn_short_form,diff_alignment
7,train,71,8,10.094331999425776,6.028036998031894,1.0161690006498247,0.3403090013307519,0.001619999238755554,0.7663039978069719,0.1896009998745285,1.6909129990381189,1.4108670002315193,10,0,1,8,final_punctuation_default|ne_adjective,dictionary
8,train,106,18,15.396072001749417,11.051451998355333,1.4862179996271152,0.4118149990972597,0.0024310029402840883,1.4873360014462378,0.5130979989189655,1.1047910011257045,1.2324070012255106,16,0,1,18,capitalization_sentence_start|final_punctuation_default,diff_alignment
9,train,69,11,40.30865700042341,37.32871999818599,30.2274919959018,0.3003029996762052,0.0018229984561912715,0.9749470009410288,0.19365200205356814,1.025992001814302,0.7769399999233428,16,4,2,11,capitalization_sentence_start|comma_subordinate|dictionary_fuzzy|extra_letter_candidate|final_punctuation_default|keyboard_typo_candidate,dictionary
10,train,132,18,17.909196998516563,13.348946999030886,1.3145489974704105,0.49000599756254815,0.0020260013116057962,1.6560719996050466,0.2715379996516276,1.0384509987488855,1.5871990035520867,16,0,2,18,capitalization_sentence_start|final_punctuation_default|introductory_comma,diff_alignment
11,train,49,8,44.21391200230573,41.78454799694009,37.143374003790086,0.23001299996394664,0.0017220008885487914,0.7229549992189277,0.17025600027409382,0.9294699993915856,0.5987820004520472,13,3,1,8,capitalization_sentence_start|dictionary_fuzzy|final_punctuation_default|keyboard_typo_candidate|missing_letter_candidate,dictionary
12,train,107,14,17.84538900028565,14.329564997751731,8.20926200321992,0.40077499943436123,0.0022280000848695636,1.1855129996547475,0.2404449987807311,1.0814959969138727,1.001178996375529,16,2,1,14,final_punctuation_default|keyboard_typo_candidate|swapped_letters_candidate,dictionary
13,train,69,11,10.147200999199413,6.603828998777317,0.6761629992979579,0.29888499921071343,0.0017220008885487914,0.8905780014174525,0.1939569992828183,1.6837219991430175,0.7681280039832927,14,0,2,11,comma_subordinate|context_chto_by|final_punctuation_default,diff_alignment
14,train,66,10,9.34615700316499,6.873139998788247,1.1336570059938822,0.3044559998670593,0.002734999725362286,0.8447979998891242,0.2701209996303078,0.8094510012597311,0.542469002539292,12,0,1,10,capitalization_sentence_start|final_punctuation_default,dictionary
15,train,61,8,8.17067099706037,6.030872998962877,1.2714999975287355,0.2665760002855677,0.0024310029402840883,0.7010779991105665,0.19233599959989078,0.6943929984117858,0.5459130006784108,10,0,1,8,capitalization_sentence_start|final_punctuation_default,dictionary
16,train,69,11,36.28682599810418,33.16408099999535,25.336759001220344,0.314077999064466,0.0021269988792482764,1.0799770025187172,0.2255569997942075,1.0671130003174767,0.7358179973380174,16,2,2,11,capitalization_sentence_start|comma_conjunction|extra_letter_candidate|final_punctuation_default,dictionary
17,train,81,14,9.948282000550535,6.668649999483023,0.5270740039122757,0.3019239993591327,0.002025000867433846,1.1919949974981137,0.19740000061574392,1.0128270005225204,0.8710309994057752,16,0,1,14,capitalization_sentence_start|final_punctuation_default|tsya_soft_insert,diff_alignment
18,train,56,10,30.17320499930065,27.698363999661524,24.583114001870854,0.2926059969468042,0.0017219972505699843,0.769646001572255,0.188588001037715,0.9433459999854676,0.5667769983119797,14,2,1,10,capitalization_sentence_start|dictionary_fuzzy|final_punctuation_default,dictionary
19,train,80,14,17.236883999430574,13.783349000732414,8.121954997477587,0.3620850002334919,0.0018230020941700786,1.157356000476284,0.1976019993890077,1.0394640012236778,1.0509080020710826,16,2,2,14,capitalization_sentence_start|comma_subordinate|dictionary_fuzzy|extra_letter_candidate|final_punctuation_default,dictionary
20,train,49,6,5.456296999909682,3.8296990023809485,0.5567510052060243,0.2146179976989515,0.002025000867433846,0.556851999135688,0.18433399964123964,0.4597220031428151,0.4206260018690955,7,0,1,6,final_punctuation_default,diff_alignment
21,train,78,11,8.771175998845138,5.51635699957842,0.9865950014500413,0.3027339989785105,0.0025320005079265684,0.8874380000634119,0.82504800229799,0.8182629971997812,0.7171819997893181,13,0,1,11,capitalization_sentence_start|final_punctuation_default,dictionary
22,train,148,25,33.54459999900428,27.85575799862272,16.63506298791617,0.5378099995141383,0.0016209996829275042,2.3871299999882467,0.28683200071100146,1.0084709974762518,1.9969890017819125,16,1,1,25,capitalization_sentence_start|dictionary_fuzzy|final_punctuation_default|tsya_soft_delete,dictionary
23,train,71,7,7.439713997882791,5.4463710002892185,0.8038800042413641,0.26262599931214936,0.0020260013116057962,0.6577290005225223,0.24662299983901903,0.5861220015503932,0.4972969982190989,8,0,1,7,final_punctuation_default,dictionary
24,train,50,10,6.697820001136279,4.576657996949507,0.514109997311607,0.24307900093845092,0.001924996468005702,0.7361220013990533,0.158811999426689,0.7237649988383055,0.4967909990227781,12,0,1,10,final_punctuation_default|tsya_soft_delete,diff_alignment
25,train,53,10,7.066792000841815,5.01004599937005,0.39226900480571203,0.2936179989774246,0.0016209996829275042,0.7393630003207363,0.15982400145730935,0.6306870018306654,0.52180800048518,11,0,1,10,comma_subordinate,diff_alignment
26,train,93,12,55.93236799904844,52.857610000501154,47.936430004483555,0.3392969993001316,0.0015190016711130738,1.0439469988341443,0.19344999964232557,1.0368779985583387,0.7931090003694408,16,4,1,12,dictionary_fuzzy|double_consonant_candidate|final_punctuation_default|swapped_letters_candidate,dictionary
27,train,131,18,15.933871000015642,11.777876999985892,4.1016680079337675,0.44603499918594025,0.0020189982024021447,1.456557001802139,0.26608600092004053,1.2851909996243194,1.1410910010454245,16,2,1,18,dictionary_fuzzy|double_consonant_candidate|final_punctuation_default,dictionary
28,train,48,8,29.24595999866142,26.953174998197937,21.65992600566824,0.23003599926596507,0.002019998646574095,0.6701130005239975,0.18368500241194852,0.9364010002173018,0.4953150018991437,13,4,1,8,extra_letter_candidate|final_punctuation_default|keyboard_typo_candidate|missing_letter_candidate,dictionary
29,train,49,8,50.70866899768589,47.702349998871796,43.69247501017526,0.24437499814666808,0.0016160011000465602,0.7557450007880107,0.17661600213614292,1.383243998134276,0.6829379999544472,16,8,2,8,bracket_pair_balance|dictionary_fuzzy|extra_letter_candidate|final_punctuation_default|keyboard_typo_candidate,dictionary
30,train,94,16,30.335650997585617,27.045169001212344,21.750304989836877,0.3704000009747688,0.002020002284552902,1.2534840025182348,0.19237000014982186,0.9242829983122647,0.9146909978881013,16,0,1,16,final_punctuation_default,dictionary
31,train,102,17,37.2661129986227,33.83243899952504,26.067364997288678,0.38049800059525296,0.002120999852195382,1.351738999801455,0.22125000032247044,0.9673019994806964,0.8867180004017428,16,2,1,17,dictionary_fuzzy|extra_letter_candidate|final_punctuation_default,dictionary
32,train,113,18,13.505165003152797,9.671603998867795,1.80332899253699,0.439674000517698,0.0019189974409528077,1.564809001138201,0.2845660019374918,0.9815400007937569,0.9956779977073893,16,2,2,18,dictionary_fuzzy|extra_letter_candidate|quote_close|quote_open,dictionary
33,train,48,6,17.76062700082548,15.824204998352798,12.378209998132661,0.22942999930819497,0.0016160011000465602,0.601345000177389,0.15318899750127457,0.6632459990214556,0.5124820054334123,9,2,1,6,dictionary_fuzzy|final_punctuation_default,dictionary
34,train,35,6,4.305649999878369,2.7856759988935664,0.3028449973498937,0.18822999845724553,0.0015140030882321298,0.499656998727005,0.19752000298467465,0.4403809980431106,0.3776699995796662,7,0,1,6,final_punctuation_default,diff_alignment
35,train,99,12,13.028532001044368,10.071389999211533,1.4337360007630195,0.3466689995548222,0.0014139986888039857,1.097063002816867,0.1881280004454311,0.8459220007352997,0.820171000668779,13,0,1,12,final_punctuation_default,dictionary
36,train,51,8,31.284775999665726,29.35421200163546,22.59945899641025,0.2455870017001871,0.001615997462067753,0.6502200012619141,0.15520799934165552,0.659913999697892,0.4592640034388751,10,0,1,8,context_to_zhe|final_punctuation_default,dictionary
37,train,78,12,11.702038998919306,9.067835999303497,1.5276459962478839,0.2996120019815862,0.0019190010789316148,0.98901299861609,0.20933500127284788,0.8423869985563215,0.5873090012755711,13,0,1,12,final_punctuation_default,dictionary
38,train,56,6,6.884010002977448,5.2142809981887694,0.6639519997406751,0.23841800066293217,0.00171599822351709,0.5333840017556213,0.16459899779874831,0.5590330001723487,0.4076629957125988,7,0,1,6,final_punctuation_default,dictionary
39,train,50,9,26.391313997010002,23.9812889994937,19.366131997230696,0.22973299928708002,0.0016160011000465602,0.8570299978600815,0.15258300118148327,0.7715989995631389,0.6229560021893121,12,2,1,9,dictionary_fuzzy|final_punctuation_default,dictionary
40,train,30,6,3.545764000591589,1.9852969999192283,0.37807400440215133,0.1788379995559808,0.0018179998733103275,0.49915199997485615,0.17358799959765747,0.49521300024935044,0.38756700087105855,8,0,1,6,capitalization_sentence_start|final_punctuation_default,diff_alignment
41,train,66,8,18.71853700140491,16.45220899808919,11.477556006866507,0.2589169998827856,0.0013129974831826985,0.769579997722758,0.16611499813734554,0.7364579978457186,0.5878129995835479,11,2,1,8,double_consonant_candidate|final_punctuation_default|keyboard_typo_candidate,dictionary
42,train,32,5,10.966288999043172,9.471762001339812,6.838062006863765,0.17318399841315113,0.0015139994502533227,0.4695639981946442,0.137233997520525,0.48774099923321046,0.3947360019083135,7,1,1,5,final_punctuation_default|keyboard_typo_candidate,dictionary
43,train,161,24,19.516795997333247,14.683820998470765,3.5611150015029125,0.5719589971704409,0.0016160011000465602,2.112129001034191,0.27376100115361623,0.9792180026124697,1.460596002289094,16,2,1,24,dictionary_fuzzy|extra_letter_candidate|final_punctuation_default,dictionary
44,train,131,14,49.39712199848145,41.70162399896071,29.428936988551868,0.7751340017421171,0.0017170023056678474,2.648644000146305,0.2612390017020516,2.662376999069238,2.1082919993204996,16,2,1,14,context_chto_by|dictionary_fuzzy|final_punctuation_default|missing_letter_candidate,dictionary
45,train,75,8,55.77753699981258,53.217756998492405,47.20915599318687,0.28133500018157065,0.0033319993235636503,0.7692770013818517,0.43270500100334175,0.7912910004961304,0.5589329994108994,11,2,1,8,final_punctuation_default|keyboard_typo_candidate,dictionary
46,train,118,15,23.87939799882588,20.32313300151145,10.774526999739464,0.4882460016233381,0.002120999852195382,1.3120530020387378,0.24376900182687677,1.0108250025950838,0.9822469983191695,16,2,1,15,dictionary_fuzzy|final_punctuation_default|missing_letter_candidate,dictionary
47,train,41,7,12.316712996835122,10.387966998678166,8.475478000036674,0.2321559986739885,0.0019180006347596645,0.582663000386674,0.15389499822049402,0.7454449987562839,0.4397750017233193,11,2,1,7,comma_subordinate|context_chto_by|extra_letter_candidate|missing_letter_candidate,dictionary
48,train,67,9,29.461857997375773,27.036485000280663,21.286496998072835,0.25962300060200505,0.0017169986676890403,0.8005810013855807,0.1858059986261651,0.8471340006508399,0.5847850006830413,12,2,1,9,dictionary_fuzzy|final_punctuation_default,dictionary
49,train,65,9,54.587773000093875,51.872985997761134,45.81520499414182,0.27376100115361623,0.002019998646574095,0.8590500001446344,0.19247100135544315,1.005371999781346,0.6502199976239353,16,6,1,9,dictionary_fuzzy|extra_letter_candidate|final_punctuation_default|keyboard_typo_candidate|missing_letter_candidate,dictionary
50,train,145,22,58.15666099806549,53.131822001887485,42.794041997694876,0.5325769998307806,0.0019180006347596645,2.058710000710562,0.2877970000554342,0.9999189969676081,1.670131998253055,16,5,1,22,comma_subordinate|extra_letter_candidate|missing_letter_candidate|n_nn_short_form|swapped_letters_candidate,dictionary
51,train,38,5,36.98195099786972,35.10208000079729,28.697933004877996,0.24134499835781753,0.0018170030671171844,0.47885400272207335,0.1658120017964393,0.8218890034186188,0.4064509994350374,8,2,1,5,dictionary_fuzzy|final_punctuation_default,dictionary
52,train,51,7,10.632342000462813,8.701171998836799,4.294642003515037,0.2261989975522738,0.0023229986254591495,0.5768060000264086,0.25588700009393506,0.6549659992742818,0.43725000068661757,10,2,1,7,final_punctuation_default|keyboard_typo_candidate,dictionary
53,train,32,5,5.303951998939738,3.7494429998332635,0.9169110053335316,0.2005499991355464,0.0016160011000465602,0.4788549995282665,0.14288899910752662,0.5625679987133481,0.3643419986474328,9,1,2,5,extra_letter_candidate|final_punctuation_default|ne_adverb|subject_predicate_dash,dictionary
54,train,165,27,35.934468996856594,30.984961998910876,20.994962000258965,0.6964690001041163,0.002019998646574095,2.1343449989217333,0.23134900038712658,1.0227409984508995,1.5544080015388317,16,2,1,27,comma_subordinate|keyboard_typo_candidate|missing_letter_candidate,dictionary
55,train,232,34,60.519023001688765,55.28595899886568,39.60312998606241,0.5954869993729517,0.002120999852195382,2.577956998720765,0.3837299991573673,1.0032509999291506,1.260046996321762,16,4,3,34,comma_subordinate|context_chto_by|dictionary_fuzzy|missing_letter_candidate|quote_close|quote_open|swapped_letters_candidate,dictionary
56,train,96,12,40.482373002305394,37.48968600120861,27.691652001522016,0.33606699798838235,0.0018170030671171844,1.0606079995341133,0.21357500008889474,0.9456919979129452,0.7662470015930012,15,2,1,12,dictionary_fuzzy|final_punctuation_default,dictionary
57,train,58,9,9.995755001000362,7.612793997395784,4.285150003852323,0.28577800185303204,0.0018179998733103275,0.7885650011303369,0.17752599887899123,0.7190890028141439,0.6915210033184849,11,1,1,9,extra_letter_candidate|final_punctuation_default,dictionary
58,train,98,13,32.98005400210968,29.59212400310207,22.586433002288686,0.36484600059338845,0.0018180035112891346,1.251262001460418,0.2092340000672266,0.9865899992291816,0.9351879962196108,15,2,0,13,extra_letter_candidate,dictionary
59,train,93,10,10.728173998359125,7.872922000387916,1.12230900049326,0.32384699807153083,0.002019998646574095,0.8533949985576328,0.22751100186724216,1.0210239997832105,0.746960002288688,11,0,1,10,final_punctuation_default,dictionary
60,train,63,10,10.834609001904028,8.142644001054578,1.1263469932600856,0.2947649991256185,0.0020189982024021447,0.9622529978514649,0.22387599892681465,0.7720039975538384,0.7270659989444539,12,0,2,10,explanation_colon|introductory_comma,dictionary
61,train,137,20,66.70403899988742,62.13341299735475,50.204568997287424,0.42725299863377586,0.0018179998733103275,1.8541210010880604,0.2808300014294218,1.0115309996763244,1.418084000761155,16,3,0,20,dictionary_fuzzy,dictionary
62,train,149,24,39.94876199794817,33.55722700143815,18.13336600389448,0.5924229990341701,0.002625998604344204,2.385506002610782,0.7586740030092187,1.0067779985547531,2.2321129981719423,16,4,2,24,dictionary_fuzzy|extra_letter_candidate|keyboard_typo_candidate|quote_close|quote_open,dictionary
63,train,55,7,18.158049999328796,16.288421997160185,12.806599002942676,0.24766500064288266,0.0018120008462574333,0.5735890008509159,0.23537800007034093,0.660408000840107,0.3943109986721538,9,1,1,7,dictionary_fuzzy|final_punctuation_default,dictionary
64,train,39,6,13.655149003170663,11.792469998908928,8.93530000030296,0.20063000192749314,0.0017120000848080963,0.5875889983144589,0.1536960007797461,0.6033009995007887,0.5122510010551196,9,2,1,6,final_punctuation_default|keyboard_typo_candidate,dictionary
65,train,37,5,25.631026001065038,23.948431000462733,19.97429699258646,0.19629899907158688,0.0015110017557162791,0.5001649988116696,0.14311999984784052,0.6714869996358175,0.36117499985266477,9,2,0,5,keyboard_typo_candidate|missing_letter_candidate|ne_adjective|pattern_жы_жи,dictionary
66,train,32,5,6.136145999334985,4.5841819992347155,1.8779870006255805,0.18552300025476143,0.0019139988580718637,0.4934170028718654,0.1415090009686537,0.5633159998978954,0.3476790006970987,9,2,1,5,dictionary_fuzzy|final_punctuation_default|frequent_error_exact,dictionary
67,train,68,12,7.201843000075314,4.665461001422955,0.4261390022293199,0.28956499954801984,0.0018130012904293835,0.9721309979795478,0.17273100093007088,0.7897299983596895,0.5959480004094075,14,0,1,12,context_chto_by|introductory_comma,diff_alignment
68,train,40,5,12.721089999104152,11.075458001869265,6.475060999946436,0.20546500309137627,0.0017120000848080963,0.46682799802511,0.15087499923538417,0.6135749972600024,0.4083120002178475,9,2,1,5,dictionary_fuzzy|final_punctuation_default|ne_adjective,dictionary
69,train,53,9,5.625202000373974,3.3731479998095892,0.3088019984716084,0.18924899995909072,0.001510998117737472,0.8053420024225488,0.15288999929907732,0.7834860007278621,0.5042949997005053,12,2,0,9,dictionary_fuzzy|extra_letter_candidate|tsya_soft_delete,diff_alignment
70,train,55,10,14.506921997963218,12.070954999217065,8.656213005451718,0.26921899916487746,0.0019129984138999134,0.8158160017046612,0.16830000095069408,0.8659739978611469,0.578926999878604,14,2,2,10,final_punctuation_default|keyboard_typo_candidate|punctuation_delete_replace,dictionary
71,train,196,27,21.373070998379262,15.884341999480966,1.9543369999155402,0.812391001090873,0.0025180015654768795,2.468296002916759,0.3176649988745339,0.9692099993117154,1.7247959985979833,16,0,1,27,introductory_comma|n_nn_short_form|ne_adverb|tsya_soft_insert,diff_alignment
72,train,98,17,21.77866299825837,17.973433998122346,9.570129015628481,0.38887200207682326,0.0018130012904293835,1.566266997542698,0.22470200201496482,1.00567000117735,1.000332002149662,16,2,2,17,final_punctuation_default|keyboard_typo_candidate|missing_letter_candidate|ne_adjective|subject_predicate_dash,dictionary
73,train,37,7,4.106878997845342,2.555921997554833,0.5759070008934941,0.19126400002278388,0.0019140024960506707,0.530884997715475,0.15147999874898233,0.5083239993837196,0.3553320020728279,8,0,1,7,final_punctuation_default,dictionary
74,train,182,30,46.4118750023772,40.36869300034596,25.966218003304675,0.7631400003447197,0.0019140024960506707,2.5647839975135867,0.31887300065136515,1.00677700174856,2.1455959977174643,16,2,2,30,comma_subordinate|context_chto_by|dictionary_fuzzy|keyboard_typo_candidate,dictionary
75,train,97,13,12.838728001952404,9.75544800166972,1.3971609987493139,0.3717500003403984,0.003626002580858767,1.204184998641722,0.24132100224960595,0.9153249993687496,0.7166079994931351,15,0,1,13,final_punctuation_default|n_nn_short_form,dictionary
76,train,29,5,26.887382999120746,25.144357001408935,22.205909004696878,0.19972399968537502,0.0018129976524505764,0.5266549997031689,0.2126159997715149,0.6648400012636557,0.3322689990454819,10,4,1,5,dictionary_fuzzy|extra_letter_candidate|final_punctuation_default,dictionary
77,train,189,30,52.79538399918238,45.712489998550154,30.879142010235228,0.7242629981192295,0.0024180008040275425,2.7377169972169213,0.7714999992458615,0.9731380014272872,2.593389002868207,16,1,2,30,comma_subordinate|double_consonant_candidate,dictionary
78,train,82,14,7.930234998639207,5.082936000690097,0.6090389942983165,0.31857100111665204,0.002114997187163681,1.0266190001857467,0.20788199981325306,0.9100880015466828,0.6976730001042597,15,0,1,14,comma_subordinate,diff_alignment
79,train,88,16,9.18790200012154,6.047915998351527,0.5203100008657202,0.3735630016308278,0.0017120000848080963,1.1819259998446796,0.180586997885257,0.901123999938136,0.8713110037206206,16,0,1,16,introductory_comma,diff_alignment
80,train,40,5,34.07925400097156,32.50956400006544,28.675633995590033,0.20476000281632878,0.0018130012904293835,0.48193600014201365,0.15208399781840853,0.5709699980798177,0.3585559970815666,8,2,1,5,dictionary_fuzzy|final_punctuation_default,dictionary
81,train,51,6,35.3056980020483,33.51191000183462,27.719313999114092,0.2345729990338441,0.002115000825142488,0.5863799997314345,0.2720400007092394,0.5581799996434711,0.3717500003403984,7,0,1,6,final_punctuation_default,dictionary
82,train,89,15,10.411626000859542,6.948335001652595,1.2596810047398321,0.34485799915273674,0.0020139996195212007,1.3490169985743705,0.23749300089548342,0.8975989985628985,0.9731380014272872,16,1,1,15,dictionary_fuzzy|final_punctuation_default,diff_alignment
83,train,113,18,19.594188997871242,12.430820999725256,1.605951998499222,0.4936190016451292,0.0020139996195212007,2.1325020024960395,0.25642800028435886,2.267464999022195,2.49659899782273,16,2,3,18,comma_subordinate|missing_letter_candidate|quote_close|quote_open,diff_alignment
84,train,163,27,24.764851998043014,18.429788000503322,3.037054015294416,0.6627239999943413,0.0041290004446636885,2.587447001133114,0.5355180001060944,0.9873380004137289,2.2145870025269687,16,2,1,27,dictionary_fuzzy|double_consonant_candidate|final_punctuation_default|ne_verb,dictionary
85,train,48,5,41.66986899872427,40.12646599949221,36.44109300148557,0.21483199816429988,0.0020139996195212007,0.4809279998880811,0.17343700164929032,0.5510279988811817,0.3320680007163901,7,1,1,5,double_consonant_candidate|final_punctuation_default,dictionary
86,train,61,8,27.03271900099935,24.792649997834815,22.192814998561516,0.27888900149264373,0.002115000825142488,0.708450999809429,0.2068739995593205,0.8229669983847998,0.49533099809195846,12,2,2,8,bracket_pair_balance|dictionary_fuzzy|extra_letter_candidate|final_punctuation_default,dictionary
87,train,86,13,61.22125299953041,57.81688300339738,51.27172100037569,0.3340820003359113,0.0019129984138999134,1.183739001135109,0.20828500055358745,0.9999280009651557,1.00486400333466,16,4,1,13,dictionary_fuzzy|final_punctuation_default|missing_hard_sign|missing_letter_candidate,dictionary
88,train,72,9,7.693044000916416,5.5878359999042,0.9576289994583931,0.2819090004777536,0.002115000825142488,0.7057309994706884,0.20314900029916316,0.6824660013080575,0.5085260017949622,10,0,1,9,final_punctuation_default,dictionary
89,train,93,11,59.50370800201199,56.23419999756152,50.21307299102773,0.3318660019431263,0.0020139996195212007,1.1127329998998903,0.20919099915772676,1.0500860007596202,0.8897419975255616,16,3,2,11,dictionary_fuzzy|prefix_pre_pri|quote_close|quote_open|swapped_letters_candidate|tsya_soft_delete,dictionary
90,train,110,19,41.63612900083535,37.57165199931478,25.137206001090817,0.4639069993572775,0.0020139996195212007,1.702536999800941,0.20163699809927493,0.972231002378976,1.1818259990832303,16,0,1,19,comma_subordinate|n_nn_adjective,dictionary
91,train,98,16,33.5356799987494,30.026461998204468,24.05337900563609,0.37718900057370774,0.002015000063693151,1.2957369981450029,0.23396799952024594,1.0014389990828931,0.9712239989312366,16,2,1,16,dictionary_fuzzy|final_punctuation_default,dictionary
92,train,51,10,26.340887001424562,23.745383998175384,20.11550600582268,0.32723299955250695,0.0017120000848080963,1.1889769994013477,0.15802699999767356,0.7816730030754115,0.45927400060463697,12,2,0,10,double_consonant_candidate|extra_letter_candidate,dictionary
93,train,97,12,12.153644998761592,9.05424899974605,1.0772790046758018,0.3704410009959247,0.0019139988580718637,1.2062989990226924,0.20193999807816,0.8167219966708217,0.8681899998919107,14,0,1,12,final_punctuation_default|n_nn_short_form,diff_alignment
94,train,30,5,3.519390000292333,2.087180000671651,0.15077699936227873,0.1708169984340202,0.0019140024960506707,0.4824399984499905,0.14140799976303242,0.47982099931687117,0.3228009954909794,8,2,1,5,dictionary_fuzzy|extra_letter_candidate|final_punctuation_default,diff_alignment
95,train,86,11,10.683060998417204,7.8199490017141216,1.0262150026392192,0.309003000438679,0.0016119993233587593,1.1921990007977001,0.18109099983121268,0.8141039979818743,0.6698770012008026,13,0,1,11,final_punctuation_default|n_nn_participle,diff_alignment
96,train,66,8,40.65866100063431,38.14705400145613,33.24702099780552,0.2616660021885764,0.0020139996195212007,0.8121899991238024,0.18874499801313505,0.9886480002023745,0.5137619955348782,14,4,0,8,frequent_error_exact|keyboard_typo_candidate|missing_letter_candidate|tsya_soft_insert,dictionary
97,train,60,6,44.150654997793026,42.068107999511994,37.91006400206243,0.25501799973426387,0.0019139988580718637,0.6367400019371416,0.17907599976751953,0.7097599991539028,0.550324002688285,10,3,1,6,dictionary_fuzzy|extra_letter_candidate|final_punctuation_default,dictionary
98,train,121,19,14.871420000417856,11.176175998116378,2.225665008154465,0.43520300096133724,0.001510998117737472,1.5167129968176596,0.22026999795343727,0.9922739991452545,0.9589359979145229,16,1,1,19,extra_letter_candidate|final_punctuation_default|ne_adverb,dictionary
99,train,71,12,52.50884199995198,49.715527002263116,44.318653002846986,0.31222499819705263,0.0020139996195212007,0.9803899993130472,0.17565199959790334,0.9805900008359458,0.6496310015791096,16,4,1,12,comma_subordinate|dictionary_fuzzy|missing_letter_candidate|swapped_letters_candidate,dictionary
100,train,81,15,8.895012997527374,5.968550001853146,0.49875700278789736,0.3456640006334055,0.002115000825142488,1.1142440016556066,0.1992210018215701,0.9232820011675358,0.683471003867453,16,0,1,15,final_punctuation_default|missing_hard_sign,diff_alignment
101,train,34,6,4.008677999081556,2.705587998207193,0.6446969891840126,0.1785730019037146,0.0018130012904293835,0.44376400182954967,0.13687599857803434,0.43338999967090786,0.2844279952114448,7,0,1,6,final_punctuation_default,dictionary
102,train,44,5,35.43189800257096,33.670036998955766,30.132114996376913,0.22147900017444044,0.0016119993233587593,0.5467990013130475,0.1706160001049284,0.5472009979712311,0.4905969944957178,7,1,1,5,dictionary_fuzzy|final_punctuation_default,dictionary
103,train,64,10,32.18461200231104,29.60717600217322,19.44754199212184,0.2573490019130986,0.002115000825142488,0.9005690008052625,0.18955099949380383,0.8962479987530969,0.5839320037921425,13,2,0,10,dictionary_fuzzy|extra_letter_candidate|ne_adverb,dictionary
104,train,44,7,19.778049001615727,17.75523600008455,15.221646004647482,0.22408700169762596,0.002311000571353361,0.6224190001375973,0.21484199896804057,0.6750749998900574,0.5041459990025032,10,2,1,7,dictionary_fuzzy|double_consonant_candidate|final_punctuation_default,dictionary
105,train,72,11,8.48265199965681,5.692214002920082,1.0769250002340414,0.40114600051310845,0.002211003447882831,0.9969359998649452,0.20459199731703848,0.9508130024187267,0.6314630009001121,14,2,1,11,comma_subordinate|extra_letter_candidate,dictionary
106,train,99,16,11.37156700133346,8.05005299844197,0.9294090086768847,0.3946150027331896,0.0019100007193628699,1.1907760017493274,0.3383410003152676,0.9481999986746814,0.8383679996768478,16,0,1,16,introductory_comma,diff_alignment
107,train,145,22,66.01133900039713,61.2596869978006,50.15179998372332,0.5468529998324811,0.0030139999580569565,1.870575000793906,0.28448000011849217,1.0244699988106731,1.565193000715226,16,0,1,22,comma_conjunction,dictionary
108,train,61,9,22.894164998433553,20.438553001440596,14.558124992618104,0.26096600049640983,0.002110999048454687,0.8075170007941779,0.19072499708272517,0.7805869972798973,0.6704519983031787,12,2,1,9,comma_subordinate|keyboard_typo_candidate|swapped_letters_candidate,dictionary
109,train,54,8,5.86354500046582,3.8526909993379377,0.45812300595571287,0.22087199977249838,0.002210999809904024,0.7306440020329319,0.2401649981038645,0.6086529974709265,0.42646899964893237,9,1,0,8,dictionary_fuzzy,diff_alignment
110,train,67,8,54.82155400022748,52.42794199875789,45.591477002744796,0.2886000002035871,0.0018089995137415826,0.7367739999608602,0.16349299767171033,0.856053000461543,0.6296549981925637,13,4,1,8,dictionary_fuzzy|extra_letter_candidate|final_punctuation_default|missing_letter_candidate,dictionary
111,train,119,18,10.381363001215504,6.868017997476272,0.7995829946594313,0.4321960004745051,0.002311000571353361,1.4059209970582742,0.21182799900998361,0.9240830004273448,0.966288000199711,16,0,1,18,final_punctuation_default,diff_alignment
112,train,74,11,8.151545000146143,5.6323240023630206,1.4413930039154366,0.27433099967311136,0.0018089995137415826,0.8931320007832255,0.21856099920114502,0.748531998397084,0.6538729976455215,12,0,1,11,final_punctuation_default,dictionary
113,train,88,12,19.70429100038018,16.788042998086894,11.919120999664301,0.30668800172861665,0.0017080019460991025,0.9816629972192459,0.22509200061904266,0.9579469988238998,0.744713001040509,16,4,1,12,dictionary_fuzzy|final_punctuation_default|keyboard_typo_candidate,dictionary
114,train,87,12,17.553958998178132,14.434224001888651,8.749547010665992,0.3140240005450323,0.0018089995137415826,1.1537979989952873,0.19273500220151618,1.0025629999290686,0.7642079981451388,15,2,0,12,dictionary_fuzzy|extra_letter_candidate|tsya_soft_delete,dictionary
115,train,40,7,4.2197719994874205,2.537309002946131,0.4509900027187541,0.19002200133400038,0.0018079990695696324,0.571070999285439,0.16570400111959316,0.5427329997473862,0.39762899905326776,9,0,1,7,capitalization_sentence_start|final_punctuation_default,diff_alignment
116,train,39,6,4.614586996467551,3.2791079975140747,0.4110970003239345,0.1822849990276154,0.0013060016499366611,0.4535999978543259,0.1444000008632429,0.4399350000312552,0.2933229989139363,7,0,1,6,final_punctuation_default,diff_alignment
117,train,119,18,11.989765996986534,8.078491002379451,1.2004249947494827,0.3979310022259597,0.0015069999790284783,1.655632000620244,0.284179001027951,0.9435780011699535,1.0228619939880446,16,0,1,18,final_punctuation_default,diff_alignment
118,train,41,5,3.113907001534244,1.817718002712354,0.25011400066432543,0.19233300190535374,0.0017089987522922456,0.4063710002810694,0.1871070016932208,0.3828569970210083,0.315330002194969,6,0,1,5,final_punctuation_default,diff_alignment
119,train,84,15,17.956310002773535,14.57611200021347,9.313882012065733,0.36436799928196706,0.0014070028555579484,1.1434470034146216,0.18107800133293495,1.1955000009038486,0.8525359990017023,16,2,1,15,comma_conjunction|dictionary_fuzzy|extra_letter_candidate,dictionary
120,train,42,7,25.757154002349125,23.641089002921944,21.263455993903335,0.22559400167665444,0.0018089995137415826,0.6822089999332093,0.20419000065885484,0.6832149992987979,0.539617998583708,11,2,1,7,extra_letter_candidate|final_punctuation_default|missing_letter_candidate|pattern_чо_че,dictionary
121,train,45,9,32.099019997986034,29.94647800005623,26.13699899666244,0.2367490014876239,0.002311000571353361,0.7456170023942832,0.17474700143793598,0.6885410002723802,0.5378089990699664,11,1,1,9,double_consonant_candidate|final_punctuation_default,dictionary
122,train,54,7,35.97613000238198,33.580709001398645,28.7641410031938,0.2468980019330047,0.0019090002751909196,0.8901179971871898,0.22469000032288022,0.6198070004757028,0.6547759985551238,9,1,1,7,double_consonant_candidate|final_punctuation_default,dictionary
123,train,48,7,4.58675099798711,2.951318001578329,0.41259999852627516,0.21112400281708688,0.002010001480812207,0.5419289991550613,0.15022899970063008,0.5063569988124073,0.43229599759797566,8,0,1,7,final_punctuation_default,diff_alignment
124,train,97,12,11.186468000232708,8.177168998372508,2.489776994480053,0.363262999599101,0.0016079975466709584,1.0215559996140655,0.2013769990298897,0.9723170005599968,0.8084210021479521,15,2,1,12,dictionary_fuzzy|final_punctuation_default,dictionary
125,train,62,7,26.722637998318532,24.084942000627052,19.527735003066482,0.2534300001570955,0.002209999365732074,0.7005989973549731,0.6358849968819413,0.6588970027223695,0.6363870015775319,9,1,1,7,final_punctuation_default|keyboard_typo_candidate,dictionary
126,train,74,13,55.781913000828354,52.820646997133736,47.12390900022001,0.31181200029095635,0.0018089995137415826,1.0315039980923757,0.18901699877460487,0.9635739988880232,0.7703370029048529,16,3,1,13,comma_subordinate|dictionary_fuzzy|keyboard_typo_candidate|missing_letter_candidate,dictionary
127,train,162,26,19.27983200221206,14.215161998436088,2.7891319878108334,0.5697640008293092,0.002411001332802698,2.233033002994489,0.30397500086110085,0.9885960025712848,1.5308269976230804,16,4,0,26,dictionary_fuzzy|frequent_error_exact|keyboard_typo_candidate,dictionary
128,train,106,16,45.43170100077987,41.72572300012689,33.6627069991664,0.4639510007109493,0.0021099986042827368,1.6038800022215582,0.23855799736338668,1.0480850032763556,0.8088249996944796,16,2,0,16,dictionary_fuzzy|double_consonant_candidate,dictionary
129,train,188,30,22.54788599748281,16.555815996980527,6.319660009467043,0.7472249999409541,0.002411998138995841,2.53037499714992,0.2743300028669182,0.969603999692481,2.2108250013843644,16,2,1,30,comma_subordinate|double_consonant_candidate|keyboard_typo_candidate,dictionary
130,train,38,7,34.93759200136992,32.772890001069754,28.037417992891278,0.20901400057482533,0.002110002242261544,0.7328549982048571,0.1688189986452926,0.7814909986336716,0.47430100312340073,11,3,0,7,dictionary_fuzzy|extra_letter_candidate|missing_letter_candidate|tsya_soft_delete,dictionary
131,train,39,5,25.67043400267721,24.06795999922906,21.54813799643307,0.22277999960351735,0.0021099986042827368,0.4545049996522721,0.1446009991923347,0.595891000557458,0.4008450050605461,8,2,1,5,comma_subordinate|dictionary_fuzzy,dictionary
132,train,40,6,7.046885999443475,5.241830000159098,1.4508379972539842,0.20800900165340863,0.002110999048454687,0.5750899981649127,0.18318900038138963,0.6622129985771608,0.3775320001295768,10,2,1,6,dictionary_fuzzy|final_punctuation_default|frequent_error_exact|keyboard_typo_candidate,dictionary
133,train,59,7,32.80394100147532,30.77379100068356,25.14980699197622,0.24106999990181066,0.0018079990695696324,0.6336740007100161,0.15002800137153827,0.7430050027323887,0.4967090026184451,10,2,1,7,dictionary_fuzzy|final_punctuation_default|swapped_letters_candidate,dictionary
134,train,189,20,20.771870000316994,16.20762799939257,3.0607489970861934,0.6246299999475013,0.0020090010366402566,1.7983239995373879,0.2797579982143361,0.9542299994791392,1.5259020001394674,16,0,1,20,final_punctuation_default,dictionary
135,train,82,14,8.55721299740253,4.872437999438262,0.7524510001530871,0.3182440013915766,0.0021099986042827368,1.5360519973910414,0.17716000002110377,1.166960999398725,0.7955600012792274,16,2,1,14,comma_subordinate|dictionary_fuzzy|extra_letter_candidate,diff_alignment
136,train,295,42,28.83307600131957,22.670178997941548,2.454707992001204,0.6472400018537883,0.002110999048454687,3.300411000964232,0.3459780018602032,1.0254750013700686,1.4836980008112732,16,0,1,42,subject_predicate_dash|tsya_soft_delete|tsya_soft_insert,diff_alignment
137,train,47,6,30.151372997352155,28.42841399979079,25.217937996785622,0.22679999892716296,0.002511998900445178,0.5962930008536205,0.14600800204789266,0.6044329966243822,0.37029599843663163,8,1,0,6,dictionary_fuzzy|tsya_soft_insert,dictionary
138,train,32,7,5.618356000923086,4.046631001983769,0.4325989939388819,0.2006739996431861,0.0020099978428333998,0.5086669989395887,0.1639949987293221,0.5414270017354283,0.3526110049278941,8,0,1,7,final_punctuation_default,diff_alignment
139,train,53,8,4.2354469987913035,2.216251999925589,0.22890900072525255,0.22036900190869346,0.0018089995137415826,0.6778879978810437,0.1997699982894119,0.6721609970554709,0.4636489975382574,11,2,1,8,dictionary_fuzzy|double_consonant_candidate|final_punctuation_default,diff_alignment
140,train,36,5,45.828928999981144,43.95734900026582,40.43164599715965,0.23524100106442347,0.0015080004232004285,0.5833299983351026,0.12932699974044226,0.6874350001453422,0.46445299449260347,10,4,1,5,extra_letter_candidate|final_punctuation_default|keyboard_typo_candidate|swapped_letters_candidate,dictionary
141,train,96,13,9.075025001948234,5.8756039979925845,0.6403049883374479,0.34919400059152395,0.0018079990695696324,1.2701620034931693,0.20539600154734217,0.8429890003753826,0.8757480027270503,14,1,0,13,dictionary_fuzzy,diff_alignment
142,train,32,5,9.503905999736162,7.768888997816248,4.703015998529736,0.18630400154506788,0.0015069999790284783,0.6558819986821618,0.13987900092615746,0.610762999713188,0.3143250032735523,8,2,1,5,double_consonant_candidate|extra_letter_candidate|final_punctuation_default,dictionary
143,train,39,7,3.912279000360286,2.1799749993078876,0.23011699886410497,0.24549099907744676,0.0018089995137415826,0.5141949986864347,0.15374600116047077,0.6797979986004066,0.3788379945035558,11,0,3,7,final_punctuation_default|punctuation_delete_replace|subject_predicate_dash|tsya_soft_insert,diff_alignment
144,train,146,27,23.489052000513766,18.59430600234191,10.532596992561594,0.5728789983550087,0.0016079975466709584,2.1349569979065564,0.2435810019960627,0.9328259984613396,1.5765479984111153,16,2,1,27,dictionary_fuzzy|final_punctuation_default,dictionary
145,train,95,15,12.802508001186652,9.401710001839092,0.7501390027755406,0.3806469976552762,0.002210999809904024,1.1860539998451713,0.304275999951642,0.9722169997985475,0.9325239989266265,16,0,1,15,comma_subordinate,diff_alignment
146,train,38,6,25.812422998569673,24.048265000601532,20.746546000737,0.20740599939017557,0.0021099986042827368,0.5358000016713049,0.15434899978572503,0.6034270008967724,0.4640500010282267,9,2,1,6,extra_letter_candidate|final_punctuation_default|keyboard_typo_candidate,dictionary
147,train,32,5,27.43398999882629,25.956221001251834,24.10574400346377,0.21866099996259436,0.0020089973986614496,0.41802799751167186,0.15103300029295497,0.5838319993927144,0.3098030028922949,8,2,1,5,dictionary_fuzzy|extra_letter_candidate|final_punctuation_default,dictionary
148,train,59,11,29.698374000872718,27.20065799803706,23.18919599565561,0.276743001450086,0.0019100007193628699,0.8448990010947455,0.16922099894145504,0.8603739988757297,0.6165919985505752,14,2,1,11,comma_subordinate|dictionary_fuzzy|swapped_letters_candidate,dictionary
149,train,138,23,34.06857600202784,29.735656000411836,20.538940982078202,0.5258519995550159,0.0017080019460991025,1.7518990025564563,0.2736269998422358,0.9896010014927015,1.3104569989081938,16,2,2,23,comma_subordinate|context_chto_by|dictionary_fuzzy|final_punctuation_default|keyboard_typo_candidate,dictionary
150,train,132,23,14.314530002593528,10.114962002262473,0.7844550018489826,0.5513709984370507,0.0017080019460991025,1.7724509998515714,0.24981200112961233,0.8893339982023463,1.2819530020351522,16,0,2,23,final_punctuation_default|subject_predicate_dash,diff_alignment
151,train,39,6,3.346435998537345,1.8877790025726426,0.17931099864654243,0.17981199925998226,0.0018049977370537817,0.4732489978778176,0.16456900266348384,0.4849819997616578,0.3306420003355015,8,0,1,6,final_punctuation_default|tsya_soft_insert,diff_alignment
152,train,76,13,7.69964000210166,5.297193998558214,0.5383340030675754,0.30286300170700997,0.0015039986465126276,0.9053800022229552,0.1549420012452174,0.7401090006169397,0.5972010003461037,14,0,1,13,final_punctuation_default,diff_alignment
153,train,38,7,3.336707999551436,1.5217359978123568,0.07631900007254444,0.1859299991338048,0.0012040000001434237,0.6944790002307855,0.12254899775143713,0.5585910002992023,0.4336359997978434,10,2,0,7,dictionary_fuzzy|frequent_error_exact,diff_alignment
154,train,81,14,50.604901000042446,47.46796199833625,42.71802700168337,0.3244239997002296,0.0014040015230420977,1.1396480003895704,0.19004199930350296,0.9970409992092755,0.803288996394258,16,2,1,14,dictionary_fuzzy|final_punctuation_default,dictionary
155,train,90,13,32.251200998871354,28.683335000096122,22.26815600079135,0.3485929992166348,0.0018050013750325888,1.1675269997795112,0.19806500131380744,1.0733590024756268,1.1219960033486132,16,2,1,13,capitalization_sentence_start|dictionary_fuzzy|final_punctuation_default|keyboard_typo_candidate,dictionary
156,train,32,6,16.982091998215765,15.385241000331007,13.184570001612883,0.20699000015156344,0.002406999556114897,0.47134299893514253,0.15875200188020244,0.6355109981086571,0.32512600228074007,9,2,1,6,dictionary_fuzzy|final_punctuation_default|missing_letter_candidate,dictionary
157,train,123,20,11.751886999263661,7.3699010026757605,1.3597780089185107,0.44837700261268765,0.002005999704124406,1.6847010010678787,0.25954000011552125,0.9143060015048832,1.5163219977694098,16,2,0,20,dictionary_fuzzy|extra_letter_candidate,diff_alignment
158,train,65,10,31.70243800195749,29.208430998551194,25.59112199014635,0.26134499785257503,0.002005999704124406,0.8374870012630709,0.25031299810507335,0.8043920024647377,0.5954959960945416,12,1,1,10,dictionary_fuzzy|final_punctuation_default,dictionary
159,train,58,9,221.54069200041704,219.41563700238476,16.849512001499534,0.24640199990244582,0.002106000465573743,0.7153389997256454,0.17600200226297602,0.7471290009561926,0.480970000353409,11,1,1,9,final_punctuation_default|missing_letter_candidate,dictionary
160,train,74,13,32.484466002642876,29.51490400300827,26.032883000880247,0.31038399902172387,0.002106000465573743,1.0178999982599635,0.19796400010818616,0.9914249967550859,0.7554529984190594,16,1,2,13,comma_subordinate|detached_adverbial_comma|dictionary_fuzzy,dictionary
161,train,42,5,30.550354997103568,28.938161001860863,26.050131000374677,0.20568600302794948,0.002106000465573743,0.4526899974734988,0.20999900152673945,0.6185630008985754,0.3247259992349427,8,2,1,5,dictionary_fuzzy|final_punctuation_default|missing_letter_candidate,dictionary
162,train,124,15,16.53321200137725,12.619359000382246,1.509299996541813,0.4331339987402316,0.002406999556114897,1.3583709987869952,0.2630499984661583,1.022715001454344,1.2624970004253555,16,0,1,15,final_punctuation_default|ne_adjective,dictionary
163,train,66,11,7.490042997233104,5.010077002225444,0.3554119939508382,0.28050000037183054,0.002507000317564234,0.8232459986174945,0.3292379988124594,0.7598660013172776,0.5619020012090914,12,0,1,11,final_punctuation_default,diff_alignment
164,train,118,19,10.336254003050271,5.427866999525577,0.5607980056083761,0.4520880029303953,0.002106000465573743,2.3434770009771455,0.23125900042941794,0.9924280020641163,1.334202999714762,16,2,1,19,dictionary_fuzzy|double_consonant_candidate|final_punctuation_default,diff_alignment
165,train,88,14,9.175746999972034,6.035598999005742,0.7728029995632824,0.3419739987293724,0.002406999556114897,1.1416529996495228,0.21330800154828466,0.9024710016092286,0.8757959985814523,16,2,1,14,comma_conjunction|dictionary_fuzzy|double_consonant_candidate|ne_adverb,diff_alignment
166,train,131,18,13.004857999476371,8.99633500011987,1.7225089904968627,0.44526900092023425,0.002005002897931263,1.5319650010496844,0.23948200032464229,0.9586310006852727,1.273127996682888,16,0,1,18,final_punctuation_default,dictionary
167,train,38,5,8.607828000094742,7.0178979985939804,4.47274600082892,0.19856599828926846,0.001805998181225732,0.4649250004149508,0.16025700097088702,0.6148529973870609,0.3435790022194851,8,2,1,5,final_punctuation_default|keyboard_typo_candidate|swapped_letters_candidate,dictionary
168,train,155,19,50.46580499765696,45.51319199890713,35.93058598926291,0.5604970028798562,0.0015039986465126276,1.8187829991802573,0.2555289975134656,0.9667550002632197,1.9039250000787433,16,4,2,19,comma_subordinate|dictionary_fuzzy|extra_letter_candidate|final_punctuation_default|keyboard_typo_candidate,dictionary
169,train,75,10,9.831515999394469,7.469684998795856,0.7402089904644527,0.29925200215075165,0.002306001988472417,0.8097069985524286,0.24951100203907117,0.7609679996676277,0.5363279997254722,11,0,1,10,final_punctuation_default,diff_alignment
170,train,26,2,2.8155229992989916,1.8844699989131186,0.2500139999028761,0.1487240006099455,0.002005999704124406,0.23998400138225406,0.13638800010085106,0.2542239999456797,0.29534199711633846,3,0,1,2,final_punctuation_default,dictionary
171,train,73,11,8.219522002036683,5.9101420010847505,0.7732049998594448,0.27077100094174966,0.0015040022844914347,0.8226440004364122,0.19044300279347226,0.7414130013785325,0.54986800023471,12,0,1,11,final_punctuation_default,diff_alignment
172,train,32,5,28.739995999785606,27.15929199985112,24.698882003576728,0.20378100089146756,0.002306001988472417,0.4345380002632737,0.18843699945136905,0.6105400025262497,0.34036999932141043,8,2,1,5,dictionary_fuzzy|final_punctuation_default,dictionary
173,train,177,30,26.44756299923756,20.511547998466995,10.434032992634457,0.7310839973797556,0.002106000465573743,2.4790639981802087,0.27759099975810386,0.9279440018872265,2.2433930025727022,16,4,4,30,comma_conjunction|comma_subordinate|dictionary_fuzzy|extra_letter_candidate|keyboard_typo_candidate|missing_letter_candidate,dictionary
174,train,34,5,23.656210003537126,22.12945900100749,20.23917200131109,0.21009900228818879,0.002106000465573743,0.4246099997544661,0.16978300118353218,0.6023159985488746,0.32342199847334996,8,2,1,5,dictionary_fuzzy|final_punctuation_default,dictionary
175,train,46,5,9.3786249999539,7.677175999560859,3.727923998667393,0.20889499865006655,0.002106000465573743,0.5090509985166136,0.18823600112227723,0.5552820002776571,0.44226000318303704,7,1,1,5,final_punctuation_default|missing_letter_candidate,dictionary
176,train,38,8,4.6854909996909555,3.0697129986947402,0.239380999119021,0.21611199917970225,0.001905998942675069,0.5528659967239946,0.1573490008013323,0.5299010008457117,0.37014800182078034,9,0,1,8,final_punctuation_default,diff_alignment
177,train,36,6,28.129364000051282,26.02791300159879,23.897980001493124,0.21390600159065798,0.002005999704124406,0.5080379996798001,0.6003000016789883,0.6160449993330985,0.37105199953657575,9,2,1,6,dictionary_fuzzy|final_punctuation_default,dictionary
178,train,65,11,9.321599998656893,6.997216001764173,0.9352490014862269,0.29533599808928557,0.002005999704124406,0.8390760012844112,0.18943599934573285,0.7217439997475594,0.5688119999831542,12,0,1,11,final_punctuation_default,dictionary
179,train,89,15,35.104116999718826,31.902950002404395,25.168576998112258,0.35701099841389805,0.002005999704124406,1.184353997814469,0.20347700046841055,0.952899001276819,0.8539180016668979,16,1,1,15,dictionary_fuzzy|final_punctuation_default,dictionary
180,train,48,7,34.70548699988285,32.86768299949472,28.25642300376785,0.22353299937094562,0.0019049984985031188,0.5942830030107871,0.1621590017748531,0.665284002025146,0.40945900400402024,9,1,1,7,final_punctuation_default|keyboard_typo_candidate,dictionary
181,train,42,5,31.027972996525932,29.429547001200262,27.09934600352426,0.20287499864934944,0.00230599835049361,0.48758100092527457,0.25823100077104755,0.45609100197907537,0.39110699799493887,6,0,1,5,final_punctuation_default,dictionary
182,train,31,3,2.5070999981835485,1.3964550016680732,0.10278999980073422,0.16115699690999463,0.0017050006135832518,0.32421799915027805,0.14781900244997814,0.33484900268376805,0.29884700416005217,4,0,1,3,final_punctuation_default,diff_alignment
183,train,36,7,5.08139099838445,3.5096389983664267,0.3298310002719518,0.19505200179992244,0.0016039994079619646,0.5448430019896477,0.13999600196257234,0.5003170008421876,0.38148000385263003,8,0,1,7,comma_subordinate,diff_alignment
184,train,56,9,7.164089001889806,5.102851999254199,0.4914899982395582,0.24258700068457983,0.0016049998521339148,0.7060999996610917,0.16466600209241733,0.6556570006068796,0.5295000009937212,10,0,1,9,final_punctuation_default,diff_alignment
185,train,34,6,13.82966700111865,12.167959997896105,10.383406002802076,0.19665700165205635,0.002106000465573743,0.46652099990751594,0.20457899881876074,0.6269760015129577,0.3569110012904275,9,2,1,6,final_punctuation_default|keyboard_typo_candidate,dictionary
186,train,80,13,31.97655900294194,28.99531600269256,24.548924004193395,0.3165970010741148,0.002106000465573743,1.0039430017059203,0.20197200137772597,1.0278110021317843,0.7410990001517348,16,1,1,13,comma_subordinate|extra_letter_candidate|ni_stable_expression,dictionary
187,train,102,16,31.746608001412824,28.000599002552917,21.780584007501602,0.3658360001281835,0.002106000465573743,1.4306520024547353,0.2666549989953637,0.9685430013632867,1.0742429985839408,16,0,0,16,tsya_soft_insert,dictionary
188,train,67,10,33.780868998292135,30.728423997061327,26.680561004468473,0.26103900017915294,0.001905998942675069,1.3201389992900658,0.24870400011423044,0.8140059981087688,0.6630779971601442,13,3,0,10,dictionary_fuzzy|double_consonant_candidate,dictionary
189,train,126,24,12.159034999058349,7.9773920006118715,0.97796501358971,0.5093430008855648,0.0014040015230420977,1.7627919987717178,0.26043799880426377,0.9338439995190129,1.2187520005682018,16,0,2,24,comma_subordinate,diff_alignment
190,train,106,17,25.629382998886285,22.180917003424838,11.146968008688418,0.38539099841727875,0.0015039986465126276,1.309910003328696,0.21932099843979813,0.9634289999667089,0.9490879965596832,16,2,1,17,comma_subordinate|context_chto_by|keyboard_typo_candidate|missing_letter_candidate|tsya_soft_delete,dictionary
191,train,203,29,19.874771998729557,14.870312999846647,2.6355649970355444,0.46561900308006443,0.0018050013750325888,2.501824998034863,0.3060670023842249,0.9520219973637722,1.2378290048218332,16,1,0,29,dictionary_fuzzy|n_nn_short_form,dictionary
192,train,25,4,20.193784999719355,18.960160999995423,17.08484600385418,0.2202359974035062,0.0017019992810674012,0.36298999839345925,0.1713839992589783,0.4374700001790188,0.2564759997767396,5,0,1,4,final_punctuation_default,dictionary
193,train,116,18,18.119659001968103,14.227678999304771,8.29500599502353,0.4114420007681474,0.0019020008039660752,1.563279001857154,0.2201370007242076,1.0028770011558663,1.0992799943778664,16,2,0,18,dictionary_fuzzy|keyboard_typo_candidate,dictionary
194,train,117,19,14.764455998374615,10.764360002212925,1.4275329995143693,0.4592930017679464,0.0023030006559565663,1.5786959993420169,0.2470660001563374,1.0098840029968414,1.1572430012165569,16,0,1,19,context_chto_by|introductory_comma,diff_alignment
195,train,44,5,37.702588000684045,36.14651699899696,33.19644999646698,0.20602100266842172,0.002002001565415412,0.4742090022773482,0.155766996613238,0.5401800008257851,0.3801080019911751,7,1,1,5,dictionary_fuzzy|final_punctuation_default,dictionary
196,train,98,18,21.11797800171189,17.409995998605154,10.948757990263402,0.4140450000704732,0.0021029991330578923,1.49080100163701,0.22904599973117,0.9838559999479912,0.9973699998226948,16,0,2,18,explanation_colon|subject_predicate_dash|tsya_soft_insert,dictionary
197,train,121,19,71.92063399998005,67.1351950004464,60.376635014108615,0.46780200136709027,0.0019020008039660752,1.5739899972686544,0.2642840008775238,1.3676689995918423,1.571287000842858,16,3,1,19,dictionary_fuzzy|double_consonant_candidate|final_punctuation_default,dictionary
198,train,57,10,7.666232999326894,5.305196998961037,0.3605860001698602,0.2579770007287152,0.002302000211784616,0.7951539992063772,0.24215999656007625,0.778535999415908,0.5387780001910869,13,2,1,10,final_punctuation_default|keyboard_typo_candidate,diff_alignment
199,train,58,10,26.73511000102735,24.274368002807023,20.600020998244872,0.25717700191307813,0.0018020000425167382,0.821281999378698,0.1626740013307426,0.8531160019629169,0.6167620013002306,13,2,1,10,comma_subordinate|dictionary_fuzzy,dictionary
200,train,102,16,33.39396099909209,30.032851002033567,24.31891600645031,0.401430999772856,0.0024030014174059033,1.2045929979649372,0.2908120004576631,0.9985720025724731,0.8594220016675536,16,2,3,16,bracket_pair_balance|comma_subordinate|context_chto_by|dictionary_fuzzy|extra_letter_candidate|final_punctuation_default,dictionary
201,train,33,5,27.001996997569222,25.37234700139379,22.323871995467925,0.1920059985422995,0.0019020008039660752,0.43446599738672376,0.14675799684482627,0.6776269983674865,0.36389000160852447,10,4,1,5,dictionary_fuzzy|final_punctuation_default|keyboard_typo_candidate,dictionary
202,train,158,27,38.33336499883444,32.51331499996013,17.07843999247416,0.6608100011362694,0.0018020000425167382,2.3326049995375797,0.28700799884973094,1.0524300014367327,2.1400980003818404,16,6,2,27,comma_subordinate|extra_letter_candidate|keyboard_typo_candidate|missing_letter_candidate|ne_participle,dictionary
203,train,77,13,19.96333799979766,16.920170997764217,9.96720199691481,0.34056499862344936,0.0023030006559565663,1.033510001434479,0.26138099929085,0.9668380007497035,0.7729299977654591,16,2,3,13,bracket_pair_balance|detached_adverbial_comma|extra_letter_candidate|final_punctuation_default|keyboard_typo_candidate,dictionary
204,train,47,7,4.292609999538399,2.400076999037992,0.3755040015676059,0.20231800226611085,0.0019020008039660752,0.7557110002380796,0.20441899687284604,0.5258650016912725,0.40082999839796685,8,0,1,7,final_punctuation_default,diff_alignment
205,train,49,7,5.92196000070544,4.163572000834392,0.3643909949460067,0.2412590001767967,0.002302000211784616,0.5674089989042841,0.1733859971864149,0.5920359981246293,0.41984999916167,9,0,2,7,comma_conjunction|final_punctuation_default,diff_alignment
206,train,178,22,17.972400000871858,12.933589998283423,2.734541991230799,0.5854289993294515,0.002101998688885942,1.9849310010613408,0.2967189975606743,1.0494269990886096,1.700825996522326,16,2,1,22,bracket_pair_balance|missing_letter_candidate,dictionary
207,train,184,26,24.262054001155775,18.927626002550824,9.485483995376853,0.654804000078002,0.002101998688885942,2.1524119983951095,0.3061280003748834,0.946616997680394,1.922162999107968,16,3,1,26,bracket_pair_balance|extra_letter_candidate,dictionary
208,train,90,19,35.763806001341436,32.32711499731522,26.749223994556814,0.401732002501376,0.0024029977794270962,1.4015050001034979,0.19070399866905063,0.9455149993300438,0.8925580004870426,16,2,1,19,dictionary_fuzzy|homogeneous_comma,dictionary
209,train,106,19,17.724534001899883,14.1061489994172,6.204365006851731,0.4224540025461465,0.0018020000425167382,1.4780870005779434,0.19831299869110808,1.0101850020873826,0.9231920012098271,16,2,2,19,comma_subordinate|final_punctuation_default|keyboard_typo_candidate|missing_letter_candidate|pattern_шо_ше,dictionary
210,train,47,6,19.317244998092065,17.563361001521116,12.925481005368056,0.4654000003938563,0.0017020029190462083,0.5186569978832267,0.18750099843600765,0.6370839982992038,0.4041339998366311,8,1,1,6,final_punctuation_default|keyboard_typo_candidate,dictionary
211,train,150,23,43.90735100241727,39.27737900085049,26.764545997139066,0.6426899999496527,0.002902997948694974,1.902143001643708,0.2564759997767396,0.9725449999677949,1.4915019964973908,16,1,1,23,final_punctuation_default|swapped_letters_candidate,dictionary
212,train,129,18,40.701007997995475,36.692703997687204,27.996365999570116,0.4579919987008907,0.002002001565415412,1.5162279996729922,0.2687880005396437,0.991865003015846,1.2248160019225907,16,1,2,18,comma_subordinate|swapped_letters_candidate,dictionary
213,train,64,6,72.53659600246465,70.6308490007359,65.87404000310926,0.2913130010711029,0.001901997165987268,0.5980420028208755,0.22203799744602293,0.5907349986955523,0.4890239979431499,7,0,1,6,final_punctuation_default,dictionary
214,train,87,13,17.98801699987962,14.930032997654052,9.408701993379509,0.33846399674075656,0.0027029964257963,1.0441220001666807,0.23044699992169626,0.9496200000285171,0.8268880010291468,16,2,1,13,final_punctuation_default|keyboard_typo_candidate|missing_letter_candidate,dictionary
215,train,125,21,25.92113599894219,21.952174000034574,16.3173210057721,0.5355749999580439,0.0019020008039660752,1.5578730017296039,0.2954180017695762,0.9465170005569234,1.1622480014921166,16,2,1,21,dictionary_fuzzy|final_punctuation_default|missing_letter_candidate,dictionary
216,train,89,13,49.66984000202501,46.80306000227574,41.387646000657696,0.38991899782558903,0.0018020000425167382,0.9718439978314564,0.21072700110380538,0.9764489986991975,0.701252996805124,16,2,1,13,dictionary_fuzzy|final_punctuation_default,dictionary
217,train,64,10,20.913959000608884,18.489255002350546,13.724340005865088,0.2642840008775238,0.001801996404537931,0.8642279972264078,0.1564679987495765,0.8484110003337264,0.549289004993625,13,2,0,10,keyboard_typo_candidate|tsya_soft_insert,dictionary
218,train,103,13,33.53671500008204,30.390636002266547,24.091973991744453,0.38921799932722934,0.002201999450335279,1.122005000070203,0.2105269995809067,0.9579289981047623,0.850112995976815,14,0,1,13,final_punctuation_default,dictionary
219,train,241,23,42.49943899776554,38.12994699910632,24.3962009990355,0.485620999825187,0.0019020008039660752,2.0144640002399683,0.34316800156375393,1.0413189993414562,0.9631349967094138,16,2,1,23,extra_letter_candidate|final_punctuation_default|keyboard_typo_candidate|n_nn_short_form,dictionary
220,train,236,29,34.784454001055565,30.04236199922161,14.876376004394842,0.5042420016252436,0.0017019992810674012,2.315587000339292,0.3417670013732277,0.985657999990508,1.0922729998128489,16,0,1,29,n_nn_short_form|punctuation_delete_replace,dictionary
221,train,245,39,24.422827002126724,18.879774001106853,2.809017005347414,0.5263649982225616,0.0017019992810674012,2.7556589993764646,0.3322570009913761,0.9247929992852733,1.5234349993988872,16,0,2,39,comma_subordinate|final_punctuation_default,dictionary
222,train,146,20,19.03113699881942,14.942246001737658,6.23789999372093,0.5424830014817417,0.0016019985196180642,1.640161997784162,0.25757700132089667,0.9577289965818636,1.226717999088578,16,2,0,20,missing_letter_candidate|pattern_шо_ше,dictionary
223,train,67,9,8.472999001241988,6.162418001622427,1.854593003372429,0.2719920012168586,0.002101998688885942,0.7682249997742474,0.21553199985646643,0.7316859991988167,0.5887330007681157,12,2,1,9,dictionary_fuzzy|final_punctuation_default,dictionary
224,train,148,18,42.33236000072793,37.90700800163904,26.414263007609406,0.509946999954991,0.002002001565415412,1.8170509974879678,0.237355001445394,1.031107000017073,1.332331001322018,16,2,0,18,dictionary_fuzzy|n_nn_short_form,dictionary
225,train,183,21,42.101612001715694,37.064403000840684,22.648122994723963,0.6109560017648619,0.0019020008039660752,2.226591001090128,0.2788989986584056,0.984056998277083,1.5410549967782572,16,2,0,21,double_consonant_candidate|extra_letter_candidate,dictionary
226,train,54,7,7.192222998128273,5.130810000991914,2.027576007094467,0.21553099941229448,0.002002001565415412,0.8257869994849898,0.16317499830620363,0.6335810030577704,0.43336599992471747,9,2,0,7,double_consonant_candidate|keyboard_typo_candidate,dictionary
227,train,60,6,8.948709000833333,6.999135002843104,2.8896539952256717,0.2285920018039178,0.002101998688885942,0.5579380012932234,0.2516700005799066,0.6880770015413873,0.4451910026546102,10,2,1,6,dictionary_fuzzy|final_punctuation_default|ne_adjective,dictionary
228,train,134,18,57.12707199927536,53.32355900100083,45.205570004327456,0.4554859988274984,0.0017999991541728377,1.4621129994338844,0.2334909986529965,0.9760419998201542,1.1247720030951314,16,3,1,18,dictionary_fuzzy|extra_letter_candidate|final_punctuation_default,dictionary
229,train,169,18,45.971809999173274,41.56008299833047,24.135766994731966,0.573630997678265,0.0017990023479796946,1.6639179993944708,0.26837399855139665,1.0857900015253108,1.3880480000807438,16,0,1,18,final_punctuation_default,dictionary
230,train,74,12,16.913057999772718,13.753141000051983,8.268716996099101,0.314453001919901,0.0015990008250810206,1.300989002629649,0.18741199892247096,0.9752420010045171,0.6889760006743018,16,2,1,12,context_chto_by|double_consonant_candidate|extra_letter_candidate|final_punctuation_default,dictionary
231,train,44,6,27.03640300023835,25.214859000698198,22.515525997732766,0.23878800129750744,0.0020990009943488985,0.556539001991041,0.1743180000630673,0.6455959992308635,0.43859499783138745,9,2,1,6,dictionary_fuzzy|final_punctuation_default|swapped_letters_candidate,dictionary
232,train,173,22,34.87752100045327,29.75392699954682,16.30254400515696,0.6651869989582337,0.0020990009943488985,2.112008001859067,0.2827680000336841,0.9705449992907234,1.7506780022813473,16,2,2,22,dictionary_fuzzy|prefix_pre_pri|quote_close|quote_open|tsya_soft_insert,dictionary
233,train,108,11,36.2296859966591,33.2039069980965,24.79465800570324,0.3613299995777197,0.0019990002328995615,1.0281169998052064,0.2335900026082527,0.9159700020973105,0.8410050031670835,15,3,1,11,double_consonant_candidate|final_punctuation_default|keyboard_typo_candidate|missing_letter_candidate,dictionary
234,train,247,37,28.944308000063756,23.849799999879906,6.618088009417988,0.47207900206558406,0.0022990025172475725,2.536208998208167,0.37492400224437006,0.994732999970438,1.1812459997599944,16,1,1,37,capitalization_sentence_start|dictionary_fuzzy|final_punctuation_default,dictionary
235,train,208,37,49.738141999114305,44.278305998886935,32.5750050105853,0.5316500028129667,0.0020990009943488985,2.783093001198722,0.3185499990649987,0.9800400002859533,1.3628589986183215,16,4,3,37,comma_conjunction|comma_subordinate|dictionary_fuzzy|introductory_comma|keyboard_typo_candidate|missing_letter_candidate,dictionary
236,train,72,10,27.305476996843936,24.609243002487347,21.590260999801103,0.2806679985951632,0.0019990002328995615,1.0511060027056374,0.18801199985318817,0.8657930011395365,0.5843250000907574,13,2,0,10,double_consonant_candidate|extra_letter_candidate|tsya_soft_insert,dictionary
237,train,84,12,9.636773997044656,6.705350999254733,0.5743310030084103,0.3230479997000657,0.0019990002328995615,1.0848909987544175,0.19040999904973432,0.86749299953226,0.7820329992682673,14,2,0,12,dictionary_fuzzy|extra_letter_candidate,diff_alignment
238,train,123,19,20.711273999040714,16.93194800100173,10.151534999749856,0.5174569996597711,0.0021989981178194284,1.4869020014884882,0.23858799977460876,0.9717440007079858,1.074994001101004,16,2,1,19,context_za_to|dictionary_fuzzy|final_punctuation_default,dictionary
239,train,169,24,45.65196100156754,40.381635997619014,28.759696997440187,0.6095140015531797,0.0018989994714502245,2.100312998663867,0.299359999189619,0.9959320013877004,1.8679229979170486,16,1,1,24,dictionary_fuzzy|final_punctuation_default,dictionary
240,train,138,21,60.286788997473195,55.97621299966704,48.55889500686317,0.48117400001501665,0.0019990002328995615,1.8785180000122637,0.23229099679156207,0.9715439991850872,1.222326001879992,16,3,0,21,dictionary_fuzzy,dictionary
241,train,50,8,32.9455280007096,31.031827002152568,28.62325799651444,0.22699400142300874,0.0019990002328995615,0.684278998960508,0.15512699974351563,0.6236070003069472,0.44539099690155126,9,1,0,8,dictionary_fuzzy,dictionary
242,train,73,12,31.3283869982115,28.489920998254092,23.75564499743632,0.31445199783775024,0.0019990002328995615,1.0300169997208286,0.20280399985495023,0.9015759969770443,0.6982730010349769,14,2,0,12,dictionary_fuzzy,dictionary
243,train,36,5,3.3594229971640743,1.9024069988518022,0.2918639984272886,0.17201899754581973,0.0020990009943488985,0.47217799874488264,0.1673219994700048,0.4894699995929841,0.3232480012229644,7,2,0,5,dictionary_fuzzy,diff_alignment
244,train,71,14,11.46801399954711,8.580071000324097,3.62229999518604,0.3859190001094248,0.0015990008250810206,1.1362659970473032,0.16012400010367855,0.906574001419358,0.6776810041628778,16,3,3,14,capitalization_sentence_start|comma_subordinate|extra_letter_candidate|final_punctuation_default|missing_letter_candidate|sdelat_prefix,dictionary
245,train,98,17,35.406472998147365,32.03445699909935,25.61537199653685,0.3993130012531765,0.0014990000636316836,1.344267999229487,0.19940700076404028,0.9825390006881207,0.8388059977733064,16,2,1,17,capitalization_sentence_start|dictionary_fuzzy|final_punctuation_default,dictionary
246,train,65,11,9.961720999854151,7.288877000974026,3.7306480044208,0.2895640027418267,0.002998000127263367,0.9252650015696418,0.2309910014446359,0.8825859986245632,0.6271060010476504,16,2,1,11,capitalization_sentence_start|final_punctuation_default|keyboard_typo_candidate|prefix_pre_pri,dictionary
247,train,108,15,40.94327200073167,37.46400599993649,27.37184699435602,0.40131199784809723,0.0019990002328995615,1.36356000075466,0.19130999862682074,0.976041003013961,0.9409580015926622,16,3,2,15,capitalization_sentence_start|comma_subordinate|dictionary_fuzzy|extra_letter_candidate|final_punctuation_default|ne_adjective,dictionary
248,train,66,10,24.04830700106686,21.37006400153041,18.683124009839958,0.2727720020629931,0.0019990002328995615,0.9161699999822304,0.18081500093103386,0.9904349972202908,0.5827269997098483,16,4,1,10,capitalization_sentence_start|dictionary_fuzzy|extra_letter_candidate|final_punctuation_default|keyboard_typo_candidate|missing_letter_candidate,dictionary
249,train,209,39,22.416372998122824,17.06458599801408,1.530278994323453,0.9935329981090035,0.0017989987100008875,2.7775950002251193,0.26567500026430935,1.0038279979198705,1.2944919981237035,16,0,5,39,capitalization_sentence_start|comma_conjunction|comma_subordinate|context_tak_zhe|final_punctuation_default|homogeneous_comma|ne_adverb,diff_alignment
250,train,100,14,68.70383600107743,65.2038789994549,57.9753749880183,0.3606309983297251,0.0020990009943488985,1.395245002640877,0.19620799866970628,0.9768410018295981,0.9235659963451326,16,4,2,14,capitalization_sentence_start|comma_subordinate|dictionary_fuzzy|extra_letter_candidate|final_punctuation_default|frequent_error_exact|keyboard_typo_candidate,dictionary
251,train,45,8,5.579079999733949,3.3306359982816502,1.2195269991934765,0.2037049998762086,0.0017990023479796946,0.7672389983781613,0.21030100106145255,0.827911000669701,0.4361950013844762,13,2,1,8,capitalization_sentence_start|extra_letter_candidate|final_punctuation_default|frequent_error_exact|missing_letter_candidate,dictionary
252,train,128,19,38.451442000223324,34.36156300085713,25.41336301510455,0.45528599730459973,0.0022989988792687654,1.6821099998196587,0.2666750006028451,0.9795399964787066,1.1547569993126672,16,4,1,19,capitalization_sentence_start|dictionary_fuzzy|final_punctuation_default,dictionary
253,train,61,9,7.841217000532197,5.295212999044452,0.5121590038470458,0.2366879998589866,0.0017000020307023078,0.9697450004750863,0.1671209975029342,0.7993240033101756,0.6029180003679357,14,1,1,9,capitalization_sentence_start|extra_letter_candidate|final_punctuation_default|frequent_error_exact|tsya_soft_delete,diff_alignment
254,train,140,21,38.9644019996922,34.033017996989656,22.827579985460034,0.5833260001963936,0.0019990002328995615,2.30491699767299,0.2825680021487642,0.9555510005156975,1.3801509958284441,16,2,2,21,capitalization_sentence_start|double_consonant_candidate|extra_letter_candidate|final_punctuation_default|homogeneous_comma,dictionary
255,train,54,9,8.095399000012549,5.930914001510246,2.7356169994163793,0.2289930016559083,0.0020990009943488985,0.8239130002039019,0.15642699872842059,0.6949740018171724,0.48327300100936554,12,0,1,9,capitalization_sentence_start|final_punctuation_default|frequent_error_exact,dictionary
256,train,204,33,44.07170299964491,36.83300299962866,27.42532100819517,0.49926499923458323,0.0017000020307023078,3.2390790001954883,0.2314910016139038,2.0674289989983663,1.6905070006032474,16,3,3,33,capitalization_sentence_start|comma_subordinate|double_consonant_candidate|extra_letter_candidate|final_punctuation_default|n_nn_short_form,dictionary
257,train,98,16,12.089923002349678,8.604160000686534,3.2557719969190657,0.3693270009534899,0.0021990017557982355,1.4021409988345113,0.294861998554552,0.913170999410795,0.8677919977344573,16,3,3,16,capitalization_sentence_start|comma_conjunction|comma_subordinate|extra_letter_candidate|final_punctuation_default|frequent_error_exact|missing_letter_candidate|swapped_letters_candidate,dictionary
258,train,187,33,80.2964909998991,73.16804000220145,57.879418000084115,0.7718380002188496,0.0021990017557982355,3.3508259984955657,0.26227700072922744,0.9978310008591507,2.508822002710076,16,5,4,33,capitalization_sentence_start|comma_conjunction|dictionary_fuzzy|final_punctuation_default|hyphen_particles|introductory_comma|keyboard_typo_candidate|missing_letter_candidate|ne_adverb,dictionary
259,train,131,21,12.192474001494702,8.092998999927659,1.1617560012382455,0.45778499770676717,0.0018989994714502245,1.7628720015636645,0.2314910016139038,0.9193680016323924,1.1785469978349283,16,1,2,21,capitalization_sentence_start|comma_subordinate|extra_letter_candidate|final_punctuation_default|frequent_error_exact|tsya_soft_delete,diff_alignment
260,train,41,7,5.4385369985539,3.424210000957828,0.8777900038694497,0.20841900186496787,0.0016000012692529708,0.7215839978016447,0.14793000082136132,0.732663000235334,0.40635899858898483,12,2,1,7,capitalization_sentence_start|dictionary_fuzzy|final_punctuation_default|soft_to_hard_sign,dictionary
261,train,113,12,11.680993000481976,8.597518000897253,2.6019530050689355,0.3633369997260161,0.001896998583106324,1.1371260006853845,0.22429100135923363,0.9171269994112663,0.7986429955053609,15,0,1,12,capitalization_sentence_start|final_punctuation_default|prefix_pre_pri,dictionary
262,train,107,18,37.54281800138415,33.76930199738126,24.908866002078867,0.42342700180597603,0.0015969999367371202,1.5723319993412588,0.20901899915770628,1.0113549978996161,0.9722260001581162,16,1,3,18,capitalization_sentence_start|comma_conjunction|comma_subordinate|context_chto_by|final_punctuation_default|keyboard_typo_candidate|ne_adverb|ne_verb,dictionary
263,train,91,14,52.171034996717935,48.90279599931091,40.24429000492091,0.3350890001456719,0.001996999344555661,1.2353460006124806,0.2202989999204874,0.9931890017469414,0.8119190024444833,16,4,1,14,capitalization_sentence_start|dictionary_fuzzy|extra_letter_candidate|final_punctuation_default|keyboard_typo_candidate,dictionary
264,train,70,10,24.485137000738177,21.261117999529233,16.31134600393125,0.2764959972409997,0.002196000423282385,0.9643409975979012,0.6479180010501295,0.9608469990780577,0.6436249968828633,16,3,1,10,capitalization_sentence_start|extra_letter_candidate|final_punctuation_default|frequent_error_exact|keyboard_typo_candidate|missing_letter_candidate,dictionary
265,train,62,8,6.695986001432175,4.20153600134654,0.427518996730214,0.24056100301095285,0.0016970006981864572,0.7951490006234962,0.17238600048585795,0.9695310000097379,0.5495969999174122,16,4,2,8,capitalization_sentence_start|comma_subordinate|dictionary_fuzzy|extra_letter_candidate|final_punctuation_default|frequent_error_exact|missing_letter_candidate,diff_alignment
266,train,70,12,6.134309998742538,3.434235000895569,0.4994890005036723,0.26521700056036934,0.0015969999367371202,1.0633599995344412,0.16879200120456517,0.870810999913374,0.590023999393452,16,2,1,12,capitalization_sentence_start|extra_letter_candidate|final_punctuation_default|frequent_error_exact|keyboard_typo_candidate,diff_alignment
267,train,59,13,8.004798997717444,5.010460001358297,1.4627329983341042,0.24964399926830083,0.0015980003809090704,1.007962000585394,0.14154200107441284,0.9157290005532559,0.9222180015058257,16,0,1,13,capitalization_sentence_start|final_punctuation_default|prefix_pre_pri,dictionary
268,train,86,12,25.78456599803758,22.585501999856206,14.4568289979361,0.3103339986409992,0.0025949993869289756,1.091009999072412,0.42811900129891,0.9337969968328252,0.7387519981421065,16,2,1,12,capitalization_sentence_start|dictionary_fuzzy|final_punctuation_default|hyphen_po_adverbs,dictionary
269,train,33,6,3.3240359989576973,1.677141000982374,0.16859300376381725,0.18256700059282593,0.002096003299811855,0.5714569997508079,0.1345550008409191,0.5961120004940312,0.33858100141515024,11,1,1,6,capitalization_sentence_start|context_to_zhe|extra_letter_candidate|final_punctuation_default|frequent_error_exact,diff_alignment
270,train,103,15,39.80419399886159,36.408187999768415,30.392361997655826,0.3668309982458595,0.0012979980965610594,1.341253002465237,0.1960419976967387,0.9648399973229971,0.8861829992383718,16,4,1,15,capitalization_sentence_start|dictionary_fuzzy|extra_letter_candidate|final_punctuation_default|frequent_error_exact|missing_letter_candidate,dictionary
271,train,186,29,59.786843001347734,53.07059500046307,40.83222198460135,0.7193879973783623,0.001796997821656987,3.0703000011271797,0.2726029997575097,1.0432969975227024,2.3208669990708586,16,6,2,29,capitalization_sentence_start|comma_conjunction|dictionary_fuzzy|extra_letter_candidate|final_punctuation_default|keyboard_typo_candidate|missing_letter_candidate|soft_to_hard_sign,dictionary
272,train,139,23,15.228721000312362,10.284640000463696,1.2834570079576224,0.5218480000621639,0.0022950007405597717,2.2132619997137226,0.3302969998912886,0.9921910022967495,1.4004460026626475,16,1,2,23,capitalization_sentence_start|comma_conjunction|extra_letter_candidate|final_punctuation_default|frequent_error_exact,diff_alignment
273,train,187,34,48.204471000644844,41.817720000835834,29.816414007655112,0.7259759986482095,0.001995998900383711,3.151849999994738,0.29925400303909555,0.9907929998007603,1.9355690019438043,16,6,2,34,capitalization_sentence_start|comma_conjunction|context_to_zhe|dictionary_fuzzy|extra_letter_candidate|final_punctuation_default|n_nn_participle|tsya_soft_insert,dictionary
274,train,83,13,7.9775489975872915,5.022338998969644,0.5455049977172166,0.3164230001857504,0.002196000423282385,1.1645760023384355,0.20762100029969588,0.8998589983093552,0.6765649959561415,16,2,2,13,capitalization_sentence_start|comma_subordinate|dictionary_fuzzy|final_punctuation_default|frequent_error_exact|tsya_soft_insert,diff_alignment
275,train,181,31,58.65450900091673,52.503728002193384,39.25130200150306,0.7076090005284641,0.001997002982534468,2.921670999057824,0.24804799977573566,0.9644410019973293,2.008037001360208,16,7,3,31,capitalization_sentence_start|comma_conjunction|dictionary_fuzzy|double_consonant_candidate|extra_letter_candidate|final_punctuation_default|keyboard_typo_candidate,dictionary
276,train,91,14,8.44838899865863,5.179251998924883,0.6977239900152199,0.315026001771912,0.0026950001483783126,1.1648760009848047,0.26531600087764673,1.0647580020304304,0.7672009996895213,16,0,1,14,capitalization_sentence_start|final_punctuation_default|hyphen_particles,diff_alignment
277,train,55,9,18.65347499915515,16.37652699719183,12.668991003010888,0.26092400003108196,0.0013969984138384461,0.7625090001965873,0.1477309997426346,0.8497499984514434,0.5092720020911656,14,2,2,9,capitalization_sentence_start|comma_subordinate|final_punctuation_default|missing_letter_candidate|swapped_letters_candidate,dictionary
278,train,105,18,17.353046001517214,13.750917001743801,7.5177889848419,0.4262219990778249,0.001796997821656987,1.435780999599956,0.19015299767488614,0.9853029987425543,0.983406000159448,16,1,3,18,capitalization_sentence_start|comma_subordinate|dictionary_fuzzy|final_punctuation_default|hyphen_particles,dictionary
279,train,31,6,4.551697998977033,2.886134996515466,0.3921839997929055,0.1765769993653521,0.001896998583106324,0.5288350002956577,0.14723200001753867,0.640431997453561,0.3427760020713322,11,2,1,6,capitalization_sentence_start|final_punctuation_default|frequent_error_exact|keyboard_typo_candidate|missing_letter_candidate,diff_alignment
280,train,84,14,29.840568000508938,26.679234000766883,20.86703700842918,0.33768399953260086,0.0016970006981864572,1.2031049991492182,0.17497999942861497,1.00846100031049,0.7672010033275001,16,2,1,14,capitalization_sentence_start|extra_letter_candidate|final_punctuation_default|hyphen_po_adverbs|keyboard_typo_candidate,dictionary
281,train,72,13,21.44588100054534,18.43607100090594,14.03569801186677,0.3288999978394713,0.002495999069651589,1.123152000218397,0.19713999790837988,0.978714000666514,0.7025179984339047,16,2,2,13,capitalization_sentence_start|comparative_turnover_comma|final_punctuation_default|hyphen_po_adverbs|missing_letter_candidate|tsya_soft_delete,dictionary
282,train,87,13,10.039786000561435,6.506331999844406,0.5817399942316115,0.31113300065044314,0.0025949993869289756,1.2909450015285984,0.5295339979056735,0.9742229995026719,0.7317650015465915,16,1,1,13,capitalization_sentence_start|dictionary_fuzzy|final_punctuation_default|n_nn_deverbal_adjective,diff_alignment
283,train,64,12,15.769235000334447,13.069360000372399,10.05006600098568,0.287576000118861,0.0015969999367371202,0.9832059986365493,0.15721300223958679,0.9358930001326371,0.6157780007924885,16,2,2,12,capitalization_sentence_start|comma_subordinate|final_punctuation_default|keyboard_typo_candidate|pattern_шо_ше|swapped_letters_candidate,dictionary
284,train,44,10,36.295294001320144,33.63953899679473,30.022136998013593,0.2673130002222024,0.001896998583106324,1.0178430020459928,0.15551700198557228,0.9537600017210934,0.5203510008868761,16,4,1,10,capitalization_sentence_start|dictionary_fuzzy|double_consonant_candidate|final_punctuation_default|missing_letter_candidate|ne_adverb|swapped_letters_candidate,dictionary
285,train,71,12,39.460719999624416,36.597842001356184,31.564323006023187,0.30504299866151996,0.0023949978640303016,1.065157000994077,0.17048899826477282,0.9481699999014381,0.6718750009895302,16,4,2,12,capitalization_sentence_start|comma_conjunction|dictionary_fuzzy|double_consonant_candidate|extra_letter_candidate|final_punctuation_default,dictionary
286,train,93,15,36.04824399735662,32.77401800005464,26.35472598922206,0.39208499947562814,0.002097000106004998,1.3152010033081751,0.20891900203423575,0.9603479993529618,0.7819729980838019,16,2,3,15,capitalization_sentence_start|comma_conjunction|dictionary_fuzzy|final_punctuation_default|introductory_comma|keyboard_typo_candidate|ne_adverb|ne_verb,dictionary
287,train,88,17,34.81449500031886,31.331848000263562,25.855935004074126,0.33159500162582844,0.0022950007405597717,1.4092299970798194,0.30444499861914665,0.9156300002359785,0.8459560012852307,16,4,1,17,capitalization_sentence_start|extra_letter_candidate|final_punctuation_default|keyboard_typo_candidate,dictionary
288,train,112,20,22.021531000063987,18.07982099853689,9.61825699050678,0.3873940004268661,0.002296001184731722,1.7148719998658635,0.23397299810312688,0.9754200000315905,1.0086600013892166,16,4,1,20,capitalization_sentence_start|extra_letter_candidate|final_punctuation_default|keyboard_typo_candidate|missing_letter_candidate|ne_verb,dictionary
289,train,106,18,23.226932000397937,19.40420499886386,13.643013993714703,0.395978000597097,0.001995998900383711,1.5150359977269545,0.25084200024139136,0.9705289994599298,1.076935001037782,16,2,2,18,capitalization_sentence_start|comma_subordinate|final_punctuation_default|missing_letter_candidate|prefix_pre_pri|tsya_soft_insert,dictionary
290,train,94,18,18.333956999413203,14.606557000661269,9.037512987561058,0.37401800000225194,0.002095999661833048,1.619645998289343,0.21670500063919462,0.9493680008745287,0.9331980036222376,16,2,2,18,capitalization_sentence_start|comma_conjunction|final_punctuation_default|frequent_error_exact|keyboard_typo_candidate|missing_letter_candidate|ne_verb,dictionary
291,train,34,7,3.9416100007656496,2.188607999414671,0.1446349997422658,0.17358299737679772,0.0016970006981864572,0.6402319995686412,0.1383480012009386,0.6256580018089153,0.34287499875063077,11,2,1,7,capitalization_sentence_start|dictionary_fuzzy|extra_letter_candidate|final_punctuation_default,diff_alignment
292,train,44,8,5.103390998556279,2.8795479993277695,0.4496810033742804,0.2231920007034205,0.0017970014596357942,0.7621099975949619,0.20422699890332296,0.8312829995702486,0.4189360006421339,15,2,3,8,capitalization_sentence_start|comma_conjunction|comma_subordinate|dictionary_fuzzy|final_punctuation_default|keyboard_typo_candidate|ne_verb,diff_alignment
293,train,97,16,10.797802999150008,7.563702998595545,1.6776410047896206,0.34297399906790815,0.0013979988580103964,1.2865530006820336,0.20672299797297455,0.8935709993238561,0.840765998873394,16,0,1,16,capitalization_sentence_start|final_punctuation_default|ne_adverb|prefix_pre_pri,dictionary
294,train,71,12,9.14661600108957,6.330353000521427,0.6555040017701685,0.29725800050073303,0.0016970006981864572,1.13622700155247,0.19165000048815273,0.8990600035758689,0.5813399984617718,16,2,2,12,capitalization_sentence_start|comma_subordinate|final_punctuation_default|frequent_error_exact|keyboard_typo_candidate|missing_letter_candidate,diff_alignment
295,train,137,22,41.31294199760305,36.58776099837269,28.048836007656064,0.48361800145357847,0.0014979996194597334,2.3211660009110346,0.2670130015758332,1.020437997794943,1.1083780009357724,16,2,1,22,capitalization_sentence_start|dictionary_fuzzy|double_consonant_candidate|final_punctuation_default|n_nn_participle|n_nn_short_form,dictionary
296,train,81,12,33.07247200064012,29.901457000960363,25.57963999788626,0.3107329976046458,0.002097000106004998,1.2604000003193505,0.17258500156458467,1.0314179999113549,0.6994239993218798,16,0,2,12,capitalization_sentence_start|comma_subordinate|final_punctuation_default|frequent_error_exact|tsya_soft_insert,dictionary
297,train,280,43,53.06849800035707,46.748826000111876,28.198362993862247,0.5694609972124454,0.001995998900383711,3.779804999794578,0.32900000223889947,0.9463729984418023,1.2570080034493003,16,2,3,43,capitalization_sentence_start|comma_conjunction|dictionary_fuzzy|double_consonant_candidate|final_punctuation_default|homogeneous_comma|tsya_soft_delete,dictionary
298,train,72,12,28.46288100045058,25.41903299788828,21.088935009174747,0.29975299912621267,0.002095999661833048,1.0233330031041987,0.2659149977262132,1.0797300019476097,0.6670829970971681,16,4,1,12,capitalization_sentence_start|context_to_zhe|dictionary_fuzzy|final_punctuation_default|frequent_error_exact|ne_adverb,dictionary
299,train,65,13,10.591180998744676,7.7970769998501055,3.1697179983893875,0.2987549996760208,0.001997002982534468,1.0627619994920678,0.18456299949320965,0.8990599999378901,0.6407309956557583,16,2,2,13,capitalization_sentence_start|comma_subordinate|final_punctuation_default|hyphen_po_adverbs|missing_letter_candidate,dictionary
300,train,72,17,45.01498799800174,41.44579900093959,36.44492199236993,0.32121500044013374,0.002095999661833048,1.4474590025201906,0.17607900008442812,0.9558560013829265,0.9824090011534281,16,8,1,17,capitalization_sentence_start|dictionary_fuzzy|final_punctuation_default|keyboard_typo_candidate|missing_hard_sign|missing_letter_candidate|swapped_letters_candidate,dictionary
301,train,54,9,19.78525000231457,17.40801000050851,14.053128008526983,0.23379599952022545,0.002196000423282385,0.9175359991786536,0.16879200120456517,0.7979969996085856,0.4869330041401554,13,2,1,9,capitalization_sentence_start|double_consonant_candidate|final_punctuation_default|missing_letter_candidate,dictionary
302,train,87,14,18.483322997781215,14.970504998927936,10.055907987407409,0.34127199978684075,0.0018940008885692805,1.5898109995760024,0.2466570003889501,0.9248139976989478,0.7423649985867087,16,3,3,14,capitalization_sentence_start|comma_conjunction|extra_letter_candidate|final_punctuation_default|frequent_error_exact|keyboard_typo_candidate|ne_participle,dictionary
303,train,124,22,13.2231679999677,8.898994001356186,0.7567200045741629,0.47905700193950906,0.0019940016500186175,1.9738539995159954,0.27188100284547545,0.9154420004051644,1.1551210009201895,16,2,3,22,capitalization_sentence_start|comma_conjunction|comma_subordinate|extra_letter_candidate|final_punctuation_default|keyboard_typo_candidate|pol_polu_compounds,diff_alignment
304,train,75,14,17.329897000308847,14.334022002003621,9.622814006434055,0.30468199838651344,0.0015950026863720268,1.1379719981050584,0.1747739988786634,0.9370769985252991,0.7384759992419276,16,4,2,14,capitalization_sentence_start|comma_subordinate|context_chto_by|dictionary_fuzzy|extra_letter_candidate|final_punctuation_default|keyboard_typo_candidate|missing_letter_candidate,dictionary
305,train,60,10,7.503797001845669,5.084184998850105,0.6713779985147994,0.2519409972592257,0.0020940024114679545,0.8284040013677441,0.16580100054852664,0.8891220022633206,0.5296050039760303,14,0,2,10,capitalization_sentence_start|comma_subordinate|final_punctuation_default|prefix_pre_pri,diff_alignment
306,train,190,27,75.44045300164726,69.86215600045398,58.13298701104941,0.7254150004882831,0.0015949990483932197,2.555800998379709,0.23718599913991056,1.0049730008176994,1.7714629975671414,16,4,4,27,capitalization_sentence_start|comma_conjunction|comma_subordinate|comparative_turnover_comma|dictionary_fuzzy|extra_letter_candidate|final_punctuation_default|frequent_error_exact|missing_letter_candidate,dictionary
307,train,66,9,32.842368997080484,30.349778000527294,24.664701006258838,0.27616800070973113,0.0018939972505904734,0.8046759976423346,0.18773400006466545,0.9549230017000809,0.5383770003390964,13,1,1,9,capitalization_sentence_start|dictionary_fuzzy|final_punctuation_default|ne_adjective,dictionary
308,train,106,14,69.82736099962494,66.3007840012142,58.63726899769972,0.3617109978222288,0.002292999852215871,1.3184290000936016,0.2725790000113193,1.0120520018972456,0.9154430008493364,16,6,1,14,capitalization_sentence_start|dictionary_fuzzy|extra_letter_candidate|final_punctuation_default|keyboard_typo_candidate|missing_letter_candidate|ne_adverb|tsya_soft_delete,dictionary
309,train,60,10,8.603783000580734,6.031431999872439,2.7032570033043157,0.24296800256706774,0.0016949998098425567,0.9319929995399434,0.16789399887784384,0.9364790021209046,0.5288080028549302,16,3,1,10,capitalization_sentence_start|extra_letter_candidate|final_punctuation_default|frequent_error_exact|keyboard_typo_candidate|swapped_letters_candidate,dictionary
310,train,110,19,61.08988100095303,57.22871200123336,49.350842004059814,0.4316000013204757,0.0016949998098425567,1.6550149994145613,0.22611900203628466,1.046548000886105,0.9257120000256691,16,2,2,19,capitalization_sentence_start|comma_subordinate|extra_letter_candidate|final_punctuation_default|frequent_error_exact|missing_letter_candidate,dictionary
311,train,29,6,3.0392439985007513,1.3704720004170667,0.048951998905977234,0.17995800226344727,0.0018939972505904734,0.5726750023313798,0.13240100088296458,0.6190349995449651,0.33848000020952895,11,1,2,6,capitalization_sentence_start|comma_subordinate|extra_letter_candidate|final_punctuation_default|frequent_error_exact,diff_alignment
312,train,75,12,8.940268999140244,6.077792000724003,0.5049789979238994,0.3110629986622371,0.0016949998098425567,1.0425590007798746,0.24755400227149948,0.9174359984172042,0.6481470009020995,16,1,4,12,capitalization_sentence_start|comma_subordinate|dictionary_fuzzy|final_punctuation_default|introductory_comma|ne_adjective,diff_alignment
313,train,94,16,9.677349000412505,6.349672999931499,0.6597110041184351,0.3305040008854121,0.0013950011634733528,1.326803001575172,0.22163300309330225,0.9543250016577076,0.8184340040315874,16,0,2,16,capitalization_sentence_start|comma_subordinate|final_punctuation_default|tsya_soft_delete,diff_alignment
314,train,83,12,8.071086998825194,5.3663350008719135,0.6196330032253172,0.2845430026354734,0.001296000846195966,0.9865279971563723,0.1733780009089969,0.9204269990732428,0.6177389986987691,16,0,1,12,capitalization_sentence_start|final_punctuation_default|pattern_шо_ше|tsya_soft_delete,diff_alignment
315,train,248,37,71.20371500059264,65.71793900002376,49.744256011763355,0.4943109997839201,0.001296000846195966,2.9381499989540316,0.32691499654902145,1.0122510029759724,1.2003839983663056,16,8,1,37,capitalization_sentence_start|context_chto_by|dictionary_fuzzy|double_consonant_candidate|extra_letter_candidate|final_punctuation_default|keyboard_typo_candidate|missing_letter_candidate,dictionary
316,train,186,30,63.68546199882985,58.01464400065015,46.6023229964776,0.7433609971485566,0.0023930006136652082,2.7187099985894747,0.26141199850826524,0.996298997051781,1.6868189995875582,16,2,1,30,capitalization_sentence_start|dictionary_fuzzy|final_punctuation_default|keyboard_typo_candidate,dictionary
317,train,35,8,14.089060001424514,12.004937998426612,9.262099003535695,0.21375599681050517,0.0020939987734891474,0.6895229998917785,0.2171460000681691,0.7600099997944199,0.41036299808183685,13,2,1,8,capitalization_sentence_start|extra_letter_candidate|final_punctuation_default|frequent_error_exact|keyboard_typo_candidate,dictionary
318,train,63,12,28.56026900190045,25.75312399858376,22.223357009352185,0.3517400000419002,0.0018939972505904734,1.0523300006752834,0.17577100152266212,0.9697790010250174,0.6015880026097875,16,2,2,12,capitalization_sentence_start|comma_subordinate|dictionary_fuzzy|extra_letter_candidate|final_punctuation_default|hyphen_particles,dictionary
319,train,30,7,3.684301998873707,1.9174239969288465,0.12233200686750934,0.1747739988786634,0.008574003004468977,0.5993939994368702,0.1273159978154581,0.69610299760825,0.33798199729062617,12,2,1,7,capitalization_sentence_start|dictionary_fuzzy|final_punctuation_default|frequent_error_exact,diff_alignment
320,train,87,15,15.413469998748042,11.927071998798056,7.381663999694865,0.3192389995092526,0.001296000846195966,1.4717660014866851,0.17676700008451007,0.9346850019937847,0.895702003617771,16,8,1,15,capitalization_sentence_start|extra_letter_candidate|final_punctuation_default|frequent_error_exact|keyboard_typo_candidate|missing_letter_candidate|sdelat_prefix|swapped_letters_candidate,dictionary
321,train,35,7,14.358548000018345,12.534442998003215,9.644147998187691,0.1978049986064434,0.0018939972505904734,0.6732719994033687,0.155033001647098,0.6529329984914511,0.33608699595788494,10,0,1,7,capitalization_sentence_start|final_punctuation_default|frequent_error_exact,dictionary
322,train,74,14,7.800901999871712,4.572726000333205,0.44116999924881384,0.3057789981539827,0.0017940001271199435,1.4483369996014517,0.17228100114152767,0.9110560022236314,0.6896230042912066,16,2,1,14,capitalization_sentence_start|extra_letter_candidate|final_punctuation_default|frequent_error_exact|keyboard_typo_candidate|n_nn_adjective,diff_alignment
323,train,267,42,27.142140999785624,21.18089699797565,1.8687679948925506,0.560510998184327,0.0016949998098425567,3.3739370010152925,0.32591800118098035,1.006468002742622,1.2469440043787472,16,2,3,42,capitalization_sentence_start|comma_conjunction|comma_subordinate|final_punctuation_default|missing_letter_candidate|swapped_letters_candidate|tsya_soft_delete,diff_alignment
324,train,73,10,33.42631100167637,30.598428998928284,27.581118993111886,0.2968059998238459,0.002692002453841269,0.9629989981476683,0.24376600049436092,0.9295999989262782,0.6836409993411507,15,2,1,10,capitalization_sentence_start|final_punctuation_default|keyboard_typo_candidate|pattern_жы_жи,dictionary
325,train,165,27,15.280071998859057,10.112138999829767,1.326705991232302,0.6116569966252428,0.0016949998098425567,2.398374999756925,0.25054599973373115,0.9704769981908612,1.541057998110773,16,2,2,27,capitalization_sentence_start|comma_subordinate|dictionary_fuzzy|extra_letter_candidate|final_punctuation_default|n_nn_short_form,diff_alignment
326,train,99,16,12.363557001663139,7.303898997633951,0.7009879882389214,0.42123100138269365,0.0015949990483932197,2.370260001043789,0.1906260004034266,1.5192239989119116,0.9692800012999214,16,2,2,16,capitalization_sentence_start|comma_subordinate|context_chto_by|extra_letter_candidate|final_punctuation_default|frequent_error_exact|keyboard_typo_candidate|ne_adjective,diff_alignment
327,train,159,27,25.339669999084435,20.115706000069622,10.995777996868128,0.6248179997783154,0.0020939987734891474,2.3233020001498517,0.21575099890469573,0.9849330017459579,1.6921040005399846,16,6,3,27,capitalization_sentence_start|comma_subordinate|extra_letter_candidate|final_punctuation_default|keyboard_typo_candidate|missing_letter_candidate|swapped_letters_candidate,dictionary
328,train,91,18,22.897626000485616,19.330171999172308,14.991642012319062,0.3540329998941161,0.002292999852215871,1.4845289988443255,0.26091399922734126,0.9806460002437234,0.8325920025527012,16,4,1,18,capitalization_sentence_start|dictionary_fuzzy|extra_letter_candidate|final_punctuation_default|keyboard_typo_candidate|ne_verb,dictionary
329,train,56,9,5.772012998932041,3.2673579989932477,0.38554098864551634,0.24765399939497001,0.0018950013327412307,0.9073669971257914,0.18604000069899485,0.8459519995085429,0.55821800197009,14,1,2,9,capitalization_sentence_start|comma_subordinate|final_punctuation_default|keyboard_typo_candidate|ne_verb,diff_alignment
330,train,54,9,6.508495000161929,4.287584000849165,0.31983599910745397,0.22701600028085522,0.0013949975254945457,0.786730000982061,0.14097500024945475,0.8315949999087024,0.45492999561247416,14,2,2,9,capitalization_sentence_start|comma_subordinate|dictionary_fuzzy|extra_letter_candidate|final_punctuation_default,diff_alignment
331,train,119,21,13.795744001981802,8.951735002483474,1.130094999098219,0.412456996855326,0.001396001607645303,1.7543160029163118,0.23708600201644003,1.7264990019612014,1.1186310039192904,16,0,1,21,capitalization_sentence_start|final_punctuation_default|prefix_pre_pri,diff_alignment
332,train,98,19,33.91354300038074,30.235322999942582,24.89440999852377,0.3921190000255592,0.0018950013327412307,1.604965000296943,0.20239100194885395,0.9559200007061008,0.9074670015252195,16,1,2,19,capitalization_sentence_start|comma_subordinate|dictionary_fuzzy|final_punctuation_default|frequent_error_exact,dictionary
333,train,141,18,15.37648199882824,11.371943997801282,1.166285997896921,0.4919179991702549,0.0018939972505904734,1.6742570005590096,0.23668699941481464,0.9205270034726709,1.1653900000965223,16,0,4,18,abbreviation_case_protection|capitalization_sentence_start|direct_speech_colon|direct_speech_quotes|final_punctuation_default|prefix_pre_pri,diff_alignment
334,train,135,22,41.06639699966763,36.62078799970914,29.79096099807066,0.5262150007183664,0.0018940008885692805,1.9662769991555251,0.2972050024254713,0.9521319989289623,1.222517999849515,16,3,3,22,capitalization_sentence_start|dictionary_fuzzy|extra_letter_candidate|final_punctuation_default|frequent_error_exact|homogeneous_comma|missing_letter_candidate|n_nn_short_form,dictionary
335,train,156,26,13.7280480012123,8.918834002543008,0.9263120118703227,0.6220260002010036,0.0023930006136652082,2.111139998305589,0.27208000028622337,0.9566180015099235,1.4618969980801921,16,0,3,26,capitalization_sentence_start|comma_subordinate|final_punctuation_default|homogeneous_comma|ne_adjective|ne_adverb,diff_alignment
336,train,53,8,5.964633000985486,4.002044999651844,0.3614130037021823,0.22103499941295013,0.0017950005712918937,0.6711780006298795,0.15194200022961013,0.6732719994033687,0.4603140041581355,11,0,1,8,capitalization_sentence_start|final_punctuation_default|prefix_pre_pri,diff_alignment
337,train,202,27,19.723388002603315,15.2693050004018,3.479915983916726,0.4340920022514183,0.0015949990483932197,2.2748480005247984,0.31754399969941005,0.9208259980368894,0.9327910011052154,16,4,2,27,capitalization_sentence_start|comma_subordinate|context_chto_by|double_consonant_candidate|final_punctuation_default|keyboard_typo_candidate|missing_letter_candidate,dictionary
338,train,167,26,41.76957899835543,36.355986001581186,25.699282996356487,0.5779589992016554,0.002192999090766534,2.6598869990266394,0.28583899984369054,1.0222209966741502,1.4359750020958018,16,6,1,26,capitalization_sentence_start|dictionary_fuzzy|extra_letter_candidate|final_punctuation_default|hyphen_po_adverbs|keyboard_typo_candidate|missing_letter_candidate|n_nn_deverbal_adjective|n_nn_participle,dictionary
339,train,89,13,8.663004999107216,5.549183999391971,0.6021879962645471,0.3293090012448374,0.0018950013327412307,1.2465450017771218,0.1937160013767425,0.9010859976115171,0.7652940003026742,16,3,2,13,capitalization_sentence_start|comma_subordinate|dictionary_fuzzy|extra_letter_candidate|final_punctuation_default|frequent_error_exact,diff_alignment
340,train,121,19,11.216512000828516,7.421942998917075,1.5122449985938147,0.46948499948484823,0.0015950026863720268,1.5978869996615686,0.2152520028175786,0.9587130007275846,1.0153409966733307,16,1,1,19,capitalization_sentence_start|extra_letter_candidate|final_punctuation_default|frequent_error_exact|hyphen_po_adverbs|pattern_шо_ше,diff_alignment
341,train,98,15,8.6110619995452,5.437920000986196,0.4670950002036989,0.3306039980088826,0.0020939987734891474,1.2852289983129594,0.20229100118740462,0.9233189994120039,0.7555240008514374,16,0,1,15,capitalization_sentence_start|final_punctuation_default|prefix_pre_pri,diff_alignment
342,train,80,12,8.156829000654398,5.506612000317546,0.8923109962779563,0.2980030003527645,0.0021939995349384844,0.9781539993127808,0.1709850002953317,0.8746650019020308,0.6196330032253172,16,2,1,12,capitalization_sentence_start|dictionary_fuzzy|final_punctuation_default|missing_letter_candidate|tsya_soft_delete,diff_alignment
343,train,128,20,27.703250001650304,23.083465999661712,13.62605200120015,0.46798999755992554,0.0016949998098425567,2.343042000575224,0.22243000057642348,0.9500380001554731,1.097296000807546,16,2,1,20,capitalization_sentence_start|double_consonant_candidate|extra_letter_candidate|final_punctuation_default|n_nn_adjective|n_nn_short_form,dictionary
344,train,118,20,63.768626998353284,59.579669003142044,51.240492011856986,0.44230700223124586,0.0016949998098425567,1.833168000302976,0.2299070001754444,1.0125949993380345,1.1052189984184224,16,5,1,20,capitalization_sentence_start|dictionary_fuzzy|double_consonant_candidate|extra_letter_candidate|final_punctuation_default|missing_letter_candidate|n_nn_short_form,dictionary
345,train,49,10,28.21769900037907,25.404903000890044,21.597539005597355,0.25845199706964195,0.0016929989214986563,1.1519299987412523,0.15865699970163405,1.016379002976464,0.47866000022622757,16,2,2,10,capitalization_sentence_start|comma_subordinate|dictionary_fuzzy|double_consonant_candidate|final_punctuation_default|tsya_soft_insert,dictionary
346,train,59,9,5.284574999677716,2.78241900014109,0.5328400002326816,0.2585519978310913,0.0022909989638719708,0.8523450014763512,0.2561610017437488,0.8105140004772693,0.5760639978689142,15,2,1,9,capitalization_sentence_start|dictionary_fuzzy|final_punctuation_default|keyboard_typo_candidate|ne_adverb|ne_verb,diff_alignment
347,train,49,9,5.227706002187915,3.1048130003910046,0.41451899596722797,0.2185140001529362,0.001791999238776043,0.7839209974918049,0.15606699889758602,0.7178890009527095,0.4590399948938284,12,0,1,9,capitalization_sentence_start|final_punctuation_default|prefix_pre_pri,diff_alignment
348,train,63,9,35.82156999982544,33.18964099889854,25.980271999287652,0.2614400000311434,0.0013950011634733528,0.8601129993621726,0.14849800209049135,0.9808239992707968,0.6349260002025403,16,6,1,9,capitalization_sentence_start|dictionary_fuzzy|extra_letter_candidate|final_punctuation_default|frequent_error_exact|missing_letter_candidate,dictionary
349,train,98,18,40.33776100186515,36.691145000077086,31.131185005506268,0.4074479984410573,0.0014940014807507396,1.4511160006804857,0.21203999858698808,1.0636879997036885,0.9114059976127464,16,1,4,18,capitalization_sentence_start|comma_conjunction|comma_subordinate|final_punctuation_default|introductory_comma|missing_letter_candidate|ne_adjective,dictionary
350,train,69,13,28.58779799862532,25.75289100059308,20.88990999618545,0.28902800113428384,0.00189200000022538,1.0685679990274366,0.16622700059087947,0.9719589979795273,0.6209819985087961,16,0,2,13,capitalization_sentence_start|comma_subordinate|final_punctuation_default|hyphen_po_adverbs,dictionary
351,train,71,12,28.642077999393223,25.72629899805179,20.747783997649094,0.30117899950710125,0.0018930004443973303,1.1573080009839032,0.1834559989219997,0.947757998801535,0.6199859999469481,16,2,1,12,capitalization_sentence_start|context_tak_zhe|dictionary_fuzzy|final_punctuation_default|missing_letter_candidate|n_nn_short_form,dictionary
352,train,124,20,44.01764200156322,39.537705000839196,30.90848899955745,0.44439799967221916,0.0017930033209268004,1.990529999602586,0.28454600033001043,0.968273998296354,1.2287190002098214,16,5,1,20,capitalization_sentence_start|double_consonant_candidate|final_punctuation_default|keyboard_typo_candidate|missing_letter_candidate|swapped_letters_candidate,dictionary
353,train,71,14,7.555965999927139,4.675146003137343,0.6654029930359684,0.2995849972649012,0.0017929996829479933,1.2128829985158518,0.17200299771502614,0.8947720016294625,0.5948889956925996,16,2,1,14,capitalization_sentence_start|dictionary_fuzzy|double_consonant_candidate|final_punctuation_default,diff_alignment
354,train,116,20,32.28032800325309,28.369682000629837,19.35393500025384,0.4379250021884218,0.002092001523124054,1.6816830029711127,0.21692000154871494,0.9623990008549299,1.0424740030430257,16,4,2,20,capitalization_sentence_start|comma_conjunction|dictionary_fuzzy|extra_letter_candidate|final_punctuation_default|keyboard_typo_candidate,dictionary
355,train,80,15,25.119458998233313,22.075898999901256,15.14469800167717,0.30476499887299724,0.0015939986042212695,1.1840000006486662,0.1978979998966679,0.9371010019094683,0.7166950017563067,16,4,1,15,capitalization_sentence_start|final_punctuation_default|keyboard_typo_candidate|missing_letter_candidate|pattern_жы_жи,dictionary
356,train,96,12,49.00512099993648,45.849912999983644,40.962028004287276,0.3491850002319552,0.0013940007193014026,1.113087000703672,0.2126379986293614,1.0290280006302055,0.791390997619601,16,4,1,12,capitalization_sentence_start|dictionary_fuzzy|extra_letter_candidate|final_punctuation_default|missing_letter_candidate|tsya_soft_insert,dictionary
357,train,132,23,14.6208240003034,10.443360002682311,0.9607050051272381,0.5482769993250258,0.0015930017980281264,1.7894450029416475,0.28653799745370634,0.9434749990759883,1.1501369954203255,16,0,3,23,capitalization_sentence_start|comma_conjunction|comma_subordinate|final_punctuation_default|tsya_soft_insert,diff_alignment
358,train,155,27,45.61137999917264,40.393235998635646,29.227201994217467,0.6171979985083453,0.0016929989214986563,2.2635229979641736,0.2672160007932689,1.0020370027632453,1.6767020024417434,16,4,3,27,capitalization_sentence_start|comma_subordinate|dictionary_fuzzy|extra_letter_candidate|final_punctuation_default|missing_letter_candidate|tsya_soft_delete,dictionary
359,train,102,19,9.524187000351958,5.901673001062591,0.5955849956080783,0.43732700214604847,0.0021909982024226338,1.508186000137357,0.24371199833694845,0.9175800005323254,0.944669998716563,16,1,3,19,capitalization_sentence_start|comma_conjunction|comma_subordinate|dictionary_fuzzy|final_punctuation_default|hyphen_particles|ne_adverb,diff_alignment
360,train,157,26,44.07819599873619,38.9739889978955,25.560865007719258,0.583732999075437,0.0014930010365787894,2.3716850009805057,0.2402259997325018,1.0161800018977374,1.468843998736702,16,4,2,26,capitalization_sentence_start|comma_conjunction|dictionary_fuzzy|double_consonant_candidate|extra_letter_candidate|final_punctuation_default,dictionary
361,train,42,8,4.963178998877993,2.9119939972588327,0.25138300043181516,0.2023800007009413,0.0027890018827747554,0.6745650025550276,0.18823700156644918,0.7964710021042265,0.384540999220917,13,2,1,8,capitalization_sentence_start|final_punctuation_default|frequent_error_exact|keyboard_typo_candidate|missing_letter_candidate,diff_alignment
362,train,105,22,11.059362997912103,7.237956000608392,0.6416960095521063,0.45366099948296323,0.0015929981600493193,1.7471160026616417,0.21044699678895995,0.9108079975703731,0.9458649983571377,16,0,3,22,capitalization_sentence_start|comma_subordinate|final_punctuation_default|frequent_error_exact,diff_alignment
363,train,57,10,5.350607996660983,2.964182000141591,0.2555639985075686,0.23285600036615506,0.0014939978427719325,0.8977600009529851,0.1699109998298809,0.7719700006418861,0.5401100024755578,15,2,1,10,capitalization_sentence_start|dictionary_fuzzy|extra_letter_candidate|final_punctuation_default|hyphen_po_adverbs,diff_alignment
364,train,92,12,11.357553001289489,8.559696998418076,0.8263500058092177,0.32329000168829225,0.001791999238776043,1.0108020032930654,0.19949100169469602,0.9478570027567912,0.6326350012386683,16,0,2,12,capitalization_sentence_start|comma_subordinate|final_punctuation_default|prefix_pre_pri,diff_alignment
365,train,96,14,8.804704000795027,5.583363999903668,0.7029509979474824,0.31681499967817217,0.0013939970813225955,1.3077979965601116,0.1895319983304944,0.8918839994294103,0.8245569988503121,16,1,1,14,capitalization_sentence_start|extra_letter_candidate|final_punctuation_default|frequent_error_exact,diff_alignment
366,train,127,19,16.23228999960702,12.31019100305275,2.9242439995869063,0.44668900227406994,0.0015929981600493193,1.623915999516612,0.2615390003484208,0.964988001214806,1.0639859974617139,16,1,2,19,capitalization_sentence_start|final_punctuation_default|introductory_comma|swapped_letters_candidate|tsya_soft_delete,dictionary
367,train,66,11,6.7366879993642215,4.225766999297775,0.6900020016473718,0.24759599909884855,0.0016929989214986563,0.8955689991125837,0.21971000023768283,0.8494560024701059,0.5398120047175325,14,0,1,11,capitalization_sentence_start|final_punctuation_default|prefix_pre_pri,diff_alignment
368,train,73,12,5.793113003164763,2.9951559990877286,0.29201700090197846,0.258750998909818,0.001992000761674717,1.0390870011178777,0.2126380022673402,0.9157869972113986,0.6242690033104736,16,2,1,12,capitalization_sentence_start|extra_letter_candidate|final_punctuation_default,diff_alignment
369,train,84,15,9.745588999066968,6.683503997919615,0.564011003007181,0.33763099781936035,0.0014939978427719325,1.2108910013921559,0.1943120005307719,0.9602070022083353,0.6896040031278972,16,0,2,15,capitalization_sentence_start|comma_subordinate|context_nesmotrya|final_punctuation_default,diff_alignment
370,train,35,6,4.9972400011029094,3.1738329998916015,0.2363399980822578,0.1881380012491718,0.0017929996829479933,0.6497649992525112,0.19281800268799998,0.6399060002877377,0.3342439995321911,11,2,1,6,capitalization_sentence_start|dictionary_fuzzy|final_punctuation_default|keyboard_typo_candidate|ne_verb,diff_alignment
371,train,114,20,18.73394799986272,14.280005001637619,9.101002011448145,0.4382229999464471,0.0014940014807507396,1.7685300008452032,0.23932899784995243,1.0270359998685308,1.411377998010721,16,2,3,20,capitalization_sentence_start|comma_subordinate|context_chto_by|final_punctuation_default|keyboard_typo_candidate|swapped_letters_candidate,dictionary
372,train,146,24,60.902387001988245,56.03581700052018,47.308998993685236,0.5284569997456856,0.002391003363300115,2.160141997592291,0.27876999956788495,0.9661830008553807,1.4534070032823365,16,3,1,24,capitalization_sentence_start|extra_letter_candidate|final_punctuation_default|frequent_error_exact|keyboard_typo_candidate|missing_letter_candidate|tsya_soft_delete,dictionary
373,train,80,10,7.639826999366051,5.089965001388919,0.7165940005506855,0.2762790027190931,0.00189200000022538,0.8903910020308103,0.1795719981600996,0.8496560003550258,0.6241689989110455,13,0,1,10,capitalization_sentence_start|final_punctuation_default|prefix_pre_pri,diff_alignment
374,train,69,11,5.705368999770144,3.1304080002882984,0.14700300016556866,0.298590002785204,0.0016930025594774634,0.9618000003683846,0.1572619985381607,0.8935770019888878,0.5561450016102754,16,2,2,11,capitalization_sentence_start|comma_conjunction|extra_letter_candidate|final_punctuation_default,diff_alignment
375,train,79,14,33.23057499801507,30.265297002188163,24.524069998733466,0.327572000969667,0.0014939978427719325,1.1404760007280856,0.175090000993805,0.916682998649776,0.7263539991981816,16,2,1,14,capitalization_sentence_start|dictionary_fuzzy|extra_letter_candidate|final_punctuation_default|tsya_soft_delete,dictionary
376,train,57,12,5.30389599953196,2.7923800007556565,0.15228099800879136,0.25516599998809397,0.00189200000022538,0.9513430013612378,0.1629389989830088,0.8742560021346435,0.5162070010555908,15,0,1,12,capitalization_sentence_start|final_punctuation_default|prefix_pre_pri,diff_alignment
377,train,69,12,6.302647001575679,3.6530889992718585,0.4237850080244243,0.28643899713642895,0.0015929981600493193,0.97185999766225,0.1583580014994368,0.9022420017572585,0.6106239998189267,15,0,1,12,capitalization_sentence_start|final_punctuation_default|prefix_pre_pri,diff_alignment
378,train,112,19,52.31420600102865,48.37806400246336,41.00545199617045,0.41810499897110276,0.0017929996829479933,1.6197330005525146,0.29331100085983053,0.9386940000695176,1.076934004231589,16,5,1,19,capitalization_sentence_start|dictionary_fuzzy|extra_letter_candidate|final_punctuation_default|missing_letter_candidate,dictionary
379,train,47,7,5.951770002866397,4.176966001978144,0.47387800077558495,0.2123400008713361,0.0017920028767548501,0.6149069995444734,0.15985099889803678,0.6078350015741307,0.38593399949604645,10,0,1,7,capitalization_sentence_start|final_punctuation_default|prefix_pre_pri,diff_alignment
380,train,32,7,3.9547669985040557,2.1449039995786734,0.12031299775117077,0.18783899940899573,0.0016929989214986563,0.6115199976193253,0.13385700003709644,0.7111169979907572,0.34649499866645783,13,1,2,7,capitalization_sentence_start|comma_subordinate|extra_letter_candidate|final_punctuation_default|frequent_error_exact|hyphen_particles,diff_alignment
381,train,66,8,7.8066489986667875,5.605573998764157,0.48563199015916325,0.2534730010665953,0.0014940014807507396,0.783224000770133,0.18544799968367442,0.7305379986064509,0.49569099792279303,12,2,1,8,capitalization_sentence_start|dictionary_fuzzy|final_punctuation_default,diff_alignment
382,train,61,10,36.665946998255095,34.09407399885822,29.68315600810456,0.2866380018531345,0.0017929996829479933,1.009906001854688,0.14421500236494467,0.8851120001054369,0.5258679993858095,14,2,1,10,capitalization_sentence_start|dictionary_fuzzy|extra_letter_candidate|final_punctuation_default,dictionary
383,train,45,5,41.40563100008876,39.669669000431895,36.53776699502487,0.2142309967894107,0.002091001078952104,0.5399109977588523,0.14132700016489252,0.6352239979605656,0.4133239963266533,9,3,1,5,dictionary_fuzzy|double_consonant_candidate|final_punctuation_default,dictionary
384,train,80,15,7.8079449995129835,4.610806001437595,0.31691199910710566,0.35107600342598744,0.0016929989214986563,1.3560019979195204,0.1958070024556946,0.8838169997034129,0.7543410029029474,16,1,3,15,capitalization_sentence_start|comma_subordinate|extra_letter_candidate|final_punctuation_default|introductory_comma|n_nn_short_form|ne_adverb,diff_alignment
385,train,93,14,9.63543499892694,6.402541999705136,0.9632940054871142,0.3182100008416455,0.0016939993656706065,1.3298080011736602,0.18226099928142503,0.9171820020128507,0.7961720002640504,16,2,1,14,capitalization_sentence_start|extra_letter_candidate|final_punctuation_default|frequent_error_exact|keyboard_typo_candidate,diff_alignment
386,train,115,20,34.06887700111838,30.334615999890957,23.59982000780292,0.4411109985085204,0.0016929989214986563,1.5598760001012124,0.21224000010988675,0.9660830000939313,0.9886920015560463,16,2,2,20,capitalization_sentence_start|comma_conjunction|extra_letter_candidate|final_punctuation_default,dictionary
387,train,79,14,9.849169000517577,6.547256001795176,0.6056460115360096,0.3459979998297058,0.002191001840401441,1.342856001429027,0.26980600159731694,0.9150900004897267,0.7666919991606846,16,2,3,14,capitalization_sentence_start|comma_conjunction|dictionary_fuzzy|extra_letter_candidate|final_punctuation_default|introductory_comma|tsya_soft_delete,diff_alignment
388,train,88,13,8.494063000398455,5.371323000872508,0.49439899521530606,0.3532679984346032,0.0014939978427719325,1.2452519986254629,0.1713049969112035,0.9383959986735135,0.7598190022690687,16,2,1,13,capitalization_sentence_start|dictionary_fuzzy|final_punctuation_default|missing_letter_candidate|tsya_soft_delete,diff_alignment
389,train,126,19,18.244831000629347,12.878387999080587,2.2191990065039136,0.4537599998002406,0.003884000761900097,2.542692000133684,0.3570529988792259,1.193161999253789,1.26198400175781,16,0,2,19,capitalization_sentence_start|final_punctuation_default|homogeneous_comma|prefix_pre_pri,diff_alignment
390,train,117,15,14.344643001095392,10.25930600007996,2.087139004288474,0.42876199950114824,0.0022899985197000206,1.77361000169185,0.27558299916563556,0.9924760015564971,1.0356999991927296,16,4,2,15,capitalization_sentence_start|comma_subordinate|context_to_zhe|double_consonant_candidate|extra_letter_candidate|final_punctuation_default|missing_letter_candidate,dictionary
391,train,76,14,7.96550599989132,5.021940000005998,0.5110289966978598,0.32936400020844303,0.002091001078952104,1.0996420023730025,0.21691999791073613,0.970365999819478,0.6494669978565071,16,2,2,14,capitalization_sentence_start|comma_subordinate|final_punctuation_default|missing_letter_candidate|swapped_letters_candidate,diff_alignment
392,train,34,5,39.411317000485724,37.37327999988338,34.85180199641036,0.3969909994339105,0.001791999238776043,0.82326299889246,0.15666500257793814,0.6996640004217625,0.3502809995552525,10,3,1,5,capitalization_sentence_start|double_consonant_candidate|final_punctuation_default|keyboard_typo_candidate|swapped_letters_candidate,dictionary
393,train,60,11,4.787237001437461,2.302354001585627,0.22394300322048366,0.2280670014442876,0.0017929996829479933,0.8624149995739572,0.1386379990435671,0.9014220013341401,0.5755400015914347,16,2,1,11,capitalization_sentence_start|dictionary_fuzzy|extra_letter_candidate|final_punctuation_default|hyphen_particles,diff_alignment
394,train,179,28,17.198861001816113,11.12981000187574,0.9482890091021545,0.6715640010952484,0.0020890001906082034,2.722973000345519,0.3097609987889882,0.9700809969217516,2.0573790025082417,16,1,2,28,capitalization_sentence_start|comma_subordinate|extra_letter_candidate|final_punctuation_default|frequent_error_exact|ne_adjective|ne_adverb,diff_alignment
395,train,70,10,8.252006002294365,5.744662001234246,0.5042940028943121,0.2730429987423122,0.002487002348061651,0.8644050030852668,0.18428399926051497,0.9210249991156161,0.5304650003381539,15,2,1,10,capitalization_sentence_start|dictionary_fuzzy|final_punctuation_default|missing_letter_candidate|tsya_soft_delete,diff_alignment
396,train,39,5,30.787455001700437,28.278818001126638,24.082067004201235,0.21144999846001156,0.0017910024325829,1.203719999466557,0.1405020011588931,0.7328589999815449,0.4227999997965526,11,4,1,5,capitalization_sentence_start|dictionary_fuzzy|double_consonant_candidate|extra_letter_candidate|final_punctuation_default,dictionary
397,train,167,24,31.271351002942538,26.400548002129653,16.97258200874785,0.5941480012552347,0.0021889973140787333,2.140465996490093,0.2705549995880574,0.9338609997939784,1.5177590030361898,16,4,1,24,capitalization_sentence_start|dictionary_fuzzy|double_consonant_candidate|extra_letter_candidate|final_punctuation_default|hyphen_po_adverbs|keyboard_typo_candidate,dictionary
398,train,56,9,32.55587099920376,30.144251002639066,26.38840900544892,0.2535410021664575,0.002586999471532181,0.8633110010123346,0.1662739996390883,0.843011999677401,0.5320569980540313,13,1,1,9,capitalization_sentence_start|extra_letter_candidate|final_punctuation_default|frequent_error_exact,dictionary
399,train,95,14,9.048548999999184,5.970738999167224,0.696241004334297,0.7791300013195723,0.0018900027498602867,1.176953999674879,0.19174800036125816,0.9451049991184846,0.7580339988635387,16,0,1,14,capitalization_sentence_start|final_punctuation_default|prefix_pre_pri,diff_alignment
400,train,85,13,9.243480999430176,6.3215960035449825,0.597330006712582,0.32687599741620943,0.001591997715877369,1.083119997929316,0.16299100025207736,0.9975440007110592,0.6714639966958202,16,0,2,13,capitalization_sentence_start|comma_subordinate|final_punctuation_default|prefix_pre_pri,diff_alignment
401,train,134,22,20.658174998970935,16.288284001348075,7.917765997262904,0.45702900024480186,0.0020890001906082034,1.8557809999038,0.2578190033091232,1.0055050006485544,1.2434230011422187,16,5,1,22,capitalization_sentence_start|dictionary_fuzzy|final_punctuation_default|keyboard_typo_candidate|missing_letter_candidate,dictionary
402,train,95,11,33.36952800236759,30.24823400119203,24.912041986681288,0.3433940000832081,0.0019899998733308166,1.1566539978957735,0.1784129999577999,0.9898819989757612,0.7883830003265757,16,2,1,11,capitalization_sentence_start|double_consonant_candidate|extra_letter_candidate|final_punctuation_default|frequent_error_exact,dictionary
403,train,67,12,8.333104000485037,5.529032998310868,0.5649930062645581,0.2891629992518574,0.0019899998733308166,0.9925689992087428,0.20289199892431498,0.9685889999673236,0.6328549970930908,16,2,2,12,capitalization_sentence_start|dictionary_fuzzy|extra_letter_candidate|final_punctuation_default|homogeneous_comma,diff_alignment
404,train,74,13,6.580708999536,3.843307997158263,0.431156007834943,0.2979199998662807,0.001591997715877369,1.0986420020344667,0.16398599836975336,0.8564449999539647,0.6121590013208333,16,0,2,13,capitalization_sentence_start|comma_subordinate|final_punctuation_default|frequent_error_exact,diff_alignment
405,train,210,34,42.574499999318505,37.231841997709125,25.062001011974644,0.5087720019218978,0.0017909987946040928,2.8799930005334318,0.292149001325015,1.030879000609275,1.1317770040477626,16,4,3,34,capitalization_sentence_start|comma_subordinate|dictionary_fuzzy|extra_letter_candidate|final_punctuation_default|hyphen_po_adverbs|tsya_soft_delete,dictionary
406,train,75,11,29.13416899900767,26.299052999092964,21.86687100038398,0.309761002426967,0.0021890009520575404,1.0585409982013516,0.20249400040484034,0.9150539990514517,0.651364003715571,16,3,1,11,capitalization_sentence_start|dictionary_fuzzy|extra_letter_candidate|final_punctuation_default|frequent_error_exact|swapped_letters_candidate,dictionary
407,train,42,9,27.66705799876945,25.497634000203107,21.46247899509035,0.23164899903349578,0.0017909987946040928,0.7299739991140086,0.14905900025041774,0.8138570010487456,0.4698650009231642,13,1,1,9,capitalization_sentence_start|dictionary_fuzzy|final_punctuation_default|prefix_pre_pri,dictionary
408,train,98,13,8.405343996855663,5.488235998200253,0.8300779991259333,0.31414000113727525,0.0018900027498602867,1.1042139994970057,0.23702200269326568,0.8690819995536003,0.7009190012468025,16,0,1,13,capitalization_sentence_start|final_punctuation_default|prefix_pre_pri,diff_alignment
409,train,54,10,25.620522999815876,23.18571899741073,20.140348002314568,0.263291996816406,0.001691998477326706,0.8491810003761202,0.19035399964195676,0.9087849975912832,0.47902000369504094,15,2,2,10,capitalization_sentence_start|comma_subordinate|dictionary_fuzzy|final_punctuation_default|missing_letter_candidate,dictionary
410,train,29,6,3.0047729997022543,1.2743689985654783,0.047863002691883594,0.17164699966087937,0.0017909987946040928,0.5565350002143532,0.1735379992169328,0.6743500016455073,0.3192139993188903,11,2,1,6,capitalization_sentence_start|dictionary_fuzzy|final_punctuation_default|keyboard_typo_candidate|ne_verb,diff_alignment
411,train,45,7,13.490482997440267,11.644153997622197,7.522530999267474,0.19552900266717188,0.0014929973985999823,0.6372340030793566,0.15881100262049586,0.6510659986815881,0.39324599856627174,11,2,1,7,capitalization_sentence_start|extra_letter_candidate|final_punctuation_default,dictionary
412,train,51,8,27.82626599946525,25.571068999852287,22.81277099973522,0.23831599901313893,0.0013930002751294523,0.9519710001768544,0.13642200065078214,0.7335560003411956,0.4270780009392183,12,2,1,8,capitalization_sentence_start|double_consonant_candidate|extra_letter_candidate|final_punctuation_default,dictionary
413,train,25,6,3.1922410016704816,1.551194000057876,0.1492590017733164,0.1722449997032527,0.002387998392805457,0.5856899988430087,0.12756599971908145,0.6323589987005107,0.2890640025725588,11,1,2,6,capitalization_sentence_start|comma_subordinate|final_punctuation_default|keyboard_typo_candidate|ne_verb,diff_alignment
414,train,145,27,53.82560799989733,48.011490998760564,37.62757800723193,0.5730530028813519,0.0016920021153055131,2.1847470015927684,0.22856400028103963,0.9847080000326969,2.4070430008578114,16,6,4,27,capitalization_sentence_start|comma_conjunction|comma_subordinate|dictionary_fuzzy|extra_letter_candidate|final_punctuation_default|missing_letter_candidate|prefix_pre_pri,dictionary
415,train,50,9,6.644192999374354,4.06649900105549,0.4399150056997314,0.234038001508452,0.002487999154254794,0.865897996845888,0.24707299962756224,1.0039129992946982,0.4530499973043334,16,2,2,9,capitalization_sentence_start|comma_subordinate|context_chto_by|dictionary_fuzzy|final_punctuation_default|keyboard_typo_candidate|ne_verb,diff_alignment
416,train,56,10,5.952727999101626,3.6443949975364376,0.5910650070291013,0.22926100064069033,0.0017910024325829,0.8726640007807873,0.2179180009989068,0.698429998010397,0.5128529992362019,13,0,1,10,capitalization_sentence_start|final_punctuation_default|frequent_error_exact,diff_alignment
417,train,57,11,26.408607998746447,23.79389700217871,19.80073700178764,0.26319300013710745,0.0018899991118814796,0.901123999938136,0.1657759967201855,0.9934650006471202,0.5465850008476991,16,2,1,11,capitalization_sentence_start|dictionary_fuzzy|extra_letter_candidate|final_punctuation_default|ne_adjective,dictionary
418,train,119,18,10.903633999987505,7.250680999277392,1.238943004864268,0.3999129985459149,0.0016909980331547558,1.5851259995542932,0.23045499983709306,0.9108749982260633,0.919234000321012,16,2,1,18,capitalization_sentence_start|extra_letter_candidate|final_punctuation_default|frequent_error_exact|keyboard_typo_candidate,diff_alignment
419,train,90,14,32.62612099933904,29.53905700269388,24.323864010511898,0.34936399970320053,0.0016920021153055131,1.1726739976438694,0.2151320004486479,0.9462989983148873,0.7442030000675004,16,0,2,14,capitalization_sentence_start|comma_conjunction|context_to_zhe|final_punctuation_default|prefix_pre_pri,dictionary
420,train,98,13,28.402304000337608,25.081103998672916,20.830917004786897,0.3648879974207375,0.0020900006347801536,1.2269050021131989,0.21662400104105473,0.9830170019995421,0.8867950018611737,16,4,2,13,capitalization_sentence_start|comma_subordinate|dictionary_fuzzy|final_punctuation_default|frequent_error_exact|keyboard_typo_candidate|missing_letter_candidate|swapped_letters_candidate,dictionary
421,train,50,8,5.0043399969581515,2.9590000012831297,0.17642400416661985,0.2667740009201225,0.0014920005924068391,0.7176350009103771,0.16657299784128554,0.741018997359788,0.41344499913975596,13,2,2,8,capitalization_sentence_start|comma_conjunction|dictionary_fuzzy|extra_letter_candidate|final_punctuation_default,diff_alignment
422,train,88,16,32.55736400024034,28.988890000618994,24.229534003097797,0.34647899883566424,0.0014920005924068391,1.562936002301285,0.19015500220120884,0.9305769999627955,0.8773410008870997,16,2,2,16,capitalization_sentence_start|comma_conjunction|dictionary_fuzzy|final_punctuation_default|keyboard_typo_candidate|ne_verb,dictionary
423,train,45,8,30.372019002243178,28.010350997647038,24.814428001263877,0.23164999947766773,0.0014930010365787894,0.8595299987064209,0.1707519986666739,0.8851029997458681,0.4390190006233752,14,4,1,8,capitalization_sentence_start|double_consonant_candidate|extra_letter_candidate|final_punctuation_default|keyboard_typo_candidate|swapped_letters_candidate,dictionary
424,train,79,11,9.492543002124876,6.384483000147156,0.6140500008768868,0.5208129987295251,0.002387998392805457,1.356361997750355,0.1912500010803342,0.9094820015889127,0.6401199971151073,15,0,1,11,capitalization_sentence_start|final_punctuation_default|ne_adjective|prefix_pre_pri,diff_alignment
425,train,124,20,38.76253699854715,34.74678699785727,25.76550499361474,0.47125800119829364,0.0017909987946040928,1.67527799931122,0.21045500034233555,0.9312740003224462,1.1912819973076694,16,2,3,20,capitalization_sentence_start|comma_subordinate|dictionary_fuzzy|final_punctuation_default|prefix_pre_pri,dictionary
426,train,47,9,5.960888000117848,3.7744499968539458,0.473648000479443,0.23234599939314649,0.0019899998733308166,0.7071869986248203,0.1700549983070232,0.8186330014723353,0.48399499792139977,15,0,3,9,capitalization_sentence_start|comparative_turnover_comma|final_punctuation_default|hyphen_po_adverbs|ne_verb,diff_alignment
427,train,115,18,9.232336000422947,5.786454999906709,0.8871909849403892,0.4215059998387005,0.002288001269334927,1.4742769999429584,0.21413599824882112,0.8657990001665894,0.8839100009936374,16,2,4,18,capitalization_sentence_start|dictionary_fuzzy|direct_speech_colon|direct_speech_quotes|final_punctuation_default|keyboard_typo_candidate|tsya_soft_insert,diff_alignment
428,train,121,22,38.88353699949221,34.18985299867927,26.615482009219704,0.5143449998286087,0.0017909987946040928,2.21827999848756,0.20886200218228623,0.9816229976422619,1.2769559980370104,16,3,4,22,capitalization_sentence_start|comma_conjunction|comma_subordinate|dictionary_fuzzy|double_consonant_candidate|final_punctuation_default|hyphen_particles|n_nn_short_form,dictionary
429,train,51,11,4.696468997281045,2.2018609997758176,0.07363599434029311,0.2535410021664575,0.0017909987946040928,0.9170440025627613,0.20458399740164168,0.8427139982813969,0.5234989985183347,16,2,1,11,capitalization_sentence_start|dictionary_fuzzy|final_punctuation_default|frequent_error_exact|hyphen_po_adverbs,diff_alignment
430,train,81,16,8.366140002181055,4.743834000692004,0.37503598650800996,0.3241890008212067,0.0014930010365787894,1.3299919992277864,0.16607499856036156,1.3610380010504741,0.7577370051876642,16,2,2,16,capitalization_sentence_start|comma_subordinate|dictionary_fuzzy|extra_letter_candidate|final_punctuation_default|hyphen_particles,diff_alignment
431,train,109,23,12.700109000434168,8.344943998963572,0.8385330183955375,0.47533899851259775,0.004379002348287031,2.006433001952246,0.22329099738271907,0.9267960012948606,1.1907840016647242,16,2,3,23,capitalization_sentence_start|comma_conjunction|comma_subordinate|context_chto_by|extra_letter_candidate|final_punctuation_default|hyphen_particles|keyboard_typo_candidate,diff_alignment
432,train,23,5,15.23611100128619,13.758451001194771,11.840977000247221,0.1753289980115369,0.0018909995560534298,0.4633979988284409,0.13084999955026433,0.594446999457432,0.2821990019583609,9,2,1,5,capitalization_sentence_start|final_punctuation_default|missing_letter_candidate,dictionary
433,train,143,20,41.173460998834344,37.06397499990999,28.092345000914065,0.5206140012887772,0.0019899998733308166,1.7140849995485041,0.25413800176465884,0.9709769983601291,1.1627230014710221,16,2,1,20,capitalization_sentence_start|dictionary_fuzzy|double_consonant_candidate|final_punctuation_default|ne_adjective,dictionary
434,train,120,21,15.137599999434315,11.154189000080805,4.2117759949178435,0.46837300033075735,0.002387998392805457,1.7602560001250822,0.21353899865061976,0.8779389972914942,1.1241150023124646,16,4,3,21,capitalization_sentence_start|comma_subordinate|dictionary_fuzzy|extra_letter_candidate|final_punctuation_default|keyboard_typo_candidate|missing_letter_candidate,dictionary
435,train,30,7,3.1919430002744775,1.5802499983692542,0.1187109992315527,0.17055300122592598,0.001591997715877369,0.5473809978866484,0.14288999955169857,0.5394210020313039,0.37672899998142384,10,0,1,7,capitalization_sentence_start|final_punctuation_default|hyphen_particles,diff_alignment
436,train,76,11,9.931561999110272,7.155055001931032,0.6864900024083909,0.2922490020864643,0.0014929973985999823,1.0277940018568188,0.17284199930145405,0.9639119998610113,0.6054919977032114,16,0,2,11,capitalization_sentence_start|explanation_colon|final_punctuation_default|frequent_error_exact|ne_participle,diff_alignment
437,train,92,11,30.943380999815417,27.993635001621442,23.645334989851108,0.3248860011808574,0.001591997715877369,1.0506809994694777,0.18388600074104033,0.9291839996876661,0.7786320020386484,15,1,1,11,capitalization_sentence_start|double_consonant_candidate|final_punctuation_default|prefix_pre_pri,dictionary
438,train,112,20,11.308025001198985,7.692883998970501,0.6916660022397991,0.4578259977279231,0.0015920013538561761,1.5588559981551953,0.20159899941063486,0.8934610013966449,0.9540600003674626,16,2,4,20,capitalization_sentence_start|comma_subordinate|double_consonant_candidate|final_punctuation_default|hyphen_particles|keyboard_typo_candidate,diff_alignment
439,train,134,20,50.52808899927186,46.48626799826161,34.64538799744332,0.5588229978457093,0.0018909995560534298,1.6821429999254178,0.2488630016159732,1.0242120006296318,1.0784419973788317,16,4,3,20,capitalization_sentence_start|comma_subordinate|dictionary_fuzzy|extra_letter_candidate|final_punctuation_default|keyboard_typo_candidate|tsya_soft_delete,dictionary
440,train,80,14,16.569886000070255,13.304009000421502,9.695235999970464,0.26816700119525194,0.0017910024325829,1.2820320007449482,0.21095199917908758,0.9266970009775832,0.8392309973714873,16,3,0,14,capitalization_sentence_start|extra_letter_candidate|pol_polu_compounds,dictionary
441,train,58,9,5.610229000012623,3.578025000024354,0.4801150025741663,0.2816009982780088,0.0018909995560534298,0.6978330020501744,0.16587599748163484,0.7000219993642531,0.4623040003934875,12,0,2,9,capitalization_sentence_start|final_punctuation_default|punctuation_delete_replace,diff_alignment
442,train,53,8,16.76909500019974,14.542356999299955,11.297275999822887,0.19264299771748483,0.001591997715877369,0.7715669999015518,0.145775997225428,0.8042049994401168,0.4980260018783156,13,4,0,8,capitalization_sentence_start|dictionary_fuzzy|extra_letter_candidate|missing_letter_candidate,dictionary
443,train,118,19,8.393005999096204,3.9470920019084588,0.12517599679995328,0.44767600047634915,0.0014920005924068391,1.9517050022841431,0.19294099911348894,0.900128001376288,1.393377999193035,16,2,1,19,dictionary_fuzzy|double_consonant_candidate|final_punctuation_default,diff_alignment
444,train,91,15,37.333197997213574,33.86372200111509,27.619751999736764,0.381102003302658,0.0018899991118814796,1.2864790005551185,0.2353310010221321,1.008879997243639,0.9327199986728374,16,1,0,15,dictionary_fuzzy|ne_adverb,dictionary
445,train,318,43,91.94243700039806,84.84945199961658,69.72708500325098,0.6124680003267713,0.002087999746436253,3.5588709979492705,0.4205739969620481,1.0088800008816179,2.096606000122847,16,7,0,43,dictionary_fuzzy|extra_letter_candidate|keyboard_typo_candidate|missing_letter_candidate|ne_verb,dictionary
446,train,145,23,60.11214799946174,55.13008599882596,47.46470400641556,0.5406809978012461,0.0016900012269616127,2.2165150003274903,0.28525399829959497,0.9890950022963807,1.4825479956925847,16,6,3,23,capitalization_sentence_start|dictionary_fuzzy|extra_letter_candidate|final_punctuation_default|frequent_error_exact|keyboard_typo_candidate|missing_letter_candidate|n_nn_short_form|quote_close|quote_open,dictionary
447,train,171,27,61.19092500011902,55.42677500125137,45.6077139970148,0.6509449995064642,0.002087999746436253,2.546808998886263,0.3420270004426129,0.9528039990982506,1.9153510002070107,16,4,0,27,dictionary_fuzzy|double_consonant_candidate|keyboard_typo_candidate|missing_letter_candidate,dictionary
448,train,43,7,4.800706999958493,2.762663996691117,0.17469199883635156,0.21655099772033282,0.0019880026229657233,0.7620049982506316,0.16196599972317927,0.6607889990846161,0.44712099770549685,10,0,1,7,capitalization_sentence_start|final_punctuation_default|frequent_error_exact,diff_alignment
449,train,44,7,3.8473070017062128,1.6052409991971217,0.14565899618901312,0.22072700085118413,0.0014920005924068391,0.8326960014528595,0.13541900261770934,0.7983949981280603,0.4686960019171238,14,2,3,7,capitalization_sentence_start|explanation_colon|extra_letter_candidate|final_punctuation_default|frequent_error_exact|keyboard_typo_candidate|punctuation_delete_replace,diff_alignment
450,train,82,13,16.01342700087116,12.84063000275637,10.038593001809204,0.24956100241979584,0.0017899983504321426,1.2256299996806774,0.16713600052753463,0.9418669978913385,0.8310059965879191,16,3,0,13,capitalization_sentence_start|dictionary_fuzzy|keyboard_typo_candidate|ne_verb,dictionary
451,train,85,13,34.18818799764267,31.16005600168137,26.04575800796738,0.3424239985179156,0.001591000909684226,1.0421879997011274,0.20551500347210094,0.9695080007077195,0.8039629974518903,16,0,2,13,capitalization_sentence_start|final_punctuation_default|punctuation_delete_replace,dictionary
452,train,138,27,35.195974000089336,29.980360999616096,20.873591991403373,0.5204980006965343,0.0018889986677095294,2.3346330017375294,0.24061200019787066,0.9393820000695996,1.6939300003286917,16,4,1,27,comma_subordinate|dictionary_fuzzy|keyboard_typo_candidate|ne_verb,dictionary
453,train,75,10,6.825030999607407,3.9731809993099887,0.3808029941865243,0.23206100013339892,0.001987998984986916,0.9137289998761844,0.19497500034049153,0.7536529992648866,0.9832279974943958,12,2,0,10,dictionary_fuzzy|extra_letter_candidate,diff_alignment
454,train,122,16,9.458142001676606,5.300225999235408,0.9876040094241034,0.4405590007081628,0.0017900019884109497,1.6011629995773546,0.25045499933185056,0.9789530013222247,1.3209790013206657,16,0,1,16,frequent_error_exact|introductory_comma|ne_adverb,diff_alignment
455,train,102,16,6.5334130013070535,3.0784419977862854,0.1436709972040262,0.3524669991747942,0.0014920005924068391,1.367412998661166,0.17329999900539406,0.8578519991715439,1.0508380000828765,16,0,0,16,tsya_soft_insert,diff_alignment
456,train,67,10,5.0483790000726,2.2837260003143456,0.08491200060234405,0.22858100055600516,0.0013919998309575021,1.230601999850478,0.20243299877620302,0.7405280011880677,0.5851260029885452,13,3,0,10,dictionary_fuzzy|double_consonant_candidate,diff_alignment
457,train,43,7,5.17465099983383,3.247964003094239,0.3841840043605771,0.18393899881630205,0.0013919998309575021,0.6860430003143847,0.14526199811371043,0.6660580002062488,0.4237550019752234,11,2,0,7,capitalization_sentence_start|extra_letter_candidate|frequent_error_exact|keyboard_typo_candidate,diff_alignment
458,train,71,10,9.075945999938995,6.508556001790566,0.7600150020152796,0.25960299899452366,0.00218800050788559,0.9585709995008074,0.20362500072224066,0.808734999736771,0.5896989969187416,13,2,0,10,dictionary_fuzzy|keyboard_typo_candidate|ne_verb,diff_alignment
459,train,197,34,60.24428499949863,53.12425699958112,40.28173699771287,0.8151980000548065,0.001591000909684226,3.2467720011482015,0.2588079987617675,0.9910829976433888,2.6152140017075,16,6,1,34,capitalization_sentence_start|comma_conjunction|dictionary_fuzzy|extra_letter_candidate|hyphen_particles|keyboard_typo_candidate|missing_letter_candidate|swapped_letters_candidate,dictionary
460,train,203,29,12.559948998386972,5.537854998692637,0.23126699306885712,0.4542800015769899,0.002287000825162977,3.01978099741973,0.25264300347771496,0.9235720026481431,2.8200319975439925,16,1,0,29,dictionary_fuzzy|n_nn_short_form,diff_alignment
461,train,40,6,4.579782002110733,2.703603997360915,0.3275109993410297,0.19070000053034164,0.002087999746436253,0.6294680024439003,0.17608400230528787,0.6486580023192801,0.4150060012761969,11,2,1,6,capitalization_sentence_start|extra_letter_candidate|final_punctuation_default|frequent_error_exact|keyboard_typo_candidate,diff_alignment
462,train,131,19,18.446492998918984,13.896538999688346,5.8257990021957085,0.4644210021069739,0.0018890023056883365,1.886517999082571,0.21834099970874377,1.05680400156416,1.3822269975207746,16,1,0,19,double_consonant_candidate|frequent_error_exact,dictionary
463,train,137,25,36.55722199982847,31.531711996649392,22.890156989888055,0.5078700014564674,0.0024859982659108937,2.234709998447215,0.25005799761856906,0.963045000389684,1.569645002746256,16,4,0,25,dictionary_fuzzy|extra_letter_candidate|missing_letter_candidate|ne_adjective|ne_verb,dictionary
464,train,116,18,7.54607099952409,3.599834999477025,0.15600099504808895,0.41649800186860375,0.0017890015442389995,1.5869460003159475,0.19815699852188118,0.91591700038407,1.2386540038278326,16,2,0,18,dictionary_fuzzy|keyboard_typo_candidate,diff_alignment
465,train,38,6,5.124043000250822,3.361409999342868,0.28237200240255333,0.18602600175654516,0.001491000148234889,0.6652619995293207,0.14277599984779954,0.5561920006584842,0.39223699786816724,9,2,0,6,extra_letter_candidate|frequent_error_exact|keyboard_typo_candidate,diff_alignment
466,train,67,9,6.797289999667555,4.222243998810882,0.6370270093611907,0.25323900263174437,0.0015900004655122757,0.9576760021445807,0.18393899881630205,0.7793040022079367,0.6476640010077972,13,2,0,9,capitalization_sentence_start|extra_letter_candidate|frequent_error_exact|keyboard_typo_candidate,diff_alignment
467,train,149,21,15.505955001572147,10.570525002549402,2.7055920036218595,0.5086659984954167,0.0016899975889828056,1.94816300063394,0.2570180004113354,1.350211001408752,1.3726819997827988,16,2,0,21,capitalization_sentence_start|extra_letter_candidate|frequent_error_exact|keyboard_typo_candidate,dictionary
468,train,98,18,7.781512998917606,3.982129001087742,0.16415100981248543,0.41719299770193174,0.0019889994291588664,1.5661659999750555,0.17996199676417746,1.0170339992328081,1.0290640020684805,16,0,2,18,explanation_colon|subject_predicate_dash|tsya_soft_insert,diff_alignment
469,train,39,6,5.3268720002961345,3.570404998754384,0.12110099487472326,0.19567100025597028,0.0019890030671376735,0.6218130001798272,0.14943800124456175,0.5893999987165444,0.3897520000464283,10,1,1,6,capitalization_sentence_start|extra_letter_candidate|final_punctuation_default|frequent_error_exact,diff_alignment
470,train,43,7,5.611530999885872,3.650741000456037,0.46531399857485667,0.21585499780485407,0.0015909972717054188,0.7034430018393323,0.20193499949527904,0.6396099997800775,0.4096369993931148,9,0,0,7,capitalization_sentence_start|frequent_error_exact,diff_alignment
471,train,119,17,39.699794997432036,35.90349299702211,27.900953995413147,0.3772240015678108,0.0015909972717054188,1.446456000849139,0.24120800298987888,1.0148459987249225,1.0868309982470237,16,2,0,17,extra_letter_candidate|hyphen_particles|missing_letter_candidate,dictionary
472,train,83,11,28.029314999002963,25.065511999855516,18.569085998024093,0.33049300327547826,0.002087999746436253,0.9482299974479247,0.21654999727616087,1.0013239989348222,0.7903420009824913,16,3,2,11,capitalization_sentence_start|dictionary_fuzzy|extra_letter_candidate|final_punctuation_default|keyboard_typo_candidate|punctuation_delete_replace,dictionary
473,train,140,23,10.345423001126619,5.838123001012718,0.7640929943590891,0.4701879988715518,0.0019889994291588664,1.9193280022591352,0.21515900152735412,0.9071669992408715,1.4591830004064832,16,2,0,23,capitalization_sentence_start|dictionary_fuzzy|missing_letter_candidate|tsya_soft_delete,diff_alignment
474,train,131,18,17.84645400039153,13.61317400005646,3.3643919850874227,0.42673799907788634,0.0017890015442389995,1.7439399998693261,0.250356002652552,0.9793509998416994,1.2527729995781556,16,4,0,18,extra_letter_candidate|frequent_error_exact|keyboard_typo_candidate|swapped_letters_candidate,dictionary
475,train,111,18,21.149799002159853,17.035034998116316,9.905459002766293,0.37394299943116494,0.0016900012269616127,1.6695699996489566,0.2713350004341919,0.9726889984449372,1.1937140006921254,16,3,0,18,capitalization_sentence_start|extra_letter_candidate|frequent_error_exact|missing_letter_candidate,dictionary
476,train,113,18,7.615372000145726,4.010664000816178,0.14019099398865364,0.42216499787173234,0.002287000825162977,1.510586000222247,0.17270399985136464,0.8635189988126513,1.0516330003156327,16,2,2,18,dictionary_fuzzy|extra_letter_candidate|quote_close|quote_open,diff_alignment
477,train,184,29,16.653435999614885,10.677407997718547,1.0697319921746384,0.7001609992585145,0.002087999746436253,2.6536930017755367,0.2788909987430088,0.9911829984048381,2.0455000012589153,16,1,0,29,extra_letter_candidate|frequent_error_exact,diff_alignment
478,train,64,12,17.656648997217417,14.744944997801213,11.930977005249588,0.28495600054156967,0.0016899975889828056,0.9940650015778374,0.253140002314467,0.894639000762254,0.7624019999639131,16,2,2,12,capitalization_sentence_start|context_to_zhe|explanation_colon|extra_letter_candidate|final_punctuation_default|keyboard_typo_candidate,dictionary
479,train,44,8,5.1766380020126235,3.077347999351332,0.2743190016190056,0.2060109982267022,0.0017900019884109497,0.8303100003104191,0.18562900004326366,0.6391130009433255,0.4388679990370292,10,0,0,8,capitalization_sentence_start|frequent_error_exact,diff_alignment
480,train,119,17,14.250000000174623,10.149552999791922,1.1710439976013731,0.4371780014480464,0.0012919990695081651,1.6497830001753755,0.27511299776961096,0.9583710016158875,1.2095220008632168,16,2,2,17,dictionary_fuzzy|keyboard_typo_candidate|ne_verb|quote_close|quote_open,diff_alignment
481,train,50,9,4.059185001096921,1.9903190004697535,0.07944100434542634,0.20342700008768588,0.0015909972717054188,0.7763220019114669,0.18373999773757532,0.6058059989300091,0.49763000060920604,12,2,1,9,dictionary_fuzzy|final_punctuation_default,diff_alignment
482,train,101,17,11.942909000936197,7.888496002124157,0.46760300392634235,0.33556400012457743,0.001987998984986916,1.688958000158891,0.1889100021799095,0.8936449994507711,1.2719629994535353,16,4,0,17,capitalization_sentence_start|extra_letter_candidate,diff_alignment
483,train,81,12,8.871824000380002,5.813266998302424,0.5850229972566012,0.349683003150858,0.0018890023056883365,1.1809879979409743,0.19805700139841065,0.8911600016290322,0.7822869993105996,14,0,1,12,final_punctuation_default|frequent_error_exact,diff_alignment
484,train,48,10,5.528509002033388,3.272025001933798,0.3397399923414923,0.24787000074866228,0.001691001671133563,0.7302880003408063,0.1790669994079508,0.8643139990454074,0.4754569999931846,16,2,2,10,capitalization_sentence_start|final_punctuation_default|keyboard_typo_candidate|missing_letter_candidate|ne_adjective|punctuation_delete_replace,diff_alignment
485,train,63,10,13.34969299932709,10.394441000244115,7.077275000483496,0.27282700102659874,0.0014920005924068391,0.9744779999891762,0.3190600000380073,0.969109998550266,0.6849489982414525,16,4,1,10,capitalization_sentence_start|dictionary_fuzzy|extra_letter_candidate|final_punctuation_default|hyphen_particles,dictionary
486,train,197,33,25.82343899848638,14.289173999713967,0.943656010349514,0.8823100033623632,0.0022860003809910268,3.973975999542745,0.2848570002242923,1.2817059978260659,5.984974999591941,16,2,0,33,dictionary_fuzzy|frequent_error_exact,diff_alignment
487,train,40,8,3.7445989983098116,1.6905480006244034,0.05995399988023564,0.21326999922166578,0.0025849985831882805,0.730187999579357,0.24786999711068347,0.6717249998473562,0.39780500082997605,11,0,1,8,capitalization_sentence_start|comma_conjunction|frequent_error_exact,diff_alignment
488,train,155,24,39.699198001471814,34.42442500090692,23.09358999627875,0.5924830002186354,0.0018889986677095294,2.270900997245917,0.2332539988856297,0.9959540002455469,1.7673059992375784,16,4,0,24,dictionary_fuzzy|extra_letter_candidate|keyboard_typo_candidate|ne_verb,dictionary
489,train,50,9,20.36830700308201,17.96904699949664,15.283737000572728,0.2879389976442326,0.002087999746436253,0.8793279994279146,0.1627609999559354,0.8471140026813373,0.5027990009693895,14,1,3,9,comma_subordinate|dictionary_fuzzy|final_punctuation_default|frequent_error_exact|subject_predicate_dash,dictionary
490,train,345,42,30.60287000334938,24.250114998721983,2.7355280035408214,0.6985709987930022,0.002087999746436253,3.341625000757631,0.38388500252040103,1.0135539996554144,1.6056390013545752,16,0,4,42,quote_close|quote_open,diff_alignment
491,train,298,36,137.84262999979546,131.7516790004447,115.68294899188913,0.5901820004510228,0.00218800050788559,3.16641300014453,0.36926900065736845,1.026756999635836,1.5205619965854567,16,7,0,36,extra_letter_candidate|keyboard_typo_candidate|missing_letter_candidate|ne_verb,dictionary
492,train,57,6,42.71314300058293,40.870961998734856,36.13500299616135,0.2348810012335889,0.001987002178793773,0.7150740020733792,0.19156100097461604,0.5265929976303596,0.4029929987154901,7,0,0,6,ne_verb,dictionary
493,train,225,34,19.78479099852848,14.78186000167625,1.5825600021344144,0.5961429997114465,0.0016890007827896625,2.395897998212604,0.35251900044386275,1.0200010001426563,1.2263649987289682,16,0,5,34,comma_conjunction|direct_speech_colon|direct_speech_quotes|ne_adjective|subject_predicate_dash,diff_alignment
494,train,208,30,42.89844400045695,38.4868870023638,25.81377700334997,0.4859549990214873,0.001886997779365629,2.0498379999480676,0.31039199893712066,0.9941680000338238,1.0506030012038536,16,2,2,30,capitalization_sentence_start|dictionary_fuzzy|quote_close|quote_open,dictionary
495,train,306,43,66.84123299783096,60.767331000533886,45.83524300323916,0.6367800015141256,0.0017880011000670493,3.179230003297562,0.35242000012658536,1.009070998406969,1.524932995380368,16,2,5,43,comma_subordinate|context_chto_by|dictionary_fuzzy|missing_letter_candidate|prefix_pre_pri|quote_close|quote_open,dictionary
496,train,198,27,26.132322000194108,20.54487300119945,10.645721999026136,0.7123909999791067,0.0022849999368190765,2.5235719986085314,0.3143659996567294,0.9716129970911425,1.7710409993014764,16,2,0,27,double_consonant_candidate|missing_letter_candidate|ne_verb|tsya_soft_delete,dictionary
497,train,292,35,24.607886000012513,19.17930899799103,4.8319390043616295,0.5345409990695771,0.0021859996195416898,2.9474299990397412,0.3801399980147835,0.9880069992505014,1.1068390012951568,16,2,0,35,double_consonant_candidate|keyboard_typo_candidate,dictionary
498,train,164,23,46.0118999981205,40.906630998506444,29.558055004599737,0.6475109985331073,0.0015890000213403255,2.0969329998479225,0.25504999939585105,1.0134430012840312,1.7329869951936416,16,0,2,23,comma_conjunction|final_punctuation_default,dictionary
499,train,215,42,23.258515997440554,17.809273002058035,3.728573992702877,0.545372000487987,0.0023840002540964633,2.813298000546638,0.31088800096767955,0.9358450006402563,1.3812640027026646,16,2,5,42,capitalization_sentence_start|comma_conjunction|comma_subordinate|dictionary_fuzzy|extra_letter_candidate|final_punctuation_default,dictionary
500,train,82,12,9.812313997827005,7.08058799864375,0.8867619944794569,0.28883200138807297,0.001987998984986916,0.9627709987398703,0.2820750014507212,0.8021100002224557,0.6782119999115821,13,0,1,12,final_punctuation_default,diff_alignment
501,train,63,10,52.48452099840506,49.84917200272321,44.40390400122851,0.277505001577083,0.0018880018615163863,1.0301349975634366,0.16503199731232598,0.8898419982870109,0.5435839993879199,14,3,1,10,dictionary_fuzzy|final_punctuation_default,dictionary
502,train,88,18,35.3799889999209,32.01188100138097,25.393400002940325,0.37219099976937287,0.0016889971448108554,1.3215500002843328,0.2402460013399832,0.9800589978112839,0.8180080003512558,16,6,1,18,dictionary_fuzzy|extra_letter_candidate|final_punctuation_default|keyboard_typo_candidate|missing_letter_candidate|ne_verb,dictionary
503,train,223,39,54.55224400066072,49.36589899807586,38.86901701844181,0.570309999602614,0.00208700294024311,2.676482999959262,0.31645199851482175,0.9777740015124436,1.2077849969500676,16,5,2,39,comma_subordinate|dictionary_fuzzy|final_punctuation_default|keyboard_typo_candidate|missing_letter_candidate,dictionary
504,train,190,34,45.5123329993512,35.94910700121545,21.70824900531443,1.3558280006691348,0.0016889971448108554,4.233111001667567,0.2909180002461653,2.101900001434842,2.925472999777412,16,2,1,34,context_za_to|extra_letter_candidate|final_punctuation_default|missing_letter_candidate,dictionary
505,train,102,15,10.66072500179871,7.312388999707764,0.7260999991558492,0.37517300006584264,0.001987002178793773,1.3407250007730909,0.2573349993326701,0.9497549981460907,0.7934670029499102,16,2,1,15,dictionary_fuzzy|final_punctuation_default|missing_letter_candidate|ne_verb,diff_alignment
506,train,136,27,18.609097998705693,14.351544999954058,3.5418839906924404,0.5220219973125495,0.0015899968275334686,1.8887789992731996,0.21183000353630632,0.9322680016339291,1.2166279993834905,16,1,2,27,capitalization_sentence_start|comma_subordinate|dictionary_fuzzy|final_punctuation_default|hyphen_po_adverbs|tsya_soft_delete,dictionary
507,train,168,28,87.34407799784094,82.31620800142991,69.45760499002063,0.6420460013032425,0.001886997779365629,2.1846650015504565,0.2564409987826366,0.9932729990396183,1.584945999638876,16,8,2,28,capitalization_sentence_start|comma_conjunction|dictionary_fuzzy|extra_letter_candidate|final_punctuation_default|hyphen_particles|keyboard_typo_candidate,dictionary
508,train,140,21,44.9806719989283,40.55560200140462,26.905123006145004,0.6274400002439506,0.0021859996195416898,1.8307549980818294,0.24004699662327766,0.9445889991184231,1.4017300018167589,16,0,2,21,capitalization_sentence_start|comma_subordinate|final_punctuation_default,dictionary
509,train,173,29,32.270044001052156,25.910387998010265,11.40542601206107,0.7111680024536327,0.0018880018615163863,2.7641570013656747,0.2934020012617111,0.9399279988429043,2.3538370041933376,16,2,4,29,capitalization_sentence_start|comma_conjunction|comma_subordinate|final_punctuation_default|keyboard_typo_candidate,dictionary
510,train,122,16,33.61937700174167,29.94553300231928,23.549280987936072,0.329901999066351,0.0017839993233792484,1.429179003025638,0.22628100123256445,1.0594150007818826,0.9510340023552999,16,2,0,16,capitalization_sentence_start|dictionary_fuzzy|extra_letter_candidate|ne_verb,dictionary
511,train,96,16,17.012121999869123,13.576953999290708,7.2499130001233425,0.46009799916646443,0.002182001480832696,1.2685419969784562,0.2109119996021036,0.9483569992880803,1.001210002868902,16,0,1,16,capitalization_sentence_start|comma_conjunction,dictionary
512,train,101,15,12.04167600008077,8.638041002996033,0.9189060037897434,0.36312000156613067,0.0018840000848285854,1.2731030001305044,0.20446599955903366,0.96937899797922,0.9501409986114595,16,0,1,15,capitalization_sentence_start|final_punctuation_default,diff_alignment
513,train,51,9,12.171573001978686,9.790070998860756,6.726849002006929,0.2389740002399776,0.0018840000848285854,0.7669949991395697,0.17342899809591472,0.7613430025230628,0.6736860013916157,12,1,1,9,capitalization_sentence_start|dictionary_fuzzy|final_punctuation_default,dictionary
514,train,77,12,16.082406000350602,12.936089999129763,7.571485992230009,0.3048149992537219,0.002082000719383359,1.052275998517871,0.23629600036656484,0.9261450031772256,0.9235670004272833,16,2,2,12,capitalization_sentence_start|comma_conjunction|extra_letter_candidate|final_punctuation_default|keyboard_typo_candidate,dictionary
515,train,59,10,5.858911001269007,3.699821998452535,0.33248000545427203,0.25404500047443435,0.0016849990061018616,0.7509310016757809,0.16420700194430538,0.7364539997070096,0.5019430027459748,13,0,2,10,capitalization_sentence_start|comma_subordinate|final_punctuation_default,diff_alignment
516,train,204,36,229.09665800034418,8.643261997349327,1.1056410003220662,0.4535729967756197,0.0030720002541784197,2.5565400028426666,215.67447499910486,0.9513449986116029,1.2636039973585866,16,0,2,36,capitalization_sentence_start|comma_conjunction|final_punctuation_default,tokenizer
517,train,224,35,42.92664699823945,37.48545199778164,24.654094995639753,0.5685270007234067,0.0020810002752114087,2.635422999446746,0.33376299688825384,1.0865140029636677,1.378162000037264,16,2,3,35,comma_subordinate|dictionary_fuzzy|final_punctuation_default,dictionary
518,train,131,19,33.76529900197056,29.24591699775192,23.28960600789287,0.4026360002171714,0.0018829996406566352,1.798239001800539,0.29134999931557104,0.9819659971981309,1.4405929978238419,16,1,1,19,dictionary_fuzzy|final_punctuation_default|hyphen_particles,dictionary
519,train,152,26,32.89531399786938,28.174069000669988,20.081890994333662,0.5713030004699249,0.002278997271787375,2.1030659991083667,0.24269200002891012,0.9717590000946075,1.3896570017095655,16,2,4,26,capitalization_sentence_start|dictionary_fuzzy|direct_speech_colon|direct_speech_quotes|final_punctuation_default|hyphen_po_adverbs|missing_letter_candidate,dictionary
520,train,164,25,14.568455000699032,9.80420099949697,1.1355690039636102,0.6095540011301637,0.0021810010366607457,2.0398410015332047,0.25815199842327274,0.971361998381326,1.488655005232431,16,0,1,25,capitalization_sentence_start|comma_conjunction,diff_alignment
521,train,185,33,66.94452900046599,61.298398999497294,50.595573000464356,0.7020129996817559,0.0022790009097661823,2.6180810018558986,0.2779710011964198,1.0083269989991095,1.7336279997834936,16,7,1,33,dictionary_fuzzy|extra_letter_candidate|final_punctuation_default|keyboard_typo_candidate|missing_letter_candidate|pattern_чя_ча,dictionary
522,train,139,24,12.440811999113066,7.9835649994493,1.1090050029451959,0.511247999384068,0.0017839993233792484,1.822914997319458,0.26300699755665846,0.9392550018674228,1.4242419965739828,16,0,4,24,capitalization_sentence_start|comma_conjunction|comma_subordinate|final_punctuation_default|tsya_soft_insert,diff_alignment
523,train,278,41,75.35917199857067,69.70788899707259,52.14230400451925,0.551582001207862,0.001981999957934022,2.885942998545943,0.34833099925890565,1.0345869995944668,1.3745939977525268,16,0,2,41,context_to_zhe|quote_close|quote_open,dictionary
524,train,49,8,21.008462997997412,18.968620999658015,15.802032001374755,0.24051199943642132,0.0020810002752114087,0.6803109972679522,0.15399900075863115,0.8007149990589824,0.39797900171834044,13,4,1,8,extra_letter_candidate|final_punctuation_default|keyboard_typo_candidate,dictionary
525,train,87,18,8.929458999773487,5.479744002514053,0.6938839942449704,0.4523839998000767,0.0023790016712155193,1.536024999950314,0.2042419982899446,0.8598770000389777,0.8423359977314249,16,0,3,18,capitalization_sentence_start|comma_conjunction|final_punctuation_default|homogeneous_comma|hyphen_po_adverbs|n_nn_adjective,diff_alignment
526,train,102,18,11.041443001886364,7.698061999690253,2.7470099994388875,0.3675559964904096,0.0014870020095258951,1.339612001174828,0.22198000078788027,0.9425249991181772,0.8318319996760692,16,1,3,18,capitalization_sentence_start|dictionary_fuzzy|final_punctuation_default|hyphen_particles|quote_close|quote_open,dictionary
527,train,172,35,44.35534900039784,37.77927900227951,23.847928991017397,0.7371930005319882,0.0020810002752114087,2.82588999834843,0.24933099848567508,0.9595699993951712,2.532360995246563,16,2,4,35,capitalization_sentence_start|comma_conjunction|dictionary_fuzzy|extra_letter_candidate|final_punctuation_default|ne_adjective|quote_close|quote_open,dictionary
528,train,131,22,27.56639699873631,23.20041900020442,15.08782900418737,0.8871290010574739,0.001981999957934022,2.0072380029887427,0.26578200049698353,0.9666049991210457,1.118226002290612,16,2,0,22,context_tak_zhe|dictionary_fuzzy|hyphen_particles|keyboard_typo_candidate|n_nn_adjective|ne_adjective,dictionary
529,train,106,18,39.20827800175175,35.49555700010387,29.427764988213312,0.4073939999216236,0.0016840021999087185,1.4207739986886736,0.22435800201492384,0.974137001321651,1.085026997316163,16,4,2,18,capitalization_sentence_start|comma_subordinate|dictionary_fuzzy|final_punctuation_default|keyboard_typo_candidate,dictionary
530,train,125,23,20.560338998620864,15.646446001483127,8.92401200326276,0.5027260012866464,0.0018829996406566352,1.9337070007168222,0.25230499886674806,0.9868220004136674,1.7333309988316614,16,2,3,23,capitalization_sentence_start|comma_conjunction|final_punctuation_default|keyboard_typo_candidate,dictionary
531,train,85,13,23.29604999977164,20.149477997620124,14.104081004916225,0.2846099996531848,0.001982003595912829,1.0671900017769076,0.17451199892093427,1.0064430025522597,0.8921820044633932,16,2,1,13,dictionary_fuzzy|final_punctuation_default,dictionary
532,train,279,39,28.86587399916607,23.141654000937706,8.018250999157317,0.4700229983427562,0.0013870012480765581,3.113274997303961,0.37052900006528944,0.994352998532122,1.2378380015434232,16,3,1,39,capitalization_sentence_start|dictionary_fuzzy|extra_letter_candidate|final_punctuation_default|frequent_error_exact|keyboard_typo_candidate,dictionary
533,train,91,17,34.890759001427796,31.50882900081342,26.94257399707567,0.35625899909064174,0.001981999957934022,1.296108002861729,0.21405299776233733,0.9455969993723556,0.9195339989673812,16,2,1,17,comma_conjunction|dictionary_fuzzy,dictionary
534,train,274,44,45.255262000864604,39.338097001746064,21.83861301455181,0.6014280006638728,0.0026750021788757294,3.0712570005562156,0.4083839994564187,0.9946499994839542,1.434746001905296,16,2,3,44,capitalization_sentence_start|comma_subordinate|final_punctuation_default|keyboard_typo_candidate|missing_letter_candidate,dictionary
535,train,148,22,13.485308998497203,8.565569001802942,1.2981890031369403,0.49598699843045324,0.0022790009097661823,1.9169590013916604,0.26062799952342175,1.0387490001448896,1.6967629999271594,16,0,1,22,capitalization_sentence_start|final_punctuation_default,diff_alignment
536,train,166,33,38.94834200036712,31.67065600064234,24.18208900053287,0.7301570003619418,0.001981999957934022,3.129428001557244,0.2639980011736043,0.9309300003224052,2.945005999208661,16,0,7,33,capitalization_sentence_start|comma_conjunction|comma_subordinate|final_punctuation_default|hyphen_particles|pattern_щя_ща,dictionary
537,train,109,17,33.104213998740306,29.270097002154216,22.31685700098751,0.3349519975017756,0.0022800013539381325,1.6742679981689434,0.2534929990360979,1.0085249996336643,0.8912910016078968,16,2,1,17,double_consonant_candidate|extra_letter_candidate|final_punctuation_default,dictionary
538,train,216,32,56.59053199997288,51.472298000589944,42.02029500447679,0.5426629977591801,0.0021800005924887955,2.38559499848634,0.34070100082317367,1.0169470006076153,1.3658719981322065,16,2,2,32,capitalization_sentence_start|comma_conjunction|dictionary_fuzzy|final_punctuation_default|keyboard_typo_candidate|ne_adjective,dictionary
539,train,201,35,26.313694997952553,20.149676001892658,6.482321001385571,0.5163030000403523,0.0025759982236195356,3.462002001469955,0.3075029999308754,1.0506420003366657,1.3347559979592916,16,3,3,35,capitalization_sentence_start|comma_conjunction|comma_subordinate|dictionary_fuzzy|final_punctuation_default,dictionary
540,train,166,31,16.127668000990525,10.201683999184752,1.1516250197018962,0.6400769998435862,0.0020810002752114087,2.576359998784028,0.24398100140388124,0.9232990014425013,2.17560600140132,16,0,3,31,capitalization_sentence_start|comma_subordinate|final_punctuation_default,diff_alignment
541,train,224,40,34.20341300079599,28.55767800065223,15.737320001790067,0.5727890020352788,0.0020810002752114087,2.8138000016042497,0.297988997772336,0.9803810025914572,1.5448449994437397,16,0,6,40,capitalization_sentence_start|comma_conjunction|comma_subordinate|context_to_zhe|final_punctuation_default|tsya_soft_delete,dictionary
542,train,148,20,15.011819999926956,10.886354000831489,1.4652669997303747,0.4986630010535009,0.0020810002752114087,1.6443399981653783,0.3054210028494708,0.9792900018510409,1.1903699960384984,16,0,1,20,introductory_comma,diff_alignment
543,train,167,32,33.39486899858457,27.91482700195047,17.102003999752924,0.671886999043636,0.0014859979273751378,2.6564320032775868,0.24556599964853376,0.9499570005573332,1.6206549989874475,16,2,2,32,capitalization_sentence_start|comma_subordinate|keyboard_typo_candidate,dictionary
544,train,145,26,31.26702800000203,26.79560999968089,21.465503003128106,0.5637709982693195,0.0014870020095258951,1.9130950022372417,0.2662779988895636,0.9351919979962986,1.3494230042851996,16,4,2,26,comma_conjunction|comparative_turnover_comma|context_to_zhe|dictionary_fuzzy,dictionary
545,train,189,30,50.4708100015705,43.88463199938997,29.98330498667201,0.742544998502126,0.001981999957934022,2.640079997945577,0.3106740005023312,1.0883980030484963,2.539297001931118,16,4,1,30,capitalization_sentence_start|dictionary_fuzzy|final_punctuation_default|keyboard_typo_candidate|missing_letter_candidate|prefix_pre_pri,dictionary
546,train,55,9,20.180023999273544,18.065893000311917,13.26843000788358,0.25999400168075226,0.0022799977159593254,0.6588489995920099,0.202161001652712,0.7697799992456567,0.4763080032716971,13,2,1,9,capitalization_sentence_start|final_punctuation_default|keyboard_typo_candidate|missing_letter_candidate,dictionary
547,train,202,31,18.8886369978718,13.852874999429332,1.0555209992162418,0.3777589990932029,0.001881999196484685,2.3203349992400035,0.3313069973955862,0.9868880006251857,1.3901999991503544,16,0,1,31,capitalization_sentence_start|final_punctuation_default|ne_adverb,diff_alignment
548,train,74,9,29.969629002152942,27.516869999089977,22.817266999481944,0.29663999885087833,0.0019809995137620717,0.7911739994597156,0.21631500203511678,0.8013760016183369,0.6379510014085099,12,1,2,9,double_consonant_candidate|quote_close|quote_open,dictionary
549,train,102,18,10.889239998505218,7.352430999162607,3.0866499910189305,0.38647499968647026,0.0021790001483168453,1.3694010012841318,0.2508809993742034,0.9079489973373711,1.0008530007326044,16,1,2,18,capitalization_sentence_start|comma_subordinate|dictionary_fuzzy|final_punctuation_default,dictionary
550,train,93,14,31.58495900061098,28.23603900105809,23.044973011565162,0.3593360015656799,0.0021790001483168453,1.095738000003621,0.48908600001595914,0.964304999797605,0.7917680013633799,16,4,3,14,capitalization_sentence_start|comma_conjunction|comma_subordinate|dictionary_fuzzy|keyboard_typo_candidate|missing_letter_candidate,dictionary
551,train,144,22,24.950011997134425,19.849970001814654,11.01175900475937,0.48967999828164466,0.0021790001483168453,1.903749998746207,0.4843320020881947,0.9844119995250367,1.7188319980050437,16,2,1,22,capitalization_sentence_start|final_punctuation_default|keyboard_typo_candidate,dictionary
552,train,204,20,36.61358899989864,32.32839300108026,17.474964006396476,0.4434260008565616,0.0021790001483168453,2.0006160011689644,0.3141720007988624,1.066223001544131,0.8974500015028752,16,2,0,20,double_consonant_candidate|missing_letter_candidate|n_nn_short_form,dictionary
553,train,88,12,8.576731001085136,5.5612959986319765,0.5243460036581382,0.3322970005683601,0.002377000782871619,1.1375350004527718,0.18917700072051957,0.9517260004940908,0.7303599995793775,16,2,1,12,extra_letter_candidate|final_punctuation_default|frequent_error_exact|keyboard_typo_candidate,diff_alignment
554,train,269,33,39.93893599908915,34.4806469984178,17.915913002070738,0.52058200162719,0.001782002073014155,2.8868740009784233,0.30941699878894724,1.0428479981783312,1.2109280032746028,16,2,1,33,capitalization_sentence_start|double_consonant_candidate|final_punctuation_default|missing_letter_candidate|tsya_soft_delete,dictionary
555,train,268,30,17.50873700075317,12.549438000860391,1.6723820117476862,0.536331001057988,0.002278000465594232,2.3432140005752444,0.40925500070443377,0.9798559985938482,1.2191479981993325,16,2,1,30,capitalization_sentence_start|dictionary_fuzzy|final_punctuation_default|missing_letter_candidate,diff_alignment
556,train,104,9,8.41736700022011,5.815346998133464,0.7987019998836331,0.3288299994892441,0.001881999196484685,0.8962610008893535,0.22265399820753373,0.7333319990721066,0.7443260001309682,11,0,1,9,capitalization_sentence_start|final_punctuation_default,diff_alignment
557,train,40,5,29.114471002685605,27.664249002555152,25.47693300220999,0.25078299950109795,0.0016839985619299114,0.4310449985496234,0.1347010002064053,0.5722839996451512,0.3061499992327299,7,0,1,5,capitalization_sentence_start|final_punctuation_default,dictionary
558,train,53,10,16.267996001261054,13.734911997744348,10.475429004145553,0.27227600003243424,0.0015850018826313317,0.7689869999012444,0.16233499991358258,0.9271629969589412,0.6674669966741931,15,1,4,10,dictionary_fuzzy|quote_close|quote_open,dictionary
559,train,31,6,2.8830110022681765,1.4364540002134163,0.24454300364595838,0.15599600010318682,0.001781998435035348,0.46521599870175123,0.22344600074575283,0.4024209993076511,0.35081899841316044,7,0,0,6,capitalization_sentence_start,diff_alignment
560,train,52,9,35.973359998024534,33.55833800014807,31.47937700850889,0.2128490014001727,0.0015850018826313317,0.7419479989039246,0.16372199752368033,0.916268996661529,0.5850599991390482,15,4,0,9,capitalization_sentence_start|extra_letter_candidate|keyboard_typo_candidate|missing_letter_candidate,dictionary
561,train,41,6,28.928760999406222,26.864954001212027,23.449276999599533,0.2401850033493247,0.0024759974621701986,0.50503199963714,0.2874290003092028,0.8117760007735342,0.4513499989116099,12,2,4,6,comma_subordinate|dictionary_fuzzy|final_punctuation_default|keyboard_typo_candidate|quote_close|quote_open,dictionary
562,train,94,14,6.639404000452487,3.637241999967955,0.2772290026769042,0.32001599902287126,0.0020799998310394585,1.0628550007822923,0.28891499823657796,0.8698159981577192,0.774534997617593,16,0,2,14,quote_close|quote_open,diff_alignment
563,train,127,16,34.49085000102059,30.731683000340126,20.84488299806253,0.4346109999460168,0.002278000465594232,1.3497899999492802,0.27108699941891246,0.9784689973457716,1.1522929999046028,16,0,2,16,capitalization_sentence_start|quote_close|quote_open,dictionary
564,train,40,6,26.22838900060742,24.272640999697614,21.738467999966815,0.2058159989246633,0.001881999196484685,0.7087679987307638,0.14628999997512437,0.675390001561027,0.4182680022495333,9,1,0,6,context_to_zhe|keyboard_typo_candidate|ne_verb,dictionary
565,train,63,11,30.042624999623513,27.5076590005483,23.44036400609184,0.2747510006884113,0.002377000782871619,0.9138919995166361,0.2520710004318971,0.8004840019566473,0.5629740007861983,12,1,0,11,dictionary_fuzzy,dictionary
566,train,91,11,34.11616099765524,30.994846998510184,25.33252600915148,0.39509199996246025,0.001981003151740879,1.2684739995165728,0.20393500017235056,0.948061999224592,0.6940099992789328,14,2,0,11,dictionary_fuzzy|extra_letter_candidate|n_nn_adjective,dictionary
567,train,35,6,17.0451049998519,15.103124002052937,11.355250993801747,0.23721400066278875,0.0021790001483168453,0.783645999035798,0.1640189984755125,0.6454780013882555,0.3424009992158972,9,2,0,6,capitalization_sentence_start|double_consonant_candidate|keyboard_typo_candidate,dictionary
568,train,56,10,16.840180000144755,14.341267000418156,11.096144993643975,0.27286999829811975,0.0015839978004805744,0.8818009991955478,0.15490599980694242,0.8459459968435112,0.6089300004532561,14,2,1,10,comma_subordinate|dictionary_fuzzy|extra_letter_candidate|hyphen_koe_koy,dictionary
569,train,49,9,9.596104999218369,7.3624340002425015,4.11464100034209,0.24969299920485355,0.0019809995137620717,0.7786950009176508,0.1536189993203152,0.8524830009264406,0.44203899960848503,13,2,2,9,comma_subordinate|extra_letter_candidate|subject_predicate_dash,dictionary
570,train,53,9,13.97856399853481,11.564135002117837,7.262101000378607,0.29248099963297136,0.0014859979273751378,0.8361410000361502,0.14955900041968562,0.908939000510145,0.5134499988344032,15,4,1,9,capitalization_sentence_start|comma_subordinate|extra_letter_candidate,dictionary
571,train,44,7,25.654421999206534,23.54218199980096,20.309342002292397,0.21849399854545482,0.0016840021999087185,0.7055989990476519,0.13767299969913438,0.6515200002468191,0.6110110007284675,10,2,1,7,dictionary_fuzzy|final_punctuation_default|missing_letter_candidate,dictionary
572,train,50,8,20.355695000034757,18.07408800232224,14.714369994180743,0.25514099979773164,0.0020799998310394585,0.6342859996948391,0.24276000112877227,0.9473690006416291,0.4492699990805704,15,4,2,8,capitalization_sentence_start|comma_subordinate|extra_letter_candidate|final_punctuation_default|keyboard_typo_candidate|missing_letter_candidate,dictionary
573,train,52,9,4.886202998022782,2.7920879983867053,0.4148029911448248,0.212650000321446,0.0017829988792072982,0.8621899978606962,0.15163900025072508,0.6104159983806312,0.464422999357339,11,0,1,9,final_punctuation_default|frequent_error_exact,diff_alignment
574,train,87,12,42.124866999074584,38.729393996618455,30.989501003205078,0.3345750010339543,0.001386000803904608,1.564619000419043,0.18372900012764148,0.9509339979558717,0.6892559977131896,15,2,1,12,dictionary_fuzzy|double_consonant_candidate|final_punctuation_default,dictionary
575,train,36,6,6.15111099978094,4.386320997582516,1.153382003394654,0.1896719986689277,0.002772998414002359,0.5553470000450034,0.20234999828971922,0.6362669992086012,0.3645859978860244,10,2,0,6,capitalization_sentence_start|dictionary_fuzzy|keyboard_typo_candidate|soft_to_hard_sign,dictionary
576,train,70,12,42.33335699973395,39.493529999163,32.58442598962574,0.29832400105078705,0.0016840021999087185,0.932115002797218,0.18878099945141003,0.9804500004975125,0.7305580002139322,16,4,2,12,dictionary_fuzzy|extra_letter_candidate|keyboard_typo_candidate|quote_close|quote_open,dictionary
577,train,50,7,9.172488000331214,7.086196997988736,3.047129004698945,0.21304600159055553,0.001881999196484685,0.7180790016718674,0.19947699911426753,0.710055999661563,0.45194300400908105,12,4,0,7,capitalization_sentence_start|dictionary_fuzzy|extra_letter_candidate,dictionary
578,train,96,6,31.52909699929296,28.72571799889556,23.927963000460295,0.34210300145787187,0.0018809987523127347,0.8218779985327274,0.2679169992916286,0.8540680028090719,0.8527809986844659,12,2,4,6,dictionary_fuzzy|double_consonant_candidate|quote_close|quote_open,dictionary
579,train,74,12,15.904896001302404,12.294199001189554,8.532656007446349,0.29436299882945605,0.0021790001483168453,1.7382449987053405,0.1937320012075361,0.9758940032043029,0.695100003213156,16,2,2,12,dictionary_fuzzy|missing_letter_candidate|quote_close|quote_open,dictionary
580,train,43,8,3.5194760021113325,1.71942700035288,0.15847299437155016,0.19482200150378048,0.0019809995137620717,0.643399002001388,0.151143001858145,0.6360689985740464,0.36369499866850674,11,2,1,8,dictionary_fuzzy|extra_letter_candidate|final_punctuation_default,diff_alignment
581,train,34,7,10.639349999109982,8.788786002696725,6.7470659960235935,0.21423500220407732,0.0016839985619299114,0.5598049974651076,0.1489650021540001,0.747991001844639,0.3865729995595757,12,2,2,7,capitalization_sentence_start|comma_subordinate|dictionary_fuzzy|final_punctuation_default|missing_letter_candidate,dictionary
582,train,79,11,32.598884998151334,29.66932300114422,25.67660599379451,0.3046630008611828,0.001881999196484685,1.2722379979095422,0.17867700080387294,0.8470360007777344,0.6253719948290382,13,2,0,11,double_consonant_candidate|extra_letter_candidate,dictionary
583,train,46,8,4.07551599710132,2.12967199695413,0.16322800001944415,0.22067299869377166,0.0020799998310394585,0.6655840006715152,0.18531299792812206,0.666773001285037,0.4224280019116122,11,2,0,8,extra_letter_candidate|missing_letter_candidate|sdelat_prefix,diff_alignment
584,train,57,11,24.60879999853205,21.97567999974126,19.39059800133691,0.29337199885048904,0.0013870012480765581,0.8503040007781237,0.1629290018172469,1.0473049987922423,0.5652519976138137,16,2,4,11,capitalization_sentence_start|comma_subordinate|dictionary_fuzzy|direct_speech_colon|direct_speech_quotes,dictionary
585,train,38,6,25.909265998052433,24.117040000419365,21.593067998765036,0.20591599968611263,0.001881999196484685,0.6493410000985023,0.1606519981578458,0.6078410006011836,0.36844900023425,9,2,0,6,capitalization_sentence_start|dictionary_fuzzy|double_consonant_candidate,dictionary
586,train,62,7,27.54123500199057,25.550227001076564,21.97330399576458,0.256922998232767,0.001881999196484685,0.6662779996986501,0.16619799862382933,0.7041129974822979,0.448179998784326,10,2,1,7,extra_letter_candidate|final_punctuation_default,dictionary
587,train,39,6,3.5963360023743007,1.8845359991246369,0.17907499568536878,0.19194999913452193,0.0017830025171861053,0.6203209995874204,0.21096700220368803,0.5543560000660364,0.32011499570216984,9,2,0,6,extra_letter_candidate|frequent_error_exact|keyboard_typo_candidate,diff_alignment
588,train,59,9,6.041665001248475,3.840779001620831,0.4405530016811099,0.21809799727634527,0.0013870012480765581,0.8506999984092545,0.14589400234399363,0.7084709977789316,0.4901750035060104,12,2,0,9,dictionary_fuzzy|keyboard_typo_candidate|ne_verb,diff_alignment
589,train,50,8,4.971282996848458,2.974132999952417,0.28317099713603966,0.21235399981378578,0.0013870012480765581,0.7318460011447314,0.14738000027136877,0.7027270003163721,0.40975100273499265,12,2,2,8,comma_subordinate|extra_letter_candidate|final_punctuation_default,diff_alignment
590,train,105,18,34.86207199966884,31.27177700298489,26.64844299215474,0.4355019991635345,0.0012879972928203642,1.388119999319315,0.19729899941012263,0.9178529980999883,1.0801870012073778,16,2,2,18,dictionary_fuzzy|quote_close|quote_open,dictionary
591,train,64,11,13.285445002111373,10.672330998204416,6.403181992936879,0.29406500107143074,0.0019799990695901215,0.8923980021791067,0.21443399964482524,0.8712019989616238,0.6282439971982967,15,2,2,11,dictionary_fuzzy|keyboard_typo_candidate|quote_close|quote_open,dictionary
592,train,49,7,11.296415999822784,9.310359000664903,4.837274998862995,0.25504199948045425,0.0017830025171861053,0.6016010011080652,0.14034700143383816,0.7082740012265276,0.5288030006340705,12,2,3,7,keyboard_typo_candidate|missing_letter_candidate|quote_close|quote_open|subject_predicate_dash,dictionary
593,train,104,17,10.262580999551574,6.785793000744889,0.6376530072884634,0.39746900074533187,0.0014859979273751378,1.496179000241682,0.19531799989636056,0.9190419987135101,0.8599110005889088,16,2,0,17,dictionary_fuzzy|extra_letter_candidate|hyphen_particles|ne_adjective,diff_alignment
594,train,38,5,5.679753998265369,3.9930120001372416,1.9629789967439137,0.18214399824501015,0.0014859979273751378,0.5803059975733049,0.14054600251256488,0.6221030016604345,0.3375470041646622,10,4,1,5,dictionary_fuzzy|extra_letter_candidate|keyboard_typo_candidate|missing_letter_candidate|subject_predicate_dash,dictionary
595,train,39,6,13.738973000727128,12.138796999352053,9.74457399934181,0.18521500169299543,0.0014859979273751378,0.6398330006049946,0.1296499976888299,0.4875999984506052,0.33754600008251145,7,0,0,6,ne_verb,dictionary
596,train,44,7,25.658482998551335,22.359185000823345,19.218257992179133,0.2108670014422387,0.0015849982446525246,1.157542999862926,0.14846900012344122,1.428728999599116,0.5471270014822949,9,1,0,7,keyboard_typo_candidate|ne_verb,dictionary
597,train,64,10,31.83996999723604,29.352726000070106,25.49765899675549,0.2836320018104743,0.0020789993868675083,0.8296109990624245,0.20046799909323454,0.8908909985620994,0.5596409973804839,13,2,0,10,capitalization_sentence_start|dictionary_fuzzy,dictionary
598,train,32,6,8.545089000108419,6.297815001744311,2.885717996832682,0.21859000116819516,0.002177999704144895,1.0460220000823028,0.18423700021230616,0.6415129973902367,0.36857200029771775,10,2,1,6,double_consonant_candidate|final_punctuation_default|keyboard_typo_candidate|pattern_чо_че,dictionary
599,train,26,5,6.558477998623857,5.219519000092987,2.7800870047940407,0.17938599921762943,0.0015840014384593815,0.4290610013413243,0.13117300113663077,0.4877680003119167,0.2848190015356522,8,1,1,5,capitalization_sentence_start|final_punctuation_default|missing_letter_candidate,dictionary
600,train,57,10,7.035257000097772,4.499598999245791,1.1043329977837857,0.23254800180438906,0.0015840014384593815,0.9551410003041383,0.221459999011131,0.7705079988227226,0.5826089982292615,13,2,1,10,double_consonant_candidate|extra_letter_candidate|final_punctuation_default,dictionary
601,train,42,7,31.56916100124363,29.743917999439873,26.852756000153022,0.21225400269031525,0.0014850011211819947,0.6302270012383815,0.13929199849371798,0.6783410026400816,0.37084900031914003,9,2,0,7,dictionary_fuzzy|extra_letter_candidate,dictionary
602,train,36,7,4.670271999202669,2.8859170015493874,0.25581199952284805,0.19235500076320022,0.002573997335275635,0.6966549990465865,0.14641899906564504,0.5295449991535861,0.40658800207893364,8,0,0,7,frequent_error_exact,diff_alignment
603,train,39,6,27.018181997846114,25.091862000408582,21.514537002076395,0.22670700127491727,0.0015840014384593815,0.8037719999265391,0.1475080025556963,0.6190400017658249,0.3492680043564178,9,2,1,6,double_consonant_candidate|extra_letter_candidate|final_punctuation_default,dictionary
604,train,24,5,5.092403000162449,3.564949998690281,1.6891180021048058,0.17374299932271242,0.002178003342123702,0.5163780006114393,0.13919199773226865,0.5622150019917171,0.303628999972716,9,2,1,5,comma_subordinate|extra_letter_candidate|missing_letter_candidate|sdelat_prefix,dictionary
605,train,47,9,25.033452999196015,22.841221001726808,19.96570100891404,0.23353900178335607,0.0014850011211819947,0.7322950004891027,0.1552300018374808,0.8404020009038504,0.4575729981297627,13,2,0,9,capitalization_sentence_start|dictionary_fuzzy|pattern_чя_ча,dictionary
606,train,40,7,4.133996000746265,2.367261997278547,0.15760699898237363,0.18433599689160474,0.0018809987523127347,0.59478500043042,0.1609719984116964,0.630623002507491,0.37451300158863887,10,2,0,7,dictionary_fuzzy|frequent_error_exact,diff_alignment
607,train,70,9,28.982419997191755,26.38963900244562,23.276224004803225,0.22136200277600437,0.0011880001693498343,0.9058390023710672,0.17364399900543503,0.8188199972209986,0.687746000039624,13,2,0,9,capitalization_sentence_start|extra_letter_candidate|keyboard_typo_candidate|tsya_soft_delete,dictionary
608,train,46,8,30.121400999632897,27.96639400185086,25.486372996965656,0.2308650000486523,0.0019799990695901215,0.7637760027137119,0.14928999735275283,0.781398997787619,0.45440500252880156,12,2,2,8,dictionary_fuzzy|double_consonant_candidate|final_punctuation_default|subject_predicate_dash,dictionary
609,train,63,12,32.997417998558376,30.083980000199517,24.948509999376256,0.2968970002257265,0.002177999704144895,1.1445259988249745,0.23264699848368764,0.8946529997047037,0.6357709971780423,14,2,0,12,double_consonant_candidate|extra_letter_candidate,dictionary
610,train,73,10,31.769238001288613,29.084983001666842,22.574023001652677,0.27472200235933997,0.002177999704144895,1.0861170012503862,0.17334700169158168,0.8598060012445785,0.5593429996224586,13,2,1,10,double_consonant_candidate|extra_letter_candidate|final_punctuation_default,dictionary
611,train,56,9,21.741144999396056,19.588711998949293,16.85663699026918,0.25907999952323735,0.0018809987523127347,0.6941799983906094,0.16364499970222823,0.7767450006213039,0.5107349970785435,13,2,2,9,comma_subordinate|final_punctuation_default|keyboard_typo_candidate|missing_letter_candidate,dictionary
612,train,62,8,33.64922699984163,30.943883997679222,26.747816995339235,0.24759599909884855,0.0018810023902915418,1.093640999897616,0.2494769978511613,0.7928819977678359,0.56290800057468,11,2,1,8,dictionary_fuzzy|double_consonant_candidate|final_punctuation_default,dictionary
613,train,29,6,2.770582999801263,1.2448119996406604,0.043164003727724776,0.16790200243121944,0.0016829981177579612,0.5713219979952555,0.13810400196234696,0.5026170001656283,0.3082830007770099,9,1,1,6,extra_letter_candidate|final_punctuation_default|frequent_error_exact,diff_alignment
614,train,38,5,37.232491002214374,35.508821998519124,32.37471500324318,0.22343999808072113,0.0011880001693498343,0.4777690010087099,0.1387960001011379,0.6678470017504878,0.4331190029915888,8,1,2,5,dictionary_fuzzy|quote_close|quote_open,dictionary
615,train,68,8,34.99600699797156,32.259480001812335,27.762752000853652,0.26838600024348125,0.002574000973254442,1.191056002426194,0.2011659998970572,0.8269380014098715,0.5108330042276066,13,2,1,8,capitalization_sentence_start|dictionary_fuzzy|double_consonant_candidate|final_punctuation_default|tsya_soft_insert,dictionary
616,train,47,8,35.49347700027283,33.52171600272413,31.142080006247852,0.24284500250359997,0.001782002073014155,0.6619070009037387,0.15324999912991188,0.7234840013552457,0.426981998316478,12,3,1,8,dictionary_fuzzy|final_punctuation_default|keyboard_typo_candidate,dictionary
617,train,39,5,30.279899001470767,28.486732000601478,24.944552998931613,0.2247280026494991,0.001782002073014155,0.5137059997650795,0.15097399955266155,0.6795279987272806,0.4419309952936601,10,2,3,5,dictionary_fuzzy|final_punctuation_default|keyboard_typo_candidate|quote_close|quote_open,dictionary
618,train,27,6,27.333393998560496,25.530922001053113,23.60252399739693,0.1962160022230819,0.0018810023902915418,0.597755002672784,0.22235100186662748,0.6654700009676162,0.3103620001638774,10,2,1,6,dictionary_fuzzy|final_punctuation_default|ne_verb,dictionary
619,train,38,5,4.150032997131348,2.767314999800874,0.2432409964967519,0.20017600036226213,0.0016830017557367682,0.4728189996967558,0.12959000014234334,0.481430997751886,0.2931359995272942,8,2,0,5,capitalization_sentence_start|extra_letter_candidate,diff_alignment
620,train,52,7,31.58410999822081,29.176952000852907,26.048983992950525,0.24056700203800574,0.0013859971659258008,0.6422059996111784,0.15899199934210628,0.7399179994536098,0.8591119985794649,10,2,1,7,dictionary_fuzzy|final_punctuation_default,dictionary
621,train,50,10,4.8122369989869185,2.4047820006671827,0.19275200247648172,0.2337360019737389,0.002177999704144895,0.9144529976765625,0.3030359985132236,0.7412039994960651,0.4417329982970841,13,0,1,10,comma_subordinate|context_chto_by|frequent_error_exact,diff_alignment
622,train,68,13,33.301343999482924,29.789259999233764,26.072840995766455,0.32174599982681684,0.0016829981177579612,1.2607509997906163,0.16859499737620354,0.952864000282716,1.1222509965591598,16,2,1,13,dictionary_fuzzy|hyphen_po_adverbs|missing_letter_candidate|n_nn_short_form|subject_predicate_dash,dictionary
623,train,47,7,8.984743002656614,6.9634819992643315,2.1071919982205145,0.22641100076725706,0.002277000021422282,0.6194359993969556,0.21363999985624105,0.6680440019408707,0.5139040003996342,11,2,2,7,keyboard_typo_candidate|quote_close|quote_open,dictionary
624,train,28,6,7.237907000671839,5.61155399918789,3.56613699477748,0.1781980026862584,0.001782002073014155,0.5032109984313138,0.13038099859841168,0.6017150008119643,0.384808998205699,10,2,1,6,capitalization_sentence_start|comma_subordinate|dictionary_fuzzy|extra_letter_candidate,dictionary
625,train,48,9,13.561064999521477,11.187666001205798,8.057519993599271,0.24343900076928549,0.0015840014384593815,0.7049710002320353,0.16225899889832363,0.9221750005963258,0.5775589997938368,15,2,4,9,keyboard_typo_candidate|quote_close|quote_open,dictionary
626,train,44,8,31.386309998197248,29.476127001544228,25.641305994213326,0.23096500081010163,0.0015840014384593815,0.6190400017658249,0.16701099957572296,0.7417989982059225,0.37649200021405704,10,0,0,8,capitalization_sentence_start|prefix_pre_pri,dictionary
627,train,116,13,16.05286700214492,13.032115002715727,6.066057005227776,0.39391699829138815,0.0023760003386996686,1.0610700010147411,0.2150250002159737,0.9577150012773927,0.7812990006641485,14,0,0,13,capitalization_sentence_start,dictionary
628,train,48,8,8.359268002095632,6.432353002310265,3.8625400011369493,0.22571799854631536,0.0018810023902915418,0.6453739988501184,0.16225900253630243,0.618049998593051,0.4954899959557224,11,0,2,8,capitalization_sentence_start|quote_close|quote_open,dictionary
629,train,70,12,7.948818998556817,5.265849998977501,0.4676710013882257,0.3065000018978026,0.0014850011211819947,0.9375189983984455,0.16473399955430068,0.8831689992803149,0.6915080011822283,14,0,1,12,comma_subordinate|context_to_zhe,diff_alignment
630,train,50,10,7.665088000067044,5.476124002598226,3.51624299219111,0.24482400112901814,0.0016830017557367682,0.7057629991322756,0.1546359999338165,0.8116919998428784,0.5105370037199464,13,2,1,10,comma_subordinate|extra_letter_candidate|missing_letter_candidate,dictionary
631,train,34,6,27.577427001233445,25.754460999451112,22.98229500593152,0.19205799981136806,0.0019799990695901215,0.6060710002202541,0.19878999955835752,0.6769549981981982,0.33451700073783286,9,2,0,6,capitalization_sentence_start|dictionary_fuzzy|extra_letter_candidate,dictionary
632,train,72,14,30.024976997083286,27.134406998811755,22.276235002209432,0.30689699997310527,0.0018810023902915418,1.1560099992493633,0.1703770030871965,0.8766350001678802,0.6819050031481311,15,0,0,14,context_tak_zhe,dictionary
633,train,54,8,28.46495199992205,26.549322999926517,23.656971996388165,0.23779500043019652,0.001781998435035348,0.7204149987956043,0.14176699914969504,0.6162680001580156,0.43163499867659993,9,1,0,8,dictionary_fuzzy,dictionary
634,train,41,7,12.793131001672009,10.578426998108625,8.188789994164836,0.21453099907375872,0.001781998435035348,0.676954001392005,0.19433499983279034,0.85376599963638,0.4825209980481304,15,4,1,7,capitalization_sentence_start|dictionary_fuzzy|final_punctuation_default|missing_letter_candidate|ne_verb|tsya_soft_delete,dictionary
635,train,34,5,25.306490999355447,23.87625399933313,21.505132997845067,0.23878600040916353,0.0015839978004805744,0.47578899830114096,0.14839899813523516,0.5083599971840158,0.2927390014519915,7,2,0,5,extra_letter_candidate,dictionary
636,train,51,10,27.655239999148762,24.6287449990632,21.335943001759006,0.20562099962262437,0.0016829981177579612,1.5507179996347986,0.1716639999358449,0.8095140001387335,0.4869760014116764,12,2,0,10,double_consonant_candidate|extra_letter_candidate,dictionary
637,train,50,10,5.554728999413783,3.1312360006268136,0.31115300953388214,0.21562000256380998,0.002178003342123702,0.9680110015324317,0.19334500029799528,0.8066429982136469,0.4490589999477379,13,2,0,10,dictionary_fuzzy|keyboard_typo_candidate|ne_verb,diff_alignment
638,train,24,5,2.9448210007103626,1.6720909989089705,0.04969799556420185,0.1475080025556963,0.0018809987523127347,0.4489599996304605,0.11582899969653226,0.4360899984021671,0.2668020024430007,8,2,0,5,dictionary_fuzzy|frequent_error_exact,diff_alignment
639,train,41,8,28.14330399996834,26.140952999412548,23.554014005640056,0.251357996603474,0.001386000803904608,0.707347000570735,0.1316679990850389,0.7236810015456285,0.43341800119378604,11,2,0,8,capitalization_sentence_start|extra_letter_candidate|keyboard_typo_candidate,dictionary
640,train,39,7,29.571364000730682,27.699691003363114,25.44053699966753,0.20571999993990175,0.0020789993868675083,0.6705189989588689,0.15622000137227587,0.5942909992882051,0.4454949994396884,9,2,0,7,dictionary_fuzzy,dictionary
641,train,39,7,32.046336000348674,30.03814399926341,27.38675500586396,0.21651100178132765,0.0023760003386996686,0.7296210023923777,0.14354800077853724,0.7618950003234204,0.36560399530571885,11,2,1,7,capitalization_sentence_start|dictionary_fuzzy|extra_letter_candidate|final_punctuation_default,dictionary
642,train,135,18,31.165641998086357,26.992938001058064,20.534941995720146,0.5250899994280189,0.002177999704144895,1.5381450029963162,0.34669399974518456,0.9651399996073451,1.3148050020390656,16,2,3,18,capitalization_sentence_start|comma_subordinate|keyboard_typo_candidate|missing_letter_candidate,dictionary
643,train,58,12,26.91621399935684,24.131374000717187,20.253686994692544,0.26917799914372154,0.002177999704144895,0.9996910011977889,0.22017400260665454,0.8647549984743819,0.6928939983481541,15,2,0,12,capitalization_sentence_start|extra_letter_candidate|missing_letter_candidate,dictionary
644,train,65,11,7.051096999930451,4.4755420021829195,0.37174100361880846,0.316400000883732,0.0018800019461195916,1.0138469988305587,0.1796830001694616,0.8411939998040907,0.5348910017346498,14,0,2,11,comma_subordinate|frequent_error_exact|subject_predicate_dash,diff_alignment
645,train,59,7,27.045779999752995,24.651126001117518,20.70760299829999,0.243041999056004,0.0016830017557367682,0.92525899890461,0.14899400048307143,0.7456499988620635,0.5674269996234216,11,1,1,7,capitalization_sentence_start|dictionary_fuzzy|final_punctuation_default|ne_participle,dictionary
646,train,46,7,13.397563001490198,11.187726002390264,8.804516000964213,0.219588000618387,0.002077998942695558,0.6915199992363341,0.23997400057851337,0.8329320007760543,0.4370989991002716,13,4,1,7,dictionary_fuzzy|extra_letter_candidate|final_punctuation_default|frequent_error_exact|missing_letter_candidate,dictionary
647,train,51,7,32.78081299868063,30.773840997426305,25.919246003468288,0.24472299992339686,0.0018799983081407845,0.6493639994005207,0.14863500109640881,0.6692549977742601,0.5333839981176425,10,1,2,7,quote_close|quote_open|swapped_letters_candidate,dictionary
648,train,36,6,13.528584000596311,11.06699600131833,6.1265049953362904,0.16753599993535317,0.0018810023902915418,1.3830409989168402,0.13844299974152818,0.5734629994549323,0.3609990017139353,8,2,0,6,dictionary_fuzzy|double_consonant_candidate,dictionary
649,train,56,7,34.46280699790805,32.09226100079832,25.01832899361034,0.2519469999242574,0.00395800088881515,1.0300559988536406,0.2016769976762589,0.6840990026830696,0.44857800094177946,10,2,1,7,dictionary_fuzzy|double_consonant_candidate|final_punctuation_default,dictionary
650,train,40,6,27.20303100068122,25.335590002214303,22.426908999477746,0.20137999672442675,0.0019789986254181713,0.6220519971975591,0.14863500109640881,0.709332998667378,0.38108700027805753,11,4,0,6,dictionary_fuzzy|keyboard_typo_candidate|ne_verb,dictionary
651,train,51,7,30.91574700010824,28.848508998635225,25.751513003342552,0.226415999350138,0.0019790022633969784,0.6463960016844794,0.2017760016315151,0.7829579990357161,0.42987499909941107,11,2,1,7,capitalization_sentence_start|dictionary_fuzzy|extra_letter_candidate|final_punctuation_default,dictionary
652,train,63,14,5.599849002464907,2.7934919999097474,0.1092529964807909,0.33249899934162386,0.0018800019461195916,1.1278269994363654,0.17436400230508298,0.8743960024730768,0.6235359978745691,16,0,2,14,final_punctuation_default|frequent_error_exact|subject_predicate_dash,diff_alignment
653,train,42,7,24.65040199967916,22.77356000195141,19.666270003654063,0.2221610011474695,0.0015839978004805744,0.6656919977103826,0.1502190025348682,0.6913220022397581,0.3637709996837657,11,2,0,7,capitalization_sentence_start|dictionary_fuzzy|ne_verb,dictionary
654,train,40,7,28.642675999435596,26.77929199853679,24.200240997743094,0.24116100030369125,0.0016829981177579612,0.5889999993087258,0.18040099894278683,0.676875002682209,0.4104790023120586,11,3,1,7,dictionary_fuzzy|extra_letter_candidate|final_punctuation_default,dictionary
655,train,35,6,25.136188000033144,23.382549999951152,21.15361499818391,0.20474499979172833,0.0018799983081407845,0.5868230000487529,0.14705200010212138,0.6737080002494622,0.3397229993424844,10,2,2,6,comma_subordinate|extra_letter_candidate|final_punctuation_default,dictionary
656,train,35,7,5.785198998637497,3.9692150021437556,1.4939729990146589,0.19118699856335297,0.002078002580674365,0.5946400015091058,0.18802100021275692,0.6775679976271931,0.34932200287585147,11,2,1,7,extra_letter_candidate|final_punctuation_default|missing_letter_candidate|sdelat_prefix,dictionary
657,train,77,10,50.32423200100311,47.5614159986435,42.07467599553638,0.2954890005639754,0.001682001311564818,0.8789470011834055,0.1841609991970472,0.9309999986726325,0.761187999160029,15,4,0,10,capitalization_sentence_start|dictionary_fuzzy|extra_letter_candidate|keyboard_typo_candidate|missing_letter_candidate,dictionary
658,train,23,5,2.4235860000771936,1.1500930013426114,0.041365998185938224,0.14487499720416963,0.001682001311564818,0.44432300273911096,0.12300500020501204,0.40256200009025633,0.29845800236216746,7,2,0,5,dictionary_fuzzy|missing_letter_candidate,diff_alignment
659,train,42,6,26.15476599748945,24.271096001029946,22.234931002458325,0.224734001676552,0.0014850011211819947,0.7329839972953778,0.15971899847500026,0.6342240012600087,0.3504109990899451,8,2,0,6,double_consonant_candidate|missing_letter_candidate,dictionary
660,train,96,15,34.4481599968276,30.715058997884626,23.932263000460807,0.3136970008199569,0.002177002897951752,1.5754150008433498,0.19791699742199853,1.0359940024500247,0.9176409985229839,16,2,0,15,dictionary_fuzzy|double_consonant_candidate,dictionary
661,train,104,18,35.06853100043372,31.453684001462534,25.42030099357362,0.4162190016359091,0.002077998942695558,1.4419210019696038,0.2006879985856358,0.9434679996047635,1.0210510044998955,16,1,1,18,context_chto_by|dictionary_fuzzy|introductory_comma,dictionary
662,train,55,10,29.064534999633906,26.75841200107243,23.40521300357068,0.229386001592502,0.0018800019461195916,0.8118530022329651,0.18178700338467024,0.8107650028250646,0.49607800247031264,12,2,0,10,extra_letter_candidate,dictionary
663,train,56,9,33.232261001103325,31.091695000213804,28.097219994378975,0.2405680024821777,0.002078002580674365,0.7591089997731615,0.16902100105653517,0.7518849997723009,0.4554049992293585,11,2,0,9,dictionary_fuzzy,dictionary
664,train,36,6,3.9384400006383657,2.2260660007304978,0.05393200626713224,0.17693699919618666,0.0018809987523127347,0.5535719974432141,0.24581300021964125,0.5605000005743932,0.3460570005699992,10,2,0,6,capitalization_sentence_start|extra_letter_candidate|frequent_error_exact|missing_letter_candidate,diff_alignment
665,train,58,7,28.108598999097012,25.96229299888364,22.094410996942315,0.2329479975742288,0.0016829981177579612,0.9254579999833368,0.1515059993835166,0.666583000565879,0.396822997572599,9,2,0,7,double_consonant_candidate|extra_letter_candidate,dictionary
666,train,29,6,2.8895809991809074,1.3596859971585218,0.050073995225830004,0.16723899898352101,0.001781998435035348,0.598104001255706,0.13072400179225951,0.47895799798425287,0.31686500005889684,8,1,0,6,extra_letter_candidate|frequent_error_exact,diff_alignment
667,train,42,7,28.66573299979791,26.84500100076548,24.452287005260587,0.22958399858907796,0.0012860000424552709,0.6169059997773729,0.12884399984613992,0.6696500022371765,0.3990990044258069,10,2,1,7,comma_subordinate|dictionary_fuzzy|extra_letter_candidate,dictionary
668,train,72,11,27.651509997667745,24.693350998859387,21.478889000718482,0.2693639980861917,0.0015830009942874312,1.3684939985978417,0.16239099932136014,0.8168020031007472,0.6038430001353845,13,2,0,11,double_consonant_candidate|extra_letter_candidate,dictionary
669,train,73,10,6.63713000176358,3.871742002957035,0.4088949899596628,0.26570300178718753,0.002077998942695558,1.1446509997767862,0.23641100051463582,0.8220460003940389,0.556541999685578,13,2,1,10,dictionary_fuzzy|double_consonant_candidate|final_punctuation_default,diff_alignment
670,train,42,7,15.512300000409596,13.66237500042189,11.723289000656223,0.2258219974464737,0.0016830017557367682,0.5451610013551544,0.14705200010212138,0.6960720020288136,0.45570200018119067,11,2,2,7,comma_subordinate|dictionary_fuzzy|extra_letter_candidate|final_punctuation_default,dictionary
671,train,67,14,32.41753699694527,29.529638999520103,24.109495021548355,0.2981609977723565,0.002573000529082492,1.1451450009190012,0.1993019977817312,0.9691970008134376,0.5677230001310818,16,2,0,14,dictionary_fuzzy|ne_verb,dictionary
672,train,76,10,41.40433299835422,38.449439001851715,33.99394299776759,0.23868700009188615,0.0023749998945277184,1.0994260010193102,0.19841099856421351,1.0193690031883307,0.6302650035650004,16,4,0,10,capitalization_sentence_start|dictionary_fuzzy|double_consonant_candidate|keyboard_typo_candidate|tsya_soft_delete,dictionary
673,train,40,6,3.133315000013681,1.4672539982711896,0.17317699530394748,0.22077600078773685,0.0023749998945277184,0.5985989992041141,0.14398400162463076,0.5644580014632083,0.353082999936305,10,2,1,6,extra_letter_candidate|final_punctuation_default|frequent_error_exact|keyboard_typo_candidate,diff_alignment
674,train,51,7,6.331646000035107,4.546043001028011,0.441055995906936,0.2143439996871166,0.0016830017557367682,0.6490669984486885,0.15279099898179993,0.5875150018255226,0.39048899998306297,10,2,0,7,dictionary_fuzzy|frequent_error_exact,diff_alignment
675,train,25,5,26.347735001763795,24.843074003001675,23.280918998352718,0.1767390021996107,0.0015829973563086241,0.4836090010940097,0.15665099999750964,0.5415979976532981,0.3168639996147249,7,2,0,5,dictionary_fuzzy,dictionary
676,train,58,11,6.475035999756074,3.6097990014241077,0.2964789964607917,0.2961819991469383,0.0023749998945277184,1.101305999327451,0.20514000061666593,0.8825099976093043,0.6701460006297566,14,0,2,11,comma_subordinate|frequent_error_exact,diff_alignment
677,train,38,7,4.077377001522109,2.0215189979353454,0.1852490022429265,0.19969800268881954,0.0015840014384593815,0.7896870010881685,0.204644999030279,0.6187859980855137,0.4364059968793299,11,2,0,7,extra_letter_candidate|frequent_error_exact|missing_letter_candidate|n_nn_short_form,diff_alignment
678,train,39,7,4.511111001193058,2.654456999152899,0.16714099547243677,0.17357300021103583,0.0014849974832031876,0.7361509997281246,0.1351770006294828,0.600280000071507,0.37930699545540847,10,2,0,7,extra_letter_candidate|frequent_error_exact|keyboard_typo_candidate,diff_alignment
679,train,70,12,7.229593000374734,4.490329996770015,0.6021600020176265,0.3087490003963467,0.0016830017557367682,1.020160001644399,0.16001499898266047,0.9015089999593329,0.651443002425367,15,2,0,12,extra_letter_candidate|missing_letter_candidate|sdelat_prefix,diff_alignment
680,train,31,6,32.135407000168925,30.34901299906778,26.6805320061394,0.21879700216231868,0.0013859971659258008,0.5568380001932383,0.1350780003122054,0.707155999407405,0.3804929983743932,10,2,2,6,comma_subordinate|dictionary_fuzzy|extra_letter_candidate|subject_predicate_dash,dictionary
681,train,42,6,3.6422579978534486,2.0113260034122504,0.2472970008966513,0.23651100127608515,0.002077998942695558,0.5716820014640689,0.15496899868594483,0.5153750025783665,0.3833640002994798,9,2,0,6,dictionary_fuzzy|frequent_error_exact,diff_alignment
682,train,81,11,29.004764001001604,25.880454002617626,16.3087159889983,0.3074630003538914,0.0016830017557367682,1.3887799977965187,0.18485500186216086,0.9243690001312643,0.6199730014486704,14,2,0,11,context_chto_by|double_consonant_candidate|keyboard_typo_candidate,dictionary
683,train,45,9,27.762739002355374,25.6817459994636,22.13983199908398,0.22156799968797714,0.0019790022633969784,0.718139999662526,0.14062000263947994,0.7604940001328941,0.4553079961624462,12,2,0,9,capitalization_sentence_start|dictionary_fuzzy|keyboard_typo_candidate,dictionary
684,train,40,7,16.881585997907678,14.948536001611501,12.56245400509215,0.20147899704170413,0.002077998942695558,0.5991920006636064,0.22730800264980644,0.669749999360647,0.43086500227218494,10,2,0,7,missing_letter_candidate|tsya_soft_insert,dictionary
685,train,31,5,13.333932998648379,11.798595001891954,9.564315998431994,0.19831200188491493,0.0017810016288422048,0.4831139995076228,0.14220299999578856,0.564359001145931,0.3396240026631858,7,2,0,5,dictionary_fuzzy|extra_letter_candidate,dictionary
686,train,69,10,6.863744998554466,4.476672998862341,0.374359999113949,0.2396769996266812,0.0019799990695901215,0.9595000010449439,0.2280000007885974,0.7023069993010722,0.49202000082004815,12,0,0,10,capitalization_sentence_start|n_nn_participle,diff_alignment
687,train,73,15,27.961645002505975,24.831001999700675,19.43292800206109,0.3385359996173065,0.0015830009942874312,1.2274780019652098,0.17268200099351816,0.9869099994830322,0.7371399988187477,16,1,1,15,context_to_zhe|dictionary_fuzzy|explanation_colon,dictionary
688,train,57,8,36.098486998525914,33.86875999785843,26.85321299577481,0.2550150020397268,0.0019799990695901215,0.7595040005980991,0.16209399836952798,0.808885000878945,0.49271299940301105,12,2,0,8,dictionary_fuzzy|extra_letter_candidate|ne_adverb|ne_participle,dictionary
689,train,36,5,18.953375998535194,16.96005999838235,13.939062002464198,0.18435899983160198,0.0018799983081407845,0.9125930009759031,0.21661999926436692,0.5625779995170888,0.29568599711637944,7,2,0,5,double_consonant_candidate|extra_letter_candidate,dictionary
690,train,83,13,8.410660000663484,5.355918001441751,0.5783119922853075,0.3284430022176821,0.0018799983081407845,1.1856189994432498,0.2103850019921083,0.8978480000223499,0.7534670003224164,16,2,2,13,dictionary_fuzzy|missing_letter_candidate|n_nn_short_form|quote_close|quote_open,diff_alignment
691,train,50,9,5.6140990018320736,3.529642999637872,0.09609000699128956,0.2161250013159588,0.0014850011211819947,0.7612859990331344,0.1637760033190716,0.7172500008891802,0.4369999987829942,11,2,0,9,dictionary_fuzzy,diff_alignment
692,train,76,13,40.89667700100108,37.43600799862179,33.852036995085655,0.2544210001360625,0.0014850011211819947,1.1186240008100867,0.18376499792793766,0.9957180009223521,1.155336998635903,16,2,0,13,capitalization_sentence_start|dictionary_fuzzy|extra_letter_candidate,dictionary
693,train,57,10,31.95493100065505,29.54252500057919,25.563688006513985,0.25878199812723324,0.0019790022633969784,0.8728940010769293,0.2135520007868763,0.8221460011554882,0.49728399972082116,13,2,0,10,capitalization_sentence_start|dictionary_fuzzy|extra_letter_candidate,dictionary
694,train,36,7,6.736338997143321,4.838903998461319,2.016640002693748,0.21218899928499013,0.0019789986254181713,0.570190000871662,0.1355239983240608,0.6579350010724738,0.5281490011839196,11,2,2,7,comma_subordinate|keyboard_typo_candidate|missing_letter_candidate|subject_predicate_dash,dictionary
695,train,85,14,34.950777000631206,31.888426001387415,26.916473994788248,0.33554599940543994,0.001682001311564818,1.1456240026745945,0.19725200036191382,1.0173209993808996,0.6963160012674052,16,2,0,14,dictionary_fuzzy|missing_letter_candidate|tsya_soft_insert,dictionary
696,train,36,7,3.5520169985829853,1.4774109986319672,0.0524280039826408,0.1836989977164194,0.0022750027710571885,0.7087810008670203,0.16351900194422342,0.7578470031148754,0.4386229957162868,14,4,1,7,dictionary_fuzzy|final_punctuation_default|frequent_error_exact,diff_alignment
697,train,42,7,5.150312001205748,3.2506989991816226,0.3514729978633113,0.20368200057419017,0.001682001311564818,0.6603090005228296,0.17954500071937218,0.6319179992715362,0.4222030001983512,11,2,0,7,capitalization_sentence_start|extra_letter_candidate|frequent_error_exact|keyboard_typo_candidate,diff_alignment
698,train,81,11,34.304911001527216,31.042637998325517,26.748208001663443,0.3267419997428078,0.0013850003597326577,0.9845780004980043,0.1822160011215601,1.2080439992132597,0.8795220019237604,16,2,4,11,dictionary_fuzzy|extra_letter_candidate|final_punctuation_default|introductory_comma|quote_close|quote_open,dictionary
699,train,47,8,3.807534998486517,1.7856539998319931,0.0924929954635445,0.21436599854496308,0.0018790015019476414,0.7219379986054264,0.20862799647147767,0.6165849990793504,0.4693890005000867,10,2,0,8,extra_letter_candidate,diff_alignment
700,train,41,4,28.024703002301976,26.143688999582082,22.64271599779022,0.2396890013187658,0.0017799975466914475,0.8515269983035978,0.1607490012247581,0.5581209989031777,0.3040890005649999,7,2,1,4,double_consonant_candidate|extra_letter_candidate|final_punctuation_default,dictionary
701,train,61,9,28.57906700228341,26.31067000038456,22.613434008235345,0.25165999977616593,0.0018790015019476414,0.8148260021698661,0.18310599989490584,0.7784230001561809,0.4860070002905559,11,1,0,9,capitalization_sentence_start|dictionary_fuzzy,dictionary
702,train,42,7,23.9002199996321,21.669810001185397,18.859910989704076,0.1866670027084183,0.002076998498523608,0.96548600049573,0.24701000074855983,0.6040219996066298,0.4073629970662296,9,2,0,7,double_consonant_candidate|extra_letter_candidate,dictionary
703,train,52,8,20.395191000716295,18.16824300112785,15.857903003052343,0.2313799996045418,0.002176999259972945,0.8148270026140381,0.16144099936354905,0.7446900017384905,0.49985700024990365,11,2,1,8,double_consonant_candidate|final_punctuation_default|missing_letter_candidate,dictionary
704,train,42,6,4.091740000149002,2.3358619982900564,0.18943798932014033,0.2107050022459589,0.0017800011846702546,0.6232129999261815,0.14383400048245676,0.5328970000846311,0.4501970033743419,8,2,0,6,dictionary_fuzzy|extra_letter_candidate,diff_alignment
705,train,74,12,31.515290000243112,28.56679999968037,23.361289993772516,0.31378300263895653,0.0014840006770100445,1.0201889999734703,0.21654200099874288,1.0054500016849488,0.6996800002525561,15,2,1,12,comma_subordinate|extra_letter_candidate,dictionary
706,train,77,10,10.709768001106568,8.302979000291089,4.17236000430421,0.26689299920690246,0.0019789986254181713,0.8566699980292469,0.18577700029709376,0.8272909981315024,0.5305220001901034,14,1,0,10,capitalization_sentence_start|context_chto_by|extra_letter_candidate|ne_participle,dictionary
707,train,50,11,6.819534002715955,4.368228997918777,1.6762480008765124,0.23692000104347244,0.002077998942695558,0.805528001365019,0.15293500109692104,0.901383002201328,0.5853249967913143,16,2,2,11,capitalization_sentence_start|comma_subordinate|extra_letter_candidate|final_punctuation_default,dictionary
708,train,39,8,4.566470001009293,2.6592399990477134,0.30834099743515253,0.19982400044682436,0.0014840006770100445,0.6693109971820377,0.1457129983464256,0.6112439987191465,0.4753239991259761,11,0,3,8,final_punctuation_default|quote_close|quote_open,diff_alignment
709,train,60,12,15.802407997398404,13.209939999796916,9.538723003061023,0.25403300242032856,0.0014840006770100445,0.9672659980424214,0.17608200141694397,0.877247002790682,0.5655409986502491,15,2,0,12,dictionary_fuzzy|extra_letter_candidate|pattern_шо_ше,dictionary
710,train,45,8,24.28750200124341,20.88426499904017,18.215130003227387,0.22178499784786254,0.0013850003597326577,1.3913479997427203,0.1359189991489984,1.3523720008379314,0.5143980015418492,11,2,0,8,missing_letter_candidate|tsya_soft_insert,dictionary
711,train,65,12,24.21212400076911,21.506093002244597,18.0981060002523,0.29686700145248324,0.002472999767633155,0.9585609986970667,0.15847400209167972,0.9090999992622528,0.6733669979439583,15,1,1,12,comma_subordinate|dictionary_fuzzy|ne_adjective,dictionary
712,train,40,6,5.95860900284606,3.8920150000194553,0.72549899778096,0.2243570015707519,0.0022759995772503316,0.5628699982480612,0.3137829990009777,0.6958220001251902,0.48719400001573376,10,2,2,6,final_punctuation_default|introductory_comma|keyboard_typo_candidate|missing_letter_candidate,dictionary
713,train,67,9,46.25348699846654,43.41579100218951,35.534421000193106,0.2710479966481216,0.0017800011846702546,1.3082519981253427,0.21110099987708963,0.7432069978676736,0.5693009989045095,10,1,0,9,double_consonant_candidate,dictionary
714,train,70,12,31.460683996556327,28.717360000882763,24.422235001111403,0.2982520018122159,0.001978001819225028,1.021772997773951,0.18320399976801127,0.9297739998146426,0.6018450003466569,16,2,2,12,comma_subordinate|extra_letter_candidate,dictionary
715,train,42,6,31.08458000133396,29.107907001161948,26.50079899467528,0.21604699941235594,0.0021760024537798017,0.847965002321871,0.18043500313069671,0.574542998947436,0.36789300065720454,8,2,0,6,dictionary_fuzzy|double_consonant_candidate,dictionary
716,train,66,11,5.845936000696383,3.4923670027637854,0.16500499987159856,0.27154299823450856,0.0018799983081407845,0.9258170030079782,0.17281799955526367,0.7181780019891448,0.5316110036801547,12,1,0,11,dictionary_fuzzy,diff_alignment
717,train,35,6,15.25328800198622,13.394232999417,9.982486997614615,0.19141499797115102,0.0017799975466914475,0.7931619984447025,0.14551500134984963,0.5894799978705123,0.32505899798707105,8,2,0,6,double_consonant_candidate|extra_letter_candidate,dictionary
718,train,65,8,15.937140000460204,13.191441998060327,8.89750300484593,0.26689299920690246,0.0021759988158009946,0.7504269997298252,0.643788996967487,0.7483499975933228,0.5957129978924058,11,1,2,8,missing_letter_candidate|quote_close|quote_open,dictionary
719,train,47,8,26.998083001672057,24.655494999024086,22.253849001572235,0.24681200011400506,0.0019789986254181713,0.9594510011083912,0.1708390009298455,0.7471639983123168,0.45900199984316714,12,2,2,8,dictionary_fuzzy|double_consonant_candidate|quote_close|quote_open,dictionary
720,train,226,38,62.10822499997448,56.679347002500435,45.2067839942174,0.5197400023462251,0.002077998942695558,2.8013919982186053,0.349196998286061,0.9784440007933881,1.2919299988425337,16,6,1,38,capitalization_sentence_start|dictionary_fuzzy|double_consonant_candidate|final_punctuation_default|missing_letter_candidate|n_nn_short_form,dictionary
721,train,189,28,18.576398000732297,12.717798999801744,1.3977759881527163,0.857659997564042,0.002373999450355768,2.5210460007656366,0.3502850013319403,1.0432390008645598,1.935620999574894,16,2,4,28,capitalization_sentence_start|comma_subordinate|context_tak_zhe|dictionary_fuzzy|introductory_comma|missing_letter_candidate|quote_close|quote_open,diff_alignment
722,train,125,21,7.916981998278061,4.180869000265375,0.15659400742151774,0.5415029991127085,0.002077002136502415,1.5475469990633428,0.2163440003641881,0.8845669981383253,1.0805329984577838,16,2,1,21,dictionary_fuzzy|final_punctuation_default|missing_letter_candidate,diff_alignment
723,train,130,19,10.897127001953777,7.019356999080628,1.2713530122709926,0.5111339996801689,0.002077998942695558,1.5832579993002582,0.2550230019551236,1.0072309996758122,1.0255319975840393,16,0,0,19,hyphen_po_adverbs,diff_alignment
724,train,153,19,53.30321400106186,48.69104200042784,38.11630101699848,0.5456580001919065,0.0021759988158009946,1.7492500010121148,0.3021099983016029,0.9922930003085639,1.5527889991062693,16,0,2,19,ne_adverb|quote_close|quote_open,dictionary
725,train,91,15,20.45543499843916,17.03201700001955,10.268275993439602,0.3641340008471161,0.0022749991330783814,1.2306980024732184,0.2771809995465446,1.0019889996328857,0.9056380040419754,16,4,0,15,capitalization_sentence_start|dictionary_fuzzy|keyboard_typo_candidate|missing_letter_candidate|tsya_soft_insert,dictionary
726,train,83,10,37.722492998000234,34.5209570004954,25.65392299584346,0.36245299997972324,0.0025720000849105418,1.272542001970578,0.2230709978903178,0.9381829986523371,0.7609139975102153,14,2,1,10,capitalization_sentence_start|double_consonant_candidate|extra_letter_candidate|final_punctuation_default,dictionary
727,train,145,24,11.001194001437398,6.549572997755604,0.7734810133115388,0.5867110012331977,0.001682001311564818,1.9894350007234607,0.22623599943472072,0.9752789992489852,1.2538459995994344,16,1,1,24,comma_subordinate|extra_letter_candidate|frequent_error_exact,diff_alignment
728,train,211,35,61.02403199838591,55.7912190015486,46.0636520110711,0.46028699944145046,0.001977998181246221,2.516791999369161,0.2958780023618601,1.0544169999775477,1.357913002721034,16,4,0,35,capitalization_sentence_start|dictionary_fuzzy|extra_letter_candidate|pattern_жо_же,dictionary
729,train,124,17,16.469938000227557,12.51204000072903,4.793297004653141,0.5114310006320011,0.0021759988158009946,1.5806859992153477,0.23662300009164028,0.972805999481352,1.1596709955483675,16,2,2,17,keyboard_typo_candidate|missing_letter_candidate|n_nn_short_form|quote_close|quote_open,dictionary
730,train,90,15,14.920314002665691,11.470286000985652,6.064749999495689,0.35058199864579365,0.0018799983081407845,1.3113189997966401,0.2013080011238344,1.1148590019729454,0.8150239991664421,16,1,0,15,context_chto_by|keyboard_typo_candidate,dictionary
731,train,125,19,17.222244998265523,13.2179529973655,6.075737011997262,0.48076500024762936,0.002077002136502415,1.6016580011637416,0.2652119983395096,0.9786419977899641,1.152053999248892,16,0,2,19,quote_close|quote_open|tsya_soft_insert,dictionary
732,train,236,29,47.55382599978475,42.46692300148425,29.493306021322496,0.5397220011218451,0.0022759995772503316,2.338927999517182,0.34385500111966394,1.0302800001227297,1.3667159983015154,16,0,4,29,quote_close|quote_open,dictionary
733,train,74,12,5.918743001529947,2.9239570030767936,0.10505600585020147,0.3184320012223907,0.0023740030883345753,1.2867859986727126,0.17786299940780737,0.8740810008021072,0.6491309977718629,16,2,1,12,context_chto_by|double_consonant_candidate|extra_letter_candidate|final_punctuation_default,diff_alignment
734,train,192,24,17.14755799912382,10.91631799863535,0.8443019942205865,0.9878420023596846,0.001978001819225028,2.7771560016844887,0.2986470026371535,0.9652879998611752,2.181642001232831,16,2,9,24,comma_subordinate|extra_letter_candidate|frequent_error_exact|keyboard_typo_candidate|ne_adverb|quote_close|quote_open|subject_predicate_dash,diff_alignment
735,train,145,21,13.290660997881787,9.020661997055868,1.2329689961916301,0.4971859998477157,0.0021759988158009946,1.900503000797471,0.26590400011627935,0.9289830013585743,1.1675839996314608,16,2,0,21,extra_letter_candidate|frequent_error_exact|keyboard_typo_candidate|ne_adjective,diff_alignment
736,train,78,11,8.785226000327384,6.143298000097275,0.6841490030637942,0.2741150019573979,0.0018800019461195916,1.023059001454385,0.21614700017380528,0.8068139977694955,0.5897779992665164,13,1,0,11,extra_letter_candidate|frequent_error_exact,diff_alignment
737,train,54,7,4.7924089994921815,2.8710340011457447,0.38876600228832103,0.2490879996912554,0.001681997673586011,0.7016589988779742,0.14551499771187082,0.6783130011172034,0.3897559981851373,10,1,0,7,extra_letter_candidate|frequent_error_exact|ne_adverb,diff_alignment
738,train,120,17,12.463865998142865,8.672750998812262,0.8377759913855698,0.40231900129583664,0.001682001311564818,1.6393469995819032,0.2224770032626111,1.0155400013900362,0.9068240033229813,16,1,0,17,extra_letter_candidate|frequent_error_exact|n_nn_short_form|tsya_soft_delete,diff_alignment
739,train,125,17,13.134560998878442,9.010473000671482,0.819673001387855,0.4602879998856224,0.001682001311564818,1.5752449980936944,0.2144639984180685,1.3122100026521366,1.0156390017073136,16,1,0,17,extra_letter_candidate|frequent_error_exact,diff_alignment
740,train,254,37,53.18748699937714,47.54591500022798,27.88484299162519,0.5706049996661022,0.002076998498523608,3.1558289992972277,0.32367500170948915,0.958161002927227,1.1960940028075129,16,3,0,37,dictionary_fuzzy|extra_letter_candidate|frequent_error_exact,dictionary
741,train,151,22,39.235537999047665,34.683458998188144,26.952706997690257,0.5889979984203819,0.0025709996407385916,1.8369110002822708,0.2881699983845465,1.0706989996833727,1.3489800003299024,16,2,2,22,dictionary_fuzzy|extra_letter_candidate|quote_close|quote_open,dictionary
742,train,82,14,9.938903000147548,6.581631998415105,0.8942779968492687,0.34552700162748806,0.001976997737074271,1.2892500017187558,0.24554799892939627,1.0107710004376713,0.8048780000535771,16,1,1,14,extra_letter_candidate|final_punctuation_default|frequent_error_exact,diff_alignment
743,train,132,18,64.14158500047051,60.06557000000612,50.52688300202135,0.466670000605518,0.0018790015019476414,1.6049120022216812,0.24574599956395105,1.0278800000378396,1.189270999020664,16,2,0,18,context_chto_by|dictionary_fuzzy|extra_letter_candidate,dictionary
744,train,208,37,12.169401998107787,6.82747600149014,0.2739289993769489,0.5682310002157465,0.0021750020096078515,2.764217999356333,0.3118050008197315,0.9258230020350311,1.3321689984877594,16,4,3,37,comma_conjunction|comma_subordinate|dictionary_fuzzy|introductory_comma|keyboard_typo_candidate|missing_letter_candidate,diff_alignment
745,train,104,17,8.904792997782351,5.364671000279486,1.2828219987568446,0.3681740017782431,0.0018789978639688343,1.515019997896161,0.2229999990959186,0.9235489997081459,0.8721260019228794,16,1,0,17,extra_letter_candidate|frequent_error_exact,diff_alignment
746,train,243,32,21.80094999857829,16.46278099724441,2.0051239916938357,0.6002720001561102,0.0015829973563086241,2.5094729971897323,0.3247599997848738,1.0774239999591373,1.418502000888111,16,2,4,32,comma_subordinate|dictionary_fuzzy|extra_letter_candidate|homogeneous_comma|ne_adjective|quote_pair_balance,diff_alignment
747,train,86,13,35.95194100125809,32.748446999903535,26.637146991561167,0.32733199986978434,0.0021750020096078515,1.2243769997439813,0.2598869978100993,0.9848619993135799,0.7259630001499318,16,2,0,13,dictionary_fuzzy|ne_adverb|ne_verb,dictionary
748,train,202,28,41.48789299870259,37.19095399719663,23.50069898602669,0.5226419998507481,0.002373999450355768,2.000181000767043,0.3027079983439762,0.9659729985287413,1.020659998175688,16,0,3,28,explanation_colon|quote_close|quote_open,dictionary
749,train,202,20,70.32092499866849,66.45357200250146,56.50270398473367,0.4555929990601726,0.002373002644162625,1.6780919977463782,0.2948950022982899,0.9537110017845407,0.9336359980807174,16,3,0,20,context_tak_zhe|dictionary_fuzzy|extra_letter_candidate,dictionary
750,train,248,35,59.49081200014916,53.922325001622085,39.711899000394624,0.5154229984327685,0.0018789978639688343,3.03280699881725,0.3203090018359944,0.9742800029926002,1.2334750026639085,16,4,0,35,dictionary_fuzzy|n_nn_short_form|ne_adjective,dictionary
751,train,97,13,38.626168003247585,35.158238002622966,27.698647012584843,0.36659200122812763,0.0020759980543516576,1.4963279973017052,0.24416300220764242,0.9835760029091034,0.73723700188566,16,2,1,13,comma_conjunction|double_consonant_candidate|extra_letter_candidate,dictionary
752,train,69,10,34.30707699953928,31.749939000292215,24.89170899571036,0.28015999851049855,0.001978001819225028,0.9164279981632717,0.2263630012748763,0.7818369995220564,0.6263790019147564,11,1,0,10,dictionary_fuzzy,dictionary
753,train,88,10,16.060193000157597,13.038363002124242,6.780900002922863,0.2846100032911636,0.0018789978639688343,1.2640330023714341,0.18690499928197823,0.8670809984323569,0.6978780002100393,12,2,0,10,double_consonant_candidate|extra_letter_candidate,dictionary
754,train,106,17,45.642725002835505,41.7075309997017,35.45936300361063,0.40555500163463876,0.0017799975466914475,1.5600149999954738,0.21914299941272475,0.9945520032488275,1.1543610016815364,16,5,2,17,dictionary_fuzzy|extra_letter_candidate|homogeneous_comma|keyboard_typo_candidate|n_nn_short_form,dictionary
755,train,61,8,39.968918998056324,37.59848700065049,33.210469995538006,0.24119700174196623,0.0021759988158009946,0.7363470031123143,0.1680169989413116,0.898529000551207,0.5600220029009506,14,4,1,8,capitalization_sentence_start|dictionary_fuzzy|final_punctuation_default|keyboard_typo_candidate|missing_letter_candidate,dictionary
756,train,200,23,21.16952600044897,15.747696001199074,5.621986994810868,0.47349300075438805,0.001978001819225028,2.088294000714086,0.39813699913793243,1.009485000395216,1.919188998726895,16,1,0,23,capitalization_sentence_start|dictionary_fuzzy,dictionary
757,train,184,20,34.81775399995968,29.612198999529937,20.001616998342797,0.6831430000602268,0.001977998181246221,2.074646999972174,0.2988500018545892,1.0324279974156525,1.7923119994520675,16,2,1,20,capitalization_sentence_start|final_punctuation_default|keyboard_typo_candidate|ne_adjective,dictionary
758,train,245,38,70.28423700103303,64.7733040023013,50.8226640013163,0.6314230013231281,0.0021760024537798017,2.8544070009957068,0.3227820016036276,1.0017719978350215,1.323862001299858,16,3,0,38,capitalization_sentence_start|dictionary_fuzzy|double_consonant_candidate|extra_letter_candidate|pattern_цы_ци,dictionary
759,train,186,35,19.67181300278753,12.495843002398033,0.9817950012802612,0.8229759987443686,0.001977998181246221,3.1090529992070515,0.256228002399439,0.9169230033876374,2.8862500003015157,16,0,6,35,bracket_pair_balance|comma_subordinate|final_punctuation_default|hyphen_particles|punctuation_delete_replace|subject_predicate_dash,diff_alignment
760,train,175,25,38.076133001595736,32.84407499813824,23.991101003048243,0.6531789986183867,0.0022750027710571885,2.274407997902017,0.3500759994494729,1.0170999994443264,1.58364999879268,16,2,0,25,dictionary_fuzzy,dictionary
761,train,162,23,72.95865999913076,67.58123300096486,58.16051999499905,0.5268940003588796,0.002077002136502415,2.335523000510875,0.2793690000544302,0.9820929990382865,1.772432999132434,16,5,0,23,capitalization_sentence_start|dictionary_fuzzy|double_consonant_candidate|keyboard_typo_candidate|missing_letter_candidate,dictionary
762,train,112,18,15.312474002712406,11.735564999980852,5.859525001142174,0.42098199992324226,0.0022749991330783814,1.4713089985889383,0.22923100186744705,0.9236480000254232,0.945009000133723,16,1,1,18,comma_subordinate|context_chto_by|double_consonant_candidate|hyphen_particles|prefix_pre_pri,dictionary
763,train,138,24,62.76956299916492,57.96194800132071,47.884896004688926,0.5561660000239499,0.0034609984140843153,2.044288001343375,0.308738999592606,0.97685099899536,1.4709130009578075,16,2,1,24,comma_subordinate|dictionary_fuzzy|tsya_soft_insert,dictionary
764,train,34,6,17.22266400247463,15.33007699981681,12.948174004122848,0.22230800095712766,0.001977001375053078,0.5665500029863324,0.1764230000844691,0.7825289976608474,0.3599659976316616,12,4,1,6,extra_letter_candidate|frequent_error_exact|keyboard_typo_candidate|missing_letter_candidate|subject_predicate_dash,dictionary
765,train,161,15,14.68747900071321,10.711146998801269,1.495733991760062,0.5086979981570039,0.0021759988158009946,1.4572670006600674,0.26680999872041866,0.9991020015149843,1.2461320002330467,16,0,2,15,quote_close|quote_open,dictionary
766,train,85,12,24.522445997718023,21.55985200079158,14.594920001400169,0.3000370015797671,0.0017800011846702546,1.1410110018914565,0.2011459982895758,0.9244380016752984,0.6894719990668818,16,3,0,12,dictionary_fuzzy|extra_letter_candidate|missing_letter_candidate|ne_verb,dictionary
767,train,193,26,58.91731099836761,53.419679003127385,42.63335599534912,0.6794950022595003,0.0017810016288422048,2.321236999705434,0.29232299857540056,1.0049560005427338,1.8728869981714524,16,1,0,26,dictionary_fuzzy|ne_adverb,dictionary
768,train,66,13,11.659175001113908,9.030469998833723,4.895864003628958,0.2769189995888155,0.0020759980543516576,0.9842939980444498,0.20988899996154942,0.8450919995084405,0.5831020025652833,15,0,0,13,context_chto_by|prefix_pre_pri,dictionary
769,train,72,11,38.7143020016083,35.76003700072761,30.109641997114522,0.5252670016488992,0.0017800011846702546,1.0871129998122342,0.17489099991507828,1.070800000888994,0.6111789989518002,15,4,0,11,dictionary_fuzzy|extra_letter_candidate|keyboard_typo_candidate,dictionary
770,train,64,10,10.772065001219744,8.234019001974957,5.046040001616348,0.27227199825574644,0.001976997737074271,0.873665001563495,0.2388559987593908,0.8091060008155182,0.6097950026742183,13,2,0,10,dictionary_fuzzy|keyboard_typo_candidate|tsya_soft_delete,dictionary
771,train,41,6,16.81752300282824,14.95837900074548,12.522358996648109,0.22333499873639084,0.0020760016923304647,0.5545300009544007,0.1671800018812064,0.7494909987144638,0.38072699680924416,10,2,2,6,bracket_pair_balance|dictionary_fuzzy|final_punctuation_default,dictionary
772,train,35,5,19.858095998642966,18.373945000348613,16.79092799895443,0.22778399943490513,0.0018780010577756912,0.4330259980633855,0.1392010017298162,0.5865619968972169,0.3196280013071373,7,1,1,5,final_punctuation_default|keyboard_typo_candidate,dictionary
773,train,84,10,29.15223799936939,26.531046998570673,20.58218000092893,0.46822100193821825,0.0018780010577756912,0.9776699989743065,0.18843499856302515,0.7882450008764863,0.6595229970116634,12,1,1,10,final_punctuation_default|missing_letter_candidate,dictionary
774,train,41,5,7.503708002332132,5.815004999021767,2.3079880011209752,0.19199499729438685,0.0016810008673928678,0.6106849978095852,0.23747199884383008,0.5292210007610265,0.3054910011996981,8,2,1,5,dictionary_fuzzy|double_consonant_candidate|final_punctuation_default,dictionary
775,train,82,11,39.102839000406675,35.92474499964737,29.90331099863397,0.33208500099135563,0.0013839999155607074,1.0804890007420909,0.19288499970571138,1.0790050000650808,0.818200995126972,16,2,2,11,bracket_pair_balance|dictionary_fuzzy|final_punctuation_default|missing_letter_candidate|n_nn_short_form,dictionary
776,train,53,7,5.557760003284784,3.714829003001796,0.5123150003782939,0.23786699966876768,0.0021750020096078515,0.5949660007900093,0.19090700152446516,0.6031720004102681,0.44795400026487187,9,0,1,7,capitalization_sentence_start|final_punctuation_default,diff_alignment
777,train,50,6,7.2432000015396625,4.960817001119722,0.644201001705369,0.2082089995383285,0.001582000550115481,1.086125001165783,0.14948299940442666,0.5923950011492707,0.4476569993130397,9,0,2,6,final_punctuation_default|n_nn_short_form|punctuation_delete_replace,diff_alignment
778,train,100,10,19.49101399804931,16.547326998988865,4.935506993206218,0.6463749996328261,0.0015810001059435308,1.0235430017928593,0.22303799778455868,0.8079200015345123,0.8816729969112203,11,0,1,10,final_punctuation_default,dictionary
779,train,53,9,6.131469999672845,4.091898001206573,0.40297200030181557,0.2169090003008023,0.0016809972294140607,0.6577450003533158,0.18062600065604784,0.6836469983682036,0.5119189991091844,10,0,1,9,final_punctuation_default,diff_alignment
780,train,28,4,4.097435001312988,2.963756000099238,0.29392300348263234,0.15205400268314406,0.0017790007404983044,0.35512099930201657,0.13317100092535838,0.35887699777958915,0.28196099810884334,5,0,1,4,final_punctuation_default,diff_alignment
781,train,18,3,1.5526649985986296,0.7227970017993357,0.006227000994840637,0.12486500054365024,0.0012849995982833207,0.261990000581136,0.11211200035177171,0.24696400214452296,0.20484699780354276,4,0,1,3,final_punctuation_default,diff_alignment
782,train,59,8,6.940872000996023,5.053057000623085,0.7449419972545002,0.2308490002178587,0.0012849995982833207,0.6335229991236702,0.16243400023085997,0.623537998762913,0.4625869987648912,11,0,2,8,bracket_pair_balance|capitalization_sentence_start|final_punctuation_default,dictionary
783,train,62,6,5.257509001239669,3.620809002313763,0.5109289995743893,0.20316700101830065,0.0013839999155607074,0.5904179997742176,0.15946799976518378,0.4531939994194545,0.42343599852756597,7,0,1,6,final_punctuation_default,diff_alignment
784,train,103,14,7.300738998310408,4.0431579982396215,0.5817179917357862,0.3305040008854121,0.0013839999155607074,1.1739159999706317,0.25981599901570007,0.8983799998532049,0.9204270027112216,15,0,1,14,final_punctuation_default,diff_alignment
785,train,89,11,5.873138001334155,3.4094370021193754,0.5508719914359972,0.2751399988483172,0.0013839999155607074,0.8664479973958805,0.20919700182275847,0.764121999964118,0.6184949997987133,13,0,1,11,capitalization_sentence_start|final_punctuation_default,diff_alignment
786,train,39,5,9.00189799722284,7.5840839999727905,4.905944999336498,0.1829979992180597,0.0013839999155607074,0.4618940001819283,0.19436700313235633,0.414736001403071,0.3421700021135621,6,0,1,5,final_punctuation_default,dictionary
787,train,66,9,7.429460001731059,5.40649799950188,0.7217109996418003,0.233122002100572,0.0013839999155607074,0.7152840007620398,0.19575099940993823,0.6346110021695495,0.4724729988083709,10,0,1,9,final_punctuation_default,dictionary
788,train,98,15,20.55064199885237,17.457472000387497,8.312219997606007,0.35423100052867085,0.0016810008673928678,1.1609639987000264,0.21414000002550893,0.9358509996673092,0.7752949968562461,16,2,1,15,final_punctuation_default|keyboard_typo_candidate,dictionary
789,train,147,20,76.70007300112047,72.44860799983144,62.72826399799669,0.5224000015005004,0.01067700213752687,1.6676439990988001,0.2874979982152581,0.9800429979804903,1.3075809984002262,16,6,1,20,capitalization_sentence_start|dictionary_fuzzy|double_consonant_candidate|final_punctuation_default|keyboard_typo_candidate|ne_participle,dictionary
790,train,58,7,8.45478300107061,6.439036998926895,3.796095999859972,0.25981599901570007,0.0016800004232209176,0.6368850008584559,0.22076399909565225,0.7223030006571207,0.42966400360455737,10,2,1,7,dictionary_fuzzy|final_punctuation_default|keyboard_typo_candidate,dictionary
791,train,46,5,3.7042500007373746,2.103241000440903,0.2957050019176677,0.261990000581136,0.001481999788666144,0.5296169983921573,0.1665859999775421,0.5071750019851606,0.3918000002158806,7,0,1,5,capitalization_sentence_start|final_punctuation_default,diff_alignment
792,train,197,23,93.84750599929248,88.3329499993124,73.71446899196599,0.6441020013880916,0.001978001819225028,2.213969000877114,0.31854100234340876,1.0447000022395514,1.928943001985317,16,4,2,23,bracket_pair_balance|capitalization_sentence_start|dictionary_fuzzy|final_punctuation_default|keyboard_typo_candidate,dictionary
793,train,22,4,2.0566749990393873,0.9976410001399927,0.01987300129258074,0.16876100198714994,0.0018780010577756912,0.3222980012651533,0.19683899881783873,0.3101379988947883,0.22521299979416654,5,0,1,4,final_punctuation_default,diff_alignment
794,train,34,5,2.440269003272988,1.100460001907777,0.0398419942939654,0.17696700160740875,0.0014830002328380942,0.4529959987848997,0.14374900274560787,0.3775630029849708,0.36045900196768343,6,0,1,5,final_punctuation_default,diff_alignment
795,train,48,6,3.7228370019875,2.152278000721708,0.21058100537629798,0.19940900165238418,0.0017790007404983044,0.536833998921793,0.14384799942490645,0.4985730010957923,0.3861639997921884,8,0,1,6,capitalization_sentence_start|final_punctuation_default,diff_alignment
796,train,60,6,4.626359001122182,2.2829759982414544,0.18606400044518523,0.24113000108627602,0.0013839999155607074,0.6511200008390006,0.16797100033727475,0.934564999624854,0.5841889978910331,7,0,1,6,final_punctuation_default,diff_alignment
797,train,225,32,63.12530200011679,57.933339001465356,41.692691014759475,0.5112270009703934,0.0014830002328380942,2.578185998572735,0.3329760002088733,0.9898309981508646,1.2828639992221724,16,4,1,32,capitalization_sentence_start|extra_letter_candidate|final_punctuation_default|keyboard_typo_candidate,dictionary
798,train,87,10,8.133078001264948,5.399575999035733,0.8304599978146143,0.32051800008048303,0.002077002136502415,0.9316979994764552,0.22066500241635367,0.8451909998257179,0.7291250039997976,13,0,1,10,capitalization_sentence_start|final_punctuation_default|ne_verb,diff_alignment
799,train,43,8,3.788087000430096,1.9962699989264365,0.3460240041022189,0.22066599922254682,0.001978001819225028,0.586858997849049,0.16055499872891232,0.5758849983976688,0.4625869987648912,10,0,1,8,capitalization_sentence_start|final_punctuation_default,diff_alignment
800,train,72,10,4.893886001809733,2.568694999354193,0.5223980006121565,0.26031000015791506,0.0014830002328380942,0.815137002064148,0.23391300055664033,0.6517140027426649,0.6196819995238911,11,0,1,10,final_punctuation_default,diff_alignment
801,train,51,6,3.065783999772975,1.4060490029805806,0.06643600136158057,0.2075160009553656,0.0013839999155607074,0.6029739997757133,0.1521519989182707,0.4214590007904917,0.47820599866099656,7,0,1,6,final_punctuation_default,diff_alignment
802,train,60,6,3.268258999014506,1.441344000340905,0.07760800144751556,0.21226199896773323,0.0012849995982833207,0.6233399981283583,0.15403100042021833,0.5071749983471818,0.5370319995563477,8,1,1,6,final_punctuation_default|keyboard_typo_candidate,diff_alignment
803,train,99,12,36.70666300240555,33.11452499838197,27.400460010539973,0.38418699841713533,0.0013839999155607074,1.6752569972595666,0.2099880002788268,0.9752969999681227,0.717953997082077,16,2,3,12,capitalization_sentence_start|dictionary_fuzzy|final_punctuation_default|n_nn_adjective|quote_close|quote_open,dictionary
804,train,42,5,20.71445999899879,18.799951001710724,15.08531900253729,0.22521400023833849,0.003460001607891172,0.6027759991411585,0.19406999854254536,0.7415820000460371,0.36915999953635037,10,2,1,5,capitalization_sentence_start|dictionary_fuzzy|final_punctuation_default|missing_letter_candidate|n_nn_adjective,dictionary
805,train,86,9,25.600930999644333,22.897287002706435,17.552184999658493,0.33060200075851753,0.0016809972294140607,0.9079699993890245,0.25882699992507696,0.8075240002654027,0.7232919997477438,11,0,1,9,capitalization_sentence_start|final_punctuation_default,dictionary
806,train,29,6,2.9716650024056435,1.510745998530183,0.0884830005816184,0.18497500059311278,0.002076998498523608,0.48631400204612873,0.13435599976219237,0.5143919988768175,0.32012299925554544,8,0,1,6,capitalization_sentence_start|final_punctuation_default,diff_alignment
807,train,58,8,18.83237899892265,16.469123998831492,12.441191996913403,0.25734399969223887,0.001582000550115481,0.9597749995009508,0.16510400018887594,0.7550269983767066,0.47741600064910017,10,1,1,8,double_consonant_candidate|final_punctuation_default,dictionary
808,train,36,4,15.183293999143643,13.901914000598481,11.820915995485848,0.21937999918009154,0.0020759980543516576,0.3800349986704532,0.16698199760867283,0.4502279989537783,0.27909399796044454,5,0,1,4,final_punctuation_default,dictionary
809,train,193,24,42.16555900347885,36.78525999930571,26.284086001396645,0.700553002388915,0.0020760016923304647,2.1889560011914,0.26139800320379436,0.9796470003493596,1.9430810025369283,16,3,1,24,dictionary_fuzzy|final_punctuation_default|missing_letter_candidate|ne_verb,dictionary
810,train,29,4,4.35428399941884,3.1071100020199083,0.49313599811284803,0.18714999896474183,0.0014830002328380942,0.37558600160991773,0.17904400010593235,0.4088040004717186,0.2782050032692496,5,0,1,4,final_punctuation_default,dictionary
811,train,26,4,4.525219999777619,3.37819599735667,0.15235000319080427,0.17429800209356472,0.0016810008673928678,0.35027599733439274,0.1484950007579755,0.3896249982062727,0.25388300127815455,5,0,1,4,final_punctuation_default,diff_alignment
812,train,61,7,17.844723999587586,15.796648996911244,12.579897997056833,0.2540820023568813,0.0016810008673928678,0.6254159998206887,0.16945400057011284,0.809798002592288,0.43638699935399927,11,3,1,7,dictionary_fuzzy|final_punctuation_default|keyboard_typo_candidate,dictionary
813,train,44,6,8.391608000238193,6.714670998917427,3.605090001656208,0.21611799820675515,0.001582000550115481,0.5249690002528951,0.14542899953084998,0.6164200021885335,0.3841859979729634,9,1,1,6,capitalization_sentence_start|dictionary_fuzzy|final_punctuation_default,dictionary
814,train,42,5,5.321473996446002,3.7208599969744682,0.3267479987698607,0.20099099856452085,0.001582000550115481,0.4874010010098573,0.15452500156243332,0.5457320003188215,0.40732200068305247,7,0,1,5,capitalization_sentence_start|final_punctuation_default,diff_alignment
815,train,33,3,3.01358400247409,1.7725389989209361,0.7843900020816363,0.1830969995353371,0.001582000550115481,0.33544699908816256,0.14374900274560787,0.44182499914313667,0.31428999864147045,6,1,1,3,capitalization_sentence_start|final_punctuation_default|missing_letter_candidate,dictionary
816,train,42,6,29.983094998897286,28.26997299780487,25.77206599744386,0.21799599926453084,0.001581996912136674,0.5315939997672103,0.20118899919907562,0.5750939999416005,0.39921499774209224,8,1,1,6,dictionary_fuzzy|final_punctuation_default,dictionary
817,train,43,6,3.833071001281496,2.0184150016575586,0.3567020030459389,0.31527900137007236,0.0017790007404983044,0.6913580000400543,0.17093600035877898,0.5821129998366814,0.36372199610923417,8,0,1,6,final_punctuation_default|n_nn_adjective,diff_alignment
818,train,56,6,7.490065003366908,5.799681002827128,0.5434579979919363,0.22452100165537558,0.0018780010577756912,0.5266509979264811,0.1700470020296052,0.5907150007260498,0.39763299719197676,8,0,1,6,capitalization_sentence_start|final_punctuation_default,dictionary
819,train,73,7,19.93303600102081,17.827916002715938,15.907675006019417,0.27316199702909216,0.0014830002328380942,0.6805820012232289,0.1664869996602647,0.673069000185933,0.578850998863345,9,1,1,7,dictionary_fuzzy|final_punctuation_default,dictionary
820,train,74,9,4.811036997125484,2.6249479997204617,0.19061300190514885,0.26891100060311146,0.0024719993234612048,0.7527540001319721,0.21591999757220037,0.6425200008379761,0.569657000596635,10,0,1,9,final_punctuation_default,diff_alignment
821,train,86,10,7.942468000692315,5.511589999514399,0.4284810020180885,0.28462999762268737,0.001582000550115481,0.9001599973998964,0.1746929992805235,0.768966998293763,0.581520998821361,13,0,1,10,capitalization_sentence_start|context_tak_zhe|final_punctuation_default,diff_alignment
822,train,117,10,6.253567000385374,3.785715001868084,0.7529509966843762,0.3299099989817478,0.0018780010577756912,0.9102440017159097,0.2286730014020577,0.6381700004567392,0.6859210006950889,11,0,1,10,final_punctuation_default,diff_alignment
823,train,112,12,14.908550998370629,11.765059000026667,3.432172001339495,0.3878450006595813,0.0014830002328380942,1.1710489998222329,0.2003980007430073,1.0092080010508653,0.755125998693984,16,2,1,12,capitalization_sentence_start|context_tak_zhe|final_punctuation_default|missing_letter_candidate|ne_adverb,dictionary
824,train,72,12,7.924077999632573,5.337983999197604,0.5418730106612202,0.2826529998856131,0.001976997737074271,0.8602190027886536,0.18497600103728473,0.9264580003218725,0.608212998486124,16,0,2,12,comma_subordinate|context_nesmotrya|final_punctuation_default,diff_alignment
825,train,99,16,10.0292970018927,6.9989059993531555,0.44943699322175235,0.3703459988173563,0.001582000550115481,1.1578990015550517,0.23628599956282414,0.8315490013046656,0.7991210004547611,16,0,1,16,comma_subordinate|context_chto_by,diff_alignment
826,train,196,24,28.385941001033643,22.447849998570746,10.87112701497972,0.7215129990072455,0.0016810008673928678,2.0735810030600987,0.33781900128815323,1.4102009990892839,2.107886000885628,16,2,1,24,final_punctuation_default|missing_letter_candidate|tsya_soft_insert,dictionary
827,train,76,10,6.412245002138661,3.82506200185162,0.5034180067013949,0.29580199770862237,0.0025709996407385916,0.8551770006306469,0.3277360010542907,0.7543360006820876,0.6440030010708142,12,0,2,10,comma_subordinate|final_punctuation_default,diff_alignment
828,train,118,17,8.01987899831147,4.646230001526419,0.37687299845856614,0.4085079999640584,0.0017790007404983044,1.3139080001565162,0.1999039996007923,0.8625910013506655,0.9916100025293417,16,0,2,17,comma_subordinate|final_punctuation_default,diff_alignment
829,train,93,10,8.068519000516972,5.592757999693276,0.8066339978540782,0.2924410000559874,0.0013839999155607074,0.9204280031553935,0.19496100139804184,0.7248740002978593,0.6301610010268632,12,0,1,10,final_punctuation_default|hyphen_whitelist,diff_alignment
830,train,188,27,42.469072999665514,37.49906099983491,26.966743003868032,0.848848998430185,0.0017800011846702546,2.102943999489071,0.2857180006685667,0.9582919992681127,1.6158389989868738,16,2,1,27,context_chto_by|dictionary_fuzzy|final_punctuation_default|keyboard_typo_candidate,dictionary
831,train,58,7,4.691411999374395,2.9506070022762287,0.2785990036500152,0.22926699966774322,0.0018790015019476414,0.6207699989317916,0.1776589997461997,0.5065810000814963,0.4306539995013736,8,0,1,7,final_punctuation_default,diff_alignment
832,train,85,11,39.018633997329744,35.906892000639345,27.756252005929127,0.2932600000349339,0.0016810008673928678,1.3176439970266074,0.17884599947137758,0.9651779982959852,0.6437480005843099,13,2,0,11,double_consonant_candidate|extra_letter_candidate,dictionary
833,train,141,22,13.33645799968508,9.194444999593543,0.7510929863201454,0.49736499931896105,0.001582000550115481,1.7109300024458207,0.21566999930655584,0.985539001703728,1.2241410004207864,16,0,2,22,final_punctuation_default|subject_predicate_dash,diff_alignment
834,train,167,12,36.577235001459485,32.985961999656865,25.65722999497666,0.5098190013086423,0.0017790007404983044,1.2964920024387538,0.27210799817112274,0.9618170006433502,1.0543320022406988,15,1,1,12,dictionary_fuzzy|final_punctuation_default|tsya_soft_delete,dictionary
835,train,84,10,20.130660002905643,17.445260000386043,13.755837993812747,0.3312150001875125,0.002173997927457094,0.943827999435598,0.17652899987297133,0.8948030008468777,0.6636159996560309,14,2,1,10,context_tak_zhe|final_punctuation_default|missing_letter_candidate|swapped_letters_candidate,dictionary
836,train,28,6,4.1414189981878735,2.688759999728063,0.565467998967506,0.1906629986478947,0.002272998244734481,0.4885689995717257,0.13639999815495685,0.4861960005655419,0.33625500145717524,8,0,2,6,comma_subordinate|final_punctuation_default,dictionary
837,train,210,26,19.80389199889032,15.52093300051638,1.3132959975337144,0.4942030027450528,0.0016800004232209176,2.072290997602977,0.27032900106860325,1.026458998239832,0.9078510011022445,16,0,0,26,ne_adjective,diff_alignment
838,train,38,5,5.340157997125061,3.93504000021494,0.42886999654001556,0.17761599883669987,0.001582000550115481,0.44705600157612935,0.16822699762997217,0.4819470013899263,0.302748001558939,6,0,1,5,final_punctuation_default,diff_alignment
839,train,160,20,21.980658999382285,17.647191001742613,9.429190991795622,0.5406579984992277,0.001582000550115481,1.7645020016061608,0.30097000126261264,0.9538119993521832,1.307165999605786,16,0,1,20,context_tak_zhe|final_punctuation_default,dictionary
840,train,44,5,4.682275000959635,3.302657998574432,0.3453479985182639,0.21329800074454397,0.0017790007404983044,0.4392480004753452,0.14796500181546435,0.4344040025898721,0.35295899942866527,7,0,2,5,comma_subordinate|final_punctuation_default,diff_alignment
841,train,118,16,9.185055998386815,5.831098998896778,0.7034499940345995,0.3908159997081384,0.0013829994713887572,1.2936249986523762,0.19955899915657938,0.8746409985178616,0.9800039988476783,16,0,1,16,capitalization_sentence_start|final_punctuation_default|tsya_soft_insert,diff_alignment
842,train,270,35,25.520139002765063,20.392587000969797,7.741687997622648,0.6511620013043284,0.001582000550115481,2.5436610012548044,0.3663040006358642,1.0350579977966845,1.1744229996111244,16,2,3,35,comma_subordinate|dictionary_fuzzy|enumeration_colon|final_punctuation_default|ne_adjective,dictionary
843,train,176,23,38.50116700050421,33.41710500171757,23.50152099825209,0.6198289993335493,0.0018780010577756912,2.065272998152068,0.27704999956768006,1.0033300022769254,1.7308960013906471,16,2,1,23,comma_conjunction|extra_letter_candidate|swapped_letters_candidate,dictionary
844,train,105,10,39.21341200111783,36.144510999292834,28.66870499929064,0.3840950012090616,0.0020759980543516576,1.2768230008077808,0.2318799997738097,0.8699950012669433,0.6838769986643456,13,2,1,10,double_consonant_candidate|extra_letter_candidate|final_punctuation_default,dictionary
845,train,243,34,18.52687300197431,13.526034999813419,1.5523889887845144,0.5736710008932278,0.002272998244734481,2.443436998873949,0.3988210009993054,0.9444219977012835,1.2071399978594854,16,0,5,34,comma_subordinate|final_punctuation_default|introductory_comma|quote_close|quote_open,diff_alignment
846,train,164,22,10.305413001333363,5.501268999068998,0.5359110073186457,0.7245019987749401,0.0020759980543516576,2.0467899994400796,0.2510550002625678,0.9557879966450855,1.5440880015376024,16,0,2,22,final_punctuation_default|ne_adverb|punctuation_delete_replace,diff_alignment
847,train,74,10,7.371826002781745,5.140500001289183,0.47048000851646066,0.2952369977720082,0.0016809972294140607,0.7821260005584918,0.2004490015679039,0.7155070015869569,0.527907999639865,11,0,1,10,final_punctuation_default,diff_alignment
848,train,120,12,19.76020500296727,16.130484000314027,9.104106004087953,0.418589999753749,0.0013839999155607074,1.3362250028876588,0.30442900242633186,0.9766430011950433,1.0046160023193806,16,4,2,12,dictionary_fuzzy|extra_letter_candidate|quote_close|quote_open|swapped_letters_candidate,dictionary
849,train,59,9,30.080247001023963,27.43329700024333,23.051795000355924,0.2604450019134674,0.0023719985620118678,1.202395997097483,0.1925409997056704,0.7519789978687186,0.49380700147594325,11,2,0,9,double_consonant_candidate|extra_letter_candidate,dictionary
850,train,60,6,5.819336998683866,3.9416629988409113,0.17494899657322094,0.25342699882457964,0.001976997737074271,0.6199279996508267,0.17109300097217783,0.6239799986360595,0.45674099965253845,10,0,3,6,final_punctuation_default|ne_adjective|quote_close|quote_open,diff_alignment
851,train,121,15,10.820668998348992,7.168114996602526,1.1497150007926393,0.4030720010632649,0.001977001375053078,1.5382560013676994,0.22249000176088884,0.9958189984899946,0.8891699981177226,16,0,1,15,address_comma|n_nn_short_form|ne_adverb,diff_alignment
852,train,169,25,15.537241997662932,10.693067000829615,1.3352399982977659,0.6027300005371217,0.0018780010577756912,2.2232209994399454,0.2773470005195122,0.9528230002615601,1.384262002829928,16,0,1,25,address_comma|n_nn_adjective,diff_alignment
853,train,146,18,14.257454000471625,10.470674998941831,1.2832450047426391,0.49331300033372827,0.0016799967852421105,1.4576020003005397,0.23118899844121188,1.0265580021950882,1.0654020006768405,16,0,1,18,address_comma,diff_alignment
854,train,99,14,6.825435000791913,3.929505000996869,0.7134299885365181,0.33437700039939955,0.002273001882713288,1.122235000366345,0.19639600213849917,0.8217600006901193,0.7506940019084141,15,0,1,14,address_comma,diff_alignment
855,train,59,8,4.6038949985813815,2.791257000353653,0.4498249945754651,0.233164999372093,0.0019760009308811277,0.6095489989093039,0.1630870028748177,0.5910670006414875,0.44428899491322227,9,0,1,8,address_comma,diff_alignment
856,train,62,8,5.121521997352829,3.336660000059055,0.38765200224588625,0.2576769984443672,0.0013839999155607074,0.6352480013447348,0.15527800132986158,0.5598330026259646,0.4302529996493831,9,0,1,8,address_comma,diff_alignment
857,train,63,8,3.6915960008627735,1.9563509995350614,0.21092699898872524,0.22802500097895972,0.0016800004232209176,0.6426610016205814,0.14381300206878223,0.5071510022389702,0.43647999700624496,9,0,1,8,address_comma,diff_alignment
858,train,129,17,8.805903999018483,5.248137000307906,0.6375209959514905,0.4347989997768309,0.0014830002328380942,1.4190539986884687,0.2572819976194296,0.8981649989436846,0.97822499810718,16,0,1,17,address_comma,diff_alignment
859,train,64,8,4.504558997723507,2.727504997892538,0.32498800283065066,0.24383900017710403,0.0016810008673928678,0.6136019983387087,0.18334999913349748,0.5425359995570034,0.4330200026743114,9,0,1,8,address_comma,diff_alignment
860,train,177,25,14.234918999136426,9.385998000652762,1.484682990849251,0.676267001836095,0.001582000550115481,2.1391080008470453,0.2682530030142516,0.9466949995839968,1.4883420008118264,16,0,3,25,address_comma|n_nn_adjective|quote_close|quote_open,diff_alignment
861,train,57,8,5.9132349997526035,3.8708929969288874,0.20568700711010024,0.2613340002426412,0.0021750020096078515,0.7814330019755289,0.17909899906953797,0.630208000075072,0.44567199802258983,9,0,1,8,address_comma,diff_alignment
862,train,198,27,20.302937999076676,14.816496997809736,2.2094800006016158,0.789440000517061,0.0024710025172680616,2.4064720018941443,0.30946999686420895,1.0341689994675107,1.7280290012422483,16,0,3,27,address_comma|n_nn_adjective|quote_close|quote_open,diff_alignment
863,train,55,8,6.7181929989601485,4.522350998740876,0.47344800623250194,0.2560960019764025,0.002767999831121415,0.6761680015188176,0.4241239985276479,0.6669760005024727,0.42283999937353656,9,0,1,8,address_comma,diff_alignment
864,train,133,19,10.927614999673096,7.221588002721546,1.1139369853481185,0.4337129976192955,0.001877997419796884,1.4343740003823768,0.22763000015402213,1.021615997160552,1.0159820012631826,16,0,1,19,address_comma|ne_adjective,diff_alignment
865,train,132,15,9.485234000749188,6.068513997888658,1.0120259976247326,0.43786400055978447,0.0018780010577756912,1.2260180010343902,0.24789199960650876,0.9955219975381624,0.9414560008735862,16,0,1,15,address_comma,diff_alignment
866,train,109,15,7.5228539972158615,4.3585719977272674,0.5563720005739015,0.357506000000285,0.0017790007404983044,1.2307629986025859,0.22080999769968912,0.9240610015694983,0.7833119998394977,16,0,1,15,address_comma,diff_alignment
867,train,110,16,10.09359899762785,6.525256001623347,0.6379180122166872,0.3688729993882589,0.0012849995982833207,1.1680980023811571,0.21379200188675895,1.3435389992082492,0.8375740035262424,16,0,1,16,address_comma,diff_alignment
868,train,71,9,6.069206003303407,3.8384729996323586,0.5634879962599371,0.2663749983184971,0.0020750012481585145,0.8038699997996446,0.18690700017032214,0.6949480011826381,0.539077002031263,10,0,1,9,address_comma,diff_alignment
869,train,164,23,12.825748999603093,8.500980002281722,1.255968014447717,0.5598329989879858,0.001581996912136674,1.7708279992803,0.3276569987065159,0.961025998549303,1.2591300037456676,16,0,1,23,address_comma,diff_alignment
870,train,151,18,12.80360899909283,8.861648999300087,1.4048210032342467,0.5205929992371239,0.001976997737074271,1.4548340004694182,0.31688300077803433,1.020626998069929,1.1431900020397734,16,0,3,18,address_comma|quote_close|quote_open,diff_alignment
871,train,153,20,17.307180001807865,12.676597998506622,1.2098099941795226,0.5550889982259832,0.003459001163719222,1.7104360013036057,0.6246720004128292,1.0952520024147816,1.1928079984500073,16,0,1,20,address_comma,diff_alignment
872,train,169,24,15.845328001887538,11.080620999564417,1.0957439917547163,0.6176550014060922,0.0024709988792892545,1.9244249997427687,0.28080600168323144,1.0918920015683398,1.4616529988416005,16,0,1,24,address_comma,diff_alignment
873,train,61,8,3.912009997293353,1.9287740033178125,0.17544399452162907,0.2455200010444969,0.0021740015654359013,0.7221289997687563,0.20370999845908955,0.5959099980827887,0.45614899863721803,9,0,1,8,address_comma,diff_alignment
874,train,66,8,3.7383480012067594,1.7840719992818777,0.09390000195708126,0.2744800003711134,0.002173997927457094,0.6713250004395377,0.2173510001739487,0.5935379995207768,0.46642800225527026,9,0,1,8,address_comma,diff_alignment
875,train,161,21,10.483327001566067,6.230315997527214,0.8800800023891497,0.6611450007767417,0.0013839999155607074,1.685529001406394,0.24996800129883923,0.9209960007865448,1.3830759999109432,16,0,4,21,address_comma|context_tak_zhe|direct_speech_colon|quote_close|quote_open,diff_alignment
876,train,166,21,12.977370999578852,8.555243999580853,0.9942380020220298,0.5988750017422717,0.001582000550115481,1.77982199966209,0.32133099739439785,0.998883002466755,1.3154689986549783,16,0,1,21,address_comma,diff_alignment
877,train,120,18,9.057650000613648,5.641919000481721,0.5116000029374845,0.4494280001381412,0.0015810001059435308,1.3617269978567492,0.26004899700637907,0.8814609973342158,0.9064660007425118,16,0,1,18,address_comma|ne_participle,diff_alignment
878,train,54,8,3.6012560012750328,1.7510599973320495,0.10457299867994152,0.20924600175931118,0.0013839999155607074,0.7146169991756324,0.16812700050650164,0.5314660011208616,0.4308460011088755,9,0,1,8,address_comma,diff_alignment
879,train,120,15,7.038732997898478,3.8346189976437017,0.4532810016826261,0.384884999220958,0.001186002918984741,1.1545569977897685,0.21398999888333492,1.0019469991675578,0.8287780037790071,16,0,1,15,address_comma,diff_alignment
880,train,204,33,13.526232000003802,8.990933001769008,0.8326319984917063,0.5141680012457073,0.0016800004232209176,2.2789670001657214,0.3207379995728843,0.954008999542566,0.9746670002641622,16,0,3,33,address_comma|ne_adjective|quote_close|quote_open,diff_alignment
881,train,71,9,4.033979999803705,1.9863989982695784,0.09488700015936047,0.2523399998608511,0.0016800004232209176,0.7776769998599775,0.17979100084630772,0.5798969978059176,0.5055700021330267,10,0,1,9,address_comma,diff_alignment
882,train,67,8,3.57634799729567,1.6977839986793697,0.08451000030618161,0.23701999816694297,0.0013839999155607074,0.6263519971980713,0.21468200066010468,0.5365069991967175,0.49608000335865654,9,0,1,8,address_comma,diff_alignment
883,train,62,8,3.7240159981593024,1.86947000111104,0.2151769986085128,0.23879899890744127,0.0012849995982833207,0.6859529967186972,0.16051700004027225,0.5681350012309849,0.43539200123632327,9,0,1,8,address_comma,diff_alignment
884,train,61,8,3.4823509995476343,1.6573590000916738,0.08015899220481515,0.2621259991428815,0.0012849995982833207,0.6181489989103284,0.17049999951268546,0.5727809984819032,0.45881800178904086,9,0,1,8,address_comma,diff_alignment
885,train,71,9,5.358343998523196,2.4719030006963294,0.2733930050453637,0.257677002082346,0.0011859992810059339,0.6805170014558826,0.16674499784130603,0.6949480011826381,1.3390929998422507,10,0,1,9,address_comma,diff_alignment
886,train,157,23,13.106753001920879,8.532807001756737,0.6542250048369169,0.5882990008103661,0.002272998244734481,1.9199779999325983,0.3590870001062285,0.9560839971527457,1.3329629982763436,16,0,1,23,address_comma,diff_alignment
887,train,128,16,10.458319997269427,6.844016999821179,0.6867440024507232,0.4612889970303513,0.0018780010577756912,1.3385980018938426,0.29464299950632267,0.9984880016418174,0.977039999270346,16,0,1,16,address_comma,diff_alignment
888,train,103,15,9.608925000065938,5.91784199787071,0.5701480004063342,0.3808250003203284,0.0017790007404983044,1.6668130010657478,0.2371179980400484,0.9927200007950887,0.7883910002419725,16,0,1,15,address_comma|n_nn_participle,diff_alignment
889,train,68,9,4.806910001207143,2.6004040009866003,0.2368139976169914,0.26405199969303794,0.0020799998310394585,0.7552110000688117,0.26147699827561155,0.6641899999522138,0.5193869983486366,10,0,1,9,address_comma,diff_alignment
890,train,142,22,14.812745001108851,10.566623001068365,4.711231991677778,0.6340799991448876,0.0015840014384593815,1.7766529999789782,0.2375069998379331,0.9606290004740003,1.262515001144493,16,2,4,22,address_comma|context_tak_zhe|dictionary_fuzzy|direct_speech_colon|direct_speech_quotes,dictionary
891,train,125,17,7.657994003238855,4.045754998514894,0.2805909934977535,0.44480699943960644,0.0017829988792072982,1.4535709997289814,0.2396870004304219,0.9130880025622901,1.0000490001402795,16,0,3,17,address_comma|quote_close|quote_open,diff_alignment
892,train,128,18,10.558007001236547,6.830083999375347,1.101765996281756,0.5131480029376689,0.001781998435035348,1.5055699986987747,0.25355300022056326,1.0019309993367642,0.9589459950802848,16,0,6,18,address_comma|direct_speech_colon|direct_speech_quotes|quote_close|quote_open,diff_alignment
893,train,180,24,16.05139099774533,11.406913999962853,1.4900209935149178,0.6503229997179005,0.0015849982446525246,1.9224470015615225,0.2683100028662011,0.9732079997775145,1.4735789991391357,16,0,3,24,address_comma|quote_close|quote_open,diff_alignment
894,train,186,24,14.290980998339364,9.440195000934182,1.179123002657434,0.6956859979254659,0.001881999196484685,1.9846460018015932,0.297033999231644,0.9790510011953302,1.5846060014155228,16,0,1,24,address_comma,diff_alignment
895,train,189,21,14.93080499858479,10.279097998136422,3.3596740031498484,0.6637940023210831,0.0021790001483168453,1.8974880003952421,0.30911699650459923,0.9619170014047995,1.4768470027775038,16,1,1,21,address_comma|extra_letter_candidate,dictionary
896,train,72,9,4.431631001352798,2.29386199862347,0.09488700015936047,0.6988560016907286,0.001882002834463492,0.7357989998126868,0.1879859992186539,0.6404189989552833,0.5684140014636796,10,0,1,9,address_comma,diff_alignment
897,train,60,8,3.5493459981807973,1.7304989996773656,0.08200900265364908,0.22839600205770694,0.0016830017557367682,0.6714209994242992,0.156489997607423,0.5225570021138992,0.463922002381878,9,0,1,8,address_comma,diff_alignment
898,train,162,23,14.478569999482716,10.217889001069125,0.8391040064452682,0.5688109995389823,0.0013870012480765581,1.8215210002381355,0.27881000278284773,0.9198230000038166,1.2349819990049582,16,0,1,23,address_comma,diff_alignment
899,train,107,13,7.938288999866927,4.9807319992396515,0.4608529961842578,0.4158869996899739,0.0016830017557367682,1.0344169968448114,0.2447380029479973,0.9189310003421269,0.7541229970229324,14,0,1,13,address_comma,diff_alignment
900,train,166,22,14.200354999047704,9.501008000370348,1.1084039906563703,0.6175399976200424,0.0016840021999087185,1.9924709995393641,0.2718760006246157,1.0600700006762054,1.369087000057334,16,0,1,22,address_comma,diff_alignment
901,train,169,20,55.06507699828944,50.51479100075085,41.53475400744355,0.6354670003929641,0.001981003151740879,1.7633819988986943,0.27593699996941723,1.081364000128815,1.4227690007828642,16,2,1,20,address_comma|keyboard_typo_candidate,dictionary
902,train,118,15,6.797697002184577,3.3621530019445345,0.31070100885699503,0.44361799882608466,0.0021790001483168453,1.3590839989774395,0.22829700174042955,0.9361650008941069,0.906154000404058,16,0,1,15,address_comma,diff_alignment
903,train,196,24,15.918770997814136,10.90377000218723,1.1772390025726054,0.6983599996601697,0.0016839985619299114,2.142027999070706,0.2864359994418919,1.014212000882253,1.566679999086773,16,0,1,24,address_comma|ne_participle,diff_alignment
904,train,132,15,10.604655999486567,7.104734002496116,0.7307529922400136,0.4257910004525911,0.0016839985619299114,1.285890000872314,0.22651399922324345,1.024016997689614,0.9582530001353007,16,0,1,15,address_comma,diff_alignment
905,train,210,25,36.52034799961257,32.49370899720816,24.18618199590128,0.47858100151643157,0.0016839985619299114,1.9027369999093935,0.2916849989560433,0.9470600016356912,0.8782250006333925,16,2,4,25,address_comma|direct_speech_colon|direct_speech_quotes|extra_letter_candidate,dictionary
906,train,192,25,15.509917000599671,10.75748199946247,1.5236969957186375,0.6438860000343993,0.0017829988792072982,1.965135001228191,0.30535300174960867,0.946763000683859,1.5294389995688107,16,0,1,25,address_comma,diff_alignment
907,train,124,15,10.026337000454077,6.6180299982079305,0.49997200767393224,0.441044001490809,0.001881999196484685,1.2906439988000784,0.20848799977102317,0.9635010028432589,0.9401280040037818,16,0,1,15,address_comma|ne_adjective,diff_alignment
908,train,201,26,17.456931000197073,12.841371000831714,1.1241490065003745,0.460754003142938,0.001881999196484685,1.8857019967981614,0.3668590034067165,1.368782999634277,0.986194998404244,16,0,1,26,address_comma|ne_adjective,diff_alignment
909,train,187,20,12.596755001140991,8.298549000755884,0.5906730038987007,0.6269170007726643,0.0019799990695901215,1.685872000962263,0.33539200012455694,0.8970520029834006,1.3736510009039193,16,0,1,20,address_comma|context_tak_zhe,diff_alignment
910,train,137,17,9.403252999618417,5.721961999370251,0.8162500089383684,0.4598640007316135,0.0019800027075689286,1.4697040023747832,0.2563719972386025,0.9402260002389085,1.0092459997395054,16,0,1,17,address_comma,diff_alignment
911,train,203,23,28.05478799928096,24.118710000038845,14.467106004303787,0.5001669997000135,0.001881999196484685,1.7536029990878887,0.2893469973059837,1.013304998195963,0.872792999871308,16,2,1,23,address_comma|dictionary_fuzzy|extra_letter_candidate,dictionary
912,train,105,15,7.023623998975381,3.474728000583127,0.286276001133956,0.35440499777905643,0.0018810023902915418,1.5453579981112853,0.22656500004814006,0.9781519984244369,0.7931769978313241,16,0,1,15,address_comma,diff_alignment
913,train,165,23,12.363852001726627,7.882254998548888,0.9986459917854518,0.6165189988678321,0.0024760011001490057,1.8758969999908004,0.24864800070645288,0.9739929992065299,1.3774150029348675,16,0,1,23,address_comma,diff_alignment
914,train,178,23,14.084580001508584,9.336807997897267,1.0871809936361387,0.6573159989784472,0.001882002834463492,1.9452140004432295,0.2922179992310703,1.0478639997018036,1.4558409966412,16,0,2,23,address_comma|comma_subordinate|tsya_soft_insert,diff_alignment
915,train,141,17,10.166029001993593,6.3705649990879465,0.932902010390535,0.5007610016036779,0.001781998435035348,1.422469002136495,0.29241599986562505,0.9745870011101943,1.100347999454243,16,0,1,17,address_comma,diff_alignment
916,train,114,17,8.623049001471372,5.091679002362071,0.5363130039768293,0.41064899778575636,0.0015840014384593815,1.4109830008237623,0.2155740003217943,0.9854800009634346,0.9140829970419873,16,0,1,17,address_comma,diff_alignment
917,train,126,20,10.124439999344759,6.25282600231003,0.4830330071854405,0.4622409978765063,0.0014849974832031876,1.534267001261469,0.3119229986623395,0.9788450006453786,1.0409340029582381,16,0,1,20,address_comma,diff_alignment
918,train,150,20,11.719902999175247,7.587461997900391,1.101832003769232,0.5747310024162289,0.001386000803904608,1.7555839986016508,0.27983999825664796,0.9476530030951835,1.1433240033511538,16,0,3,20,address_comma|quote_close|quote_open,diff_alignment
919,train,73,9,4.1559089986549225,2.004825000767596,0.09981399853131734,0.265382001089165,0.0014859979273751378,0.7789169976604171,0.18131100296159275,0.6418689990823623,0.5438369989860803,10,0,1,9,address_comma,diff_alignment
920,train,62,8,3.796355998929357,1.8074730032822117,0.08951799463829957,0.24290399960591458,0.0012879972928203642,0.7702029979554936,0.16428000162704848,0.5832470014865976,0.46639999709441327,9,0,1,8,address_comma,diff_alignment
921,train,199,23,14.042396000149893,9.956396999768913,1.635864991840208,0.7055409987515304,0.001386000803904608,1.7269669988309033,0.34777000109897926,1.1284690008324105,0.875959998666076,16,0,1,23,address_comma|hyphen_po_adverbs,diff_alignment
922,train,63,8,4.781736002769321,2.4912289991334546,0.19042400163016282,0.24478500199620612,0.0016839985619299114,1.0011259983002674,0.20240300000295974,0.6266189993766602,0.4549129989754874,9,0,1,8,address_comma,diff_alignment
923,train,61,8,3.737138998985756,1.8158889979531523,0.08476499715470709,0.27914699967368506,0.001881999196484685,0.7578250006190501,0.16566599879297428,0.553836998733459,0.43926799844484776,9,0,1,8,address_comma,diff_alignment
924,train,68,8,3.576126997359097,1.6790390000096522,0.08387299749301746,0.24646899692015722,0.001386997610097751,0.7018780015641823,0.14932699923519976,0.5677000008290634,0.4730340006062761,9,0,1,8,address_comma,diff_alignment
925,train,145,21,17.26431700080866,13.11831000202801,5.259422989183804,0.5033349989389535,0.001386000803904608,1.7501379988971166,0.2782560004561674,0.9943920013029128,1.115992996346904,16,2,1,21,address_comma|keyboard_typo_candidate,dictionary
926,train,165,24,11.816747999546351,7.208697999885771,0.6424670027627144,0.6925689995114226,0.0019809995137620717,1.9930419985030312,0.29182200159993954,0.9873609997157473,1.3283990010677371,16,0,1,24,address_comma,diff_alignment
927,train,62,8,4.227106001053471,2.420327997242566,0.2362689992878586,0.2961790014524013,0.002177999704144895,0.6198859991854988,0.1683390000835061,0.5456180006149225,0.468083999294322,9,0,1,8,address_comma,diff_alignment
928,train,161,18,11.249047001911094,7.284155002707848,1.0380619969510008,0.5190810006752145,0.0015840014384593815,1.597641999978805,0.24003200087463483,0.9623080004530493,1.1587709996092599,16,0,3,18,address_comma|quote_close|quote_open,diff_alignment
929,train,157,21,10.90355500127771,6.67862600312219,0.6367200003296603,0.5191790005483199,0.0015850018826313317,1.7995509988395497,0.2848900003300514,0.9136879998550285,1.2205609964439645,16,0,1,21,address_comma|n_nn_participle,diff_alignment
930,train,60,8,3.6659420002251863,1.7343929976050276,0.08347800030605868,0.22003000049153343,0.0014850011211819947,0.7027690007817,0.1591299987921957,0.6320659995253664,0.43283099876134656,9,0,1,8,address_comma,diff_alignment
931,train,167,21,10.029871998995077,5.889807001949521,0.6622660148423165,0.5375979999371339,0.0014850011211819947,1.7400370015820954,0.23260600210051052,0.9081429998332169,1.25412999841501,16,0,1,21,address_comma,diff_alignment
932,train,60,8,3.530676000082167,1.7872710013762116,0.21497899797395803,0.21864300288143568,0.001386000803904608,0.6163209982332774,0.1652690007176716,0.5257150005490985,0.4313450008339714,9,0,1,8,address_comma,diff_alignment
933,train,195,25,21.34754299913766,16.36974099892541,1.1704569951689336,0.6704869992972817,0.0012880009307991713,2.2108939992904197,0.26666999838198535,0.9593379982106853,1.5352570044342428,16,0,1,25,address_comma|ne_adjective,diff_alignment
934,train,143,19,9.069248000741936,5.103561998112127,0.772577004681807,0.48135199904209003,0.0016829981177579612,1.456138001231011,0.33073799932026304,0.8849719997670036,1.2878960005764384,16,0,1,19,address_comma,diff_alignment
935,train,56,8,3.6586140013241675,1.74677099857945,0.08288300523418002,0.2287440001964569,0.0016840021999087185,0.6725659986841492,0.20428499919944443,0.6183010009408463,0.41154199789161794,9,0,1,8,address_comma,diff_alignment
936,train,60,8,3.9938080008141696,2.1082059975015,0.09298300938098691,0.6905879999976605,0.001486001565353945,0.6097850018704776,0.16180400052689947,0.6198859991854988,0.4888780022156425,9,0,1,8,address_comma,diff_alignment
937,train,168,20,13.23020600102609,8.639782998216106,1.0338049942220096,0.5827519999002106,0.001386000803904608,1.8278710012964439,0.2643920015543699,1.128074000007473,1.3629570021294057,16,0,1,20,address_comma|context_tak_zhe,diff_alignment
938,train,66,8,3.980340999987675,1.9899719991371967,0.2087399989250116,0.3409370001463685,0.002177999704144895,0.6774180001229979,0.24805399880278856,0.5733450016123243,0.4860070002905559,9,0,1,8,address_comma,diff_alignment
939,train,158,20,12.56249200014281,8.33578200035845,0.8988340050564148,0.5809700014651753,0.0018809987523127347,1.7803400005504955,0.26548099776846357,0.9644860001571942,1.210360998811666,16,0,1,20,address_comma,diff_alignment
940,train,141,15,14.77694999994128,10.932371002127184,0.8561550021113362,0.4774910012201872,0.001781998435035348,1.3690970008610748,0.29380200066952966,1.1067840023315512,1.069352001650259,16,0,1,15,address_comma,diff_alignment
941,train,71,9,5.288835000101244,3.025063000677619,0.2132949957740493,0.271521999820834,0.001782002073014155,0.8399159996770322,0.2212190011050552,0.6635559984715655,0.5340320021787193,10,0,1,9,address_comma,diff_alignment
942,train,169,21,14.451064998866059,9.928669998771511,1.24541199329542,0.636918000964215,0.0016829981177579612,1.8912460000137798,0.2681559999473393,1.0174640010518488,1.339586997346487,16,0,1,21,address_comma,diff_alignment
943,train,65,8,3.843788002996007,1.8806500011123717,0.18606300363899209,0.2381509984843433,0.0016829981177579612,0.7444570001098327,0.17893599942908622,0.5658189984387718,0.4689740017056465,9,0,1,8,address_comma,diff_alignment
944,train,167,21,14.262127999245422,9.579613000823883,0.9421049981028773,0.5892879999009892,0.0015839978004805744,2.1953459981887136,0.2553810008976143,0.9649820021877531,1.2609630030055996,16,0,1,21,address_comma,diff_alignment
945,train,120,15,9.327400999609381,5.6953249986690935,0.5728469914174639,0.42827599827433005,0.0024750006559770554,1.4193009992595762,0.22507999892695807,1.062025003193412,0.9189370030071586,16,0,1,15,address_comma,diff_alignment
946,train,127,18,9.637046998250298,5.957340999884764,0.6770240033802111,0.4596659964590799,0.0025750014174263924,1.4737640012754127,0.2391420021012891,0.9508219991403166,1.0100379986397456,16,0,1,18,address_comma,diff_alignment
947,train,56,8,3.841311998257879,1.892533000500407,0.09140100155491382,0.24250800197478384,0.0017829988792072982,0.6997980017331429,0.2227039985882584,0.5729479998990428,0.4481790019781329,9,0,1,8,address_comma,diff_alignment
948,train,126,17,8.549968999432167,4.957205001119291,0.5233399933786131,0.4936320001434069,0.0015849982446525246,1.4009810001880396,0.2477569978509564,0.922401999559952,1.0141960010514595,16,0,6,17,address_comma|direct_speech_colon|direct_speech_quotes|quote_close|quote_open,diff_alignment
949,train,63,9,4.261665999365505,2.0597840011760127,0.1033790031215176,0.2507270000933204,0.0016839985619299114,0.8225860001402907,0.17982599820243195,0.6593960024474654,0.5353200031095184,10,0,1,9,address_comma,diff_alignment
950,train,199,24,20.201051000185544,16.037418998166686,5.635717989207478,0.723860997823067,0.0014859979273751378,1.8928299978142604,0.3213300005882047,1.0399429993412923,0.9015079958771821,16,2,3,24,address_comma|extra_letter_candidate|missing_letter_candidate|quote_close|quote_open,dictionary
951,train,67,8,3.7155519967200235,1.7802409965952393,0.09060800221050158,0.24785599816823378,0.0015839978004805744,0.6553369967150502,0.20715700156870298,0.5750279997300822,0.49283899716101587,9,0,1,8,address_comma,diff_alignment
952,train,183,22,30.36856499966234,25.65763099846663,14.774571998714237,0.634441999864066,0.0014849974832031876,1.9362029997864738,0.26954100030707195,1.1170809993927833,1.3812750003125984,16,2,1,22,address_comma|missing_letter_candidate|swapped_letters_candidate,dictionary
953,train,65,9,3.979152999818325,1.963038001122186,0.0944700041145552,0.2492419989721384,0.0018809987523127347,0.6895980004628655,0.199037000129465,0.6159250006021466,0.5065050027042162,10,0,1,9,address_comma,diff_alignment
954,train,59,8,3.759519000595901,1.8769870002870448,0.09070300438906997,0.26973999774781987,0.001486001565353945,0.7202950000646524,0.15388199972221628,0.5436380015453324,0.45986500117578544,9,0,1,8,address_comma,diff_alignment
955,train,57,8,3.5516690004442353,1.697853997029597,0.08813099339022301,0.21448500046972185,0.001386000803904608,0.664942002913449,0.16190299720619805,0.5875059978279751,0.43421699956525117,9,0,1,8,address_comma,diff_alignment
956,train,64,8,4.190072002529632,2.277833002153784,0.20022499666083604,0.25280699992435984,0.001386000803904608,0.6458300013036933,0.21141400065971538,0.5858219992660452,0.46342900168383494,9,0,1,8,address_comma,diff_alignment
957,train,149,18,13.849597002263181,9.95530799991684,4.167793991655344,0.5606699996860698,0.001386000803904608,1.5683309975429438,0.2636989993334282,0.9710220001579728,1.0848999991139863,16,0,3,18,address_comma|quote_close|quote_open,dictionary
958,train,128,15,9.770827000465943,6.348681003146339,0.5555220050155185,0.4550120029307436,0.0020789993868675083,1.2150160000601318,0.274689999059774,0.9979570022551343,0.9278480029024649,16,0,5,15,address_comma|ne_participle|quote_close|quote_open,diff_alignment
959,train,128,15,12.429206999513553,8.639882002171362,0.767826997616794,0.4378809971967712,0.001781998435035348,1.5847689974179957,0.2421120007056743,0.9689430007711053,0.9874600036710035,16,0,1,15,address_comma|n_nn_short_form,diff_alignment
960,train,150,19,12.496642000769498,8.459462002065266,0.7685190030315425,0.5377950001275167,0.0019799990695901215,1.6232890011451673,0.25340100182802416,1.005185997200897,1.1495619983179495,16,0,1,19,address_comma,diff_alignment
961,train,156,20,13.249317998997867,8.90120500116609,1.044499997078674,0.5842370010213926,0.001881999196484685,1.7847960007202346,0.32499400185770355,1.0161770005652215,1.2165989974164404,16,0,1,20,address_comma,diff_alignment
962,train,65,8,3.713572001288412,1.7331060007563792,0.1025869969453197,0.24815299912006594,0.0018809987523127347,0.6725659986841492,0.2355760007048957,0.5821580016345251,0.48541299838689156,9,0,1,8,address_comma,diff_alignment
963,train,147,20,10.20722300017951,6.059929000912234,0.5963200019323267,0.5368049969547428,0.001781998435035348,1.6020979965105653,0.3192510012013372,1.0245939993183129,1.1959050025325269,16,0,1,20,address_comma,diff_alignment
964,train,166,21,10.718579000240425,6.406313001207309,0.6193930094013922,0.6288969998422544,0.0016839985619299114,1.7172619991470128,0.2942970022559166,0.9959759991033934,1.2982949992874637,16,0,3,21,address_comma|quote_close|quote_open,diff_alignment
965,train,121,16,10.496271999727469,6.734177997714141,0.7629749961779453,0.4277810003259219,0.0019799990695901215,1.4408879978873301,0.29825799720129,0.973300000623567,1.0434089999762364,16,0,1,16,address_comma,diff_alignment
966,train,177,20,12.895706000563223,8.603638998465613,0.8663509906909894,0.6382050014508422,0.008912000339478254,1.678444998105988,0.3356890010763891,0.9368600003654137,1.3354280017665587,16,0,1,20,address_comma,diff_alignment
967,train,105,14,8.179622000170639,5.008896001527319,0.7511949952458963,0.4005499977211002,0.001782002073014155,1.1517400016600732,0.23369500195258297,0.8348660012416076,0.9450779980397783,15,0,1,14,address_comma,diff_alignment
968,train,64,9,3.959941997891292,1.8775809985527303,0.09139900066656992,0.2367650013184175,0.001781998435035348,0.6833599982201122,0.23616999897058122,0.7020750017545652,0.4558039981930051,10,0,1,9,address_comma,diff_alignment
969,train,190,24,42.89580600016052,38.143478999700164,27.99705500365235,0.7558449979114812,0.0014849974832031876,1.9883880013367161,0.2848900003300514,0.9826080022321548,1.4893100051267538,16,2,1,24,address_comma|dictionary_fuzzy|extra_letter_candidate,dictionary
970,train,143,16,9.14430700140656,5.49747699915315,0.7234629956656136,0.47848100075498223,0.002872002369258553,1.3737509980273899,0.2538959997764323,0.9559710015309975,1.0576679997029714,16,0,1,16,address_comma,diff_alignment
971,train,189,21,15.76995700088446,10.83067400031723,0.9177489955618512,0.6010719989717472,0.002277000021422282,2.235550000477815,0.2772660009213723,0.985083999694325,1.4353419974213466,16,0,1,21,address_comma,diff_alignment
972,train,146,18,32.11583200027235,28.131133996794233,21.156326994969277,0.5217539983277675,0.0020799998310394585,1.5390199987450615,0.26449199867784046,1.0230090010736603,1.1513440003909636,16,2,1,18,address_comma|dictionary_fuzzy,dictionary
973,train,159,19,11.741391001123702,7.914338999398751,0.8707060005690437,0.5638389993691817,0.0019799990695901215,1.5016889992693905,0.2538959997764323,0.9001219987112563,1.1653059991658665,16,0,1,19,address_comma|context_tak_zhe,diff_alignment
974,train,62,8,4.732819001219468,2.7941410007770173,0.21775099594378844,0.2281499982927926,0.002277000021422282,0.7372290019702632,0.18240099961985834,0.581861000682693,0.43302899575792253,9,0,1,8,address_comma,diff_alignment
975,train,202,28,18.74491300259251,14.660994998848764,1.4986189962655772,0.4545170013443567,0.0016830017557367682,1.9524430026649497,0.2698380012589041,0.9327999978268053,0.923391999094747,16,0,1,28,address_comma,diff_alignment
976,train,61,8,3.646236000349745,1.7356810021738056,0.0825850002001971,0.23131800116971135,0.0015840014384593815,0.721186999726342,0.20349300029920414,0.5416569983935915,0.4391689981275704,9,0,1,8,address_comma,diff_alignment
977,train,125,16,9.010427002067445,5.632248001347762,0.46045801354921423,0.42174000191153027,0.0016829981177579612,1.239673001691699,0.2138900017598644,0.9345819998998195,0.9842919971561059,16,0,3,16,address_comma|quote_close|quote_open,diff_alignment
978,train,67,8,4.447036997589748,2.4934069988375995,0.08872500256984495,0.23072399926604703,0.0015850018826313317,0.6922720021975692,0.236367999605136,0.5650269995385315,0.4552099999273196,9,0,1,8,address_comma,diff_alignment
979,train,61,8,3.5393899997870903,1.7341959974146448,0.08268500459962524,0.21913900127401575,0.001287000486627221,0.7158389998949133,0.15101000099093653,0.5190800002310425,0.4149080014030915,9,0,1,8,address_comma,diff_alignment
980,train,66,8,3.74149699928239,1.667454002017621,0.08416799755650572,0.22686199736199342,0.0015840014384593815,0.8032769983401522,0.16566600243095309,0.6424630009860266,0.45728999975835904,9,0,1,8,address_comma,diff_alignment
981,train,58,8,3.713273999892408,1.8383679998805746,0.0850610013003461,0.2764729979389813,0.0017829988792072982,0.7067289989208803,0.15170299957389943,0.5970120000711177,0.4149070009589195,9,0,1,8,address_comma,diff_alignment
982,train,63,8,3.366792996530421,1.6542830016987864,0.08387499474338256,0.21656399985658936,0.0011880001693498343,0.61453799935407,0.14150500282994471,0.49838400082080625,0.4534289982984774,9,0,1,8,address_comma,diff_alignment
983,train,205,25,14.099333999183727,10.201578999840422,1.0834139939106535,0.45679399772780016,0.001386000803904608,1.8153940000047442,0.28924700018251315,0.9352749984827824,0.8520960000168998,16,0,1,25,address_comma,diff_alignment
984,train,72,9,4.004105998319574,1.9769999998970889,0.09456600309931673,0.25429200104554184,0.0016829981177579612,0.78238300193334,0.1733899989631027,0.549678999959724,0.5170990007172804,10,0,1,9,address_comma,diff_alignment
985,train,136,18,8.083569999143947,4.483873999561183,0.4517490087891929,0.456300000223564,0.001386000803904608,1.4069229982851539,0.20973199934815057,0.9417120018042624,1.0362789980717935,16,0,1,18,address_comma,diff_alignment
986,train,145,16,9.152823000476928,5.535601001611212,0.5247240042081103,0.5187829992792103,0.0015849982446525246,1.3853359996574,0.24369600214413367,0.9539899983792566,1.0291500002495013,16,0,1,16,address_comma,diff_alignment
987,train,147,20,9.976400000596186,6.0919139978068415,1.0281569993821904,0.5634429981000721,0.0017829988792072982,1.5398119976453017,0.25013299818965606,0.986569000815507,1.1021289974451065,16,0,1,20,address_comma,diff_alignment
988,train,218,25,37.163148997933604,32.821471999341156,22.151416007545777,0.4939280006510671,0.0014859979273751378,2.0469109986152034,0.2926140005001798,1.0613320009724703,0.9344829995825421,16,2,1,25,address_comma|dictionary_fuzzy|n_nn_short_form,dictionary
989,train,71,8,3.838837001239881,1.83331800144515,0.09961900650523603,0.2683530001377221,0.0024750006559770554,0.6757360024494119,0.22943700241739862,0.595130000874633,0.4997710020688828,9,0,1,8,address_comma,diff_alignment
990,train,193,22,44.9211289997038,39.851236000686185,30.209733995434362,0.6471170017903205,0.001882002834463492,1.9879920000676066,0.2808300014294218,0.9939960000338033,1.80034299773979,16,1,1,22,address_comma|dictionary_fuzzy,dictionary
991,train,149,19,18.51240600080928,14.417891998164123,6.311052009550622,0.5264079991320614,0.0021790001483168453,1.580709002155345,0.39133999962359667,0.9604270017007366,1.1553050026122946,16,0,1,19,address_comma,dictionary
992,train,204,25,16.694240002834704,12.291366001591086,1.133917012339225,0.46105299770715646,0.0024759974621701986,2.0137380015512463,0.31984599991119467,1.0552909989200998,1.0072650002257433,16,0,1,25,address_comma,diff_alignment
993,train,183,23,21.789285998238483,16.91209099953994,7.739953995042015,0.6988070017541759,0.002377000782871619,2.0134409969614353,0.2953869989141822,1.052420000632992,1.509411998995347,16,0,1,23,address_comma,dictionary
994,train,65,8,3.7089180004841182,1.7373640002915636,0.08783400335232727,0.24340000163647346,0.0016830017557367682,0.6640500032517593,0.20646399934776127,0.6360270017466974,0.45956700341776013,9,0,1,8,address_comma,diff_alignment
995,train,69,9,4.212351999740349,2.021461998083396,0.09813199721975252,0.25488599931122735,0.001881999196484685,0.8189230029529426,0.19151099695591256,0.6671200026175939,0.5085840020910837,10,0,1,9,address_comma,diff_alignment
996,train,138,18,38.91279100207612,35.21555900078965,30.665337999380426,0.4755099980684463,0.0015839978004805744,1.416527997207595,0.22616900241700932,0.9957779984688386,1.0535089968470857,16,0,1,18,address_comma,dictionary
997,train,67,8,4.174821999185951,2.2933789987291675,0.19289800547994673,0.23607199909747578,0.0020799998310394585,0.659494999126764,0.18002399883698672,0.5556199976126663,0.4814509993593674,9,0,1,8,address_comma,diff_alignment
998,train,58,8,3.5151289994246326,1.7264709968003444,0.08228599472204223,0.22121799702290446,0.0015849982446525246,0.6909840012667701,0.15180300033534877,0.5028400009905454,0.4383769992273301,9,0,1,8,address_comma,diff_alignment
999,train,190,27,16.594377000728855,11.664762998407241,1.2825629928556737,0.6766009973944165,0.001386000803904608,2.1314800032996573,0.2836029998434242,0.9158960019703954,1.5926949999993667,16,0,1,27,address_comma,diff_alignment
