rule_id,proposed_source,proposed_target,reason,candidate_count,matching_candidate_found,generated_candidate_rule_ids
address_comma,Мария уточни рабочий отчет. После встречи файл остался в архиве.,"Мария, уточни рабочий отчет. После встречи файл остался в архиве.",no_supported_edit,10,False,[]
address_comma,Мария уточни новый документ. Вечером руководитель принял правки.,"Мария, уточни новый документ. Вечером руководитель принял правки.",no_supported_edit,8,False,[]
address_comma,Мария уточни точный план. Затем отдел подготовил справку.,"Мария, уточни точный план. Затем отдел подготовил справку.",no_supported_edit,8,False,[]
address_comma,Мария уточни городской архив. Позже группа обсудила договор.,"Мария, уточни городской архив. Позже группа обсудила договор.",no_supported_edit,8,False,[]
address_comma,Мария уточни утренний выпуск. Утром автор исправил дату.,"Мария, уточни утренний выпуск. Утром автор исправил дату.",no_supported_edit,8,False,[]
address_comma,Мария уточни важный договор. После обеда автор открыл журнал.,"Мария, уточни важный договор. После обеда автор открыл журнал.",no_supported_edit,9,False,[]
address_comma,Мария уточни короткая заметка. Вечером эксперт уточнил маршрут.,"Мария, уточни короткая заметка. Вечером эксперт уточнил маршрут.",no_supported_edit,8,False,[]
address_comma,Мария уточни итоговая таблица. Затем комиссия открыла раздел.,"Мария, уточни итоговая таблица. Затем комиссия открыла раздел.",no_supported_edit,8,False,[]
address_comma,Мария уточни свежая сводка. Позже эксперт согласовал таблицу.,"Мария, уточни свежая сводка. Позже эксперт согласовал таблицу.",no_supported_edit,8,False,[]
address_comma,Мария уточни открытая заявка. Утром секретарь проверил папку.,"Мария, уточни открытая заявка. Утром секретарь проверил папку.",no_supported_edit,8,False,[]
address_comma,Мария уточни письменный ответ. После встречи эксперт закрыл заявку.,"Мария, уточни письменный ответ. После встречи эксперт закрыл заявку.",no_supported_edit,9,False,[]
address_comma,Мария уточни подробная справка. Вечером аналитик сверил письмо.,"Мария, уточни подробная справка. Вечером аналитик сверил письмо.",no_supported_edit,8,False,[]
address_comma,Мария уточни районная комиссия. Затем эксперт согласовал список.,"Мария, уточни районная комиссия. Затем эксперт согласовал список.",no_supported_edit,8,False,[]
address_comma,Мария уточни финальный список. Позже аналитик отправил сводку.,"Мария, уточни финальный список. Позже аналитик отправил сводку.",no_supported_edit,8,False,[]
address_comma,Мария уточни новая редакция. Утром эксперт обновил протокол.,"Мария, уточни новая редакция. Утром эксперт обновил протокол.",no_supported_edit,8,False,[]
address_comma,Мария уточни архивная запись. После встречи служба приняла справку.,"Мария, уточни архивная запись. После встречи служба приняла справку.",no_supported_edit,9,False,[]
address_comma,Мария уточни дежурный редактор. Утром комиссия вернулась к письму.,"Мария, уточни дежурный редактор. Утром комиссия вернулась к письму.",no_supported_edit,9,False,[]
address_comma,Мария уточни общий график. После проверки список закрыли.,"Мария, уточни общий график. После проверки список закрыли.",no_supported_edit,8,False,[]
address_comma,Мария уточни плановая встреча. Вечером архивариус нашел копию.,"Мария, уточни плановая встреча. Вечером архивариус нашел копию.",no_supported_edit,8,False,[]
address_comma,Мария уточни осенняя проверка. Затем редактор отправил файл.,"Мария, уточни осенняя проверка. Затем редактор отправил файл.",no_supported_edit,8,False,[]
address_comma,Мария уточни сводный отчет. Позже редакция открыла архив.,"Мария, уточни сводный отчет. Позже редакция открыла архив.",no_supported_edit,8,False,[]
address_comma,Мария уточни важная подпись. Утром редактор принял отчет.,"Мария, уточни важная подпись. Утром редактор принял отчет.",no_supported_edit,8,False,[]
address_comma,Мария уточни рабочая группа. После встречи редактор сохранил таблицу.,"Мария, уточни рабочая группа. После встречи редактор сохранил таблицу.",no_supported_edit,9,False,[]
address_comma,Мария уточни городская служба. Вечером координатор принял ответ.,"Мария, уточни городская служба. Вечером координатор принял ответ.",no_supported_edit,8,False,[]
address_comma,Мария уточни новый раздел. Затем служба закрыла вопрос.,"Мария, уточни новый раздел. Затем служба закрыла вопрос.",no_supported_edit,8,False,[]
address_comma,Мария уточни учебная таблица. Позже комиссия сохранила решение.,"Мария, уточни учебная таблица. Позже комиссия сохранила решение.",no_supported_edit,8,False,[]
address_comma,Мария уточни вечерний протокол. Утром редакция сверила выпуск.,"Мария, уточни вечерний протокол. Утром редакция сверила выпуск.",no_supported_edit,8,False,[]
address_comma,Мария уточни проверенный файл. После обеда координатор принял протокол.,"Мария, уточни проверенный файл. После обеда координатор принял протокол.",no_supported_edit,9,False,[]
address_comma,Мария уточни согласованный договор. Вечером отдел открыл папку.,"Мария, уточни согласованный договор. Вечером отдел открыл папку.",no_supported_edit,8,False,[]
address_comma,Мария уточни подготовленный список. Затем секретарь закрыл раздел.,"Мария, уточни подготовленный список. Затем секретарь закрыл раздел.",no_supported_edit,8,False,[]
address_comma,Мария уточни закрытая заявка. Позже автор проверил подпись.,"Мария, уточни закрытая заявка. Позже автор проверил подпись.",no_supported_edit,8,False,[]
address_comma,Мария уточни длинная запись. Утром аналитик проверил заявку.,"Мария, уточни длинная запись. Утром аналитик проверил заявку.",no_supported_edit,8,False,[]
address_comma,Мария уточни обновленный журнал. Позже редактор сохранил копию.,"Мария, уточни обновленный журнал. Позже редактор сохранил копию.",no_supported_edit,8,False,[]
address_comma,Мария уточни северный филиал. Утром секретарь открыл папку.,"Мария, уточни северный филиал. Утром секретарь открыл папку.",no_supported_edit,8,False,[]
address_comma,Мария уточни зимнее расписание. После совещания команда сверила сроки.,"Мария, уточни зимнее расписание. После совещания команда сверила сроки.",no_supported_edit,9,False,[]
address_comma,Мария уточни летняя проверка. Вечером автор проверил таблицу.,"Мария, уточни летняя проверка. Вечером автор проверил таблицу.",no_supported_edit,8,False,[]
address_comma,Мария уточни районный протокол. Затем эксперт сверил данные.,"Мария, уточни районный протокол. Затем эксперт сверил данные.",no_supported_edit,8,False,[]
address_comma,Мария уточни входящее письмо. Позже аналитик проверил договор.,"Мария, уточни входящее письмо. Позже аналитик проверил договор.",no_supported_edit,8,False,[]
address_comma,Мария уточни старый договор. Утром группа закрыла протокол.,"Мария, уточни старый договор. Утром группа закрыла протокол.",no_supported_edit,8,False,[]
address_comma,Мария уточни новая таблица. После проверки отдел обновил график.,"Мария, уточни новая таблица. После проверки отдел обновил график.",no_supported_edit,9,False,[]
asyndetic_dash,Солнце село стало холодно. Позже редактор сохранил копию.,Солнце село — стало холодно. Позже редактор сохранил копию.,no_supported_edit,10,False,"[""asyndetic_dash"", ""missing_hard_sign""]"
asyndetic_dash,Солнце село город затих. Утром комиссия вернулась к письму.,Солнце село — город затих. Утром комиссия вернулась к письму.,no_supported_edit,11,False,"[""asyndetic_dash"", ""missing_hard_sign""]"
asyndetic_dash,Солнце село встреча закончилась. После встречи файл остался в архиве.,Солнце село — встреча закончилась. После встречи файл остался в архиве.,no_supported_edit,12,False,"[""asyndetic_dash"", ""missing_hard_sign""]"
asyndetic_dash,Солнце село стало холодно. Вечером автор обновил сводку.,Солнце село — стало холодно. Вечером автор обновил сводку.,no_supported_edit,10,False,"[""asyndetic_dash"", ""missing_hard_sign""]"
asyndetic_dash,Солнце село город затих. Затем группа сверила подписи.,Солнце село — город затих. Затем группа сверила подписи.,no_supported_edit,10,False,"[""asyndetic_dash"", ""missing_hard_sign""]"
asyndetic_dash,Солнце село встреча закончилась. Позже служба отправила ответ.,Солнце село — встреча закончилась. Позже служба отправила ответ.,no_supported_edit,10,False,"[""asyndetic_dash"", ""missing_hard_sign""]"
asyndetic_dash,Солнце село стало холодно. Утром секретарь открыл папку.,Солнце село — стало холодно. Утром секретарь открыл папку.,no_supported_edit,10,False,"[""asyndetic_dash"", ""missing_hard_sign""]"
asyndetic_dash,Солнце село город затих. После проверки список закрыли.,Солнце село — город затих. После проверки список закрыли.,no_supported_edit,10,False,"[""asyndetic_dash"", ""missing_hard_sign""]"
asyndetic_dash,Солнце село встреча закончилась. Вечером руководитель принял правки.,Солнце село — встреча закончилась. Вечером руководитель принял правки.,no_supported_edit,10,False,"[""asyndetic_dash"", ""missing_hard_sign""]"
asyndetic_dash,Солнце село стало холодно. Затем аналитик обновил запись.,Солнце село — стало холодно. Затем аналитик обновил запись.,no_supported_edit,10,False,"[""asyndetic_dash"", ""missing_hard_sign""]"
asyndetic_dash,Солнце село город затих. Позже юрист согласовал договор.,Солнце село — город затих. Позже юрист согласовал договор.,no_supported_edit,10,False,"[""asyndetic_dash"", ""missing_hard_sign""]"
asyndetic_dash,Солнце село встреча закончилась. Утром редакция выпустила заметку.,Солнце село — встреча закончилась. Утром редакция выпустила заметку.,no_supported_edit,10,False,"[""asyndetic_dash"", ""missing_hard_sign""]"
asyndetic_dash,Солнце село стало холодно. После совещания команда сверила сроки.,Солнце село — стало холодно. После совещания команда сверила сроки.,no_supported_edit,11,False,"[""asyndetic_dash"", ""missing_hard_sign""]"
asyndetic_dash,Солнце село город затих. Вечером архивариус нашел копию.,Солнце село — город затих. Вечером архивариус нашел копию.,no_supported_edit,10,False,"[""asyndetic_dash"", ""missing_hard_sign""]"
asyndetic_dash,Солнце село встреча закончилась. Затем отдел подготовил справку.,Солнце село — встреча закончилась. Затем отдел подготовил справку.,no_supported_edit,10,False,"[""asyndetic_dash"", ""missing_hard_sign""]"
asyndetic_dash,Солнце село стало холодно. Позже координатор закрыл заявку.,Солнце село — стало холодно. Позже координатор закрыл заявку.,no_supported_edit,10,False,"[""asyndetic_dash"", ""missing_hard_sign""]"
asyndetic_dash,Солнце село город затих. Утром эксперт прочитал письмо.,Солнце село — город затих. Утром эксперт прочитал письмо.,no_supported_edit,10,False,"[""asyndetic_dash"", ""missing_hard_sign""]"
asyndetic_dash,Солнце село встреча закончилась. После обеда комиссия уточнила вывод.,Солнце село — встреча закончилась. После обеда комиссия уточнила вывод.,no_supported_edit,11,False,"[""asyndetic_dash"", ""missing_hard_sign""]"
asyndetic_dash,Солнце село стало холодно. Вечером автор проверил таблицу.,Солнце село — стало холодно. Вечером автор проверил таблицу.,no_supported_edit,10,False,"[""asyndetic_dash"", ""missing_hard_sign""]"
asyndetic_dash,Солнце село город затих. Затем редактор отправил файл.,Солнце село — город затих. Затем редактор отправил файл.,no_supported_edit,10,False,"[""asyndetic_dash"", ""missing_hard_sign""]"
asyndetic_dash,Солнце село встреча закончилась. Позже группа обсудила договор.,Солнце село — встреча закончилась. Позже группа обсудила договор.,no_supported_edit,10,False,"[""asyndetic_dash"", ""missing_hard_sign""]"
asyndetic_dash,Солнце село стало холодно. Утром служба приняла заявку.,Солнце село — стало холодно. Утром служба приняла заявку.,no_supported_edit,10,False,"[""asyndetic_dash"", ""missing_hard_sign""]"
asyndetic_dash,Солнце село город затих. После проверки руководитель подписал лист.,Солнце село — город затих. После проверки руководитель подписал лист.,no_supported_edit,11,False,"[""asyndetic_dash"", ""missing_hard_sign""]"
asyndetic_dash,Солнце село встреча закончилась. Вечером секретарь обновил график.,Солнце село — встреча закончилась. Вечером секретарь обновил график.,no_supported_edit,10,False,"[""asyndetic_dash"", ""missing_hard_sign""]"
asyndetic_dash,Солнце село стало холодно. Затем эксперт сверил данные.,Солнце село — стало холодно. Затем эксперт сверил данные.,no_supported_edit,10,False,"[""asyndetic_dash"", ""missing_hard_sign""]"
asyndetic_dash,Солнце село город затих. Позже редакция открыла архив.,Солнце село — город затих. Позже редакция открыла архив.,no_supported_edit,10,False,"[""asyndetic_dash"", ""missing_hard_sign""]"
asyndetic_dash,Солнце село встреча закончилась. Утром автор исправил дату.,Солнце село — встреча закончилась. Утром автор исправил дату.,no_supported_edit,10,False,"[""asyndetic_dash"", ""missing_hard_sign""]"
asyndetic_dash,Солнце село стало холодно. После встречи отдел сохранил запись.,Солнце село — стало холодно. После встречи отдел сохранил запись.,no_supported_edit,11,False,"[""asyndetic_dash"", ""missing_hard_sign""]"
asyndetic_dash,Солнце село город затих. Вечером комиссия закрыла вопрос.,Солнце село — город затих. Вечером комиссия закрыла вопрос.,no_supported_edit,10,False,"[""asyndetic_dash"", ""missing_hard_sign""]"
asyndetic_dash,Солнце село встреча закончилась. Затем координатор отправил сводку.,Солнце село — встреча закончилась. Затем координатор отправил сводку.,no_supported_edit,10,False,"[""asyndetic_dash"", ""missing_hard_sign""]"
asyndetic_dash,Солнце село стало холодно. Позже аналитик проверил договор.,Солнце село — стало холодно. Позже аналитик проверил договор.,no_supported_edit,10,False,"[""asyndetic_dash"", ""missing_hard_sign""]"
asyndetic_dash,Солнце село город затих. Утром редактор принял отчет.,Солнце село — город затих. Утром редактор принял отчет.,no_supported_edit,10,False,"[""asyndetic_dash"", ""missing_hard_sign""]"
asyndetic_dash,Солнце село встреча закончилась. После обеда автор открыл журнал.,Солнце село — встреча закончилась. После обеда автор открыл журнал.,no_supported_edit,11,False,"[""asyndetic_dash"", ""missing_hard_sign""]"
asyndetic_dash,Солнце село стало холодно. Вечером отдел сверил ведомость.,Солнце село — стало холодно. Вечером отдел сверил ведомость.,no_supported_edit,10,False,"[""asyndetic_dash"", ""missing_hard_sign""]"
asyndetic_dash,Солнце село город затих. Затем юрист обновил папку.,Солнце село — город затих. Затем юрист обновил папку.,no_supported_edit,10,False,"[""asyndetic_dash"", ""missing_hard_sign""]"
asyndetic_dash,Солнце село встреча закончилась. Позже комиссия приняла справку.,Солнце село — встреча закончилась. Позже комиссия приняла справку.,no_supported_edit,10,False,"[""asyndetic_dash"", ""missing_hard_sign""]"
asyndetic_dash,Солнце село стало холодно. Утром группа закрыла протокол.,Солнце село — стало холодно. Утром группа закрыла протокол.,no_supported_edit,10,False,"[""asyndetic_dash"", ""missing_hard_sign""]"
asyndetic_dash,Солнце село город затих. После встречи редактор сохранил таблицу.,Солнце село — город затих. После встречи редактор сохранил таблицу.,no_supported_edit,11,False,"[""asyndetic_dash"", ""missing_hard_sign""]"
asyndetic_dash,Солнце село встреча закончилась. Вечером эксперт уточнил маршрут.,Солнце село — встреча закончилась. Вечером эксперт уточнил маршрут.,no_supported_edit,10,False,"[""asyndetic_dash"", ""missing_hard_sign""]"
asyndetic_dash,Солнце село стало холодно. Затем секретарь проверил журнал.,Солнце село — стало холодно. Затем секретарь проверил журнал.,no_supported_edit,10,False,"[""asyndetic_dash"", ""missing_hard_sign""]"
asyndetic_dash,Солнце село город затих. Позже служба согласовала заявку.,Солнце село — город затих. Позже служба согласовала заявку.,no_supported_edit,10,False,"[""asyndetic_dash"", ""missing_hard_sign""]"
asyndetic_dash,Солнце село встреча закончилась. Утром автор отправил письмо.,Солнце село — встреча закончилась. Утром автор отправил письмо.,no_supported_edit,10,False,"[""asyndetic_dash"", ""missing_hard_sign""]"
asyndetic_dash,Солнце село стало холодно. После проверки отдел обновил график.,Солнце село — стало холодно. После проверки отдел обновил график.,no_supported_edit,11,False,"[""asyndetic_dash"", ""missing_hard_sign""]"
asyndetic_dash,Солнце село город затих. Вечером координатор принял ответ.,Солнце село — город затих. Вечером координатор принял ответ.,no_supported_edit,10,False,"[""asyndetic_dash"", ""missing_hard_sign""]"
asyndetic_dash,Солнце село встреча закончилась. Затем комиссия открыла раздел.,Солнце село — встреча закончилась. Затем комиссия открыла раздел.,no_supported_edit,10,False,"[""asyndetic_dash"", ""missing_hard_sign""]"
asyndetic_dash,Солнце село стало холодно. Позже редактор сверил список.,Солнце село — стало холодно. Позже редактор сверил список.,no_supported_edit,10,False,"[""asyndetic_dash"", ""missing_hard_sign""]"
asyndetic_dash,Солнце село город затих. Утром аналитик сохранил отчет.,Солнце село — город затих. Утром аналитик сохранил отчет.,no_supported_edit,10,False,"[""asyndetic_dash"", ""missing_hard_sign""]"
asyndetic_dash,Солнце село встреча закончилась. После обеда юрист проверил подпись.,Солнце село — встреча закончилась. После обеда юрист проверил подпись.,no_supported_edit,11,False,"[""asyndetic_dash"", ""missing_hard_sign""]"
asyndetic_dash,Солнце село стало холодно. Вечером группа обновила запись.,Солнце село — стало холодно. Вечером группа обновила запись.,no_supported_edit,10,False,"[""asyndetic_dash"", ""missing_hard_sign""]"
asyndetic_dash,Солнце село город затих. Затем служба закрыла вопрос.,Солнце село — город затих. Затем служба закрыла вопрос.,no_supported_edit,10,False,"[""asyndetic_dash"", ""missing_hard_sign""]"
asyndetic_dash,Солнце село встреча закончилась. Позже эксперт согласовал таблицу.,Солнце село — встреча закончилась. Позже эксперт согласовал таблицу.,no_supported_edit,10,False,"[""asyndetic_dash"", ""missing_hard_sign""]"
asyndetic_dash,Солнце село стало холодно. Утром отдел отправил договор.,Солнце село — стало холодно. Утром отдел отправил договор.,no_supported_edit,10,False,"[""asyndetic_dash"", ""missing_hard_sign""]"
asyndetic_dash,Солнце село город затих. После совещания автор уточнил дату.,Солнце село — город затих. После совещания автор уточнил дату.,no_supported_edit,11,False,"[""asyndetic_dash"", ""missing_hard_sign""]"
asyndetic_dash,Солнце село встреча закончилась. Вечером редактор открыл протокол.,Солнце село — встреча закончилась. Вечером редактор открыл протокол.,no_supported_edit,10,False,"[""asyndetic_dash"", ""missing_hard_sign""]"
asyndetic_dash,Солнце село стало холодно. Затем координатор сверил журнал.,Солнце село — стало холодно. Затем координатор сверил журнал.,no_supported_edit,10,False,"[""asyndetic_dash"", ""missing_hard_sign""]"
asyndetic_dash,Солнце село город затих. Позже комиссия сохранила решение.,Солнце село — город затих. Позже комиссия сохранила решение.,no_supported_edit,10,False,"[""asyndetic_dash"", ""missing_hard_sign""]"
asyndetic_dash,Солнце село встреча закончилась. Утром секретарь проверил папку.,Солнце село — встреча закончилась. Утром секретарь проверил папку.,no_supported_edit,10,False,"[""asyndetic_dash"", ""missing_hard_sign""]"
asyndetic_dash,Солнце село стало холодно. После проверки аналитик принял сводку.,Солнце село — стало холодно. После проверки аналитик принял сводку.,no_supported_edit,11,False,"[""asyndetic_dash"", ""missing_hard_sign""]"
asyndetic_dash,Солнце село город затих. Вечером служба обновила список.,Солнце село — город затих. Вечером служба обновила список.,no_supported_edit,10,False,"[""asyndetic_dash"", ""missing_hard_sign""]"
asyndetic_dash,Солнце село встреча закончилась. Затем юрист отправил письмо.,Солнце село — встреча закончилась. Затем юрист отправил письмо.,no_supported_edit,10,False,"[""asyndetic_dash"", ""missing_hard_sign""]"
asyndetic_dash,Солнце село стало холодно. Позже отдел согласовал график.,Солнце село — стало холодно. Позже отдел согласовал график.,no_supported_edit,10,False,"[""asyndetic_dash"", ""missing_hard_sign""]"
asyndetic_dash,Солнце село город затих. Утром редакция сверила выпуск.,Солнце село — город затих. Утром редакция сверила выпуск.,no_supported_edit,10,False,"[""asyndetic_dash"", ""missing_hard_sign""]"
asyndetic_dash,Солнце село встреча закончилась. После встречи эксперт закрыл заявку.,Солнце село — встреча закончилась. После встречи эксперт закрыл заявку.,no_supported_edit,11,False,"[""asyndetic_dash"", ""missing_hard_sign""]"
asyndetic_dash,Солнце село стало холодно. Вечером автор сохранил раздел.,Солнце село — стало холодно. Вечером автор сохранил раздел.,no_supported_edit,10,False,"[""asyndetic_dash"", ""missing_hard_sign""]"
asyndetic_dash,Солнце село город затих. Затем группа проверила договор.,Солнце село — город затих. Затем группа проверила договор.,no_supported_edit,10,False,"[""asyndetic_dash"", ""missing_hard_sign""]"
asyndetic_dash,Солнце село встреча закончилась. Позже секретарь уточнил таблицу.,Солнце село — встреча закончилась. Позже секретарь уточнил таблицу.,no_supported_edit,10,False,"[""asyndetic_dash"", ""missing_hard_sign""]"
asyndetic_dash,Солнце село стало холодно. Утром комиссия открыла журнал.,Солнце село — стало холодно. Утром комиссия открыла журнал.,no_supported_edit,10,False,"[""asyndetic_dash"", ""missing_hard_sign""]"
asyndetic_dash,Солнце село город затих. После обеда координатор принял протокол.,Солнце село — город затих. После обеда координатор принял протокол.,no_supported_edit,11,False,"[""asyndetic_dash"", ""missing_hard_sign""]"
asyndetic_dash,Солнце село встреча закончилась. Вечером аналитик сверил письмо.,Солнце село — встреча закончилась. Вечером аналитик сверил письмо.,no_supported_edit,10,False,"[""asyndetic_dash"", ""missing_hard_sign""]"
asyndetic_dash,Солнце село стало холодно. Затем редактор обновил дату.,Солнце село — стало холодно. Затем редактор обновил дату.,no_supported_edit,10,False,"[""asyndetic_dash"", ""missing_hard_sign""]"
asyndetic_dash,Солнце село город затих. Позже служба проверила запись.,Солнце село — город затих. Позже служба проверила запись.,no_supported_edit,10,False,"[""asyndetic_dash"", ""missing_hard_sign""]"
asyndetic_dash,Солнце село встреча закончилась. Утром юрист сохранил справку.,Солнце село — встреча закончилась. Утром юрист сохранил справку.,no_supported_edit,10,False,"[""asyndetic_dash"", ""missing_hard_sign""]"
asyndetic_dash,Солнце село стало холодно. После проверки автор отправил отчет.,Солнце село — стало холодно. После проверки автор отправил отчет.,no_supported_edit,11,False,"[""asyndetic_dash"", ""missing_hard_sign""]"
asyndetic_dash,Солнце село город затих. Вечером отдел открыл папку.,Солнце село — город затих. Вечером отдел открыл папку.,no_supported_edit,10,False,"[""asyndetic_dash"", ""missing_hard_sign""]"
asyndetic_dash,Солнце село встреча закончилась. Затем эксперт согласовал список.,Солнце село — встреча закончилась. Затем эксперт согласовал список.,no_supported_edit,10,False,"[""asyndetic_dash"", ""missing_hard_sign""]"
asyndetic_dash,Солнце село стало холодно. Позже координатор обновил ведомость.,Солнце село — стало холодно. Позже координатор обновил ведомость.,no_supported_edit,10,False,"[""asyndetic_dash"", ""missing_hard_sign""]"
asyndetic_dash,Солнце село город затих. Утром группа приняла решение.,Солнце село — город затих. Утром группа приняла решение.,no_supported_edit,10,False,"[""asyndetic_dash"", ""missing_hard_sign""]"
asyndetic_dash,Солнце село встреча закончилась. После встречи редакция проверила маршрут.,Солнце село — встреча закончилась. После встречи редакция проверила маршрут.,no_supported_edit,11,False,"[""asyndetic_dash"", ""missing_hard_sign""]"
asyndetic_dash,Солнце село стало холодно. Вечером комиссия сохранила таблицу.,Солнце село — стало холодно. Вечером комиссия сохранила таблицу.,no_supported_edit,10,False,"[""asyndetic_dash"", ""missing_hard_sign""]"
asyndetic_dash,Солнце село город затих. Затем секретарь закрыл раздел.,Солнце село — город затих. Затем секретарь закрыл раздел.,no_supported_edit,10,False,"[""asyndetic_dash"", ""missing_hard_sign""]"
asyndetic_dash,Солнце село встреча закончилась. Позже аналитик отправил сводку.,Солнце село — встреча закончилась. Позже аналитик отправил сводку.,no_supported_edit,10,False,"[""asyndetic_dash"", ""missing_hard_sign""]"
asyndetic_dash,Солнце село стало холодно. Утром служба уточнила график.,Солнце село — стало холодно. Утром служба уточнила график.,no_supported_edit,10,False,"[""asyndetic_dash"", ""missing_hard_sign""]"
asyndetic_dash,Солнце село город затих. После обеда редактор принял письмо.,Солнце село — город затих. После обеда редактор принял письмо.,no_supported_edit,11,False,"[""asyndetic_dash"", ""missing_hard_sign""]"
asyndetic_dash,Солнце село встреча закончилась. Вечером юрист сверил договор.,Солнце село — встреча закончилась. Вечером юрист сверил договор.,no_supported_edit,10,False,"[""asyndetic_dash"", ""missing_hard_sign""]"
asyndetic_dash,Солнце село стало холодно. Затем отдел сохранил журнал.,Солнце село — стало холодно. Затем отдел сохранил журнал.,no_supported_edit,10,False,"[""asyndetic_dash"", ""missing_hard_sign""]"
asyndetic_dash,Солнце село город затих. Позже автор проверил подпись.,Солнце село — город затих. Позже автор проверил подпись.,no_supported_edit,10,False,"[""asyndetic_dash"", ""missing_hard_sign""]"
asyndetic_dash,Солнце село встреча закончилась. Утром эксперт обновил протокол.,Солнце село — встреча закончилась. Утром эксперт обновил протокол.,no_supported_edit,10,False,"[""asyndetic_dash"", ""missing_hard_sign""]"
asyndetic_dash,Солнце село стало холодно. После проверки комиссия отправила ответ.,Солнце село — стало холодно. После проверки комиссия отправила ответ.,no_supported_edit,11,False,"[""asyndetic_dash"", ""missing_hard_sign""]"
asyndetic_dash,Солнце село город затих. Вечером координатор открыл список.,Солнце село — город затих. Вечером координатор открыл список.,no_supported_edit,10,False,"[""asyndetic_dash"", ""missing_hard_sign""]"
asyndetic_dash,Солнце село встреча закончилась. Затем редакция согласовала выпуск.,Солнце село — встреча закончилась. Затем редакция согласовала выпуск.,no_supported_edit,10,False,"[""asyndetic_dash"", ""missing_hard_sign""]"
asyndetic_dash,Солнце село стало холодно. Позже группа сохранила папку.,Солнце село — стало холодно. Позже группа сохранила папку.,no_supported_edit,10,False,"[""asyndetic_dash"", ""missing_hard_sign""]"
asyndetic_dash,Солнце село город затих. Утром аналитик проверил заявку.,Солнце село — город затих. Утром аналитик проверил заявку.,no_supported_edit,10,False,"[""asyndetic_dash"", ""missing_hard_sign""]"
asyndetic_dash,Солнце село встреча закончилась. После встречи служба приняла справку.,Солнце село — встреча закончилась. После встречи служба приняла справку.,no_supported_edit,11,False,"[""asyndetic_dash"", ""missing_hard_sign""]"
asyndetic_dash,Солнце село стало холодно. Вечером секретарь отправил письмо.,Солнце село — стало холодно. Вечером секретарь отправил письмо.,no_supported_edit,10,False,"[""asyndetic_dash"", ""missing_hard_sign""]"
asyndetic_dash,Солнце село город затих. Затем юрист обновил решение.,Солнце село — город затих. Затем юрист обновил решение.,no_supported_edit,10,False,"[""asyndetic_dash"", ""missing_hard_sign""]"
asyndetic_dash,Солнце село встреча закончилась. Позже отдел сверил таблицу.,Солнце село — встреча закончилась. Позже отдел сверил таблицу.,no_supported_edit,10,False,"[""asyndetic_dash"", ""missing_hard_sign""]"
asyndetic_dash,Солнце село стало холодно. Утром автор закрыл вопрос.,Солнце село — стало холодно. Утром автор закрыл вопрос.,no_supported_edit,10,False,"[""asyndetic_dash"", ""missing_hard_sign""]"
asyndetic_dash,Солнце село город затих. Позже редактор сохранил копию.,Солнце село — город затих. Позже редактор сохранил копию.,no_supported_edit,10,False,"[""asyndetic_dash"", ""missing_hard_sign""]"
asyndetic_dash,Солнце село встреча закончилась. Утром комиссия вернулась к письму.,Солнце село — встреча закончилась. Утром комиссия вернулась к письму.,no_supported_edit,11,False,"[""asyndetic_dash"", ""missing_hard_sign""]"
asyndetic_dash,Солнце село стало холодно. После встречи файл остался в архиве.,Солнце село — стало холодно. После встречи файл остался в архиве.,no_supported_edit,12,False,"[""asyndetic_dash"", ""missing_hard_sign""]"
asyndetic_dash,Солнце село город затих. Вечером автор обновил сводку.,Солнце село — город затих. Вечером автор обновил сводку.,no_supported_edit,10,False,"[""asyndetic_dash"", ""missing_hard_sign""]"
asyndetic_dash,Солнце село встреча закончилась. Затем группа сверила подписи.,Солнце село — встреча закончилась. Затем группа сверила подписи.,no_supported_edit,10,False,"[""asyndetic_dash"", ""missing_hard_sign""]"
asyndetic_dash,Солнце село стало холодно. Позже служба отправила ответ.,Солнце село — стало холодно. Позже служба отправила ответ.,no_supported_edit,10,False,"[""asyndetic_dash"", ""missing_hard_sign""]"
asyndetic_dash,Солнце село город затих. Утром секретарь открыл папку.,Солнце село — город затих. Утром секретарь открыл папку.,no_supported_edit,10,False,"[""asyndetic_dash"", ""missing_hard_sign""]"
asyndetic_dash,Солнце село встреча закончилась. После проверки список закрыли.,Солнце село — встреча закончилась. После проверки список закрыли.,no_supported_edit,10,False,"[""asyndetic_dash"", ""missing_hard_sign""]"
asyndetic_dash,Солнце село стало холодно. Вечером руководитель принял правки.,Солнце село — стало холодно. Вечером руководитель принял правки.,no_supported_edit,10,False,"[""asyndetic_dash"", ""missing_hard_sign""]"
asyndetic_dash,Солнце село город затих. Затем аналитик обновил запись.,Солнце село — город затих. Затем аналитик обновил запись.,no_supported_edit,10,False,"[""asyndetic_dash"", ""missing_hard_sign""]"
asyndetic_dash,Солнце село встреча закончилась. Позже юрист согласовал договор.,Солнце село — встреча закончилась. Позже юрист согласовал договор.,no_supported_edit,10,False,"[""asyndetic_dash"", ""missing_hard_sign""]"
asyndetic_dash,Солнце село стало холодно. Утром редакция выпустила заметку.,Солнце село — стало холодно. Утром редакция выпустила заметку.,no_supported_edit,10,False,"[""asyndetic_dash"", ""missing_hard_sign""]"
asyndetic_dash,Солнце село город затих. После совещания команда сверила сроки.,Солнце село — город затих. После совещания команда сверила сроки.,no_supported_edit,11,False,"[""asyndetic_dash"", ""missing_hard_sign""]"
asyndetic_dash,Солнце село встреча закончилась. Вечером архивариус нашел копию.,Солнце село — встреча закончилась. Вечером архивариус нашел копию.,no_supported_edit,10,False,"[""asyndetic_dash"", ""missing_hard_sign""]"
asyndetic_dash,Солнце село стало холодно. Затем отдел подготовил справку.,Солнце село — стало холодно. Затем отдел подготовил справку.,no_supported_edit,10,False,"[""asyndetic_dash"", ""missing_hard_sign""]"
asyndetic_dash,Солнце село город затих. Позже координатор закрыл заявку.,Солнце село — город затих. Позже координатор закрыл заявку.,no_supported_edit,10,False,"[""asyndetic_dash"", ""missing_hard_sign""]"
asyndetic_dash,Солнце село встреча закончилась. Утром эксперт прочитал письмо.,Солнце село — встреча закончилась. Утром эксперт прочитал письмо.,no_supported_edit,10,False,"[""asyndetic_dash"", ""missing_hard_sign""]"
asyndetic_dash,Солнце село стало холодно. После обеда комиссия уточнила вывод.,Солнце село — стало холодно. После обеда комиссия уточнила вывод.,no_supported_edit,11,False,"[""asyndetic_dash"", ""missing_hard_sign""]"
asyndetic_dash,Солнце село город затих. Вечером автор проверил таблицу.,Солнце село — город затих. Вечером автор проверил таблицу.,no_supported_edit,10,False,"[""asyndetic_dash"", ""missing_hard_sign""]"
asyndetic_dash,Солнце село встреча закончилась. Затем редактор отправил файл.,Солнце село — встреча закончилась. Затем редактор отправил файл.,no_supported_edit,10,False,"[""asyndetic_dash"", ""missing_hard_sign""]"
asyndetic_dash,Солнце село стало холодно. Позже группа обсудила договор.,Солнце село — стало холодно. Позже группа обсудила договор.,no_supported_edit,10,False,"[""asyndetic_dash"", ""missing_hard_sign""]"
asyndetic_dash,Солнце село город затих. Утром служба приняла заявку.,Солнце село — город затих. Утром служба приняла заявку.,no_supported_edit,10,False,"[""asyndetic_dash"", ""missing_hard_sign""]"
asyndetic_dash,Солнце село встреча закончилась. После проверки руководитель подписал лист.,Солнце село — встреча закончилась. После проверки руководитель подписал лист.,no_supported_edit,11,False,"[""asyndetic_dash"", ""missing_hard_sign""]"
comma_subordinate,Если команда успеет то рабочий отчет отправят сегодня. После проверки список закрыли.,"Если команда успеет, то рабочий отчет отправят сегодня. После проверки список закрыли.",no_supported_edit,12,False,[]
comma_subordinate,Если команда успеет то новый документ отправят сегодня. Позже координатор закрыл заявку.,"Если команда успеет, то новый документ отправят сегодня. Позже координатор закрыл заявку.",no_supported_edit,12,False,[]
comma_subordinate,Если команда успеет то точный план отправят сегодня. Вечером секретарь обновил график.,"Если команда успеет, то точный план отправят сегодня. Вечером секретарь обновил график.",no_supported_edit,12,False,[]
comma_subordinate,Если команда успеет то городской архив отправят сегодня. Утром редактор принял отчет.,"Если команда успеет, то городской архив отправят сегодня. Утром редактор принял отчет.",no_supported_edit,12,False,[]
comma_subordinate,Если команда успеет то утренний выпуск отправят сегодня. Затем секретарь проверил журнал.,"Если команда успеет, то утренний выпуск отправят сегодня. Затем секретарь проверил журнал.",no_supported_edit,12,False,[]
comma_subordinate,Если команда успеет то важный договор отправят сегодня. После обеда юрист проверил подпись.,"Если команда успеет, то важный договор отправят сегодня. После обеда юрист проверил подпись.",no_supported_edit,13,False,[]
comma_subordinate,Если команда успеет то короткая заметка отправят сегодня. Позже комиссия сохранила решение.,"Если команда успеет, то короткая заметка отправят сегодня. Позже комиссия сохранила решение.",no_supported_edit,12,False,[]
comma_subordinate,Если команда успеет то итоговая таблица отправят сегодня. Вечером автор сохранил раздел.,"Если команда успеет, то итоговая таблица отправят сегодня. Вечером автор сохранил раздел.",no_supported_edit,12,False,[]
comma_subordinate,Если команда успеет то свежая сводка отправят сегодня. Утром юрист сохранил справку.,"Если команда успеет, то свежая сводка отправят сегодня. Утром юрист сохранил справку.",no_supported_edit,12,False,[]
comma_subordinate,Если команда успеет то открытая заявка отправят сегодня. Затем секретарь закрыл раздел.,"Если команда успеет, то открытая заявка отправят сегодня. Затем секретарь закрыл раздел.",no_supported_edit,12,False,[]
comma_subordinate,Если команда успеет то письменный ответ отправят сегодня. После проверки комиссия отправила ответ.,"Если команда успеет, то письменный ответ отправят сегодня. После проверки комиссия отправила ответ.",no_supported_edit,13,False,[]
comma_subordinate,Если команда успеет то подробная справка отправят сегодня. Позже отдел сверил таблицу.,"Если команда успеет, то подробная справка отправят сегодня. Позже отдел сверил таблицу.",no_supported_edit,12,False,[]
comma_subordinate,Если команда успеет то районная комиссия отправят сегодня. Утром секретарь открыл папку.,"Если команда успеет, то районная комиссия отправят сегодня. Утром секретарь открыл папку.",no_supported_edit,12,False,[]
comma_subordinate,Если команда успеет то финальный список отправят сегодня. Затем отдел подготовил справку.,"Если команда успеет, то финальный список отправят сегодня. Затем отдел подготовил справку.",no_supported_edit,12,False,[]
comma_subordinate,Если команда успеет то новая редакция отправят сегодня. После проверки руководитель подписал лист.,"Если команда успеет, то новая редакция отправят сегодня. После проверки руководитель подписал лист.",no_supported_edit,13,False,[]
comma_subordinate,Если команда успеет то архивная запись отправят сегодня. Позже аналитик проверил договор.,"Если команда успеет, то архивная запись отправят сегодня. Позже аналитик проверил договор.",no_supported_edit,12,False,[]
comma_subordinate,Если команда успеет то дежурный редактор отправят сегодня. Вечером эксперт уточнил маршрут.,"Если команда успеет, то дежурный редактор отправят сегодня. Вечером эксперт уточнил маршрут.",no_supported_edit,12,False,[]
comma_subordinate,Если команда успеет то общий график отправят сегодня. Утром аналитик сохранил отчет.,"Если команда успеет, то общий график отправят сегодня. Утром аналитик сохранил отчет.",no_supported_edit,12,False,[]
comma_subordinate,Если команда успеет то плановая встреча отправят сегодня. Затем координатор сверил журнал.,"Если команда успеет, то плановая встреча отправят сегодня. Затем координатор сверил журнал.",no_supported_edit,12,False,[]
comma_subordinate,Если команда успеет то осенняя проверка отправят сегодня. После встречи эксперт закрыл заявку.,"Если команда успеет, то осенняя проверка отправят сегодня. После встречи эксперт закрыл заявку.",no_supported_edit,13,False,[]
comma_subordinate,Если команда успеет то сводный отчет отправят сегодня. Позже служба проверила запись.,"Если команда успеет, то сводный отчет отправят сегодня. Позже служба проверила запись.",no_supported_edit,12,False,[]
comma_subordinate,Если команда успеет то важная подпись отправят сегодня. Вечером комиссия сохранила таблицу.,"Если команда успеет, то важная подпись отправят сегодня. Вечером комиссия сохранила таблицу.",no_supported_edit,12,False,[]
comma_subordinate,Если команда успеет то рабочая группа отправят сегодня. Утром эксперт обновил протокол.,"Если команда успеет, то рабочая группа отправят сегодня. Утром эксперт обновил протокол.",no_supported_edit,12,False,[]
comma_subordinate,Если команда успеет то городская служба отправят сегодня. Затем юрист обновил решение.,"Если команда успеет, то городская служба отправят сегодня. Затем юрист обновил решение.",no_supported_edit,12,False,[]
comma_subordinate,Если команда успеет то новый раздел отправят сегодня. Позже служба отправила ответ.,"Если команда успеет, то новый раздел отправят сегодня. Позже служба отправила ответ.",no_supported_edit,12,False,[]
comma_subordinate,Если команда успеет то учебная таблица отправят сегодня. Вечером архивариус нашел копию.,"Если команда успеет, то учебная таблица отправят сегодня. Вечером архивариус нашел копию.",no_supported_edit,12,False,[]
comma_subordinate,Если команда успеет то вечерний протокол отправят сегодня. Утром служба приняла заявку.,"Если команда успеет, то вечерний протокол отправят сегодня. Утром служба приняла заявку.",no_supported_edit,12,False,[]
comma_subordinate,Если команда успеет то проверенный файл отправят сегодня. Затем координатор отправил сводку.,"Если команда успеет, то проверенный файл отправят сегодня. Затем координатор отправил сводку.",no_supported_edit,12,False,[]
consequence_dash,Начался дождь мы остались дома. Позже редактор сохранил копию.,Начался дождь — мы остались дома. Позже редактор сохранил копию.,no_supported_edit,10,False,"[""consequence_dash""]"
consequence_dash,Начался дождь встречу перенесли утром. Утром комиссия вернулась к письму.,Начался дождь — встречу перенесли утром. Утром комиссия вернулась к письму.,no_supported_edit,11,False,"[""consequence_dash""]"
consequence_dash,Начался дождь команда закрыла окна. После встречи файл остался в архиве.,Начался дождь — команда закрыла окна. После встречи файл остался в архиве.,no_supported_edit,12,False,"[""consequence_dash""]"
consequence_dash,Начался дождь мы остались дома. Вечером автор обновил сводку.,Начался дождь — мы остались дома. Вечером автор обновил сводку.,no_supported_edit,10,False,"[""consequence_dash""]"
consequence_dash,Начался дождь встречу перенесли утром. Затем группа сверила подписи.,Начался дождь — встречу перенесли утром. Затем группа сверила подписи.,no_supported_edit,10,False,"[""consequence_dash""]"
consequence_dash,Начался дождь команда закрыла окна. Позже служба отправила ответ.,Начался дождь — команда закрыла окна. Позже служба отправила ответ.,no_supported_edit,10,False,"[""consequence_dash""]"
consequence_dash,Начался дождь мы остались дома. Утром секретарь открыл папку.,Начался дождь — мы остались дома. Утром секретарь открыл папку.,no_supported_edit,10,False,"[""consequence_dash""]"
consequence_dash,Начался дождь встречу перенесли утром. После проверки список закрыли.,Начался дождь — встречу перенесли утром. После проверки список закрыли.,no_supported_edit,10,False,"[""consequence_dash""]"
consequence_dash,Начался дождь команда закрыла окна. Вечером руководитель принял правки.,Начался дождь — команда закрыла окна. Вечером руководитель принял правки.,no_supported_edit,10,False,"[""consequence_dash""]"
consequence_dash,Начался дождь мы остались дома. Затем аналитик обновил запись.,Начался дождь — мы остались дома. Затем аналитик обновил запись.,no_supported_edit,10,False,"[""consequence_dash""]"
consequence_dash,Начался дождь встречу перенесли утром. Позже юрист согласовал договор.,Начался дождь — встречу перенесли утром. Позже юрист согласовал договор.,no_supported_edit,10,False,"[""consequence_dash""]"
consequence_dash,Начался дождь команда закрыла окна. Утром редакция выпустила заметку.,Начался дождь — команда закрыла окна. Утром редакция выпустила заметку.,no_supported_edit,10,False,"[""consequence_dash""]"
consequence_dash,Начался дождь мы остались дома. После совещания команда сверила сроки.,Начался дождь — мы остались дома. После совещания команда сверила сроки.,no_supported_edit,11,False,"[""consequence_dash""]"
consequence_dash,Начался дождь встречу перенесли утром. Вечером архивариус нашел копию.,Начался дождь — встречу перенесли утром. Вечером архивариус нашел копию.,no_supported_edit,10,False,"[""consequence_dash""]"
consequence_dash,Начался дождь команда закрыла окна. Затем отдел подготовил справку.,Начался дождь — команда закрыла окна. Затем отдел подготовил справку.,no_supported_edit,10,False,"[""consequence_dash""]"
consequence_dash,Начался дождь мы остались дома. Позже координатор закрыл заявку.,Начался дождь — мы остались дома. Позже координатор закрыл заявку.,no_supported_edit,10,False,"[""consequence_dash""]"
consequence_dash,Начался дождь встречу перенесли утром. Утром эксперт прочитал письмо.,Начался дождь — встречу перенесли утром. Утром эксперт прочитал письмо.,no_supported_edit,10,False,"[""consequence_dash""]"
consequence_dash,Начался дождь команда закрыла окна. После обеда комиссия уточнила вывод.,Начался дождь — команда закрыла окна. После обеда комиссия уточнила вывод.,no_supported_edit,11,False,"[""consequence_dash""]"
consequence_dash,Начался дождь мы остались дома. Вечером автор проверил таблицу.,Начался дождь — мы остались дома. Вечером автор проверил таблицу.,no_supported_edit,10,False,"[""consequence_dash""]"
consequence_dash,Начался дождь встречу перенесли утром. Затем редактор отправил файл.,Начался дождь — встречу перенесли утром. Затем редактор отправил файл.,no_supported_edit,10,False,"[""consequence_dash""]"
consequence_dash,Начался дождь команда закрыла окна. Позже группа обсудила договор.,Начался дождь — команда закрыла окна. Позже группа обсудила договор.,no_supported_edit,10,False,"[""consequence_dash""]"
consequence_dash,Начался дождь мы остались дома. Утром служба приняла заявку.,Начался дождь — мы остались дома. Утром служба приняла заявку.,no_supported_edit,10,False,"[""consequence_dash""]"
consequence_dash,Начался дождь встречу перенесли утром. После проверки руководитель подписал лист.,Начался дождь — встречу перенесли утром. После проверки руководитель подписал лист.,no_supported_edit,11,False,"[""consequence_dash""]"
consequence_dash,Начался дождь команда закрыла окна. Вечером секретарь обновил график.,Начался дождь — команда закрыла окна. Вечером секретарь обновил график.,no_supported_edit,10,False,"[""consequence_dash""]"
consequence_dash,Начался дождь мы остались дома. Затем эксперт сверил данные.,Начался дождь — мы остались дома. Затем эксперт сверил данные.,no_supported_edit,10,False,"[""consequence_dash""]"
consequence_dash,Начался дождь встречу перенесли утром. Позже редакция открыла архив.,Начался дождь — встречу перенесли утром. Позже редакция открыла архив.,no_supported_edit,10,False,"[""consequence_dash""]"
consequence_dash,Начался дождь команда закрыла окна. Утром автор исправил дату.,Начался дождь — команда закрыла окна. Утром автор исправил дату.,no_supported_edit,10,False,"[""consequence_dash""]"
consequence_dash,Начался дождь мы остались дома. После встречи отдел сохранил запись.,Начался дождь — мы остались дома. После встречи отдел сохранил запись.,no_supported_edit,11,False,"[""consequence_dash""]"
consequence_dash,Начался дождь встречу перенесли утром. Вечером комиссия закрыла вопрос.,Начался дождь — встречу перенесли утром. Вечером комиссия закрыла вопрос.,no_supported_edit,10,False,"[""consequence_dash""]"
consequence_dash,Начался дождь команда закрыла окна. Затем координатор отправил сводку.,Начался дождь — команда закрыла окна. Затем координатор отправил сводку.,no_supported_edit,10,False,"[""consequence_dash""]"
consequence_dash,Начался дождь мы остались дома. Позже аналитик проверил договор.,Начался дождь — мы остались дома. Позже аналитик проверил договор.,no_supported_edit,10,False,"[""consequence_dash""]"
consequence_dash,Начался дождь встречу перенесли утром. Утром редактор принял отчет.,Начался дождь — встречу перенесли утром. Утром редактор принял отчет.,no_supported_edit,10,False,"[""consequence_dash""]"
consequence_dash,Начался дождь команда закрыла окна. После обеда автор открыл журнал.,Начался дождь — команда закрыла окна. После обеда автор открыл журнал.,no_supported_edit,11,False,"[""consequence_dash""]"
consequence_dash,Начался дождь мы остались дома. Вечером отдел сверил ведомость.,Начался дождь — мы остались дома. Вечером отдел сверил ведомость.,no_supported_edit,10,False,"[""consequence_dash""]"
consequence_dash,Начался дождь встречу перенесли утром. Затем юрист обновил папку.,Начался дождь — встречу перенесли утром. Затем юрист обновил папку.,no_supported_edit,10,False,"[""consequence_dash""]"
consequence_dash,Начался дождь команда закрыла окна. Позже комиссия приняла справку.,Начался дождь — команда закрыла окна. Позже комиссия приняла справку.,no_supported_edit,10,False,"[""consequence_dash""]"
consequence_dash,Начался дождь мы остались дома. Утром группа закрыла протокол.,Начался дождь — мы остались дома. Утром группа закрыла протокол.,no_supported_edit,10,False,"[""consequence_dash""]"
consequence_dash,Начался дождь встречу перенесли утром. После встречи редактор сохранил таблицу.,Начался дождь — встречу перенесли утром. После встречи редактор сохранил таблицу.,no_supported_edit,11,False,"[""consequence_dash""]"
consequence_dash,Начался дождь команда закрыла окна. Вечером эксперт уточнил маршрут.,Начался дождь — команда закрыла окна. Вечером эксперт уточнил маршрут.,no_supported_edit,10,False,"[""consequence_dash""]"
consequence_dash,Начался дождь мы остались дома. Затем секретарь проверил журнал.,Начался дождь — мы остались дома. Затем секретарь проверил журнал.,no_supported_edit,10,False,"[""consequence_dash""]"
consequence_dash,Начался дождь встречу перенесли утром. Позже служба согласовала заявку.,Начался дождь — встречу перенесли утром. Позже служба согласовала заявку.,no_supported_edit,10,False,"[""consequence_dash""]"
consequence_dash,Начался дождь команда закрыла окна. Утром автор отправил письмо.,Начался дождь — команда закрыла окна. Утром автор отправил письмо.,no_supported_edit,10,False,"[""consequence_dash""]"
consequence_dash,Начался дождь мы остались дома. После проверки отдел обновил график.,Начался дождь — мы остались дома. После проверки отдел обновил график.,no_supported_edit,11,False,"[""consequence_dash""]"
consequence_dash,Начался дождь встречу перенесли утром. Вечером координатор принял ответ.,Начался дождь — встречу перенесли утром. Вечером координатор принял ответ.,no_supported_edit,10,False,"[""consequence_dash""]"
consequence_dash,Начался дождь команда закрыла окна. Затем комиссия открыла раздел.,Начался дождь — команда закрыла окна. Затем комиссия открыла раздел.,no_supported_edit,10,False,"[""consequence_dash""]"
consequence_dash,Начался дождь мы остались дома. Позже редактор сверил список.,Начался дождь — мы остались дома. Позже редактор сверил список.,no_supported_edit,10,False,"[""consequence_dash""]"
consequence_dash,Начался дождь встречу перенесли утром. Утром аналитик сохранил отчет.,Начался дождь — встречу перенесли утром. Утром аналитик сохранил отчет.,no_supported_edit,10,False,"[""consequence_dash""]"
consequence_dash,Начался дождь команда закрыла окна. После обеда юрист проверил подпись.,Начался дождь — команда закрыла окна. После обеда юрист проверил подпись.,no_supported_edit,11,False,"[""consequence_dash""]"
consequence_dash,Начался дождь мы остались дома. Вечером группа обновила запись.,Начался дождь — мы остались дома. Вечером группа обновила запись.,no_supported_edit,10,False,"[""consequence_dash""]"
consequence_dash,Начался дождь встречу перенесли утром. Затем служба закрыла вопрос.,Начался дождь — встречу перенесли утром. Затем служба закрыла вопрос.,no_supported_edit,10,False,"[""consequence_dash""]"
consequence_dash,Начался дождь команда закрыла окна. Позже эксперт согласовал таблицу.,Начался дождь — команда закрыла окна. Позже эксперт согласовал таблицу.,no_supported_edit,10,False,"[""consequence_dash""]"
consequence_dash,Начался дождь мы остались дома. Утром отдел отправил договор.,Начался дождь — мы остались дома. Утром отдел отправил договор.,no_supported_edit,10,False,"[""consequence_dash""]"
consequence_dash,Начался дождь встречу перенесли утром. После совещания автор уточнил дату.,Начался дождь — встречу перенесли утром. После совещания автор уточнил дату.,no_supported_edit,11,False,"[""consequence_dash""]"
consequence_dash,Начался дождь команда закрыла окна. Вечером редактор открыл протокол.,Начался дождь — команда закрыла окна. Вечером редактор открыл протокол.,no_supported_edit,10,False,"[""consequence_dash""]"
consequence_dash,Начался дождь мы остались дома. Затем координатор сверил журнал.,Начался дождь — мы остались дома. Затем координатор сверил журнал.,no_supported_edit,10,False,"[""consequence_dash""]"
consequence_dash,Начался дождь встречу перенесли утром. Позже комиссия сохранила решение.,Начался дождь — встречу перенесли утром. Позже комиссия сохранила решение.,no_supported_edit,10,False,"[""consequence_dash""]"
consequence_dash,Начался дождь команда закрыла окна. Утром секретарь проверил папку.,Начался дождь — команда закрыла окна. Утром секретарь проверил папку.,no_supported_edit,10,False,"[""consequence_dash""]"
consequence_dash,Начался дождь мы остались дома. После проверки аналитик принял сводку.,Начался дождь — мы остались дома. После проверки аналитик принял сводку.,no_supported_edit,11,False,"[""consequence_dash""]"
consequence_dash,Начался дождь встречу перенесли утром. Вечером служба обновила список.,Начался дождь — встречу перенесли утром. Вечером служба обновила список.,no_supported_edit,10,False,"[""consequence_dash""]"
consequence_dash,Начался дождь команда закрыла окна. Затем юрист отправил письмо.,Начался дождь — команда закрыла окна. Затем юрист отправил письмо.,no_supported_edit,10,False,"[""consequence_dash""]"
consequence_dash,Начался дождь мы остались дома. Позже отдел согласовал график.,Начался дождь — мы остались дома. Позже отдел согласовал график.,no_supported_edit,10,False,"[""consequence_dash""]"
consequence_dash,Начался дождь встречу перенесли утром. Утром редакция сверила выпуск.,Начался дождь — встречу перенесли утром. Утром редакция сверила выпуск.,no_supported_edit,10,False,"[""consequence_dash""]"
consequence_dash,Начался дождь команда закрыла окна. После встречи эксперт закрыл заявку.,Начался дождь — команда закрыла окна. После встречи эксперт закрыл заявку.,no_supported_edit,11,False,"[""consequence_dash""]"
consequence_dash,Начался дождь мы остались дома. Вечером автор сохранил раздел.,Начался дождь — мы остались дома. Вечером автор сохранил раздел.,no_supported_edit,10,False,"[""consequence_dash""]"
consequence_dash,Начался дождь встречу перенесли утром. Затем группа проверила договор.,Начался дождь — встречу перенесли утром. Затем группа проверила договор.,no_supported_edit,10,False,"[""consequence_dash""]"
consequence_dash,Начался дождь команда закрыла окна. Позже секретарь уточнил таблицу.,Начался дождь — команда закрыла окна. Позже секретарь уточнил таблицу.,no_supported_edit,10,False,"[""consequence_dash""]"
consequence_dash,Начался дождь мы остались дома. Утром комиссия открыла журнал.,Начался дождь — мы остались дома. Утром комиссия открыла журнал.,no_supported_edit,10,False,"[""consequence_dash""]"
consequence_dash,Начался дождь встречу перенесли утром. После обеда координатор принял протокол.,Начался дождь — встречу перенесли утром. После обеда координатор принял протокол.,no_supported_edit,11,False,"[""consequence_dash""]"
consequence_dash,Начался дождь команда закрыла окна. Вечером аналитик сверил письмо.,Начался дождь — команда закрыла окна. Вечером аналитик сверил письмо.,no_supported_edit,10,False,"[""consequence_dash""]"
consequence_dash,Начался дождь мы остались дома. Затем редактор обновил дату.,Начался дождь — мы остались дома. Затем редактор обновил дату.,no_supported_edit,10,False,"[""consequence_dash""]"
consequence_dash,Начался дождь встречу перенесли утром. Позже служба проверила запись.,Начался дождь — встречу перенесли утром. Позже служба проверила запись.,no_supported_edit,10,False,"[""consequence_dash""]"
consequence_dash,Начался дождь команда закрыла окна. Утром юрист сохранил справку.,Начался дождь — команда закрыла окна. Утром юрист сохранил справку.,no_supported_edit,10,False,"[""consequence_dash""]"
consequence_dash,Начался дождь мы остались дома. После проверки автор отправил отчет.,Начался дождь — мы остались дома. После проверки автор отправил отчет.,no_supported_edit,11,False,"[""consequence_dash""]"
consequence_dash,Начался дождь встречу перенесли утром. Вечером отдел открыл папку.,Начался дождь — встречу перенесли утром. Вечером отдел открыл папку.,no_supported_edit,10,False,"[""consequence_dash""]"
consequence_dash,Начался дождь команда закрыла окна. Затем эксперт согласовал список.,Начался дождь — команда закрыла окна. Затем эксперт согласовал список.,no_supported_edit,10,False,"[""consequence_dash""]"
consequence_dash,Начался дождь мы остались дома. Позже координатор обновил ведомость.,Начался дождь — мы остались дома. Позже координатор обновил ведомость.,no_supported_edit,10,False,"[""consequence_dash""]"
consequence_dash,Начался дождь встречу перенесли утром. Утром группа приняла решение.,Начался дождь — встречу перенесли утром. Утром группа приняла решение.,no_supported_edit,10,False,"[""consequence_dash""]"
consequence_dash,Начался дождь команда закрыла окна. После встречи редакция проверила маршрут.,Начался дождь — команда закрыла окна. После встречи редакция проверила маршрут.,no_supported_edit,11,False,"[""consequence_dash""]"
consequence_dash,Начался дождь мы остались дома. Вечером комиссия сохранила таблицу.,Начался дождь — мы остались дома. Вечером комиссия сохранила таблицу.,no_supported_edit,10,False,"[""consequence_dash""]"
consequence_dash,Начался дождь встречу перенесли утром. Затем секретарь закрыл раздел.,Начался дождь — встречу перенесли утром. Затем секретарь закрыл раздел.,no_supported_edit,10,False,"[""consequence_dash""]"
consequence_dash,Начался дождь команда закрыла окна. Позже аналитик отправил сводку.,Начался дождь — команда закрыла окна. Позже аналитик отправил сводку.,no_supported_edit,10,False,"[""consequence_dash""]"
consequence_dash,Начался дождь мы остались дома. Утром служба уточнила график.,Начался дождь — мы остались дома. Утром служба уточнила график.,no_supported_edit,10,False,"[""consequence_dash""]"
consequence_dash,Начался дождь встречу перенесли утром. После обеда редактор принял письмо.,Начался дождь — встречу перенесли утром. После обеда редактор принял письмо.,no_supported_edit,11,False,"[""consequence_dash""]"
consequence_dash,Начался дождь команда закрыла окна. Вечером юрист сверил договор.,Начался дождь — команда закрыла окна. Вечером юрист сверил договор.,no_supported_edit,10,False,"[""consequence_dash""]"
consequence_dash,Начался дождь мы остались дома. Затем отдел сохранил журнал.,Начался дождь — мы остались дома. Затем отдел сохранил журнал.,no_supported_edit,10,False,"[""consequence_dash""]"
consequence_dash,Начался дождь встречу перенесли утром. Позже автор проверил подпись.,Начался дождь — встречу перенесли утром. Позже автор проверил подпись.,no_supported_edit,10,False,"[""consequence_dash""]"
consequence_dash,Начался дождь команда закрыла окна. Утром эксперт обновил протокол.,Начался дождь — команда закрыла окна. Утром эксперт обновил протокол.,no_supported_edit,10,False,"[""consequence_dash""]"
consequence_dash,Начался дождь мы остались дома. После проверки комиссия отправила ответ.,Начался дождь — мы остались дома. После проверки комиссия отправила ответ.,no_supported_edit,11,False,"[""consequence_dash""]"
consequence_dash,Начался дождь встречу перенесли утром. Вечером координатор открыл список.,Начался дождь — встречу перенесли утром. Вечером координатор открыл список.,no_supported_edit,10,False,"[""consequence_dash""]"
consequence_dash,Начался дождь команда закрыла окна. Затем редакция согласовала выпуск.,Начался дождь — команда закрыла окна. Затем редакция согласовала выпуск.,no_supported_edit,10,False,"[""consequence_dash""]"
consequence_dash,Начался дождь мы остались дома. Позже группа сохранила папку.,Начался дождь — мы остались дома. Позже группа сохранила папку.,no_supported_edit,10,False,"[""consequence_dash""]"
consequence_dash,Начался дождь встречу перенесли утром. Утром аналитик проверил заявку.,Начался дождь — встречу перенесли утром. Утром аналитик проверил заявку.,no_supported_edit,10,False,"[""consequence_dash""]"
consequence_dash,Начался дождь команда закрыла окна. После встречи служба приняла справку.,Начался дождь — команда закрыла окна. После встречи служба приняла справку.,no_supported_edit,11,False,"[""consequence_dash""]"
consequence_dash,Начался дождь мы остались дома. Вечером секретарь отправил письмо.,Начался дождь — мы остались дома. Вечером секретарь отправил письмо.,no_supported_edit,10,False,"[""consequence_dash""]"
consequence_dash,Начался дождь встречу перенесли утром. Затем юрист обновил решение.,Начался дождь — встречу перенесли утром. Затем юрист обновил решение.,no_supported_edit,10,False,"[""consequence_dash""]"
consequence_dash,Начался дождь команда закрыла окна. Позже отдел сверил таблицу.,Начался дождь — команда закрыла окна. Позже отдел сверил таблицу.,no_supported_edit,10,False,"[""consequence_dash""]"
consequence_dash,Начался дождь мы остались дома. Утром автор закрыл вопрос.,Начался дождь — мы остались дома. Утром автор закрыл вопрос.,no_supported_edit,10,False,"[""consequence_dash""]"
consequence_dash,Начался дождь встречу перенесли утром. Позже редактор сохранил копию.,Начался дождь — встречу перенесли утром. Позже редактор сохранил копию.,no_supported_edit,10,False,"[""consequence_dash""]"
consequence_dash,Начался дождь команда закрыла окна. Утром комиссия вернулась к письму.,Начался дождь — команда закрыла окна. Утром комиссия вернулась к письму.,no_supported_edit,11,False,"[""consequence_dash""]"
consequence_dash,Начался дождь мы остались дома. После встречи файл остался в архиве.,Начался дождь — мы остались дома. После встречи файл остался в архиве.,no_supported_edit,12,False,"[""consequence_dash""]"
consequence_dash,Начался дождь встречу перенесли утром. Вечером автор обновил сводку.,Начался дождь — встречу перенесли утром. Вечером автор обновил сводку.,no_supported_edit,10,False,"[""consequence_dash""]"
consequence_dash,Начался дождь команда закрыла окна. Затем группа сверила подписи.,Начался дождь — команда закрыла окна. Затем группа сверила подписи.,no_supported_edit,10,False,"[""consequence_dash""]"
consequence_dash,Начался дождь мы остались дома. Позже служба отправила ответ.,Начался дождь — мы остались дома. Позже служба отправила ответ.,no_supported_edit,10,False,"[""consequence_dash""]"
consequence_dash,Начался дождь встречу перенесли утром. Утром секретарь открыл папку.,Начался дождь — встречу перенесли утром. Утром секретарь открыл папку.,no_supported_edit,10,False,"[""consequence_dash""]"
consequence_dash,Начался дождь команда закрыла окна. После проверки список закрыли.,Начался дождь — команда закрыла окна. После проверки список закрыли.,no_supported_edit,10,False,"[""consequence_dash""]"
consequence_dash,Начался дождь мы остались дома. Вечером руководитель принял правки.,Начался дождь — мы остались дома. Вечером руководитель принял правки.,no_supported_edit,10,False,"[""consequence_dash""]"
consequence_dash,Начался дождь встречу перенесли утром. Затем аналитик обновил запись.,Начался дождь — встречу перенесли утром. Затем аналитик обновил запись.,no_supported_edit,10,False,"[""consequence_dash""]"
consequence_dash,Начался дождь команда закрыла окна. Позже юрист согласовал договор.,Начался дождь — команда закрыла окна. Позже юрист согласовал договор.,no_supported_edit,10,False,"[""consequence_dash""]"
consequence_dash,Начался дождь мы остались дома. Утром редакция выпустила заметку.,Начался дождь — мы остались дома. Утром редакция выпустила заметку.,no_supported_edit,10,False,"[""consequence_dash""]"
consequence_dash,Начался дождь встречу перенесли утром. После совещания команда сверила сроки.,Начался дождь — встречу перенесли утром. После совещания команда сверила сроки.,no_supported_edit,11,False,"[""consequence_dash""]"
consequence_dash,Начался дождь команда закрыла окна. Вечером архивариус нашел копию.,Начался дождь — команда закрыла окна. Вечером архивариус нашел копию.,no_supported_edit,10,False,"[""consequence_dash""]"
consequence_dash,Начался дождь мы остались дома. Затем отдел подготовил справку.,Начался дождь — мы остались дома. Затем отдел подготовил справку.,no_supported_edit,10,False,"[""consequence_dash""]"
consequence_dash,Начался дождь встречу перенесли утром. Позже координатор закрыл заявку.,Начался дождь — встречу перенесли утром. Позже координатор закрыл заявку.,no_supported_edit,10,False,"[""consequence_dash""]"
consequence_dash,Начался дождь команда закрыла окна. Утром эксперт прочитал письмо.,Начался дождь — команда закрыла окна. Утром эксперт прочитал письмо.,no_supported_edit,10,False,"[""consequence_dash""]"
consequence_dash,Начался дождь мы остались дома. После обеда комиссия уточнила вывод.,Начался дождь — мы остались дома. После обеда комиссия уточнила вывод.,no_supported_edit,11,False,"[""consequence_dash""]"
consequence_dash,Начался дождь встречу перенесли утром. Вечером автор проверил таблицу.,Начался дождь — встречу перенесли утром. Вечером автор проверил таблицу.,no_supported_edit,10,False,"[""consequence_dash""]"
consequence_dash,Начался дождь команда закрыла окна. Затем редактор отправил файл.,Начался дождь — команда закрыла окна. Затем редактор отправил файл.,no_supported_edit,10,False,"[""consequence_dash""]"
consequence_dash,Начался дождь мы остались дома. Позже группа обсудила договор.,Начался дождь — мы остались дома. Позже группа обсудила договор.,no_supported_edit,10,False,"[""consequence_dash""]"
consequence_dash,Начался дождь встречу перенесли утром. Утром служба приняла заявку.,Начался дождь — встречу перенесли утром. Утром служба приняла заявку.,no_supported_edit,10,False,"[""consequence_dash""]"
consequence_dash,Начался дождь команда закрыла окна. После проверки руководитель подписал лист.,Начался дождь — команда закрыла окна. После проверки руководитель подписал лист.,no_supported_edit,11,False,"[""consequence_dash""]"
dictionary_fuzzy,Команда внесла карова в рабочий отчет перед встречей.,Команда внесла корова в рабочий отчет перед встречей.,no_existing_candidate_backed_pattern,11,False,"[""frequent_error_exact"", ""keyboard_typo_candidate"", ""missing_letter_candidate""]"
dictionary_fuzzy,Автор увидел малако и открыл рабочий отчет утром.,Автор увидел молоко и открыл рабочий отчет утром.,no_existing_candidate_backed_pattern,11,False,"[""dictionary_fuzzy"", ""frequent_error_exact""]"
dictionary_fuzzy,"Секретарь сохранил сабака, потому что рабочий отчет был важен.","Секретарь сохранил собака, потому что рабочий отчет был важен.",no_existing_candidate_backed_pattern,12,False,"[""extra_letter_candidate"", ""frequent_error_exact"", ""keyboard_typo_candidate""]"
dictionary_fuzzy,"Эксперт отметил територия, когда читал рабочий отчет.","Эксперт отметил территория, когда читал рабочий отчет.",no_existing_candidate_backed_pattern,9,False,"[""dictionary_fuzzy"", ""double_consonant_candidate""]"
dictionary_fuzzy,"Редактор проверил карова, когда готовил новый документ.","Редактор проверил корова, когда готовил новый документ.",no_existing_candidate_backed_pattern,10,False,"[""frequent_error_exact"", ""keyboard_typo_candidate"", ""missing_letter_candidate""]"
dictionary_fuzzy,Команда внесла малако в новый документ перед встречей.,Команда внесла молоко в новый документ перед встречей.,no_existing_candidate_backed_pattern,11,False,"[""dictionary_fuzzy"", ""frequent_error_exact""]"
dictionary_fuzzy,Автор увидел сабака и открыл новый документ утром.,Автор увидел собака и открыл новый документ утром.,no_existing_candidate_backed_pattern,11,False,"[""extra_letter_candidate"", ""frequent_error_exact"", ""keyboard_typo_candidate""]"
dictionary_fuzzy,"Секретарь сохранил територия, потому что новый документ был важен.","Секретарь сохранил территория, потому что новый документ был важен.",no_existing_candidate_backed_pattern,11,False,"[""dictionary_fuzzy"", ""double_consonant_candidate""]"
dictionary_fuzzy,Аналитик записал карова и обновил точный план вечером.,Аналитик записал корова и обновил точный план вечером.,no_existing_candidate_backed_pattern,11,False,"[""frequent_error_exact"", ""keyboard_typo_candidate"", ""missing_letter_candidate""]"
dictionary_fuzzy,"Редактор проверил малако, когда готовил точный план.","Редактор проверил молоко, когда готовил точный план.",no_existing_candidate_backed_pattern,10,False,"[""dictionary_fuzzy"", ""frequent_error_exact""]"
dictionary_fuzzy,Команда внесла сабака в точный план перед встречей.,Команда внесла собака в точный план перед встречей.,no_existing_candidate_backed_pattern,11,False,"[""extra_letter_candidate"", ""frequent_error_exact"", ""keyboard_typo_candidate""]"
dictionary_fuzzy,Автор увидел територия и открыл точный план утром.,Автор увидел территория и открыл точный план утром.,no_existing_candidate_backed_pattern,10,False,"[""dictionary_fuzzy"", ""double_consonant_candidate""]"
dictionary_fuzzy,"Эксперт отметил карова, когда читал городской архив.","Эксперт отметил корова, когда читал городской архив.",no_existing_candidate_backed_pattern,10,False,"[""frequent_error_exact"", ""keyboard_typo_candidate"", ""missing_letter_candidate""]"
dictionary_fuzzy,Аналитик записал малако и обновил городской архив вечером.,Аналитик записал молоко и обновил городской архив вечером.,no_existing_candidate_backed_pattern,11,False,"[""dictionary_fuzzy"", ""frequent_error_exact""]"
dictionary_fuzzy,"Редактор проверил сабака, когда готовил городской архив.","Редактор проверил собака, когда готовил городской архив.",no_existing_candidate_backed_pattern,10,False,"[""extra_letter_candidate"", ""frequent_error_exact"", ""keyboard_typo_candidate""]"
dictionary_fuzzy,Команда внесла територия в городской архив перед встречей.,Команда внесла территория в городской архив перед встречей.,no_existing_candidate_backed_pattern,10,False,"[""dictionary_fuzzy"", ""double_consonant_candidate""]"
dictionary_fuzzy,"Секретарь сохранил карова, потому что утренний выпуск был важен.","Секретарь сохранил корова, потому что утренний выпуск был важен.",no_existing_candidate_backed_pattern,12,False,"[""frequent_error_exact"", ""keyboard_typo_candidate"", ""missing_letter_candidate""]"
dictionary_fuzzy,"Эксперт отметил малако, когда читал утренний выпуск.","Эксперт отметил молоко, когда читал утренний выпуск.",no_existing_candidate_backed_pattern,10,False,"[""dictionary_fuzzy"", ""frequent_error_exact""]"
dictionary_fuzzy,Аналитик записал сабака и обновил утренний выпуск вечером.,Аналитик записал собака и обновил утренний выпуск вечером.,no_existing_candidate_backed_pattern,11,False,"[""extra_letter_candidate"", ""frequent_error_exact"", ""keyboard_typo_candidate""]"
dictionary_fuzzy,"Редактор проверил територия, когда готовил утренний выпуск.","Редактор проверил территория, когда готовил утренний выпуск.",no_existing_candidate_backed_pattern,9,False,"[""dictionary_fuzzy"", ""double_consonant_candidate""]"
dictionary_fuzzy,Автор увидел карова и открыл важный договор утром.,Автор увидел корова и открыл важный договор утром.,no_existing_candidate_backed_pattern,11,False,"[""frequent_error_exact"", ""keyboard_typo_candidate"", ""missing_letter_candidate""]"
dictionary_fuzzy,"Секретарь сохранил малако, потому что важный договор был важен.","Секретарь сохранил молоко, потому что важный договор был важен.",no_existing_candidate_backed_pattern,12,False,"[""dictionary_fuzzy"", ""frequent_error_exact""]"
dictionary_fuzzy,"Эксперт отметил сабака, когда читал важный договор.","Эксперт отметил собака, когда читал важный договор.",no_existing_candidate_backed_pattern,10,False,"[""extra_letter_candidate"", ""frequent_error_exact"", ""keyboard_typo_candidate""]"
dictionary_fuzzy,Аналитик записал територия и обновил важный договор вечером.,Аналитик записал территория и обновил важный договор вечером.,no_existing_candidate_backed_pattern,10,False,"[""dictionary_fuzzy"", ""double_consonant_candidate""]"
dictionary_fuzzy,Команда внесла карова в короткая заметка перед встречей.,Команда внесла корова в короткая заметка перед встречей.,no_existing_candidate_backed_pattern,11,False,"[""frequent_error_exact"", ""keyboard_typo_candidate"", ""missing_letter_candidate""]"
dictionary_fuzzy,Автор увидел малако и открыл короткая заметка утром.,Автор увидел молоко и открыл короткая заметка утром.,no_existing_candidate_backed_pattern,11,False,"[""dictionary_fuzzy"", ""frequent_error_exact""]"
dictionary_fuzzy,"Секретарь сохранил сабака, потому что короткая заметка был важен.","Секретарь сохранил собака, потому что короткая заметка был важен.",no_existing_candidate_backed_pattern,12,False,"[""extra_letter_candidate"", ""frequent_error_exact"", ""keyboard_typo_candidate""]"
dictionary_fuzzy,"Эксперт отметил територия, когда читал короткая заметка.","Эксперт отметил территория, когда читал короткая заметка.",no_existing_candidate_backed_pattern,9,False,"[""dictionary_fuzzy"", ""double_consonant_candidate""]"
dictionary_fuzzy,"Редактор проверил карова, когда готовил итоговая таблица.","Редактор проверил корова, когда готовил итоговая таблица.",no_existing_candidate_backed_pattern,10,False,"[""frequent_error_exact"", ""keyboard_typo_candidate"", ""missing_letter_candidate""]"
dictionary_fuzzy,Команда внесла малако в итоговая таблица перед встречей.,Команда внесла молоко в итоговая таблица перед встречей.,no_existing_candidate_backed_pattern,11,False,"[""dictionary_fuzzy"", ""frequent_error_exact""]"
dictionary_fuzzy,Автор увидел сабака и открыл итоговая таблица утром.,Автор увидел собака и открыл итоговая таблица утром.,no_existing_candidate_backed_pattern,11,False,"[""extra_letter_candidate"", ""frequent_error_exact"", ""keyboard_typo_candidate""]"
dictionary_fuzzy,"Секретарь сохранил територия, потому что итоговая таблица был важен.","Секретарь сохранил территория, потому что итоговая таблица был важен.",no_existing_candidate_backed_pattern,11,False,"[""dictionary_fuzzy"", ""double_consonant_candidate""]"
dictionary_fuzzy,Аналитик записал карова и обновил свежая сводка вечером.,Аналитик записал корова и обновил свежая сводка вечером.,no_existing_candidate_backed_pattern,11,False,"[""frequent_error_exact"", ""keyboard_typo_candidate"", ""missing_letter_candidate""]"
dictionary_fuzzy,"Редактор проверил малако, когда готовил свежая сводка.","Редактор проверил молоко, когда готовил свежая сводка.",no_existing_candidate_backed_pattern,10,False,"[""dictionary_fuzzy"", ""frequent_error_exact""]"
dictionary_fuzzy,Команда внесла сабака в свежая сводка перед встречей.,Команда внесла собака в свежая сводка перед встречей.,no_existing_candidate_backed_pattern,11,False,"[""extra_letter_candidate"", ""frequent_error_exact"", ""keyboard_typo_candidate""]"
dictionary_fuzzy,Автор увидел територия и открыл свежая сводка утром.,Автор увидел территория и открыл свежая сводка утром.,no_existing_candidate_backed_pattern,10,False,"[""dictionary_fuzzy"", ""double_consonant_candidate""]"
dictionary_fuzzy,"Эксперт отметил карова, когда читал открытая заявка.","Эксперт отметил корова, когда читал открытая заявка.",no_existing_candidate_backed_pattern,10,False,"[""frequent_error_exact"", ""keyboard_typo_candidate"", ""missing_letter_candidate""]"
dictionary_fuzzy,Аналитик записал малако и обновил открытая заявка вечером.,Аналитик записал молоко и обновил открытая заявка вечером.,no_existing_candidate_backed_pattern,11,False,"[""dictionary_fuzzy"", ""frequent_error_exact""]"
dictionary_fuzzy,"Редактор проверил сабака, когда готовил открытая заявка.","Редактор проверил собака, когда готовил открытая заявка.",no_existing_candidate_backed_pattern,10,False,"[""extra_letter_candidate"", ""frequent_error_exact"", ""keyboard_typo_candidate""]"
dictionary_fuzzy,Команда внесла територия в открытая заявка перед встречей.,Команда внесла территория в открытая заявка перед встречей.,no_existing_candidate_backed_pattern,10,False,"[""dictionary_fuzzy"", ""double_consonant_candidate""]"
dictionary_fuzzy,"Секретарь сохранил карова, потому что письменный ответ был важен.","Секретарь сохранил корова, потому что письменный ответ был важен.",no_existing_candidate_backed_pattern,12,False,"[""frequent_error_exact"", ""keyboard_typo_candidate"", ""missing_letter_candidate""]"
dictionary_fuzzy,"Эксперт отметил малако, когда читал письменный ответ.","Эксперт отметил молоко, когда читал письменный ответ.",no_existing_candidate_backed_pattern,10,False,"[""dictionary_fuzzy"", ""frequent_error_exact""]"
dictionary_fuzzy,Аналитик записал сабака и обновил письменный ответ вечером.,Аналитик записал собака и обновил письменный ответ вечером.,no_existing_candidate_backed_pattern,11,False,"[""extra_letter_candidate"", ""frequent_error_exact"", ""keyboard_typo_candidate""]"
dictionary_fuzzy,"Редактор проверил територия, когда готовил письменный ответ.","Редактор проверил территория, когда готовил письменный ответ.",no_existing_candidate_backed_pattern,9,False,"[""dictionary_fuzzy"", ""double_consonant_candidate""]"
dictionary_fuzzy,Автор увидел карова и открыл подробная справка утром.,Автор увидел корова и открыл подробная справка утром.,no_existing_candidate_backed_pattern,11,False,"[""frequent_error_exact"", ""keyboard_typo_candidate"", ""missing_letter_candidate""]"
dictionary_fuzzy,"Секретарь сохранил малако, потому что подробная справка был важен.","Секретарь сохранил молоко, потому что подробная справка был важен.",no_existing_candidate_backed_pattern,12,False,"[""dictionary_fuzzy"", ""frequent_error_exact""]"
dictionary_fuzzy,"Эксперт отметил сабака, когда читал подробная справка.","Эксперт отметил собака, когда читал подробная справка.",no_existing_candidate_backed_pattern,10,False,"[""extra_letter_candidate"", ""frequent_error_exact"", ""keyboard_typo_candidate""]"
dictionary_fuzzy,Аналитик записал територия и обновил подробная справка вечером.,Аналитик записал территория и обновил подробная справка вечером.,no_existing_candidate_backed_pattern,10,False,"[""dictionary_fuzzy"", ""double_consonant_candidate""]"
dictionary_fuzzy,Команда внесла карова в районная комиссия перед встречей.,Команда внесла корова в районная комиссия перед встречей.,no_existing_candidate_backed_pattern,11,False,"[""frequent_error_exact"", ""keyboard_typo_candidate"", ""missing_letter_candidate""]"
dictionary_fuzzy,Автор увидел малако и открыл районная комиссия утром.,Автор увидел молоко и открыл районная комиссия утром.,no_existing_candidate_backed_pattern,11,False,"[""dictionary_fuzzy"", ""frequent_error_exact""]"
dictionary_fuzzy,"Секретарь сохранил сабака, потому что районная комиссия был важен.","Секретарь сохранил собака, потому что районная комиссия был важен.",no_existing_candidate_backed_pattern,12,False,"[""extra_letter_candidate"", ""frequent_error_exact"", ""keyboard_typo_candidate""]"
dictionary_fuzzy,"Эксперт отметил територия, когда читал районная комиссия.","Эксперт отметил территория, когда читал районная комиссия.",no_existing_candidate_backed_pattern,9,False,"[""dictionary_fuzzy"", ""double_consonant_candidate""]"
dictionary_fuzzy,"Редактор проверил карова, когда готовил финальный список.","Редактор проверил корова, когда готовил финальный список.",no_existing_candidate_backed_pattern,10,False,"[""frequent_error_exact"", ""keyboard_typo_candidate"", ""missing_letter_candidate""]"
dictionary_fuzzy,Команда внесла малако в финальный список перед встречей.,Команда внесла молоко в финальный список перед встречей.,no_existing_candidate_backed_pattern,11,False,"[""dictionary_fuzzy"", ""frequent_error_exact""]"
dictionary_fuzzy,Автор увидел сабака и открыл финальный список утром.,Автор увидел собака и открыл финальный список утром.,no_existing_candidate_backed_pattern,11,False,"[""extra_letter_candidate"", ""frequent_error_exact"", ""keyboard_typo_candidate""]"
dictionary_fuzzy,"Секретарь сохранил територия, потому что финальный список был важен.","Секретарь сохранил территория, потому что финальный список был важен.",no_existing_candidate_backed_pattern,11,False,"[""dictionary_fuzzy"", ""double_consonant_candidate""]"
dictionary_fuzzy,Аналитик записал карова и обновил новая редакция вечером.,Аналитик записал корова и обновил новая редакция вечером.,no_existing_candidate_backed_pattern,11,False,"[""frequent_error_exact"", ""keyboard_typo_candidate"", ""missing_letter_candidate""]"
dictionary_fuzzy,"Редактор проверил малако, когда готовил новая редакция.","Редактор проверил молоко, когда готовил новая редакция.",no_existing_candidate_backed_pattern,10,False,"[""dictionary_fuzzy"", ""frequent_error_exact""]"
dictionary_fuzzy,Команда внесла сабака в новая редакция перед встречей.,Команда внесла собака в новая редакция перед встречей.,no_existing_candidate_backed_pattern,11,False,"[""extra_letter_candidate"", ""frequent_error_exact"", ""keyboard_typo_candidate""]"
dictionary_fuzzy,Автор увидел територия и открыл новая редакция утром.,Автор увидел территория и открыл новая редакция утром.,no_existing_candidate_backed_pattern,10,False,"[""dictionary_fuzzy"", ""double_consonant_candidate""]"
dictionary_fuzzy,"Эксперт отметил карова, когда читал архивная запись.","Эксперт отметил корова, когда читал архивная запись.",no_existing_candidate_backed_pattern,10,False,"[""frequent_error_exact"", ""keyboard_typo_candidate"", ""missing_letter_candidate""]"
dictionary_fuzzy,Аналитик записал малако и обновил архивная запись вечером.,Аналитик записал молоко и обновил архивная запись вечером.,no_existing_candidate_backed_pattern,11,False,"[""dictionary_fuzzy"", ""frequent_error_exact""]"
dictionary_fuzzy,"Редактор проверил сабака, когда готовил архивная запись.","Редактор проверил собака, когда готовил архивная запись.",no_existing_candidate_backed_pattern,10,False,"[""extra_letter_candidate"", ""frequent_error_exact"", ""keyboard_typo_candidate""]"
dictionary_fuzzy,Команда внесла територия в архивная запись перед встречей.,Команда внесла территория в архивная запись перед встречей.,no_existing_candidate_backed_pattern,10,False,"[""dictionary_fuzzy"", ""double_consonant_candidate""]"
dictionary_fuzzy,"Секретарь сохранил карова, потому что дежурный редактор был важен.","Секретарь сохранил корова, потому что дежурный редактор был важен.",no_existing_candidate_backed_pattern,12,False,"[""frequent_error_exact"", ""keyboard_typo_candidate"", ""missing_letter_candidate""]"
dictionary_fuzzy,"Эксперт отметил малако, когда читал дежурный редактор.","Эксперт отметил молоко, когда читал дежурный редактор.",no_existing_candidate_backed_pattern,10,False,"[""dictionary_fuzzy"", ""frequent_error_exact""]"
dictionary_fuzzy,Аналитик записал сабака и обновил дежурный редактор вечером.,Аналитик записал собака и обновил дежурный редактор вечером.,no_existing_candidate_backed_pattern,11,False,"[""extra_letter_candidate"", ""frequent_error_exact"", ""keyboard_typo_candidate""]"
dictionary_fuzzy,"Редактор проверил територия, когда готовил дежурный редактор.","Редактор проверил территория, когда готовил дежурный редактор.",no_existing_candidate_backed_pattern,9,False,"[""dictionary_fuzzy"", ""double_consonant_candidate""]"
dictionary_fuzzy,Автор увидел карова и открыл общий график утром.,Автор увидел корова и открыл общий график утром.,no_existing_candidate_backed_pattern,11,False,"[""frequent_error_exact"", ""keyboard_typo_candidate"", ""missing_letter_candidate""]"
dictionary_fuzzy,"Секретарь сохранил малако, потому что общий график был важен.","Секретарь сохранил молоко, потому что общий график был важен.",no_existing_candidate_backed_pattern,12,False,"[""dictionary_fuzzy"", ""frequent_error_exact""]"
dictionary_fuzzy,"Эксперт отметил сабака, когда читал общий график.","Эксперт отметил собака, когда читал общий график.",no_existing_candidate_backed_pattern,10,False,"[""extra_letter_candidate"", ""frequent_error_exact"", ""keyboard_typo_candidate""]"
dictionary_fuzzy,Аналитик записал територия и обновил общий график вечером.,Аналитик записал территория и обновил общий график вечером.,no_existing_candidate_backed_pattern,10,False,"[""dictionary_fuzzy"", ""double_consonant_candidate""]"
dictionary_fuzzy,Команда внесла карова в плановая встреча перед встречей.,Команда внесла корова в плановая встреча перед встречей.,no_existing_candidate_backed_pattern,11,False,"[""frequent_error_exact"", ""keyboard_typo_candidate"", ""missing_letter_candidate""]"
dictionary_fuzzy,Автор увидел малако и открыл плановая встреча утром.,Автор увидел молоко и открыл плановая встреча утром.,no_existing_candidate_backed_pattern,11,False,"[""dictionary_fuzzy"", ""frequent_error_exact""]"
dictionary_fuzzy,"Секретарь сохранил сабака, потому что плановая встреча был важен.","Секретарь сохранил собака, потому что плановая встреча был важен.",no_existing_candidate_backed_pattern,12,False,"[""extra_letter_candidate"", ""frequent_error_exact"", ""keyboard_typo_candidate""]"
dictionary_fuzzy,"Эксперт отметил територия, когда читал плановая встреча.","Эксперт отметил территория, когда читал плановая встреча.",no_existing_candidate_backed_pattern,9,False,"[""dictionary_fuzzy"", ""double_consonant_candidate""]"
dictionary_fuzzy,"Редактор проверил карова, когда готовил осенняя проверка.","Редактор проверил корова, когда готовил осенняя проверка.",no_existing_candidate_backed_pattern,10,False,"[""frequent_error_exact"", ""keyboard_typo_candidate"", ""missing_letter_candidate""]"
dictionary_fuzzy,Команда внесла малако в осенняя проверка перед встречей.,Команда внесла молоко в осенняя проверка перед встречей.,no_existing_candidate_backed_pattern,11,False,"[""dictionary_fuzzy"", ""frequent_error_exact""]"
dictionary_fuzzy,Автор увидел сабака и открыл осенняя проверка утром.,Автор увидел собака и открыл осенняя проверка утром.,no_existing_candidate_backed_pattern,11,False,"[""extra_letter_candidate"", ""frequent_error_exact"", ""keyboard_typo_candidate""]"
dictionary_fuzzy,"Секретарь сохранил територия, потому что осенняя проверка был важен.","Секретарь сохранил территория, потому что осенняя проверка был важен.",no_existing_candidate_backed_pattern,11,False,"[""dictionary_fuzzy"", ""double_consonant_candidate""]"
dictionary_fuzzy,Аналитик записал карова и обновил сводный отчет вечером.,Аналитик записал корова и обновил сводный отчет вечером.,no_existing_candidate_backed_pattern,11,False,"[""frequent_error_exact"", ""keyboard_typo_candidate"", ""missing_letter_candidate""]"
dictionary_fuzzy,"Редактор проверил малако, когда готовил сводный отчет.","Редактор проверил молоко, когда готовил сводный отчет.",no_existing_candidate_backed_pattern,10,False,"[""dictionary_fuzzy"", ""frequent_error_exact""]"
dictionary_fuzzy,Команда внесла сабака в сводный отчет перед встречей.,Команда внесла собака в сводный отчет перед встречей.,no_existing_candidate_backed_pattern,11,False,"[""extra_letter_candidate"", ""frequent_error_exact"", ""keyboard_typo_candidate""]"
dictionary_fuzzy,Автор увидел територия и открыл сводный отчет утром.,Автор увидел территория и открыл сводный отчет утром.,no_existing_candidate_backed_pattern,10,False,"[""dictionary_fuzzy"", ""double_consonant_candidate""]"
dictionary_fuzzy,"Эксперт отметил карова, когда читал важная подпись.","Эксперт отметил корова, когда читал важная подпись.",no_existing_candidate_backed_pattern,10,False,"[""frequent_error_exact"", ""keyboard_typo_candidate"", ""missing_letter_candidate""]"
dictionary_fuzzy,Аналитик записал малако и обновил важная подпись вечером.,Аналитик записал молоко и обновил важная подпись вечером.,no_existing_candidate_backed_pattern,11,False,"[""dictionary_fuzzy"", ""frequent_error_exact""]"
dictionary_fuzzy,"Редактор проверил сабака, когда готовил важная подпись.","Редактор проверил собака, когда готовил важная подпись.",no_existing_candidate_backed_pattern,10,False,"[""extra_letter_candidate"", ""frequent_error_exact"", ""keyboard_typo_candidate""]"
dictionary_fuzzy,Команда внесла територия в важная подпись перед встречей.,Команда внесла территория в важная подпись перед встречей.,no_existing_candidate_backed_pattern,10,False,"[""dictionary_fuzzy"", ""double_consonant_candidate""]"
dictionary_fuzzy,"Секретарь сохранил карова, потому что рабочая группа был важен.","Секретарь сохранил корова, потому что рабочая группа был важен.",no_existing_candidate_backed_pattern,12,False,"[""frequent_error_exact"", ""keyboard_typo_candidate"", ""missing_letter_candidate""]"
dictionary_fuzzy,"Эксперт отметил малако, когда читал рабочая группа.","Эксперт отметил молоко, когда читал рабочая группа.",no_existing_candidate_backed_pattern,10,False,"[""dictionary_fuzzy"", ""frequent_error_exact""]"
dictionary_fuzzy,Аналитик записал сабака и обновил рабочая группа вечером.,Аналитик записал собака и обновил рабочая группа вечером.,no_existing_candidate_backed_pattern,11,False,"[""extra_letter_candidate"", ""frequent_error_exact"", ""keyboard_typo_candidate""]"
dictionary_fuzzy,"Редактор проверил територия, когда готовил рабочая группа.","Редактор проверил территория, когда готовил рабочая группа.",no_existing_candidate_backed_pattern,9,False,"[""dictionary_fuzzy"", ""double_consonant_candidate""]"
dictionary_fuzzy,Автор увидел карова и открыл городская служба утром.,Автор увидел корова и открыл городская служба утром.,no_existing_candidate_backed_pattern,11,False,"[""frequent_error_exact"", ""keyboard_typo_candidate"", ""missing_letter_candidate""]"
dictionary_fuzzy,"Секретарь сохранил малако, потому что городская служба был важен.","Секретарь сохранил молоко, потому что городская служба был важен.",no_existing_candidate_backed_pattern,12,False,"[""dictionary_fuzzy"", ""frequent_error_exact""]"
dictionary_fuzzy,"Эксперт отметил сабака, когда читал городская служба.","Эксперт отметил собака, когда читал городская служба.",no_existing_candidate_backed_pattern,10,False,"[""extra_letter_candidate"", ""frequent_error_exact"", ""keyboard_typo_candidate""]"
dictionary_fuzzy,Аналитик записал територия и обновил городская служба вечером.,Аналитик записал территория и обновил городская служба вечером.,no_existing_candidate_backed_pattern,10,False,"[""dictionary_fuzzy"", ""double_consonant_candidate""]"
dictionary_fuzzy,Команда внесла карова в новый раздел перед встречей.,Команда внесла корова в новый раздел перед встречей.,no_existing_candidate_backed_pattern,11,False,"[""frequent_error_exact"", ""keyboard_typo_candidate"", ""missing_letter_candidate""]"
dictionary_fuzzy,Автор увидел малако и открыл новый раздел утром.,Автор увидел молоко и открыл новый раздел утром.,no_existing_candidate_backed_pattern,11,False,"[""dictionary_fuzzy"", ""frequent_error_exact""]"
dictionary_fuzzy,"Секретарь сохранил сабака, потому что новый раздел был важен.","Секретарь сохранил собака, потому что новый раздел был важен.",no_existing_candidate_backed_pattern,12,False,"[""extra_letter_candidate"", ""frequent_error_exact"", ""keyboard_typo_candidate""]"
dictionary_fuzzy,"Эксперт отметил територия, когда читал новый раздел.","Эксперт отметил территория, когда читал новый раздел.",no_existing_candidate_backed_pattern,9,False,"[""dictionary_fuzzy"", ""double_consonant_candidate""]"
dictionary_fuzzy,"Редактор проверил карова, когда готовил учебная таблица.","Редактор проверил корова, когда готовил учебная таблица.",no_existing_candidate_backed_pattern,10,False,"[""frequent_error_exact"", ""keyboard_typo_candidate"", ""missing_letter_candidate""]"
dictionary_fuzzy,Команда внесла малако в учебная таблица перед встречей.,Команда внесла молоко в учебная таблица перед встречей.,no_existing_candidate_backed_pattern,11,False,"[""dictionary_fuzzy"", ""frequent_error_exact""]"
dictionary_fuzzy,Автор увидел сабака и открыл учебная таблица утром.,Автор увидел собака и открыл учебная таблица утром.,no_existing_candidate_backed_pattern,11,False,"[""extra_letter_candidate"", ""frequent_error_exact"", ""keyboard_typo_candidate""]"
dictionary_fuzzy,"Секретарь сохранил територия, потому что учебная таблица был важен.","Секретарь сохранил территория, потому что учебная таблица был важен.",no_existing_candidate_backed_pattern,11,False,"[""dictionary_fuzzy"", ""double_consonant_candidate""]"
dictionary_fuzzy,Аналитик записал карова и обновил вечерний протокол вечером.,Аналитик записал корова и обновил вечерний протокол вечером.,no_existing_candidate_backed_pattern,11,False,"[""frequent_error_exact"", ""keyboard_typo_candidate"", ""missing_letter_candidate""]"
dictionary_fuzzy,"Редактор проверил малако, когда готовил вечерний протокол.","Редактор проверил молоко, когда готовил вечерний протокол.",no_existing_candidate_backed_pattern,10,False,"[""dictionary_fuzzy"", ""frequent_error_exact""]"
dictionary_fuzzy,Команда внесла сабака в вечерний протокол перед встречей.,Команда внесла собака в вечерний протокол перед встречей.,no_existing_candidate_backed_pattern,11,False,"[""extra_letter_candidate"", ""frequent_error_exact"", ""keyboard_typo_candidate""]"
dictionary_fuzzy,Автор увидел територия и открыл вечерний протокол утром.,Автор увидел территория и открыл вечерний протокол утром.,no_existing_candidate_backed_pattern,10,False,"[""dictionary_fuzzy"", ""double_consonant_candidate""]"
dictionary_fuzzy,"Эксперт отметил карова, когда читал проверенный файл.","Эксперт отметил корова, когда читал проверенный файл.",no_existing_candidate_backed_pattern,10,False,"[""frequent_error_exact"", ""keyboard_typo_candidate"", ""missing_letter_candidate""]"
dictionary_fuzzy,Аналитик записал малако и обновил проверенный файл вечером.,Аналитик записал молоко и обновил проверенный файл вечером.,no_existing_candidate_backed_pattern,11,False,"[""dictionary_fuzzy"", ""frequent_error_exact""]"
dictionary_fuzzy,"Редактор проверил сабака, когда готовил проверенный файл.","Редактор проверил собака, когда готовил проверенный файл.",no_existing_candidate_backed_pattern,10,False,"[""extra_letter_candidate"", ""frequent_error_exact"", ""keyboard_typo_candidate""]"
dictionary_fuzzy,Команда внесла територия в проверенный файл перед встречей.,Команда внесла территория в проверенный файл перед встречей.,no_existing_candidate_backed_pattern,10,False,"[""dictionary_fuzzy"", ""double_consonant_candidate""]"
dictionary_fuzzy,"Секретарь сохранил карова, потому что согласованный договор был важен.","Секретарь сохранил корова, потому что согласованный договор был важен.",no_existing_candidate_backed_pattern,12,False,"[""frequent_error_exact"", ""keyboard_typo_candidate"", ""missing_letter_candidate""]"
dictionary_fuzzy,"Эксперт отметил малако, когда читал согласованный договор.","Эксперт отметил молоко, когда читал согласованный договор.",no_existing_candidate_backed_pattern,10,False,"[""dictionary_fuzzy"", ""frequent_error_exact""]"
dictionary_fuzzy,Аналитик записал сабака и обновил согласованный договор вечером.,Аналитик записал собака и обновил согласованный договор вечером.,no_existing_candidate_backed_pattern,11,False,"[""extra_letter_candidate"", ""frequent_error_exact"", ""keyboard_typo_candidate""]"
dictionary_fuzzy,"Редактор проверил територия, когда готовил согласованный договор.","Редактор проверил территория, когда готовил согласованный договор.",no_existing_candidate_backed_pattern,9,False,"[""dictionary_fuzzy"", ""double_consonant_candidate""]"
dictionary_fuzzy,Автор увидел карова и открыл подготовленный список утром.,Автор увидел корова и открыл подготовленный список утром.,no_existing_candidate_backed_pattern,11,False,"[""frequent_error_exact"", ""keyboard_typo_candidate"", ""missing_letter_candidate""]"
dictionary_fuzzy,"Секретарь сохранил малако, потому что подготовленный список был важен.","Секретарь сохранил молоко, потому что подготовленный список был важен.",no_existing_candidate_backed_pattern,12,False,"[""dictionary_fuzzy"", ""frequent_error_exact""]"
dictionary_fuzzy,"Эксперт отметил сабака, когда читал подготовленный список.","Эксперт отметил собака, когда читал подготовленный список.",no_existing_candidate_backed_pattern,10,False,"[""extra_letter_candidate"", ""frequent_error_exact"", ""keyboard_typo_candidate""]"
dictionary_fuzzy,Аналитик записал територия и обновил подготовленный список вечером.,Аналитик записал территория и обновил подготовленный список вечером.,no_existing_candidate_backed_pattern,10,False,"[""dictionary_fuzzy"", ""double_consonant_candidate""]"
dictionary_fuzzy,Команда внесла карова в закрытая заявка перед встречей.,Команда внесла корова в закрытая заявка перед встречей.,no_existing_candidate_backed_pattern,11,False,"[""frequent_error_exact"", ""keyboard_typo_candidate"", ""missing_letter_candidate""]"
dictionary_fuzzy,Автор увидел малако и открыл закрытая заявка утром.,Автор увидел молоко и открыл закрытая заявка утром.,no_existing_candidate_backed_pattern,11,False,"[""dictionary_fuzzy"", ""frequent_error_exact""]"
dictionary_fuzzy,"Секретарь сохранил сабака, потому что закрытая заявка был важен.","Секретарь сохранил собака, потому что закрытая заявка был важен.",no_existing_candidate_backed_pattern,12,False,"[""extra_letter_candidate"", ""frequent_error_exact"", ""keyboard_typo_candidate""]"
dictionary_fuzzy,"Эксперт отметил територия, когда читал закрытая заявка.","Эксперт отметил территория, когда читал закрытая заявка.",no_existing_candidate_backed_pattern,9,False,"[""dictionary_fuzzy"", ""double_consonant_candidate""]"
dictionary_fuzzy,"Редактор проверил карова, когда готовил длинная запись.","Редактор проверил корова, когда готовил длинная запись.",no_existing_candidate_backed_pattern,10,False,"[""frequent_error_exact"", ""keyboard_typo_candidate"", ""missing_letter_candidate""]"
dictionary_fuzzy,Команда внесла малако в длинная запись перед встречей.,Команда внесла молоко в длинная запись перед встречей.,no_existing_candidate_backed_pattern,11,False,"[""dictionary_fuzzy"", ""frequent_error_exact""]"
dictionary_fuzzy,Автор увидел сабака и открыл длинная запись утром.,Автор увидел собака и открыл длинная запись утром.,no_existing_candidate_backed_pattern,11,False,"[""extra_letter_candidate"", ""frequent_error_exact"", ""keyboard_typo_candidate""]"
dictionary_fuzzy,"Секретарь сохранил територия, потому что длинная запись был важен.","Секретарь сохранил территория, потому что длинная запись был важен.",no_existing_candidate_backed_pattern,11,False,"[""dictionary_fuzzy"", ""double_consonant_candidate""]"
dictionary_fuzzy,Аналитик записал карова и обновил обновленный журнал вечером.,Аналитик записал корова и обновил обновленный журнал вечером.,no_existing_candidate_backed_pattern,11,False,"[""frequent_error_exact"", ""keyboard_typo_candidate"", ""missing_letter_candidate""]"
dictionary_fuzzy,"Редактор проверил малако, когда готовил обновленный журнал.","Редактор проверил молоко, когда готовил обновленный журнал.",no_existing_candidate_backed_pattern,10,False,"[""dictionary_fuzzy"", ""frequent_error_exact""]"
dictionary_fuzzy,Команда внесла сабака в обновленный журнал перед встречей.,Команда внесла собака в обновленный журнал перед встречей.,no_existing_candidate_backed_pattern,11,False,"[""extra_letter_candidate"", ""frequent_error_exact"", ""keyboard_typo_candidate""]"
dictionary_fuzzy,Автор увидел територия и открыл обновленный журнал утром.,Автор увидел территория и открыл обновленный журнал утром.,no_existing_candidate_backed_pattern,10,False,"[""dictionary_fuzzy"", ""double_consonant_candidate""]"
dictionary_fuzzy,"Эксперт отметил карова, когда читал северный филиал.","Эксперт отметил корова, когда читал северный филиал.",no_existing_candidate_backed_pattern,10,False,"[""frequent_error_exact"", ""keyboard_typo_candidate"", ""missing_letter_candidate""]"
dictionary_fuzzy,Аналитик записал малако и обновил северный филиал вечером.,Аналитик записал молоко и обновил северный филиал вечером.,no_existing_candidate_backed_pattern,11,False,"[""dictionary_fuzzy"", ""frequent_error_exact""]"
dictionary_fuzzy,"Редактор проверил сабака, когда готовил северный филиал.","Редактор проверил собака, когда готовил северный филиал.",no_existing_candidate_backed_pattern,10,False,"[""extra_letter_candidate"", ""frequent_error_exact"", ""keyboard_typo_candidate""]"
dictionary_fuzzy,Команда внесла територия в северный филиал перед встречей.,Команда внесла территория в северный филиал перед встречей.,no_existing_candidate_backed_pattern,10,False,"[""dictionary_fuzzy"", ""double_consonant_candidate""]"
dictionary_fuzzy,"Секретарь сохранил карова, потому что зимнее расписание был важен.","Секретарь сохранил корова, потому что зимнее расписание был важен.",no_existing_candidate_backed_pattern,12,False,"[""frequent_error_exact"", ""keyboard_typo_candidate"", ""missing_letter_candidate""]"
dictionary_fuzzy,"Эксперт отметил малако, когда читал зимнее расписание.","Эксперт отметил молоко, когда читал зимнее расписание.",no_existing_candidate_backed_pattern,10,False,"[""dictionary_fuzzy"", ""frequent_error_exact""]"
dictionary_fuzzy,Аналитик записал сабака и обновил зимнее расписание вечером.,Аналитик записал собака и обновил зимнее расписание вечером.,no_existing_candidate_backed_pattern,11,False,"[""extra_letter_candidate"", ""frequent_error_exact"", ""keyboard_typo_candidate""]"
dictionary_fuzzy,"Редактор проверил територия, когда готовил зимнее расписание.","Редактор проверил территория, когда готовил зимнее расписание.",no_existing_candidate_backed_pattern,9,False,"[""dictionary_fuzzy"", ""double_consonant_candidate""]"
dictionary_fuzzy,Автор увидел карова и открыл летняя проверка утром.,Автор увидел корова и открыл летняя проверка утром.,no_existing_candidate_backed_pattern,11,False,"[""frequent_error_exact"", ""keyboard_typo_candidate"", ""missing_letter_candidate""]"
dictionary_fuzzy,"Секретарь сохранил малако, потому что летняя проверка был важен.","Секретарь сохранил молоко, потому что летняя проверка был важен.",no_existing_candidate_backed_pattern,12,False,"[""dictionary_fuzzy"", ""frequent_error_exact""]"
dictionary_fuzzy,"Эксперт отметил сабака, когда читал летняя проверка.","Эксперт отметил собака, когда читал летняя проверка.",no_existing_candidate_backed_pattern,10,False,"[""extra_letter_candidate"", ""frequent_error_exact"", ""keyboard_typo_candidate""]"
dictionary_fuzzy,Аналитик записал територия и обновил летняя проверка вечером.,Аналитик записал территория и обновил летняя проверка вечером.,no_existing_candidate_backed_pattern,10,False,"[""dictionary_fuzzy"", ""double_consonant_candidate""]"
dictionary_fuzzy,Команда внесла карова в районный протокол перед встречей.,Команда внесла корова в районный протокол перед встречей.,no_existing_candidate_backed_pattern,11,False,"[""frequent_error_exact"", ""keyboard_typo_candidate"", ""missing_letter_candidate""]"
dictionary_fuzzy,Автор увидел малако и открыл районный протокол утром.,Автор увидел молоко и открыл районный протокол утром.,no_existing_candidate_backed_pattern,11,False,"[""dictionary_fuzzy"", ""frequent_error_exact""]"
dictionary_fuzzy,"Секретарь сохранил сабака, потому что районный протокол был важен.","Секретарь сохранил собака, потому что районный протокол был важен.",no_existing_candidate_backed_pattern,12,False,"[""extra_letter_candidate"", ""frequent_error_exact"", ""keyboard_typo_candidate""]"
dictionary_fuzzy,"Эксперт отметил територия, когда читал районный протокол.","Эксперт отметил территория, когда читал районный протокол.",no_existing_candidate_backed_pattern,9,False,"[""dictionary_fuzzy"", ""double_consonant_candidate""]"
dictionary_fuzzy,"Редактор проверил карова, когда готовил входящее письмо.","Редактор проверил корова, когда готовил входящее письмо.",no_existing_candidate_backed_pattern,10,False,"[""frequent_error_exact"", ""keyboard_typo_candidate"", ""missing_letter_candidate""]"
dictionary_fuzzy,Команда внесла малако в входящее письмо перед встречей.,Команда внесла молоко в входящее письмо перед встречей.,no_existing_candidate_backed_pattern,11,False,"[""dictionary_fuzzy"", ""frequent_error_exact""]"
dictionary_fuzzy,Автор увидел сабака и открыл входящее письмо утром.,Автор увидел собака и открыл входящее письмо утром.,no_existing_candidate_backed_pattern,11,False,"[""extra_letter_candidate"", ""frequent_error_exact"", ""keyboard_typo_candidate""]"
dictionary_fuzzy,"Секретарь сохранил територия, потому что входящее письмо был важен.","Секретарь сохранил территория, потому что входящее письмо был важен.",no_existing_candidate_backed_pattern,11,False,"[""dictionary_fuzzy"", ""double_consonant_candidate""]"
dictionary_fuzzy,Аналитик записал карова и обновил старый договор вечером.,Аналитик записал корова и обновил старый договор вечером.,no_existing_candidate_backed_pattern,11,False,"[""frequent_error_exact"", ""keyboard_typo_candidate"", ""missing_letter_candidate""]"
dictionary_fuzzy,"Редактор проверил малако, когда готовил старый договор.","Редактор проверил молоко, когда готовил старый договор.",no_existing_candidate_backed_pattern,10,False,"[""dictionary_fuzzy"", ""frequent_error_exact""]"
dictionary_fuzzy,Команда внесла сабака в старый договор перед встречей.,Команда внесла собака в старый договор перед встречей.,no_existing_candidate_backed_pattern,11,False,"[""extra_letter_candidate"", ""frequent_error_exact"", ""keyboard_typo_candidate""]"
dictionary_fuzzy,Автор увидел територия и открыл старый договор утром.,Автор увидел территория и открыл старый договор утром.,no_existing_candidate_backed_pattern,10,False,"[""dictionary_fuzzy"", ""double_consonant_candidate""]"
dictionary_fuzzy,"Эксперт отметил карова, когда читал новая таблица.","Эксперт отметил корова, когда читал новая таблица.",no_existing_candidate_backed_pattern,10,False,"[""frequent_error_exact"", ""keyboard_typo_candidate"", ""missing_letter_candidate""]"
dictionary_fuzzy,Аналитик записал малако и обновил новая таблица вечером.,Аналитик записал молоко и обновил новая таблица вечером.,no_existing_candidate_backed_pattern,11,False,"[""dictionary_fuzzy"", ""frequent_error_exact""]"
dictionary_fuzzy,"Редактор проверил сабака, когда готовил новая таблица.","Редактор проверил собака, когда готовил новая таблица.",no_existing_candidate_backed_pattern,10,False,"[""extra_letter_candidate"", ""frequent_error_exact"", ""keyboard_typo_candidate""]"
dictionary_fuzzy,Команда внесла територия в новая таблица перед встречей.,Команда внесла территория в новая таблица перед встречей.,no_existing_candidate_backed_pattern,10,False,"[""dictionary_fuzzy"", ""double_consonant_candidate""]"
dictionary_fuzzy,"Секретарь сохранил карова, потому что закрытый раздел был важен.","Секретарь сохранил корова, потому что закрытый раздел был важен.",no_existing_candidate_backed_pattern,12,False,"[""frequent_error_exact"", ""keyboard_typo_candidate"", ""missing_letter_candidate""]"
dictionary_fuzzy,"Эксперт отметил малако, когда читал закрытый раздел.","Эксперт отметил молоко, когда читал закрытый раздел.",no_existing_candidate_backed_pattern,10,False,"[""dictionary_fuzzy"", ""frequent_error_exact""]"
dictionary_fuzzy,Аналитик записал сабака и обновил закрытый раздел вечером.,Аналитик записал собака и обновил закрытый раздел вечером.,no_existing_candidate_backed_pattern,11,False,"[""extra_letter_candidate"", ""frequent_error_exact"", ""keyboard_typo_candidate""]"
dictionary_fuzzy,"Редактор проверил територия, когда готовил закрытый раздел.","Редактор проверил территория, когда готовил закрытый раздел.",no_existing_candidate_backed_pattern,9,False,"[""dictionary_fuzzy"", ""double_consonant_candidate""]"
dictionary_fuzzy,Автор увидел карова и открыл утренний приказ утром.,Автор увидел корова и открыл утренний приказ утром.,no_existing_candidate_backed_pattern,11,False,"[""frequent_error_exact"", ""keyboard_typo_candidate"", ""missing_letter_candidate""]"
dictionary_fuzzy,"Секретарь сохранил малако, потому что утренний приказ был важен.","Секретарь сохранил молоко, потому что утренний приказ был важен.",no_existing_candidate_backed_pattern,12,False,"[""dictionary_fuzzy"", ""frequent_error_exact""]"
dictionary_fuzzy,"Эксперт отметил сабака, когда читал утренний приказ.","Эксперт отметил собака, когда читал утренний приказ.",no_existing_candidate_backed_pattern,10,False,"[""extra_letter_candidate"", ""frequent_error_exact"", ""keyboard_typo_candidate""]"
dictionary_fuzzy,Аналитик записал територия и обновил утренний приказ вечером.,Аналитик записал территория и обновил утренний приказ вечером.,no_existing_candidate_backed_pattern,10,False,"[""dictionary_fuzzy"", ""double_consonant_candidate""]"
dictionary_fuzzy,Команда внесла карова в служебная записка перед встречей.,Команда внесла корова в служебная записка перед встречей.,no_existing_candidate_backed_pattern,11,False,"[""frequent_error_exact"", ""keyboard_typo_candidate"", ""missing_letter_candidate""]"
dictionary_fuzzy,Автор увидел малако и открыл служебная записка утром.,Автор увидел молоко и открыл служебная записка утром.,no_existing_candidate_backed_pattern,11,False,"[""dictionary_fuzzy"", ""frequent_error_exact""]"
dictionary_fuzzy,"Секретарь сохранил сабака, потому что служебная записка был важен.","Секретарь сохранил собака, потому что служебная записка был важен.",no_existing_candidate_backed_pattern,12,False,"[""extra_letter_candidate"", ""frequent_error_exact"", ""keyboard_typo_candidate""]"
dictionary_fuzzy,"Эксперт отметил територия, когда читал служебная записка.","Эксперт отметил территория, когда читал служебная записка.",no_existing_candidate_backed_pattern,9,False,"[""dictionary_fuzzy"", ""double_consonant_candidate""]"
dictionary_fuzzy,"Редактор проверил карова, когда готовил городской проект.","Редактор проверил корова, когда готовил городской проект.",no_existing_candidate_backed_pattern,10,False,"[""frequent_error_exact"", ""keyboard_typo_candidate"", ""missing_letter_candidate""]"
dictionary_fuzzy,Команда внесла малако в городской проект перед встречей.,Команда внесла молоко в городской проект перед встречей.,no_existing_candidate_backed_pattern,11,False,"[""dictionary_fuzzy"", ""frequent_error_exact""]"
dictionary_fuzzy,Автор увидел сабака и открыл городской проект утром.,Автор увидел собака и открыл городской проект утром.,no_existing_candidate_backed_pattern,11,False,"[""extra_letter_candidate"", ""frequent_error_exact"", ""keyboard_typo_candidate""]"
dictionary_fuzzy,"Секретарь сохранил територия, потому что городской проект был важен.","Секретарь сохранил территория, потому что городской проект был важен.",no_existing_candidate_backed_pattern,11,False,"[""dictionary_fuzzy"", ""double_consonant_candidate""]"
dictionary_fuzzy,Аналитик записал карова и обновил важное решение вечером.,Аналитик записал корова и обновил важное решение вечером.,no_existing_candidate_backed_pattern,11,False,"[""frequent_error_exact"", ""keyboard_typo_candidate"", ""missing_letter_candidate""]"
dictionary_fuzzy,"Редактор проверил малако, когда готовил важное решение.","Редактор проверил молоко, когда готовил важное решение.",no_existing_candidate_backed_pattern,10,False,"[""dictionary_fuzzy"", ""frequent_error_exact""]"
dictionary_fuzzy,Команда внесла сабака в важное решение перед встречей.,Команда внесла собака в важное решение перед встречей.,no_existing_candidate_backed_pattern,11,False,"[""extra_letter_candidate"", ""frequent_error_exact"", ""keyboard_typo_candidate""]"
dictionary_fuzzy,Автор увидел територия и открыл важное решение утром.,Автор увидел территория и открыл важное решение утром.,no_existing_candidate_backed_pattern,10,False,"[""dictionary_fuzzy"", ""double_consonant_candidate""]"
dictionary_fuzzy,"Эксперт отметил карова, когда читал общий список.","Эксперт отметил корова, когда читал общий список.",no_existing_candidate_backed_pattern,10,False,"[""frequent_error_exact"", ""keyboard_typo_candidate"", ""missing_letter_candidate""]"
dictionary_fuzzy,Аналитик записал малако и обновил общий список вечером.,Аналитик записал молоко и обновил общий список вечером.,no_existing_candidate_backed_pattern,11,False,"[""dictionary_fuzzy"", ""frequent_error_exact""]"
dictionary_fuzzy,"Редактор проверил сабака, когда готовил общий список.","Редактор проверил собака, когда готовил общий список.",no_existing_candidate_backed_pattern,10,False,"[""extra_letter_candidate"", ""frequent_error_exact"", ""keyboard_typo_candidate""]"
dictionary_fuzzy,Команда внесла територия в общий список перед встречей.,Команда внесла территория в общий список перед встречей.,no_existing_candidate_backed_pattern,10,False,"[""dictionary_fuzzy"", ""double_consonant_candidate""]"
dictionary_fuzzy,"Секретарь сохранил карова, потому что рабочий кабинет был важен.","Секретарь сохранил корова, потому что рабочий кабинет был важен.",no_existing_candidate_backed_pattern,12,False,"[""frequent_error_exact"", ""keyboard_typo_candidate"", ""missing_letter_candidate""]"
dictionary_fuzzy,"Эксперт отметил малако, когда читал рабочий кабинет.","Эксперт отметил молоко, когда читал рабочий кабинет.",no_existing_candidate_backed_pattern,10,False,"[""dictionary_fuzzy"", ""frequent_error_exact""]"
dictionary_fuzzy,Аналитик записал сабака и обновил рабочий кабинет вечером.,Аналитик записал собака и обновил рабочий кабинет вечером.,no_existing_candidate_backed_pattern,11,False,"[""extra_letter_candidate"", ""frequent_error_exact"", ""keyboard_typo_candidate""]"
dictionary_fuzzy,"Редактор проверил територия, когда готовил рабочий кабинет.","Редактор проверил территория, когда готовил рабочий кабинет.",no_existing_candidate_backed_pattern,9,False,"[""dictionary_fuzzy"", ""double_consonant_candidate""]"
dictionary_fuzzy,Автор увидел карова и открыл архивный номер утром.,Автор увидел корова и открыл архивный номер утром.,no_existing_candidate_backed_pattern,11,False,"[""frequent_error_exact"", ""keyboard_typo_candidate"", ""missing_letter_candidate""]"
dictionary_fuzzy,"Секретарь сохранил малако, потому что архивный номер был важен.","Секретарь сохранил молоко, потому что архивный номер был важен.",no_existing_candidate_backed_pattern,12,False,"[""dictionary_fuzzy"", ""frequent_error_exact""]"
dictionary_fuzzy,"Эксперт отметил сабака, когда читал архивный номер.","Эксперт отметил собака, когда читал архивный номер.",no_existing_candidate_backed_pattern,10,False,"[""extra_letter_candidate"", ""frequent_error_exact"", ""keyboard_typo_candidate""]"
dictionary_fuzzy,Аналитик записал територия и обновил архивный номер вечером.,Аналитик записал территория и обновил архивный номер вечером.,no_existing_candidate_backed_pattern,10,False,"[""dictionary_fuzzy"", ""double_consonant_candidate""]"
dictionary_fuzzy,Команда внесла карова в открытый вопрос перед встречей.,Команда внесла корова в открытый вопрос перед встречей.,no_existing_candidate_backed_pattern,11,False,"[""frequent_error_exact"", ""keyboard_typo_candidate"", ""missing_letter_candidate""]"
dictionary_fuzzy,Автор увидел малако и открыл открытый вопрос утром.,Автор увидел молоко и открыл открытый вопрос утром.,no_existing_candidate_backed_pattern,11,False,"[""dictionary_fuzzy"", ""frequent_error_exact""]"
dictionary_fuzzy,"Секретарь сохранил сабака, потому что открытый вопрос был важен.","Секретарь сохранил собака, потому что открытый вопрос был важен.",no_existing_candidate_backed_pattern,12,False,"[""extra_letter_candidate"", ""frequent_error_exact"", ""keyboard_typo_candidate""]"
dictionary_fuzzy,"Эксперт отметил територия, когда читал открытый вопрос.","Эксперт отметил территория, когда читал открытый вопрос.",no_existing_candidate_backed_pattern,9,False,"[""dictionary_fuzzy"", ""double_consonant_candidate""]"
dictionary_fuzzy,"Редактор проверил карова, когда готовил плановый отчет.","Редактор проверил корова, когда готовил плановый отчет.",no_existing_candidate_backed_pattern,10,False,"[""frequent_error_exact"", ""keyboard_typo_candidate"", ""missing_letter_candidate""]"
dictionary_fuzzy,Команда внесла малако в плановый отчет перед встречей.,Команда внесла молоко в плановый отчет перед встречей.,no_existing_candidate_backed_pattern,11,False,"[""dictionary_fuzzy"", ""frequent_error_exact""]"
dictionary_fuzzy,Автор увидел сабака и открыл плановый отчет утром.,Автор увидел собака и открыл плановый отчет утром.,no_existing_candidate_backed_pattern,11,False,"[""extra_letter_candidate"", ""frequent_error_exact"", ""keyboard_typo_candidate""]"
dictionary_fuzzy,"Секретарь сохранил територия, потому что плановый отчет был важен.","Секретарь сохранил территория, потому что плановый отчет был важен.",no_existing_candidate_backed_pattern,11,False,"[""dictionary_fuzzy"", ""double_consonant_candidate""]"
dictionary_fuzzy,Аналитик записал карова и обновил новый маршрут вечером.,Аналитик записал корова и обновил новый маршрут вечером.,no_existing_candidate_backed_pattern,11,False,"[""frequent_error_exact"", ""keyboard_typo_candidate"", ""missing_letter_candidate""]"
dictionary_fuzzy,"Редактор проверил малако, когда готовил новый маршрут.","Редактор проверил молоко, когда готовил новый маршрут.",no_existing_candidate_backed_pattern,10,False,"[""dictionary_fuzzy"", ""frequent_error_exact""]"
dictionary_fuzzy,Команда внесла сабака в новый маршрут перед встречей.,Команда внесла собака в новый маршрут перед встречей.,no_existing_candidate_backed_pattern,11,False,"[""extra_letter_candidate"", ""frequent_error_exact"", ""keyboard_typo_candidate""]"
dictionary_fuzzy,Автор увидел територия и открыл новый маршрут утром.,Автор увидел территория и открыл новый маршрут утром.,no_existing_candidate_backed_pattern,10,False,"[""dictionary_fuzzy"", ""double_consonant_candidate""]"
dictionary_fuzzy,"Эксперт отметил карова, когда читал вечерняя смена.","Эксперт отметил корова, когда читал вечерняя смена.",no_existing_candidate_backed_pattern,11,False,"[""frequent_error_exact"", ""keyboard_typo_candidate"", ""missing_letter_candidate"", ""n_nn_short_form""]"
dictionary_fuzzy,Аналитик записал малако и обновил вечерняя смена вечером.,Аналитик записал молоко и обновил вечерняя смена вечером.,no_existing_candidate_backed_pattern,12,False,"[""dictionary_fuzzy"", ""frequent_error_exact"", ""n_nn_short_form""]"
dictionary_fuzzy,"Редактор проверил сабака, когда готовил вечерняя смена.","Редактор проверил собака, когда готовил вечерняя смена.",no_existing_candidate_backed_pattern,11,False,"[""extra_letter_candidate"", ""frequent_error_exact"", ""keyboard_typo_candidate"", ""n_nn_short_form""]"
dictionary_fuzzy,Команда внесла територия в вечерняя смена перед встречей.,Команда внесла территория в вечерняя смена перед встречей.,no_existing_candidate_backed_pattern,11,False,"[""dictionary_fuzzy"", ""double_consonant_candidate"", ""n_nn_short_form""]"
dictionary_fuzzy,"Секретарь сохранил карова, потому что срочная заявка был важен.","Секретарь сохранил корова, потому что срочная заявка был важен.",no_existing_candidate_backed_pattern,12,False,"[""frequent_error_exact"", ""keyboard_typo_candidate"", ""missing_letter_candidate""]"
dictionary_fuzzy,"Эксперт отметил малако, когда читал срочная заявка.","Эксперт отметил молоко, когда читал срочная заявка.",no_existing_candidate_backed_pattern,10,False,"[""dictionary_fuzzy"", ""frequent_error_exact""]"
dictionary_fuzzy,Аналитик записал сабака и обновил срочная заявка вечером.,Аналитик записал собака и обновил срочная заявка вечером.,no_existing_candidate_backed_pattern,11,False,"[""extra_letter_candidate"", ""frequent_error_exact"", ""keyboard_typo_candidate""]"
dictionary_fuzzy,"Редактор проверил територия, когда готовил срочная заявка.","Редактор проверил территория, когда готовил срочная заявка.",no_existing_candidate_backed_pattern,9,False,"[""dictionary_fuzzy"", ""double_consonant_candidate""]"
dictionary_fuzzy,Автор увидел карова и открыл письменная просьба утром.,Автор увидел корова и открыл письменная просьба утром.,no_existing_candidate_backed_pattern,11,False,"[""frequent_error_exact"", ""keyboard_typo_candidate"", ""missing_letter_candidate""]"
dictionary_fuzzy,"Секретарь сохранил малако, потому что письменная просьба был важен.","Секретарь сохранил молоко, потому что письменная просьба был важен.",no_existing_candidate_backed_pattern,12,False,"[""dictionary_fuzzy"", ""frequent_error_exact""]"
dictionary_fuzzy,"Эксперт отметил сабака, когда читал письменная просьба.","Эксперт отметил собака, когда читал письменная просьба.",no_existing_candidate_backed_pattern,10,False,"[""extra_letter_candidate"", ""frequent_error_exact"", ""keyboard_typo_candidate""]"
dictionary_fuzzy,Аналитик записал територия и обновил письменная просьба вечером.,Аналитик записал территория и обновил письменная просьба вечером.,no_existing_candidate_backed_pattern,10,False,"[""dictionary_fuzzy"", ""double_consonant_candidate""]"
dictionary_fuzzy,Команда внесла карова в короткий протокол перед встречей.,Команда внесла корова в короткий протокол перед встречей.,no_existing_candidate_backed_pattern,11,False,"[""frequent_error_exact"", ""keyboard_typo_candidate"", ""missing_letter_candidate""]"
dictionary_fuzzy,Автор увидел малако и открыл короткий протокол утром.,Автор увидел молоко и открыл короткий протокол утром.,no_existing_candidate_backed_pattern,11,False,"[""dictionary_fuzzy"", ""frequent_error_exact""]"
dictionary_fuzzy,"Секретарь сохранил сабака, потому что короткий протокол был важен.","Секретарь сохранил собака, потому что короткий протокол был важен.",no_existing_candidate_backed_pattern,12,False,"[""extra_letter_candidate"", ""frequent_error_exact"", ""keyboard_typo_candidate""]"
dictionary_fuzzy,"Эксперт отметил територия, когда читал короткий протокол.","Эксперт отметил территория, когда читал короткий протокол.",no_existing_candidate_backed_pattern,9,False,"[""dictionary_fuzzy"", ""double_consonant_candidate""]"
dictionary_fuzzy,"Редактор проверил карова, когда готовил дневной выпуск.","Редактор проверил корова, когда готовил дневной выпуск.",no_existing_candidate_backed_pattern,10,False,"[""frequent_error_exact"", ""keyboard_typo_candidate"", ""missing_letter_candidate""]"
dictionary_fuzzy,Команда внесла малако в дневной выпуск перед встречей.,Команда внесла молоко в дневной выпуск перед встречей.,no_existing_candidate_backed_pattern,11,False,"[""dictionary_fuzzy"", ""frequent_error_exact""]"
dictionary_fuzzy,Автор увидел сабака и открыл дневной выпуск утром.,Автор увидел собака и открыл дневной выпуск утром.,no_existing_candidate_backed_pattern,11,False,"[""extra_letter_candidate"", ""frequent_error_exact"", ""keyboard_typo_candidate""]"
dictionary_fuzzy,"Секретарь сохранил територия, потому что дневной выпуск был важен.","Секретарь сохранил территория, потому что дневной выпуск был важен.",no_existing_candidate_backed_pattern,11,False,"[""dictionary_fuzzy"", ""double_consonant_candidate""]"
dictionary_fuzzy,Аналитик записал карова и обновил точная дата вечером.,Аналитик записал корова и обновил точная дата вечером.,no_existing_candidate_backed_pattern,11,False,"[""frequent_error_exact"", ""keyboard_typo_candidate"", ""missing_letter_candidate""]"
dictionary_fuzzy,"Редактор проверил малако, когда готовил точная дата.","Редактор проверил молоко, когда готовил точная дата.",no_existing_candidate_backed_pattern,10,False,"[""dictionary_fuzzy"", ""frequent_error_exact""]"
dictionary_fuzzy,Команда внесла сабака в точная дата перед встречей.,Команда внесла собака в точная дата перед встречей.,no_existing_candidate_backed_pattern,11,False,"[""extra_letter_candidate"", ""frequent_error_exact"", ""keyboard_typo_candidate""]"
dictionary_fuzzy,Автор увидел територия и открыл точная дата утром.,Автор увидел территория и открыл точная дата утром.,no_existing_candidate_backed_pattern,10,False,"[""dictionary_fuzzy"", ""double_consonant_candidate""]"
dictionary_fuzzy,"Эксперт отметил карова, когда читал готовый макет.","Эксперт отметил корова, когда читал готовый макет.",no_existing_candidate_backed_pattern,10,False,"[""frequent_error_exact"", ""keyboard_typo_candidate"", ""missing_letter_candidate""]"
dictionary_fuzzy,Аналитик записал малако и обновил готовый макет вечером.,Аналитик записал молоко и обновил готовый макет вечером.,no_existing_candidate_backed_pattern,11,False,"[""dictionary_fuzzy"", ""frequent_error_exact""]"
dictionary_fuzzy,"Редактор проверил сабака, когда готовил готовый макет.","Редактор проверил собака, когда готовил готовый макет.",no_existing_candidate_backed_pattern,10,False,"[""extra_letter_candidate"", ""frequent_error_exact"", ""keyboard_typo_candidate""]"
dictionary_fuzzy,Команда внесла територия в готовый макет перед встречей.,Команда внесла территория в готовый макет перед встречей.,no_existing_candidate_backed_pattern,10,False,"[""dictionary_fuzzy"", ""double_consonant_candidate""]"
dictionary_fuzzy,"Секретарь сохранил карова, потому что основной договор был важен.","Секретарь сохранил корова, потому что основной договор был важен.",no_existing_candidate_backed_pattern,12,False,"[""frequent_error_exact"", ""keyboard_typo_candidate"", ""missing_letter_candidate""]"
dictionary_fuzzy,"Эксперт отметил малако, когда читал основной договор.","Эксперт отметил молоко, когда читал основной договор.",no_existing_candidate_backed_pattern,10,False,"[""dictionary_fuzzy"", ""frequent_error_exact""]"
dictionary_fuzzy,Аналитик записал сабака и обновил основной договор вечером.,Аналитик записал собака и обновил основной договор вечером.,no_existing_candidate_backed_pattern,11,False,"[""extra_letter_candidate"", ""frequent_error_exact"", ""keyboard_typo_candidate""]"
dictionary_fuzzy,"Редактор проверил територия, когда готовил основной договор.","Редактор проверил территория, когда готовил основной договор.",no_existing_candidate_backed_pattern,9,False,"[""dictionary_fuzzy"", ""double_consonant_candidate""]"
dictionary_fuzzy,Автор увидел карова и открыл временный график утром.,Автор увидел корова и открыл временный график утром.,no_existing_candidate_backed_pattern,11,False,"[""frequent_error_exact"", ""keyboard_typo_candidate"", ""missing_letter_candidate""]"
dictionary_fuzzy,"Секретарь сохранил малако, потому что временный график был важен.","Секретарь сохранил молоко, потому что временный график был важен.",no_existing_candidate_backed_pattern,12,False,"[""dictionary_fuzzy"", ""frequent_error_exact""]"
dictionary_fuzzy,"Эксперт отметил сабака, когда читал временный график.","Эксперт отметил собака, когда читал временный график.",no_existing_candidate_backed_pattern,10,False,"[""extra_letter_candidate"", ""frequent_error_exact"", ""keyboard_typo_candidate""]"
dictionary_fuzzy,Аналитик записал територия и обновил временный график вечером.,Аналитик записал территория и обновил временный график вечером.,no_existing_candidate_backed_pattern,10,False,"[""dictionary_fuzzy"", ""double_consonant_candidate""]"
dictionary_fuzzy,Команда внесла карова в дежурная группа перед встречей.,Команда внесла корова в дежурная группа перед встречей.,no_existing_candidate_backed_pattern,11,False,"[""frequent_error_exact"", ""keyboard_typo_candidate"", ""missing_letter_candidate""]"
dictionary_fuzzy,Автор увидел малако и открыл дежурная группа утром.,Автор увидел молоко и открыл дежурная группа утром.,no_existing_candidate_backed_pattern,11,False,"[""dictionary_fuzzy"", ""frequent_error_exact""]"
dictionary_fuzzy,"Секретарь сохранил сабака, потому что дежурная группа был важен.","Секретарь сохранил собака, потому что дежурная группа был важен.",no_existing_candidate_backed_pattern,12,False,"[""extra_letter_candidate"", ""frequent_error_exact"", ""keyboard_typo_candidate""]"
dictionary_fuzzy,"Эксперт отметил територия, когда читал дежурная группа.","Эксперт отметил территория, когда читал дежурная группа.",no_existing_candidate_backed_pattern,9,False,"[""dictionary_fuzzy"", ""double_consonant_candidate""]"
dictionary_fuzzy,"Редактор проверил карова, когда готовил финальная версия.","Редактор проверил корова, когда готовил финальная версия.",no_existing_candidate_backed_pattern,10,False,"[""frequent_error_exact"", ""keyboard_typo_candidate"", ""missing_letter_candidate""]"
dictionary_fuzzy,Команда внесла малако в финальная версия перед встречей.,Команда внесла молоко в финальная версия перед встречей.,no_existing_candidate_backed_pattern,11,False,"[""dictionary_fuzzy"", ""frequent_error_exact""]"
dictionary_fuzzy,Автор увидел сабака и открыл финальная версия утром.,Автор увидел собака и открыл финальная версия утром.,no_existing_candidate_backed_pattern,11,False,"[""extra_letter_candidate"", ""frequent_error_exact"", ""keyboard_typo_candidate""]"
dictionary_fuzzy,"Секретарь сохранил територия, потому что финальная версия был важен.","Секретарь сохранил территория, потому что финальная версия был важен.",no_existing_candidate_backed_pattern,11,False,"[""dictionary_fuzzy"", ""double_consonant_candidate""]"
dictionary_fuzzy,Аналитик записал карова и обновил контрольная таблица вечером.,Аналитик записал корова и обновил контрольная таблица вечером.,no_existing_candidate_backed_pattern,11,False,"[""frequent_error_exact"", ""keyboard_typo_candidate"", ""missing_letter_candidate""]"
dictionary_fuzzy,"Редактор проверил малако, когда готовил контрольная таблица.","Редактор проверил молоко, когда готовил контрольная таблица.",no_existing_candidate_backed_pattern,10,False,"[""dictionary_fuzzy"", ""frequent_error_exact""]"
dictionary_fuzzy,Команда внесла сабака в контрольная таблица перед встречей.,Команда внесла собака в контрольная таблица перед встречей.,no_existing_candidate_backed_pattern,11,False,"[""extra_letter_candidate"", ""frequent_error_exact"", ""keyboard_typo_candidate""]"
dictionary_fuzzy,Автор увидел територия и открыл контрольная таблица утром.,Автор увидел территория и открыл контрольная таблица утром.,no_existing_candidate_backed_pattern,10,False,"[""dictionary_fuzzy"", ""double_consonant_candidate""]"
dictionary_fuzzy,"Эксперт отметил карова, когда читал принятый отчет.","Эксперт отметил корова, когда читал принятый отчет.",no_existing_candidate_backed_pattern,10,False,"[""frequent_error_exact"", ""keyboard_typo_candidate"", ""missing_letter_candidate""]"
dictionary_fuzzy,Аналитик записал малако и обновил принятый отчет вечером.,Аналитик записал молоко и обновил принятый отчет вечером.,no_existing_candidate_backed_pattern,11,False,"[""dictionary_fuzzy"", ""frequent_error_exact""]"
dictionary_fuzzy,"Редактор проверил сабака, когда готовил принятый отчет.","Редактор проверил собака, когда готовил принятый отчет.",no_existing_candidate_backed_pattern,10,False,"[""extra_letter_candidate"", ""frequent_error_exact"", ""keyboard_typo_candidate""]"
dictionary_fuzzy,Команда внесла територия в принятый отчет перед встречей.,Команда внесла территория в принятый отчет перед встречей.,no_existing_candidate_backed_pattern,10,False,"[""dictionary_fuzzy"", ""double_consonant_candidate""]"
dictionary_fuzzy,"Секретарь сохранил карова, потому что закрытое письмо был важен.","Секретарь сохранил корова, потому что закрытое письмо был важен.",no_existing_candidate_backed_pattern,12,False,"[""frequent_error_exact"", ""keyboard_typo_candidate"", ""missing_letter_candidate""]"
dictionary_fuzzy,"Эксперт отметил малако, когда читал закрытое письмо.","Эксперт отметил молоко, когда читал закрытое письмо.",no_existing_candidate_backed_pattern,10,False,"[""dictionary_fuzzy"", ""frequent_error_exact""]"
dictionary_fuzzy,Аналитик записал сабака и обновил закрытое письмо вечером.,Аналитик записал собака и обновил закрытое письмо вечером.,no_existing_candidate_backed_pattern,11,False,"[""extra_letter_candidate"", ""frequent_error_exact"", ""keyboard_typo_candidate""]"
dictionary_fuzzy,"Редактор проверил територия, когда готовил закрытое письмо.","Редактор проверил территория, когда готовил закрытое письмо.",no_existing_candidate_backed_pattern,9,False,"[""dictionary_fuzzy"", ""double_consonant_candidate""]"
dictionary_fuzzy,Автор увидел карова и открыл служебный ответ утром.,Автор увидел корова и открыл служебный ответ утром.,no_existing_candidate_backed_pattern,11,False,"[""frequent_error_exact"", ""keyboard_typo_candidate"", ""missing_letter_candidate""]"
dictionary_fuzzy,"Секретарь сохранил малако, потому что служебный ответ был важен.","Секретарь сохранил молоко, потому что служебный ответ был важен.",no_existing_candidate_backed_pattern,12,False,"[""dictionary_fuzzy"", ""frequent_error_exact""]"
dictionary_fuzzy,"Эксперт отметил сабака, когда читал служебный ответ.","Эксперт отметил собака, когда читал служебный ответ.",no_existing_candidate_backed_pattern,10,False,"[""extra_letter_candidate"", ""frequent_error_exact"", ""keyboard_typo_candidate""]"
dictionary_fuzzy,Аналитик записал територия и обновил служебный ответ вечером.,Аналитик записал территория и обновил служебный ответ вечером.,no_existing_candidate_backed_pattern,10,False,"[""dictionary_fuzzy"", ""double_consonant_candidate""]"
dictionary_fuzzy,Команда внесла карова в городская программа перед встречей.,Команда внесла корова в городская программа перед встречей.,no_existing_candidate_backed_pattern,11,False,"[""frequent_error_exact"", ""keyboard_typo_candidate"", ""missing_letter_candidate""]"
dictionary_fuzzy,Автор увидел малако и открыл городская программа утром.,Автор увидел молоко и открыл городская программа утром.,no_existing_candidate_backed_pattern,11,False,"[""dictionary_fuzzy"", ""frequent_error_exact""]"
dictionary_fuzzy,"Секретарь сохранил сабака, потому что городская программа был важен.","Секретарь сохранил собака, потому что городская программа был важен.",no_existing_candidate_backed_pattern,12,False,"[""extra_letter_candidate"", ""frequent_error_exact"", ""keyboard_typo_candidate""]"
dictionary_fuzzy,"Эксперт отметил територия, когда читал городская программа.","Эксперт отметил территория, когда читал городская программа.",no_existing_candidate_backed_pattern,9,False,"[""dictionary_fuzzy"", ""double_consonant_candidate""]"
dictionary_fuzzy,"Редактор проверил карова, когда готовил важная поправка.","Редактор проверил корова, когда готовил важная поправка.",no_existing_candidate_backed_pattern,10,False,"[""frequent_error_exact"", ""keyboard_typo_candidate"", ""missing_letter_candidate""]"
dictionary_fuzzy,Команда внесла малако в важная поправка перед встречей.,Команда внесла молоко в важная поправка перед встречей.,no_existing_candidate_backed_pattern,11,False,"[""dictionary_fuzzy"", ""frequent_error_exact""]"
dictionary_fuzzy,Автор увидел сабака и открыл важная поправка утром.,Автор увидел собака и открыл важная поправка утром.,no_existing_candidate_backed_pattern,11,False,"[""extra_letter_candidate"", ""frequent_error_exact"", ""keyboard_typo_candidate""]"
dictionary_fuzzy,"Секретарь сохранил територия, потому что важная поправка был важен.","Секретарь сохранил территория, потому что важная поправка был важен.",no_existing_candidate_backed_pattern,11,False,"[""dictionary_fuzzy"", ""double_consonant_candidate""]"
dictionary_fuzzy,Аналитик записал карова и обновил новый порядок вечером.,Аналитик записал корова и обновил новый порядок вечером.,no_existing_candidate_backed_pattern,11,False,"[""frequent_error_exact"", ""keyboard_typo_candidate"", ""missing_letter_candidate""]"
dictionary_fuzzy,"Редактор проверил малако, когда готовил новый порядок.","Редактор проверил молоко, когда готовил новый порядок.",no_existing_candidate_backed_pattern,10,False,"[""dictionary_fuzzy"", ""frequent_error_exact""]"
dictionary_fuzzy,Команда внесла сабака в новый порядок перед встречей.,Команда внесла собака в новый порядок перед встречей.,no_existing_candidate_backed_pattern,11,False,"[""extra_letter_candidate"", ""frequent_error_exact"", ""keyboard_typo_candidate""]"
dictionary_fuzzy,Автор увидел територия и открыл новый порядок утром.,Автор увидел территория и открыл новый порядок утром.,no_existing_candidate_backed_pattern,10,False,"[""dictionary_fuzzy"", ""double_consonant_candidate""]"
dictionary_fuzzy,"Эксперт отметил карова, когда читал итоговый документ.","Эксперт отметил корова, когда читал итоговый документ.",no_existing_candidate_backed_pattern,10,False,"[""frequent_error_exact"", ""keyboard_typo_candidate"", ""missing_letter_candidate""]"
dictionary_fuzzy,Аналитик записал малако и обновил итоговый документ вечером.,Аналитик записал молоко и обновил итоговый документ вечером.,no_existing_candidate_backed_pattern,11,False,"[""dictionary_fuzzy"", ""frequent_error_exact""]"
dictionary_fuzzy,"Редактор проверил сабака, когда готовил итоговый документ.","Редактор проверил собака, когда готовил итоговый документ.",no_existing_candidate_backed_pattern,10,False,"[""extra_letter_candidate"", ""frequent_error_exact"", ""keyboard_typo_candidate""]"
dictionary_fuzzy,Команда внесла територия в итоговый документ перед встречей.,Команда внесла территория в итоговый документ перед встречей.,no_existing_candidate_backed_pattern,10,False,"[""dictionary_fuzzy"", ""double_consonant_candidate""]"
dictionary_fuzzy,"Секретарь сохранил карова, потому что отдельная папка был важен.","Секретарь сохранил корова, потому что отдельная папка был важен.",no_existing_candidate_backed_pattern,12,False,"[""frequent_error_exact"", ""keyboard_typo_candidate"", ""missing_letter_candidate""]"
dictionary_fuzzy,"Эксперт отметил малако, когда читал отдельная папка.","Эксперт отметил молоко, когда читал отдельная папка.",no_existing_candidate_backed_pattern,10,False,"[""dictionary_fuzzy"", ""frequent_error_exact""]"
dictionary_fuzzy,Аналитик записал сабака и обновил отдельная папка вечером.,Аналитик записал собака и обновил отдельная папка вечером.,no_existing_candidate_backed_pattern,11,False,"[""extra_letter_candidate"", ""frequent_error_exact"", ""keyboard_typo_candidate""]"
dictionary_fuzzy,"Редактор проверил територия, когда готовил отдельная папка.","Редактор проверил территория, когда готовил отдельная папка.",no_existing_candidate_backed_pattern,9,False,"[""dictionary_fuzzy"", ""double_consonant_candidate""]"
dictionary_fuzzy,Автор увидел карова и открыл рабочая переписка утром.,Автор увидел корова и открыл рабочая переписка утром.,no_existing_candidate_backed_pattern,11,False,"[""frequent_error_exact"", ""keyboard_typo_candidate"", ""missing_letter_candidate""]"
dictionary_fuzzy,"Секретарь сохранил малако, потому что рабочая переписка был важен.","Секретарь сохранил молоко, потому что рабочая переписка был важен.",no_existing_candidate_backed_pattern,12,False,"[""dictionary_fuzzy"", ""frequent_error_exact""]"
dictionary_fuzzy,"Эксперт отметил сабака, когда читал рабочая переписка.","Эксперт отметил собака, когда читал рабочая переписка.",no_existing_candidate_backed_pattern,10,False,"[""extra_letter_candidate"", ""frequent_error_exact"", ""keyboard_typo_candidate""]"
dictionary_fuzzy,Аналитик записал територия и обновил рабочая переписка вечером.,Аналитик записал территория и обновил рабочая переписка вечером.,no_existing_candidate_backed_pattern,10,False,"[""dictionary_fuzzy"", ""double_consonant_candidate""]"
dictionary_fuzzy,Команда внесла карова в городской журнал перед встречей.,Команда внесла корова в городской журнал перед встречей.,no_existing_candidate_backed_pattern,11,False,"[""frequent_error_exact"", ""keyboard_typo_candidate"", ""missing_letter_candidate""]"
dictionary_fuzzy,Автор увидел малако и открыл городской журнал утром.,Автор увидел молоко и открыл городской журнал утром.,no_existing_candidate_backed_pattern,11,False,"[""dictionary_fuzzy"", ""frequent_error_exact""]"
dictionary_fuzzy,"Секретарь сохранил сабака, потому что городской журнал был важен.","Секретарь сохранил собака, потому что городской журнал был важен.",no_existing_candidate_backed_pattern,12,False,"[""extra_letter_candidate"", ""frequent_error_exact"", ""keyboard_typo_candidate""]"
dictionary_fuzzy,"Эксперт отметил територия, когда читал городской журнал.","Эксперт отметил территория, когда читал городской журнал.",no_existing_candidate_backed_pattern,9,False,"[""dictionary_fuzzy"", ""double_consonant_candidate""]"
dictionary_fuzzy,"Редактор проверил карова, когда готовил основная сводка.","Редактор проверил корова, когда готовил основная сводка.",no_existing_candidate_backed_pattern,10,False,"[""frequent_error_exact"", ""keyboard_typo_candidate"", ""missing_letter_candidate""]"
dictionary_fuzzy,Команда внесла малако в основная сводка перед встречей.,Команда внесла молоко в основная сводка перед встречей.,no_existing_candidate_backed_pattern,11,False,"[""dictionary_fuzzy"", ""frequent_error_exact""]"
dictionary_fuzzy,Автор увидел сабака и открыл основная сводка утром.,Автор увидел собака и открыл основная сводка утром.,no_existing_candidate_backed_pattern,11,False,"[""extra_letter_candidate"", ""frequent_error_exact"", ""keyboard_typo_candidate""]"
dictionary_fuzzy,"Секретарь сохранил територия, потому что основная сводка был важен.","Секретарь сохранил территория, потому что основная сводка был важен.",no_existing_candidate_backed_pattern,11,False,"[""dictionary_fuzzy"", ""double_consonant_candidate""]"
dictionary_fuzzy,Аналитик записал карова и обновил ранний выпуск вечером.,Аналитик записал корова и обновил ранний выпуск вечером.,no_existing_candidate_backed_pattern,11,False,"[""frequent_error_exact"", ""keyboard_typo_candidate"", ""missing_letter_candidate""]"
dictionary_fuzzy,"Редактор проверил малако, когда готовил ранний выпуск.","Редактор проверил молоко, когда готовил ранний выпуск.",no_existing_candidate_backed_pattern,10,False,"[""dictionary_fuzzy"", ""frequent_error_exact""]"
dictionary_fuzzy,Команда внесла сабака в ранний выпуск перед встречей.,Команда внесла собака в ранний выпуск перед встречей.,no_existing_candidate_backed_pattern,11,False,"[""extra_letter_candidate"", ""frequent_error_exact"", ""keyboard_typo_candidate""]"
dictionary_fuzzy,Автор увидел територия и открыл ранний выпуск утром.,Автор увидел территория и открыл ранний выпуск утром.,no_existing_candidate_backed_pattern,10,False,"[""dictionary_fuzzy"", ""double_consonant_candidate""]"
dictionary_fuzzy,"Эксперт отметил карова, когда читал новая заявка.","Эксперт отметил корова, когда читал новая заявка.",no_existing_candidate_backed_pattern,10,False,"[""frequent_error_exact"", ""keyboard_typo_candidate"", ""missing_letter_candidate""]"
dictionary_fuzzy,Аналитик записал малако и обновил новая заявка вечером.,Аналитик записал молоко и обновил новая заявка вечером.,no_existing_candidate_backed_pattern,11,False,"[""dictionary_fuzzy"", ""frequent_error_exact""]"
dictionary_fuzzy,"Редактор проверил сабака, когда готовил новая заявка.","Редактор проверил собака, когда готовил новая заявка.",no_existing_candidate_backed_pattern,10,False,"[""extra_letter_candidate"", ""frequent_error_exact"", ""keyboard_typo_candidate""]"
dictionary_fuzzy,Команда внесла територия в новая заявка перед встречей.,Команда внесла территория в новая заявка перед встречей.,no_existing_candidate_backed_pattern,10,False,"[""dictionary_fuzzy"", ""double_consonant_candidate""]"
dictionary_fuzzy,"Секретарь сохранил карова, потому что закрытый протокол был важен.","Секретарь сохранил корова, потому что закрытый протокол был важен.",no_existing_candidate_backed_pattern,12,False,"[""frequent_error_exact"", ""keyboard_typo_candidate"", ""missing_letter_candidate""]"
dictionary_fuzzy,"Эксперт отметил малако, когда читал закрытый протокол.","Эксперт отметил молоко, когда читал закрытый протокол.",no_existing_candidate_backed_pattern,10,False,"[""dictionary_fuzzy"", ""frequent_error_exact""]"
dictionary_fuzzy,Аналитик записал сабака и обновил закрытый протокол вечером.,Аналитик записал собака и обновил закрытый протокол вечером.,no_existing_candidate_backed_pattern,11,False,"[""extra_letter_candidate"", ""frequent_error_exact"", ""keyboard_typo_candidate""]"
dictionary_fuzzy,"Редактор проверил територия, когда готовил закрытый протокол.","Редактор проверил территория, когда готовил закрытый протокол.",no_existing_candidate_backed_pattern,9,False,"[""dictionary_fuzzy"", ""double_consonant_candidate""]"
dictionary_fuzzy,Автор увидел карова и открыл письменный договор утром.,Автор увидел корова и открыл письменный договор утром.,no_existing_candidate_backed_pattern,11,False,"[""frequent_error_exact"", ""keyboard_typo_candidate"", ""missing_letter_candidate""]"
dictionary_fuzzy,"Секретарь сохранил малако, потому что письменный договор был важен.","Секретарь сохранил молоко, потому что письменный договор был важен.",no_existing_candidate_backed_pattern,12,False,"[""dictionary_fuzzy"", ""frequent_error_exact""]"
dictionary_fuzzy,"Эксперт отметил сабака, когда читал письменный договор.","Эксперт отметил собака, когда читал письменный договор.",no_existing_candidate_backed_pattern,10,False,"[""extra_letter_candidate"", ""frequent_error_exact"", ""keyboard_typo_candidate""]"
dictionary_fuzzy,Аналитик записал територия и обновил письменный договор вечером.,Аналитик записал территория и обновил письменный договор вечером.,no_existing_candidate_backed_pattern,10,False,"[""dictionary_fuzzy"", ""double_consonant_candidate""]"
dictionary_fuzzy,Команда внесла карова в дежурный список перед встречей.,Команда внесла корова в дежурный список перед встречей.,no_existing_candidate_backed_pattern,11,False,"[""frequent_error_exact"", ""keyboard_typo_candidate"", ""missing_letter_candidate""]"
dictionary_fuzzy,Автор увидел малако и открыл дежурный список утром.,Автор увидел молоко и открыл дежурный список утром.,no_existing_candidate_backed_pattern,11,False,"[""dictionary_fuzzy"", ""frequent_error_exact""]"
dictionary_fuzzy,"Секретарь сохранил сабака, потому что дежурный список был важен.","Секретарь сохранил собака, потому что дежурный список был важен.",no_existing_candidate_backed_pattern,12,False,"[""extra_letter_candidate"", ""frequent_error_exact"", ""keyboard_typo_candidate""]"
dictionary_fuzzy,"Эксперт отметил територия, когда читал дежурный список.","Эксперт отметил территория, когда читал дежурный список.",no_existing_candidate_backed_pattern,9,False,"[""dictionary_fuzzy"", ""double_consonant_candidate""]"
double_consonant_candidate,Автор увидел проффесия и открыл рабочий отчет утром.,Автор увидел профессия и открыл рабочий отчет утром.,no_existing_candidate_backed_pattern,9,False,"[""dictionary_fuzzy""]"
double_consonant_candidate,"Редактор проверил проффесия, когда готовил новый документ.","Редактор проверил профессия, когда готовил новый документ.",no_existing_candidate_backed_pattern,8,False,"[""dictionary_fuzzy""]"
double_consonant_candidate,"Эксперт отметил проффесия, когда читал точный план.","Эксперт отметил профессия, когда читал точный план.",no_existing_candidate_backed_pattern,8,False,"[""dictionary_fuzzy""]"
double_consonant_candidate,Автор увидел проффесия и открыл городской архив утром.,Автор увидел профессия и открыл городской архив утром.,no_existing_candidate_backed_pattern,9,False,"[""dictionary_fuzzy""]"
double_consonant_candidate,"Редактор проверил проффесия, когда готовил утренний выпуск.","Редактор проверил профессия, когда готовил утренний выпуск.",no_existing_candidate_backed_pattern,8,False,"[""dictionary_fuzzy""]"
double_consonant_candidate,"Эксперт отметил проффесия, когда читал важный договор.","Эксперт отметил профессия, когда читал важный договор.",no_existing_candidate_backed_pattern,8,False,"[""dictionary_fuzzy""]"
double_consonant_candidate,Автор увидел проффесия и открыл короткая заметка утром.,Автор увидел профессия и открыл короткая заметка утром.,no_existing_candidate_backed_pattern,9,False,"[""dictionary_fuzzy""]"
double_consonant_candidate,"Редактор проверил проффесия, когда готовил итоговая таблица.","Редактор проверил профессия, когда готовил итоговая таблица.",no_existing_candidate_backed_pattern,8,False,"[""dictionary_fuzzy""]"
double_consonant_candidate,"Эксперт отметил проффесия, когда читал свежая сводка.","Эксперт отметил профессия, когда читал свежая сводка.",no_existing_candidate_backed_pattern,8,False,"[""dictionary_fuzzy""]"
double_consonant_candidate,Автор увидел проффесия и открыл открытая заявка утром.,Автор увидел профессия и открыл открытая заявка утром.,no_existing_candidate_backed_pattern,9,False,"[""dictionary_fuzzy""]"
double_consonant_candidate,"Редактор проверил проффесия, когда готовил письменный ответ.","Редактор проверил профессия, когда готовил письменный ответ.",no_existing_candidate_backed_pattern,8,False,"[""dictionary_fuzzy""]"
double_consonant_candidate,"Эксперт отметил проффесия, когда читал подробная справка.","Эксперт отметил профессия, когда читал подробная справка.",no_existing_candidate_backed_pattern,8,False,"[""dictionary_fuzzy""]"
double_consonant_candidate,Автор увидел проффесия и открыл районная комиссия утром.,Автор увидел профессия и открыл районная комиссия утром.,no_existing_candidate_backed_pattern,9,False,"[""dictionary_fuzzy""]"
double_consonant_candidate,"Редактор проверил проффесия, когда готовил финальный список.","Редактор проверил профессия, когда готовил финальный список.",no_existing_candidate_backed_pattern,8,False,"[""dictionary_fuzzy""]"
double_consonant_candidate,"Эксперт отметил проффесия, когда читал новая редакция.","Эксперт отметил профессия, когда читал новая редакция.",no_existing_candidate_backed_pattern,8,False,"[""dictionary_fuzzy""]"
double_consonant_candidate,Автор увидел проффесия и открыл архивная запись утром.,Автор увидел профессия и открыл архивная запись утром.,no_existing_candidate_backed_pattern,9,False,"[""dictionary_fuzzy""]"
double_consonant_candidate,"Редактор проверил проффесия, когда готовил дежурный редактор.","Редактор проверил профессия, когда готовил дежурный редактор.",no_existing_candidate_backed_pattern,8,False,"[""dictionary_fuzzy""]"
double_consonant_candidate,"Эксперт отметил проффесия, когда читал общий график.","Эксперт отметил профессия, когда читал общий график.",no_existing_candidate_backed_pattern,8,False,"[""dictionary_fuzzy""]"
double_consonant_candidate,Автор увидел проффесия и открыл плановая встреча утром.,Автор увидел профессия и открыл плановая встреча утром.,no_existing_candidate_backed_pattern,9,False,"[""dictionary_fuzzy""]"
double_consonant_candidate,"Редактор проверил проффесия, когда готовил осенняя проверка.","Редактор проверил профессия, когда готовил осенняя проверка.",no_existing_candidate_backed_pattern,8,False,"[""dictionary_fuzzy""]"
double_consonant_candidate,"Эксперт отметил проффесия, когда читал сводный отчет.","Эксперт отметил профессия, когда читал сводный отчет.",no_existing_candidate_backed_pattern,8,False,"[""dictionary_fuzzy""]"
double_consonant_candidate,Автор увидел проффесия и открыл важная подпись утром.,Автор увидел профессия и открыл важная подпись утром.,no_existing_candidate_backed_pattern,9,False,"[""dictionary_fuzzy""]"
double_consonant_candidate,"Редактор проверил проффесия, когда готовил рабочая группа.","Редактор проверил профессия, когда готовил рабочая группа.",no_existing_candidate_backed_pattern,8,False,"[""dictionary_fuzzy""]"
double_consonant_candidate,"Эксперт отметил проффесия, когда читал городская служба.","Эксперт отметил профессия, когда читал городская служба.",no_existing_candidate_backed_pattern,8,False,"[""dictionary_fuzzy""]"
double_consonant_candidate,Автор увидел проффесия и открыл новый раздел утром.,Автор увидел профессия и открыл новый раздел утром.,no_existing_candidate_backed_pattern,9,False,"[""dictionary_fuzzy""]"
double_consonant_candidate,"Редактор проверил проффесия, когда готовил учебная таблица.","Редактор проверил профессия, когда готовил учебная таблица.",no_existing_candidate_backed_pattern,8,False,"[""dictionary_fuzzy""]"
enumeration_colon,В отчете указаны три проблемы ошибки задержки и риски.,В отчете указаны три проблемы: ошибки задержки и риски.,no_existing_candidate_backed_pattern,9,False,[]
homogeneous_comma,Команда проверила отчеты письма и заявки.,"Команда проверила отчеты, письма и заявки.",no_existing_candidate_backed_pattern,6,False,[]
hyphen_whitelist,Он говорит по русски о документе. Позже редактор сохранил копию.,Он говорит по-русски о документе. Позже редактор сохранил копию.,no_existing_candidate_backed_pattern,14,False,"[""direct_speech_colon"", ""direct_speech_quotes"", ""hyphen_po_adverbs""]"
hyphen_whitelist,Кто нибудь отправит отчет утром. Утром комиссия вернулась к письму.,Кто-нибудь отправит отчет утром. Утром комиссия вернулась к письму.,no_existing_candidate_backed_pattern,11,False,"[""hyphen_particles""]"
hyphen_whitelist,Кое кто сохранил таблицу вечером. После встречи файл остался в архиве.,Кое-кто сохранил таблицу вечером. После встречи файл остался в архиве.,no_existing_candidate_backed_pattern,12,False,"[""hyphen_koe_koy""]"
hyphen_whitelist,Он говорит по русски о документе. Вечером автор обновил сводку.,Он говорит по-русски о документе. Вечером автор обновил сводку.,no_existing_candidate_backed_pattern,14,False,"[""direct_speech_colon"", ""direct_speech_quotes"", ""hyphen_po_adverbs""]"
hyphen_whitelist,Кто нибудь отправит отчет утром. Затем группа сверила подписи.,Кто-нибудь отправит отчет утром. Затем группа сверила подписи.,no_existing_candidate_backed_pattern,10,False,"[""hyphen_particles""]"
hyphen_whitelist,Кое кто сохранил таблицу вечером. Позже служба отправила ответ.,Кое-кто сохранил таблицу вечером. Позже служба отправила ответ.,no_existing_candidate_backed_pattern,10,False,"[""hyphen_koe_koy""]"
hyphen_whitelist,Он говорит по русски о документе. Утром секретарь открыл папку.,Он говорит по-русски о документе. Утром секретарь открыл папку.,no_existing_candidate_backed_pattern,14,False,"[""direct_speech_colon"", ""direct_speech_quotes"", ""hyphen_po_adverbs""]"
hyphen_whitelist,Кто нибудь отправит отчет утром. После проверки список закрыли.,Кто-нибудь отправит отчет утром. После проверки список закрыли.,no_existing_candidate_backed_pattern,10,False,"[""hyphen_particles""]"
hyphen_whitelist,Кое кто сохранил таблицу вечером. Вечером руководитель принял правки.,Кое-кто сохранил таблицу вечером. Вечером руководитель принял правки.,no_existing_candidate_backed_pattern,10,False,"[""hyphen_koe_koy""]"
hyphen_whitelist,Он говорит по русски о документе. Затем аналитик обновил запись.,Он говорит по-русски о документе. Затем аналитик обновил запись.,no_existing_candidate_backed_pattern,14,False,"[""direct_speech_colon"", ""direct_speech_quotes"", ""hyphen_po_adverbs""]"
hyphen_whitelist,Кто нибудь отправит отчет утром. Позже юрист согласовал договор.,Кто-нибудь отправит отчет утром. Позже юрист согласовал договор.,no_existing_candidate_backed_pattern,10,False,"[""hyphen_particles""]"
hyphen_whitelist,Кое кто сохранил таблицу вечером. Утром редакция выпустила заметку.,Кое-кто сохранил таблицу вечером. Утром редакция выпустила заметку.,no_existing_candidate_backed_pattern,10,False,"[""hyphen_koe_koy""]"
hyphen_whitelist,Он говорит по русски о документе. После совещания команда сверила сроки.,Он говорит по-русски о документе. После совещания команда сверила сроки.,no_existing_candidate_backed_pattern,15,False,"[""direct_speech_colon"", ""direct_speech_quotes"", ""hyphen_po_adverbs""]"
hyphen_whitelist,Кто нибудь отправит отчет утром. Вечером архивариус нашел копию.,Кто-нибудь отправит отчет утром. Вечером архивариус нашел копию.,no_existing_candidate_backed_pattern,10,False,"[""hyphen_particles""]"
hyphen_whitelist,Кое кто сохранил таблицу вечером. Затем отдел подготовил справку.,Кое-кто сохранил таблицу вечером. Затем отдел подготовил справку.,no_existing_candidate_backed_pattern,10,False,"[""hyphen_koe_koy""]"
hyphen_whitelist,Он говорит по русски о документе. Позже координатор закрыл заявку.,Он говорит по-русски о документе. Позже координатор закрыл заявку.,no_existing_candidate_backed_pattern,14,False,"[""direct_speech_colon"", ""direct_speech_quotes"", ""hyphen_po_adverbs""]"
hyphen_whitelist,Кто нибудь отправит отчет утром. Утром эксперт прочитал письмо.,Кто-нибудь отправит отчет утром. Утром эксперт прочитал письмо.,no_existing_candidate_backed_pattern,10,False,"[""hyphen_particles""]"
hyphen_whitelist,Кое кто сохранил таблицу вечером. После обеда комиссия уточнила вывод.,Кое-кто сохранил таблицу вечером. После обеда комиссия уточнила вывод.,no_existing_candidate_backed_pattern,11,False,"[""hyphen_koe_koy""]"
hyphen_whitelist,Он говорит по русски о документе. Вечером автор проверил таблицу.,Он говорит по-русски о документе. Вечером автор проверил таблицу.,no_existing_candidate_backed_pattern,14,False,"[""direct_speech_colon"", ""direct_speech_quotes"", ""hyphen_po_adverbs""]"
hyphen_whitelist,Кто нибудь отправит отчет утром. Затем редактор отправил файл.,Кто-нибудь отправит отчет утром. Затем редактор отправил файл.,no_existing_candidate_backed_pattern,10,False,"[""hyphen_particles""]"
hyphen_whitelist,Кое кто сохранил таблицу вечером. Позже группа обсудила договор.,Кое-кто сохранил таблицу вечером. Позже группа обсудила договор.,no_existing_candidate_backed_pattern,10,False,"[""hyphen_koe_koy""]"
hyphen_whitelist,Он говорит по русски о документе. Утром служба приняла заявку.,Он говорит по-русски о документе. Утром служба приняла заявку.,no_existing_candidate_backed_pattern,14,False,"[""direct_speech_colon"", ""direct_speech_quotes"", ""hyphen_po_adverbs""]"
hyphen_whitelist,Кто нибудь отправит отчет утром. После проверки руководитель подписал лист.,Кто-нибудь отправит отчет утром. После проверки руководитель подписал лист.,no_existing_candidate_backed_pattern,11,False,"[""hyphen_particles""]"
hyphen_whitelist,Кое кто сохранил таблицу вечером. Вечером секретарь обновил график.,Кое-кто сохранил таблицу вечером. Вечером секретарь обновил график.,no_existing_candidate_backed_pattern,10,False,"[""hyphen_koe_koy""]"
hyphen_whitelist,Он говорит по русски о документе. Затем эксперт сверил данные.,Он говорит по-русски о документе. Затем эксперт сверил данные.,no_existing_candidate_backed_pattern,14,False,"[""direct_speech_colon"", ""direct_speech_quotes"", ""hyphen_po_adverbs""]"
hyphen_whitelist,Кто нибудь отправит отчет утром. Позже редакция открыла архив.,Кто-нибудь отправит отчет утром. Позже редакция открыла архив.,no_existing_candidate_backed_pattern,10,False,"[""hyphen_particles""]"
hyphen_whitelist,Кое кто сохранил таблицу вечером. Утром автор исправил дату.,Кое-кто сохранил таблицу вечером. Утром автор исправил дату.,no_existing_candidate_backed_pattern,10,False,"[""hyphen_koe_koy""]"
hyphen_whitelist,Он говорит по русски о документе. После встречи отдел сохранил запись.,Он говорит по-русски о документе. После встречи отдел сохранил запись.,no_existing_candidate_backed_pattern,15,False,"[""direct_speech_colon"", ""direct_speech_quotes"", ""hyphen_po_adverbs""]"
hyphen_whitelist,Кто нибудь отправит отчет утром. Вечером комиссия закрыла вопрос.,Кто-нибудь отправит отчет утром. Вечером комиссия закрыла вопрос.,no_existing_candidate_backed_pattern,10,False,"[""hyphen_particles""]"
hyphen_whitelist,Кое кто сохранил таблицу вечером. Затем координатор отправил сводку.,Кое-кто сохранил таблицу вечером. Затем координатор отправил сводку.,no_existing_candidate_backed_pattern,10,False,"[""hyphen_koe_koy""]"
hyphen_whitelist,Он говорит по русски о документе. Позже аналитик проверил договор.,Он говорит по-русски о документе. Позже аналитик проверил договор.,no_existing_candidate_backed_pattern,14,False,"[""direct_speech_colon"", ""direct_speech_quotes"", ""hyphen_po_adverbs""]"
hyphen_whitelist,Кто нибудь отправит отчет утром. Утром редактор принял отчет.,Кто-нибудь отправит отчет утром. Утром редактор принял отчет.,no_existing_candidate_backed_pattern,10,False,"[""hyphen_particles""]"
hyphen_whitelist,Кое кто сохранил таблицу вечером. После обеда автор открыл журнал.,Кое-кто сохранил таблицу вечером. После обеда автор открыл журнал.,no_existing_candidate_backed_pattern,11,False,"[""hyphen_koe_koy""]"
hyphen_whitelist,Он говорит по русски о документе. Вечером отдел сверил ведомость.,Он говорит по-русски о документе. Вечером отдел сверил ведомость.,no_existing_candidate_backed_pattern,14,False,"[""direct_speech_colon"", ""direct_speech_quotes"", ""hyphen_po_adverbs""]"
hyphen_whitelist,Кто нибудь отправит отчет утром. Затем юрист обновил папку.,Кто-нибудь отправит отчет утром. Затем юрист обновил папку.,no_existing_candidate_backed_pattern,10,False,"[""hyphen_particles""]"
hyphen_whitelist,Кое кто сохранил таблицу вечером. Позже комиссия приняла справку.,Кое-кто сохранил таблицу вечером. Позже комиссия приняла справку.,no_existing_candidate_backed_pattern,10,False,"[""hyphen_koe_koy""]"
hyphen_whitelist,Он говорит по русски о документе. Утром группа закрыла протокол.,Он говорит по-русски о документе. Утром группа закрыла протокол.,no_existing_candidate_backed_pattern,14,False,"[""direct_speech_colon"", ""direct_speech_quotes"", ""hyphen_po_adverbs""]"
hyphen_whitelist,Кто нибудь отправит отчет утром. После встречи редактор сохранил таблицу.,Кто-нибудь отправит отчет утром. После встречи редактор сохранил таблицу.,no_existing_candidate_backed_pattern,11,False,"[""hyphen_particles""]"
hyphen_whitelist,Кое кто сохранил таблицу вечером. Вечером эксперт уточнил маршрут.,Кое-кто сохранил таблицу вечером. Вечером эксперт уточнил маршрут.,no_existing_candidate_backed_pattern,10,False,"[""hyphen_koe_koy""]"
hyphen_whitelist,Он говорит по русски о документе. Затем секретарь проверил журнал.,Он говорит по-русски о документе. Затем секретарь проверил журнал.,no_existing_candidate_backed_pattern,14,False,"[""direct_speech_colon"", ""direct_speech_quotes"", ""hyphen_po_adverbs""]"
hyphen_whitelist,Кто нибудь отправит отчет утром. Позже служба согласовала заявку.,Кто-нибудь отправит отчет утром. Позже служба согласовала заявку.,no_existing_candidate_backed_pattern,10,False,"[""hyphen_particles""]"
hyphen_whitelist,Кое кто сохранил таблицу вечером. Утром автор отправил письмо.,Кое-кто сохранил таблицу вечером. Утром автор отправил письмо.,no_existing_candidate_backed_pattern,10,False,"[""hyphen_koe_koy""]"
hyphen_whitelist,Он говорит по русски о документе. После проверки отдел обновил график.,Он говорит по-русски о документе. После проверки отдел обновил график.,no_existing_candidate_backed_pattern,15,False,"[""direct_speech_colon"", ""direct_speech_quotes"", ""hyphen_po_adverbs""]"
hyphen_whitelist,Кто нибудь отправит отчет утром. Вечером координатор принял ответ.,Кто-нибудь отправит отчет утром. Вечером координатор принял ответ.,no_existing_candidate_backed_pattern,10,False,"[""hyphen_particles""]"
hyphen_whitelist,Кое кто сохранил таблицу вечером. Затем комиссия открыла раздел.,Кое-кто сохранил таблицу вечером. Затем комиссия открыла раздел.,no_existing_candidate_backed_pattern,10,False,"[""hyphen_koe_koy""]"
hyphen_whitelist,Он говорит по русски о документе. Позже редактор сверил список.,Он говорит по-русски о документе. Позже редактор сверил список.,no_existing_candidate_backed_pattern,14,False,"[""direct_speech_colon"", ""direct_speech_quotes"", ""hyphen_po_adverbs""]"
hyphen_whitelist,Кто нибудь отправит отчет утром. Утром аналитик сохранил отчет.,Кто-нибудь отправит отчет утром. Утром аналитик сохранил отчет.,no_existing_candidate_backed_pattern,10,False,"[""hyphen_particles""]"
hyphen_whitelist,Кое кто сохранил таблицу вечером. После обеда юрист проверил подпись.,Кое-кто сохранил таблицу вечером. После обеда юрист проверил подпись.,no_existing_candidate_backed_pattern,11,False,"[""hyphen_koe_koy""]"
hyphen_whitelist,Он говорит по русски о документе. Вечером группа обновила запись.,Он говорит по-русски о документе. Вечером группа обновила запись.,no_existing_candidate_backed_pattern,14,False,"[""direct_speech_colon"", ""direct_speech_quotes"", ""hyphen_po_adverbs""]"
hyphen_whitelist,Кто нибудь отправит отчет утром. Затем служба закрыла вопрос.,Кто-нибудь отправит отчет утром. Затем служба закрыла вопрос.,no_existing_candidate_backed_pattern,10,False,"[""hyphen_particles""]"
hyphen_whitelist,Кое кто сохранил таблицу вечером. Позже эксперт согласовал таблицу.,Кое-кто сохранил таблицу вечером. Позже эксперт согласовал таблицу.,no_existing_candidate_backed_pattern,10,False,"[""hyphen_koe_koy""]"
hyphen_whitelist,Он говорит по русски о документе. Утром отдел отправил договор.,Он говорит по-русски о документе. Утром отдел отправил договор.,no_existing_candidate_backed_pattern,14,False,"[""direct_speech_colon"", ""direct_speech_quotes"", ""hyphen_po_adverbs""]"
hyphen_whitelist,Кто нибудь отправит отчет утром. После совещания автор уточнил дату.,Кто-нибудь отправит отчет утром. После совещания автор уточнил дату.,no_existing_candidate_backed_pattern,11,False,"[""hyphen_particles""]"
hyphen_whitelist,Кое кто сохранил таблицу вечером. Вечером редактор открыл протокол.,Кое-кто сохранил таблицу вечером. Вечером редактор открыл протокол.,no_existing_candidate_backed_pattern,10,False,"[""hyphen_koe_koy""]"
hyphen_whitelist,Он говорит по русски о документе. Затем координатор сверил журнал.,Он говорит по-русски о документе. Затем координатор сверил журнал.,no_existing_candidate_backed_pattern,14,False,"[""direct_speech_colon"", ""direct_speech_quotes"", ""hyphen_po_adverbs""]"
hyphen_whitelist,Кто нибудь отправит отчет утром. Позже комиссия сохранила решение.,Кто-нибудь отправит отчет утром. Позже комиссия сохранила решение.,no_existing_candidate_backed_pattern,10,False,"[""hyphen_particles""]"
hyphen_whitelist,Кое кто сохранил таблицу вечером. Утром секретарь проверил папку.,Кое-кто сохранил таблицу вечером. Утром секретарь проверил папку.,no_existing_candidate_backed_pattern,10,False,"[""hyphen_koe_koy""]"
hyphen_whitelist,Он говорит по русски о документе. После проверки аналитик принял сводку.,Он говорит по-русски о документе. После проверки аналитик принял сводку.,no_existing_candidate_backed_pattern,15,False,"[""direct_speech_colon"", ""direct_speech_quotes"", ""hyphen_po_adverbs""]"
hyphen_whitelist,Кто нибудь отправит отчет утром. Вечером служба обновила список.,Кто-нибудь отправит отчет утром. Вечером служба обновила список.,no_existing_candidate_backed_pattern,10,False,"[""hyphen_particles""]"
hyphen_whitelist,Кое кто сохранил таблицу вечером. Затем юрист отправил письмо.,Кое-кто сохранил таблицу вечером. Затем юрист отправил письмо.,no_existing_candidate_backed_pattern,10,False,"[""hyphen_koe_koy""]"
hyphen_whitelist,Он говорит по русски о документе. Позже отдел согласовал график.,Он говорит по-русски о документе. Позже отдел согласовал график.,no_existing_candidate_backed_pattern,14,False,"[""direct_speech_colon"", ""direct_speech_quotes"", ""hyphen_po_adverbs""]"
hyphen_whitelist,Кто нибудь отправит отчет утром. Утром редакция сверила выпуск.,Кто-нибудь отправит отчет утром. Утром редакция сверила выпуск.,no_existing_candidate_backed_pattern,10,False,"[""hyphen_particles""]"
hyphen_whitelist,Кое кто сохранил таблицу вечером. После встречи эксперт закрыл заявку.,Кое-кто сохранил таблицу вечером. После встречи эксперт закрыл заявку.,no_existing_candidate_backed_pattern,11,False,"[""hyphen_koe_koy""]"
hyphen_whitelist,Он говорит по русски о документе. Вечером автор сохранил раздел.,Он говорит по-русски о документе. Вечером автор сохранил раздел.,no_existing_candidate_backed_pattern,14,False,"[""direct_speech_colon"", ""direct_speech_quotes"", ""hyphen_po_adverbs""]"
hyphen_whitelist,Кто нибудь отправит отчет утром. Затем группа проверила договор.,Кто-нибудь отправит отчет утром. Затем группа проверила договор.,no_existing_candidate_backed_pattern,10,False,"[""hyphen_particles""]"
hyphen_whitelist,Кое кто сохранил таблицу вечером. Позже секретарь уточнил таблицу.,Кое-кто сохранил таблицу вечером. Позже секретарь уточнил таблицу.,no_existing_candidate_backed_pattern,10,False,"[""hyphen_koe_koy""]"
hyphen_whitelist,Он говорит по русски о документе. Утром комиссия открыла журнал.,Он говорит по-русски о документе. Утром комиссия открыла журнал.,no_existing_candidate_backed_pattern,14,False,"[""direct_speech_colon"", ""direct_speech_quotes"", ""hyphen_po_adverbs""]"
hyphen_whitelist,Кто нибудь отправит отчет утром. После обеда координатор принял протокол.,Кто-нибудь отправит отчет утром. После обеда координатор принял протокол.,no_existing_candidate_backed_pattern,11,False,"[""hyphen_particles""]"
hyphen_whitelist,Кое кто сохранил таблицу вечером. Вечером аналитик сверил письмо.,Кое-кто сохранил таблицу вечером. Вечером аналитик сверил письмо.,no_existing_candidate_backed_pattern,10,False,"[""hyphen_koe_koy""]"
hyphen_whitelist,Он говорит по русски о документе. Затем редактор обновил дату.,Он говорит по-русски о документе. Затем редактор обновил дату.,no_existing_candidate_backed_pattern,14,False,"[""direct_speech_colon"", ""direct_speech_quotes"", ""hyphen_po_adverbs""]"
hyphen_whitelist,Кто нибудь отправит отчет утром. Позже служба проверила запись.,Кто-нибудь отправит отчет утром. Позже служба проверила запись.,no_existing_candidate_backed_pattern,10,False,"[""hyphen_particles""]"
hyphen_whitelist,Кое кто сохранил таблицу вечером. Утром юрист сохранил справку.,Кое-кто сохранил таблицу вечером. Утром юрист сохранил справку.,no_existing_candidate_backed_pattern,10,False,"[""hyphen_koe_koy""]"
hyphen_whitelist,Он говорит по русски о документе. После проверки автор отправил отчет.,Он говорит по-русски о документе. После проверки автор отправил отчет.,no_existing_candidate_backed_pattern,15,False,"[""direct_speech_colon"", ""direct_speech_quotes"", ""hyphen_po_adverbs""]"
hyphen_whitelist,Кто нибудь отправит отчет утром. Вечером отдел открыл папку.,Кто-нибудь отправит отчет утром. Вечером отдел открыл папку.,no_existing_candidate_backed_pattern,10,False,"[""hyphen_particles""]"
hyphen_whitelist,Кое кто сохранил таблицу вечером. Затем эксперт согласовал список.,Кое-кто сохранил таблицу вечером. Затем эксперт согласовал список.,no_existing_candidate_backed_pattern,10,False,"[""hyphen_koe_koy""]"
hyphen_whitelist,Он говорит по русски о документе. Позже координатор обновил ведомость.,Он говорит по-русски о документе. Позже координатор обновил ведомость.,no_existing_candidate_backed_pattern,14,False,"[""direct_speech_colon"", ""direct_speech_quotes"", ""hyphen_po_adverbs""]"
hyphen_whitelist,Кто нибудь отправит отчет утром. Утром группа приняла решение.,Кто-нибудь отправит отчет утром. Утром группа приняла решение.,no_existing_candidate_backed_pattern,10,False,"[""hyphen_particles""]"
hyphen_whitelist,Кое кто сохранил таблицу вечером. После встречи редакция проверила маршрут.,Кое-кто сохранил таблицу вечером. После встречи редакция проверила маршрут.,no_existing_candidate_backed_pattern,11,False,"[""hyphen_koe_koy""]"
hyphen_whitelist,Он говорит по русски о документе. Вечером комиссия сохранила таблицу.,Он говорит по-русски о документе. Вечером комиссия сохранила таблицу.,no_existing_candidate_backed_pattern,14,False,"[""direct_speech_colon"", ""direct_speech_quotes"", ""hyphen_po_adverbs""]"
hyphen_whitelist,Кто нибудь отправит отчет утром. Затем секретарь закрыл раздел.,Кто-нибудь отправит отчет утром. Затем секретарь закрыл раздел.,no_existing_candidate_backed_pattern,10,False,"[""hyphen_particles""]"
hyphen_whitelist,Кое кто сохранил таблицу вечером. Позже аналитик отправил сводку.,Кое-кто сохранил таблицу вечером. Позже аналитик отправил сводку.,no_existing_candidate_backed_pattern,10,False,"[""hyphen_koe_koy""]"
hyphen_whitelist,Он говорит по русски о документе. Утром служба уточнила график.,Он говорит по-русски о документе. Утром служба уточнила график.,no_existing_candidate_backed_pattern,14,False,"[""direct_speech_colon"", ""direct_speech_quotes"", ""hyphen_po_adverbs""]"
hyphen_whitelist,Кто нибудь отправит отчет утром. После обеда редактор принял письмо.,Кто-нибудь отправит отчет утром. После обеда редактор принял письмо.,no_existing_candidate_backed_pattern,11,False,"[""hyphen_particles""]"
hyphen_whitelist,Кое кто сохранил таблицу вечером. Вечером юрист сверил договор.,Кое-кто сохранил таблицу вечером. Вечером юрист сверил договор.,no_existing_candidate_backed_pattern,10,False,"[""hyphen_koe_koy""]"
hyphen_whitelist,Он говорит по русски о документе. Затем отдел сохранил журнал.,Он говорит по-русски о документе. Затем отдел сохранил журнал.,no_existing_candidate_backed_pattern,14,False,"[""direct_speech_colon"", ""direct_speech_quotes"", ""hyphen_po_adverbs""]"
hyphen_whitelist,Кто нибудь отправит отчет утром. Позже автор проверил подпись.,Кто-нибудь отправит отчет утром. Позже автор проверил подпись.,no_existing_candidate_backed_pattern,10,False,"[""hyphen_particles""]"
hyphen_whitelist,Кое кто сохранил таблицу вечером. Утром эксперт обновил протокол.,Кое-кто сохранил таблицу вечером. Утром эксперт обновил протокол.,no_existing_candidate_backed_pattern,10,False,"[""hyphen_koe_koy""]"
hyphen_whitelist,Он говорит по русски о документе. После проверки комиссия отправила ответ.,Он говорит по-русски о документе. После проверки комиссия отправила ответ.,no_existing_candidate_backed_pattern,15,False,"[""direct_speech_colon"", ""direct_speech_quotes"", ""hyphen_po_adverbs""]"
hyphen_whitelist,Кто нибудь отправит отчет утром. Вечером координатор открыл список.,Кто-нибудь отправит отчет утром. Вечером координатор открыл список.,no_existing_candidate_backed_pattern,10,False,"[""hyphen_particles""]"
hyphen_whitelist,Кое кто сохранил таблицу вечером. Затем редакция согласовала выпуск.,Кое-кто сохранил таблицу вечером. Затем редакция согласовала выпуск.,no_existing_candidate_backed_pattern,10,False,"[""hyphen_koe_koy""]"
hyphen_whitelist,Он говорит по русски о документе. Позже группа сохранила папку.,Он говорит по-русски о документе. Позже группа сохранила папку.,no_existing_candidate_backed_pattern,14,False,"[""direct_speech_colon"", ""direct_speech_quotes"", ""hyphen_po_adverbs""]"
hyphen_whitelist,Кто нибудь отправит отчет утром. Утром аналитик проверил заявку.,Кто-нибудь отправит отчет утром. Утром аналитик проверил заявку.,no_existing_candidate_backed_pattern,10,False,"[""hyphen_particles""]"
hyphen_whitelist,Кое кто сохранил таблицу вечером. После встречи служба приняла справку.,Кое-кто сохранил таблицу вечером. После встречи служба приняла справку.,no_existing_candidate_backed_pattern,11,False,"[""hyphen_koe_koy""]"
hyphen_whitelist,Он говорит по русски о документе. Вечером секретарь отправил письмо.,Он говорит по-русски о документе. Вечером секретарь отправил письмо.,no_existing_candidate_backed_pattern,14,False,"[""direct_speech_colon"", ""direct_speech_quotes"", ""hyphen_po_adverbs""]"
hyphen_whitelist,Кто нибудь отправит отчет утром. Затем юрист обновил решение.,Кто-нибудь отправит отчет утром. Затем юрист обновил решение.,no_existing_candidate_backed_pattern,10,False,"[""hyphen_particles""]"
hyphen_whitelist,Кое кто сохранил таблицу вечером. Позже отдел сверил таблицу.,Кое-кто сохранил таблицу вечером. Позже отдел сверил таблицу.,no_existing_candidate_backed_pattern,10,False,"[""hyphen_koe_koy""]"
hyphen_whitelist,Он говорит по русски о документе. Утром автор закрыл вопрос.,Он говорит по-русски о документе. Утром автор закрыл вопрос.,no_existing_candidate_backed_pattern,14,False,"[""direct_speech_colon"", ""direct_speech_quotes"", ""hyphen_po_adverbs""]"
hyphen_whitelist,Кто нибудь отправит отчет утром. Позже редактор сохранил копию.,Кто-нибудь отправит отчет утром. Позже редактор сохранил копию.,no_existing_candidate_backed_pattern,10,False,"[""hyphen_particles""]"
hyphen_whitelist,Кое кто сохранил таблицу вечером. Утром комиссия вернулась к письму.,Кое-кто сохранил таблицу вечером. Утром комиссия вернулась к письму.,no_existing_candidate_backed_pattern,11,False,"[""hyphen_koe_koy""]"
hyphen_whitelist,Он говорит по русски о документе. После встречи файл остался в архиве.,Он говорит по-русски о документе. После встречи файл остался в архиве.,no_existing_candidate_backed_pattern,16,False,"[""direct_speech_colon"", ""direct_speech_quotes"", ""hyphen_po_adverbs""]"
hyphen_whitelist,Кто нибудь отправит отчет утром. Вечером автор обновил сводку.,Кто-нибудь отправит отчет утром. Вечером автор обновил сводку.,no_existing_candidate_backed_pattern,10,False,"[""hyphen_particles""]"
hyphen_whitelist,Кое кто сохранил таблицу вечером. Затем группа сверила подписи.,Кое-кто сохранил таблицу вечером. Затем группа сверила подписи.,no_existing_candidate_backed_pattern,10,False,"[""hyphen_koe_koy""]"
hyphen_whitelist,Он говорит по русски о документе. Позже служба отправила ответ.,Он говорит по-русски о документе. Позже служба отправила ответ.,no_existing_candidate_backed_pattern,14,False,"[""direct_speech_colon"", ""direct_speech_quotes"", ""hyphen_po_adverbs""]"
hyphen_whitelist,Кто нибудь отправит отчет утром. Утром секретарь открыл папку.,Кто-нибудь отправит отчет утром. Утром секретарь открыл папку.,no_existing_candidate_backed_pattern,10,False,"[""hyphen_particles""]"
hyphen_whitelist,Кое кто сохранил таблицу вечером. После проверки список закрыли.,Кое-кто сохранил таблицу вечером. После проверки список закрыли.,no_existing_candidate_backed_pattern,10,False,"[""hyphen_koe_koy""]"
hyphen_whitelist,Он говорит по русски о документе. Вечером руководитель принял правки.,Он говорит по-русски о документе. Вечером руководитель принял правки.,no_existing_candidate_backed_pattern,14,False,"[""direct_speech_colon"", ""direct_speech_quotes"", ""hyphen_po_adverbs""]"
hyphen_whitelist,Кто нибудь отправит отчет утром. Затем аналитик обновил запись.,Кто-нибудь отправит отчет утром. Затем аналитик обновил запись.,no_existing_candidate_backed_pattern,10,False,"[""hyphen_particles""]"
hyphen_whitelist,Кое кто сохранил таблицу вечером. Позже юрист согласовал договор.,Кое-кто сохранил таблицу вечером. Позже юрист согласовал договор.,no_existing_candidate_backed_pattern,10,False,"[""hyphen_koe_koy""]"
hyphen_whitelist,Он говорит по русски о документе. Утром редакция выпустила заметку.,Он говорит по-русски о документе. Утром редакция выпустила заметку.,no_existing_candidate_backed_pattern,14,False,"[""direct_speech_colon"", ""direct_speech_quotes"", ""hyphen_po_adverbs""]"
hyphen_whitelist,Кто нибудь отправит отчет утром. После совещания команда сверила сроки.,Кто-нибудь отправит отчет утром. После совещания команда сверила сроки.,no_existing_candidate_backed_pattern,11,False,"[""hyphen_particles""]"
hyphen_whitelist,Кое кто сохранил таблицу вечером. Вечером архивариус нашел копию.,Кое-кто сохранил таблицу вечером. Вечером архивариус нашел копию.,no_existing_candidate_backed_pattern,10,False,"[""hyphen_koe_koy""]"
hyphen_whitelist,Он говорит по русски о документе. Затем отдел подготовил справку.,Он говорит по-русски о документе. Затем отдел подготовил справку.,no_existing_candidate_backed_pattern,14,False,"[""direct_speech_colon"", ""direct_speech_quotes"", ""hyphen_po_adverbs""]"
hyphen_whitelist,Кто нибудь отправит отчет утром. Позже координатор закрыл заявку.,Кто-нибудь отправит отчет утром. Позже координатор закрыл заявку.,no_existing_candidate_backed_pattern,10,False,"[""hyphen_particles""]"
hyphen_whitelist,Кое кто сохранил таблицу вечером. Утром эксперт прочитал письмо.,Кое-кто сохранил таблицу вечером. Утром эксперт прочитал письмо.,no_existing_candidate_backed_pattern,10,False,"[""hyphen_koe_koy""]"
hyphen_whitelist,Он говорит по русски о документе. После обеда комиссия уточнила вывод.,Он говорит по-русски о документе. После обеда комиссия уточнила вывод.,no_existing_candidate_backed_pattern,15,False,"[""direct_speech_colon"", ""direct_speech_quotes"", ""hyphen_po_adverbs""]"
hyphen_whitelist,Кто нибудь отправит отчет утром. Вечером автор проверил таблицу.,Кто-нибудь отправит отчет утром. Вечером автор проверил таблицу.,no_existing_candidate_backed_pattern,10,False,"[""hyphen_particles""]"
hyphen_whitelist,Кое кто сохранил таблицу вечером. Затем редактор отправил файл.,Кое-кто сохранил таблицу вечером. Затем редактор отправил файл.,no_existing_candidate_backed_pattern,10,False,"[""hyphen_koe_koy""]"
hyphen_whitelist,Он говорит по русски о документе. Позже группа обсудила договор.,Он говорит по-русски о документе. Позже группа обсудила договор.,no_existing_candidate_backed_pattern,14,False,"[""direct_speech_colon"", ""direct_speech_quotes"", ""hyphen_po_adverbs""]"
hyphen_whitelist,Кто нибудь отправит отчет утром. Утром служба приняла заявку.,Кто-нибудь отправит отчет утром. Утром служба приняла заявку.,no_existing_candidate_backed_pattern,10,False,"[""hyphen_particles""]"
hyphen_whitelist,Кое кто сохранил таблицу вечером. После проверки руководитель подписал лист.,Кое-кто сохранил таблицу вечером. После проверки руководитель подписал лист.,no_existing_candidate_backed_pattern,11,False,"[""hyphen_koe_koy""]"
introductory_comma,По-видимому рабочий отчет изменился вечером. Вечером автор обновил сводку.,"По-видимому, рабочий отчет изменился вечером. Вечером автор обновил сводку.",no_supported_edit,9,False,[]
introductory_comma,По-видимому новый документ изменился вечером. Затем аналитик обновил запись.,"По-видимому, новый документ изменился вечером. Затем аналитик обновил запись.",no_supported_edit,9,False,[]
introductory_comma,По-видимому точный план изменился вечером. Позже координатор закрыл заявку.,"По-видимому, точный план изменился вечером. Позже координатор закрыл заявку.",no_supported_edit,9,False,[]
introductory_comma,По-видимому городской архив изменился вечером. Утром служба приняла заявку.,"По-видимому, городской архив изменился вечером. Утром служба приняла заявку.",no_supported_edit,9,False,[]
introductory_comma,По-видимому утренний выпуск изменился вечером. После встречи отдел сохранил запись.,"По-видимому, утренний выпуск изменился вечером. После встречи отдел сохранил запись.",no_supported_edit,10,False,[]
introductory_comma,По-видимому важный договор изменился вечером. Вечером отдел сверил ведомость.,"По-видимому, важный договор изменился вечером. Вечером отдел сверил ведомость.",no_supported_edit,9,False,[]
introductory_comma,По-видимому короткая заметка изменился вечером. Затем секретарь проверил журнал.,"По-видимому, короткая заметка изменился вечером. Затем секретарь проверил журнал.",no_supported_edit,9,False,[]
introductory_comma,По-видимому итоговая таблица изменился вечером. Позже редактор сверил список.,"По-видимому, итоговая таблица изменился вечером. Позже редактор сверил список.",no_supported_edit,9,False,[]
introductory_comma,По-видимому свежая сводка изменился вечером. Утром отдел отправил договор.,"По-видимому, свежая сводка изменился вечером. Утром отдел отправил договор.",no_supported_edit,9,False,[]
introductory_comma,По-видимому открытая заявка изменился вечером. После проверки аналитик принял сводку.,"По-видимому, открытая заявка изменился вечером. После проверки аналитик принял сводку.",no_supported_edit,10,False,[]
introductory_comma,По-видимому письменный ответ изменился вечером. Вечером автор сохранил раздел.,"По-видимому, письменный ответ изменился вечером. Вечером автор сохранил раздел.",no_supported_edit,9,False,[]
introductory_comma,По-видимому подробная справка изменился вечером. Затем редактор обновил дату.,"По-видимому, подробная справка изменился вечером. Затем редактор обновил дату.",no_supported_edit,9,False,[]
introductory_comma,По-видимому районная комиссия изменился вечером. Позже координатор обновил ведомость.,"По-видимому, районная комиссия изменился вечером. Позже координатор обновил ведомость.",no_supported_edit,9,False,[]
introductory_comma,По-видимому финальный список изменился вечером. Утром служба уточнила график.,"По-видимому, финальный список изменился вечером. Утром служба уточнила график.",no_supported_edit,9,False,[]
introductory_comma,По-видимому новая редакция изменился вечером. После проверки комиссия отправила ответ.,"По-видимому, новая редакция изменился вечером. После проверки комиссия отправила ответ.",no_supported_edit,10,False,[]
introductory_comma,По-видимому архивная запись изменился вечером. Вечером секретарь отправил письмо.,"По-видимому, архивная запись изменился вечером. Вечером секретарь отправил письмо.",no_supported_edit,9,False,[]
introductory_comma,По-видимому дежурный редактор изменился вечером. После встречи файл остался в архиве.,"По-видимому, дежурный редактор изменился вечером. После встречи файл остался в архиве.",no_supported_edit,11,False,[]
introductory_comma,По-видимому общий график изменился вечером. Вечером руководитель принял правки.,"По-видимому, общий график изменился вечером. Вечером руководитель принял правки.",no_supported_edit,9,False,[]
introductory_comma,По-видимому плановая встреча изменился вечером. Затем отдел подготовил справку.,"По-видимому, плановая встреча изменился вечером. Затем отдел подготовил справку.",no_supported_edit,9,False,[]
introductory_comma,По-видимому осенняя проверка изменился вечером. Позже группа обсудила договор.,"По-видимому, осенняя проверка изменился вечером. Позже группа обсудила договор.",no_supported_edit,9,False,[]
introductory_comma,По-видимому сводный отчет изменился вечером. Утром автор исправил дату.,"По-видимому, сводный отчет изменился вечером. Утром автор исправил дату.",no_supported_edit,9,False,[]
introductory_comma,По-видимому важная подпись изменился вечером. После обеда автор открыл журнал.,"По-видимому, важная подпись изменился вечером. После обеда автор открыл журнал.",no_supported_edit,10,False,[]
introductory_comma,По-видимому рабочая группа изменился вечером. Вечером эксперт уточнил маршрут.,"По-видимому, рабочая группа изменился вечером. Вечером эксперт уточнил маршрут.",no_supported_edit,9,False,[]
introductory_comma,По-видимому городская служба изменился вечером. Затем комиссия открыла раздел.,"По-видимому, городская служба изменился вечером. Затем комиссия открыла раздел.",no_supported_edit,9,False,[]
introductory_comma,По-видимому новый раздел изменился вечером. Позже эксперт согласовал таблицу.,"По-видимому, новый раздел изменился вечером. Позже эксперт согласовал таблицу.",no_supported_edit,9,False,[]
introductory_comma,По-видимому учебная таблица изменился вечером. Утром секретарь проверил папку.,"По-видимому, учебная таблица изменился вечером. Утром секретарь проверил папку.",no_supported_edit,9,False,[]
introductory_comma,По-видимому вечерний протокол изменился вечером. После встречи эксперт закрыл заявку.,"По-видимому, вечерний протокол изменился вечером. После встречи эксперт закрыл заявку.",no_supported_edit,10,False,[]
introductory_comma,По-видимому проверенный файл изменился вечером. Вечером аналитик сверил письмо.,"По-видимому, проверенный файл изменился вечером. Вечером аналитик сверил письмо.",no_supported_edit,9,False,[]
introductory_comma,По-видимому согласованный договор изменился вечером. Затем эксперт согласовал список.,"По-видимому, согласованный договор изменился вечером. Затем эксперт согласовал список.",no_supported_edit,9,False,[]
introductory_comma,По-видимому подготовленный список изменился вечером. Позже аналитик отправил сводку.,"По-видимому, подготовленный список изменился вечером. Позже аналитик отправил сводку.",no_supported_edit,9,False,[]
introductory_comma,По-видимому закрытая заявка изменился вечером. Утром эксперт обновил протокол.,"По-видимому, закрытая заявка изменился вечером. Утром эксперт обновил протокол.",no_supported_edit,9,False,[]
introductory_comma,По-видимому длинная запись изменился вечером. После встречи служба приняла справку.,"По-видимому, длинная запись изменился вечером. После встречи служба приняла справку.",no_supported_edit,10,False,[]
introductory_comma,По-видимому обновленный журнал изменился вечером. Утром комиссия вернулась к письму.,"По-видимому, обновленный журнал изменился вечером. Утром комиссия вернулась к письму.",no_supported_edit,10,False,[]
introductory_comma,По-видимому северный филиал изменился вечером. После проверки список закрыли.,"По-видимому, северный филиал изменился вечером. После проверки список закрыли.",no_supported_edit,9,False,[]
introductory_comma,По-видимому зимнее расписание изменился вечером. Вечером архивариус нашел копию.,"По-видимому, зимнее расписание изменился вечером. Вечером архивариус нашел копию.",no_supported_edit,9,False,[]
introductory_comma,По-видимому летняя проверка изменился вечером. Затем редактор отправил файл.,"По-видимому, летняя проверка изменился вечером. Затем редактор отправил файл.",no_supported_edit,9,False,[]
introductory_comma,По-видимому районный протокол изменился вечером. Позже редакция открыла архив.,"По-видимому, районный протокол изменился вечером. Позже редакция открыла архив.",no_supported_edit,9,False,[]
introductory_comma,По-видимому входящее письмо изменился вечером. Утром редактор принял отчет.,"По-видимому, входящее письмо изменился вечером. Утром редактор принял отчет.",no_supported_edit,9,False,[]
introductory_comma,По-видимому старый договор изменился вечером. После встречи редактор сохранил таблицу.,"По-видимому, старый договор изменился вечером. После встречи редактор сохранил таблицу.",no_supported_edit,10,False,[]
introductory_comma,По-видимому новая таблица изменился вечером. Вечером координатор принял ответ.,"По-видимому, новая таблица изменился вечером. Вечером координатор принял ответ.",no_supported_edit,9,False,[]
keyboard_typo_candidate,"Секретарь сохранил слбака, потому что рабочий отчет был важен.","Секретарь сохранил собака, потому что рабочий отчет был важен.",no_supported_edit,11,False,"[""dictionary_fuzzy"", ""missing_letter_candidate""]"
keyboard_typo_candidate,Команда внесла слбака в новый документ перед встречей.,Команда внесла собака в новый документ перед встречей.,no_supported_edit,10,False,"[""dictionary_fuzzy"", ""missing_letter_candidate""]"
keyboard_typo_candidate,Аналитик записал слбака и обновил точный план вечером.,Аналитик записал собака и обновил точный план вечером.,no_supported_edit,10,False,"[""dictionary_fuzzy"", ""missing_letter_candidate""]"
keyboard_typo_candidate,"Секретарь сохранил слбака, потому что городской архив был важен.","Секретарь сохранил собака, потому что городской архив был важен.",no_supported_edit,11,False,"[""dictionary_fuzzy"", ""missing_letter_candidate""]"
keyboard_typo_candidate,Команда внесла слбака в утренний выпуск перед встречей.,Команда внесла собака в утренний выпуск перед встречей.,no_supported_edit,10,False,"[""dictionary_fuzzy"", ""missing_letter_candidate""]"
keyboard_typo_candidate,Аналитик записал слбака и обновил важный договор вечером.,Аналитик записал собака и обновил важный договор вечером.,no_supported_edit,10,False,"[""dictionary_fuzzy"", ""missing_letter_candidate""]"
keyboard_typo_candidate,"Секретарь сохранил слбака, потому что короткая заметка был важен.","Секретарь сохранил собака, потому что короткая заметка был важен.",no_supported_edit,11,False,"[""dictionary_fuzzy"", ""missing_letter_candidate""]"
keyboard_typo_candidate,Команда внесла слбака в итоговая таблица перед встречей.,Команда внесла собака в итоговая таблица перед встречей.,no_supported_edit,10,False,"[""dictionary_fuzzy"", ""missing_letter_candidate""]"
keyboard_typo_candidate,Аналитик записал слбака и обновил свежая сводка вечером.,Аналитик записал собака и обновил свежая сводка вечером.,no_supported_edit,10,False,"[""dictionary_fuzzy"", ""missing_letter_candidate""]"
keyboard_typo_candidate,"Секретарь сохранил слбака, потому что открытая заявка был важен.","Секретарь сохранил собака, потому что открытая заявка был важен.",no_supported_edit,11,False,"[""dictionary_fuzzy"", ""missing_letter_candidate""]"
keyboard_typo_candidate,Команда внесла слбака в письменный ответ перед встречей.,Команда внесла собака в письменный ответ перед встречей.,no_supported_edit,10,False,"[""dictionary_fuzzy"", ""missing_letter_candidate""]"
keyboard_typo_candidate,Аналитик записал слбака и обновил подробная справка вечером.,Аналитик записал собака и обновил подробная справка вечером.,no_supported_edit,10,False,"[""dictionary_fuzzy"", ""missing_letter_candidate""]"
keyboard_typo_candidate,"Секретарь сохранил слбака, потому что районная комиссия был важен.","Секретарь сохранил собака, потому что районная комиссия был важен.",no_supported_edit,11,False,"[""dictionary_fuzzy"", ""missing_letter_candidate""]"
keyboard_typo_candidate,Команда внесла слбака в финальный список перед встречей.,Команда внесла собака в финальный список перед встречей.,no_supported_edit,10,False,"[""dictionary_fuzzy"", ""missing_letter_candidate""]"
keyboard_typo_candidate,Аналитик записал слбака и обновил новая редакция вечером.,Аналитик записал собака и обновил новая редакция вечером.,no_supported_edit,10,False,"[""dictionary_fuzzy"", ""missing_letter_candidate""]"
keyboard_typo_candidate,"Секретарь сохранил слбака, потому что архивная запись был важен.","Секретарь сохранил собака, потому что архивная запись был важен.",no_supported_edit,11,False,"[""dictionary_fuzzy"", ""missing_letter_candidate""]"
keyboard_typo_candidate,Команда внесла слбака в дежурный редактор перед встречей.,Команда внесла собака в дежурный редактор перед встречей.,no_supported_edit,10,False,"[""dictionary_fuzzy"", ""missing_letter_candidate""]"
keyboard_typo_candidate,Аналитик записал слбака и обновил общий график вечером.,Аналитик записал собака и обновил общий график вечером.,no_supported_edit,10,False,"[""dictionary_fuzzy"", ""missing_letter_candidate""]"
keyboard_typo_candidate,"Секретарь сохранил слбака, потому что плановая встреча был важен.","Секретарь сохранил собака, потому что плановая встреча был важен.",no_supported_edit,11,False,"[""dictionary_fuzzy"", ""missing_letter_candidate""]"
keyboard_typo_candidate,Команда внесла слбака в осенняя проверка перед встречей.,Команда внесла собака в осенняя проверка перед встречей.,no_supported_edit,10,False,"[""dictionary_fuzzy"", ""missing_letter_candidate""]"
keyboard_typo_candidate,Аналитик записал слбака и обновил сводный отчет вечером.,Аналитик записал собака и обновил сводный отчет вечером.,no_supported_edit,10,False,"[""dictionary_fuzzy"", ""missing_letter_candidate""]"
keyboard_typo_candidate,"Секретарь сохранил слбака, потому что важная подпись был важен.","Секретарь сохранил собака, потому что важная подпись был важен.",no_supported_edit,11,False,"[""dictionary_fuzzy"", ""missing_letter_candidate""]"
keyboard_typo_candidate,Команда внесла слбака в рабочая группа перед встречей.,Команда внесла собака в рабочая группа перед встречей.,no_supported_edit,10,False,"[""dictionary_fuzzy"", ""missing_letter_candidate""]"
keyboard_typo_candidate,Аналитик записал слбака и обновил городская служба вечером.,Аналитик записал собака и обновил городская служба вечером.,no_supported_edit,10,False,"[""dictionary_fuzzy"", ""missing_letter_candidate""]"
keyboard_typo_candidate,"Секретарь сохранил слбака, потому что новый раздел был важен.","Секретарь сохранил собака, потому что новый раздел был важен.",no_supported_edit,11,False,"[""dictionary_fuzzy"", ""missing_letter_candidate""]"
keyboard_typo_candidate,Команда внесла слбака в учебная таблица перед встречей.,Команда внесла собака в учебная таблица перед встречей.,no_supported_edit,10,False,"[""dictionary_fuzzy"", ""missing_letter_candidate""]"
missing_letter_candidate,Команда внесла корва в рабочий отчет перед встречей.,Команда внесла корова в рабочий отчет перед встречей.,no_supported_edit,10,False,"[""keyboard_typo_candidate""]"
missing_letter_candidate,Аналитик записал корва и обновил новый документ вечером.,Аналитик записал корова и обновил новый документ вечером.,no_supported_edit,10,False,"[""keyboard_typo_candidate""]"
missing_letter_candidate,"Секретарь сохранил корва, потому что точный план был важен.","Секретарь сохранил корова, потому что точный план был важен.",no_supported_edit,11,False,"[""keyboard_typo_candidate""]"
missing_letter_candidate,Команда внесла корва в городской архив перед встречей.,Команда внесла корова в городской архив перед встречей.,no_supported_edit,10,False,"[""keyboard_typo_candidate""]"
missing_letter_candidate,Аналитик записал корва и обновил утренний выпуск вечером.,Аналитик записал корова и обновил утренний выпуск вечером.,no_supported_edit,10,False,"[""keyboard_typo_candidate""]"
missing_letter_candidate,"Секретарь сохранил корва, потому что важный договор был важен.","Секретарь сохранил корова, потому что важный договор был важен.",no_supported_edit,11,False,"[""keyboard_typo_candidate""]"
missing_letter_candidate,Команда внесла корва в короткая заметка перед встречей.,Команда внесла корова в короткая заметка перед встречей.,no_supported_edit,10,False,"[""keyboard_typo_candidate""]"
missing_letter_candidate,Аналитик записал корва и обновил итоговая таблица вечером.,Аналитик записал корова и обновил итоговая таблица вечером.,no_supported_edit,10,False,"[""keyboard_typo_candidate""]"
missing_letter_candidate,"Секретарь сохранил корва, потому что свежая сводка был важен.","Секретарь сохранил корова, потому что свежая сводка был важен.",no_supported_edit,11,False,"[""keyboard_typo_candidate""]"
missing_letter_candidate,Команда внесла корва в открытая заявка перед встречей.,Команда внесла корова в открытая заявка перед встречей.,no_supported_edit,10,False,"[""keyboard_typo_candidate""]"
missing_letter_candidate,Аналитик записал корва и обновил письменный ответ вечером.,Аналитик записал корова и обновил письменный ответ вечером.,no_supported_edit,10,False,"[""keyboard_typo_candidate""]"
missing_letter_candidate,"Секретарь сохранил корва, потому что подробная справка был важен.","Секретарь сохранил корова, потому что подробная справка был важен.",no_supported_edit,11,False,"[""keyboard_typo_candidate""]"
missing_letter_candidate,Команда внесла корва в районная комиссия перед встречей.,Команда внесла корова в районная комиссия перед встречей.,no_supported_edit,10,False,"[""keyboard_typo_candidate""]"
missing_letter_candidate,Аналитик записал корва и обновил финальный список вечером.,Аналитик записал корова и обновил финальный список вечером.,no_supported_edit,10,False,"[""keyboard_typo_candidate""]"
missing_letter_candidate,"Секретарь сохранил корва, потому что новая редакция был важен.","Секретарь сохранил корова, потому что новая редакция был важен.",no_supported_edit,11,False,"[""keyboard_typo_candidate""]"
missing_letter_candidate,Команда внесла корва в архивная запись перед встречей.,Команда внесла корова в архивная запись перед встречей.,no_supported_edit,10,False,"[""keyboard_typo_candidate""]"
missing_letter_candidate,Аналитик записал корва и обновил дежурный редактор вечером.,Аналитик записал корова и обновил дежурный редактор вечером.,no_supported_edit,10,False,"[""keyboard_typo_candidate""]"
missing_letter_candidate,"Секретарь сохранил корва, потому что общий график был важен.","Секретарь сохранил корова, потому что общий график был важен.",no_supported_edit,11,False,"[""keyboard_typo_candidate""]"
missing_letter_candidate,Команда внесла корва в плановая встреча перед встречей.,Команда внесла корова в плановая встреча перед встречей.,no_supported_edit,10,False,"[""keyboard_typo_candidate""]"
missing_letter_candidate,Аналитик записал корва и обновил осенняя проверка вечером.,Аналитик записал корова и обновил осенняя проверка вечером.,no_supported_edit,10,False,"[""keyboard_typo_candidate""]"
missing_letter_candidate,"Секретарь сохранил корва, потому что сводный отчет был важен.","Секретарь сохранил корова, потому что сводный отчет был важен.",no_supported_edit,11,False,"[""keyboard_typo_candidate""]"
missing_letter_candidate,Команда внесла корва в важная подпись перед встречей.,Команда внесла корова в важная подпись перед встречей.,no_supported_edit,10,False,"[""keyboard_typo_candidate""]"
missing_letter_candidate,Аналитик записал корва и обновил рабочая группа вечером.,Аналитик записал корова и обновил рабочая группа вечером.,no_supported_edit,10,False,"[""keyboard_typo_candidate""]"
missing_letter_candidate,"Секретарь сохранил корва, потому что городская служба был важен.","Секретарь сохранил корова, потому что городская служба был важен.",no_supported_edit,11,False,"[""keyboard_typo_candidate""]"
missing_letter_candidate,Команда внесла корва в новый раздел перед встречей.,Команда внесла корова в новый раздел перед встречей.,no_supported_edit,10,False,"[""keyboard_typo_candidate""]"
missing_letter_candidate,Аналитик записал корва и обновил учебная таблица вечером.,Аналитик записал корова и обновил учебная таблица вечером.,no_supported_edit,10,False,"[""keyboard_typo_candidate""]"
missing_letter_candidate,"Секретарь сохранил корва, потому что вечерний протокол был важен.","Секретарь сохранил корова, потому что вечерний протокол был важен.",no_supported_edit,11,False,"[""keyboard_typo_candidate""]"
pattern_чю_чу,"Редактор проверил чюдо, когда готовил рабочий отчет.","Редактор проверил чудо, когда готовил рабочий отчет.",no_existing_candidate_backed_pattern,8,False,"[""frequent_error_exact""]"
pattern_чю_чу,Команда внесла чювство в рабочий отчет перед встречей.,Команда внесла чувство в рабочий отчет перед встречей.,no_existing_candidate_backed_pattern,9,False,"[""frequent_error_exact""]"
pattern_чю_чу,"Эксперт отметил чюдо, когда читал новый документ.","Эксперт отметил чудо, когда читал новый документ.",no_existing_candidate_backed_pattern,8,False,"[""frequent_error_exact""]"
pattern_чю_чу,Аналитик записал чювство и обновил новый документ вечером.,Аналитик записал чувство и обновил новый документ вечером.,no_existing_candidate_backed_pattern,9,False,"[""frequent_error_exact""]"
pattern_чю_чу,Автор увидел чюдо и открыл точный план утром.,Автор увидел чудо и открыл точный план утром.,no_existing_candidate_backed_pattern,9,False,"[""frequent_error_exact""]"
pattern_чю_чу,"Секретарь сохранил чювство, потому что точный план был важен.","Секретарь сохранил чувство, потому что точный план был важен.",no_existing_candidate_backed_pattern,10,False,"[""frequent_error_exact""]"
pattern_чю_чу,"Редактор проверил чюдо, когда готовил городской архив.","Редактор проверил чудо, когда готовил городской архив.",no_existing_candidate_backed_pattern,8,False,"[""frequent_error_exact""]"
pattern_чю_чу,Команда внесла чювство в городской архив перед встречей.,Команда внесла чувство в городской архив перед встречей.,no_existing_candidate_backed_pattern,9,False,"[""frequent_error_exact""]"
pattern_чю_чу,"Эксперт отметил чюдо, когда читал утренний выпуск.","Эксперт отметил чудо, когда читал утренний выпуск.",no_existing_candidate_backed_pattern,8,False,"[""frequent_error_exact""]"
pattern_чю_чу,Аналитик записал чювство и обновил утренний выпуск вечером.,Аналитик записал чувство и обновил утренний выпуск вечером.,no_existing_candidate_backed_pattern,9,False,"[""frequent_error_exact""]"
pattern_чю_чу,Автор увидел чюдо и открыл важный договор утром.,Автор увидел чудо и открыл важный договор утром.,no_existing_candidate_backed_pattern,9,False,"[""frequent_error_exact""]"
pattern_чю_чу,"Секретарь сохранил чювство, потому что важный договор был важен.","Секретарь сохранил чувство, потому что важный договор был важен.",no_existing_candidate_backed_pattern,10,False,"[""frequent_error_exact""]"
pattern_чю_чу,"Редактор проверил чюдо, когда готовил короткая заметка.","Редактор проверил чудо, когда готовил короткая заметка.",no_existing_candidate_backed_pattern,8,False,"[""frequent_error_exact""]"
pattern_чю_чу,Команда внесла чювство в короткая заметка перед встречей.,Команда внесла чувство в короткая заметка перед встречей.,no_existing_candidate_backed_pattern,9,False,"[""frequent_error_exact""]"
pattern_чю_чу,"Эксперт отметил чюдо, когда читал итоговая таблица.","Эксперт отметил чудо, когда читал итоговая таблица.",no_existing_candidate_backed_pattern,8,False,"[""frequent_error_exact""]"
pattern_чю_чу,Аналитик записал чювство и обновил итоговая таблица вечером.,Аналитик записал чувство и обновил итоговая таблица вечером.,no_existing_candidate_backed_pattern,9,False,"[""frequent_error_exact""]"
pattern_чю_чу,Автор увидел чюдо и открыл свежая сводка утром.,Автор увидел чудо и открыл свежая сводка утром.,no_existing_candidate_backed_pattern,9,False,"[""frequent_error_exact""]"
pattern_чю_чу,"Секретарь сохранил чювство, потому что свежая сводка был важен.","Секретарь сохранил чувство, потому что свежая сводка был важен.",no_existing_candidate_backed_pattern,10,False,"[""frequent_error_exact""]"
pattern_чю_чу,"Редактор проверил чюдо, когда готовил открытая заявка.","Редактор проверил чудо, когда готовил открытая заявка.",no_existing_candidate_backed_pattern,8,False,"[""frequent_error_exact""]"
pattern_чю_чу,Команда внесла чювство в открытая заявка перед встречей.,Команда внесла чувство в открытая заявка перед встречей.,no_existing_candidate_backed_pattern,9,False,"[""frequent_error_exact""]"
pattern_чю_чу,"Эксперт отметил чюдо, когда читал письменный ответ.","Эксперт отметил чудо, когда читал письменный ответ.",no_existing_candidate_backed_pattern,8,False,"[""frequent_error_exact""]"
pattern_чю_чу,Аналитик записал чювство и обновил письменный ответ вечером.,Аналитик записал чувство и обновил письменный ответ вечером.,no_existing_candidate_backed_pattern,9,False,"[""frequent_error_exact""]"
pattern_чю_чу,Автор увидел чюдо и открыл подробная справка утром.,Автор увидел чудо и открыл подробная справка утром.,no_existing_candidate_backed_pattern,9,False,"[""frequent_error_exact""]"
pattern_чю_чу,"Секретарь сохранил чювство, потому что подробная справка был важен.","Секретарь сохранил чувство, потому что подробная справка был важен.",no_existing_candidate_backed_pattern,10,False,"[""frequent_error_exact""]"
pattern_чю_чу,"Редактор проверил чюдо, когда готовил районная комиссия.","Редактор проверил чудо, когда готовил районная комиссия.",no_existing_candidate_backed_pattern,8,False,"[""frequent_error_exact""]"
pattern_чю_чу,Команда внесла чювство в районная комиссия перед встречей.,Команда внесла чувство в районная комиссия перед встречей.,no_existing_candidate_backed_pattern,9,False,"[""frequent_error_exact""]"
pattern_чю_чу,"Эксперт отметил чюдо, когда читал финальный список.","Эксперт отметил чудо, когда читал финальный список.",no_existing_candidate_backed_pattern,8,False,"[""frequent_error_exact""]"
pattern_чю_чу,Аналитик записал чювство и обновил финальный список вечером.,Аналитик записал чувство и обновил финальный список вечером.,no_existing_candidate_backed_pattern,9,False,"[""frequent_error_exact""]"
pattern_чю_чу,Автор увидел чюдо и открыл новая редакция утром.,Автор увидел чудо и открыл новая редакция утром.,no_existing_candidate_backed_pattern,9,False,"[""frequent_error_exact""]"
pattern_чю_чу,"Секретарь сохранил чювство, потому что новая редакция был важен.","Секретарь сохранил чувство, потому что новая редакция был важен.",no_existing_candidate_backed_pattern,10,False,"[""frequent_error_exact""]"
pattern_чю_чу,"Редактор проверил чюдо, когда готовил архивная запись.","Редактор проверил чудо, когда готовил архивная запись.",no_existing_candidate_backed_pattern,8,False,"[""frequent_error_exact""]"
pattern_чю_чу,Команда внесла чювство в архивная запись перед встречей.,Команда внесла чувство в архивная запись перед встречей.,no_existing_candidate_backed_pattern,9,False,"[""frequent_error_exact""]"
pattern_чю_чу,"Эксперт отметил чюдо, когда читал дежурный редактор.","Эксперт отметил чудо, когда читал дежурный редактор.",no_existing_candidate_backed_pattern,8,False,"[""frequent_error_exact""]"
pattern_чю_чу,Аналитик записал чювство и обновил дежурный редактор вечером.,Аналитик записал чувство и обновил дежурный редактор вечером.,no_existing_candidate_backed_pattern,9,False,"[""frequent_error_exact""]"
pattern_чю_чу,Автор увидел чюдо и открыл общий график утром.,Автор увидел чудо и открыл общий график утром.,no_existing_candidate_backed_pattern,9,False,"[""frequent_error_exact""]"
pattern_чю_чу,"Секретарь сохранил чювство, потому что общий график был важен.","Секретарь сохранил чувство, потому что общий график был важен.",no_existing_candidate_backed_pattern,10,False,"[""frequent_error_exact""]"
pattern_чю_чу,"Редактор проверил чюдо, когда готовил плановая встреча.","Редактор проверил чудо, когда готовил плановая встреча.",no_existing_candidate_backed_pattern,8,False,"[""frequent_error_exact""]"
pattern_чю_чу,Команда внесла чювство в плановая встреча перед встречей.,Команда внесла чувство в плановая встреча перед встречей.,no_existing_candidate_backed_pattern,9,False,"[""frequent_error_exact""]"
pattern_чю_чу,"Эксперт отметил чюдо, когда читал осенняя проверка.","Эксперт отметил чудо, когда читал осенняя проверка.",no_existing_candidate_backed_pattern,8,False,"[""frequent_error_exact""]"
pattern_чю_чу,Аналитик записал чювство и обновил осенняя проверка вечером.,Аналитик записал чувство и обновил осенняя проверка вечером.,no_existing_candidate_backed_pattern,9,False,"[""frequent_error_exact""]"
pattern_чю_чу,Автор увидел чюдо и открыл сводный отчет утром.,Автор увидел чудо и открыл сводный отчет утром.,no_existing_candidate_backed_pattern,9,False,"[""frequent_error_exact""]"
pattern_чю_чу,"Секретарь сохранил чювство, потому что сводный отчет был важен.","Секретарь сохранил чувство, потому что сводный отчет был важен.",no_existing_candidate_backed_pattern,10,False,"[""frequent_error_exact""]"
pattern_чю_чу,"Редактор проверил чюдо, когда готовил важная подпись.","Редактор проверил чудо, когда готовил важная подпись.",no_existing_candidate_backed_pattern,8,False,"[""frequent_error_exact""]"
pattern_чю_чу,Команда внесла чювство в важная подпись перед встречей.,Команда внесла чувство в важная подпись перед встречей.,no_existing_candidate_backed_pattern,9,False,"[""frequent_error_exact""]"
pattern_чю_чу,"Эксперт отметил чюдо, когда читал рабочая группа.","Эксперт отметил чудо, когда читал рабочая группа.",no_existing_candidate_backed_pattern,8,False,"[""frequent_error_exact""]"
pattern_чю_чу,Аналитик записал чювство и обновил рабочая группа вечером.,Аналитик записал чувство и обновил рабочая группа вечером.,no_existing_candidate_backed_pattern,9,False,"[""frequent_error_exact""]"
pattern_чю_чу,Автор увидел чюдо и открыл городская служба утром.,Автор увидел чудо и открыл городская служба утром.,no_existing_candidate_backed_pattern,9,False,"[""frequent_error_exact""]"
pattern_чю_чу,"Секретарь сохранил чювство, потому что городская служба был важен.","Секретарь сохранил чувство, потому что городская служба был важен.",no_existing_candidate_backed_pattern,10,False,"[""frequent_error_exact""]"
pattern_чю_чу,"Редактор проверил чюдо, когда готовил новый раздел.","Редактор проверил чудо, когда готовил новый раздел.",no_existing_candidate_backed_pattern,8,False,"[""frequent_error_exact""]"
pattern_чю_чу,Команда внесла чювство в новый раздел перед встречей.,Команда внесла чувство в новый раздел перед встречей.,no_existing_candidate_backed_pattern,9,False,"[""frequent_error_exact""]"
pattern_чю_чу,"Эксперт отметил чюдо, когда читал учебная таблица.","Эксперт отметил чудо, когда читал учебная таблица.",no_existing_candidate_backed_pattern,8,False,"[""frequent_error_exact""]"
pattern_чю_чу,Аналитик записал чювство и обновил учебная таблица вечером.,Аналитик записал чувство и обновил учебная таблица вечером.,no_existing_candidate_backed_pattern,9,False,"[""frequent_error_exact""]"
pattern_чю_чу,Автор увидел чюдо и открыл вечерний протокол утром.,Автор увидел чудо и открыл вечерний протокол утром.,no_existing_candidate_backed_pattern,9,False,"[""frequent_error_exact""]"
pattern_чю_чу,"Секретарь сохранил чювство, потому что вечерний протокол был важен.","Секретарь сохранил чувство, потому что вечерний протокол был важен.",no_existing_candidate_backed_pattern,10,False,"[""frequent_error_exact""]"
pattern_чю_чу,"Редактор проверил чюдо, когда готовил проверенный файл.","Редактор проверил чудо, когда готовил проверенный файл.",no_existing_candidate_backed_pattern,8,False,"[""frequent_error_exact""]"
pattern_чю_чу,Команда внесла чювство в проверенный файл перед встречей.,Команда внесла чувство в проверенный файл перед встречей.,no_existing_candidate_backed_pattern,9,False,"[""frequent_error_exact""]"
pattern_чю_чу,"Эксперт отметил чюдо, когда читал согласованный договор.","Эксперт отметил чудо, когда читал согласованный договор.",no_existing_candidate_backed_pattern,8,False,"[""frequent_error_exact""]"
pattern_чю_чу,Аналитик записал чювство и обновил согласованный договор вечером.,Аналитик записал чувство и обновил согласованный договор вечером.,no_existing_candidate_backed_pattern,9,False,"[""frequent_error_exact""]"
pattern_чю_чу,Автор увидел чюдо и открыл подготовленный список утром.,Автор увидел чудо и открыл подготовленный список утром.,no_existing_candidate_backed_pattern,9,False,"[""frequent_error_exact""]"
pattern_чю_чу,"Секретарь сохранил чювство, потому что подготовленный список был важен.","Секретарь сохранил чувство, потому что подготовленный список был важен.",no_existing_candidate_backed_pattern,10,False,"[""frequent_error_exact""]"
pattern_чю_чу,"Редактор проверил чюдо, когда готовил закрытая заявка.","Редактор проверил чудо, когда готовил закрытая заявка.",no_existing_candidate_backed_pattern,8,False,"[""frequent_error_exact""]"
pattern_чю_чу,Команда внесла чювство в закрытая заявка перед встречей.,Команда внесла чувство в закрытая заявка перед встречей.,no_existing_candidate_backed_pattern,9,False,"[""frequent_error_exact""]"
pattern_чю_чу,"Эксперт отметил чюдо, когда читал длинная запись.","Эксперт отметил чудо, когда читал длинная запись.",no_existing_candidate_backed_pattern,8,False,"[""frequent_error_exact""]"
pattern_чю_чу,Аналитик записал чювство и обновил длинная запись вечером.,Аналитик записал чувство и обновил длинная запись вечером.,no_existing_candidate_backed_pattern,9,False,"[""frequent_error_exact""]"
pattern_чю_чу,Автор увидел чюдо и открыл обновленный журнал утром.,Автор увидел чудо и открыл обновленный журнал утром.,no_existing_candidate_backed_pattern,9,False,"[""frequent_error_exact""]"
pattern_чю_чу,"Секретарь сохранил чювство, потому что обновленный журнал был важен.","Секретарь сохранил чувство, потому что обновленный журнал был важен.",no_existing_candidate_backed_pattern,10,False,"[""frequent_error_exact""]"
pattern_чю_чу,"Редактор проверил чюдо, когда готовил северный филиал.","Редактор проверил чудо, когда готовил северный филиал.",no_existing_candidate_backed_pattern,8,False,"[""frequent_error_exact""]"
pattern_чю_чу,Команда внесла чювство в северный филиал перед встречей.,Команда внесла чувство в северный филиал перед встречей.,no_existing_candidate_backed_pattern,9,False,"[""frequent_error_exact""]"
pattern_чю_чу,"Эксперт отметил чюдо, когда читал зимнее расписание.","Эксперт отметил чудо, когда читал зимнее расписание.",no_existing_candidate_backed_pattern,8,False,"[""frequent_error_exact""]"
pattern_чю_чу,Аналитик записал чювство и обновил зимнее расписание вечером.,Аналитик записал чувство и обновил зимнее расписание вечером.,no_existing_candidate_backed_pattern,9,False,"[""frequent_error_exact""]"
pattern_чю_чу,Автор увидел чюдо и открыл летняя проверка утром.,Автор увидел чудо и открыл летняя проверка утром.,no_existing_candidate_backed_pattern,9,False,"[""frequent_error_exact""]"
pattern_чю_чу,"Секретарь сохранил чювство, потому что летняя проверка был важен.","Секретарь сохранил чувство, потому что летняя проверка был важен.",no_existing_candidate_backed_pattern,10,False,"[""frequent_error_exact""]"
pattern_чю_чу,"Редактор проверил чюдо, когда готовил районный протокол.","Редактор проверил чудо, когда готовил районный протокол.",no_existing_candidate_backed_pattern,8,False,"[""frequent_error_exact""]"
pattern_чю_чу,Команда внесла чювство в районный протокол перед встречей.,Команда внесла чувство в районный протокол перед встречей.,no_existing_candidate_backed_pattern,9,False,"[""frequent_error_exact""]"
pattern_чю_чу,"Эксперт отметил чюдо, когда читал входящее письмо.","Эксперт отметил чудо, когда читал входящее письмо.",no_existing_candidate_backed_pattern,8,False,"[""frequent_error_exact""]"
pattern_чю_чу,Аналитик записал чювство и обновил входящее письмо вечером.,Аналитик записал чувство и обновил входящее письмо вечером.,no_existing_candidate_backed_pattern,9,False,"[""frequent_error_exact""]"
pattern_чю_чу,Автор увидел чюдо и открыл старый договор утром.,Автор увидел чудо и открыл старый договор утром.,no_existing_candidate_backed_pattern,9,False,"[""frequent_error_exact""]"
pattern_чю_чу,"Секретарь сохранил чювство, потому что старый договор был важен.","Секретарь сохранил чувство, потому что старый договор был важен.",no_existing_candidate_backed_pattern,10,False,"[""frequent_error_exact""]"
pattern_чю_чу,"Редактор проверил чюдо, когда готовил новая таблица.","Редактор проверил чудо, когда готовил новая таблица.",no_existing_candidate_backed_pattern,8,False,"[""frequent_error_exact""]"
pattern_чю_чу,Команда внесла чювство в новая таблица перед встречей.,Команда внесла чувство в новая таблица перед встречей.,no_existing_candidate_backed_pattern,9,False,"[""frequent_error_exact""]"
pattern_чю_чу,"Эксперт отметил чюдо, когда читал закрытый раздел.","Эксперт отметил чудо, когда читал закрытый раздел.",no_existing_candidate_backed_pattern,8,False,"[""frequent_error_exact""]"
pattern_чю_чу,Аналитик записал чювство и обновил закрытый раздел вечером.,Аналитик записал чувство и обновил закрытый раздел вечером.,no_existing_candidate_backed_pattern,9,False,"[""frequent_error_exact""]"
pattern_чю_чу,Автор увидел чюдо и открыл утренний приказ утром.,Автор увидел чудо и открыл утренний приказ утром.,no_existing_candidate_backed_pattern,9,False,"[""frequent_error_exact""]"
pattern_чю_чу,"Секретарь сохранил чювство, потому что утренний приказ был важен.","Секретарь сохранил чувство, потому что утренний приказ был важен.",no_existing_candidate_backed_pattern,10,False,"[""frequent_error_exact""]"
pattern_чю_чу,"Редактор проверил чюдо, когда готовил служебная записка.","Редактор проверил чудо, когда готовил служебная записка.",no_existing_candidate_backed_pattern,8,False,"[""frequent_error_exact""]"
pattern_чю_чу,Команда внесла чювство в служебная записка перед встречей.,Команда внесла чувство в служебная записка перед встречей.,no_existing_candidate_backed_pattern,9,False,"[""frequent_error_exact""]"
pattern_чю_чу,"Эксперт отметил чюдо, когда читал городской проект.","Эксперт отметил чудо, когда читал городской проект.",no_existing_candidate_backed_pattern,8,False,"[""frequent_error_exact""]"
pattern_чю_чу,Аналитик записал чювство и обновил городской проект вечером.,Аналитик записал чувство и обновил городской проект вечером.,no_existing_candidate_backed_pattern,9,False,"[""frequent_error_exact""]"
pattern_чю_чу,Автор увидел чюдо и открыл важное решение утром.,Автор увидел чудо и открыл важное решение утром.,no_existing_candidate_backed_pattern,9,False,"[""frequent_error_exact""]"
pattern_чю_чу,"Секретарь сохранил чювство, потому что важное решение был важен.","Секретарь сохранил чувство, потому что важное решение был важен.",no_existing_candidate_backed_pattern,10,False,"[""frequent_error_exact""]"
pattern_чю_чу,"Редактор проверил чюдо, когда готовил общий список.","Редактор проверил чудо, когда готовил общий список.",no_existing_candidate_backed_pattern,8,False,"[""frequent_error_exact""]"
pattern_чю_чу,Команда внесла чювство в общий список перед встречей.,Команда внесла чувство в общий список перед встречей.,no_existing_candidate_backed_pattern,9,False,"[""frequent_error_exact""]"
pattern_чю_чу,"Эксперт отметил чюдо, когда читал рабочий кабинет.","Эксперт отметил чудо, когда читал рабочий кабинет.",no_existing_candidate_backed_pattern,8,False,"[""frequent_error_exact""]"
pattern_чю_чу,Аналитик записал чювство и обновил рабочий кабинет вечером.,Аналитик записал чувство и обновил рабочий кабинет вечером.,no_existing_candidate_backed_pattern,9,False,"[""frequent_error_exact""]"
pattern_чю_чу,Автор увидел чюдо и открыл архивный номер утром.,Автор увидел чудо и открыл архивный номер утром.,no_existing_candidate_backed_pattern,9,False,"[""frequent_error_exact""]"
pattern_чю_чу,"Секретарь сохранил чювство, потому что архивный номер был важен.","Секретарь сохранил чувство, потому что архивный номер был важен.",no_existing_candidate_backed_pattern,10,False,"[""frequent_error_exact""]"
pattern_чю_чу,"Редактор проверил чюдо, когда готовил открытый вопрос.","Редактор проверил чудо, когда готовил открытый вопрос.",no_existing_candidate_backed_pattern,8,False,"[""frequent_error_exact""]"
pattern_чю_чу,Команда внесла чювство в открытый вопрос перед встречей.,Команда внесла чувство в открытый вопрос перед встречей.,no_existing_candidate_backed_pattern,9,False,"[""frequent_error_exact""]"
pattern_чю_чу,"Эксперт отметил чюдо, когда читал плановый отчет.","Эксперт отметил чудо, когда читал плановый отчет.",no_existing_candidate_backed_pattern,8,False,"[""frequent_error_exact""]"
pattern_чю_чу,Аналитик записал чювство и обновил плановый отчет вечером.,Аналитик записал чувство и обновил плановый отчет вечером.,no_existing_candidate_backed_pattern,9,False,"[""frequent_error_exact""]"
pattern_чю_чу,Автор увидел чюдо и открыл новый маршрут утром.,Автор увидел чудо и открыл новый маршрут утром.,no_existing_candidate_backed_pattern,9,False,"[""frequent_error_exact""]"
pattern_чю_чу,"Секретарь сохранил чювство, потому что новый маршрут был важен.","Секретарь сохранил чувство, потому что новый маршрут был важен.",no_existing_candidate_backed_pattern,10,False,"[""frequent_error_exact""]"
pattern_чю_чу,"Редактор проверил чюдо, когда готовил вечерняя смена.","Редактор проверил чудо, когда готовил вечерняя смена.",no_existing_candidate_backed_pattern,9,False,"[""frequent_error_exact"", ""n_nn_short_form""]"
pattern_чю_чу,Команда внесла чювство в вечерняя смена перед встречей.,Команда внесла чувство в вечерняя смена перед встречей.,no_existing_candidate_backed_pattern,10,False,"[""frequent_error_exact"", ""n_nn_short_form""]"
pattern_чю_чу,"Эксперт отметил чюдо, когда читал срочная заявка.","Эксперт отметил чудо, когда читал срочная заявка.",no_existing_candidate_backed_pattern,8,False,"[""frequent_error_exact""]"
pattern_чю_чу,Аналитик записал чювство и обновил срочная заявка вечером.,Аналитик записал чувство и обновил срочная заявка вечером.,no_existing_candidate_backed_pattern,9,False,"[""frequent_error_exact""]"
pattern_чю_чу,Автор увидел чюдо и открыл письменная просьба утром.,Автор увидел чудо и открыл письменная просьба утром.,no_existing_candidate_backed_pattern,9,False,"[""frequent_error_exact""]"
pattern_чю_чу,"Секретарь сохранил чювство, потому что письменная просьба был важен.","Секретарь сохранил чувство, потому что письменная просьба был важен.",no_existing_candidate_backed_pattern,10,False,"[""frequent_error_exact""]"
pattern_чю_чу,"Редактор проверил чюдо, когда готовил короткий протокол.","Редактор проверил чудо, когда готовил короткий протокол.",no_existing_candidate_backed_pattern,8,False,"[""frequent_error_exact""]"
pattern_чю_чу,Команда внесла чювство в короткий протокол перед встречей.,Команда внесла чувство в короткий протокол перед встречей.,no_existing_candidate_backed_pattern,9,False,"[""frequent_error_exact""]"
pattern_чю_чу,"Эксперт отметил чюдо, когда читал дневной выпуск.","Эксперт отметил чудо, когда читал дневной выпуск.",no_existing_candidate_backed_pattern,8,False,"[""frequent_error_exact""]"
pattern_чю_чу,Аналитик записал чювство и обновил дневной выпуск вечером.,Аналитик записал чувство и обновил дневной выпуск вечером.,no_existing_candidate_backed_pattern,9,False,"[""frequent_error_exact""]"
pattern_чю_чу,Автор увидел чюдо и открыл точная дата утром.,Автор увидел чудо и открыл точная дата утром.,no_existing_candidate_backed_pattern,9,False,"[""frequent_error_exact""]"
pattern_чю_чу,"Секретарь сохранил чювство, потому что точная дата был важен.","Секретарь сохранил чувство, потому что точная дата был важен.",no_existing_candidate_backed_pattern,10,False,"[""frequent_error_exact""]"
pattern_чю_чу,"Редактор проверил чюдо, когда готовил готовый макет.","Редактор проверил чудо, когда готовил готовый макет.",no_existing_candidate_backed_pattern,8,False,"[""frequent_error_exact""]"
pattern_чю_чу,Команда внесла чювство в готовый макет перед встречей.,Команда внесла чувство в готовый макет перед встречей.,no_existing_candidate_backed_pattern,9,False,"[""frequent_error_exact""]"
pattern_чю_чу,"Эксперт отметил чюдо, когда читал основной договор.","Эксперт отметил чудо, когда читал основной договор.",no_existing_candidate_backed_pattern,8,False,"[""frequent_error_exact""]"
pattern_чю_чу,Аналитик записал чювство и обновил основной договор вечером.,Аналитик записал чувство и обновил основной договор вечером.,no_existing_candidate_backed_pattern,9,False,"[""frequent_error_exact""]"
pattern_чю_чу,Автор увидел чюдо и открыл временный график утром.,Автор увидел чудо и открыл временный график утром.,no_existing_candidate_backed_pattern,9,False,"[""frequent_error_exact""]"
pattern_чю_чу,"Секретарь сохранил чювство, потому что временный график был важен.","Секретарь сохранил чувство, потому что временный график был важен.",no_existing_candidate_backed_pattern,10,False,"[""frequent_error_exact""]"
pattern_чю_чу,"Редактор проверил чюдо, когда готовил дежурная группа.","Редактор проверил чудо, когда готовил дежурная группа.",no_existing_candidate_backed_pattern,8,False,"[""frequent_error_exact""]"
pattern_чю_чу,Команда внесла чювство в дежурная группа перед встречей.,Команда внесла чувство в дежурная группа перед встречей.,no_existing_candidate_backed_pattern,9,False,"[""frequent_error_exact""]"
pattern_чю_чу,"Эксперт отметил чюдо, когда читал финальная версия.","Эксперт отметил чудо, когда читал финальная версия.",no_existing_candidate_backed_pattern,8,False,"[""frequent_error_exact""]"
pattern_чю_чу,Аналитик записал чювство и обновил финальная версия вечером.,Аналитик записал чувство и обновил финальная версия вечером.,no_existing_candidate_backed_pattern,9,False,"[""frequent_error_exact""]"
pattern_чю_чу,Автор увидел чюдо и открыл контрольная таблица утром.,Автор увидел чудо и открыл контрольная таблица утром.,no_existing_candidate_backed_pattern,9,False,"[""frequent_error_exact""]"
pattern_чю_чу,"Секретарь сохранил чювство, потому что контрольная таблица был важен.","Секретарь сохранил чувство, потому что контрольная таблица был важен.",no_existing_candidate_backed_pattern,10,False,"[""frequent_error_exact""]"
pattern_чю_чу,"Редактор проверил чюдо, когда готовил принятый отчет.","Редактор проверил чудо, когда готовил принятый отчет.",no_existing_candidate_backed_pattern,8,False,"[""frequent_error_exact""]"
pattern_чю_чу,Команда внесла чювство в принятый отчет перед встречей.,Команда внесла чувство в принятый отчет перед встречей.,no_existing_candidate_backed_pattern,9,False,"[""frequent_error_exact""]"
pattern_чю_чу,"Эксперт отметил чюдо, когда читал закрытое письмо.","Эксперт отметил чудо, когда читал закрытое письмо.",no_existing_candidate_backed_pattern,8,False,"[""frequent_error_exact""]"
pattern_чю_чу,Аналитик записал чювство и обновил закрытое письмо вечером.,Аналитик записал чувство и обновил закрытое письмо вечером.,no_existing_candidate_backed_pattern,9,False,"[""frequent_error_exact""]"
pattern_чю_чу,Автор увидел чюдо и открыл служебный ответ утром.,Автор увидел чудо и открыл служебный ответ утром.,no_existing_candidate_backed_pattern,9,False,"[""frequent_error_exact""]"
pattern_чю_чу,"Секретарь сохранил чювство, потому что служебный ответ был важен.","Секретарь сохранил чувство, потому что служебный ответ был важен.",no_existing_candidate_backed_pattern,10,False,"[""frequent_error_exact""]"
pattern_чю_чу,"Редактор проверил чюдо, когда готовил городская программа.","Редактор проверил чудо, когда готовил городская программа.",no_existing_candidate_backed_pattern,8,False,"[""frequent_error_exact""]"
pattern_чю_чу,Команда внесла чювство в городская программа перед встречей.,Команда внесла чувство в городская программа перед встречей.,no_existing_candidate_backed_pattern,9,False,"[""frequent_error_exact""]"
pattern_чю_чу,"Эксперт отметил чюдо, когда читал важная поправка.","Эксперт отметил чудо, когда читал важная поправка.",no_existing_candidate_backed_pattern,8,False,"[""frequent_error_exact""]"
pattern_чю_чу,Аналитик записал чювство и обновил важная поправка вечером.,Аналитик записал чувство и обновил важная поправка вечером.,no_existing_candidate_backed_pattern,9,False,"[""frequent_error_exact""]"
pattern_чю_чу,Автор увидел чюдо и открыл новый порядок утром.,Автор увидел чудо и открыл новый порядок утром.,no_existing_candidate_backed_pattern,9,False,"[""frequent_error_exact""]"
pattern_чю_чу,"Секретарь сохранил чювство, потому что новый порядок был важен.","Секретарь сохранил чувство, потому что новый порядок был важен.",no_existing_candidate_backed_pattern,10,False,"[""frequent_error_exact""]"
pattern_чю_чу,"Редактор проверил чюдо, когда готовил итоговый документ.","Редактор проверил чудо, когда готовил итоговый документ.",no_existing_candidate_backed_pattern,8,False,"[""frequent_error_exact""]"
pattern_чю_чу,Команда внесла чювство в итоговый документ перед встречей.,Команда внесла чувство в итоговый документ перед встречей.,no_existing_candidate_backed_pattern,9,False,"[""frequent_error_exact""]"
pattern_чю_чу,"Эксперт отметил чюдо, когда читал отдельная папка.","Эксперт отметил чудо, когда читал отдельная папка.",no_existing_candidate_backed_pattern,8,False,"[""frequent_error_exact""]"
pattern_чю_чу,Аналитик записал чювство и обновил отдельная папка вечером.,Аналитик записал чувство и обновил отдельная папка вечером.,no_existing_candidate_backed_pattern,9,False,"[""frequent_error_exact""]"
pattern_чю_чу,Автор увидел чюдо и открыл рабочая переписка утром.,Автор увидел чудо и открыл рабочая переписка утром.,no_existing_candidate_backed_pattern,9,False,"[""frequent_error_exact""]"
pattern_чю_чу,"Секретарь сохранил чювство, потому что рабочая переписка был важен.","Секретарь сохранил чувство, потому что рабочая переписка был важен.",no_existing_candidate_backed_pattern,10,False,"[""frequent_error_exact""]"
pattern_чю_чу,"Редактор проверил чюдо, когда готовил городской журнал.","Редактор проверил чудо, когда готовил городской журнал.",no_existing_candidate_backed_pattern,8,False,"[""frequent_error_exact""]"
pattern_чю_чу,Команда внесла чювство в городской журнал перед встречей.,Команда внесла чувство в городской журнал перед встречей.,no_existing_candidate_backed_pattern,9,False,"[""frequent_error_exact""]"
pattern_чю_чу,"Эксперт отметил чюдо, когда читал основная сводка.","Эксперт отметил чудо, когда читал основная сводка.",no_existing_candidate_backed_pattern,8,False,"[""frequent_error_exact""]"
pattern_чю_чу,Аналитик записал чювство и обновил основная сводка вечером.,Аналитик записал чувство и обновил основная сводка вечером.,no_existing_candidate_backed_pattern,9,False,"[""frequent_error_exact""]"
pattern_чю_чу,Автор увидел чюдо и открыл ранний выпуск утром.,Автор увидел чудо и открыл ранний выпуск утром.,no_existing_candidate_backed_pattern,9,False,"[""frequent_error_exact""]"
pattern_чю_чу,"Секретарь сохранил чювство, потому что ранний выпуск был важен.","Секретарь сохранил чувство, потому что ранний выпуск был важен.",no_existing_candidate_backed_pattern,10,False,"[""frequent_error_exact""]"
pattern_чю_чу,"Редактор проверил чюдо, когда готовил новая заявка.","Редактор проверил чудо, когда готовил новая заявка.",no_existing_candidate_backed_pattern,8,False,"[""frequent_error_exact""]"
pattern_чю_чу,Команда внесла чювство в новая заявка перед встречей.,Команда внесла чувство в новая заявка перед встречей.,no_existing_candidate_backed_pattern,9,False,"[""frequent_error_exact""]"
pattern_чю_чу,"Эксперт отметил чюдо, когда читал закрытый протокол.","Эксперт отметил чудо, когда читал закрытый протокол.",no_existing_candidate_backed_pattern,8,False,"[""frequent_error_exact""]"
pattern_чю_чу,Аналитик записал чювство и обновил закрытый протокол вечером.,Аналитик записал чувство и обновил закрытый протокол вечером.,no_existing_candidate_backed_pattern,9,False,"[""frequent_error_exact""]"
pattern_чю_чу,Автор увидел чюдо и открыл письменный договор утром.,Автор увидел чудо и открыл письменный договор утром.,no_existing_candidate_backed_pattern,9,False,"[""frequent_error_exact""]"
pattern_чю_чу,"Секретарь сохранил чювство, потому что письменный договор был важен.","Секретарь сохранил чувство, потому что письменный договор был важен.",no_existing_candidate_backed_pattern,10,False,"[""frequent_error_exact""]"
pattern_чю_чу,"Редактор проверил чюдо, когда готовил дежурный список.","Редактор проверил чудо, когда готовил дежурный список.",no_existing_candidate_backed_pattern,8,False,"[""frequent_error_exact""]"
pattern_чю_чу,Команда внесла чювство в дежурный список перед встречей.,Команда внесла чувство в дежурный список перед встречей.,no_existing_candidate_backed_pattern,9,False,"[""frequent_error_exact""]"
pattern_чю_чу,"Эксперт отметил чюдо, когда читал точный маршрут.","Эксперт отметил чудо, когда читал точный маршрут.",no_existing_candidate_backed_pattern,8,False,"[""frequent_error_exact""]"
pattern_чю_чу,Аналитик записал чювство и обновил точный маршрут вечером.,Аналитик записал чувство и обновил точный маршрут вечером.,no_existing_candidate_backed_pattern,9,False,"[""frequent_error_exact""]"
pattern_чю_чу,Автор увидел чюдо и открыл служебный журнал утром.,Автор увидел чудо и открыл служебный журнал утром.,no_existing_candidate_backed_pattern,9,False,"[""frequent_error_exact""]"
pattern_чю_чу,"Секретарь сохранил чювство, потому что служебный журнал был важен.","Секретарь сохранил чувство, потому что служебный журнал был важен.",no_existing_candidate_backed_pattern,10,False,"[""frequent_error_exact""]"
pattern_чю_чу,"Редактор проверил чюдо, когда готовил важный раздел.","Редактор проверил чудо, когда готовил важный раздел.",no_existing_candidate_backed_pattern,8,False,"[""frequent_error_exact""]"
pattern_чю_чу,Команда внесла чювство в важный раздел перед встречей.,Команда внесла чувство в важный раздел перед встречей.,no_existing_candidate_backed_pattern,9,False,"[""frequent_error_exact""]"
pattern_чю_чу,"Эксперт отметил чюдо, когда читал рабочий приказ.","Эксперт отметил чудо, когда читал рабочий приказ.",no_existing_candidate_backed_pattern,8,False,"[""frequent_error_exact""]"
pattern_чю_чу,Аналитик записал чювство и обновил рабочий приказ вечером.,Аналитик записал чувство и обновил рабочий приказ вечером.,no_existing_candidate_backed_pattern,9,False,"[""frequent_error_exact""]"
pattern_чю_чу,Автор увидел чюдо и открыл архивная таблица утром.,Автор увидел чудо и открыл архивная таблица утром.,no_existing_candidate_backed_pattern,9,False,"[""frequent_error_exact""]"
pattern_чю_чу,"Секретарь сохранил чювство, потому что архивная таблица был важен.","Секретарь сохранил чувство, потому что архивная таблица был важен.",no_existing_candidate_backed_pattern,10,False,"[""frequent_error_exact""]"
pattern_чю_чу,"Редактор проверил чюдо, когда готовил общая справка.","Редактор проверил чудо, когда готовил общая справка.",no_existing_candidate_backed_pattern,8,False,"[""frequent_error_exact""]"
pattern_чю_чу,Команда внесла чювство в общая справка перед встречей.,Команда внесла чувство в общая справка перед встречей.,no_existing_candidate_backed_pattern,9,False,"[""frequent_error_exact""]"
pattern_чю_чу,"Эксперт отметил чюдо, когда читал принятая заявка.","Эксперт отметил чудо, когда читал принятая заявка.",no_existing_candidate_backed_pattern,8,False,"[""frequent_error_exact""]"
pattern_чю_чу,Аналитик записал чювство и обновил принятая заявка вечером.,Аналитик записал чувство и обновил принятая заявка вечером.,no_existing_candidate_backed_pattern,9,False,"[""frequent_error_exact""]"
pattern_чю_чу,Автор увидел чюдо и открыл вечерний отчет утром.,Автор увидел чудо и открыл вечерний отчет утром.,no_existing_candidate_backed_pattern,9,False,"[""frequent_error_exact""]"
pattern_чю_чу,"Секретарь сохранил чювство, потому что вечерний отчет был важен.","Секретарь сохранил чувство, потому что вечерний отчет был важен.",no_existing_candidate_backed_pattern,10,False,"[""frequent_error_exact""]"
pattern_чю_чу,"Редактор проверил чюдо, когда готовил короткий договор.","Редактор проверил чудо, когда готовил короткий договор.",no_existing_candidate_backed_pattern,8,False,"[""frequent_error_exact""]"
pattern_чю_чу,Команда внесла чювство в короткий договор перед встречей.,Команда внесла чувство в короткий договор перед встречей.,no_existing_candidate_backed_pattern,9,False,"[""frequent_error_exact""]"
pattern_чю_чу,"Эксперт отметил чюдо, когда читал осенний график.","Эксперт отметил чудо, когда читал осенний график.",no_existing_candidate_backed_pattern,8,False,"[""frequent_error_exact""]"
pattern_чю_чу,Аналитик записал чювство и обновил осенний график вечером.,Аналитик записал чувство и обновил осенний график вечером.,no_existing_candidate_backed_pattern,9,False,"[""frequent_error_exact""]"
pattern_чю_чу,Автор увидел чюдо и открыл проверенная запись утром.,Автор увидел чудо и открыл проверенная запись утром.,no_existing_candidate_backed_pattern,9,False,"[""frequent_error_exact""]"
pattern_чю_чу,"Секретарь сохранил чювство, потому что проверенная запись был важен.","Секретарь сохранил чувство, потому что проверенная запись был важен.",no_existing_candidate_backed_pattern,10,False,"[""frequent_error_exact""]"
pattern_чю_чу,"Редактор проверил чюдо, когда готовил срочный ответ.","Редактор проверил чудо, когда готовил срочный ответ.",no_existing_candidate_backed_pattern,8,False,"[""frequent_error_exact""]"
pattern_чю_чу,Команда внесла чювство в срочный ответ перед встречей.,Команда внесла чувство в срочный ответ перед встречей.,no_existing_candidate_backed_pattern,9,False,"[""frequent_error_exact""]"
pattern_чю_чу,"Эксперт отметил чюдо, когда читал финальная подпись.","Эксперт отметил чудо, когда читал финальная подпись.",no_existing_candidate_backed_pattern,8,False,"[""frequent_error_exact""]"
pattern_чю_чу,Аналитик записал чювство и обновил финальная подпись вечером.,Аналитик записал чувство и обновил финальная подпись вечером.,no_existing_candidate_backed_pattern,9,False,"[""frequent_error_exact""]"
pattern_чю_чу,Автор увидел чюдо и открыл рабочий отчет утром.,Автор увидел чудо и открыл рабочий отчет утром.,no_existing_candidate_backed_pattern,9,False,"[""frequent_error_exact""]"
pattern_чю_чу,"Секретарь сохранил чювство, потому что рабочий отчет был важен.","Секретарь сохранил чувство, потому что рабочий отчет был важен.",no_existing_candidate_backed_pattern,10,False,"[""frequent_error_exact""]"
pattern_чю_чу,"Редактор проверил чюдо, когда готовил новый документ.","Редактор проверил чудо, когда готовил новый документ.",no_existing_candidate_backed_pattern,8,False,"[""frequent_error_exact""]"
pattern_чю_чу,Команда внесла чювство в новый документ перед встречей.,Команда внесла чувство в новый документ перед встречей.,no_existing_candidate_backed_pattern,9,False,"[""frequent_error_exact""]"
pattern_чю_чу,"Эксперт отметил чюдо, когда читал точный план.","Эксперт отметил чудо, когда читал точный план.",no_existing_candidate_backed_pattern,8,False,"[""frequent_error_exact""]"
pattern_чю_чу,Аналитик записал чювство и обновил точный план вечером.,Аналитик записал чувство и обновил точный план вечером.,no_existing_candidate_backed_pattern,9,False,"[""frequent_error_exact""]"
pattern_чю_чу,Автор увидел чюдо и открыл городской архив утром.,Автор увидел чудо и открыл городской архив утром.,no_existing_candidate_backed_pattern,9,False,"[""frequent_error_exact""]"
pattern_чю_чу,"Секретарь сохранил чювство, потому что городской архив был важен.","Секретарь сохранил чувство, потому что городской архив был важен.",no_existing_candidate_backed_pattern,10,False,"[""frequent_error_exact""]"
pattern_чю_чу,"Редактор проверил чюдо, когда готовил утренний выпуск.","Редактор проверил чудо, когда готовил утренний выпуск.",no_existing_candidate_backed_pattern,8,False,"[""frequent_error_exact""]"
pattern_чю_чу,Команда внесла чювство в утренний выпуск перед встречей.,Команда внесла чувство в утренний выпуск перед встречей.,no_existing_candidate_backed_pattern,9,False,"[""frequent_error_exact""]"
pattern_чю_чу,"Эксперт отметил чюдо, когда читал важный договор.","Эксперт отметил чудо, когда читал важный договор.",no_existing_candidate_backed_pattern,8,False,"[""frequent_error_exact""]"
pattern_чю_чу,Аналитик записал чювство и обновил важный договор вечером.,Аналитик записал чувство и обновил важный договор вечером.,no_existing_candidate_backed_pattern,9,False,"[""frequent_error_exact""]"
pattern_чю_чу,Автор увидел чюдо и открыл короткая заметка утром.,Автор увидел чудо и открыл короткая заметка утром.,no_existing_candidate_backed_pattern,9,False,"[""frequent_error_exact""]"
pattern_чю_чу,"Секретарь сохранил чювство, потому что короткая заметка был важен.","Секретарь сохранил чувство, потому что короткая заметка был важен.",no_existing_candidate_backed_pattern,10,False,"[""frequent_error_exact""]"
pattern_щю_щу,"Редактор проверил щюка, когда готовил рабочий отчет.","Редактор проверил щука, когда готовил рабочий отчет.",no_existing_candidate_backed_pattern,8,False,"[""frequent_error_exact""]"
pattern_щю_щу,"Эксперт отметил щюка, когда читал новый документ.","Эксперт отметил щука, когда читал новый документ.",no_existing_candidate_backed_pattern,8,False,"[""frequent_error_exact""]"
pattern_щю_щу,Автор увидел щюка и открыл точный план утром.,Автор увидел щука и открыл точный план утром.,no_existing_candidate_backed_pattern,9,False,"[""frequent_error_exact""]"
pattern_щю_щу,"Редактор проверил щюка, когда готовил городской архив.","Редактор проверил щука, когда готовил городской архив.",no_existing_candidate_backed_pattern,8,False,"[""frequent_error_exact""]"
pattern_щю_щу,"Эксперт отметил щюка, когда читал утренний выпуск.","Эксперт отметил щука, когда читал утренний выпуск.",no_existing_candidate_backed_pattern,8,False,"[""frequent_error_exact""]"
pattern_щю_щу,Автор увидел щюка и открыл важный договор утром.,Автор увидел щука и открыл важный договор утром.,no_existing_candidate_backed_pattern,9,False,"[""frequent_error_exact""]"
pattern_щю_щу,"Редактор проверил щюка, когда готовил короткая заметка.","Редактор проверил щука, когда готовил короткая заметка.",no_existing_candidate_backed_pattern,8,False,"[""frequent_error_exact""]"
pattern_щю_щу,"Эксперт отметил щюка, когда читал итоговая таблица.","Эксперт отметил щука, когда читал итоговая таблица.",no_existing_candidate_backed_pattern,8,False,"[""frequent_error_exact""]"
pattern_щю_щу,Автор увидел щюка и открыл свежая сводка утром.,Автор увидел щука и открыл свежая сводка утром.,no_existing_candidate_backed_pattern,9,False,"[""frequent_error_exact""]"
pattern_щю_щу,"Редактор проверил щюка, когда готовил открытая заявка.","Редактор проверил щука, когда готовил открытая заявка.",no_existing_candidate_backed_pattern,8,False,"[""frequent_error_exact""]"
pattern_щю_щу,"Эксперт отметил щюка, когда читал письменный ответ.","Эксперт отметил щука, когда читал письменный ответ.",no_existing_candidate_backed_pattern,8,False,"[""frequent_error_exact""]"
pattern_щю_щу,Автор увидел щюка и открыл подробная справка утром.,Автор увидел щука и открыл подробная справка утром.,no_existing_candidate_backed_pattern,9,False,"[""frequent_error_exact""]"
pattern_щю_щу,"Редактор проверил щюка, когда готовил районная комиссия.","Редактор проверил щука, когда готовил районная комиссия.",no_existing_candidate_backed_pattern,8,False,"[""frequent_error_exact""]"
pattern_щю_щу,"Эксперт отметил щюка, когда читал финальный список.","Эксперт отметил щука, когда читал финальный список.",no_existing_candidate_backed_pattern,8,False,"[""frequent_error_exact""]"
pattern_щю_щу,Автор увидел щюка и открыл новая редакция утром.,Автор увидел щука и открыл новая редакция утром.,no_existing_candidate_backed_pattern,9,False,"[""frequent_error_exact""]"
pattern_щю_щу,"Редактор проверил щюка, когда готовил архивная запись.","Редактор проверил щука, когда готовил архивная запись.",no_existing_candidate_backed_pattern,8,False,"[""frequent_error_exact""]"
pattern_щю_щу,"Эксперт отметил щюка, когда читал дежурный редактор.","Эксперт отметил щука, когда читал дежурный редактор.",no_existing_candidate_backed_pattern,8,False,"[""frequent_error_exact""]"
pattern_щю_щу,Автор увидел щюка и открыл общий график утром.,Автор увидел щука и открыл общий график утром.,no_existing_candidate_backed_pattern,9,False,"[""frequent_error_exact""]"
pattern_щю_щу,"Редактор проверил щюка, когда готовил плановая встреча.","Редактор проверил щука, когда готовил плановая встреча.",no_existing_candidate_backed_pattern,8,False,"[""frequent_error_exact""]"
pattern_щю_щу,"Эксперт отметил щюка, когда читал осенняя проверка.","Эксперт отметил щука, когда читал осенняя проверка.",no_existing_candidate_backed_pattern,8,False,"[""frequent_error_exact""]"
pattern_щю_щу,Автор увидел щюка и открыл сводный отчет утром.,Автор увидел щука и открыл сводный отчет утром.,no_existing_candidate_backed_pattern,9,False,"[""frequent_error_exact""]"
pattern_щю_щу,"Редактор проверил щюка, когда готовил важная подпись.","Редактор проверил щука, когда готовил важная подпись.",no_existing_candidate_backed_pattern,8,False,"[""frequent_error_exact""]"
pattern_щю_щу,"Эксперт отметил щюка, когда читал рабочая группа.","Эксперт отметил щука, когда читал рабочая группа.",no_existing_candidate_backed_pattern,8,False,"[""frequent_error_exact""]"
pattern_щю_щу,Автор увидел щюка и открыл городская служба утром.,Автор увидел щука и открыл городская служба утром.,no_existing_candidate_backed_pattern,9,False,"[""frequent_error_exact""]"
pattern_щю_щу,"Редактор проверил щюка, когда готовил новый раздел.","Редактор проверил щука, когда готовил новый раздел.",no_existing_candidate_backed_pattern,8,False,"[""frequent_error_exact""]"
pattern_щю_щу,"Эксперт отметил щюка, когда читал учебная таблица.","Эксперт отметил щука, когда читал учебная таблица.",no_existing_candidate_backed_pattern,8,False,"[""frequent_error_exact""]"
pattern_щю_щу,Автор увидел щюка и открыл вечерний протокол утром.,Автор увидел щука и открыл вечерний протокол утром.,no_existing_candidate_backed_pattern,9,False,"[""frequent_error_exact""]"
pattern_щю_щу,"Редактор проверил щюка, когда готовил проверенный файл.","Редактор проверил щука, когда готовил проверенный файл.",no_existing_candidate_backed_pattern,8,False,"[""frequent_error_exact""]"
pattern_щю_щу,"Эксперт отметил щюка, когда читал согласованный договор.","Эксперт отметил щука, когда читал согласованный договор.",no_existing_candidate_backed_pattern,8,False,"[""frequent_error_exact""]"
pattern_щю_щу,Автор увидел щюка и открыл подготовленный список утром.,Автор увидел щука и открыл подготовленный список утром.,no_existing_candidate_backed_pattern,9,False,"[""frequent_error_exact""]"
pattern_щю_щу,"Редактор проверил щюка, когда готовил закрытая заявка.","Редактор проверил щука, когда готовил закрытая заявка.",no_existing_candidate_backed_pattern,8,False,"[""frequent_error_exact""]"
pattern_щю_щу,"Эксперт отметил щюка, когда читал длинная запись.","Эксперт отметил щука, когда читал длинная запись.",no_existing_candidate_backed_pattern,8,False,"[""frequent_error_exact""]"
pattern_щю_щу,Автор увидел щюка и открыл обновленный журнал утром.,Автор увидел щука и открыл обновленный журнал утром.,no_existing_candidate_backed_pattern,9,False,"[""frequent_error_exact""]"
pattern_щю_щу,"Редактор проверил щюка, когда готовил северный филиал.","Редактор проверил щука, когда готовил северный филиал.",no_existing_candidate_backed_pattern,8,False,"[""frequent_error_exact""]"
pattern_щю_щу,"Эксперт отметил щюка, когда читал зимнее расписание.","Эксперт отметил щука, когда читал зимнее расписание.",no_existing_candidate_backed_pattern,8,False,"[""frequent_error_exact""]"
pattern_щю_щу,Автор увидел щюка и открыл летняя проверка утром.,Автор увидел щука и открыл летняя проверка утром.,no_existing_candidate_backed_pattern,9,False,"[""frequent_error_exact""]"
pattern_щю_щу,"Редактор проверил щюка, когда готовил районный протокол.","Редактор проверил щука, когда готовил районный протокол.",no_existing_candidate_backed_pattern,8,False,"[""frequent_error_exact""]"
pattern_щю_щу,"Эксперт отметил щюка, когда читал входящее письмо.","Эксперт отметил щука, когда читал входящее письмо.",no_existing_candidate_backed_pattern,8,False,"[""frequent_error_exact""]"
pattern_щю_щу,Автор увидел щюка и открыл старый договор утром.,Автор увидел щука и открыл старый договор утром.,no_existing_candidate_backed_pattern,9,False,"[""frequent_error_exact""]"
pattern_щю_щу,"Редактор проверил щюка, когда готовил новая таблица.","Редактор проверил щука, когда готовил новая таблица.",no_existing_candidate_backed_pattern,8,False,"[""frequent_error_exact""]"
pattern_щю_щу,"Эксперт отметил щюка, когда читал закрытый раздел.","Эксперт отметил щука, когда читал закрытый раздел.",no_existing_candidate_backed_pattern,8,False,"[""frequent_error_exact""]"
pattern_щю_щу,Автор увидел щюка и открыл утренний приказ утром.,Автор увидел щука и открыл утренний приказ утром.,no_existing_candidate_backed_pattern,9,False,"[""frequent_error_exact""]"
pattern_щю_щу,"Редактор проверил щюка, когда готовил служебная записка.","Редактор проверил щука, когда готовил служебная записка.",no_existing_candidate_backed_pattern,8,False,"[""frequent_error_exact""]"
pattern_щю_щу,"Эксперт отметил щюка, когда читал городской проект.","Эксперт отметил щука, когда читал городской проект.",no_existing_candidate_backed_pattern,8,False,"[""frequent_error_exact""]"
pattern_щю_щу,Автор увидел щюка и открыл важное решение утром.,Автор увидел щука и открыл важное решение утром.,no_existing_candidate_backed_pattern,9,False,"[""frequent_error_exact""]"
pattern_щю_щу,"Редактор проверил щюка, когда готовил общий список.","Редактор проверил щука, когда готовил общий список.",no_existing_candidate_backed_pattern,8,False,"[""frequent_error_exact""]"
pattern_щю_щу,"Эксперт отметил щюка, когда читал рабочий кабинет.","Эксперт отметил щука, когда читал рабочий кабинет.",no_existing_candidate_backed_pattern,8,False,"[""frequent_error_exact""]"
pattern_щю_щу,Автор увидел щюка и открыл архивный номер утром.,Автор увидел щука и открыл архивный номер утром.,no_existing_candidate_backed_pattern,9,False,"[""frequent_error_exact""]"
pattern_щю_щу,"Редактор проверил щюка, когда готовил открытый вопрос.","Редактор проверил щука, когда готовил открытый вопрос.",no_existing_candidate_backed_pattern,8,False,"[""frequent_error_exact""]"
pattern_щю_щу,"Эксперт отметил щюка, когда читал плановый отчет.","Эксперт отметил щука, когда читал плановый отчет.",no_existing_candidate_backed_pattern,8,False,"[""frequent_error_exact""]"
pattern_щю_щу,Автор увидел щюка и открыл новый маршрут утром.,Автор увидел щука и открыл новый маршрут утром.,no_existing_candidate_backed_pattern,9,False,"[""frequent_error_exact""]"
pattern_щю_щу,"Редактор проверил щюка, когда готовил вечерняя смена.","Редактор проверил щука, когда готовил вечерняя смена.",no_existing_candidate_backed_pattern,9,False,"[""frequent_error_exact"", ""n_nn_short_form""]"
pattern_щю_щу,"Эксперт отметил щюка, когда читал срочная заявка.","Эксперт отметил щука, когда читал срочная заявка.",no_existing_candidate_backed_pattern,8,False,"[""frequent_error_exact""]"
pattern_щю_щу,Автор увидел щюка и открыл письменная просьба утром.,Автор увидел щука и открыл письменная просьба утром.,no_existing_candidate_backed_pattern,9,False,"[""frequent_error_exact""]"
pattern_щю_щу,"Редактор проверил щюка, когда готовил короткий протокол.","Редактор проверил щука, когда готовил короткий протокол.",no_existing_candidate_backed_pattern,8,False,"[""frequent_error_exact""]"
pattern_щю_щу,"Эксперт отметил щюка, когда читал дневной выпуск.","Эксперт отметил щука, когда читал дневной выпуск.",no_existing_candidate_backed_pattern,8,False,"[""frequent_error_exact""]"
pattern_щю_щу,Автор увидел щюка и открыл точная дата утром.,Автор увидел щука и открыл точная дата утром.,no_existing_candidate_backed_pattern,9,False,"[""frequent_error_exact""]"
pattern_щю_щу,"Редактор проверил щюка, когда готовил готовый макет.","Редактор проверил щука, когда готовил готовый макет.",no_existing_candidate_backed_pattern,8,False,"[""frequent_error_exact""]"
pattern_щю_щу,"Эксперт отметил щюка, когда читал основной договор.","Эксперт отметил щука, когда читал основной договор.",no_existing_candidate_backed_pattern,8,False,"[""frequent_error_exact""]"
pattern_щю_щу,Автор увидел щюка и открыл временный график утром.,Автор увидел щука и открыл временный график утром.,no_existing_candidate_backed_pattern,9,False,"[""frequent_error_exact""]"
pattern_щю_щу,"Редактор проверил щюка, когда готовил дежурная группа.","Редактор проверил щука, когда готовил дежурная группа.",no_existing_candidate_backed_pattern,8,False,"[""frequent_error_exact""]"
pattern_щю_щу,"Эксперт отметил щюка, когда читал финальная версия.","Эксперт отметил щука, когда читал финальная версия.",no_existing_candidate_backed_pattern,8,False,"[""frequent_error_exact""]"
pattern_щю_щу,Автор увидел щюка и открыл контрольная таблица утром.,Автор увидел щука и открыл контрольная таблица утром.,no_existing_candidate_backed_pattern,9,False,"[""frequent_error_exact""]"
pattern_щю_щу,"Редактор проверил щюка, когда готовил принятый отчет.","Редактор проверил щука, когда готовил принятый отчет.",no_existing_candidate_backed_pattern,8,False,"[""frequent_error_exact""]"
pattern_щю_щу,"Эксперт отметил щюка, когда читал закрытое письмо.","Эксперт отметил щука, когда читал закрытое письмо.",no_existing_candidate_backed_pattern,8,False,"[""frequent_error_exact""]"
pattern_щю_щу,Автор увидел щюка и открыл служебный ответ утром.,Автор увидел щука и открыл служебный ответ утром.,no_existing_candidate_backed_pattern,9,False,"[""frequent_error_exact""]"
pattern_щю_щу,"Редактор проверил щюка, когда готовил городская программа.","Редактор проверил щука, когда готовил городская программа.",no_existing_candidate_backed_pattern,8,False,"[""frequent_error_exact""]"
subject_predicate_dash,Москва столица России.,Москва — столица России.,no_existing_candidate_backed_pattern,3,False,[]
address_comma,Мария уточни рабочий отчет. После встречи файл остался в архиве.,"Мария, уточни рабочий отчет. После встречи файл остался в архиве.",no_supported_edit,10,False,[]
address_comma,Мария уточни новый документ. Вечером руководитель принял правки.,"Мария, уточни новый документ. Вечером руководитель принял правки.",no_supported_edit,8,False,[]
address_comma,Мария уточни точный план. Затем отдел подготовил справку.,"Мария, уточни точный план. Затем отдел подготовил справку.",no_supported_edit,8,False,[]
address_comma,Мария уточни городской архив. Позже группа обсудила договор.,"Мария, уточни городской архив. Позже группа обсудила договор.",no_supported_edit,8,False,[]
address_comma,Мария уточни утренний выпуск. Утром автор исправил дату.,"Мария, уточни утренний выпуск. Утром автор исправил дату.",no_supported_edit,8,False,[]
comma_subordinate,Если команда успеет то рабочий отчет отправят сегодня. После проверки список закрыли.,"Если команда успеет, то рабочий отчет отправят сегодня. После проверки список закрыли.",no_supported_edit,12,False,[]
comma_subordinate,Если команда успеет то новый документ отправят сегодня. Позже координатор закрыл заявку.,"Если команда успеет, то новый документ отправят сегодня. Позже координатор закрыл заявку.",no_supported_edit,12,False,[]
comma_subordinate,Если команда успеет то точный план отправят сегодня. Вечером секретарь обновил график.,"Если команда успеет, то точный план отправят сегодня. Вечером секретарь обновил график.",no_supported_edit,12,False,[]
comma_subordinate,Если команда успеет то городской архив отправят сегодня. Утром редактор принял отчет.,"Если команда успеет, то городской архив отправят сегодня. Утром редактор принял отчет.",no_supported_edit,12,False,[]
comma_subordinate,Если команда успеет то утренний выпуск отправят сегодня. Затем секретарь проверил журнал.,"Если команда успеет, то утренний выпуск отправят сегодня. Затем секретарь проверил журнал.",no_supported_edit,12,False,[]
dictionary_fuzzy,Команда внесла карова в рабочий отчет перед встречей.,Команда внесла корова в рабочий отчет перед встречей.,no_existing_candidate_backed_pattern,11,False,"[""frequent_error_exact"", ""keyboard_typo_candidate"", ""missing_letter_candidate""]"
dictionary_fuzzy,Автор увидел малако и открыл рабочий отчет утром.,Автор увидел молоко и открыл рабочий отчет утром.,no_existing_candidate_backed_pattern,11,False,"[""dictionary_fuzzy"", ""frequent_error_exact""]"
dictionary_fuzzy,"Секретарь сохранил сабака, потому что рабочий отчет был важен.","Секретарь сохранил собака, потому что рабочий отчет был важен.",no_existing_candidate_backed_pattern,12,False,"[""extra_letter_candidate"", ""frequent_error_exact"", ""keyboard_typo_candidate""]"
dictionary_fuzzy,"Эксперт отметил територия, когда читал рабочий отчет.","Эксперт отметил территория, когда читал рабочий отчет.",no_existing_candidate_backed_pattern,9,False,"[""dictionary_fuzzy"", ""double_consonant_candidate""]"
dictionary_fuzzy,"Редактор проверил карова, когда готовил новый документ.","Редактор проверил корова, когда готовил новый документ.",no_existing_candidate_backed_pattern,10,False,"[""frequent_error_exact"", ""keyboard_typo_candidate"", ""missing_letter_candidate""]"
double_consonant_candidate,Автор увидел проффесия и открыл рабочий отчет утром.,Автор увидел профессия и открыл рабочий отчет утром.,no_existing_candidate_backed_pattern,9,False,"[""dictionary_fuzzy""]"
double_consonant_candidate,"Редактор проверил проффесия, когда готовил новый документ.","Редактор проверил профессия, когда готовил новый документ.",no_existing_candidate_backed_pattern,8,False,"[""dictionary_fuzzy""]"
double_consonant_candidate,"Эксперт отметил проффесия, когда читал точный план.","Эксперт отметил профессия, когда читал точный план.",no_existing_candidate_backed_pattern,8,False,"[""dictionary_fuzzy""]"
double_consonant_candidate,Автор увидел проффесия и открыл городской архив утром.,Автор увидел профессия и открыл городской архив утром.,no_existing_candidate_backed_pattern,9,False,"[""dictionary_fuzzy""]"
double_consonant_candidate,"Редактор проверил проффесия, когда готовил утренний выпуск.","Редактор проверил профессия, когда готовил утренний выпуск.",no_existing_candidate_backed_pattern,8,False,"[""dictionary_fuzzy""]"
enumeration_colon,В отчете указаны три проблемы ошибки задержки и риски.,В отчете указаны три проблемы: ошибки задержки и риски.,no_existing_candidate_backed_pattern,9,False,[]
homogeneous_comma,Команда проверила отчеты письма и заявки.,"Команда проверила отчеты, письма и заявки.",no_existing_candidate_backed_pattern,6,False,[]
introductory_comma,По-видимому рабочий отчет изменился вечером. Вечером автор обновил сводку.,"По-видимому, рабочий отчет изменился вечером. Вечером автор обновил сводку.",no_supported_edit,9,False,[]
introductory_comma,По-видимому новый документ изменился вечером. Затем аналитик обновил запись.,"По-видимому, новый документ изменился вечером. Затем аналитик обновил запись.",no_supported_edit,9,False,[]
introductory_comma,По-видимому точный план изменился вечером. Позже координатор закрыл заявку.,"По-видимому, точный план изменился вечером. Позже координатор закрыл заявку.",no_supported_edit,9,False,[]
introductory_comma,По-видимому городской архив изменился вечером. Утром служба приняла заявку.,"По-видимому, городской архив изменился вечером. Утром служба приняла заявку.",no_supported_edit,9,False,[]
introductory_comma,По-видимому утренний выпуск изменился вечером. После встречи отдел сохранил запись.,"По-видимому, утренний выпуск изменился вечером. После встречи отдел сохранил запись.",no_supported_edit,10,False,[]
keyboard_typo_candidate,"Секретарь сохранил слбака, потому что рабочий отчет был важен.","Секретарь сохранил собака, потому что рабочий отчет был важен.",no_supported_edit,11,False,"[""dictionary_fuzzy"", ""missing_letter_candidate""]"
keyboard_typo_candidate,Команда внесла слбака в новый документ перед встречей.,Команда внесла собака в новый документ перед встречей.,no_supported_edit,10,False,"[""dictionary_fuzzy"", ""missing_letter_candidate""]"
keyboard_typo_candidate,Аналитик записал слбака и обновил точный план вечером.,Аналитик записал собака и обновил точный план вечером.,no_supported_edit,10,False,"[""dictionary_fuzzy"", ""missing_letter_candidate""]"
keyboard_typo_candidate,"Секретарь сохранил слбака, потому что городской архив был важен.","Секретарь сохранил собака, потому что городской архив был важен.",no_supported_edit,11,False,"[""dictionary_fuzzy"", ""missing_letter_candidate""]"
keyboard_typo_candidate,Команда внесла слбака в утренний выпуск перед встречей.,Команда внесла собака в утренний выпуск перед встречей.,no_supported_edit,10,False,"[""dictionary_fuzzy"", ""missing_letter_candidate""]"
missing_letter_candidate,Команда внесла корва в рабочий отчет перед встречей.,Команда внесла корова в рабочий отчет перед встречей.,no_supported_edit,10,False,"[""keyboard_typo_candidate""]"
missing_letter_candidate,Аналитик записал корва и обновил новый документ вечером.,Аналитик записал корова и обновил новый документ вечером.,no_supported_edit,10,False,"[""keyboard_typo_candidate""]"
missing_letter_candidate,"Секретарь сохранил корва, потому что точный план был важен.","Секретарь сохранил корова, потому что точный план был важен.",no_supported_edit,11,False,"[""keyboard_typo_candidate""]"
missing_letter_candidate,Команда внесла корва в городской архив перед встречей.,Команда внесла корова в городской архив перед встречей.,no_supported_edit,10,False,"[""keyboard_typo_candidate""]"
missing_letter_candidate,Аналитик записал корва и обновил утренний выпуск вечером.,Аналитик записал корова и обновил утренний выпуск вечером.,no_supported_edit,10,False,"[""keyboard_typo_candidate""]"
pattern_чю_чу,"Редактор проверил чюдо, когда готовил рабочий отчет.","Редактор проверил чудо, когда готовил рабочий отчет.",no_existing_candidate_backed_pattern,8,False,"[""frequent_error_exact""]"
pattern_чю_чу,Команда внесла чювство в рабочий отчет перед встречей.,Команда внесла чувство в рабочий отчет перед встречей.,no_existing_candidate_backed_pattern,9,False,"[""frequent_error_exact""]"
pattern_чю_чу,"Эксперт отметил чюдо, когда читал новый документ.","Эксперт отметил чудо, когда читал новый документ.",no_existing_candidate_backed_pattern,8,False,"[""frequent_error_exact""]"
pattern_чю_чу,Аналитик записал чювство и обновил новый документ вечером.,Аналитик записал чувство и обновил новый документ вечером.,no_existing_candidate_backed_pattern,9,False,"[""frequent_error_exact""]"
pattern_чю_чу,Автор увидел чюдо и открыл точный план утром.,Автор увидел чудо и открыл точный план утром.,no_existing_candidate_backed_pattern,9,False,"[""frequent_error_exact""]"
pattern_щю_щу,"Редактор проверил щюка, когда готовил рабочий отчет.","Редактор проверил щука, когда готовил рабочий отчет.",no_existing_candidate_backed_pattern,8,False,"[""frequent_error_exact""]"
pattern_щю_щу,"Эксперт отметил щюка, когда читал новый документ.","Эксперт отметил щука, когда читал новый документ.",no_existing_candidate_backed_pattern,8,False,"[""frequent_error_exact""]"
pattern_щю_щу,Автор увидел щюка и открыл точный план утром.,Автор увидел щука и открыл точный план утром.,no_existing_candidate_backed_pattern,9,False,"[""frequent_error_exact""]"
pattern_щю_щу,"Редактор проверил щюка, когда готовил городской архив.","Редактор проверил щука, когда готовил городской архив.",no_existing_candidate_backed_pattern,8,False,"[""frequent_error_exact""]"
pattern_щю_щу,"Эксперт отметил щюка, когда читал утренний выпуск.","Эксперт отметил щука, когда читал утренний выпуск.",no_existing_candidate_backed_pattern,8,False,"[""frequent_error_exact""]"
subject_predicate_dash,Москва столица России.,Москва — столица России.,no_existing_candidate_backed_pattern,3,False,[]
