[dataset-build] {"force": true, "manifest_path": "data\\processed\\dataset_manifest.json", "output_path": "data\\processed\\correction_dataset.csv.gz", "requested_total": 232404, "split_sizes": {"test": 23241, "train": 185923, "val": 23240}, "stage": "start"}
[dataset-build] {"path": "data\\processed\\clean_sentence_pool.csv.gz", "rows": 458298, "stage": "clean_pool_ready"}
[dataset-build] {"output_path": "data\\processed\\real_error_pairs_validated.csv.gz", "stage": "real_pairs_load_start"}
[dataset-build] {"output_path": "data\\processed\\real_error_pairs_validated.csv.gz", "rows": 1969, "stage": "real_pairs_ready"}
[dataset-build] {"active_rule_count": 76, "stage": "active_rules_ready"}
[dataset-build] {"budget": 170365, "clean_rows": 458019, "stage": "corpus_opportunity_start"}
[dataset-build] {"rows": 0, "scanned": 1, "stage": "corpus_opportunity_scan", "synthetic_budget": 170365}
[dataset-build] {"rows": 6497, "scanned": 1000, "stage": "corpus_opportunity_scan", "synthetic_budget": 170365}
[dataset-build] {"rows": 12861, "scanned": 2000, "stage": "corpus_opportunity_scan", "synthetic_budget": 170365}
[dataset-build] {"rows": 17627, "scanned": 3000, "stage": "corpus_opportunity_scan", "synthetic_budget": 170365}
[dataset-build] {"rows": 21709, "scanned": 4000, "stage": "corpus_opportunity_scan", "synthetic_budget": 170365}
[dataset-build] {"rows": 25953, "scanned": 5000, "stage": "corpus_opportunity_scan", "synthetic_budget": 170365}
[dataset-build] {"rows": 29550, "scanned": 6000, "stage": "corpus_opportunity_scan", "synthetic_budget": 170365}
[dataset-build] {"rows": 32588, "scanned": 7000, "stage": "corpus_opportunity_scan", "synthetic_budget": 170365}
[dataset-build] {"rows": 35194, "scanned": 8000, "stage": "corpus_opportunity_scan", "synthetic_budget": 170365}
[dataset-build] {"current": 0, "rule_id": "abbreviation_case_protection", "scan_limit": 80000, "stage": "corpus_specific_rule_start", "target": 1500}
[dataset-build] {"attempts": 5000, "current": 1, "rows": 35199, "rule_id": "abbreviation_case_protection", "stage": "corpus_specific_rule_scan"}
[dataset-build] {"attempts": 10000, "current": 5, "rows": 35203, "rule_id": "abbreviation_case_protection", "stage": "corpus_specific_rule_scan"}
[dataset-build] {"attempts": 15000, "current": 7, "rows": 35205, "rule_id": "abbreviation_case_protection", "stage": "corpus_specific_rule_scan"}
[dataset-build] {"attempts": 20000, "current": 10, "rows": 35208, "rule_id": "abbreviation_case_protection", "stage": "corpus_specific_rule_scan"}
[dataset-build] {"attempts": 25000, "current": 14, "rows": 35212, "rule_id": "abbreviation_case_protection", "stage": "corpus_specific_rule_scan"}
[dataset-build] {"attempts": 30000, "current": 19, "rows": 35217, "rule_id": "abbreviation_case_protection", "stage": "corpus_specific_rule_scan"}
[dataset-build] {"attempts": 35000, "current": 22, "rows": 35220, "rule_id": "abbreviation_case_protection", "stage": "corpus_specific_rule_scan"}
[dataset-build] {"attempts": 40000, "current": 27, "rows": 35225, "rule_id": "abbreviation_case_protection", "stage": "corpus_specific_rule_scan"}
[dataset-build] {"attempts": 45000, "current": 28, "rows": 35226, "rule_id": "abbreviation_case_protection", "stage": "corpus_specific_rule_scan"}
[dataset-build] {"attempts": 50000, "current": 31, "rows": 35229, "rule_id": "abbreviation_case_protection", "stage": "corpus_specific_rule_scan"}
[dataset-build] {"attempts": 55000, "current": 35, "rows": 35233, "rule_id": "abbreviation_case_protection", "stage": "corpus_specific_rule_scan"}
[dataset-build] {"attempts": 60000, "current": 38, "rows": 35236, "rule_id": "abbreviation_case_protection", "stage": "corpus_specific_rule_scan"}
[dataset-build] {"attempts": 65000, "current": 47, "rows": 35245, "rule_id": "abbreviation_case_protection", "stage": "corpus_specific_rule_scan"}
[dataset-build] {"attempts": 70000, "current": 49, "rows": 35247, "rule_id": "abbreviation_case_protection", "stage": "corpus_specific_rule_scan"}
[dataset-build] {"attempts": 75000, "current": 54, "rows": 35252, "rule_id": "abbreviation_case_protection", "stage": "corpus_specific_rule_scan"}
[dataset-build] {"attempts": 80000, "current": 59, "rows": 35257, "rule_id": "abbreviation_case_protection", "stage": "corpus_specific_rule_done"}
[dataset-build] {"current": 0, "rule_id": "address_comma", "scan_limit": 80000, "stage": "corpus_specific_rule_start", "target": 2500}
[dataset-build] {"attempts": 5000, "current": 1249, "rows": 36506, "rule_id": "address_comma", "stage": "corpus_specific_rule_scan"}
[dataset-build] {"attempts": 7777, "current": 2500, "rows": 37757, "rule_id": "address_comma", "stage": "corpus_specific_rule_done"}
[dataset-build] {"current": 0, "rule_id": "apposition_comma", "scan_limit": 80000, "stage": "corpus_specific_rule_start", "target": 2500}
[dataset-build] {"attempts": 5000, "current": 0, "rows": 37757, "rule_id": "apposition_comma", "stage": "corpus_specific_rule_scan"}
[dataset-build] {"attempts": 10000, "current": 1448, "rows": 39205, "rule_id": "apposition_comma", "stage": "corpus_specific_rule_scan"}
[dataset-build] {"attempts": 11520, "current": 2500, "rows": 40257, "rule_id": "apposition_comma", "stage": "corpus_specific_rule_done"}
[dataset-build] {"current": 0, "rule_id": "asyndetic_dash", "scan_limit": 80000, "stage": "corpus_specific_rule_start", "target": 2500}
[dataset-build] {"attempts": 5000, "current": 26, "rows": 40283, "rule_id": "asyndetic_dash", "stage": "corpus_specific_rule_scan"}
[dataset-build] {"attempts": 10000, "current": 87, "rows": 40344, "rule_id": "asyndetic_dash", "stage": "corpus_specific_rule_scan"}
[dataset-build] {"attempts": 15000, "current": 372, "rows": 40629, "rule_id": "asyndetic_dash", "stage": "corpus_specific_rule_scan"}
[dataset-build] {"attempts": 20000, "current": 733, "rows": 40990, "rule_id": "asyndetic_dash", "stage": "corpus_specific_rule_scan"}
[dataset-build] {"attempts": 25000, "current": 1076, "rows": 41333, "rule_id": "asyndetic_dash", "stage": "corpus_specific_rule_scan"}
[dataset-build] {"attempts": 30000, "current": 1448, "rows": 41705, "rule_id": "asyndetic_dash", "stage": "corpus_specific_rule_scan"}
[dataset-build] {"attempts": 35000, "current": 1823, "rows": 42080, "rule_id": "asyndetic_dash", "stage": "corpus_specific_rule_scan"}
[dataset-build] {"attempts": 40000, "current": 2173, "rows": 42430, "rule_id": "asyndetic_dash", "stage": "corpus_specific_rule_scan"}
[dataset-build] {"attempts": 45000, "current": 2494, "rows": 42751, "rule_id": "asyndetic_dash", "stage": "corpus_specific_rule_scan"}
[dataset-build] {"attempts": 45027, "current": 2500, "rows": 42757, "rule_id": "asyndetic_dash", "stage": "corpus_specific_rule_done"}
[dataset-build] {"current": 0, "rule_id": "bracket_pair_balance", "scan_limit": 80000, "stage": "corpus_specific_rule_start", "target": 2500}
[dataset-build] {"attempts": 5000, "current": 42, "rows": 42799, "rule_id": "bracket_pair_balance", "stage": "corpus_specific_rule_scan"}
[dataset-build] {"attempts": 10000, "current": 131, "rows": 42888, "rule_id": "bracket_pair_balance", "stage": "corpus_specific_rule_scan"}
[dataset-build] {"attempts": 15000, "current": 327, "rows": 43084, "rule_id": "bracket_pair_balance", "stage": "corpus_specific_rule_scan"}
[dataset-build] {"attempts": 20000, "current": 552, "rows": 43309, "rule_id": "bracket_pair_balance", "stage": "corpus_specific_rule_scan"}
[dataset-build] {"attempts": 25000, "current": 783, "rows": 43540, "rule_id": "bracket_pair_balance", "stage": "corpus_specific_rule_scan"}
[dataset-build] {"attempts": 30000, "current": 1011, "rows": 43768, "rule_id": "bracket_pair_balance", "stage": "corpus_specific_rule_scan"}
[dataset-build] {"attempts": 35000, "current": 1233, "rows": 43990, "rule_id": "bracket_pair_balance", "stage": "corpus_specific_rule_scan"}
[dataset-build] {"attempts": 40000, "current": 1490, "rows": 44247, "rule_id": "bracket_pair_balance", "stage": "corpus_specific_rule_scan"}
[dataset-build] {"attempts": 45000, "current": 1750, "rows": 44507, "rule_id": "bracket_pair_balance", "stage": "corpus_specific_rule_scan"}
[dataset-build] {"attempts": 50000, "current": 2012, "rows": 44769, "rule_id": "bracket_pair_balance", "stage": "corpus_specific_rule_scan"}
[dataset-build] {"attempts": 55000, "current": 2287, "rows": 45044, "rule_id": "bracket_pair_balance", "stage": "corpus_specific_rule_scan"}
[dataset-build] {"attempts": 58829, "current": 2500, "rows": 45257, "rule_id": "bracket_pair_balance", "stage": "corpus_specific_rule_done"}
[dataset-build] {"current": 0, "rule_id": "capitalization_sentence_start", "scan_limit": 80000, "stage": "corpus_specific_rule_start", "target": 3000}
[dataset-build] {"attempts": 5000, "current": 779, "rows": 46036, "rule_id": "capitalization_sentence_start", "stage": "corpus_specific_rule_scan"}
[dataset-build] {"attempts": 10000, "current": 2150, "rows": 47407, "rule_id": "capitalization_sentence_start", "stage": "corpus_specific_rule_scan"}
[dataset-build] {"attempts": 12022, "current": 3000, "rows": 48257, "rule_id": "capitalization_sentence_start", "stage": "corpus_specific_rule_done"}
[dataset-build] {"current": 0, "rule_id": "clarification_comma", "scan_limit": 80000, "stage": "corpus_specific_rule_start", "target": 2500}
[dataset-build] {"attempts": 5000, "current": 0, "rows": 48257, "rule_id": "clarification_comma", "stage": "corpus_specific_rule_scan"}
[dataset-build] {"attempts": 10000, "current": 0, "rows": 48257, "rule_id": "clarification_comma", "stage": "corpus_specific_rule_scan"}
[dataset-build] {"attempts": 15000, "current": 1776, "rows": 50033, "rule_id": "clarification_comma", "stage": "corpus_specific_rule_scan"}
[dataset-build] {"attempts": 16244, "current": 2500, "rows": 50757, "rule_id": "clarification_comma", "stage": "corpus_specific_rule_done"}
[dataset-build] {"current": 0, "rule_id": "consequence_dash", "scan_limit": 80000, "stage": "corpus_specific_rule_start", "target": 2500}
[dataset-build] {"attempts": 5000, "current": 0, "rows": 50757, "rule_id": "consequence_dash", "stage": "corpus_specific_rule_scan"}
[dataset-build] {"attempts": 10000, "current": 0, "rows": 50757, "rule_id": "consequence_dash", "stage": "corpus_specific_rule_scan"}
[dataset-build] {"attempts": 15000, "current": 0, "rows": 50757, "rule_id": "consequence_dash", "stage": "corpus_specific_rule_scan"}
[dataset-build] {"attempts": 20000, "current": 0, "rows": 50757, "rule_id": "consequence_dash", "stage": "corpus_specific_rule_scan"}
[dataset-build] {"attempts": 25000, "current": 0, "rows": 50757, "rule_id": "consequence_dash", "stage": "corpus_specific_rule_scan"}
[dataset-build] {"attempts": 30000, "current": 0, "rows": 50757, "rule_id": "consequence_dash", "stage": "corpus_specific_rule_scan"}
[dataset-build] {"attempts": 35000, "current": 0, "rows": 50757, "rule_id": "consequence_dash", "stage": "corpus_specific_rule_scan"}
[dataset-build] {"attempts": 40000, "current": 0, "rows": 50757, "rule_id": "consequence_dash", "stage": "corpus_specific_rule_scan"}
[dataset-build] {"attempts": 45000, "current": 0, "rows": 50757, "rule_id": "consequence_dash", "stage": "corpus_specific_rule_scan"}
[dataset-build] {"attempts": 50000, "current": 338, "rows": 51095, "rule_id": "consequence_dash", "stage": "corpus_specific_rule_scan"}
[dataset-build] {"attempts": 55000, "current": 654, "rows": 51411, "rule_id": "consequence_dash", "stage": "corpus_specific_rule_scan"}
[dataset-build] {"attempts": 60000, "current": 989, "rows": 51746, "rule_id": "consequence_dash", "stage": "corpus_specific_rule_scan"}
[dataset-build] {"attempts": 65000, "current": 1331, "rows": 52088, "rule_id": "consequence_dash", "stage": "corpus_specific_rule_scan"}
[dataset-build] {"attempts": 70000, "current": 1687, "rows": 52444, "rule_id": "consequence_dash", "stage": "corpus_specific_rule_scan"}
[dataset-build] {"attempts": 75000, "current": 2049, "rows": 52806, "rule_id": "consequence_dash", "stage": "corpus_specific_rule_scan"}
[dataset-build] {"attempts": 80000, "current": 2387, "rows": 53144, "rule_id": "consequence_dash", "stage": "corpus_specific_rule_done"}
[dataset-build] {"current": 0, "rule_id": "context_chto_by", "scan_limit": 80000, "stage": "corpus_specific_rule_start", "target": 2500}
[dataset-build] {"attempts": 5000, "current": 47, "rows": 53191, "rule_id": "context_chto_by", "stage": "corpus_specific_rule_scan"}
[dataset-build] {"attempts": 10000, "current": 123, "rows": 53267, "rule_id": "context_chto_by", "stage": "corpus_specific_rule_scan"}
[dataset-build] {"attempts": 15000, "current": 212, "rows": 53356, "rule_id": "context_chto_by", "stage": "corpus_specific_rule_scan"}
[dataset-build] {"attempts": 20000, "current": 306, "rows": 53450, "rule_id": "context_chto_by", "stage": "corpus_specific_rule_scan"}
[dataset-build] {"attempts": 25000, "current": 390, "rows": 53534, "rule_id": "context_chto_by", "stage": "corpus_specific_rule_scan"}
[dataset-build] {"attempts": 30000, "current": 484, "rows": 53628, "rule_id": "context_chto_by", "stage": "corpus_specific_rule_scan"}
[dataset-build] {"attempts": 35000, "current": 577, "rows": 53721, "rule_id": "context_chto_by", "stage": "corpus_specific_rule_scan"}
[dataset-build] {"attempts": 40000, "current": 664, "rows": 53808, "rule_id": "context_chto_by", "stage": "corpus_specific_rule_scan"}
[dataset-build] {"attempts": 45000, "current": 762, "rows": 53906, "rule_id": "context_chto_by", "stage": "corpus_specific_rule_scan"}
[dataset-build] {"attempts": 50000, "current": 864, "rows": 54008, "rule_id": "context_chto_by", "stage": "corpus_specific_rule_scan"}
[dataset-build] {"attempts": 55000, "current": 972, "rows": 54116, "rule_id": "context_chto_by", "stage": "corpus_specific_rule_scan"}
[dataset-build] {"attempts": 60000, "current": 1070, "rows": 54214, "rule_id": "context_chto_by", "stage": "corpus_specific_rule_scan"}
[dataset-build] {"attempts": 65000, "current": 1174, "rows": 54318, "rule_id": "context_chto_by", "stage": "corpus_specific_rule_scan"}
[dataset-build] {"attempts": 70000, "current": 1261, "rows": 54405, "rule_id": "context_chto_by", "stage": "corpus_specific_rule_scan"}
[dataset-build] {"attempts": 75000, "current": 1352, "rows": 54496, "rule_id": "context_chto_by", "stage": "corpus_specific_rule_scan"}
[dataset-build] {"attempts": 80000, "current": 1441, "rows": 54585, "rule_id": "context_chto_by", "stage": "corpus_specific_rule_done"}
[dataset-build] {"current": 0, "rule_id": "context_tak_zhe", "scan_limit": 80000, "stage": "corpus_specific_rule_start", "target": 2500}
[dataset-build] {"attempts": 5000, "current": 142, "rows": 54727, "rule_id": "context_tak_zhe", "stage": "corpus_specific_rule_scan"}
[dataset-build] {"attempts": 10000, "current": 341, "rows": 54926, "rule_id": "context_tak_zhe", "stage": "corpus_specific_rule_scan"}
[dataset-build] {"attempts": 15000, "current": 540, "rows": 55125, "rule_id": "context_tak_zhe", "stage": "corpus_specific_rule_scan"}
[dataset-build] {"attempts": 20000, "current": 739, "rows": 55324, "rule_id": "context_tak_zhe", "stage": "corpus_specific_rule_scan"}
[dataset-build] {"attempts": 25000, "current": 965, "rows": 55550, "rule_id": "context_tak_zhe", "stage": "corpus_specific_rule_scan"}
[dataset-build] {"attempts": 30000, "current": 1181, "rows": 55766, "rule_id": "context_tak_zhe", "stage": "corpus_specific_rule_scan"}
[dataset-build] {"attempts": 35000, "current": 1367, "rows": 55952, "rule_id": "context_tak_zhe", "stage": "corpus_specific_rule_scan"}
[dataset-build] {"attempts": 40000, "current": 1571, "rows": 56156, "rule_id": "context_tak_zhe", "stage": "corpus_specific_rule_scan"}
[dataset-build] {"attempts": 45000, "current": 1760, "rows": 56345, "rule_id": "context_tak_zhe", "stage": "corpus_specific_rule_scan"}
[dataset-build] {"attempts": 50000, "current": 1965, "rows": 56550, "rule_id": "context_tak_zhe", "stage": "corpus_specific_rule_scan"}
[dataset-build] {"attempts": 55000, "current": 2151, "rows": 56736, "rule_id": "context_tak_zhe", "stage": "corpus_specific_rule_scan"}
[dataset-build] {"attempts": 60000, "current": 2364, "rows": 56949, "rule_id": "context_tak_zhe", "stage": "corpus_specific_rule_scan"}
[dataset-build] {"attempts": 63049, "current": 2500, "rows": 57085, "rule_id": "context_tak_zhe", "stage": "corpus_specific_rule_done"}
[dataset-build] {"current": 0, "rule_id": "context_to_zhe", "scan_limit": 80000, "stage": "corpus_specific_rule_start", "target": 2500}
[dataset-build] {"attempts": 5000, "current": 17, "rows": 57102, "rule_id": "context_to_zhe", "stage": "corpus_specific_rule_scan"}
[dataset-build] {"attempts": 10000, "current": 47, "rows": 57132, "rule_id": "context_to_zhe", "stage": "corpus_specific_rule_scan"}
[dataset-build] {"attempts": 15000, "current": 83, "rows": 57168, "rule_id": "context_to_zhe", "stage": "corpus_specific_rule_scan"}
[dataset-build] {"attempts": 20000, "current": 110, "rows": 57195, "rule_id": "context_to_zhe", "stage": "corpus_specific_rule_scan"}
[dataset-build] {"attempts": 25000, "current": 136, "rows": 57221, "rule_id": "context_to_zhe", "stage": "corpus_specific_rule_scan"}
[dataset-build] {"attempts": 30000, "current": 155, "rows": 57240, "rule_id": "context_to_zhe", "stage": "corpus_specific_rule_scan"}
[dataset-build] {"attempts": 35000, "current": 183, "rows": 57268, "rule_id": "context_to_zhe", "stage": "corpus_specific_rule_scan"}
[dataset-build] {"attempts": 40000, "current": 211, "rows": 57296, "rule_id": "context_to_zhe", "stage": "corpus_specific_rule_scan"}
[dataset-build] {"attempts": 45000, "current": 234, "rows": 57319, "rule_id": "context_to_zhe", "stage": "corpus_specific_rule_scan"}
[dataset-build] {"attempts": 50000, "current": 261, "rows": 57346, "rule_id": "context_to_zhe", "stage": "corpus_specific_rule_scan"}
[dataset-build] {"attempts": 55000, "current": 283, "rows": 57368, "rule_id": "context_to_zhe", "stage": "corpus_specific_rule_scan"}
[dataset-build] {"attempts": 60000, "current": 318, "rows": 57403, "rule_id": "context_to_zhe", "stage": "corpus_specific_rule_scan"}
[dataset-build] {"attempts": 65000, "current": 357, "rows": 57442, "rule_id": "context_to_zhe", "stage": "corpus_specific_rule_scan"}
[dataset-build] {"attempts": 70000, "current": 384, "rows": 57469, "rule_id": "context_to_zhe", "stage": "corpus_specific_rule_scan"}
[dataset-build] {"attempts": 75000, "current": 418, "rows": 57503, "rule_id": "context_to_zhe", "stage": "corpus_specific_rule_scan"}
[dataset-build] {"attempts": 80000, "current": 442, "rows": 57527, "rule_id": "context_to_zhe", "stage": "corpus_specific_rule_done"}
[dataset-build] {"current": 0, "rule_id": "context_vsledstvie", "scan_limit": 80000, "stage": "corpus_specific_rule_start", "target": 2500}
[dataset-build] {"attempts": 5000, "current": 0, "rows": 57527, "rule_id": "context_vsledstvie", "stage": "corpus_specific_rule_scan"}
[dataset-build] {"attempts": 10000, "current": 0, "rows": 57527, "rule_id": "context_vsledstvie", "stage": "corpus_specific_rule_scan"}
[dataset-build] {"attempts": 15000, "current": 3, "rows": 57530, "rule_id": "context_vsledstvie", "stage": "corpus_specific_rule_scan"}
[dataset-build] {"attempts": 20000, "current": 6, "rows": 57533, "rule_id": "context_vsledstvie", "stage": "corpus_specific_rule_scan"}
[dataset-build] {"attempts": 25000, "current": 6, "rows": 57533, "rule_id": "context_vsledstvie", "stage": "corpus_specific_rule_scan"}
[dataset-build] {"attempts": 30000, "current": 9, "rows": 57536, "rule_id": "context_vsledstvie", "stage": "corpus_specific_rule_scan"}
[dataset-build] {"attempts": 35000, "current": 10, "rows": 57537, "rule_id": "context_vsledstvie", "stage": "corpus_specific_rule_scan"}
[dataset-build] {"attempts": 40000, "current": 11, "rows": 57538, "rule_id": "context_vsledstvie", "stage": "corpus_specific_rule_scan"}
[dataset-build] {"attempts": 45000, "current": 13, "rows": 57540, "rule_id": "context_vsledstvie", "stage": "corpus_specific_rule_scan"}
[dataset-build] {"attempts": 50000, "current": 13, "rows": 57540, "rule_id": "context_vsledstvie", "stage": "corpus_specific_rule_scan"}
[dataset-build] {"attempts": 55000, "current": 13, "rows": 57540, "rule_id": "context_vsledstvie", "stage": "corpus_specific_rule_scan"}
[dataset-build] {"attempts": 60000, "current": 14, "rows": 57541, "rule_id": "context_vsledstvie", "stage": "corpus_specific_rule_scan"}
[dataset-build] {"attempts": 65000, "current": 15, "rows": 57542, "rule_id": "context_vsledstvie", "stage": "corpus_specific_rule_scan"}
[dataset-build] {"attempts": 70000, "current": 17, "rows": 57544, "rule_id": "context_vsledstvie", "stage": "corpus_specific_rule_scan"}
[dataset-build] {"attempts": 75000, "current": 18, "rows": 57545, "rule_id": "context_vsledstvie", "stage": "corpus_specific_rule_scan"}
[dataset-build] {"attempts": 80000, "current": 18, "rows": 57545, "rule_id": "context_vsledstvie", "stage": "corpus_specific_rule_done"}
[dataset-build] {"current": 0, "rule_id": "context_za_to", "scan_limit": 80000, "stage": "corpus_specific_rule_start", "target": 2500}
[dataset-build] {"attempts": 5000, "current": 4, "rows": 57549, "rule_id": "context_za_to", "stage": "corpus_specific_rule_scan"}
[dataset-build] {"attempts": 10000, "current": 16, "rows": 57561, "rule_id": "context_za_to", "stage": "corpus_specific_rule_scan"}
[dataset-build] {"attempts": 15000, "current": 22, "rows": 57567, "rule_id": "context_za_to", "stage": "corpus_specific_rule_scan"}
[dataset-build] {"attempts": 20000, "current": 30, "rows": 57575, "rule_id": "context_za_to", "stage": "corpus_specific_rule_scan"}
[dataset-build] {"attempts": 25000, "current": 35, "rows": 57580, "rule_id": "context_za_to", "stage": "corpus_specific_rule_scan"}
[dataset-build] {"attempts": 30000, "current": 45, "rows": 57590, "rule_id": "context_za_to", "stage": "corpus_specific_rule_scan"}
[dataset-build] {"attempts": 35000, "current": 53, "rows": 57598, "rule_id": "context_za_to", "stage": "corpus_specific_rule_scan"}
[dataset-build] {"attempts": 40000, "current": 60, "rows": 57605, "rule_id": "context_za_to", "stage": "corpus_specific_rule_scan"}
[dataset-build] {"attempts": 45000, "current": 70, "rows": 57615, "rule_id": "context_za_to", "stage": "corpus_specific_rule_scan"}
[dataset-build] {"attempts": 50000, "current": 77, "rows": 57622, "rule_id": "context_za_to", "stage": "corpus_specific_rule_scan"}
[dataset-build] {"attempts": 55000, "current": 82, "rows": 57627, "rule_id": "context_za_to", "stage": "corpus_specific_rule_scan"}
[dataset-build] {"attempts": 60000, "current": 103, "rows": 57648, "rule_id": "context_za_to", "stage": "corpus_specific_rule_scan"}
[dataset-build] {"attempts": 65000, "current": 109, "rows": 57654, "rule_id": "context_za_to", "stage": "corpus_specific_rule_scan"}
[dataset-build] {"attempts": 70000, "current": 117, "rows": 57662, "rule_id": "context_za_to", "stage": "corpus_specific_rule_scan"}
[dataset-build] {"attempts": 75000, "current": 126, "rows": 57671, "rule_id": "context_za_to", "stage": "corpus_specific_rule_scan"}
[dataset-build] {"attempts": 80000, "current": 135, "rows": 57680, "rule_id": "context_za_to", "stage": "corpus_specific_rule_done"}
[dataset-build] {"current": 0, "rule_id": "detached_adverbial_comma", "scan_limit": 80000, "stage": "corpus_specific_rule_start", "target": 2500}
[dataset-build] {"attempts": 5000, "current": 0, "rows": 57680, "rule_id": "detached_adverbial_comma", "stage": "corpus_specific_rule_scan"}
[dataset-build] {"attempts": 10000, "current": 0, "rows": 57680, "rule_id": "detached_adverbial_comma", "stage": "corpus_specific_rule_scan"}
[dataset-build] {"attempts": 15000, "current": 0, "rows": 57680, "rule_id": "detached_adverbial_comma", "stage": "corpus_specific_rule_scan"}
[dataset-build] {"attempts": 20000, "current": 2281, "rows": 59961, "rule_id": "detached_adverbial_comma", "stage": "corpus_specific_rule_scan"}
[dataset-build] {"attempts": 20392, "current": 2500, "rows": 60180, "rule_id": "detached_adverbial_comma", "stage": "corpus_specific_rule_done"}
[dataset-build] {"current": 0, "rule_id": "detached_participial_comma", "scan_limit": 80000, "stage": "corpus_specific_rule_start", "target": 2500}
[dataset-build] {"attempts": 5000, "current": 0, "rows": 60180, "rule_id": "detached_participial_comma", "stage": "corpus_specific_rule_scan"}
[dataset-build] {"attempts": 10000, "current": 0, "rows": 60180, "rule_id": "detached_participial_comma", "stage": "corpus_specific_rule_scan"}
[dataset-build] {"attempts": 15000, "current": 0, "rows": 60180, "rule_id": "detached_participial_comma", "stage": "corpus_specific_rule_scan"}
[dataset-build] {"attempts": 20000, "current": 0, "rows": 60180, "rule_id": "detached_participial_comma", "stage": "corpus_specific_rule_scan"}
[dataset-build] {"attempts": 24561, "current": 2500, "rows": 62680, "rule_id": "detached_participial_comma", "stage": "corpus_specific_rule_done"}
[dataset-build] {"current": 0, "rule_id": "direct_speech_dash", "scan_limit": 80000, "stage": "corpus_specific_rule_start", "target": 2500}
[dataset-build] {"attempts": 5000, "current": 0, "rows": 62680, "rule_id": "direct_speech_dash", "stage": "corpus_specific_rule_scan"}
[dataset-build] {"attempts": 10000, "current": 0, "rows": 62680, "rule_id": "direct_speech_dash", "stage": "corpus_specific_rule_scan"}
[dataset-build] {"attempts": 15000, "current": 0, "rows": 62680, "rule_id": "direct_speech_dash", "stage": "corpus_specific_rule_scan"}
[dataset-build] {"attempts": 20000, "current": 0, "rows": 62680, "rule_id": "direct_speech_dash", "stage": "corpus_specific_rule_scan"}
[dataset-build] {"attempts": 25000, "current": 0, "rows": 62680, "rule_id": "direct_speech_dash", "stage": "corpus_specific_rule_scan"}
[dataset-build] {"attempts": 30000, "current": 0, "rows": 62680, "rule_id": "direct_speech_dash", "stage": "corpus_specific_rule_scan"}
[dataset-build] {"attempts": 35000, "current": 0, "rows": 62680, "rule_id": "direct_speech_dash", "stage": "corpus_specific_rule_scan"}
[dataset-build] {"attempts": 40000, "current": 0, "rows": 62680, "rule_id": "direct_speech_dash", "stage": "corpus_specific_rule_scan"}
[dataset-build] {"attempts": 45000, "current": 0, "rows": 62680, "rule_id": "direct_speech_dash", "stage": "corpus_specific_rule_scan"}
[dataset-build] {"attempts": 50000, "current": 0, "rows": 62680, "rule_id": "direct_speech_dash", "stage": "corpus_specific_rule_scan"}
[dataset-build] {"attempts": 55000, "current": 0, "rows": 62680, "rule_id": "direct_speech_dash", "stage": "corpus_specific_rule_scan"}
[dataset-build] {"attempts": 60000, "current": 0, "rows": 62680, "rule_id": "direct_speech_dash", "stage": "corpus_specific_rule_scan"}
[dataset-build] {"attempts": 65000, "current": 0, "rows": 62680, "rule_id": "direct_speech_dash", "stage": "corpus_specific_rule_scan"}
[dataset-build] {"attempts": 70000, "current": 0, "rows": 62680, "rule_id": "direct_speech_dash", "stage": "corpus_specific_rule_scan"}
[dataset-build] {"attempts": 75000, "current": 0, "rows": 62680, "rule_id": "direct_speech_dash", "stage": "corpus_specific_rule_scan"}
[dataset-build] {"attempts": 80000, "current": 0, "rows": 62680, "rule_id": "direct_speech_dash", "stage": "corpus_specific_rule_done"}
[dataset-build] {"current": 0, "rule_id": "direct_speech_quotes", "scan_limit": 80000, "stage": "corpus_specific_rule_start", "target": 2500}
[dataset-build] {"attempts": 5000, "current": 1287, "rows": 63967, "rule_id": "direct_speech_quotes", "stage": "corpus_specific_rule_scan"}
[dataset-build] {"attempts": 9563, "current": 2500, "rows": 65180, "rule_id": "direct_speech_quotes", "stage": "corpus_specific_rule_done"}
[dataset-build] {"current": 0, "rule_id": "enumeration_colon", "scan_limit": 80000, "stage": "corpus_specific_rule_start", "target": 2500}
[dataset-build] {"attempts": 5000, "current": 4, "rows": 65184, "rule_id": "enumeration_colon", "stage": "corpus_specific_rule_scan"}
[dataset-build] {"attempts": 10000, "current": 5, "rows": 65185, "rule_id": "enumeration_colon", "stage": "corpus_specific_rule_scan"}
[dataset-build] {"attempts": 15000, "current": 20, "rows": 65200, "rule_id": "enumeration_colon", "stage": "corpus_specific_rule_scan"}
[dataset-build] {"attempts": 20000, "current": 49, "rows": 65229, "rule_id": "enumeration_colon", "stage": "corpus_specific_rule_scan"}
[dataset-build] {"attempts": 25000, "current": 85, "rows": 65265, "rule_id": "enumeration_colon", "stage": "corpus_specific_rule_scan"}
[dataset-build] {"attempts": 30000, "current": 192, "rows": 65372, "rule_id": "enumeration_colon", "stage": "corpus_specific_rule_scan"}
[dataset-build] {"attempts": 35000, "current": 312, "rows": 65492, "rule_id": "enumeration_colon", "stage": "corpus_specific_rule_scan"}
[dataset-build] {"attempts": 40000, "current": 414, "rows": 65594, "rule_id": "enumeration_colon", "stage": "corpus_specific_rule_scan"}
[dataset-build] {"attempts": 45000, "current": 520, "rows": 65700, "rule_id": "enumeration_colon", "stage": "corpus_specific_rule_scan"}
[dataset-build] {"attempts": 50000, "current": 635, "rows": 65815, "rule_id": "enumeration_colon", "stage": "corpus_specific_rule_scan"}
[dataset-build] {"attempts": 55000, "current": 743, "rows": 65923, "rule_id": "enumeration_colon", "stage": "corpus_specific_rule_scan"}
[dataset-build] {"attempts": 60000, "current": 844, "rows": 66024, "rule_id": "enumeration_colon", "stage": "corpus_specific_rule_scan"}
[dataset-build] {"attempts": 65000, "current": 959, "rows": 66139, "rule_id": "enumeration_colon", "stage": "corpus_specific_rule_scan"}
[dataset-build] {"attempts": 70000, "current": 1096, "rows": 66276, "rule_id": "enumeration_colon", "stage": "corpus_specific_rule_scan"}
[dataset-build] {"attempts": 75000, "current": 1223, "rows": 66403, "rule_id": "enumeration_colon", "stage": "corpus_specific_rule_scan"}
[dataset-build] {"attempts": 80000, "current": 1321, "rows": 66501, "rule_id": "enumeration_colon", "stage": "corpus_specific_rule_done"}
[dataset-build] {"current": 0, "rule_id": "enumeration_dash", "scan_limit": 80000, "stage": "corpus_specific_rule_start", "target": 2500}
[dataset-build] {"attempts": 5000, "current": 0, "rows": 66501, "rule_id": "enumeration_dash", "stage": "corpus_specific_rule_scan"}
[dataset-build] {"attempts": 10000, "current": 0, "rows": 66501, "rule_id": "enumeration_dash", "stage": "corpus_specific_rule_scan"}
[dataset-build] {"attempts": 15000, "current": 0, "rows": 66501, "rule_id": "enumeration_dash", "stage": "corpus_specific_rule_scan"}
[dataset-build] {"attempts": 20000, "current": 0, "rows": 66501, "rule_id": "enumeration_dash", "stage": "corpus_specific_rule_scan"}
[dataset-build] {"attempts": 25000, "current": 0, "rows": 66501, "rule_id": "enumeration_dash", "stage": "corpus_specific_rule_scan"}
[dataset-build] {"attempts": 30000, "current": 0, "rows": 66501, "rule_id": "enumeration_dash", "stage": "corpus_specific_rule_scan"}
[dataset-build] {"attempts": 35000, "current": 0, "rows": 66501, "rule_id": "enumeration_dash", "stage": "corpus_specific_rule_scan"}
[dataset-build] {"attempts": 40000, "current": 0, "rows": 66501, "rule_id": "enumeration_dash", "stage": "corpus_specific_rule_scan"}
[dataset-build] {"attempts": 45000, "current": 0, "rows": 66501, "rule_id": "enumeration_dash", "stage": "corpus_specific_rule_scan"}
[dataset-build] {"attempts": 50000, "current": 0, "rows": 66501, "rule_id": "enumeration_dash", "stage": "corpus_specific_rule_scan"}
[dataset-build] {"attempts": 55000, "current": 0, "rows": 66501, "rule_id": "enumeration_dash", "stage": "corpus_specific_rule_scan"}
[dataset-build] {"attempts": 60000, "current": 0, "rows": 66501, "rule_id": "enumeration_dash", "stage": "corpus_specific_rule_scan"}
[dataset-build] {"attempts": 65000, "current": 0, "rows": 66501, "rule_id": "enumeration_dash", "stage": "corpus_specific_rule_scan"}
[dataset-build] {"attempts": 70000, "current": 0, "rows": 66501, "rule_id": "enumeration_dash", "stage": "corpus_specific_rule_scan"}
[dataset-build] {"attempts": 75000, "current": 0, "rows": 66501, "rule_id": "enumeration_dash", "stage": "corpus_specific_rule_scan"}
[dataset-build] {"attempts": 80000, "current": 0, "rows": 66501, "rule_id": "enumeration_dash", "stage": "corpus_specific_rule_done"}
[dataset-build] {"current": 0, "rule_id": "explanation_colon", "scan_limit": 80000, "stage": "corpus_specific_rule_start", "target": 2500}
[dataset-build] {"attempts": 5000, "current": 0, "rows": 66501, "rule_id": "explanation_colon", "stage": "corpus_specific_rule_scan"}
[dataset-build] {"attempts": 10000, "current": 0, "rows": 66501, "rule_id": "explanation_colon", "stage": "corpus_specific_rule_scan"}
[dataset-build] {"attempts": 15000, "current": 0, "rows": 66501, "rule_id": "explanation_colon", "stage": "corpus_specific_rule_scan"}
[dataset-build] {"attempts": 20000, "current": 0, "rows": 66501, "rule_id": "explanation_colon", "stage": "corpus_specific_rule_scan"}
[dataset-build] {"attempts": 25000, "current": 0, "rows": 66501, "rule_id": "explanation_colon", "stage": "corpus_specific_rule_scan"}
[dataset-build] {"attempts": 30000, "current": 0, "rows": 66501, "rule_id": "explanation_colon", "stage": "corpus_specific_rule_scan"}
[dataset-build] {"attempts": 35000, "current": 0, "rows": 66501, "rule_id": "explanation_colon", "stage": "corpus_specific_rule_scan"}
[dataset-build] {"attempts": 40000, "current": 0, "rows": 66501, "rule_id": "explanation_colon", "stage": "corpus_specific_rule_scan"}
[dataset-build] {"attempts": 45000, "current": 0, "rows": 66501, "rule_id": "explanation_colon", "stage": "corpus_specific_rule_scan"}
[dataset-build] {"attempts": 50000, "current": 0, "rows": 66501, "rule_id": "explanation_colon", "stage": "corpus_specific_rule_scan"}
[dataset-build] {"attempts": 55000, "current": 0, "rows": 66501, "rule_id": "explanation_colon", "stage": "corpus_specific_rule_scan"}
[dataset-build] {"attempts": 60000, "current": 0, "rows": 66501, "rule_id": "explanation_colon", "stage": "corpus_specific_rule_scan"}
[dataset-build] {"attempts": 65000, "current": 0, "rows": 66501, "rule_id": "explanation_colon", "stage": "corpus_specific_rule_scan"}
[dataset-build] {"attempts": 70000, "current": 0, "rows": 66501, "rule_id": "explanation_colon", "stage": "corpus_specific_rule_scan"}
[dataset-build] {"attempts": 75000, "current": 0, "rows": 66501, "rule_id": "explanation_colon", "stage": "corpus_specific_rule_scan"}
[dataset-build] {"attempts": 80000, "current": 0, "rows": 66501, "rule_id": "explanation_colon", "stage": "corpus_specific_rule_done"}
[dataset-build] {"current": 0, "rule_id": "hyphen_koe_koy", "scan_limit": 80000, "stage": "corpus_specific_rule_start", "target": 3000}
[dataset-build] {"attempts": 5000, "current": 0, "rows": 66501, "rule_id": "hyphen_koe_koy", "stage": "corpus_specific_rule_scan"}
[dataset-build] {"attempts": 10000, "current": 0, "rows": 66501, "rule_id": "hyphen_koe_koy", "stage": "corpus_specific_rule_scan"}
[dataset-build] {"attempts": 15000, "current": 0, "rows": 66501, "rule_id": "hyphen_koe_koy", "stage": "corpus_specific_rule_scan"}
[dataset-build] {"attempts": 20000, "current": 0, "rows": 66502, "rule_id": "hyphen_koe_koy", "stage": "corpus_specific_rule_scan"}
[dataset-build] {"attempts": 25000, "current": 0, "rows": 66502, "rule_id": "hyphen_koe_koy", "stage": "corpus_specific_rule_scan"}
[dataset-build] {"attempts": 30000, "current": 0, "rows": 66503, "rule_id": "hyphen_koe_koy", "stage": "corpus_specific_rule_scan"}
[dataset-build] {"attempts": 35000, "current": 0, "rows": 66503, "rule_id": "hyphen_koe_koy", "stage": "corpus_specific_rule_scan"}
[dataset-build] {"attempts": 40000, "current": 0, "rows": 66503, "rule_id": "hyphen_koe_koy", "stage": "corpus_specific_rule_scan"}
[dataset-build] {"attempts": 45000, "current": 0, "rows": 66503, "rule_id": "hyphen_koe_koy", "stage": "corpus_specific_rule_scan"}
[dataset-build] {"attempts": 50000, "current": 0, "rows": 66504, "rule_id": "hyphen_koe_koy", "stage": "corpus_specific_rule_scan"}
[dataset-build] {"attempts": 55000, "current": 0, "rows": 66504, "rule_id": "hyphen_koe_koy", "stage": "corpus_specific_rule_scan"}
[dataset-build] {"attempts": 60000, "current": 0, "rows": 66504, "rule_id": "hyphen_koe_koy", "stage": "corpus_specific_rule_scan"}
[dataset-build] {"attempts": 65000, "current": 0, "rows": 66505, "rule_id": "hyphen_koe_koy", "stage": "corpus_specific_rule_scan"}
[dataset-build] {"attempts": 70000, "current": 0, "rows": 66505, "rule_id": "hyphen_koe_koy", "stage": "corpus_specific_rule_scan"}
[dataset-build] {"attempts": 75000, "current": 0, "rows": 66505, "rule_id": "hyphen_koe_koy", "stage": "corpus_specific_rule_scan"}
[dataset-build] {"attempts": 80000, "current": 0, "rows": 66506, "rule_id": "hyphen_koe_koy", "stage": "corpus_specific_rule_done"}
[dataset-build] {"current": 0, "rule_id": "hyphen_po_adverbs", "scan_limit": 80000, "stage": "corpus_specific_rule_start", "target": 3000}
[dataset-build] {"attempts": 5000, "current": 0, "rows": 66506, "rule_id": "hyphen_po_adverbs", "stage": "corpus_specific_rule_scan"}
[dataset-build] {"attempts": 10000, "current": 0, "rows": 66506, "rule_id": "hyphen_po_adverbs", "stage": "corpus_specific_rule_scan"}
[dataset-build] {"attempts": 15000, "current": 0, "rows": 66507, "rule_id": "hyphen_po_adverbs", "stage": "corpus_specific_rule_scan"}
[dataset-build] {"attempts": 20000, "current": 0, "rows": 66508, "rule_id": "hyphen_po_adverbs", "stage": "corpus_specific_rule_scan"}
[dataset-build] {"attempts": 25000, "current": 0, "rows": 66510, "rule_id": "hyphen_po_adverbs", "stage": "corpus_specific_rule_scan"}
[dataset-build] {"attempts": 30000, "current": 0, "rows": 66510, "rule_id": "hyphen_po_adverbs", "stage": "corpus_specific_rule_scan"}
[dataset-build] {"attempts": 35000, "current": 0, "rows": 66510, "rule_id": "hyphen_po_adverbs", "stage": "corpus_specific_rule_scan"}
[dataset-build] {"attempts": 40000, "current": 0, "rows": 66510, "rule_id": "hyphen_po_adverbs", "stage": "corpus_specific_rule_scan"}
[dataset-build] {"attempts": 45000, "current": 0, "rows": 66510, "rule_id": "hyphen_po_adverbs", "stage": "corpus_specific_rule_scan"}
[dataset-build] {"attempts": 50000, "current": 0, "rows": 66510, "rule_id": "hyphen_po_adverbs", "stage": "corpus_specific_rule_scan"}
[dataset-build] {"attempts": 55000, "current": 0, "rows": 66510, "rule_id": "hyphen_po_adverbs", "stage": "corpus_specific_rule_scan"}
[dataset-build] {"attempts": 60000, "current": 0, "rows": 66512, "rule_id": "hyphen_po_adverbs", "stage": "corpus_specific_rule_scan"}
[dataset-build] {"attempts": 65000, "current": 0, "rows": 66514, "rule_id": "hyphen_po_adverbs", "stage": "corpus_specific_rule_scan"}
[dataset-build] {"attempts": 70000, "current": 0, "rows": 66515, "rule_id": "hyphen_po_adverbs", "stage": "corpus_specific_rule_scan"}
[dataset-build] {"attempts": 75000, "current": 0, "rows": 66515, "rule_id": "hyphen_po_adverbs", "stage": "corpus_specific_rule_scan"}
[dataset-build] {"attempts": 80000, "current": 0, "rows": 66516, "rule_id": "hyphen_po_adverbs", "stage": "corpus_specific_rule_done"}
[dataset-build] {"current": 0, "rule_id": "ne_adverb", "scan_limit": 80000, "stage": "corpus_specific_rule_start", "target": 2500}
[dataset-build] {"attempts": 5000, "current": 0, "rows": 66516, "rule_id": "ne_adverb", "stage": "corpus_specific_rule_scan"}
[dataset-build] {"attempts": 10000, "current": 0, "rows": 66516, "rule_id": "ne_adverb", "stage": "corpus_specific_rule_scan"}
[dataset-build] {"attempts": 15000, "current": 0, "rows": 66516, "rule_id": "ne_adverb", "stage": "corpus_specific_rule_scan"}
[dataset-build] {"attempts": 20000, "current": 0, "rows": 66516, "rule_id": "ne_adverb", "stage": "corpus_specific_rule_scan"}
[dataset-build] {"attempts": 25000, "current": 0, "rows": 66516, "rule_id": "ne_adverb", "stage": "corpus_specific_rule_scan"}
[dataset-build] {"attempts": 30000, "current": 0, "rows": 66516, "rule_id": "ne_adverb", "stage": "corpus_specific_rule_scan"}
[dataset-build] {"attempts": 35000, "current": 0, "rows": 66516, "rule_id": "ne_adverb", "stage": "corpus_specific_rule_scan"}
[dataset-build] {"attempts": 40000, "current": 0, "rows": 66516, "rule_id": "ne_adverb", "stage": "corpus_specific_rule_scan"}
[dataset-build] {"attempts": 45000, "current": 0, "rows": 66516, "rule_id": "ne_adverb", "stage": "corpus_specific_rule_scan"}
[dataset-build] {"attempts": 50000, "current": 0, "rows": 66516, "rule_id": "ne_adverb", "stage": "corpus_specific_rule_scan"}
[dataset-build] {"attempts": 55000, "current": 0, "rows": 66516, "rule_id": "ne_adverb", "stage": "corpus_specific_rule_scan"}
[dataset-build] {"attempts": 60000, "current": 0, "rows": 66516, "rule_id": "ne_adverb", "stage": "corpus_specific_rule_scan"}
[dataset-build] {"attempts": 65000, "current": 0, "rows": 66516, "rule_id": "ne_adverb", "stage": "corpus_specific_rule_scan"}
[dataset-build] {"attempts": 70000, "current": 0, "rows": 66516, "rule_id": "ne_adverb", "stage": "corpus_specific_rule_scan"}
[dataset-build] {"attempts": 75000, "current": 0, "rows": 66516, "rule_id": "ne_adverb", "stage": "corpus_specific_rule_scan"}
[dataset-build] {"attempts": 80000, "current": 0, "rows": 66516, "rule_id": "ne_adverb", "stage": "corpus_specific_rule_done"}
[dataset-build] {"current": 0, "rule_id": "ne_participle", "scan_limit": 80000, "stage": "corpus_specific_rule_start", "target": 2500}
[dataset-build] {"attempts": 5000, "current": 0, "rows": 66516, "rule_id": "ne_participle", "stage": "corpus_specific_rule_scan"}
[dataset-build] {"attempts": 10000, "current": 0, "rows": 66516, "rule_id": "ne_participle", "stage": "corpus_specific_rule_scan"}
[dataset-build] {"attempts": 15000, "current": 0, "rows": 66516, "rule_id": "ne_participle", "stage": "corpus_specific_rule_scan"}
[dataset-build] {"attempts": 20000, "current": 0, "rows": 66516, "rule_id": "ne_participle", "stage": "corpus_specific_rule_scan"}
[dataset-build] {"attempts": 25000, "current": 0, "rows": 66516, "rule_id": "ne_participle", "stage": "corpus_specific_rule_scan"}
[dataset-build] {"attempts": 30000, "current": 0, "rows": 66516, "rule_id": "ne_participle", "stage": "corpus_specific_rule_scan"}
[dataset-build] {"attempts": 35000, "current": 0, "rows": 66516, "rule_id": "ne_participle", "stage": "corpus_specific_rule_scan"}
[dataset-build] {"attempts": 40000, "current": 0, "rows": 66516, "rule_id": "ne_participle", "stage": "corpus_specific_rule_scan"}
[dataset-build] {"attempts": 45000, "current": 0, "rows": 66516, "rule_id": "ne_participle", "stage": "corpus_specific_rule_scan"}
[dataset-build] {"attempts": 50000, "current": 0, "rows": 66516, "rule_id": "ne_participle", "stage": "corpus_specific_rule_scan"}
[dataset-build] {"attempts": 55000, "current": 0, "rows": 66516, "rule_id": "ne_participle", "stage": "corpus_specific_rule_scan"}
[dataset-build] {"attempts": 60000, "current": 0, "rows": 66516, "rule_id": "ne_participle", "stage": "corpus_specific_rule_scan"}
[dataset-build] {"attempts": 65000, "current": 0, "rows": 66516, "rule_id": "ne_participle", "stage": "corpus_specific_rule_scan"}
[dataset-build] {"attempts": 70000, "current": 0, "rows": 66516, "rule_id": "ne_participle", "stage": "corpus_specific_rule_scan"}
[dataset-build] {"attempts": 75000, "current": 0, "rows": 66516, "rule_id": "ne_participle", "stage": "corpus_specific_rule_scan"}
[dataset-build] {"attempts": 80000, "current": 0, "rows": 66516, "rule_id": "ne_participle", "stage": "corpus_specific_rule_done"}
[dataset-build] {"current": 0, "rule_id": "ne_short_form", "scan_limit": 80000, "stage": "corpus_specific_rule_start", "target": 2500}
[dataset-build] {"attempts": 5000, "current": 0, "rows": 66516, "rule_id": "ne_short_form", "stage": "corpus_specific_rule_scan"}
[dataset-build] {"attempts": 10000, "current": 0, "rows": 66516, "rule_id": "ne_short_form", "stage": "corpus_specific_rule_scan"}
[dataset-build] {"attempts": 15000, "current": 0, "rows": 66516, "rule_id": "ne_short_form", "stage": "corpus_specific_rule_scan"}
[dataset-build] {"attempts": 20000, "current": 0, "rows": 66516, "rule_id": "ne_short_form", "stage": "corpus_specific_rule_scan"}
[dataset-build] {"attempts": 25000, "current": 0, "rows": 66516, "rule_id": "ne_short_form", "stage": "corpus_specific_rule_scan"}
[dataset-build] {"attempts": 30000, "current": 0, "rows": 66516, "rule_id": "ne_short_form", "stage": "corpus_specific_rule_scan"}
[dataset-build] {"attempts": 35000, "current": 0, "rows": 66516, "rule_id": "ne_short_form", "stage": "corpus_specific_rule_scan"}
[dataset-build] {"attempts": 40000, "current": 0, "rows": 66516, "rule_id": "ne_short_form", "stage": "corpus_specific_rule_scan"}
[dataset-build] {"attempts": 45000, "current": 0, "rows": 66516, "rule_id": "ne_short_form", "stage": "corpus_specific_rule_scan"}
[dataset-build] {"attempts": 50000, "current": 0, "rows": 66516, "rule_id": "ne_short_form", "stage": "corpus_specific_rule_scan"}
[dataset-build] {"attempts": 55000, "current": 0, "rows": 66516, "rule_id": "ne_short_form", "stage": "corpus_specific_rule_scan"}
[dataset-build] {"attempts": 60000, "current": 0, "rows": 66516, "rule_id": "ne_short_form", "stage": "corpus_specific_rule_scan"}
[dataset-build] {"attempts": 65000, "current": 0, "rows": 66516, "rule_id": "ne_short_form", "stage": "corpus_specific_rule_scan"}
[dataset-build] {"attempts": 70000, "current": 0, "rows": 66516, "rule_id": "ne_short_form", "stage": "corpus_specific_rule_scan"}
[dataset-build] {"attempts": 75000, "current": 0, "rows": 66516, "rule_id": "ne_short_form", "stage": "corpus_specific_rule_scan"}
[dataset-build] {"attempts": 80000, "current": 0, "rows": 66516, "rule_id": "ne_short_form", "stage": "corpus_specific_rule_done"}
[dataset-build] {"current": 0, "rule_id": "ni_particle_context", "scan_limit": 80000, "stage": "corpus_specific_rule_start", "target": 2500}
[dataset-build] {"attempts": 5000, "current": 0, "rows": 66516, "rule_id": "ni_particle_context", "stage": "corpus_specific_rule_scan"}
[dataset-build] {"attempts": 10000, "current": 0, "rows": 66516, "rule_id": "ni_particle_context", "stage": "corpus_specific_rule_scan"}
[dataset-build] {"attempts": 15000, "current": 0, "rows": 66516, "rule_id": "ni_particle_context", "stage": "corpus_specific_rule_scan"}
[dataset-build] {"attempts": 20000, "current": 0, "rows": 66516, "rule_id": "ni_particle_context", "stage": "corpus_specific_rule_scan"}
[dataset-build] {"attempts": 25000, "current": 0, "rows": 66516, "rule_id": "ni_particle_context", "stage": "corpus_specific_rule_scan"}
[dataset-build] {"attempts": 30000, "current": 0, "rows": 66516, "rule_id": "ni_particle_context", "stage": "corpus_specific_rule_scan"}
[dataset-build] {"attempts": 35000, "current": 0, "rows": 66516, "rule_id": "ni_particle_context", "stage": "corpus_specific_rule_scan"}
[dataset-build] {"attempts": 40000, "current": 0, "rows": 66516, "rule_id": "ni_particle_context", "stage": "corpus_specific_rule_scan"}
[dataset-build] {"attempts": 45000, "current": 0, "rows": 66516, "rule_id": "ni_particle_context", "stage": "corpus_specific_rule_scan"}
[dataset-build] {"attempts": 50000, "current": 0, "rows": 66516, "rule_id": "ni_particle_context", "stage": "corpus_specific_rule_scan"}
[dataset-build] {"attempts": 55000, "current": 0, "rows": 66516, "rule_id": "ni_particle_context", "stage": "corpus_specific_rule_scan"}
[dataset-build] {"attempts": 60000, "current": 0, "rows": 66516, "rule_id": "ni_particle_context", "stage": "corpus_specific_rule_scan"}
[dataset-build] {"attempts": 65000, "current": 0, "rows": 66516, "rule_id": "ni_particle_context", "stage": "corpus_specific_rule_scan"}
[dataset-build] {"attempts": 70000, "current": 0, "rows": 66516, "rule_id": "ni_particle_context", "stage": "corpus_specific_rule_scan"}
[dataset-build] {"attempts": 75000, "current": 0, "rows": 66516, "rule_id": "ni_particle_context", "stage": "corpus_specific_rule_scan"}
[dataset-build] {"attempts": 80000, "current": 0, "rows": 66516, "rule_id": "ni_particle_context", "stage": "corpus_specific_rule_done"}
[dataset-build] {"current": 0, "rule_id": "ni_stable_expression", "scan_limit": 80000, "stage": "corpus_specific_rule_start", "target": 2500}
[dataset-build] {"attempts": 5000, "current": 0, "rows": 66516, "rule_id": "ni_stable_expression", "stage": "corpus_specific_rule_scan"}
[dataset-build] {"attempts": 10000, "current": 0, "rows": 66516, "rule_id": "ni_stable_expression", "stage": "corpus_specific_rule_scan"}
[dataset-build] {"attempts": 15000, "current": 0, "rows": 66516, "rule_id": "ni_stable_expression", "stage": "corpus_specific_rule_scan"}
[dataset-build] {"attempts": 20000, "current": 0, "rows": 66516, "rule_id": "ni_stable_expression", "stage": "corpus_specific_rule_scan"}
[dataset-build] {"attempts": 25000, "current": 0, "rows": 66516, "rule_id": "ni_stable_expression", "stage": "corpus_specific_rule_scan"}
[dataset-build] {"attempts": 30000, "current": 0, "rows": 66516, "rule_id": "ni_stable_expression", "stage": "corpus_specific_rule_scan"}
[dataset-build] {"attempts": 35000, "current": 0, "rows": 66516, "rule_id": "ni_stable_expression", "stage": "corpus_specific_rule_scan"}
[dataset-build] {"attempts": 40000, "current": 0, "rows": 66516, "rule_id": "ni_stable_expression", "stage": "corpus_specific_rule_scan"}
[dataset-build] {"attempts": 45000, "current": 0, "rows": 66516, "rule_id": "ni_stable_expression", "stage": "corpus_specific_rule_scan"}
[dataset-build] {"attempts": 50000, "current": 0, "rows": 66516, "rule_id": "ni_stable_expression", "stage": "corpus_specific_rule_scan"}
[dataset-build] {"attempts": 55000, "current": 0, "rows": 66516, "rule_id": "ni_stable_expression", "stage": "corpus_specific_rule_scan"}
[dataset-build] {"attempts": 60000, "current": 0, "rows": 66516, "rule_id": "ni_stable_expression", "stage": "corpus_specific_rule_scan"}
[dataset-build] {"attempts": 65000, "current": 0, "rows": 66516, "rule_id": "ni_stable_expression", "stage": "corpus_specific_rule_scan"}
[dataset-build] {"attempts": 70000, "current": 0, "rows": 66516, "rule_id": "ni_stable_expression", "stage": "corpus_specific_rule_scan"}
[dataset-build] {"attempts": 75000, "current": 0, "rows": 66516, "rule_id": "ni_stable_expression", "stage": "corpus_specific_rule_scan"}
[dataset-build] {"attempts": 80000, "current": 0, "rows": 66516, "rule_id": "ni_stable_expression", "stage": "corpus_specific_rule_done"}
[dataset-build] {"current": 0, "rule_id": "pol_polu_compounds", "scan_limit": 80000, "stage": "corpus_specific_rule_start", "target": 2500}
[dataset-build] {"attempts": 5000, "current": 0, "rows": 66516, "rule_id": "pol_polu_compounds", "stage": "corpus_specific_rule_scan"}
[dataset-build] {"attempts": 10000, "current": 0, "rows": 66516, "rule_id": "pol_polu_compounds", "stage": "corpus_specific_rule_scan"}
[dataset-build] {"attempts": 15000, "current": 0, "rows": 66516, "rule_id": "pol_polu_compounds", "stage": "corpus_specific_rule_scan"}
[dataset-build] {"attempts": 20000, "current": 0, "rows": 66516, "rule_id": "pol_polu_compounds", "stage": "corpus_specific_rule_scan"}
[dataset-build] {"attempts": 25000, "current": 0, "rows": 66516, "rule_id": "pol_polu_compounds", "stage": "corpus_specific_rule_scan"}
[dataset-build] {"attempts": 30000, "current": 0, "rows": 66516, "rule_id": "pol_polu_compounds", "stage": "corpus_specific_rule_scan"}
[dataset-build] {"attempts": 35000, "current": 0, "rows": 66516, "rule_id": "pol_polu_compounds", "stage": "corpus_specific_rule_scan"}
[dataset-build] {"attempts": 40000, "current": 0, "rows": 66516, "rule_id": "pol_polu_compounds", "stage": "corpus_specific_rule_scan"}
[dataset-build] {"attempts": 45000, "current": 0, "rows": 66516, "rule_id": "pol_polu_compounds", "stage": "corpus_specific_rule_scan"}
[dataset-build] {"attempts": 50000, "current": 0, "rows": 66516, "rule_id": "pol_polu_compounds", "stage": "corpus_specific_rule_scan"}
[dataset-build] {"attempts": 55000, "current": 0, "rows": 66516, "rule_id": "pol_polu_compounds", "stage": "corpus_specific_rule_scan"}
[dataset-build] {"attempts": 60000, "current": 0, "rows": 66516, "rule_id": "pol_polu_compounds", "stage": "corpus_specific_rule_scan"}
[dataset-build] {"attempts": 65000, "current": 0, "rows": 66516, "rule_id": "pol_polu_compounds", "stage": "corpus_specific_rule_scan"}
[dataset-build] {"attempts": 70000, "current": 0, "rows": 66516, "rule_id": "pol_polu_compounds", "stage": "corpus_specific_rule_scan"}
[dataset-build] {"attempts": 75000, "current": 0, "rows": 66516, "rule_id": "pol_polu_compounds", "stage": "corpus_specific_rule_scan"}
[dataset-build] {"attempts": 80000, "current": 0, "rows": 66516, "rule_id": "pol_polu_compounds", "stage": "corpus_specific_rule_done"}
[dataset-build] {"current": 0, "rule_id": "punctuation_delete_replace", "scan_limit": 80000, "stage": "corpus_specific_rule_start", "target": 2500}
[dataset-build] {"attempts": 5000, "current": 36, "rows": 66552, "rule_id": "punctuation_delete_replace", "stage": "corpus_specific_rule_scan"}
[dataset-build] {"attempts": 10000, "current": 115, "rows": 66631, "rule_id": "punctuation_delete_replace", "stage": "corpus_specific_rule_scan"}
[dataset-build] {"attempts": 15000, "current": 1010, "rows": 67526, "rule_id": "punctuation_delete_replace", "stage": "corpus_specific_rule_scan"}
[dataset-build] {"attempts": 20000, "current": 2453, "rows": 68969, "rule_id": "punctuation_delete_replace", "stage": "corpus_specific_rule_scan"}
[dataset-build] {"attempts": 20128, "current": 2500, "rows": 69016, "rule_id": "punctuation_delete_replace", "stage": "corpus_specific_rule_done"}
[dataset-build] {"current": 0, "rule_id": "quote_pair_balance", "scan_limit": 80000, "stage": "corpus_specific_rule_start", "target": 2500}
[dataset-build] {"attempts": 5000, "current": 0, "rows": 69016, "rule_id": "quote_pair_balance", "stage": "corpus_specific_rule_scan"}
[dataset-build] {"attempts": 10000, "current": 116, "rows": 69132, "rule_id": "quote_pair_balance", "stage": "corpus_specific_rule_scan"}
[dataset-build] {"attempts": 15000, "current": 1489, "rows": 70505, "rule_id": "quote_pair_balance", "stage": "corpus_specific_rule_scan"}
[dataset-build] {"attempts": 18967, "current": 2500, "rows": 71516, "rule_id": "quote_pair_balance", "stage": "corpus_specific_rule_done"}
[dataset-build] {"current": 0, "rule_id": "semicolon", "scan_limit": 80000, "stage": "corpus_specific_rule_start", "target": 2500}
[dataset-build] {"attempts": 5000, "current": 0, "rows": 71516, "rule_id": "semicolon", "stage": "corpus_specific_rule_scan"}
[dataset-build] {"attempts": 10000, "current": 0, "rows": 71516, "rule_id": "semicolon", "stage": "corpus_specific_rule_scan"}
[dataset-build] {"attempts": 15000, "current": 0, "rows": 71516, "rule_id": "semicolon", "stage": "corpus_specific_rule_scan"}
[dataset-build] {"attempts": 20000, "current": 0, "rows": 71516, "rule_id": "semicolon", "stage": "corpus_specific_rule_scan"}
[dataset-build] {"attempts": 25000, "current": 3, "rows": 71519, "rule_id": "semicolon", "stage": "corpus_specific_rule_scan"}
[dataset-build] {"attempts": 30000, "current": 11, "rows": 71527, "rule_id": "semicolon", "stage": "corpus_specific_rule_scan"}
[dataset-build] {"attempts": 35000, "current": 16, "rows": 71532, "rule_id": "semicolon", "stage": "corpus_specific_rule_scan"}
[dataset-build] {"attempts": 40000, "current": 23, "rows": 71539, "rule_id": "semicolon", "stage": "corpus_specific_rule_scan"}
[dataset-build] {"attempts": 45000, "current": 27, "rows": 71543, "rule_id": "semicolon", "stage": "corpus_specific_rule_scan"}
[dataset-build] {"attempts": 50000, "current": 34, "rows": 71550, "rule_id": "semicolon", "stage": "corpus_specific_rule_scan"}
[dataset-build] {"attempts": 55000, "current": 39, "rows": 71555, "rule_id": "semicolon", "stage": "corpus_specific_rule_scan"}
[dataset-build] {"attempts": 60000, "current": 48, "rows": 71564, "rule_id": "semicolon", "stage": "corpus_specific_rule_scan"}
[dataset-build] {"attempts": 65000, "current": 57, "rows": 71573, "rule_id": "semicolon", "stage": "corpus_specific_rule_scan"}
[dataset-build] {"attempts": 70000, "current": 66, "rows": 71582, "rule_id": "semicolon", "stage": "corpus_specific_rule_scan"}
[dataset-build] {"attempts": 75000, "current": 69, "rows": 71585, "rule_id": "semicolon", "stage": "corpus_specific_rule_scan"}
[dataset-build] {"attempts": 80000, "current": 75, "rows": 71591, "rule_id": "semicolon", "stage": "corpus_specific_rule_done"}
[dataset-build] {"current": 1, "rule_id": "context_nesmotrya", "scan_limit": 80000, "stage": "corpus_specific_rule_start", "target": 2500}
[dataset-build] {"attempts": 5000, "current": 10, "rows": 71600, "rule_id": "context_nesmotrya", "stage": "corpus_specific_rule_scan"}
[dataset-build] {"attempts": 10000, "current": 24, "rows": 71614, "rule_id": "context_nesmotrya", "stage": "corpus_specific_rule_scan"}
[dataset-build] {"attempts": 15000, "current": 41, "rows": 71631, "rule_id": "context_nesmotrya", "stage": "corpus_specific_rule_scan"}
[dataset-build] {"attempts": 20000, "current": 74, "rows": 71664, "rule_id": "context_nesmotrya", "stage": "corpus_specific_rule_scan"}
[dataset-build] {"attempts": 25000, "current": 94, "rows": 71684, "rule_id": "context_nesmotrya", "stage": "corpus_specific_rule_scan"}
[dataset-build] {"attempts": 30000, "current": 114, "rows": 71704, "rule_id": "context_nesmotrya", "stage": "corpus_specific_rule_scan"}
[dataset-build] {"attempts": 35000, "current": 134, "rows": 71724, "rule_id": "context_nesmotrya", "stage": "corpus_specific_rule_scan"}
[dataset-build] {"attempts": 40000, "current": 143, "rows": 71733, "rule_id": "context_nesmotrya", "stage": "corpus_specific_rule_scan"}
[dataset-build] {"attempts": 45000, "current": 155, "rows": 71745, "rule_id": "context_nesmotrya", "stage": "corpus_specific_rule_scan"}
[dataset-build] {"attempts": 50000, "current": 179, "rows": 71769, "rule_id": "context_nesmotrya", "stage": "corpus_specific_rule_scan"}
[dataset-build] {"attempts": 55000, "current": 191, "rows": 71781, "rule_id": "context_nesmotrya", "stage": "corpus_specific_rule_scan"}
[dataset-build] {"attempts": 60000, "current": 211, "rows": 71801, "rule_id": "context_nesmotrya", "stage": "corpus_specific_rule_scan"}
[dataset-build] {"attempts": 65000, "current": 227, "rows": 71817, "rule_id": "context_nesmotrya", "stage": "corpus_specific_rule_scan"}
[dataset-build] {"attempts": 70000, "current": 241, "rows": 71831, "rule_id": "context_nesmotrya", "stage": "corpus_specific_rule_scan"}
[dataset-build] {"attempts": 75000, "current": 257, "rows": 71847, "rule_id": "context_nesmotrya", "stage": "corpus_specific_rule_scan"}
[dataset-build] {"attempts": 80000, "current": 268, "rows": 71858, "rule_id": "context_nesmotrya", "stage": "corpus_specific_rule_done"}
[dataset-build] {"current": 1, "rule_id": "ne_predicative", "scan_limit": 80000, "stage": "corpus_specific_rule_start", "target": 2500}
[dataset-build] {"attempts": 5000, "current": 1, "rows": 71858, "rule_id": "ne_predicative", "stage": "corpus_specific_rule_scan"}
[dataset-build] {"attempts": 10000, "current": 1, "rows": 71858, "rule_id": "ne_predicative", "stage": "corpus_specific_rule_scan"}
[dataset-build] {"attempts": 15000, "current": 1, "rows": 71858, "rule_id": "ne_predicative", "stage": "corpus_specific_rule_scan"}
[dataset-build] {"attempts": 20000, "current": 1, "rows": 71858, "rule_id": "ne_predicative", "stage": "corpus_specific_rule_scan"}
[dataset-build] {"attempts": 25000, "current": 1, "rows": 71858, "rule_id": "ne_predicative", "stage": "corpus_specific_rule_scan"}
[dataset-build] {"attempts": 30000, "current": 1, "rows": 71858, "rule_id": "ne_predicative", "stage": "corpus_specific_rule_scan"}
[dataset-build] {"attempts": 35000, "current": 1, "rows": 71858, "rule_id": "ne_predicative", "stage": "corpus_specific_rule_scan"}
[dataset-build] {"attempts": 40000, "current": 1, "rows": 71858, "rule_id": "ne_predicative", "stage": "corpus_specific_rule_scan"}
[dataset-build] {"attempts": 45000, "current": 1, "rows": 71858, "rule_id": "ne_predicative", "stage": "corpus_specific_rule_scan"}
[dataset-build] {"attempts": 50000, "current": 1, "rows": 71858, "rule_id": "ne_predicative", "stage": "corpus_specific_rule_scan"}
[dataset-build] {"attempts": 55000, "current": 1, "rows": 71858, "rule_id": "ne_predicative", "stage": "corpus_specific_rule_scan"}
[dataset-build] {"attempts": 60000, "current": 1, "rows": 71858, "rule_id": "ne_predicative", "stage": "corpus_specific_rule_scan"}
[dataset-build] {"attempts": 65000, "current": 1, "rows": 71858, "rule_id": "ne_predicative", "stage": "corpus_specific_rule_scan"}
[dataset-build] {"attempts": 70000, "current": 1, "rows": 71858, "rule_id": "ne_predicative", "stage": "corpus_specific_rule_scan"}
[dataset-build] {"attempts": 75000, "current": 1, "rows": 71858, "rule_id": "ne_predicative", "stage": "corpus_specific_rule_scan"}
[dataset-build] {"attempts": 80000, "current": 1, "rows": 71858, "rule_id": "ne_predicative", "stage": "corpus_specific_rule_done"}
[dataset-build] {"current": 3, "rule_id": "cy_exception", "scan_limit": 80000, "stage": "corpus_specific_rule_start", "target": 2500}
[dataset-build] {"attempts": 5000, "current": 3, "rows": 71858, "rule_id": "cy_exception", "stage": "corpus_specific_rule_scan"}
[dataset-build] {"attempts": 10000, "current": 3, "rows": 71858, "rule_id": "cy_exception", "stage": "corpus_specific_rule_scan"}
[dataset-build] {"attempts": 15000, "current": 3, "rows": 71858, "rule_id": "cy_exception", "stage": "corpus_specific_rule_scan"}
[dataset-build] {"attempts": 20000, "current": 3, "rows": 71858, "rule_id": "cy_exception", "stage": "corpus_specific_rule_scan"}
[dataset-build] {"attempts": 25000, "current": 4, "rows": 71859, "rule_id": "cy_exception", "stage": "corpus_specific_rule_scan"}
[dataset-build] {"attempts": 30000, "current": 5, "rows": 71860, "rule_id": "cy_exception", "stage": "corpus_specific_rule_scan"}
[dataset-build] {"attempts": 35000, "current": 6, "rows": 71861, "rule_id": "cy_exception", "stage": "corpus_specific_rule_scan"}
[dataset-build] {"attempts": 40000, "current": 7, "rows": 71862, "rule_id": "cy_exception", "stage": "corpus_specific_rule_scan"}
[dataset-build] {"attempts": 45000, "current": 8, "rows": 71863, "rule_id": "cy_exception", "stage": "corpus_specific_rule_scan"}
[dataset-build] {"attempts": 50000, "current": 8, "rows": 71863, "rule_id": "cy_exception", "stage": "corpus_specific_rule_scan"}
[dataset-build] {"attempts": 55000, "current": 8, "rows": 71863, "rule_id": "cy_exception", "stage": "corpus_specific_rule_scan"}
[dataset-build] {"attempts": 60000, "current": 8, "rows": 71863, "rule_id": "cy_exception", "stage": "corpus_specific_rule_scan"}
[dataset-build] {"attempts": 65000, "current": 8, "rows": 71863, "rule_id": "cy_exception", "stage": "corpus_specific_rule_scan"}
[dataset-build] {"attempts": 70000, "current": 9, "rows": 71864, "rule_id": "cy_exception", "stage": "corpus_specific_rule_scan"}
[dataset-build] {"attempts": 75000, "current": 10, "rows": 71865, "rule_id": "cy_exception", "stage": "corpus_specific_rule_scan"}
[dataset-build] {"attempts": 80000, "current": 10, "rows": 71865, "rule_id": "cy_exception", "stage": "corpus_specific_rule_done"}
[dataset-build] {"current": 3, "rule_id": "direct_speech_colon", "scan_limit": 80000, "stage": "corpus_specific_rule_start", "target": 2500}
[dataset-build] {"attempts": 5000, "current": 3, "rows": 71865, "rule_id": "direct_speech_colon", "stage": "corpus_specific_rule_scan"}
[dataset-build] {"attempts": 10000, "current": 3, "rows": 71865, "rule_id": "direct_speech_colon", "stage": "corpus_specific_rule_scan"}
[dataset-build] {"attempts": 15000, "current": 3, "rows": 71865, "rule_id": "direct_speech_colon", "stage": "corpus_specific_rule_scan"}
[dataset-build] {"attempts": 20000, "current": 3, "rows": 71865, "rule_id": "direct_speech_colon", "stage": "corpus_specific_rule_scan"}
[dataset-build] {"attempts": 25000, "current": 3, "rows": 71865, "rule_id": "direct_speech_colon", "stage": "corpus_specific_rule_scan"}
[dataset-build] {"attempts": 30000, "current": 3, "rows": 71865, "rule_id": "direct_speech_colon", "stage": "corpus_specific_rule_scan"}
[dataset-build] {"attempts": 35000, "current": 3, "rows": 71865, "rule_id": "direct_speech_colon", "stage": "corpus_specific_rule_scan"}
[dataset-build] {"attempts": 40000, "current": 3, "rows": 71865, "rule_id": "direct_speech_colon", "stage": "corpus_specific_rule_scan"}
[dataset-build] {"attempts": 45000, "current": 3, "rows": 71865, "rule_id": "direct_speech_colon", "stage": "corpus_specific_rule_scan"}
[dataset-build] {"attempts": 50000, "current": 3, "rows": 71865, "rule_id": "direct_speech_colon", "stage": "corpus_specific_rule_scan"}
[dataset-build] {"attempts": 55000, "current": 3, "rows": 71865, "rule_id": "direct_speech_colon", "stage": "corpus_specific_rule_scan"}
[dataset-build] {"attempts": 60000, "current": 3, "rows": 71865, "rule_id": "direct_speech_colon", "stage": "corpus_specific_rule_scan"}
[dataset-build] {"attempts": 65000, "current": 3, "rows": 71865, "rule_id": "direct_speech_colon", "stage": "corpus_specific_rule_scan"}
[dataset-build] {"attempts": 70000, "current": 3, "rows": 71865, "rule_id": "direct_speech_colon", "stage": "corpus_specific_rule_scan"}
[dataset-build] {"attempts": 75000, "current": 3, "rows": 71865, "rule_id": "direct_speech_colon", "stage": "corpus_specific_rule_scan"}
[dataset-build] {"attempts": 80000, "current": 3, "rows": 71865, "rule_id": "direct_speech_colon", "stage": "corpus_specific_rule_done"}
[dataset-build] {"current": 4, "rule_id": "comparative_turnover_comma", "scan_limit": 80000, "stage": "corpus_specific_rule_start", "target": 2500}
[dataset-build] {"attempts": 5000, "current": 4, "rows": 71865, "rule_id": "comparative_turnover_comma", "stage": "corpus_specific_rule_scan"}
[dataset-build] {"attempts": 10000, "current": 4, "rows": 71865, "rule_id": "comparative_turnover_comma", "stage": "corpus_specific_rule_scan"}
[dataset-build] {"attempts": 15000, "current": 4, "rows": 71865, "rule_id": "comparative_turnover_comma", "stage": "corpus_specific_rule_scan"}
[dataset-build] {"attempts": 20000, "current": 4, "rows": 71865, "rule_id": "comparative_turnover_comma", "stage": "corpus_specific_rule_scan"}
[dataset-build] {"attempts": 25000, "current": 273, "rows": 72134, "rule_id": "comparative_turnover_comma", "stage": "corpus_specific_rule_scan"}
[dataset-build] {"attempts": 28820, "current": 2500, "rows": 74361, "rule_id": "comparative_turnover_comma", "stage": "corpus_specific_rule_done"}
[dataset-build] {"current": 5, "rule_id": "ne_adjective", "scan_limit": 80000, "stage": "corpus_specific_rule_start", "target": 2500}
[dataset-build] {"attempts": 5000, "current": 5, "rows": 74361, "rule_id": "ne_adjective", "stage": "corpus_specific_rule_scan"}
[dataset-build] {"attempts": 10000, "current": 5, "rows": 74361, "rule_id": "ne_adjective", "stage": "corpus_specific_rule_scan"}
[dataset-build] {"attempts": 15000, "current": 5, "rows": 74361, "rule_id": "ne_adjective", "stage": "corpus_specific_rule_scan"}
[dataset-build] {"attempts": 20000, "current": 5, "rows": 74361, "rule_id": "ne_adjective", "stage": "corpus_specific_rule_scan"}
[dataset-build] {"attempts": 25000, "current": 5, "rows": 74361, "rule_id": "ne_adjective", "stage": "corpus_specific_rule_scan"}
[dataset-build] {"attempts": 30000, "current": 5, "rows": 74361, "rule_id": "ne_adjective", "stage": "corpus_specific_rule_scan"}
[dataset-build] {"attempts": 35000, "current": 5, "rows": 74361, "rule_id": "ne_adjective", "stage": "corpus_specific_rule_scan"}
[dataset-build] {"attempts": 40000, "current": 5, "rows": 74361, "rule_id": "ne_adjective", "stage": "corpus_specific_rule_scan"}
[dataset-build] {"attempts": 45000, "current": 5, "rows": 74361, "rule_id": "ne_adjective", "stage": "corpus_specific_rule_scan"}
[dataset-build] {"attempts": 50000, "current": 5, "rows": 74361, "rule_id": "ne_adjective", "stage": "corpus_specific_rule_scan"}
[dataset-build] {"attempts": 55000, "current": 5, "rows": 74361, "rule_id": "ne_adjective", "stage": "corpus_specific_rule_scan"}
[dataset-build] {"attempts": 60000, "current": 5, "rows": 74361, "rule_id": "ne_adjective", "stage": "corpus_specific_rule_scan"}
[dataset-build] {"attempts": 65000, "current": 5, "rows": 74361, "rule_id": "ne_adjective", "stage": "corpus_specific_rule_scan"}
[dataset-build] {"attempts": 70000, "current": 5, "rows": 74361, "rule_id": "ne_adjective", "stage": "corpus_specific_rule_scan"}
[dataset-build] {"attempts": 75000, "current": 5, "rows": 74361, "rule_id": "ne_adjective", "stage": "corpus_specific_rule_scan"}
[dataset-build] {"attempts": 80000, "current": 5, "rows": 74361, "rule_id": "ne_adjective", "stage": "corpus_specific_rule_done"}
[dataset-build] {"current": 6, "rule_id": "hyphen_particles", "scan_limit": 80000, "stage": "corpus_specific_rule_start", "target": 3000}
[dataset-build] {"attempts": 5000, "current": 6, "rows": 74362, "rule_id": "hyphen_particles", "stage": "corpus_specific_rule_scan"}
[dataset-build] {"attempts": 10000, "current": 6, "rows": 74364, "rule_id": "hyphen_particles", "stage": "corpus_specific_rule_scan"}
[dataset-build] {"attempts": 15000, "current": 6, "rows": 74369, "rule_id": "hyphen_particles", "stage": "corpus_specific_rule_scan"}
[dataset-build] {"attempts": 20000, "current": 6, "rows": 74379, "rule_id": "hyphen_particles", "stage": "corpus_specific_rule_scan"}
[dataset-build] {"attempts": 25000, "current": 6, "rows": 74386, "rule_id": "hyphen_particles", "stage": "corpus_specific_rule_scan"}
[dataset-build] {"attempts": 30000, "current": 6, "rows": 74390, "rule_id": "hyphen_particles", "stage": "corpus_specific_rule_scan"}
[dataset-build] {"attempts": 35000, "current": 6, "rows": 74392, "rule_id": "hyphen_particles", "stage": "corpus_specific_rule_scan"}
[dataset-build] {"attempts": 40000, "current": 6, "rows": 74399, "rule_id": "hyphen_particles", "stage": "corpus_specific_rule_scan"}
[dataset-build] {"attempts": 45000, "current": 6, "rows": 74403, "rule_id": "hyphen_particles", "stage": "corpus_specific_rule_scan"}
[dataset-build] {"attempts": 50000, "current": 6, "rows": 74410, "rule_id": "hyphen_particles", "stage": "corpus_specific_rule_scan"}
[dataset-build] {"attempts": 55000, "current": 6, "rows": 74421, "rule_id": "hyphen_particles", "stage": "corpus_specific_rule_scan"}
[dataset-build] {"attempts": 60000, "current": 6, "rows": 74427, "rule_id": "hyphen_particles", "stage": "corpus_specific_rule_scan"}
[dataset-build] {"attempts": 65000, "current": 6, "rows": 74432, "rule_id": "hyphen_particles", "stage": "corpus_specific_rule_scan"}
[dataset-build] {"attempts": 70000, "current": 6, "rows": 74438, "rule_id": "hyphen_particles", "stage": "corpus_specific_rule_scan"}
[dataset-build] {"attempts": 75000, "current": 6, "rows": 74443, "rule_id": "hyphen_particles", "stage": "corpus_specific_rule_scan"}
[dataset-build] {"attempts": 80000, "current": 6, "rows": 74449, "rule_id": "hyphen_particles", "stage": "corpus_specific_rule_done"}
[dataset-build] {"current": 7, "rule_id": "homogeneous_comma", "scan_limit": 80000, "stage": "corpus_specific_rule_start", "target": 2500}
[dataset-build] {"attempts": 5000, "current": 7, "rows": 74449, "rule_id": "homogeneous_comma", "stage": "corpus_specific_rule_scan"}
[dataset-build] {"attempts": 10000, "current": 7, "rows": 74449, "rule_id": "homogeneous_comma", "stage": "corpus_specific_rule_scan"}
[dataset-build] {"attempts": 15000, "current": 7, "rows": 74449, "rule_id": "homogeneous_comma", "stage": "corpus_specific_rule_scan"}
[dataset-build] {"attempts": 20000, "current": 7, "rows": 74449, "rule_id": "homogeneous_comma", "stage": "corpus_specific_rule_scan"}
[dataset-build] {"attempts": 25000, "current": 7, "rows": 74449, "rule_id": "homogeneous_comma", "stage": "corpus_specific_rule_scan"}
[dataset-build] {"attempts": 30000, "current": 703, "rows": 75145, "rule_id": "homogeneous_comma", "stage": "corpus_specific_rule_scan"}
[dataset-build] {"attempts": 33073, "current": 2500, "rows": 76942, "rule_id": "homogeneous_comma", "stage": "corpus_specific_rule_done"}
[dataset-build] {"current": 16, "rule_id": "subject_predicate_dash", "scan_limit": 80000, "stage": "corpus_specific_rule_start", "target": 2500}
[dataset-build] {"attempts": 5000, "current": 16, "rows": 76942, "rule_id": "subject_predicate_dash", "stage": "corpus_specific_rule_scan"}
[dataset-build] {"attempts": 10000, "current": 16, "rows": 76942, "rule_id": "subject_predicate_dash", "stage": "corpus_specific_rule_scan"}
[dataset-build] {"attempts": 15000, "current": 16, "rows": 76942, "rule_id": "subject_predicate_dash", "stage": "corpus_specific_rule_scan"}
[dataset-build] {"attempts": 20000, "current": 16, "rows": 76942, "rule_id": "subject_predicate_dash", "stage": "corpus_specific_rule_scan"}
[dataset-build] {"attempts": 25000, "current": 16, "rows": 76942, "rule_id": "subject_predicate_dash", "stage": "corpus_specific_rule_scan"}
[dataset-build] {"attempts": 30000, "current": 16, "rows": 76942, "rule_id": "subject_predicate_dash", "stage": "corpus_specific_rule_scan"}
[dataset-build] {"attempts": 35000, "current": 16, "rows": 76942, "rule_id": "subject_predicate_dash", "stage": "corpus_specific_rule_scan"}
[dataset-build] {"attempts": 40000, "current": 16, "rows": 76942, "rule_id": "subject_predicate_dash", "stage": "corpus_specific_rule_scan"}
[dataset-build] {"attempts": 45000, "current": 16, "rows": 76942, "rule_id": "subject_predicate_dash", "stage": "corpus_specific_rule_scan"}
[dataset-build] {"attempts": 50000, "current": 16, "rows": 76942, "rule_id": "subject_predicate_dash", "stage": "corpus_specific_rule_scan"}
[dataset-build] {"attempts": 55000, "current": 16, "rows": 76942, "rule_id": "subject_predicate_dash", "stage": "corpus_specific_rule_scan"}
[dataset-build] {"attempts": 60000, "current": 16, "rows": 76942, "rule_id": "subject_predicate_dash", "stage": "corpus_specific_rule_scan"}
[dataset-build] {"attempts": 65000, "current": 16, "rows": 76942, "rule_id": "subject_predicate_dash", "stage": "corpus_specific_rule_scan"}
[dataset-build] {"attempts": 70000, "current": 16, "rows": 76942, "rule_id": "subject_predicate_dash", "stage": "corpus_specific_rule_scan"}
[dataset-build] {"attempts": 75000, "current": 16, "rows": 76942, "rule_id": "subject_predicate_dash", "stage": "corpus_specific_rule_scan"}
[dataset-build] {"attempts": 80000, "current": 16, "rows": 76942, "rule_id": "subject_predicate_dash", "stage": "corpus_specific_rule_done"}
[dataset-build] {"current": 121, "rule_id": "hyphen_whitelist", "scan_limit": 80000, "stage": "corpus_specific_rule_start", "target": 3000}
[dataset-build] {"attempts": 5000, "current": 121, "rows": 76942, "rule_id": "hyphen_whitelist", "stage": "corpus_specific_rule_scan"}
[dataset-build] {"attempts": 10000, "current": 121, "rows": 76942, "rule_id": "hyphen_whitelist", "stage": "corpus_specific_rule_scan"}
[dataset-build] {"attempts": 15000, "current": 121, "rows": 76942, "rule_id": "hyphen_whitelist", "stage": "corpus_specific_rule_scan"}
[dataset-build] {"attempts": 20000, "current": 122, "rows": 76943, "rule_id": "hyphen_whitelist", "stage": "corpus_specific_rule_scan"}
[dataset-build] {"attempts": 25000, "current": 122, "rows": 76943, "rule_id": "hyphen_whitelist", "stage": "corpus_specific_rule_scan"}
[dataset-build] {"attempts": 30000, "current": 122, "rows": 76943, "rule_id": "hyphen_whitelist", "stage": "corpus_specific_rule_scan"}
[dataset-build] {"attempts": 35000, "current": 122, "rows": 76943, "rule_id": "hyphen_whitelist", "stage": "corpus_specific_rule_scan"}
[dataset-build] {"attempts": 40000, "current": 122, "rows": 76943, "rule_id": "hyphen_whitelist", "stage": "corpus_specific_rule_scan"}
[dataset-build] {"attempts": 45000, "current": 123, "rows": 76944, "rule_id": "hyphen_whitelist", "stage": "corpus_specific_rule_scan"}
[dataset-build] {"attempts": 50000, "current": 123, "rows": 76944, "rule_id": "hyphen_whitelist", "stage": "corpus_specific_rule_scan"}
[dataset-build] {"attempts": 55000, "current": 123, "rows": 76944, "rule_id": "hyphen_whitelist", "stage": "corpus_specific_rule_scan"}
[dataset-build] {"attempts": 60000, "current": 123, "rows": 76944, "rule_id": "hyphen_whitelist", "stage": "corpus_specific_rule_scan"}
[dataset-build] {"attempts": 65000, "current": 124, "rows": 76945, "rule_id": "hyphen_whitelist", "stage": "corpus_specific_rule_scan"}
[dataset-build] {"attempts": 70000, "current": 124, "rows": 76945, "rule_id": "hyphen_whitelist", "stage": "corpus_specific_rule_scan"}
[dataset-build] {"attempts": 75000, "current": 125, "rows": 76946, "rule_id": "hyphen_whitelist", "stage": "corpus_specific_rule_scan"}
[dataset-build] {"attempts": 80000, "current": 125, "rows": 76946, "rule_id": "hyphen_whitelist", "stage": "corpus_specific_rule_done"}
[dataset-build] {"current": 35, "rule_id": "n_nn_deverbal_adjective", "scan_limit": 80000, "stage": "corpus_specific_rule_start", "target": 2500}
[dataset-build] {"attempts": 5000, "current": 35, "rows": 76946, "rule_id": "n_nn_deverbal_adjective", "stage": "corpus_specific_rule_scan"}
[dataset-build] {"attempts": 10000, "current": 35, "rows": 76946, "rule_id": "n_nn_deverbal_adjective", "stage": "corpus_specific_rule_scan"}
[dataset-build] {"attempts": 15000, "current": 36, "rows": 76947, "rule_id": "n_nn_deverbal_adjective", "stage": "corpus_specific_rule_scan"}
[dataset-build] {"attempts": 20000, "current": 36, "rows": 76947, "rule_id": "n_nn_deverbal_adjective", "stage": "corpus_specific_rule_scan"}
[dataset-build] {"attempts": 25000, "current": 36, "rows": 76947, "rule_id": "n_nn_deverbal_adjective", "stage": "corpus_specific_rule_scan"}
[dataset-build] {"attempts": 30000, "current": 36, "rows": 76947, "rule_id": "n_nn_deverbal_adjective", "stage": "corpus_specific_rule_scan"}
[dataset-build] {"attempts": 35000, "current": 36, "rows": 76947, "rule_id": "n_nn_deverbal_adjective", "stage": "corpus_specific_rule_scan"}
[dataset-build] {"attempts": 40000, "current": 37, "rows": 76948, "rule_id": "n_nn_deverbal_adjective", "stage": "corpus_specific_rule_scan"}
[dataset-build] {"attempts": 45000, "current": 38, "rows": 76949, "rule_id": "n_nn_deverbal_adjective", "stage": "corpus_specific_rule_scan"}
[dataset-build] {"attempts": 50000, "current": 40, "rows": 76951, "rule_id": "n_nn_deverbal_adjective", "stage": "corpus_specific_rule_scan"}
[dataset-build] {"attempts": 55000, "current": 40, "rows": 76951, "rule_id": "n_nn_deverbal_adjective", "stage": "corpus_specific_rule_scan"}
[dataset-build] {"attempts": 60000, "current": 40, "rows": 76951, "rule_id": "n_nn_deverbal_adjective", "stage": "corpus_specific_rule_scan"}
[dataset-build] {"attempts": 65000, "current": 40, "rows": 76951, "rule_id": "n_nn_deverbal_adjective", "stage": "corpus_specific_rule_scan"}
[dataset-build] {"attempts": 70000, "current": 40, "rows": 76951, "rule_id": "n_nn_deverbal_adjective", "stage": "corpus_specific_rule_scan"}
[dataset-build] {"attempts": 75000, "current": 40, "rows": 76951, "rule_id": "n_nn_deverbal_adjective", "stage": "corpus_specific_rule_scan"}
[dataset-build] {"attempts": 80000, "current": 40, "rows": 76951, "rule_id": "n_nn_deverbal_adjective", "stage": "corpus_specific_rule_done"}
[dataset-build] {"current": 38, "rule_id": "extra_letter_candidate", "scan_limit": 80000, "stage": "corpus_specific_rule_start", "target": 1800}
[dataset-build] {"attempts": 5000, "current": 39, "rows": 76970, "rule_id": "extra_letter_candidate", "stage": "corpus_specific_rule_scan"}
[dataset-build] {"attempts": 10000, "current": 41, "rows": 76994, "rule_id": "extra_letter_candidate", "stage": "corpus_specific_rule_scan"}
[dataset-build] {"attempts": 15000, "current": 42, "rows": 77031, "rule_id": "extra_letter_candidate", "stage": "corpus_specific_rule_scan"}
[dataset-build] {"attempts": 20000, "current": 44, "rows": 77054, "rule_id": "extra_letter_candidate", "stage": "corpus_specific_rule_scan"}
[dataset-build] {"attempts": 25000, "current": 44, "rows": 77073, "rule_id": "extra_letter_candidate", "stage": "corpus_specific_rule_scan"}
[dataset-build] {"attempts": 30000, "current": 45, "rows": 77097, "rule_id": "extra_letter_candidate", "stage": "corpus_specific_rule_scan"}
[dataset-build] {"attempts": 35000, "current": 46, "rows": 77124, "rule_id": "extra_letter_candidate", "stage": "corpus_specific_rule_scan"}
[dataset-build] {"attempts": 40000, "current": 49, "rows": 77149, "rule_id": "extra_letter_candidate", "stage": "corpus_specific_rule_scan"}
[dataset-build] {"attempts": 45000, "current": 51, "rows": 77171, "rule_id": "extra_letter_candidate", "stage": "corpus_specific_rule_scan"}
[dataset-build] {"attempts": 50000, "current": 53, "rows": 77197, "rule_id": "extra_letter_candidate", "stage": "corpus_specific_rule_scan"}
[dataset-build] {"attempts": 55000, "current": 55, "rows": 77213, "rule_id": "extra_letter_candidate", "stage": "corpus_specific_rule_scan"}
[dataset-build] {"attempts": 60000, "current": 56, "rows": 77241, "rule_id": "extra_letter_candidate", "stage": "corpus_specific_rule_scan"}
[dataset-build] {"attempts": 65000, "current": 56, "rows": 77264, "rule_id": "extra_letter_candidate", "stage": "corpus_specific_rule_scan"}
[dataset-build] {"attempts": 70000, "current": 57, "rows": 77283, "rule_id": "extra_letter_candidate", "stage": "corpus_specific_rule_scan"}
[dataset-build] {"attempts": 75000, "current": 59, "rows": 77316, "rule_id": "extra_letter_candidate", "stage": "corpus_specific_rule_scan"}
[dataset-build] {"attempts": 80000, "current": 60, "rows": 77338, "rule_id": "extra_letter_candidate", "stage": "corpus_specific_rule_done"}
[dataset-build] {"current": 49, "rule_id": "introductory_comma", "scan_limit": 80000, "stage": "corpus_specific_rule_start", "target": 2500}
[dataset-build] {"attempts": 5000, "current": 49, "rows": 77338, "rule_id": "introductory_comma", "stage": "corpus_specific_rule_scan"}
[dataset-build] {"attempts": 10000, "current": 49, "rows": 77338, "rule_id": "introductory_comma", "stage": "corpus_specific_rule_scan"}
[dataset-build] {"attempts": 15000, "current": 49, "rows": 77338, "rule_id": "introductory_comma", "stage": "corpus_specific_rule_scan"}
[dataset-build] {"attempts": 20000, "current": 49, "rows": 77338, "rule_id": "introductory_comma", "stage": "corpus_specific_rule_scan"}
[dataset-build] {"attempts": 25000, "current": 49, "rows": 77338, "rule_id": "introductory_comma", "stage": "corpus_specific_rule_scan"}
[dataset-build] {"attempts": 30000, "current": 49, "rows": 77338, "rule_id": "introductory_comma", "stage": "corpus_specific_rule_scan"}
[dataset-build] {"attempts": 35000, "current": 1123, "rows": 78412, "rule_id": "introductory_comma", "stage": "corpus_specific_rule_scan"}
[dataset-build] {"attempts": 37403, "current": 2500, "rows": 79789, "rule_id": "introductory_comma", "stage": "corpus_specific_rule_done"}
[dataset-build] {"current": 53, "rule_id": "pattern_ùþ_ùó", "scan_limit": 80000, "stage": "corpus_specific_rule_start", "target": 2500}
[dataset-build] {"attempts": 5000, "current": 53, "rows": 79789, "rule_id": "pattern_ùþ_ùó", "stage": "corpus_specific_rule_scan"}
[dataset-build] {"attempts": 10000, "current": 53, "rows": 79789, "rule_id": "pattern_ùþ_ùó", "stage": "corpus_specific_rule_scan"}
[dataset-build] {"attempts": 15000, "current": 53, "rows": 79789, "rule_id": "pattern_ùþ_ùó", "stage": "corpus_specific_rule_scan"}
[dataset-build] {"attempts": 20000, "current": 53, "rows": 79789, "rule_id": "pattern_ùþ_ùó", "stage": "corpus_specific_rule_scan"}
[dataset-build] {"attempts": 25000, "current": 53, "rows": 79789, "rule_id": "pattern_ùþ_ùó", "stage": "corpus_specific_rule_scan"}
[dataset-build] {"attempts": 30000, "current": 53, "rows": 79789, "rule_id": "pattern_ùþ_ùó", "stage": "corpus_specific_rule_scan"}
[dataset-build] {"attempts": 35000, "current": 53, "rows": 79789, "rule_id": "pattern_ùþ_ùó", "stage": "corpus_specific_rule_scan"}
[dataset-build] {"attempts": 40000, "current": 53, "rows": 79789, "rule_id": "pattern_ùþ_ùó", "stage": "corpus_specific_rule_scan"}
[dataset-build] {"attempts": 45000, "current": 53, "rows": 79789, "rule_id": "pattern_ùþ_ùó", "stage": "corpus_specific_rule_scan"}
[dataset-build] {"attempts": 50000, "current": 53, "rows": 79789, "rule_id": "pattern_ùþ_ùó", "stage": "corpus_specific_rule_scan"}
[dataset-build] {"attempts": 55000, "current": 53, "rows": 79789, "rule_id": "pattern_ùþ_ùó", "stage": "corpus_specific_rule_scan"}
[dataset-build] {"attempts": 60000, "current": 53, "rows": 79789, "rule_id": "pattern_ùþ_ùó", "stage": "corpus_specific_rule_scan"}
[dataset-build] {"attempts": 65000, "current": 53, "rows": 79789, "rule_id": "pattern_ùþ_ùó", "stage": "corpus_specific_rule_scan"}
[dataset-build] {"attempts": 70000, "current": 53, "rows": 79789, "rule_id": "pattern_ùþ_ùó", "stage": "corpus_specific_rule_scan"}
[dataset-build] {"attempts": 75000, "current": 53, "rows": 79789, "rule_id": "pattern_ùþ_ùó", "stage": "corpus_specific_rule_scan"}
[dataset-build] {"attempts": 80000, "current": 53, "rows": 79789, "rule_id": "pattern_ùþ_ùó", "stage": "corpus_specific_rule_done"}
[dataset-build] {"current": 98, "rule_id": "swapped_letters_candidate", "scan_limit": 80000, "stage": "corpus_specific_rule_start", "target": 1800}
[dataset-build] {"attempts": 5000, "current": 98, "rows": 79790, "rule_id": "swapped_letters_candidate", "stage": "corpus_specific_rule_scan"}
[dataset-build] {"attempts": 10000, "current": 98, "rows": 79790, "rule_id": "swapped_letters_candidate", "stage": "corpus_specific_rule_scan"}
[dataset-build] {"attempts": 15000, "current": 99, "rows": 79791, "rule_id": "swapped_letters_candidate", "stage": "corpus_specific_rule_scan"}
[dataset-build] {"attempts": 20000, "current": 100, "rows": 79792, "rule_id": "swapped_letters_candidate", "stage": "corpus_specific_rule_scan"}
[dataset-build] {"attempts": 25000, "current": 100, "rows": 79792, "rule_id": "swapped_letters_candidate", "stage": "corpus_specific_rule_scan"}
[dataset-build] {"attempts": 30000, "current": 100, "rows": 79792, "rule_id": "swapped_letters_candidate", "stage": "corpus_specific_rule_scan"}
[dataset-build] {"attempts": 35000, "current": 100, "rows": 79792, "rule_id": "swapped_letters_candidate", "stage": "corpus_specific_rule_scan"}
[dataset-build] {"attempts": 40000, "current": 101, "rows": 79793, "rule_id": "swapped_letters_candidate", "stage": "corpus_specific_rule_scan"}
[dataset-build] {"attempts": 45000, "current": 102, "rows": 79794, "rule_id": "swapped_letters_candidate", "stage": "corpus_specific_rule_scan"}
[dataset-build] {"attempts": 50000, "current": 103, "rows": 79795, "rule_id": "swapped_letters_candidate", "stage": "corpus_specific_rule_scan"}
[dataset-build] {"attempts": 55000, "current": 104, "rows": 79796, "rule_id": "swapped_letters_candidate", "stage": "corpus_specific_rule_scan"}
[dataset-build] {"attempts": 60000, "current": 105, "rows": 79797, "rule_id": "swapped_letters_candidate", "stage": "corpus_specific_rule_scan"}
[dataset-build] {"attempts": 65000, "current": 105, "rows": 79797, "rule_id": "swapped_letters_candidate", "stage": "corpus_specific_rule_scan"}
[dataset-build] {"attempts": 70000, "current": 105, "rows": 79797, "rule_id": "swapped_letters_candidate", "stage": "corpus_specific_rule_scan"}
[dataset-build] {"attempts": 75000, "current": 106, "rows": 79798, "rule_id": "swapped_letters_candidate", "stage": "corpus_specific_rule_scan"}
[dataset-build] {"attempts": 80000, "current": 106, "rows": 79798, "rule_id": "swapped_letters_candidate", "stage": "corpus_specific_rule_done"}
[dataset-build] {"current": 105, "rule_id": "double_consonant_candidate", "scan_limit": 80000, "stage": "corpus_specific_rule_start", "target": 1800}
[dataset-build] {"attempts": 5000, "current": 105, "rows": 79798, "rule_id": "double_consonant_candidate", "stage": "corpus_specific_rule_scan"}
[dataset-build] {"attempts": 10000, "current": 105, "rows": 79800, "rule_id": "double_consonant_candidate", "stage": "corpus_specific_rule_scan"}
[dataset-build] {"attempts": 15000, "current": 106, "rows": 79818, "rule_id": "double_consonant_candidate", "stage": "corpus_specific_rule_scan"}
[dataset-build] {"attempts": 20000, "current": 107, "rows": 79826, "rule_id": "double_consonant_candidate", "stage": "corpus_specific_rule_scan"}
[dataset-build] {"attempts": 25000, "current": 108, "rows": 79833, "rule_id": "double_consonant_candidate", "stage": "corpus_specific_rule_scan"}
[dataset-build] {"attempts": 30000, "current": 109, "rows": 79841, "rule_id": "double_consonant_candidate", "stage": "corpus_specific_rule_scan"}
[dataset-build] {"attempts": 35000, "current": 110, "rows": 79850, "rule_id": "double_consonant_candidate", "stage": "corpus_specific_rule_scan"}
[dataset-build] {"attempts": 40000, "current": 110, "rows": 79851, "rule_id": "double_consonant_candidate", "stage": "corpus_specific_rule_scan"}
[dataset-build] {"attempts": 45000, "current": 110, "rows": 79858, "rule_id": "double_consonant_candidate", "stage": "corpus_specific_rule_scan"}
[dataset-build] {"attempts": 50000, "current": 111, "rows": 79867, "rule_id": "double_consonant_candidate", "stage": "corpus_specific_rule_scan"}
[dataset-build] {"attempts": 55000, "current": 112, "rows": 79880, "rule_id": "double_consonant_candidate", "stage": "corpus_specific_rule_scan"}
[dataset-build] {"attempts": 60000, "current": 114, "rows": 79888, "rule_id": "double_consonant_candidate", "stage": "corpus_specific_rule_scan"}
[dataset-build] {"attempts": 65000, "current": 115, "rows": 79899, "rule_id": "double_consonant_candidate", "stage": "corpus_specific_rule_scan"}
[dataset-build] {"attempts": 70000, "current": 115, "rows": 79905, "rule_id": "double_consonant_candidate", "stage": "corpus_specific_rule_scan"}
[dataset-build] {"attempts": 75000, "current": 116, "rows": 79912, "rule_id": "double_consonant_candidate", "stage": "corpus_specific_rule_scan"}
[dataset-build] {"attempts": 80000, "current": 117, "rows": 79921, "rule_id": "double_consonant_candidate", "stage": "corpus_specific_rule_done"}
[dataset-build] {"current": 105, "rule_id": "sdelat_prefix", "scan_limit": 80000, "stage": "corpus_specific_rule_start", "target": 2500}
[dataset-build] {"attempts": 5000, "current": 105, "rows": 79921, "rule_id": "sdelat_prefix", "stage": "corpus_specific_rule_scan"}
[dataset-build] {"attempts": 10000, "current": 111, "rows": 79934, "rule_id": "sdelat_prefix", "stage": "corpus_specific_rule_scan"}
[dataset-build] {"attempts": 15000, "current": 130, "rows": 79970, "rule_id": "sdelat_prefix", "stage": "corpus_specific_rule_scan"}
[dataset-build] {"attempts": 20000, "current": 138, "rows": 80009, "rule_id": "sdelat_prefix", "stage": "corpus_specific_rule_scan"}
[dataset-build] {"attempts": 25000, "current": 148, "rows": 80047, "rule_id": "sdelat_prefix", "stage": "corpus_specific_rule_scan"}
[dataset-build] {"attempts": 30000, "current": 163, "rows": 80097, "rule_id": "sdelat_prefix", "stage": "corpus_specific_rule_scan"}
[dataset-build] {"attempts": 35000, "current": 170, "rows": 80126, "rule_id": "sdelat_prefix", "stage": "corpus_specific_rule_scan"}
[dataset-build] {"attempts": 40000, "current": 180, "rows": 80160, "rule_id": "sdelat_prefix", "stage": "corpus_specific_rule_scan"}
[dataset-build] {"attempts": 45000, "current": 195, "rows": 80200, "rule_id": "sdelat_prefix", "stage": "corpus_specific_rule_scan"}
[dataset-build] {"attempts": 50000, "current": 202, "rows": 80237, "rule_id": "sdelat_prefix", "stage": "corpus_specific_rule_scan"}
[dataset-build] {"attempts": 55000, "current": 214, "rows": 80275, "rule_id": "sdelat_prefix", "stage": "corpus_specific_rule_scan"}
[dataset-build] {"attempts": 60000, "current": 224, "rows": 80310, "rule_id": "sdelat_prefix", "stage": "corpus_specific_rule_scan"}
[dataset-build] {"attempts": 65000, "current": 237, "rows": 80351, "rule_id": "sdelat_prefix", "stage": "corpus_specific_rule_scan"}
[dataset-build] {"attempts": 70000, "current": 249, "rows": 80379, "rule_id": "sdelat_prefix", "stage": "corpus_specific_rule_scan"}
[dataset-build] {"attempts": 75000, "current": 259, "rows": 80414, "rule_id": "sdelat_prefix", "stage": "corpus_specific_rule_scan"}
[dataset-build] {"attempts": 80000, "current": 269, "rows": 80449, "rule_id": "sdelat_prefix", "stage": "corpus_specific_rule_done"}
[dataset-build] {"current": 147, "rule_id": "keyboard_typo_candidate", "scan_limit": 80000, "stage": "corpus_specific_rule_start", "target": 1800}
[dataset-build] {"attempts": 5000, "current": 147, "rows": 80449, "rule_id": "keyboard_typo_candidate", "stage": "corpus_specific_rule_scan"}
[dataset-build] {"attempts": 10000, "current": 147, "rows": 80449, "rule_id": "keyboard_typo_candidate", "stage": "corpus_specific_rule_scan"}
[dataset-build] {"attempts": 15000, "current": 147, "rows": 80449, "rule_id": "keyboard_typo_candidate", "stage": "corpus_specific_rule_scan"}
[dataset-build] {"attempts": 20000, "current": 148, "rows": 80450, "rule_id": "keyboard_typo_candidate", "stage": "corpus_specific_rule_scan"}
[dataset-build] {"attempts": 25000, "current": 149, "rows": 80451, "rule_id": "keyboard_typo_candidate", "stage": "corpus_specific_rule_scan"}
[dataset-build] {"attempts": 30000, "current": 149, "rows": 80451, "rule_id": "keyboard_typo_candidate", "stage": "corpus_specific_rule_scan"}
[dataset-build] {"attempts": 35000, "current": 150, "rows": 80452, "rule_id": "keyboard_typo_candidate", "stage": "corpus_specific_rule_scan"}
[dataset-build] {"attempts": 40000, "current": 150, "rows": 80452, "rule_id": "keyboard_typo_candidate", "stage": "corpus_specific_rule_scan"}
[dataset-build] {"attempts": 45000, "current": 151, "rows": 80453, "rule_id": "keyboard_typo_candidate", "stage": "corpus_specific_rule_scan"}
[dataset-build] {"attempts": 50000, "current": 152, "rows": 80454, "rule_id": "keyboard_typo_candidate", "stage": "corpus_specific_rule_scan"}
[dataset-build] {"attempts": 55000, "current": 153, "rows": 80455, "rule_id": "keyboard_typo_candidate", "stage": "corpus_specific_rule_scan"}
[dataset-build] {"attempts": 60000, "current": 153, "rows": 80455, "rule_id": "keyboard_typo_candidate", "stage": "corpus_specific_rule_scan"}
[dataset-build] {"attempts": 65000, "current": 153, "rows": 80455, "rule_id": "keyboard_typo_candidate", "stage": "corpus_specific_rule_scan"}
[dataset-build] {"attempts": 70000, "current": 153, "rows": 80455, "rule_id": "keyboard_typo_candidate", "stage": "corpus_specific_rule_scan"}
[dataset-build] {"attempts": 75000, "current": 155, "rows": 80457, "rule_id": "keyboard_typo_candidate", "stage": "corpus_specific_rule_scan"}
[dataset-build] {"attempts": 80000, "current": 155, "rows": 80457, "rule_id": "keyboard_typo_candidate", "stage": "corpus_specific_rule_done"}
[dataset-build] {"current": 163, "rule_id": "pattern_÷þ_÷ó", "scan_limit": 80000, "stage": "corpus_specific_rule_start", "target": 2500}
[dataset-build] {"attempts": 5000, "current": 163, "rows": 80457, "rule_id": "pattern_÷þ_÷ó", "stage": "corpus_specific_rule_scan"}
[dataset-build] {"attempts": 10000, "current": 163, "rows": 80458, "rule_id": "pattern_÷þ_÷ó", "stage": "corpus_specific_rule_scan"}
[dataset-build] {"attempts": 15000, "current": 165, "rows": 80463, "rule_id": "pattern_÷þ_÷ó", "stage": "corpus_specific_rule_scan"}
[dataset-build] {"attempts": 20000, "current": 168, "rows": 80467, "rule_id": "pattern_÷þ_÷ó", "stage": "corpus_specific_rule_scan"}
[dataset-build] {"attempts": 25000, "current": 168, "rows": 80472, "rule_id": "pattern_÷þ_÷ó", "stage": "corpus_specific_rule_scan"}
[dataset-build] {"attempts": 30000, "current": 169, "rows": 80474, "rule_id": "pattern_÷þ_÷ó", "stage": "corpus_specific_rule_scan"}
[dataset-build] {"attempts": 35000, "current": 169, "rows": 80477, "rule_id": "pattern_÷þ_÷ó", "stage": "corpus_specific_rule_scan"}
[dataset-build] {"attempts": 40000, "current": 169, "rows": 80480, "rule_id": "pattern_÷þ_÷ó", "stage": "corpus_specific_rule_scan"}
[dataset-build] {"attempts": 45000, "current": 169, "rows": 80481, "rule_id": "pattern_÷þ_÷ó", "stage": "corpus_specific_rule_scan"}
[dataset-build] {"attempts": 50000, "current": 170, "rows": 80486, "rule_id": "pattern_÷þ_÷ó", "stage": "corpus_specific_rule_scan"}
[dataset-build] {"attempts": 55000, "current": 170, "rows": 80488, "rule_id": "pattern_÷þ_÷ó", "stage": "corpus_specific_rule_scan"}
[dataset-build] {"attempts": 60000, "current": 170, "rows": 80492, "rule_id": "pattern_÷þ_÷ó", "stage": "corpus_specific_rule_scan"}
[dataset-build] {"attempts": 65000, "current": 171, "rows": 80493, "rule_id": "pattern_÷þ_÷ó", "stage": "corpus_specific_rule_scan"}
[dataset-build] {"attempts": 70000, "current": 171, "rows": 80495, "rule_id": "pattern_÷þ_÷ó", "stage": "corpus_specific_rule_scan"}
[dataset-build] {"attempts": 75000, "current": 171, "rows": 80496, "rule_id": "pattern_÷þ_÷ó", "stage": "corpus_specific_rule_scan"}
[dataset-build] {"attempts": 80000, "current": 171, "rows": 80497, "rule_id": "pattern_÷þ_÷ó", "stage": "corpus_specific_rule_done"}
[dataset-build] {"current": 245, "rule_id": "dictionary_fuzzy", "scan_limit": 80000, "stage": "corpus_specific_rule_start", "target": 1800}
[dataset-build] {"attempts": 5000, "current": 245, "rows": 80500, "rule_id": "dictionary_fuzzy", "stage": "corpus_specific_rule_scan"}
[dataset-build] {"attempts": 10000, "current": 245, "rows": 80500, "rule_id": "dictionary_fuzzy", "stage": "corpus_specific_rule_scan"}
[dataset-build] {"attempts": 15000, "current": 245, "rows": 80502, "rule_id": "dictionary_fuzzy", "stage": "corpus_specific_rule_scan"}
[dataset-build] {"attempts": 20000, "current": 246, "rows": 80506, "rule_id": "dictionary_fuzzy", "stage": "corpus_specific_rule_scan"}
[dataset-build] {"attempts": 25000, "current": 246, "rows": 80508, "rule_id": "dictionary_fuzzy", "stage": "corpus_specific_rule_scan"}
[dataset-build] {"attempts": 30000, "current": 246, "rows": 80510, "rule_id": "dictionary_fuzzy", "stage": "corpus_specific_rule_scan"}
[dataset-build] {"attempts": 35000, "current": 246, "rows": 80512, "rule_id": "dictionary_fuzzy", "stage": "corpus_specific_rule_scan"}
[dataset-build] {"attempts": 40000, "current": 246, "rows": 80515, "rule_id": "dictionary_fuzzy", "stage": "corpus_specific_rule_scan"}
[dataset-build] {"attempts": 45000, "current": 246, "rows": 80517, "rule_id": "dictionary_fuzzy", "stage": "corpus_specific_rule_scan"}
[dataset-build] {"attempts": 50000, "current": 247, "rows": 80520, "rule_id": "dictionary_fuzzy", "stage": "corpus_specific_rule_scan"}
[dataset-build] {"attempts": 55000, "current": 248, "rows": 80526, "rule_id": "dictionary_fuzzy", "stage": "corpus_specific_rule_scan"}
[dataset-build] {"attempts": 60000, "current": 248, "rows": 80529, "rule_id": "dictionary_fuzzy", "stage": "corpus_specific_rule_scan"}
[dataset-build] {"attempts": 65000, "current": 248, "rows": 80533, "rule_id": "dictionary_fuzzy", "stage": "corpus_specific_rule_scan"}
[dataset-build] {"attempts": 70000, "current": 248, "rows": 80537, "rule_id": "dictionary_fuzzy", "stage": "corpus_specific_rule_scan"}
[dataset-build] {"attempts": 75000, "current": 248, "rows": 80538, "rule_id": "dictionary_fuzzy", "stage": "corpus_specific_rule_scan"}
[dataset-build] {"attempts": 80000, "current": 248, "rows": 80541, "rule_id": "dictionary_fuzzy", "stage": "corpus_specific_rule_done"}
[dataset-build] {"current": 336, "rule_id": "comma_conjunction", "scan_limit": 80000, "stage": "corpus_specific_rule_start", "target": 2500}
[dataset-build] {"attempts": 5000, "current": 336, "rows": 80541, "rule_id": "comma_conjunction", "stage": "corpus_specific_rule_scan"}
[dataset-build] {"attempts": 10000, "current": 336, "rows": 80541, "rule_id": "comma_conjunction", "stage": "corpus_specific_rule_scan"}
[dataset-build] {"attempts": 15000, "current": 336, "rows": 80541, "rule_id": "comma_conjunction", "stage": "corpus_specific_rule_scan"}
[dataset-build] {"attempts": 20000, "current": 336, "rows": 80541, "rule_id": "comma_conjunction", "stage": "corpus_specific_rule_scan"}
[dataset-build] {"attempts": 25000, "current": 336, "rows": 80541, "rule_id": "comma_conjunction", "stage": "corpus_specific_rule_scan"}
[dataset-build] {"attempts": 30000, "current": 336, "rows": 80541, "rule_id": "comma_conjunction", "stage": "corpus_specific_rule_scan"}
[dataset-build] {"attempts": 35000, "current": 336, "rows": 80541, "rule_id": "comma_conjunction", "stage": "corpus_specific_rule_scan"}
[dataset-build] {"attempts": 40000, "current": 1804, "rows": 82009, "rule_id": "comma_conjunction", "stage": "corpus_specific_rule_scan"}
[dataset-build] {"attempts": 41210, "current": 2500, "rows": 82705, "rule_id": "comma_conjunction", "stage": "corpus_specific_rule_done"}
[dataset-build] {"current": 350, "rule_id": "missing_hard_sign", "scan_limit": 80000, "stage": "corpus_specific_rule_start", "target": 2500}
[dataset-build] {"attempts": 5000, "current": 350, "rows": 82705, "rule_id": "missing_hard_sign", "stage": "corpus_specific_rule_scan"}
[dataset-build] {"attempts": 10000, "current": 354, "rows": 82709, "rule_id": "missing_hard_sign", "stage": "corpus_specific_rule_scan"}
[dataset-build] {"attempts": 15000, "current": 355, "rows": 82714, "rule_id": "missing_hard_sign", "stage": "corpus_specific_rule_scan"}
[dataset-build] {"attempts": 20000, "current": 362, "rows": 82722, "rule_id": "missing_hard_sign", "stage": "corpus_specific_rule_scan"}
[dataset-build] {"attempts": 25000, "current": 365, "rows": 82728, "rule_id": "missing_hard_sign", "stage": "corpus_specific_rule_scan"}
[dataset-build] {"attempts": 30000, "current": 371, "rows": 82739, "rule_id": "missing_hard_sign", "stage": "corpus_specific_rule_scan"}
[dataset-build] {"attempts": 35000, "current": 374, "rows": 82744, "rule_id": "missing_hard_sign", "stage": "corpus_specific_rule_scan"}
[dataset-build] {"attempts": 40000, "current": 378, "rows": 82750, "rule_id": "missing_hard_sign", "stage": "corpus_specific_rule_scan"}
[dataset-build] {"attempts": 45000, "current": 382, "rows": 82754, "rule_id": "missing_hard_sign", "stage": "corpus_specific_rule_scan"}
[dataset-build] {"attempts": 50000, "current": 387, "rows": 82760, "rule_id": "missing_hard_sign", "stage": "corpus_specific_rule_scan"}
[dataset-build] {"attempts": 55000, "current": 394, "rows": 82770, "rule_id": "missing_hard_sign", "stage": "corpus_specific_rule_scan"}
[dataset-build] {"attempts": 60000, "current": 400, "rows": 82778, "rule_id": "missing_hard_sign", "stage": "corpus_specific_rule_scan"}
[dataset-build] {"attempts": 65000, "current": 406, "rows": 82786, "rule_id": "missing_hard_sign", "stage": "corpus_specific_rule_scan"}
[dataset-build] {"attempts": 70000, "current": 411, "rows": 82795, "rule_id": "missing_hard_sign", "stage": "corpus_specific_rule_scan"}
[dataset-build] {"attempts": 75000, "current": 413, "rows": 82801, "rule_id": "missing_hard_sign", "stage": "corpus_specific_rule_scan"}
[dataset-build] {"attempts": 80000, "current": 420, "rows": 82811, "rule_id": "missing_hard_sign", "stage": "corpus_specific_rule_done"}
[dataset-build] {"current": 386, "rule_id": "soft_to_hard_sign", "scan_limit": 80000, "stage": "corpus_specific_rule_start", "target": 2500}
[dataset-build] {"attempts": 5000, "current": 386, "rows": 82811, "rule_id": "soft_to_hard_sign", "stage": "corpus_specific_rule_scan"}
[dataset-build] {"attempts": 10000, "current": 386, "rows": 82815, "rule_id": "soft_to_hard_sign", "stage": "corpus_specific_rule_scan"}
[dataset-build] {"attempts": 15000, "current": 390, "rows": 82820, "rule_id": "soft_to_hard_sign", "stage": "corpus_specific_rule_scan"}
[dataset-build] {"attempts": 20000, "current": 391, "rows": 82828, "rule_id": "soft_to_hard_sign", "stage": "corpus_specific_rule_scan"}
[dataset-build] {"attempts": 25000, "current": 394, "rows": 82835, "rule_id": "soft_to_hard_sign", "stage": "corpus_specific_rule_scan"}
[dataset-build] {"attempts": 30000, "current": 399, "rows": 82846, "rule_id": "soft_to_hard_sign", "stage": "corpus_specific_rule_scan"}
[dataset-build] {"attempts": 35000, "current": 401, "rows": 82851, "rule_id": "soft_to_hard_sign", "stage": "corpus_specific_rule_scan"}
[dataset-build] {"attempts": 40000, "current": 403, "rows": 82857, "rule_id": "soft_to_hard_sign", "stage": "corpus_specific_rule_scan"}
[dataset-build] {"attempts": 45000, "current": 403, "rows": 82861, "rule_id": "soft_to_hard_sign", "stage": "corpus_specific_rule_scan"}
[dataset-build] {"attempts": 50000, "current": 404, "rows": 82866, "rule_id": "soft_to_hard_sign", "stage": "corpus_specific_rule_scan"}
[dataset-build] {"attempts": 55000, "current": 407, "rows": 82877, "rule_id": "soft_to_hard_sign", "stage": "corpus_specific_rule_scan"}
[dataset-build] {"attempts": 60000, "current": 409, "rows": 82885, "rule_id": "soft_to_hard_sign", "stage": "corpus_specific_rule_scan"}
[dataset-build] {"attempts": 65000, "current": 411, "rows": 82892, "rule_id": "soft_to_hard_sign", "stage": "corpus_specific_rule_scan"}
[dataset-build] {"attempts": 70000, "current": 415, "rows": 82901, "rule_id": "soft_to_hard_sign", "stage": "corpus_specific_rule_scan"}
[dataset-build] {"attempts": 75000, "current": 419, "rows": 82906, "rule_id": "soft_to_hard_sign", "stage": "corpus_specific_rule_scan"}
[dataset-build] {"attempts": 80000, "current": 422, "rows": 82916, "rule_id": "soft_to_hard_sign", "stage": "corpus_specific_rule_done"}
[dataset-build] {"current": 404, "rule_id": "tsya_soft_insert", "scan_limit": 80000, "stage": "corpus_specific_rule_start", "target": 2500}
[dataset-build] {"attempts": 5000, "current": 404, "rows": 82916, "rule_id": "tsya_soft_insert", "stage": "corpus_specific_rule_scan"}
[dataset-build] {"attempts": 10000, "current": 408, "rows": 82920, "rule_id": "tsya_soft_insert", "stage": "corpus_specific_rule_scan"}
[dataset-build] {"attempts": 15000, "current": 420, "rows": 82932, "rule_id": "tsya_soft_insert", "stage": "corpus_specific_rule_scan"}
[dataset-build] {"attempts": 20000, "current": 424, "rows": 82936, "rule_id": "tsya_soft_insert", "stage": "corpus_specific_rule_scan"}
[dataset-build] {"attempts": 25000, "current": 433, "rows": 82945, "rule_id": "tsya_soft_insert", "stage": "corpus_specific_rule_scan"}
[dataset-build] {"attempts": 30000, "current": 442, "rows": 82954, "rule_id": "tsya_soft_insert", "stage": "corpus_specific_rule_scan"}
[dataset-build] {"attempts": 35000, "current": 451, "rows": 82963, "rule_id": "tsya_soft_insert", "stage": "corpus_specific_rule_scan"}
[dataset-build] {"attempts": 40000, "current": 459, "rows": 82971, "rule_id": "tsya_soft_insert", "stage": "corpus_specific_rule_scan"}
[dataset-build] {"attempts": 45000, "current": 465, "rows": 82977, "rule_id": "tsya_soft_insert", "stage": "corpus_specific_rule_scan"}
[dataset-build] {"attempts": 50000, "current": 472, "rows": 82984, "rule_id": "tsya_soft_insert", "stage": "corpus_specific_rule_scan"}
[dataset-build] {"attempts": 55000, "current": 473, "rows": 82985, "rule_id": "tsya_soft_insert", "stage": "corpus_specific_rule_scan"}
[dataset-build] {"attempts": 60000, "current": 481, "rows": 82993, "rule_id": "tsya_soft_insert", "stage": "corpus_specific_rule_scan"}
[dataset-build] {"attempts": 65000, "current": 489, "rows": 83001, "rule_id": "tsya_soft_insert", "stage": "corpus_specific_rule_scan"}
[dataset-build] {"attempts": 70000, "current": 494, "rows": 83006, "rule_id": "tsya_soft_insert", "stage": "corpus_specific_rule_scan"}
[dataset-build] {"attempts": 75000, "current": 504, "rows": 83016, "rule_id": "tsya_soft_insert", "stage": "corpus_specific_rule_scan"}
[dataset-build] {"attempts": 80000, "current": 508, "rows": 83020, "rule_id": "tsya_soft_insert", "stage": "corpus_specific_rule_done"}
[dataset-build] {"current": 542, "rule_id": "missing_letter_candidate", "scan_limit": 80000, "stage": "corpus_specific_rule_start", "target": 1800}
[dataset-build] {"attempts": 5000, "current": 542, "rows": 83020, "rule_id": "missing_letter_candidate", "stage": "corpus_specific_rule_scan"}
[dataset-build] {"attempts": 10000, "current": 542, "rows": 83027, "rule_id": "missing_letter_candidate", "stage": "corpus_specific_rule_scan"}
[dataset-build] {"attempts": 15000, "current": 542, "rows": 83055, "rule_id": "missing_letter_candidate", "stage": "corpus_specific_rule_scan"}
[dataset-build] {"attempts": 20000, "current": 543, "rows": 83077, "rule_id": "missing_letter_candidate", "stage": "corpus_specific_rule_scan"}
[dataset-build] {"attempts": 25000, "current": 543, "rows": 83094, "rule_id": "missing_letter_candidate", "stage": "corpus_specific_rule_scan"}
[dataset-build] {"attempts": 30000, "current": 543, "rows": 83117, "rule_id": "missing_letter_candidate", "stage": "corpus_specific_rule_scan"}
[dataset-build] {"attempts": 35000, "current": 543, "rows": 83138, "rule_id": "missing_letter_candidate", "stage": "corpus_specific_rule_scan"}
[dataset-build] {"attempts": 40000, "current": 543, "rows": 83157, "rule_id": "missing_letter_candidate", "stage": "corpus_specific_rule_scan"}
[dataset-build] {"attempts": 45000, "current": 543, "rows": 83171, "rule_id": "missing_letter_candidate", "stage": "corpus_specific_rule_scan"}
[dataset-build] {"attempts": 50000, "current": 544, "rows": 83193, "rule_id": "missing_letter_candidate", "stage": "corpus_specific_rule_scan"}
[dataset-build] {"attempts": 55000, "current": 545, "rows": 83204, "rule_id": "missing_letter_candidate", "stage": "corpus_specific_rule_scan"}
[dataset-build] {"attempts": 60000, "current": 545, "rows": 83224, "rule_id": "missing_letter_candidate", "stage": "corpus_specific_rule_scan"}
[dataset-build] {"attempts": 65000, "current": 545, "rows": 83241, "rule_id": "missing_letter_candidate", "stage": "corpus_specific_rule_scan"}
[dataset-build] {"attempts": 70000, "current": 545, "rows": 83255, "rule_id": "missing_letter_candidate", "stage": "corpus_specific_rule_scan"}
[dataset-build] {"attempts": 75000, "current": 545, "rows": 83258, "rule_id": "missing_letter_candidate", "stage": "corpus_specific_rule_scan"}
[dataset-build] {"attempts": 80000, "current": 545, "rows": 83259, "rule_id": "missing_letter_candidate", "stage": "corpus_specific_rule_done"}
[dataset-build] {"current": 1416, "rule_id": "frequent_error_exact", "scan_limit": 80000, "stage": "corpus_specific_rule_start", "target": 3000}
[dataset-build] {"attempts": 5000, "current": 1416, "rows": 83259, "rule_id": "frequent_error_exact", "stage": "corpus_specific_rule_scan"}
[dataset-build] {"attempts": 10000, "current": 1416, "rows": 83259, "rule_id": "frequent_error_exact", "stage": "corpus_specific_rule_scan"}
[dataset-build] {"attempts": 15000, "current": 1418, "rows": 83261, "rule_id": "frequent_error_exact", "stage": "corpus_specific_rule_scan"}
[dataset-build] {"attempts": 20000, "current": 1419, "rows": 83262, "rule_id": "frequent_error_exact", "stage": "corpus_specific_rule_scan"}
[dataset-build] {"attempts": 25000, "current": 1419, "rows": 83262, "rule_id": "frequent_error_exact", "stage": "corpus_specific_rule_scan"}
[dataset-build] {"attempts": 30000, "current": 1419, "rows": 83262, "rule_id": "frequent_error_exact", "stage": "corpus_specific_rule_scan"}
[dataset-build] {"attempts": 35000, "current": 1419, "rows": 83262, "rule_id": "frequent_error_exact", "stage": "corpus_specific_rule_scan"}
[dataset-build] {"attempts": 40000, "current": 1419, "rows": 83262, "rule_id": "frequent_error_exact", "stage": "corpus_specific_rule_scan"}
[dataset-build] {"attempts": 45000, "current": 1420, "rows": 83263, "rule_id": "frequent_error_exact", "stage": "corpus_specific_rule_scan"}
[dataset-build] {"attempts": 50000, "current": 1420, "rows": 83263, "rule_id": "frequent_error_exact", "stage": "corpus_specific_rule_scan"}
[dataset-build] {"attempts": 55000, "current": 1420, "rows": 83263, "rule_id": "frequent_error_exact", "stage": "corpus_specific_rule_scan"}
[dataset-build] {"attempts": 60000, "current": 1420, "rows": 83263, "rule_id": "frequent_error_exact", "stage": "corpus_specific_rule_scan"}
[dataset-build] {"attempts": 65000, "current": 1420, "rows": 83263, "rule_id": "frequent_error_exact", "stage": "corpus_specific_rule_scan"}
[dataset-build] {"attempts": 70000, "current": 1420, "rows": 83263, "rule_id": "frequent_error_exact", "stage": "corpus_specific_rule_scan"}
[dataset-build] {"attempts": 75000, "current": 1420, "rows": 83263, "rule_id": "frequent_error_exact", "stage": "corpus_specific_rule_scan"}
[dataset-build] {"attempts": 80000, "current": 1420, "rows": 83263, "rule_id": "frequent_error_exact", "stage": "corpus_specific_rule_done"}
[dataset-build] {"current": 839, "rule_id": "pattern_ùÿ_ùà", "scan_limit": 80000, "stage": "corpus_specific_rule_start", "target": 2500}
[dataset-build] {"attempts": 5000, "current": 839, "rows": 83263, "rule_id": "pattern_ùÿ_ùà", "stage": "corpus_specific_rule_scan"}
[dataset-build] {"attempts": 10000, "current": 840, "rows": 83264, "rule_id": "pattern_ùÿ_ùà", "stage": "corpus_specific_rule_scan"}
[dataset-build] {"attempts": 15000, "current": 845, "rows": 83269, "rule_id": "pattern_ùÿ_ùà", "stage": "corpus_specific_rule_scan"}
[dataset-build] {"attempts": 20000, "current": 852, "rows": 83276, "rule_id": "pattern_ùÿ_ùà", "stage": "corpus_specific_rule_scan"}
[dataset-build] {"attempts": 25000, "current": 860, "rows": 83284, "rule_id": "pattern_ùÿ_ùà", "stage": "corpus_specific_rule_scan"}
[dataset-build] {"attempts": 30000, "current": 862, "rows": 83286, "rule_id": "pattern_ùÿ_ùà", "stage": "corpus_specific_rule_scan"}
[dataset-build] {"attempts": 35000, "current": 866, "rows": 83290, "rule_id": "pattern_ùÿ_ùà", "stage": "corpus_specific_rule_scan"}
[dataset-build] {"attempts": 40000, "current": 870, "rows": 83294, "rule_id": "pattern_ùÿ_ùà", "stage": "corpus_specific_rule_scan"}
[dataset-build] {"attempts": 45000, "current": 876, "rows": 83300, "rule_id": "pattern_ùÿ_ùà", "stage": "corpus_specific_rule_scan"}
[dataset-build] {"attempts": 50000, "current": 882, "rows": 83306, "rule_id": "pattern_ùÿ_ùà", "stage": "corpus_specific_rule_scan"}
[dataset-build] {"attempts": 55000, "current": 891, "rows": 83315, "rule_id": "pattern_ùÿ_ùà", "stage": "corpus_specific_rule_scan"}
[dataset-build] {"attempts": 60000, "current": 895, "rows": 83319, "rule_id": "pattern_ùÿ_ùà", "stage": "corpus_specific_rule_scan"}
[dataset-build] {"attempts": 65000, "current": 897, "rows": 83321, "rule_id": "pattern_ùÿ_ùà", "stage": "corpus_specific_rule_scan"}
[dataset-build] {"attempts": 70000, "current": 902, "rows": 83326, "rule_id": "pattern_ùÿ_ùà", "stage": "corpus_specific_rule_scan"}
[dataset-build] {"attempts": 75000, "current": 910, "rows": 83334, "rule_id": "pattern_ùÿ_ùà", "stage": "corpus_specific_rule_scan"}
[dataset-build] {"attempts": 80000, "current": 915, "rows": 83339, "rule_id": "pattern_ùÿ_ùà", "stage": "corpus_specific_rule_done"}
[dataset-build] {"current": 1106, "rule_id": "pattern_øû_øè", "scan_limit": 80000, "stage": "corpus_specific_rule_start", "target": 2500}
[dataset-build] {"attempts": 5000, "current": 1106, "rows": 83339, "rule_id": "pattern_øû_øè", "stage": "corpus_specific_rule_scan"}
[dataset-build] {"attempts": 10000, "current": 1106, "rows": 83344, "rule_id": "pattern_øû_øè", "stage": "corpus_specific_rule_scan"}
[dataset-build] {"attempts": 15000, "current": 1106, "rows": 83351, "rule_id": "pattern_øû_øè", "stage": "corpus_specific_rule_scan"}
[dataset-build] {"attempts": 20000, "current": 1106, "rows": 83358, "rule_id": "pattern_øû_øè", "stage": "corpus_specific_rule_scan"}
[dataset-build] {"attempts": 25000, "current": 1106, "rows": 83366, "rule_id": "pattern_øû_øè", "stage": "corpus_specific_rule_scan"}
[dataset-build] {"attempts": 30000, "current": 1106, "rows": 83368, "rule_id": "pattern_øû_øè", "stage": "corpus_specific_rule_scan"}
[dataset-build] {"attempts": 35000, "current": 1106, "rows": 83377, "rule_id": "pattern_øû_øè", "stage": "corpus_specific_rule_scan"}
[dataset-build] {"attempts": 40000, "current": 1106, "rows": 83382, "rule_id": "pattern_øû_øè", "stage": "corpus_specific_rule_scan"}
[dataset-build] {"attempts": 45000, "current": 1106, "rows": 83391, "rule_id": "pattern_øû_øè", "stage": "corpus_specific_rule_scan"}
[dataset-build] {"attempts": 50000, "current": 1106, "rows": 83397, "rule_id": "pattern_øû_øè", "stage": "corpus_specific_rule_scan"}
[dataset-build] {"attempts": 55000, "current": 1106, "rows": 83402, "rule_id": "pattern_øû_øè", "stage": "corpus_specific_rule_scan"}
[dataset-build] {"attempts": 60000, "current": 1106, "rows": 83407, "rule_id": "pattern_øû_øè", "stage": "corpus_specific_rule_scan"}
[dataset-build] {"attempts": 65000, "current": 1106, "rows": 83415, "rule_id": "pattern_øû_øè", "stage": "corpus_specific_rule_scan"}
[dataset-build] {"attempts": 70000, "current": 1106, "rows": 83421, "rule_id": "pattern_øû_øè", "stage": "corpus_specific_rule_scan"}
[dataset-build] {"attempts": 75000, "current": 1106, "rows": 83431, "rule_id": "pattern_øû_øè", "stage": "corpus_specific_rule_scan"}
[dataset-build] {"attempts": 80000, "current": 1106, "rows": 83444, "rule_id": "pattern_øû_øè", "stage": "corpus_specific_rule_done"}
[dataset-build] {"current": 1126, "rule_id": "ne_verb", "scan_limit": 80000, "stage": "corpus_specific_rule_start", "target": 2500}
[dataset-build] {"attempts": 5000, "current": 1126, "rows": 83444, "rule_id": "ne_verb", "stage": "corpus_specific_rule_scan"}
[dataset-build] {"attempts": 10000, "current": 1126, "rows": 83444, "rule_id": "ne_verb", "stage": "corpus_specific_rule_scan"}
[dataset-build] {"attempts": 15000, "current": 1126, "rows": 83444, "rule_id": "ne_verb", "stage": "corpus_specific_rule_scan"}
[dataset-build] {"attempts": 20000, "current": 1126, "rows": 83444, "rule_id": "ne_verb", "stage": "corpus_specific_rule_scan"}
[dataset-build] {"attempts": 25000, "current": 1126, "rows": 83444, "rule_id": "ne_verb", "stage": "corpus_specific_rule_scan"}
[dataset-build] {"attempts": 30000, "current": 1126, "rows": 83444, "rule_id": "ne_verb", "stage": "corpus_specific_rule_scan"}
[dataset-build] {"attempts": 35000, "current": 1126, "rows": 83444, "rule_id": "ne_verb", "stage": "corpus_specific_rule_scan"}
[dataset-build] {"attempts": 40000, "current": 1126, "rows": 83444, "rule_id": "ne_verb", "stage": "corpus_specific_rule_scan"}
[dataset-build] {"attempts": 45000, "current": 1126, "rows": 83444, "rule_id": "ne_verb", "stage": "corpus_specific_rule_scan"}
[dataset-build] {"attempts": 50000, "current": 1126, "rows": 83444, "rule_id": "ne_verb", "stage": "corpus_specific_rule_scan"}
[dataset-build] {"attempts": 55000, "current": 1126, "rows": 83444, "rule_id": "ne_verb", "stage": "corpus_specific_rule_scan"}
[dataset-build] {"attempts": 60000, "current": 1126, "rows": 83444, "rule_id": "ne_verb", "stage": "corpus_specific_rule_scan"}
[dataset-build] {"attempts": 65000, "current": 1126, "rows": 83444, "rule_id": "ne_verb", "stage": "corpus_specific_rule_scan"}
[dataset-build] {"attempts": 70000, "current": 1126, "rows": 83444, "rule_id": "ne_verb", "stage": "corpus_specific_rule_scan"}
[dataset-build] {"attempts": 75000, "current": 1126, "rows": 83444, "rule_id": "ne_verb", "stage": "corpus_specific_rule_scan"}
[dataset-build] {"attempts": 80000, "current": 1126, "rows": 83444, "rule_id": "ne_verb", "stage": "corpus_specific_rule_done"}
[dataset-build] {"current": 1157, "rule_id": "comma_subordinate", "scan_limit": 80000, "stage": "corpus_specific_rule_start", "target": 2500}
[dataset-build] {"attempts": 5000, "current": 1157, "rows": 83444, "rule_id": "comma_subordinate", "stage": "corpus_specific_rule_scan"}
[dataset-build] {"attempts": 10000, "current": 1157, "rows": 83444, "rule_id": "comma_subordinate", "stage": "corpus_specific_rule_scan"}
[dataset-build] {"attempts": 15000, "current": 1157, "rows": 83444, "rule_id": "comma_subordinate", "stage": "corpus_specific_rule_scan"}
[dataset-build] {"attempts": 20000, "current": 1157, "rows": 83444, "rule_id": "comma_subordinate", "stage": "corpus_specific_rule_scan"}
[dataset-build] {"attempts": 25000, "current": 1157, "rows": 83444, "rule_id": "comma_subordinate", "stage": "corpus_specific_rule_scan"}
[dataset-build] {"attempts": 30000, "current": 1157, "rows": 83444, "rule_id": "comma_subordinate", "stage": "corpus_specific_rule_scan"}
[dataset-build] {"attempts": 35000, "current": 1157, "rows": 83444, "rule_id": "comma_subordinate", "stage": "corpus_specific_rule_scan"}
[dataset-build] {"attempts": 40000, "current": 1157, "rows": 83444, "rule_id": "comma_subordinate", "stage": "corpus_specific_rule_scan"}
[dataset-build] {"attempts": 43476, "current": 2500, "rows": 84787, "rule_id": "comma_subordinate", "stage": "corpus_specific_rule_done"}
[dataset-build] {"current": 1210, "rule_id": "pattern_æû_æè", "scan_limit": 80000, "stage": "corpus_specific_rule_start", "target": 2500}
[dataset-build] {"attempts": 5000, "current": 1210, "rows": 84787, "rule_id": "pattern_æû_æè", "stage": "corpus_specific_rule_scan"}
[dataset-build] {"attempts": 10000, "current": 1210, "rows": 84788, "rule_id": "pattern_æû_æè", "stage": "corpus_specific_rule_scan"}
[dataset-build] {"attempts": 15000, "current": 1210, "rows": 84804, "rule_id": "pattern_æû_æè", "stage": "corpus_specific_rule_scan"}
[dataset-build] {"attempts": 20000, "current": 1210, "rows": 84820, "rule_id": "pattern_æû_æè", "stage": "corpus_specific_rule_scan"}
[dataset-build] {"attempts": 25000, "current": 1210, "rows": 84834, "rule_id": "pattern_æû_æè", "stage": "corpus_specific_rule_scan"}
[dataset-build] {"attempts": 30000, "current": 1210, "rows": 84846, "rule_id": "pattern_æû_æè", "stage": "corpus_specific_rule_scan"}
[dataset-build] {"attempts": 35000, "current": 1210, "rows": 84860, "rule_id": "pattern_æû_æè", "stage": "corpus_specific_rule_scan"}
[dataset-build] {"attempts": 40000, "current": 1210, "rows": 84873, "rule_id": "pattern_æû_æè", "stage": "corpus_specific_rule_scan"}
[dataset-build] {"attempts": 45000, "current": 1210, "rows": 84884, "rule_id": "pattern_æû_æè", "stage": "corpus_specific_rule_scan"}
[dataset-build] {"attempts": 50000, "current": 1210, "rows": 84902, "rule_id": "pattern_æû_æè", "stage": "corpus_specific_rule_scan"}
[dataset-build] {"attempts": 55000, "current": 1210, "rows": 84917, "rule_id": "pattern_æû_æè", "stage": "corpus_specific_rule_scan"}
[dataset-build] {"attempts": 60000, "current": 1210, "rows": 84935, "rule_id": "pattern_æû_æè", "stage": "corpus_specific_rule_scan"}
[dataset-build] {"attempts": 65000, "current": 1210, "rows": 84950, "rule_id": "pattern_æû_æè", "stage": "corpus_specific_rule_scan"}
[dataset-build] {"attempts": 70000, "current": 1210, "rows": 84971, "rule_id": "pattern_æû_æè", "stage": "corpus_specific_rule_scan"}
[dataset-build] {"attempts": 75000, "current": 1211, "rows": 84990, "rule_id": "pattern_æû_æè", "stage": "corpus_specific_rule_scan"}
[dataset-build] {"attempts": 80000, "current": 1212, "rows": 85011, "rule_id": "pattern_æû_æè", "stage": "corpus_specific_rule_done"}
[dataset-build] {"current": 1219, "rule_id": "pattern_ùî_ùå", "scan_limit": 80000, "stage": "corpus_specific_rule_start", "target": 2500}
[dataset-build] {"attempts": 5000, "current": 1219, "rows": 85011, "rule_id": "pattern_ùî_ùå", "stage": "corpus_specific_rule_scan"}
[dataset-build] {"attempts": 10000, "current": 1219, "rows": 85011, "rule_id": "pattern_ùî_ùå", "stage": "corpus_specific_rule_scan"}
[dataset-build] {"attempts": 15000, "current": 1219, "rows": 85011, "rule_id": "pattern_ùî_ùå", "stage": "corpus_specific_rule_scan"}
[dataset-build] {"attempts": 20000, "current": 1219, "rows": 85011, "rule_id": "pattern_ùî_ùå", "stage": "corpus_specific_rule_scan"}
[dataset-build] {"attempts": 25000, "current": 1219, "rows": 85011, "rule_id": "pattern_ùî_ùå", "stage": "corpus_specific_rule_scan"}
[dataset-build] {"attempts": 30000, "current": 1219, "rows": 85011, "rule_id": "pattern_ùî_ùå", "stage": "corpus_specific_rule_scan"}
[dataset-build] {"attempts": 35000, "current": 1219, "rows": 85011, "rule_id": "pattern_ùî_ùå", "stage": "corpus_specific_rule_scan"}
[dataset-build] {"attempts": 40000, "current": 1220, "rows": 85012, "rule_id": "pattern_ùî_ùå", "stage": "corpus_specific_rule_scan"}
[dataset-build] {"attempts": 45000, "current": 1222, "rows": 85014, "rule_id": "pattern_ùî_ùå", "stage": "corpus_specific_rule_scan"}
[dataset-build] {"attempts": 50000, "current": 1223, "rows": 85015, "rule_id": "pattern_ùî_ùå", "stage": "corpus_specific_rule_scan"}
[dataset-build] {"attempts": 55000, "current": 1223, "rows": 85015, "rule_id": "pattern_ùî_ùå", "stage": "corpus_specific_rule_scan"}
[dataset-build] {"attempts": 60000, "current": 1223, "rows": 85015, "rule_id": "pattern_ùî_ùå", "stage": "corpus_specific_rule_scan"}
[dataset-build] {"attempts": 65000, "current": 1223, "rows": 85015, "rule_id": "pattern_ùî_ùå", "stage": "corpus_specific_rule_scan"}
[dataset-build] {"attempts": 70000, "current": 1223, "rows": 85015, "rule_id": "pattern_ùî_ùå", "stage": "corpus_specific_rule_scan"}
[dataset-build] {"attempts": 75000, "current": 1223, "rows": 85015, "rule_id": "pattern_ùî_ùå", "stage": "corpus_specific_rule_scan"}
[dataset-build] {"attempts": 80000, "current": 1223, "rows": 85015, "rule_id": "pattern_ùî_ùå", "stage": "corpus_specific_rule_done"}
[dataset-build] {"current": 1341, "rule_id": "tsya_soft_delete", "scan_limit": 80000, "stage": "corpus_specific_rule_start", "target": 2500}
[dataset-build] {"attempts": 5000, "current": 1341, "rows": 85015, "rule_id": "tsya_soft_delete", "stage": "corpus_specific_rule_scan"}
[dataset-build] {"attempts": 10000, "current": 1344, "rows": 85018, "rule_id": "tsya_soft_delete", "stage": "corpus_specific_rule_scan"}
[dataset-build] {"attempts": 15000, "current": 1346, "rows": 85020, "rule_id": "tsya_soft_delete", "stage": "corpus_specific_rule_scan"}
[dataset-build] {"attempts": 20000, "current": 1351, "rows": 85025, "rule_id": "tsya_soft_delete", "stage": "corpus_specific_rule_scan"}
[dataset-build] {"attempts": 25000, "current": 1354, "rows": 85028, "rule_id": "tsya_soft_delete", "stage": "corpus_specific_rule_scan"}
[dataset-build] {"attempts": 30000, "current": 1359, "rows": 85033, "rule_id": "tsya_soft_delete", "stage": "corpus_specific_rule_scan"}
[dataset-build] {"attempts": 35000, "current": 1363, "rows": 85037, "rule_id": "tsya_soft_delete", "stage": "corpus_specific_rule_scan"}
[dataset-build] {"attempts": 40000, "current": 1365, "rows": 85039, "rule_id": "tsya_soft_delete", "stage": "corpus_specific_rule_scan"}
[dataset-build] {"attempts": 45000, "current": 1367, "rows": 85041, "rule_id": "tsya_soft_delete", "stage": "corpus_specific_rule_scan"}
[dataset-build] {"attempts": 50000, "current": 1369, "rows": 85043, "rule_id": "tsya_soft_delete", "stage": "corpus_specific_rule_scan"}
[dataset-build] {"attempts": 55000, "current": 1371, "rows": 85045, "rule_id": "tsya_soft_delete", "stage": "corpus_specific_rule_scan"}
[dataset-build] {"attempts": 60000, "current": 1373, "rows": 85047, "rule_id": "tsya_soft_delete", "stage": "corpus_specific_rule_scan"}
[dataset-build] {"attempts": 65000, "current": 1380, "rows": 85054, "rule_id": "tsya_soft_delete", "stage": "corpus_specific_rule_scan"}
[dataset-build] {"attempts": 70000, "current": 1388, "rows": 85062, "rule_id": "tsya_soft_delete", "stage": "corpus_specific_rule_scan"}
[dataset-build] {"attempts": 75000, "current": 1392, "rows": 85066, "rule_id": "tsya_soft_delete", "stage": "corpus_specific_rule_scan"}
[dataset-build] {"attempts": 80000, "current": 1400, "rows": 85074, "rule_id": "tsya_soft_delete", "stage": "corpus_specific_rule_done"}
[dataset-build] {"current": 1725, "rule_id": "prefix_z_to_s", "scan_limit": 80000, "stage": "corpus_specific_rule_start", "target": 2500}
[dataset-build] {"attempts": 5000, "current": 1725, "rows": 85074, "rule_id": "prefix_z_to_s", "stage": "corpus_specific_rule_scan"}
[dataset-build] {"attempts": 10000, "current": 1727, "rows": 85076, "rule_id": "prefix_z_to_s", "stage": "corpus_specific_rule_scan"}
[dataset-build] {"attempts": 15000, "current": 1733, "rows": 85082, "rule_id": "prefix_z_to_s", "stage": "corpus_specific_rule_scan"}
[dataset-build] {"attempts": 20000, "current": 1735, "rows": 85084, "rule_id": "prefix_z_to_s", "stage": "corpus_specific_rule_scan"}
[dataset-build] {"attempts": 25000, "current": 1735, "rows": 85084, "rule_id": "prefix_z_to_s", "stage": "corpus_specific_rule_scan"}
[dataset-build] {"attempts": 30000, "current": 1736, "rows": 85085, "rule_id": "prefix_z_to_s", "stage": "corpus_specific_rule_scan"}
[dataset-build] {"attempts": 35000, "current": 1737, "rows": 85086, "rule_id": "prefix_z_to_s", "stage": "corpus_specific_rule_scan"}
[dataset-build] {"attempts": 40000, "current": 1742, "rows": 85091, "rule_id": "prefix_z_to_s", "stage": "corpus_specific_rule_scan"}
[dataset-build] {"attempts": 45000, "current": 1744, "rows": 85093, "rule_id": "prefix_z_to_s", "stage": "corpus_specific_rule_scan"}
[dataset-build] {"attempts": 50000, "current": 1748, "rows": 85097, "rule_id": "prefix_z_to_s", "stage": "corpus_specific_rule_scan"}
[dataset-build] {"attempts": 55000, "current": 1751, "rows": 85100, "rule_id": "prefix_z_to_s", "stage": "corpus_specific_rule_scan"}
[dataset-build] {"attempts": 60000, "current": 1752, "rows": 85101, "rule_id": "prefix_z_to_s", "stage": "corpus_specific_rule_scan"}
[dataset-build] {"attempts": 65000, "current": 1754, "rows": 85103, "rule_id": "prefix_z_to_s", "stage": "corpus_specific_rule_scan"}
[dataset-build] {"attempts": 70000, "current": 1756, "rows": 85105, "rule_id": "prefix_z_to_s", "stage": "corpus_specific_rule_scan"}
[dataset-build] {"attempts": 75000, "current": 1757, "rows": 85106, "rule_id": "prefix_z_to_s", "stage": "corpus_specific_rule_scan"}
[dataset-build] {"attempts": 80000, "current": 1757, "rows": 85106, "rule_id": "prefix_z_to_s", "stage": "corpus_specific_rule_done"}
[dataset-build] {"current": 1738, "rule_id": "pattern_øî_øå", "scan_limit": 80000, "stage": "corpus_specific_rule_start", "target": 2500}
[dataset-build] {"attempts": 5000, "current": 1739, "rows": 85107, "rule_id": "pattern_øî_øå", "stage": "corpus_specific_rule_scan"}
[dataset-build] {"attempts": 10000, "current": 1739, "rows": 85107, "rule_id": "pattern_øî_øå", "stage": "corpus_specific_rule_scan"}
[dataset-build] {"attempts": 15000, "current": 1741, "rows": 85109, "rule_id": "pattern_øî_øå", "stage": "corpus_specific_rule_scan"}
[dataset-build] {"attempts": 20000, "current": 1742, "rows": 85110, "rule_id": "pattern_øî_øå", "stage": "corpus_specific_rule_scan"}
[dataset-build] {"attempts": 25000, "current": 1743, "rows": 85111, "rule_id": "pattern_øî_øå", "stage": "corpus_specific_rule_scan"}
[dataset-build] {"attempts": 30000, "current": 1743, "rows": 85111, "rule_id": "pattern_øî_øå", "stage": "corpus_specific_rule_scan"}
[dataset-build] {"attempts": 35000, "current": 1746, "rows": 85114, "rule_id": "pattern_øî_øå", "stage": "corpus_specific_rule_scan"}
[dataset-build] {"attempts": 40000, "current": 1749, "rows": 85117, "rule_id": "pattern_øî_øå", "stage": "corpus_specific_rule_scan"}
[dataset-build] {"attempts": 45000, "current": 1753, "rows": 85121, "rule_id": "pattern_øî_øå", "stage": "corpus_specific_rule_scan"}
[dataset-build] {"attempts": 50000, "current": 1754, "rows": 85122, "rule_id": "pattern_øî_øå", "stage": "corpus_specific_rule_scan"}
[dataset-build] {"attempts": 55000, "current": 1754, "rows": 85122, "rule_id": "pattern_øî_øå", "stage": "corpus_specific_rule_scan"}
[dataset-build] {"attempts": 60000, "current": 1754, "rows": 85122, "rule_id": "pattern_øî_øå", "stage": "corpus_specific_rule_scan"}
[dataset-build] {"attempts": 65000, "current": 1755, "rows": 85123, "rule_id": "pattern_øî_øå", "stage": "corpus_specific_rule_scan"}
[dataset-build] {"attempts": 70000, "current": 1756, "rows": 85124, "rule_id": "pattern_øî_øå", "stage": "corpus_specific_rule_scan"}
[dataset-build] {"attempts": 75000, "current": 1756, "rows": 85124, "rule_id": "pattern_øî_øå", "stage": "corpus_specific_rule_scan"}
[dataset-build] {"attempts": 80000, "current": 1758, "rows": 85126, "rule_id": "pattern_øî_øå", "stage": "corpus_specific_rule_done"}
[dataset-build] {"current": 1913, "rule_id": "pattern_÷ÿ_÷à", "scan_limit": 80000, "stage": "corpus_specific_rule_start", "target": 2500}
[dataset-build] {"attempts": 5000, "current": 1913, "rows": 85126, "rule_id": "pattern_÷ÿ_÷à", "stage": "corpus_specific_rule_scan"}
[dataset-build] {"attempts": 10000, "current": 1922, "rows": 85135, "rule_id": "pattern_÷ÿ_÷à", "stage": "corpus_specific_rule_scan"}
[dataset-build] {"attempts": 15000, "current": 1949, "rows": 85162, "rule_id": "pattern_÷ÿ_÷à", "stage": "corpus_specific_rule_scan"}
[dataset-build] {"attempts": 20000, "current": 1995, "rows": 85208, "rule_id": "pattern_÷ÿ_÷à", "stage": "corpus_specific_rule_scan"}
[dataset-build] {"attempts": 25000, "current": 2028, "rows": 85241, "rule_id": "pattern_÷ÿ_÷à", "stage": "corpus_specific_rule_scan"}
[dataset-build] {"attempts": 30000, "current": 2066, "rows": 85279, "rule_id": "pattern_÷ÿ_÷à", "stage": "corpus_specific_rule_scan"}
[dataset-build] {"attempts": 35000, "current": 2099, "rows": 85312, "rule_id": "pattern_÷ÿ_÷à", "stage": "corpus_specific_rule_scan"}
[dataset-build] {"attempts": 40000, "current": 2128, "rows": 85341, "rule_id": "pattern_÷ÿ_÷à", "stage": "corpus_specific_rule_scan"}
[dataset-build] {"attempts": 45000, "current": 2164, "rows": 85377, "rule_id": "pattern_÷ÿ_÷à", "stage": "corpus_specific_rule_scan"}
[dataset-build] {"attempts": 50000, "current": 2194, "rows": 85407, "rule_id": "pattern_÷ÿ_÷à", "stage": "corpus_specific_rule_scan"}
[dataset-build] {"attempts": 55000, "current": 2225, "rows": 85438, "rule_id": "pattern_÷ÿ_÷à", "stage": "corpus_specific_rule_scan"}
[dataset-build] {"attempts": 60000, "current": 2268, "rows": 85481, "rule_id": "pattern_÷ÿ_÷à", "stage": "corpus_specific_rule_scan"}
[dataset-build] {"attempts": 65000, "current": 2317, "rows": 85530, "rule_id": "pattern_÷ÿ_÷à", "stage": "corpus_specific_rule_scan"}
[dataset-build] {"attempts": 70000, "current": 2346, "rows": 85559, "rule_id": "pattern_÷ÿ_÷à", "stage": "corpus_specific_rule_scan"}
[dataset-build] {"attempts": 75000, "current": 2386, "rows": 85599, "rule_id": "pattern_÷ÿ_÷à", "stage": "corpus_specific_rule_scan"}
[dataset-build] {"attempts": 80000, "current": 2430, "rows": 85643, "rule_id": "pattern_÷ÿ_÷à", "stage": "corpus_specific_rule_done"}
[dataset-build] {"current": 2159, "rule_id": "prefix_s_to_z", "scan_limit": 80000, "stage": "corpus_specific_rule_start", "target": 2500}
[dataset-build] {"attempts": 5000, "current": 2159, "rows": 85643, "rule_id": "prefix_s_to_z", "stage": "corpus_specific_rule_scan"}
[dataset-build] {"attempts": 10000, "current": 2159, "rows": 85643, "rule_id": "prefix_s_to_z", "stage": "corpus_specific_rule_scan"}
[dataset-build] {"attempts": 15000, "current": 2159, "rows": 85643, "rule_id": "prefix_s_to_z", "stage": "corpus_specific_rule_scan"}
[dataset-build] {"attempts": 20000, "current": 2159, "rows": 85643, "rule_id": "prefix_s_to_z", "stage": "corpus_specific_rule_scan"}
[dataset-build] {"attempts": 25000, "current": 2160, "rows": 85644, "rule_id": "prefix_s_to_z", "stage": "corpus_specific_rule_scan"}
[dataset-build] {"attempts": 30000, "current": 2161, "rows": 85645, "rule_id": "prefix_s_to_z", "stage": "corpus_specific_rule_scan"}
[dataset-build] {"attempts": 35000, "current": 2161, "rows": 85645, "rule_id": "prefix_s_to_z", "stage": "corpus_specific_rule_scan"}
[dataset-build] {"attempts": 40000, "current": 2161, "rows": 85645, "rule_id": "prefix_s_to_z", "stage": "corpus_specific_rule_scan"}
[dataset-build] {"attempts": 45000, "current": 2161, "rows": 85645, "rule_id": "prefix_s_to_z", "stage": "corpus_specific_rule_scan"}
[dataset-build] {"attempts": 50000, "current": 2161, "rows": 85645, "rule_id": "prefix_s_to_z", "stage": "corpus_specific_rule_scan"}
[dataset-build] {"attempts": 55000, "current": 2161, "rows": 85645, "rule_id": "prefix_s_to_z", "stage": "corpus_specific_rule_scan"}
[dataset-build] {"attempts": 60000, "current": 2161, "rows": 85645, "rule_id": "prefix_s_to_z", "stage": "corpus_specific_rule_scan"}
[dataset-build] {"attempts": 65000, "current": 2161, "rows": 85645, "rule_id": "prefix_s_to_z", "stage": "corpus_specific_rule_scan"}
[dataset-build] {"attempts": 70000, "current": 2161, "rows": 85645, "rule_id": "prefix_s_to_z", "stage": "corpus_specific_rule_scan"}
[dataset-build] {"attempts": 75000, "current": 2162, "rows": 85646, "rule_id": "prefix_s_to_z", "stage": "corpus_specific_rule_scan"}
[dataset-build] {"attempts": 80000, "current": 2162, "rows": 85646, "rule_id": "prefix_s_to_z", "stage": "corpus_specific_rule_done"}
[dataset-build] {"rows": 85646, "stage": "corpus_opportunity_done", "state": {"rule_counts": {"abbreviation_case_protection": 59, "address_comma": 2500, "apposition_comma": 2500, "asyndetic_dash": 2500, "bracket_pair_balance": 2500, "capitalization_sentence_start": 3000, "clarification_comma": 2500, "comma_conjunction": 2500, "comma_subordinate": 2500, "comparative_turnover_comma": 2500, "consequence_dash": 2387, "context_chto_by": 1441, "context_nesmotrya": 268, "context_tak_zhe": 2500, "context_to_zhe": 442, "context_vsledstvie": 18, "context_za_to": 135, "cy_exception": 10, "detached_adverbial_comma": 2500, "detached_participial_comma": 2500, "dictionary_fuzzy": 248, "direct_speech_colon": 3, "direct_speech_dash": 0, "direct_speech_quotes": 2500, "double_consonant_candidate": 117, "enumeration_colon": 1321, "enumeration_dash": 0, "explanation_colon": 0, "extra_letter_candidate": 60, "final_punctuation_default": 3135, "frequent_error_exact": 1748, "homogeneous_comma": 2500, "hyphen_koe_koy": 0, "hyphen_particles": 6, "hyphen_po_adverbs": 0, "hyphen_whitelist": 125, "introductory_comma": 2500, "keyboard_typo_candidate": 155, "missing_hard_sign": 429, "missing_letter_candidate": 545, "n_nn_adjective": 3250, "n_nn_deverbal_adjective": 68, "n_nn_participle": 2500, "n_nn_short_form": 2670, "ne_adjective": 5, "ne_adverb": 0, "ne_participle": 0, "ne_predicative": 1, "ne_short_form": 0, "ne_verb": 1126, "ni_particle_context": 0, "ni_stable_expression": 0, "pattern_æî_æå": 2521, "pattern_æû_æè": 1212, "pattern_öû_öè": 2512, "pattern_÷î_÷å": 2626, "pattern_÷þ_÷ó": 171, "pattern_÷ÿ_÷à": 2430, "pattern_øî_øå": 1758, "pattern_øû_øè": 1106, "pattern_ùî_ùå": 1223, "pattern_ùþ_ùó": 53, "pattern_ùÿ_ùà": 915, "pol_polu_compounds": 0, "prefix_pre_pri": 2587, "prefix_s_to_z": 2162, "prefix_z_to_s": 1757, "punctuation_delete_replace": 2500, "quote_pair_balance": 2500, "sdelat_prefix": 269, "semicolon": 75, "soft_to_hard_sign": 422, "subject_predicate_dash": 16, "swapped_letters_candidate": 106, "tsya_soft_delete": 1400, "tsya_soft_insert": 512}, "scan_count": 8000}, "total_rows": 87615}
[dataset-build] {"stage": "quota_backfill_start", "synthetic_budget": 180365}
