rule_id,proposed_source,proposed_target,reason,candidate_count,matching_candidate_found,generated_candidate_rule_ids
asyndetic_dash,Солнце село стало холодно. Позже редактор сохранил копию.,Солнце село — стало холодно. Позже редактор сохранил копию.,no_supported_edit,10,False,"[""asyndetic_dash"", ""missing_hard_sign""]"
asyndetic_dash,Солнце село город затих. Утром комиссия вернулась к письму.,Солнце село — город затих. Утром комиссия вернулась к письму.,no_supported_edit,11,False,"[""asyndetic_dash"", ""missing_hard_sign""]"
asyndetic_dash,Солнце село встреча закончилась. После встречи файл остался в архиве.,Солнце село — встреча закончилась. После встречи файл остался в архиве.,no_supported_edit,12,False,"[""asyndetic_dash"", ""missing_hard_sign""]"
asyndetic_dash,Солнце село стало холодно. Вечером автор обновил сводку.,Солнце село — стало холодно. Вечером автор обновил сводку.,no_supported_edit,10,False,"[""asyndetic_dash"", ""missing_hard_sign""]"
asyndetic_dash,Солнце село город затих. Затем группа сверила подписи.,Солнце село — город затих. Затем группа сверила подписи.,no_supported_edit,10,False,"[""asyndetic_dash"", ""missing_hard_sign""]"
asyndetic_dash,Солнце село встреча закончилась. Позже служба отправила ответ.,Солнце село — встреча закончилась. Позже служба отправила ответ.,no_supported_edit,10,False,"[""asyndetic_dash"", ""missing_hard_sign""]"
asyndetic_dash,Солнце село стало холодно. Утром секретарь открыл папку.,Солнце село — стало холодно. Утром секретарь открыл папку.,no_supported_edit,10,False,"[""asyndetic_dash"", ""missing_hard_sign""]"
asyndetic_dash,Солнце село город затих. После проверки список закрыли.,Солнце село — город затих. После проверки список закрыли.,no_supported_edit,10,False,"[""asyndetic_dash"", ""missing_hard_sign""]"
asyndetic_dash,Солнце село встреча закончилась. Вечером руководитель принял правки.,Солнце село — встреча закончилась. Вечером руководитель принял правки.,no_supported_edit,10,False,"[""asyndetic_dash"", ""missing_hard_sign""]"
asyndetic_dash,Солнце село стало холодно. Затем аналитик обновил запись.,Солнце село — стало холодно. Затем аналитик обновил запись.,no_supported_edit,10,False,"[""asyndetic_dash"", ""missing_hard_sign""]"
asyndetic_dash,Солнце село город затих. Позже юрист согласовал договор.,Солнце село — город затих. Позже юрист согласовал договор.,no_supported_edit,10,False,"[""asyndetic_dash"", ""missing_hard_sign""]"
asyndetic_dash,Солнце село встреча закончилась. Утром редакция выпустила заметку.,Солнце село — встреча закончилась. Утром редакция выпустила заметку.,no_supported_edit,10,False,"[""asyndetic_dash"", ""missing_hard_sign""]"
asyndetic_dash,Солнце село стало холодно. После совещания команда сверила сроки.,Солнце село — стало холодно. После совещания команда сверила сроки.,no_supported_edit,11,False,"[""asyndetic_dash"", ""missing_hard_sign""]"
asyndetic_dash,Солнце село город затих. Вечером архивариус нашел копию.,Солнце село — город затих. Вечером архивариус нашел копию.,no_supported_edit,10,False,"[""asyndetic_dash"", ""missing_hard_sign""]"
asyndetic_dash,Солнце село встреча закончилась. Затем отдел подготовил справку.,Солнце село — встреча закончилась. Затем отдел подготовил справку.,no_supported_edit,10,False,"[""asyndetic_dash"", ""missing_hard_sign""]"
asyndetic_dash,Солнце село стало холодно. Позже координатор закрыл заявку.,Солнце село — стало холодно. Позже координатор закрыл заявку.,no_supported_edit,10,False,"[""asyndetic_dash"", ""missing_hard_sign""]"
asyndetic_dash,Солнце село город затих. Утром эксперт прочитал письмо.,Солнце село — город затих. Утром эксперт прочитал письмо.,no_supported_edit,10,False,"[""asyndetic_dash"", ""missing_hard_sign""]"
asyndetic_dash,Солнце село встреча закончилась. После обеда комиссия уточнила вывод.,Солнце село — встреча закончилась. После обеда комиссия уточнила вывод.,no_supported_edit,11,False,"[""asyndetic_dash"", ""missing_hard_sign""]"
asyndetic_dash,Солнце село стало холодно. Вечером автор проверил таблицу.,Солнце село — стало холодно. Вечером автор проверил таблицу.,no_supported_edit,10,False,"[""asyndetic_dash"", ""missing_hard_sign""]"
asyndetic_dash,Солнце село город затих. Затем редактор отправил файл.,Солнце село — город затих. Затем редактор отправил файл.,no_supported_edit,10,False,"[""asyndetic_dash"", ""missing_hard_sign""]"
asyndetic_dash,Солнце село встреча закончилась. Позже группа обсудила договор.,Солнце село — встреча закончилась. Позже группа обсудила договор.,no_supported_edit,10,False,"[""asyndetic_dash"", ""missing_hard_sign""]"
asyndetic_dash,Солнце село стало холодно. Утром служба приняла заявку.,Солнце село — стало холодно. Утром служба приняла заявку.,no_supported_edit,10,False,"[""asyndetic_dash"", ""missing_hard_sign""]"
asyndetic_dash,Солнце село город затих. После проверки руководитель подписал лист.,Солнце село — город затих. После проверки руководитель подписал лист.,no_supported_edit,11,False,"[""asyndetic_dash"", ""missing_hard_sign""]"
asyndetic_dash,Солнце село встреча закончилась. Вечером секретарь обновил график.,Солнце село — встреча закончилась. Вечером секретарь обновил график.,no_supported_edit,10,False,"[""asyndetic_dash"", ""missing_hard_sign""]"
asyndetic_dash,Солнце село стало холодно. Затем эксперт сверил данные.,Солнце село — стало холодно. Затем эксперт сверил данные.,no_supported_edit,10,False,"[""asyndetic_dash"", ""missing_hard_sign""]"
asyndetic_dash,Солнце село город затих. Позже редакция открыла архив.,Солнце село — город затих. Позже редакция открыла архив.,no_supported_edit,10,False,"[""asyndetic_dash"", ""missing_hard_sign""]"
asyndetic_dash,Солнце село встреча закончилась. Утром автор исправил дату.,Солнце село — встреча закончилась. Утром автор исправил дату.,no_supported_edit,10,False,"[""asyndetic_dash"", ""missing_hard_sign""]"
asyndetic_dash,Солнце село стало холодно. После встречи отдел сохранил запись.,Солнце село — стало холодно. После встречи отдел сохранил запись.,no_supported_edit,11,False,"[""asyndetic_dash"", ""missing_hard_sign""]"
asyndetic_dash,Солнце село город затих. Вечером комиссия закрыла вопрос.,Солнце село — город затих. Вечером комиссия закрыла вопрос.,no_supported_edit,10,False,"[""asyndetic_dash"", ""missing_hard_sign""]"
asyndetic_dash,Солнце село встреча закончилась. Затем координатор отправил сводку.,Солнце село — встреча закончилась. Затем координатор отправил сводку.,no_supported_edit,10,False,"[""asyndetic_dash"", ""missing_hard_sign""]"
asyndetic_dash,Солнце село стало холодно. Позже аналитик проверил договор.,Солнце село — стало холодно. Позже аналитик проверил договор.,no_supported_edit,10,False,"[""asyndetic_dash"", ""missing_hard_sign""]"
asyndetic_dash,Солнце село город затих. Утром редактор принял отчет.,Солнце село — город затих. Утром редактор принял отчет.,no_supported_edit,10,False,"[""asyndetic_dash"", ""missing_hard_sign""]"
asyndetic_dash,Солнце село встреча закончилась. После обеда автор открыл журнал.,Солнце село — встреча закончилась. После обеда автор открыл журнал.,no_supported_edit,11,False,"[""asyndetic_dash"", ""missing_hard_sign""]"
asyndetic_dash,Солнце село стало холодно. Вечером отдел сверил ведомость.,Солнце село — стало холодно. Вечером отдел сверил ведомость.,no_supported_edit,10,False,"[""asyndetic_dash"", ""missing_hard_sign""]"
asyndetic_dash,Солнце село город затих. Затем юрист обновил папку.,Солнце село — город затих. Затем юрист обновил папку.,no_supported_edit,10,False,"[""asyndetic_dash"", ""missing_hard_sign""]"
asyndetic_dash,Солнце село встреча закончилась. Позже комиссия приняла справку.,Солнце село — встреча закончилась. Позже комиссия приняла справку.,no_supported_edit,10,False,"[""asyndetic_dash"", ""missing_hard_sign""]"
asyndetic_dash,Солнце село стало холодно. Утром группа закрыла протокол.,Солнце село — стало холодно. Утром группа закрыла протокол.,no_supported_edit,10,False,"[""asyndetic_dash"", ""missing_hard_sign""]"
asyndetic_dash,Солнце село город затих. После встречи редактор сохранил таблицу.,Солнце село — город затих. После встречи редактор сохранил таблицу.,no_supported_edit,11,False,"[""asyndetic_dash"", ""missing_hard_sign""]"
asyndetic_dash,Солнце село встреча закончилась. Вечером эксперт уточнил маршрут.,Солнце село — встреча закончилась. Вечером эксперт уточнил маршрут.,no_supported_edit,10,False,"[""asyndetic_dash"", ""missing_hard_sign""]"
asyndetic_dash,Солнце село стало холодно. Затем секретарь проверил журнал.,Солнце село — стало холодно. Затем секретарь проверил журнал.,no_supported_edit,10,False,"[""asyndetic_dash"", ""missing_hard_sign""]"
asyndetic_dash,Солнце село город затих. Позже служба согласовала заявку.,Солнце село — город затих. Позже служба согласовала заявку.,no_supported_edit,10,False,"[""asyndetic_dash"", ""missing_hard_sign""]"
asyndetic_dash,Солнце село встреча закончилась. Утром автор отправил письмо.,Солнце село — встреча закончилась. Утром автор отправил письмо.,no_supported_edit,10,False,"[""asyndetic_dash"", ""missing_hard_sign""]"
asyndetic_dash,Солнце село стало холодно. После проверки отдел обновил график.,Солнце село — стало холодно. После проверки отдел обновил график.,no_supported_edit,11,False,"[""asyndetic_dash"", ""missing_hard_sign""]"
asyndetic_dash,Солнце село город затих. Вечером координатор принял ответ.,Солнце село — город затих. Вечером координатор принял ответ.,no_supported_edit,10,False,"[""asyndetic_dash"", ""missing_hard_sign""]"
asyndetic_dash,Солнце село встреча закончилась. Затем комиссия открыла раздел.,Солнце село — встреча закончилась. Затем комиссия открыла раздел.,no_supported_edit,10,False,"[""asyndetic_dash"", ""missing_hard_sign""]"
asyndetic_dash,Солнце село стало холодно. Позже редактор сверил список.,Солнце село — стало холодно. Позже редактор сверил список.,no_supported_edit,10,False,"[""asyndetic_dash"", ""missing_hard_sign""]"
asyndetic_dash,Солнце село город затих. Утром аналитик сохранил отчет.,Солнце село — город затих. Утром аналитик сохранил отчет.,no_supported_edit,10,False,"[""asyndetic_dash"", ""missing_hard_sign""]"
asyndetic_dash,Солнце село встреча закончилась. После обеда юрист проверил подпись.,Солнце село — встреча закончилась. После обеда юрист проверил подпись.,no_supported_edit,11,False,"[""asyndetic_dash"", ""missing_hard_sign""]"
asyndetic_dash,Солнце село стало холодно. Вечером группа обновила запись.,Солнце село — стало холодно. Вечером группа обновила запись.,no_supported_edit,10,False,"[""asyndetic_dash"", ""missing_hard_sign""]"
asyndetic_dash,Солнце село город затих. Затем служба закрыла вопрос.,Солнце село — город затих. Затем служба закрыла вопрос.,no_supported_edit,10,False,"[""asyndetic_dash"", ""missing_hard_sign""]"
asyndetic_dash,Солнце село встреча закончилась. Позже эксперт согласовал таблицу.,Солнце село — встреча закончилась. Позже эксперт согласовал таблицу.,no_supported_edit,10,False,"[""asyndetic_dash"", ""missing_hard_sign""]"
asyndetic_dash,Солнце село стало холодно. Утром отдел отправил договор.,Солнце село — стало холодно. Утром отдел отправил договор.,no_supported_edit,10,False,"[""asyndetic_dash"", ""missing_hard_sign""]"
asyndetic_dash,Солнце село город затих. После совещания автор уточнил дату.,Солнце село — город затих. После совещания автор уточнил дату.,no_supported_edit,11,False,"[""asyndetic_dash"", ""missing_hard_sign""]"
asyndetic_dash,Солнце село встреча закончилась. Вечером редактор открыл протокол.,Солнце село — встреча закончилась. Вечером редактор открыл протокол.,no_supported_edit,10,False,"[""asyndetic_dash"", ""missing_hard_sign""]"
asyndetic_dash,Солнце село стало холодно. Затем координатор сверил журнал.,Солнце село — стало холодно. Затем координатор сверил журнал.,no_supported_edit,10,False,"[""asyndetic_dash"", ""missing_hard_sign""]"
asyndetic_dash,Солнце село город затих. Позже комиссия сохранила решение.,Солнце село — город затих. Позже комиссия сохранила решение.,no_supported_edit,10,False,"[""asyndetic_dash"", ""missing_hard_sign""]"
asyndetic_dash,Солнце село встреча закончилась. Утром секретарь проверил папку.,Солнце село — встреча закончилась. Утром секретарь проверил папку.,no_supported_edit,10,False,"[""asyndetic_dash"", ""missing_hard_sign""]"
asyndetic_dash,Солнце село стало холодно. После проверки аналитик принял сводку.,Солнце село — стало холодно. После проверки аналитик принял сводку.,no_supported_edit,11,False,"[""asyndetic_dash"", ""missing_hard_sign""]"
asyndetic_dash,Солнце село город затих. Вечером служба обновила список.,Солнце село — город затих. Вечером служба обновила список.,no_supported_edit,10,False,"[""asyndetic_dash"", ""missing_hard_sign""]"
asyndetic_dash,Солнце село встреча закончилась. Затем юрист отправил письмо.,Солнце село — встреча закончилась. Затем юрист отправил письмо.,no_supported_edit,10,False,"[""asyndetic_dash"", ""missing_hard_sign""]"
asyndetic_dash,Солнце село стало холодно. Позже отдел согласовал график.,Солнце село — стало холодно. Позже отдел согласовал график.,no_supported_edit,10,False,"[""asyndetic_dash"", ""missing_hard_sign""]"
asyndetic_dash,Солнце село город затих. Утром редакция сверила выпуск.,Солнце село — город затих. Утром редакция сверила выпуск.,no_supported_edit,10,False,"[""asyndetic_dash"", ""missing_hard_sign""]"
asyndetic_dash,Солнце село встреча закончилась. После встречи эксперт закрыл заявку.,Солнце село — встреча закончилась. После встречи эксперт закрыл заявку.,no_supported_edit,11,False,"[""asyndetic_dash"", ""missing_hard_sign""]"
asyndetic_dash,Солнце село стало холодно. Вечером автор сохранил раздел.,Солнце село — стало холодно. Вечером автор сохранил раздел.,no_supported_edit,10,False,"[""asyndetic_dash"", ""missing_hard_sign""]"
asyndetic_dash,Солнце село город затих. Затем группа проверила договор.,Солнце село — город затих. Затем группа проверила договор.,no_supported_edit,10,False,"[""asyndetic_dash"", ""missing_hard_sign""]"
asyndetic_dash,Солнце село встреча закончилась. Позже секретарь уточнил таблицу.,Солнце село — встреча закончилась. Позже секретарь уточнил таблицу.,no_supported_edit,10,False,"[""asyndetic_dash"", ""missing_hard_sign""]"
asyndetic_dash,Солнце село стало холодно. Утром комиссия открыла журнал.,Солнце село — стало холодно. Утром комиссия открыла журнал.,no_supported_edit,10,False,"[""asyndetic_dash"", ""missing_hard_sign""]"
asyndetic_dash,Солнце село город затих. После обеда координатор принял протокол.,Солнце село — город затих. После обеда координатор принял протокол.,no_supported_edit,11,False,"[""asyndetic_dash"", ""missing_hard_sign""]"
asyndetic_dash,Солнце село встреча закончилась. Вечером аналитик сверил письмо.,Солнце село — встреча закончилась. Вечером аналитик сверил письмо.,no_supported_edit,10,False,"[""asyndetic_dash"", ""missing_hard_sign""]"
asyndetic_dash,Солнце село стало холодно. Затем редактор обновил дату.,Солнце село — стало холодно. Затем редактор обновил дату.,no_supported_edit,10,False,"[""asyndetic_dash"", ""missing_hard_sign""]"
asyndetic_dash,Солнце село город затих. Позже служба проверила запись.,Солнце село — город затих. Позже служба проверила запись.,no_supported_edit,10,False,"[""asyndetic_dash"", ""missing_hard_sign""]"
asyndetic_dash,Солнце село встреча закончилась. Утром юрист сохранил справку.,Солнце село — встреча закончилась. Утром юрист сохранил справку.,no_supported_edit,10,False,"[""asyndetic_dash"", ""missing_hard_sign""]"
asyndetic_dash,Солнце село стало холодно. После проверки автор отправил отчет.,Солнце село — стало холодно. После проверки автор отправил отчет.,no_supported_edit,11,False,"[""asyndetic_dash"", ""missing_hard_sign""]"
asyndetic_dash,Солнце село город затих. Вечером отдел открыл папку.,Солнце село — город затих. Вечером отдел открыл папку.,no_supported_edit,10,False,"[""asyndetic_dash"", ""missing_hard_sign""]"
asyndetic_dash,Солнце село встреча закончилась. Затем эксперт согласовал список.,Солнце село — встреча закончилась. Затем эксперт согласовал список.,no_supported_edit,10,False,"[""asyndetic_dash"", ""missing_hard_sign""]"
asyndetic_dash,Солнце село стало холодно. Позже координатор обновил ведомость.,Солнце село — стало холодно. Позже координатор обновил ведомость.,no_supported_edit,10,False,"[""asyndetic_dash"", ""missing_hard_sign""]"
asyndetic_dash,Солнце село город затих. Утром группа приняла решение.,Солнце село — город затих. Утром группа приняла решение.,no_supported_edit,10,False,"[""asyndetic_dash"", ""missing_hard_sign""]"
asyndetic_dash,Солнце село встреча закончилась. После встречи редакция проверила маршрут.,Солнце село — встреча закончилась. После встречи редакция проверила маршрут.,no_supported_edit,11,False,"[""asyndetic_dash"", ""missing_hard_sign""]"
asyndetic_dash,Солнце село стало холодно. Вечером комиссия сохранила таблицу.,Солнце село — стало холодно. Вечером комиссия сохранила таблицу.,no_supported_edit,10,False,"[""asyndetic_dash"", ""missing_hard_sign""]"
asyndetic_dash,Солнце село город затих. Затем секретарь закрыл раздел.,Солнце село — город затих. Затем секретарь закрыл раздел.,no_supported_edit,10,False,"[""asyndetic_dash"", ""missing_hard_sign""]"
asyndetic_dash,Солнце село встреча закончилась. Позже аналитик отправил сводку.,Солнце село — встреча закончилась. Позже аналитик отправил сводку.,no_supported_edit,10,False,"[""asyndetic_dash"", ""missing_hard_sign""]"
asyndetic_dash,Солнце село стало холодно. Утром служба уточнила график.,Солнце село — стало холодно. Утром служба уточнила график.,no_supported_edit,10,False,"[""asyndetic_dash"", ""missing_hard_sign""]"
asyndetic_dash,Солнце село город затих. После обеда редактор принял письмо.,Солнце село — город затих. После обеда редактор принял письмо.,no_supported_edit,11,False,"[""asyndetic_dash"", ""missing_hard_sign""]"
asyndetic_dash,Солнце село встреча закончилась. Вечером юрист сверил договор.,Солнце село — встреча закончилась. Вечером юрист сверил договор.,no_supported_edit,10,False,"[""asyndetic_dash"", ""missing_hard_sign""]"
asyndetic_dash,Солнце село стало холодно. Затем отдел сохранил журнал.,Солнце село — стало холодно. Затем отдел сохранил журнал.,no_supported_edit,10,False,"[""asyndetic_dash"", ""missing_hard_sign""]"
asyndetic_dash,Солнце село город затих. Позже автор проверил подпись.,Солнце село — город затих. Позже автор проверил подпись.,no_supported_edit,10,False,"[""asyndetic_dash"", ""missing_hard_sign""]"
asyndetic_dash,Солнце село встреча закончилась. Утром эксперт обновил протокол.,Солнце село — встреча закончилась. Утром эксперт обновил протокол.,no_supported_edit,10,False,"[""asyndetic_dash"", ""missing_hard_sign""]"
asyndetic_dash,Солнце село стало холодно. После проверки комиссия отправила ответ.,Солнце село — стало холодно. После проверки комиссия отправила ответ.,no_supported_edit,11,False,"[""asyndetic_dash"", ""missing_hard_sign""]"
asyndetic_dash,Солнце село город затих. Вечером координатор открыл список.,Солнце село — город затих. Вечером координатор открыл список.,no_supported_edit,10,False,"[""asyndetic_dash"", ""missing_hard_sign""]"
asyndetic_dash,Солнце село встреча закончилась. Затем редакция согласовала выпуск.,Солнце село — встреча закончилась. Затем редакция согласовала выпуск.,no_supported_edit,10,False,"[""asyndetic_dash"", ""missing_hard_sign""]"
asyndetic_dash,Солнце село стало холодно. Позже группа сохранила папку.,Солнце село — стало холодно. Позже группа сохранила папку.,no_supported_edit,10,False,"[""asyndetic_dash"", ""missing_hard_sign""]"
asyndetic_dash,Солнце село город затих. Утром аналитик проверил заявку.,Солнце село — город затих. Утром аналитик проверил заявку.,no_supported_edit,10,False,"[""asyndetic_dash"", ""missing_hard_sign""]"
asyndetic_dash,Солнце село встреча закончилась. После встречи служба приняла справку.,Солнце село — встреча закончилась. После встречи служба приняла справку.,no_supported_edit,11,False,"[""asyndetic_dash"", ""missing_hard_sign""]"
asyndetic_dash,Солнце село стало холодно. Вечером секретарь отправил письмо.,Солнце село — стало холодно. Вечером секретарь отправил письмо.,no_supported_edit,10,False,"[""asyndetic_dash"", ""missing_hard_sign""]"
asyndetic_dash,Солнце село город затих. Затем юрист обновил решение.,Солнце село — город затих. Затем юрист обновил решение.,no_supported_edit,10,False,"[""asyndetic_dash"", ""missing_hard_sign""]"
asyndetic_dash,Солнце село встреча закончилась. Позже отдел сверил таблицу.,Солнце село — встреча закончилась. Позже отдел сверил таблицу.,no_supported_edit,10,False,"[""asyndetic_dash"", ""missing_hard_sign""]"
asyndetic_dash,Солнце село стало холодно. Утром автор закрыл вопрос.,Солнце село — стало холодно. Утром автор закрыл вопрос.,no_supported_edit,10,False,"[""asyndetic_dash"", ""missing_hard_sign""]"
asyndetic_dash,Солнце село город затих. После проверки редактор уточнил справку.,Солнце село — город затих. После проверки редактор уточнил справку.,no_supported_edit,11,False,"[""asyndetic_dash"", ""missing_hard_sign""]"
asyndetic_dash,Солнце село встреча закончилась. Вечером комиссия открыла ведомость.,Солнце село — встреча закончилась. Вечером комиссия открыла ведомость.,no_supported_edit,10,False,"[""asyndetic_dash"", ""missing_hard_sign""]"
asyndetic_dash,Солнце село стало холодно. Затем аналитик согласовал приказ.,Солнце село — стало холодно. Затем аналитик согласовал приказ.,no_supported_edit,10,False,"[""asyndetic_dash"", ""missing_hard_sign""]"
asyndetic_dash,Солнце село город затих. Позже секретарь сохранил протокол.,Солнце село — город затих. Позже секретарь сохранил протокол.,no_supported_edit,10,False,"[""asyndetic_dash"", ""missing_hard_sign""]"
asyndetic_dash,Солнце село встреча закончилась. Утром группа проверила таблицу.,Солнце село — встреча закончилась. Утром группа проверила таблицу.,no_supported_edit,10,False,"[""asyndetic_dash"", ""missing_hard_sign""]"
asyndetic_dash,Солнце село стало холодно. После встречи юрист обновил журнал.,Солнце село — стало холодно. После встречи юрист обновил журнал.,no_supported_edit,11,False,"[""asyndetic_dash"", ""missing_hard_sign""]"
asyndetic_dash,Солнце село город затих. Вечером служба закрыла заявку.,Солнце село — город затих. Вечером служба закрыла заявку.,no_supported_edit,10,False,"[""asyndetic_dash"", ""missing_hard_sign""]"
asyndetic_dash,Солнце село встреча закончилась. Затем автор сверил список.,Солнце село — встреча закончилась. Затем автор сверил список.,no_supported_edit,10,False,"[""asyndetic_dash"", ""missing_hard_sign""]"
asyndetic_dash,Солнце село стало холодно. Позже отдел принял договор.,Солнце село — стало холодно. Позже отдел принял договор.,no_supported_edit,10,False,"[""asyndetic_dash"", ""missing_hard_sign""]"
asyndetic_dash,Солнце село город затих. Утром координатор отправил ответ.,Солнце село — город затих. Утром координатор отправил ответ.,no_supported_edit,10,False,"[""asyndetic_dash"", ""missing_hard_sign""]"
asyndetic_dash,Солнце село встреча закончилась. После обеда редакция уточнила маршрут.,Солнце село — встреча закончилась. После обеда редакция уточнила маршрут.,no_supported_edit,11,False,"[""asyndetic_dash"", ""missing_hard_sign""]"
asyndetic_dash,Солнце село стало холодно. Вечером эксперт сохранил ведомость.,Солнце село — стало холодно. Вечером эксперт сохранил ведомость.,no_supported_edit,10,False,"[""asyndetic_dash"", ""missing_hard_sign""]"
asyndetic_dash,Солнце село город затих. Затем комиссия проверила папку.,Солнце село — город затих. Затем комиссия проверила папку.,no_supported_edit,10,False,"[""asyndetic_dash"", ""missing_hard_sign""]"
asyndetic_dash,Солнце село встреча закончилась. Позже аналитик открыл протокол.,Солнце село — встреча закончилась. Позже аналитик открыл протокол.,no_supported_edit,10,False,"[""asyndetic_dash"", ""missing_hard_sign""]"
asyndetic_dash,Солнце село стало холодно. Утром секретарь согласовал справку.,Солнце село — стало холодно. Утром секретарь согласовал справку.,no_supported_edit,10,False,"[""asyndetic_dash"", ""missing_hard_sign""]"
asyndetic_dash,Солнце село город затих. После проверки юрист принял таблицу.,Солнце село — город затих. После проверки юрист принял таблицу.,no_supported_edit,11,False,"[""asyndetic_dash"", ""missing_hard_sign""]"
asyndetic_dash,Солнце село встреча закончилась. Вечером группа обновила договор.,Солнце село — встреча закончилась. Вечером группа обновила договор.,no_supported_edit,10,False,"[""asyndetic_dash"", ""missing_hard_sign""]"
asyndetic_dash,Солнце село стало холодно. Затем служба сверила приказ.,Солнце село — стало холодно. Затем служба сверила приказ.,no_supported_edit,10,False,"[""asyndetic_dash"", ""missing_hard_sign""]"
asyndetic_dash,Солнце село город затих. Позже автор сохранил журнал.,Солнце село — город затих. Позже автор сохранил журнал.,no_supported_edit,10,False,"[""asyndetic_dash"", ""missing_hard_sign""]"
asyndetic_dash,Солнце село встреча закончилась. Утром редактор закрыл заявку.,Солнце село — встреча закончилась. Утром редактор закрыл заявку.,no_supported_edit,10,False,"[""asyndetic_dash"", ""missing_hard_sign""]"
asyndetic_dash,Солнце село стало холодно. После встречи отдел уточнил список.,Солнце село — стало холодно. После встречи отдел уточнил список.,no_supported_edit,11,False,"[""asyndetic_dash"", ""missing_hard_sign""]"
asyndetic_dash,Солнце село город затих. Вечером координатор проверил протокол.,Солнце село — город затих. Вечером координатор проверил протокол.,no_supported_edit,10,False,"[""asyndetic_dash"", ""missing_hard_sign""]"
asyndetic_dash,Солнце село встреча закончилась. Затем эксперт отправил справку.,Солнце село — встреча закончилась. Затем эксперт отправил справку.,no_supported_edit,10,False,"[""asyndetic_dash"", ""missing_hard_sign""]"
comma_subordinate,Если команда успеет то рабочий отчет отправят сегодня. После проверки список закрыли.,"Если команда успеет, то рабочий отчет отправят сегодня. После проверки список закрыли.",no_supported_edit,12,False,[]
comma_subordinate,Если команда успеет то новый документ отправят сегодня. Позже координатор закрыл заявку.,"Если команда успеет, то новый документ отправят сегодня. Позже координатор закрыл заявку.",no_supported_edit,12,False,[]
comma_subordinate,Если команда успеет то точный план отправят сегодня. Вечером секретарь обновил график.,"Если команда успеет, то точный план отправят сегодня. Вечером секретарь обновил график.",no_supported_edit,12,False,[]
comma_subordinate,Если команда успеет то городской архив отправят сегодня. Утром редактор принял отчет.,"Если команда успеет, то городской архив отправят сегодня. Утром редактор принял отчет.",no_supported_edit,12,False,[]
comma_subordinate,Если команда успеет то утренний выпуск отправят сегодня. Затем секретарь проверил журнал.,"Если команда успеет, то утренний выпуск отправят сегодня. Затем секретарь проверил журнал.",no_supported_edit,12,False,[]
comma_subordinate,Если команда успеет то важный договор отправят сегодня. После обеда юрист проверил подпись.,"Если команда успеет, то важный договор отправят сегодня. После обеда юрист проверил подпись.",no_supported_edit,13,False,[]
comma_subordinate,Если команда успеет то короткая заметка отправят сегодня. Позже комиссия сохранила решение.,"Если команда успеет, то короткая заметка отправят сегодня. Позже комиссия сохранила решение.",no_supported_edit,12,False,[]
comma_subordinate,Если команда успеет то итоговая таблица отправят сегодня. Вечером автор сохранил раздел.,"Если команда успеет, то итоговая таблица отправят сегодня. Вечером автор сохранил раздел.",no_supported_edit,12,False,[]
comma_subordinate,Если команда успеет то свежая сводка отправят сегодня. Утром юрист сохранил справку.,"Если команда успеет, то свежая сводка отправят сегодня. Утром юрист сохранил справку.",no_supported_edit,12,False,[]
comma_subordinate,Если команда успеет то открытая заявка отправят сегодня. Затем секретарь закрыл раздел.,"Если команда успеет, то открытая заявка отправят сегодня. Затем секретарь закрыл раздел.",no_supported_edit,12,False,[]
comma_subordinate,Если команда успеет то письменный ответ отправят сегодня. После проверки комиссия отправила ответ.,"Если команда успеет, то письменный ответ отправят сегодня. После проверки комиссия отправила ответ.",no_supported_edit,13,False,[]
comma_subordinate,Если команда успеет то подробная справка отправят сегодня. Позже отдел сверил таблицу.,"Если команда успеет, то подробная справка отправят сегодня. Позже отдел сверил таблицу.",no_supported_edit,12,False,[]
comma_subordinate,Если команда успеет то районная комиссия отправят сегодня. Вечером служба закрыла заявку.,"Если команда успеет, то районная комиссия отправят сегодня. Вечером служба закрыла заявку.",no_supported_edit,12,False,[]
comma_subordinate,Если команда успеет то финальный список отправят сегодня. Утром секретарь согласовал справку.,"Если команда успеет, то финальный список отправят сегодня. Утром секретарь согласовал справку.",no_supported_edit,12,False,[]
comma_subordinate,Если команда успеет то новая редакция отправят сегодня. Затем эксперт отправил справку.,"Если команда успеет, то новая редакция отправят сегодня. Затем эксперт отправил справку.",no_supported_edit,12,False,[]
comma_subordinate,Если команда успеет то архивная запись отправят сегодня. После проверки автор обновил протокол.,"Если команда успеет, то архивная запись отправят сегодня. После проверки автор обновил протокол.",no_supported_edit,13,False,[]
comma_subordinate,Если команда успеет то дежурный редактор отправят сегодня. Позже редактор обновил список.,"Если команда успеет, то дежурный редактор отправят сегодня. Позже редактор обновил список.",no_supported_edit,12,False,[]
comma_subordinate,Если команда успеет то общий график отправят сегодня. Вечером аналитик обновил маршрут.,"Если команда успеет, то общий график отправят сегодня. Вечером аналитик обновил маршрут.",no_supported_edit,12,False,[]
comma_subordinate,Если команда успеет то плановая встреча отправят сегодня. Утром координатор закрыл журнал.,"Если команда успеет, то плановая встреча отправят сегодня. Утром координатор закрыл журнал.",no_supported_edit,12,False,[]
comma_subordinate,Если команда успеет то осенняя проверка отправят сегодня. Затем служба приняла приказ.,"Если команда успеет, то осенняя проверка отправят сегодня. Затем служба приняла приказ.",no_supported_edit,12,False,[]
comma_subordinate,Если команда успеет то сводный отчет отправят сегодня. Позже редактор сохранил копию.,"Если команда успеет, то сводный отчет отправят сегодня. Позже редактор сохранил копию.",no_supported_edit,12,False,[]
comma_subordinate,Если команда успеет то важная подпись отправят сегодня. Вечером руководитель принял правки.,"Если команда успеет, то важная подпись отправят сегодня. Вечером руководитель принял правки.",no_supported_edit,12,False,[]
comma_subordinate,Если команда успеет то рабочая группа отправят сегодня. Утром эксперт прочитал письмо.,"Если команда успеет, то рабочая группа отправят сегодня. Утром эксперт прочитал письмо.",no_supported_edit,12,False,[]
comma_subordinate,Если команда успеет то городская служба отправят сегодня. Затем эксперт сверил данные.,"Если команда успеет, то городская служба отправят сегодня. Затем эксперт сверил данные.",no_supported_edit,12,False,[]
comma_subordinate,Если команда успеет то новый раздел отправят сегодня. После обеда автор открыл журнал.,"Если команда успеет, то новый раздел отправят сегодня. После обеда автор открыл журнал.",no_supported_edit,13,False,[]
comma_subordinate,Если команда успеет то учебная таблица отправят сегодня. Позже служба согласовала заявку.,"Если команда успеет, то учебная таблица отправят сегодня. Позже служба согласовала заявку.",no_supported_edit,12,False,[]
comma_subordinate,Если команда успеет то вечерний протокол отправят сегодня. Вечером группа обновила запись.,"Если команда успеет, то вечерний протокол отправят сегодня. Вечером группа обновила запись.",no_supported_edit,12,False,[]
comma_subordinate,Если команда успеет то проверенный файл отправят сегодня. Утром секретарь проверил папку.,"Если команда успеет, то проверенный файл отправят сегодня. Утром секретарь проверил папку.",no_supported_edit,12,False,[]
comma_subordinate,Если команда успеет то согласованный договор отправят сегодня. Затем группа проверила договор.,"Если команда успеет, то согласованный договор отправят сегодня. Затем группа проверила договор.",no_supported_edit,12,False,[]
comma_subordinate,Если команда успеет то подготовленный список отправят сегодня. После проверки автор отправил отчет.,"Если команда успеет, то подготовленный список отправят сегодня. После проверки автор отправил отчет.",no_supported_edit,13,False,[]
comma_subordinate,Если команда успеет то закрытая заявка отправят сегодня. Позже аналитик отправил сводку.,"Если команда успеет, то закрытая заявка отправят сегодня. Позже аналитик отправил сводку.",no_supported_edit,12,False,[]
comma_subordinate,Если команда успеет то длинная запись отправят сегодня. Вечером координатор открыл список.,"Если команда успеет, то длинная запись отправят сегодня. Вечером координатор открыл список.",no_supported_edit,12,False,[]
comma_subordinate,Если команда успеет то обновленный журнал отправят сегодня. Утром автор закрыл вопрос.,"Если команда успеет, то обновленный журнал отправят сегодня. Утром автор закрыл вопрос.",no_supported_edit,12,False,[]
comma_subordinate,Если команда успеет то северный филиал отправят сегодня. Затем автор сверил список.,"Если команда успеет, то северный филиал отправят сегодня. Затем автор сверил список.",no_supported_edit,12,False,[]
comma_subordinate,Если команда успеет то зимнее расписание отправят сегодня. После проверки юрист принял таблицу.,"Если команда успеет, то зимнее расписание отправят сегодня. После проверки юрист принял таблицу.",no_supported_edit,13,False,[]
comma_subordinate,Если команда успеет то летняя проверка отправят сегодня. Позже комиссия обновила маршрут.,"Если команда успеет, то летняя проверка отправят сегодня. Позже комиссия обновила маршрут.",no_supported_edit,12,False,[]
comma_subordinate,Если команда успеет то районный протокол отправят сегодня. Вечером отдел отправил справку.,"Если команда успеет, то районный протокол отправят сегодня. Вечером отдел отправил справку.",no_supported_edit,12,False,[]
consequence_dash,Начался дождь мы остались дома. Позже редактор сохранил копию.,Начался дождь — мы остались дома. Позже редактор сохранил копию.,no_supported_edit,10,False,"[""consequence_dash""]"
consequence_dash,Начался дождь встречу перенесли утром. Утром комиссия вернулась к письму.,Начался дождь — встречу перенесли утром. Утром комиссия вернулась к письму.,no_supported_edit,11,False,"[""consequence_dash""]"
consequence_dash,Начался дождь команда закрыла окна. После встречи файл остался в архиве.,Начался дождь — команда закрыла окна. После встречи файл остался в архиве.,no_supported_edit,12,False,"[""consequence_dash""]"
consequence_dash,Начался дождь мы остались дома. Вечером автор обновил сводку.,Начался дождь — мы остались дома. Вечером автор обновил сводку.,no_supported_edit,10,False,"[""consequence_dash""]"
consequence_dash,Начался дождь встречу перенесли утром. Затем группа сверила подписи.,Начался дождь — встречу перенесли утром. Затем группа сверила подписи.,no_supported_edit,10,False,"[""consequence_dash""]"
consequence_dash,Начался дождь команда закрыла окна. Позже служба отправила ответ.,Начался дождь — команда закрыла окна. Позже служба отправила ответ.,no_supported_edit,10,False,"[""consequence_dash""]"
consequence_dash,Начался дождь мы остались дома. Утром секретарь открыл папку.,Начался дождь — мы остались дома. Утром секретарь открыл папку.,no_supported_edit,10,False,"[""consequence_dash""]"
consequence_dash,Начался дождь встречу перенесли утром. После проверки список закрыли.,Начался дождь — встречу перенесли утром. После проверки список закрыли.,no_supported_edit,10,False,"[""consequence_dash""]"
consequence_dash,Начался дождь команда закрыла окна. Вечером руководитель принял правки.,Начался дождь — команда закрыла окна. Вечером руководитель принял правки.,no_supported_edit,10,False,"[""consequence_dash""]"
consequence_dash,Начался дождь мы остались дома. Затем аналитик обновил запись.,Начался дождь — мы остались дома. Затем аналитик обновил запись.,no_supported_edit,10,False,"[""consequence_dash""]"
consequence_dash,Начался дождь встречу перенесли утром. Позже юрист согласовал договор.,Начался дождь — встречу перенесли утром. Позже юрист согласовал договор.,no_supported_edit,10,False,"[""consequence_dash""]"
consequence_dash,Начался дождь команда закрыла окна. Утром редакция выпустила заметку.,Начался дождь — команда закрыла окна. Утром редакция выпустила заметку.,no_supported_edit,10,False,"[""consequence_dash""]"
consequence_dash,Начался дождь мы остались дома. После совещания команда сверила сроки.,Начался дождь — мы остались дома. После совещания команда сверила сроки.,no_supported_edit,11,False,"[""consequence_dash""]"
consequence_dash,Начался дождь встречу перенесли утром. Вечером архивариус нашел копию.,Начался дождь — встречу перенесли утром. Вечером архивариус нашел копию.,no_supported_edit,10,False,"[""consequence_dash""]"
consequence_dash,Начался дождь команда закрыла окна. Затем отдел подготовил справку.,Начался дождь — команда закрыла окна. Затем отдел подготовил справку.,no_supported_edit,10,False,"[""consequence_dash""]"
consequence_dash,Начался дождь мы остались дома. Позже координатор закрыл заявку.,Начался дождь — мы остались дома. Позже координатор закрыл заявку.,no_supported_edit,10,False,"[""consequence_dash""]"
consequence_dash,Начался дождь встречу перенесли утром. Утром эксперт прочитал письмо.,Начался дождь — встречу перенесли утром. Утром эксперт прочитал письмо.,no_supported_edit,10,False,"[""consequence_dash""]"
consequence_dash,Начался дождь команда закрыла окна. После обеда комиссия уточнила вывод.,Начался дождь — команда закрыла окна. После обеда комиссия уточнила вывод.,no_supported_edit,11,False,"[""consequence_dash""]"
consequence_dash,Начался дождь мы остались дома. Вечером автор проверил таблицу.,Начался дождь — мы остались дома. Вечером автор проверил таблицу.,no_supported_edit,10,False,"[""consequence_dash""]"
consequence_dash,Начался дождь встречу перенесли утром. Затем редактор отправил файл.,Начался дождь — встречу перенесли утром. Затем редактор отправил файл.,no_supported_edit,10,False,"[""consequence_dash""]"
consequence_dash,Начался дождь команда закрыла окна. Позже группа обсудила договор.,Начался дождь — команда закрыла окна. Позже группа обсудила договор.,no_supported_edit,10,False,"[""consequence_dash""]"
consequence_dash,Начался дождь мы остались дома. Утром служба приняла заявку.,Начался дождь — мы остались дома. Утром служба приняла заявку.,no_supported_edit,10,False,"[""consequence_dash""]"
consequence_dash,Начался дождь встречу перенесли утром. После проверки руководитель подписал лист.,Начался дождь — встречу перенесли утром. После проверки руководитель подписал лист.,no_supported_edit,11,False,"[""consequence_dash""]"
consequence_dash,Начался дождь команда закрыла окна. Вечером секретарь обновил график.,Начался дождь — команда закрыла окна. Вечером секретарь обновил график.,no_supported_edit,10,False,"[""consequence_dash""]"
consequence_dash,Начался дождь мы остались дома. Затем эксперт сверил данные.,Начался дождь — мы остались дома. Затем эксперт сверил данные.,no_supported_edit,10,False,"[""consequence_dash""]"
consequence_dash,Начался дождь встречу перенесли утром. Позже редакция открыла архив.,Начался дождь — встречу перенесли утром. Позже редакция открыла архив.,no_supported_edit,10,False,"[""consequence_dash""]"
consequence_dash,Начался дождь команда закрыла окна. Утром автор исправил дату.,Начался дождь — команда закрыла окна. Утром автор исправил дату.,no_supported_edit,10,False,"[""consequence_dash""]"
consequence_dash,Начался дождь мы остались дома. После встречи отдел сохранил запись.,Начался дождь — мы остались дома. После встречи отдел сохранил запись.,no_supported_edit,11,False,"[""consequence_dash""]"
consequence_dash,Начался дождь встречу перенесли утром. Вечером комиссия закрыла вопрос.,Начался дождь — встречу перенесли утром. Вечером комиссия закрыла вопрос.,no_supported_edit,10,False,"[""consequence_dash""]"
consequence_dash,Начался дождь команда закрыла окна. Затем координатор отправил сводку.,Начался дождь — команда закрыла окна. Затем координатор отправил сводку.,no_supported_edit,10,False,"[""consequence_dash""]"
consequence_dash,Начался дождь мы остались дома. Позже аналитик проверил договор.,Начался дождь — мы остались дома. Позже аналитик проверил договор.,no_supported_edit,10,False,"[""consequence_dash""]"
consequence_dash,Начался дождь встречу перенесли утром. Утром редактор принял отчет.,Начался дождь — встречу перенесли утром. Утром редактор принял отчет.,no_supported_edit,10,False,"[""consequence_dash""]"
consequence_dash,Начался дождь команда закрыла окна. После обеда автор открыл журнал.,Начался дождь — команда закрыла окна. После обеда автор открыл журнал.,no_supported_edit,11,False,"[""consequence_dash""]"
consequence_dash,Начался дождь мы остались дома. Вечером отдел сверил ведомость.,Начался дождь — мы остались дома. Вечером отдел сверил ведомость.,no_supported_edit,10,False,"[""consequence_dash""]"
consequence_dash,Начался дождь встречу перенесли утром. Затем юрист обновил папку.,Начался дождь — встречу перенесли утром. Затем юрист обновил папку.,no_supported_edit,10,False,"[""consequence_dash""]"
consequence_dash,Начался дождь команда закрыла окна. Позже комиссия приняла справку.,Начался дождь — команда закрыла окна. Позже комиссия приняла справку.,no_supported_edit,10,False,"[""consequence_dash""]"
consequence_dash,Начался дождь мы остались дома. Утром группа закрыла протокол.,Начался дождь — мы остались дома. Утром группа закрыла протокол.,no_supported_edit,10,False,"[""consequence_dash""]"
consequence_dash,Начался дождь встречу перенесли утром. После встречи редактор сохранил таблицу.,Начался дождь — встречу перенесли утром. После встречи редактор сохранил таблицу.,no_supported_edit,11,False,"[""consequence_dash""]"
consequence_dash,Начался дождь команда закрыла окна. Вечером эксперт уточнил маршрут.,Начался дождь — команда закрыла окна. Вечером эксперт уточнил маршрут.,no_supported_edit,10,False,"[""consequence_dash""]"
consequence_dash,Начался дождь мы остались дома. Затем секретарь проверил журнал.,Начался дождь — мы остались дома. Затем секретарь проверил журнал.,no_supported_edit,10,False,"[""consequence_dash""]"
consequence_dash,Начался дождь встречу перенесли утром. Позже служба согласовала заявку.,Начался дождь — встречу перенесли утром. Позже служба согласовала заявку.,no_supported_edit,10,False,"[""consequence_dash""]"
consequence_dash,Начался дождь команда закрыла окна. Утром автор отправил письмо.,Начался дождь — команда закрыла окна. Утром автор отправил письмо.,no_supported_edit,10,False,"[""consequence_dash""]"
consequence_dash,Начался дождь мы остались дома. После проверки отдел обновил график.,Начался дождь — мы остались дома. После проверки отдел обновил график.,no_supported_edit,11,False,"[""consequence_dash""]"
consequence_dash,Начался дождь встречу перенесли утром. Вечером координатор принял ответ.,Начался дождь — встречу перенесли утром. Вечером координатор принял ответ.,no_supported_edit,10,False,"[""consequence_dash""]"
consequence_dash,Начался дождь команда закрыла окна. Затем комиссия открыла раздел.,Начался дождь — команда закрыла окна. Затем комиссия открыла раздел.,no_supported_edit,10,False,"[""consequence_dash""]"
consequence_dash,Начался дождь мы остались дома. Позже редактор сверил список.,Начался дождь — мы остались дома. Позже редактор сверил список.,no_supported_edit,10,False,"[""consequence_dash""]"
consequence_dash,Начался дождь встречу перенесли утром. Утром аналитик сохранил отчет.,Начался дождь — встречу перенесли утром. Утром аналитик сохранил отчет.,no_supported_edit,10,False,"[""consequence_dash""]"
consequence_dash,Начался дождь команда закрыла окна. После обеда юрист проверил подпись.,Начался дождь — команда закрыла окна. После обеда юрист проверил подпись.,no_supported_edit,11,False,"[""consequence_dash""]"
consequence_dash,Начался дождь мы остались дома. Вечером группа обновила запись.,Начался дождь — мы остались дома. Вечером группа обновила запись.,no_supported_edit,10,False,"[""consequence_dash""]"
consequence_dash,Начался дождь встречу перенесли утром. Затем служба закрыла вопрос.,Начался дождь — встречу перенесли утром. Затем служба закрыла вопрос.,no_supported_edit,10,False,"[""consequence_dash""]"
consequence_dash,Начался дождь команда закрыла окна. Позже эксперт согласовал таблицу.,Начался дождь — команда закрыла окна. Позже эксперт согласовал таблицу.,no_supported_edit,10,False,"[""consequence_dash""]"
consequence_dash,Начался дождь мы остались дома. Утром отдел отправил договор.,Начался дождь — мы остались дома. Утром отдел отправил договор.,no_supported_edit,10,False,"[""consequence_dash""]"
consequence_dash,Начался дождь встречу перенесли утром. После совещания автор уточнил дату.,Начался дождь — встречу перенесли утром. После совещания автор уточнил дату.,no_supported_edit,11,False,"[""consequence_dash""]"
consequence_dash,Начался дождь команда закрыла окна. Вечером редактор открыл протокол.,Начался дождь — команда закрыла окна. Вечером редактор открыл протокол.,no_supported_edit,10,False,"[""consequence_dash""]"
consequence_dash,Начался дождь мы остались дома. Затем координатор сверил журнал.,Начался дождь — мы остались дома. Затем координатор сверил журнал.,no_supported_edit,10,False,"[""consequence_dash""]"
consequence_dash,Начался дождь встречу перенесли утром. Позже комиссия сохранила решение.,Начался дождь — встречу перенесли утром. Позже комиссия сохранила решение.,no_supported_edit,10,False,"[""consequence_dash""]"
consequence_dash,Начался дождь команда закрыла окна. Утром секретарь проверил папку.,Начался дождь — команда закрыла окна. Утром секретарь проверил папку.,no_supported_edit,10,False,"[""consequence_dash""]"
consequence_dash,Начался дождь мы остались дома. После проверки аналитик принял сводку.,Начался дождь — мы остались дома. После проверки аналитик принял сводку.,no_supported_edit,11,False,"[""consequence_dash""]"
consequence_dash,Начался дождь встречу перенесли утром. Вечером служба обновила список.,Начался дождь — встречу перенесли утром. Вечером служба обновила список.,no_supported_edit,10,False,"[""consequence_dash""]"
consequence_dash,Начался дождь команда закрыла окна. Затем юрист отправил письмо.,Начался дождь — команда закрыла окна. Затем юрист отправил письмо.,no_supported_edit,10,False,"[""consequence_dash""]"
consequence_dash,Начался дождь мы остались дома. Позже отдел согласовал график.,Начался дождь — мы остались дома. Позже отдел согласовал график.,no_supported_edit,10,False,"[""consequence_dash""]"
consequence_dash,Начался дождь встречу перенесли утром. Утром редакция сверила выпуск.,Начался дождь — встречу перенесли утром. Утром редакция сверила выпуск.,no_supported_edit,10,False,"[""consequence_dash""]"
consequence_dash,Начался дождь команда закрыла окна. После встречи эксперт закрыл заявку.,Начался дождь — команда закрыла окна. После встречи эксперт закрыл заявку.,no_supported_edit,11,False,"[""consequence_dash""]"
consequence_dash,Начался дождь мы остались дома. Вечером автор сохранил раздел.,Начался дождь — мы остались дома. Вечером автор сохранил раздел.,no_supported_edit,10,False,"[""consequence_dash""]"
consequence_dash,Начался дождь встречу перенесли утром. Затем группа проверила договор.,Начался дождь — встречу перенесли утром. Затем группа проверила договор.,no_supported_edit,10,False,"[""consequence_dash""]"
consequence_dash,Начался дождь команда закрыла окна. Позже секретарь уточнил таблицу.,Начался дождь — команда закрыла окна. Позже секретарь уточнил таблицу.,no_supported_edit,10,False,"[""consequence_dash""]"
consequence_dash,Начался дождь мы остались дома. Утром комиссия открыла журнал.,Начался дождь — мы остались дома. Утром комиссия открыла журнал.,no_supported_edit,10,False,"[""consequence_dash""]"
consequence_dash,Начался дождь встречу перенесли утром. После обеда координатор принял протокол.,Начался дождь — встречу перенесли утром. После обеда координатор принял протокол.,no_supported_edit,11,False,"[""consequence_dash""]"
consequence_dash,Начался дождь команда закрыла окна. Вечером аналитик сверил письмо.,Начался дождь — команда закрыла окна. Вечером аналитик сверил письмо.,no_supported_edit,10,False,"[""consequence_dash""]"
consequence_dash,Начался дождь мы остались дома. Затем редактор обновил дату.,Начался дождь — мы остались дома. Затем редактор обновил дату.,no_supported_edit,10,False,"[""consequence_dash""]"
consequence_dash,Начался дождь встречу перенесли утром. Позже служба проверила запись.,Начался дождь — встречу перенесли утром. Позже служба проверила запись.,no_supported_edit,10,False,"[""consequence_dash""]"
consequence_dash,Начался дождь команда закрыла окна. Утром юрист сохранил справку.,Начался дождь — команда закрыла окна. Утром юрист сохранил справку.,no_supported_edit,10,False,"[""consequence_dash""]"
consequence_dash,Начался дождь мы остались дома. После проверки автор отправил отчет.,Начался дождь — мы остались дома. После проверки автор отправил отчет.,no_supported_edit,11,False,"[""consequence_dash""]"
consequence_dash,Начался дождь встречу перенесли утром. Вечером отдел открыл папку.,Начался дождь — встречу перенесли утром. Вечером отдел открыл папку.,no_supported_edit,10,False,"[""consequence_dash""]"
consequence_dash,Начался дождь команда закрыла окна. Затем эксперт согласовал список.,Начался дождь — команда закрыла окна. Затем эксперт согласовал список.,no_supported_edit,10,False,"[""consequence_dash""]"
consequence_dash,Начался дождь мы остались дома. Позже координатор обновил ведомость.,Начался дождь — мы остались дома. Позже координатор обновил ведомость.,no_supported_edit,10,False,"[""consequence_dash""]"
consequence_dash,Начался дождь встречу перенесли утром. Утром группа приняла решение.,Начался дождь — встречу перенесли утром. Утром группа приняла решение.,no_supported_edit,10,False,"[""consequence_dash""]"
consequence_dash,Начался дождь команда закрыла окна. После встречи редакция проверила маршрут.,Начался дождь — команда закрыла окна. После встречи редакция проверила маршрут.,no_supported_edit,11,False,"[""consequence_dash""]"
consequence_dash,Начался дождь мы остались дома. Вечером комиссия сохранила таблицу.,Начался дождь — мы остались дома. Вечером комиссия сохранила таблицу.,no_supported_edit,10,False,"[""consequence_dash""]"
consequence_dash,Начался дождь встречу перенесли утром. Затем секретарь закрыл раздел.,Начался дождь — встречу перенесли утром. Затем секретарь закрыл раздел.,no_supported_edit,10,False,"[""consequence_dash""]"
consequence_dash,Начался дождь команда закрыла окна. Позже аналитик отправил сводку.,Начался дождь — команда закрыла окна. Позже аналитик отправил сводку.,no_supported_edit,10,False,"[""consequence_dash""]"
consequence_dash,Начался дождь мы остались дома. Утром служба уточнила график.,Начался дождь — мы остались дома. Утром служба уточнила график.,no_supported_edit,10,False,"[""consequence_dash""]"
consequence_dash,Начался дождь встречу перенесли утром. После обеда редактор принял письмо.,Начался дождь — встречу перенесли утром. После обеда редактор принял письмо.,no_supported_edit,11,False,"[""consequence_dash""]"
consequence_dash,Начался дождь команда закрыла окна. Вечером юрист сверил договор.,Начался дождь — команда закрыла окна. Вечером юрист сверил договор.,no_supported_edit,10,False,"[""consequence_dash""]"
consequence_dash,Начался дождь мы остались дома. Затем отдел сохранил журнал.,Начался дождь — мы остались дома. Затем отдел сохранил журнал.,no_supported_edit,10,False,"[""consequence_dash""]"
consequence_dash,Начался дождь встречу перенесли утром. Позже автор проверил подпись.,Начался дождь — встречу перенесли утром. Позже автор проверил подпись.,no_supported_edit,10,False,"[""consequence_dash""]"
consequence_dash,Начался дождь команда закрыла окна. Утром эксперт обновил протокол.,Начался дождь — команда закрыла окна. Утром эксперт обновил протокол.,no_supported_edit,10,False,"[""consequence_dash""]"
consequence_dash,Начался дождь мы остались дома. После проверки комиссия отправила ответ.,Начался дождь — мы остались дома. После проверки комиссия отправила ответ.,no_supported_edit,11,False,"[""consequence_dash""]"
consequence_dash,Начался дождь встречу перенесли утром. Вечером координатор открыл список.,Начался дождь — встречу перенесли утром. Вечером координатор открыл список.,no_supported_edit,10,False,"[""consequence_dash""]"
consequence_dash,Начался дождь команда закрыла окна. Затем редакция согласовала выпуск.,Начался дождь — команда закрыла окна. Затем редакция согласовала выпуск.,no_supported_edit,10,False,"[""consequence_dash""]"
consequence_dash,Начался дождь мы остались дома. Позже группа сохранила папку.,Начался дождь — мы остались дома. Позже группа сохранила папку.,no_supported_edit,10,False,"[""consequence_dash""]"
consequence_dash,Начался дождь встречу перенесли утром. Утром аналитик проверил заявку.,Начался дождь — встречу перенесли утром. Утром аналитик проверил заявку.,no_supported_edit,10,False,"[""consequence_dash""]"
consequence_dash,Начался дождь команда закрыла окна. После встречи служба приняла справку.,Начался дождь — команда закрыла окна. После встречи служба приняла справку.,no_supported_edit,11,False,"[""consequence_dash""]"
consequence_dash,Начался дождь мы остались дома. Вечером секретарь отправил письмо.,Начался дождь — мы остались дома. Вечером секретарь отправил письмо.,no_supported_edit,10,False,"[""consequence_dash""]"
consequence_dash,Начался дождь встречу перенесли утром. Затем юрист обновил решение.,Начался дождь — встречу перенесли утром. Затем юрист обновил решение.,no_supported_edit,10,False,"[""consequence_dash""]"
consequence_dash,Начался дождь команда закрыла окна. Позже отдел сверил таблицу.,Начался дождь — команда закрыла окна. Позже отдел сверил таблицу.,no_supported_edit,10,False,"[""consequence_dash""]"
consequence_dash,Начался дождь мы остались дома. Утром автор закрыл вопрос.,Начался дождь — мы остались дома. Утром автор закрыл вопрос.,no_supported_edit,10,False,"[""consequence_dash""]"
consequence_dash,Начался дождь встречу перенесли утром. После проверки редактор уточнил справку.,Начался дождь — встречу перенесли утром. После проверки редактор уточнил справку.,no_supported_edit,11,False,"[""consequence_dash""]"
consequence_dash,Начался дождь команда закрыла окна. Вечером комиссия открыла ведомость.,Начался дождь — команда закрыла окна. Вечером комиссия открыла ведомость.,no_supported_edit,10,False,"[""consequence_dash""]"
consequence_dash,Начался дождь мы остались дома. Затем аналитик согласовал приказ.,Начался дождь — мы остались дома. Затем аналитик согласовал приказ.,no_supported_edit,10,False,"[""consequence_dash""]"
consequence_dash,Начался дождь встречу перенесли утром. Позже секретарь сохранил протокол.,Начался дождь — встречу перенесли утром. Позже секретарь сохранил протокол.,no_supported_edit,10,False,"[""consequence_dash""]"
consequence_dash,Начался дождь команда закрыла окна. Утром группа проверила таблицу.,Начался дождь — команда закрыла окна. Утром группа проверила таблицу.,no_supported_edit,10,False,"[""consequence_dash""]"
consequence_dash,Начался дождь мы остались дома. После встречи юрист обновил журнал.,Начался дождь — мы остались дома. После встречи юрист обновил журнал.,no_supported_edit,11,False,"[""consequence_dash""]"
consequence_dash,Начался дождь встречу перенесли утром. Вечером служба закрыла заявку.,Начался дождь — встречу перенесли утром. Вечером служба закрыла заявку.,no_supported_edit,10,False,"[""consequence_dash""]"
consequence_dash,Начался дождь команда закрыла окна. Затем автор сверил список.,Начался дождь — команда закрыла окна. Затем автор сверил список.,no_supported_edit,10,False,"[""consequence_dash""]"
consequence_dash,Начался дождь мы остались дома. Позже отдел принял договор.,Начался дождь — мы остались дома. Позже отдел принял договор.,no_supported_edit,10,False,"[""consequence_dash""]"
consequence_dash,Начался дождь встречу перенесли утром. Утром координатор отправил ответ.,Начался дождь — встречу перенесли утром. Утром координатор отправил ответ.,no_supported_edit,10,False,"[""consequence_dash""]"
consequence_dash,Начался дождь команда закрыла окна. После обеда редакция уточнила маршрут.,Начался дождь — команда закрыла окна. После обеда редакция уточнила маршрут.,no_supported_edit,11,False,"[""consequence_dash""]"
consequence_dash,Начался дождь мы остались дома. Вечером эксперт сохранил ведомость.,Начался дождь — мы остались дома. Вечером эксперт сохранил ведомость.,no_supported_edit,10,False,"[""consequence_dash""]"
consequence_dash,Начался дождь встречу перенесли утром. Затем комиссия проверила папку.,Начался дождь — встречу перенесли утром. Затем комиссия проверила папку.,no_supported_edit,10,False,"[""consequence_dash""]"
consequence_dash,Начался дождь команда закрыла окна. Позже аналитик открыл протокол.,Начался дождь — команда закрыла окна. Позже аналитик открыл протокол.,no_supported_edit,10,False,"[""consequence_dash""]"
consequence_dash,Начался дождь мы остались дома. Утром секретарь согласовал справку.,Начался дождь — мы остались дома. Утром секретарь согласовал справку.,no_supported_edit,10,False,"[""consequence_dash""]"
consequence_dash,Начался дождь встречу перенесли утром. После проверки юрист принял таблицу.,Начался дождь — встречу перенесли утром. После проверки юрист принял таблицу.,no_supported_edit,11,False,"[""consequence_dash""]"
consequence_dash,Начался дождь команда закрыла окна. Вечером группа обновила договор.,Начался дождь — команда закрыла окна. Вечером группа обновила договор.,no_supported_edit,10,False,"[""consequence_dash""]"
consequence_dash,Начался дождь мы остались дома. Затем служба сверила приказ.,Начался дождь — мы остались дома. Затем служба сверила приказ.,no_supported_edit,10,False,"[""consequence_dash""]"
consequence_dash,Начался дождь встречу перенесли утром. Позже автор сохранил журнал.,Начался дождь — встречу перенесли утром. Позже автор сохранил журнал.,no_supported_edit,10,False,"[""consequence_dash""]"
consequence_dash,Начался дождь команда закрыла окна. Утром редактор закрыл заявку.,Начался дождь — команда закрыла окна. Утром редактор закрыл заявку.,no_supported_edit,10,False,"[""consequence_dash""]"
consequence_dash,Начался дождь мы остались дома. После встречи отдел уточнил список.,Начался дождь — мы остались дома. После встречи отдел уточнил список.,no_supported_edit,11,False,"[""consequence_dash""]"
consequence_dash,Начался дождь встречу перенесли утром. Вечером координатор проверил протокол.,Начался дождь — встречу перенесли утром. Вечером координатор проверил протокол.,no_supported_edit,10,False,"[""consequence_dash""]"
consequence_dash,Начался дождь команда закрыла окна. Затем эксперт отправил справку.,Начался дождь — команда закрыла окна. Затем эксперт отправил справку.,no_supported_edit,10,False,"[""consequence_dash""]"
dictionary_fuzzy,В отчете ба встретилось слово карова.,В отчете ба встретилось слово корова.,no_existing_candidate_backed_pattern,9,False,"[""frequent_error_exact"", ""keyboard_typo_candidate""]"
dictionary_fuzzy,Эксперт заметил ошибку в слове малако в записи ва.,Эксперт заметил ошибку в слове молоко в записи ва.,no_existing_candidate_backed_pattern,12,False,"[""dictionary_fuzzy"", ""frequent_error_exact""]"
dictionary_fuzzy,В письме га была фраза со словом сабака.,В письме га была фраза со словом собака.,no_existing_candidate_backed_pattern,11,False,"[""frequent_error_exact"", ""keyboard_typo_candidate"", ""missing_letter_candidate""]"
dictionary_fuzzy,В заявлении да указали слово територия.,В заявлении да указали слово территория.,no_existing_candidate_backed_pattern,8,False,"[""dictionary_fuzzy"", ""double_consonant_candidate""]"
dictionary_fuzzy,Редактор исправил слово карова в документе жа.,Редактор исправил слово корова в документе жа.,no_existing_candidate_backed_pattern,10,False,"[""frequent_error_exact"", ""keyboard_typo_candidate""]"
dictionary_fuzzy,В отчете за встретилось слово малако.,В отчете за встретилось слово молоко.,no_existing_candidate_backed_pattern,9,False,"[""dictionary_fuzzy"", ""frequent_error_exact""]"
dictionary_fuzzy,Эксперт заметил ошибку в слове сабака в записи иа.,Эксперт заметил ошибку в слове собака в записи иа.,no_existing_candidate_backed_pattern,12,False,"[""frequent_error_exact"", ""keyboard_typo_candidate"", ""missing_letter_candidate""]"
dictionary_fuzzy,В письме ка была фраза со словом територия.,В письме ка была фраза со словом территория.,no_existing_candidate_backed_pattern,10,False,"[""dictionary_fuzzy"", ""double_consonant_candidate""]"
dictionary_fuzzy,Корректор проверил написание слова карова в файле ма.,Корректор проверил написание слова корова в файле ма.,no_existing_candidate_backed_pattern,11,False,"[""frequent_error_exact"", ""keyboard_typo_candidate""]"
dictionary_fuzzy,Редактор исправил слово малако в документе на.,Редактор исправил слово молоко в документе на.,no_existing_candidate_backed_pattern,10,False,"[""dictionary_fuzzy"", ""frequent_error_exact""]"
dictionary_fuzzy,В отчете оа встретилось слово сабака.,В отчете оа встретилось слово собака.,no_existing_candidate_backed_pattern,9,False,"[""frequent_error_exact"", ""keyboard_typo_candidate"", ""missing_letter_candidate""]"
dictionary_fuzzy,Эксперт заметил ошибку в слове територия в записи па.,Эксперт заметил ошибку в слове территория в записи па.,no_existing_candidate_backed_pattern,11,False,"[""dictionary_fuzzy"", ""double_consonant_candidate""]"
dictionary_fuzzy,В заявлении са указали слово карова.,В заявлении са указали слово корова.,no_existing_candidate_backed_pattern,9,False,"[""frequent_error_exact"", ""keyboard_typo_candidate""]"
dictionary_fuzzy,Корректор проверил написание слова малако в файле та.,Корректор проверил написание слова молоко в файле та.,no_existing_candidate_backed_pattern,11,False,"[""dictionary_fuzzy"", ""frequent_error_exact""]"
dictionary_fuzzy,Редактор исправил слово сабака в документе уа.,Редактор исправил слово собака в документе уа.,no_existing_candidate_backed_pattern,10,False,"[""frequent_error_exact"", ""keyboard_typo_candidate"", ""missing_letter_candidate""]"
dictionary_fuzzy,В отчете фа встретилось слово територия.,В отчете фа встретилось слово территория.,no_existing_candidate_backed_pattern,8,False,"[""dictionary_fuzzy"", ""double_consonant_candidate""]"
dictionary_fuzzy,В письме ца была фраза со словом карова.,В письме ца была фраза со словом корова.,no_existing_candidate_backed_pattern,11,False,"[""frequent_error_exact"", ""keyboard_typo_candidate""]"
dictionary_fuzzy,В заявлении ча указали слово малако.,В заявлении ча указали слово молоко.,no_existing_candidate_backed_pattern,9,False,"[""dictionary_fuzzy"", ""frequent_error_exact""]"
dictionary_fuzzy,Корректор проверил написание слова сабака в файле ша.,Корректор проверил написание слова собака в файле ша.,no_existing_candidate_backed_pattern,11,False,"[""frequent_error_exact"", ""keyboard_typo_candidate"", ""missing_letter_candidate""]"
dictionary_fuzzy,Редактор исправил слово територия в документе ща.,Редактор исправил слово территория в документе ща.,no_existing_candidate_backed_pattern,9,False,"[""dictionary_fuzzy"", ""double_consonant_candidate""]"
dictionary_fuzzy,Эксперт заметил ошибку в слове карова в записи юа.,Эксперт заметил ошибку в слове корова в записи юа.,no_existing_candidate_backed_pattern,12,False,"[""frequent_error_exact"", ""keyboard_typo_candidate""]"
dictionary_fuzzy,В письме яа была фраза со словом малако.,В письме яа была фраза со словом молоко.,no_existing_candidate_backed_pattern,11,False,"[""dictionary_fuzzy"", ""frequent_error_exact""]"
dictionary_fuzzy,В заявлении аб указали слово сабака.,В заявлении аб указали слово собака.,no_existing_candidate_backed_pattern,9,False,"[""frequent_error_exact"", ""keyboard_typo_candidate"", ""missing_letter_candidate""]"
dictionary_fuzzy,Корректор проверил написание слова територия в файле бб.,Корректор проверил написание слова территория в файле бб.,no_existing_candidate_backed_pattern,10,False,"[""dictionary_fuzzy"", ""double_consonant_candidate""]"
dictionary_fuzzy,В отчете гб встретилось слово карова.,В отчете гб встретилось слово корова.,no_existing_candidate_backed_pattern,9,False,"[""frequent_error_exact"", ""keyboard_typo_candidate""]"
dictionary_fuzzy,Эксперт заметил ошибку в слове малако в записи дб.,Эксперт заметил ошибку в слове молоко в записи дб.,no_existing_candidate_backed_pattern,12,False,"[""dictionary_fuzzy"", ""frequent_error_exact""]"
dictionary_fuzzy,В письме еб была фраза со словом сабака.,В письме еб была фраза со словом собака.,no_existing_candidate_backed_pattern,11,False,"[""frequent_error_exact"", ""keyboard_typo_candidate"", ""missing_letter_candidate""]"
dictionary_fuzzy,В заявлении жб указали слово територия.,В заявлении жб указали слово территория.,no_existing_candidate_backed_pattern,8,False,"[""dictionary_fuzzy"", ""double_consonant_candidate""]"
dictionary_fuzzy,Редактор исправил слово карова в документе иб.,Редактор исправил слово корова в документе иб.,no_existing_candidate_backed_pattern,10,False,"[""frequent_error_exact"", ""keyboard_typo_candidate""]"
dictionary_fuzzy,В отчете кб встретилось слово малако.,В отчете кб встретилось слово молоко.,no_existing_candidate_backed_pattern,9,False,"[""dictionary_fuzzy"", ""frequent_error_exact""]"
dictionary_fuzzy,Эксперт заметил ошибку в слове сабака в записи лб.,Эксперт заметил ошибку в слове собака в записи лб.,no_existing_candidate_backed_pattern,12,False,"[""frequent_error_exact"", ""keyboard_typo_candidate"", ""missing_letter_candidate""]"
dictionary_fuzzy,В письме мб была фраза со словом територия.,В письме мб была фраза со словом территория.,no_existing_candidate_backed_pattern,10,False,"[""dictionary_fuzzy"", ""double_consonant_candidate""]"
dictionary_fuzzy,Корректор проверил написание слова карова в файле об.,Корректор проверил написание слова корова в файле об.,no_existing_candidate_backed_pattern,11,False,"[""frequent_error_exact"", ""keyboard_typo_candidate""]"
dictionary_fuzzy,Редактор исправил слово малако в документе пб.,Редактор исправил слово молоко в документе пб.,no_existing_candidate_backed_pattern,10,False,"[""dictionary_fuzzy"", ""frequent_error_exact""]"
dictionary_fuzzy,В отчете рб встретилось слово сабака.,В отчете рб встретилось слово собака.,no_existing_candidate_backed_pattern,9,False,"[""frequent_error_exact"", ""keyboard_typo_candidate"", ""missing_letter_candidate""]"
dictionary_fuzzy,Эксперт заметил ошибку в слове територия в записи сб.,Эксперт заметил ошибку в слове территория в записи сб.,no_existing_candidate_backed_pattern,11,False,"[""dictionary_fuzzy"", ""double_consonant_candidate""]"
dictionary_fuzzy,В заявлении уб указали слово карова.,В заявлении уб указали слово корова.,no_existing_candidate_backed_pattern,9,False,"[""frequent_error_exact"", ""keyboard_typo_candidate""]"
dictionary_fuzzy,Корректор проверил написание слова малако в файле фб.,Корректор проверил написание слова молоко в файле фб.,no_existing_candidate_backed_pattern,11,False,"[""dictionary_fuzzy"", ""frequent_error_exact""]"
dictionary_fuzzy,Редактор исправил слово сабака в документе хб.,Редактор исправил слово собака в документе хб.,no_existing_candidate_backed_pattern,10,False,"[""frequent_error_exact"", ""keyboard_typo_candidate"", ""missing_letter_candidate""]"
dictionary_fuzzy,В отчете цб встретилось слово територия.,В отчете цб встретилось слово территория.,no_existing_candidate_backed_pattern,8,False,"[""dictionary_fuzzy"", ""double_consonant_candidate""]"
dictionary_fuzzy,В письме шб была фраза со словом карова.,В письме шб была фраза со словом корова.,no_existing_candidate_backed_pattern,11,False,"[""frequent_error_exact"", ""keyboard_typo_candidate""]"
dictionary_fuzzy,В заявлении щб указали слово малако.,В заявлении щб указали слово молоко.,no_existing_candidate_backed_pattern,9,False,"[""dictionary_fuzzy"", ""frequent_error_exact""]"
dictionary_fuzzy,Корректор проверил написание слова сабака в файле эб.,Корректор проверил написание слова собака в файле эб.,no_existing_candidate_backed_pattern,11,False,"[""frequent_error_exact"", ""keyboard_typo_candidate"", ""missing_letter_candidate""]"
dictionary_fuzzy,Редактор исправил слово територия в документе юб.,Редактор исправил слово территория в документе юб.,no_existing_candidate_backed_pattern,9,False,"[""dictionary_fuzzy"", ""double_consonant_candidate""]"
dictionary_fuzzy,Эксперт заметил ошибку в слове карова в записи ав.,Эксперт заметил ошибку в слове корова в записи ав.,no_existing_candidate_backed_pattern,12,False,"[""frequent_error_exact"", ""keyboard_typo_candidate""]"
dictionary_fuzzy,В письме бв была фраза со словом малако.,В письме бв была фраза со словом молоко.,no_existing_candidate_backed_pattern,11,False,"[""dictionary_fuzzy"", ""frequent_error_exact""]"
dictionary_fuzzy,В заявлении вв указали слово сабака.,В заявлении вв указали слово собака.,no_existing_candidate_backed_pattern,9,False,"[""frequent_error_exact"", ""keyboard_typo_candidate"", ""missing_letter_candidate""]"
dictionary_fuzzy,Корректор проверил написание слова територия в файле гв.,Корректор проверил написание слова территория в файле гв.,no_existing_candidate_backed_pattern,10,False,"[""dictionary_fuzzy"", ""double_consonant_candidate""]"
dictionary_fuzzy,В отчете ев встретилось слово карова.,В отчете ев встретилось слово корова.,no_existing_candidate_backed_pattern,9,False,"[""frequent_error_exact"", ""keyboard_typo_candidate""]"
dictionary_fuzzy,Эксперт заметил ошибку в слове малако в записи жв.,Эксперт заметил ошибку в слове молоко в записи жв.,no_existing_candidate_backed_pattern,12,False,"[""dictionary_fuzzy"", ""frequent_error_exact""]"
dictionary_fuzzy,В письме зв была фраза со словом сабака.,В письме зв была фраза со словом собака.,no_existing_candidate_backed_pattern,11,False,"[""frequent_error_exact"", ""keyboard_typo_candidate"", ""missing_letter_candidate""]"
dictionary_fuzzy,В заявлении ив указали слово територия.,В заявлении ив указали слово территория.,no_existing_candidate_backed_pattern,8,False,"[""dictionary_fuzzy"", ""double_consonant_candidate""]"
dictionary_fuzzy,Редактор исправил слово карова в документе лв.,Редактор исправил слово корова в документе лв.,no_existing_candidate_backed_pattern,10,False,"[""frequent_error_exact"", ""keyboard_typo_candidate""]"
dictionary_fuzzy,В отчете мв встретилось слово малако.,В отчете мв встретилось слово молоко.,no_existing_candidate_backed_pattern,9,False,"[""dictionary_fuzzy"", ""frequent_error_exact""]"
dictionary_fuzzy,Эксперт заметил ошибку в слове сабака в записи нв.,Эксперт заметил ошибку в слове собака в записи нв.,no_existing_candidate_backed_pattern,12,False,"[""frequent_error_exact"", ""keyboard_typo_candidate"", ""missing_letter_candidate""]"
dictionary_fuzzy,В письме ов была фраза со словом територия.,В письме ов была фраза со словом территория.,no_existing_candidate_backed_pattern,10,False,"[""dictionary_fuzzy"", ""double_consonant_candidate""]"
dictionary_fuzzy,Корректор проверил написание слова карова в файле рв.,Корректор проверил написание слова корова в файле рв.,no_existing_candidate_backed_pattern,11,False,"[""frequent_error_exact"", ""keyboard_typo_candidate""]"
dictionary_fuzzy,Редактор исправил слово малако в документе св.,Редактор исправил слово молоко в документе св.,no_existing_candidate_backed_pattern,10,False,"[""dictionary_fuzzy"", ""frequent_error_exact""]"
dictionary_fuzzy,В отчете тв встретилось слово сабака.,В отчете тв встретилось слово собака.,no_existing_candidate_backed_pattern,9,False,"[""frequent_error_exact"", ""keyboard_typo_candidate"", ""missing_letter_candidate""]"
dictionary_fuzzy,Эксперт заметил ошибку в слове територия в записи ув.,Эксперт заметил ошибку в слове территория в записи ув.,no_existing_candidate_backed_pattern,11,False,"[""dictionary_fuzzy"", ""double_consonant_candidate""]"
dictionary_fuzzy,В заявлении хв указали слово карова.,В заявлении хв указали слово корова.,no_existing_candidate_backed_pattern,9,False,"[""frequent_error_exact"", ""keyboard_typo_candidate""]"
dictionary_fuzzy,Корректор проверил написание слова малако в файле цв.,Корректор проверил написание слова молоко в файле цв.,no_existing_candidate_backed_pattern,11,False,"[""dictionary_fuzzy"", ""frequent_error_exact""]"
dictionary_fuzzy,Редактор исправил слово сабака в документе чв.,Редактор исправил слово собака в документе чв.,no_existing_candidate_backed_pattern,10,False,"[""frequent_error_exact"", ""keyboard_typo_candidate"", ""missing_letter_candidate""]"
dictionary_fuzzy,В отчете шв встретилось слово територия.,В отчете шв встретилось слово территория.,no_existing_candidate_backed_pattern,8,False,"[""dictionary_fuzzy"", ""double_consonant_candidate""]"
dictionary_fuzzy,В письме эв была фраза со словом карова.,В письме эв была фраза со словом корова.,no_existing_candidate_backed_pattern,11,False,"[""frequent_error_exact"", ""keyboard_typo_candidate""]"
dictionary_fuzzy,В заявлении юв указали слово малако.,В заявлении юв указали слово молоко.,no_existing_candidate_backed_pattern,9,False,"[""dictionary_fuzzy"", ""frequent_error_exact""]"
dictionary_fuzzy,Корректор проверил написание слова сабака в файле яв.,Корректор проверил написание слова собака в файле яв.,no_existing_candidate_backed_pattern,11,False,"[""frequent_error_exact"", ""keyboard_typo_candidate"", ""missing_letter_candidate""]"
dictionary_fuzzy,Редактор исправил слово територия в документе аг.,Редактор исправил слово территория в документе аг.,no_existing_candidate_backed_pattern,9,False,"[""dictionary_fuzzy"", ""double_consonant_candidate""]"
dictionary_fuzzy,Эксперт заметил ошибку в слове карова в записи вг.,Эксперт заметил ошибку в слове корова в записи вг.,no_existing_candidate_backed_pattern,12,False,"[""frequent_error_exact"", ""keyboard_typo_candidate""]"
dictionary_fuzzy,В письме гг была фраза со словом малако.,В письме гг была фраза со словом молоко.,no_existing_candidate_backed_pattern,11,False,"[""dictionary_fuzzy"", ""frequent_error_exact""]"
dictionary_fuzzy,В заявлении дг указали слово сабака.,В заявлении дг указали слово собака.,no_existing_candidate_backed_pattern,9,False,"[""frequent_error_exact"", ""keyboard_typo_candidate"", ""missing_letter_candidate""]"
dictionary_fuzzy,Корректор проверил написание слова територия в файле ег.,Корректор проверил написание слова территория в файле ег.,no_existing_candidate_backed_pattern,10,False,"[""dictionary_fuzzy"", ""double_consonant_candidate""]"
dictionary_fuzzy,В отчете зг встретилось слово карова.,В отчете зг встретилось слово корова.,no_existing_candidate_backed_pattern,9,False,"[""frequent_error_exact"", ""keyboard_typo_candidate""]"
dictionary_fuzzy,Эксперт заметил ошибку в слове малако в записи иг.,Эксперт заметил ошибку в слове молоко в записи иг.,no_existing_candidate_backed_pattern,12,False,"[""dictionary_fuzzy"", ""frequent_error_exact""]"
dictionary_fuzzy,В письме кг была фраза со словом сабака.,В письме кг была фраза со словом собака.,no_existing_candidate_backed_pattern,11,False,"[""frequent_error_exact"", ""keyboard_typo_candidate"", ""missing_letter_candidate""]"
dictionary_fuzzy,В заявлении лг указали слово територия.,В заявлении лг указали слово территория.,no_existing_candidate_backed_pattern,8,False,"[""dictionary_fuzzy"", ""double_consonant_candidate""]"
dictionary_fuzzy,Редактор исправил слово карова в документе нг.,Редактор исправил слово корова в документе нг.,no_existing_candidate_backed_pattern,10,False,"[""frequent_error_exact"", ""keyboard_typo_candidate""]"
dictionary_fuzzy,В отчете ог встретилось слово малако.,В отчете ог встретилось слово молоко.,no_existing_candidate_backed_pattern,9,False,"[""dictionary_fuzzy"", ""frequent_error_exact""]"
dictionary_fuzzy,Эксперт заметил ошибку в слове сабака в записи пг.,Эксперт заметил ошибку в слове собака в записи пг.,no_existing_candidate_backed_pattern,12,False,"[""frequent_error_exact"", ""keyboard_typo_candidate"", ""missing_letter_candidate""]"
dictionary_fuzzy,В письме рг была фраза со словом територия.,В письме рг была фраза со словом территория.,no_existing_candidate_backed_pattern,10,False,"[""dictionary_fuzzy"", ""double_consonant_candidate""]"
dictionary_fuzzy,Корректор проверил написание слова карова в файле тг.,Корректор проверил написание слова корова в файле тг.,no_existing_candidate_backed_pattern,11,False,"[""frequent_error_exact"", ""keyboard_typo_candidate""]"
dictionary_fuzzy,Редактор исправил слово малако в документе уг.,Редактор исправил слово молоко в документе уг.,no_existing_candidate_backed_pattern,10,False,"[""dictionary_fuzzy"", ""frequent_error_exact""]"
dictionary_fuzzy,В отчете фг встретилось слово сабака.,В отчете фг встретилось слово собака.,no_existing_candidate_backed_pattern,9,False,"[""frequent_error_exact"", ""keyboard_typo_candidate"", ""missing_letter_candidate""]"
dictionary_fuzzy,Эксперт заметил ошибку в слове територия в записи хг.,Эксперт заметил ошибку в слове территория в записи хг.,no_existing_candidate_backed_pattern,11,False,"[""dictionary_fuzzy"", ""double_consonant_candidate""]"
dictionary_fuzzy,В заявлении чг указали слово карова.,В заявлении чг указали слово корова.,no_existing_candidate_backed_pattern,9,False,"[""frequent_error_exact"", ""keyboard_typo_candidate""]"
dictionary_fuzzy,Корректор проверил написание слова малако в файле шг.,Корректор проверил написание слова молоко в файле шг.,no_existing_candidate_backed_pattern,11,False,"[""dictionary_fuzzy"", ""frequent_error_exact""]"
dictionary_fuzzy,Редактор исправил слово сабака в документе щг.,Редактор исправил слово собака в документе щг.,no_existing_candidate_backed_pattern,10,False,"[""frequent_error_exact"", ""keyboard_typo_candidate"", ""missing_letter_candidate""]"
dictionary_fuzzy,В отчете эг встретилось слово територия.,В отчете эг встретилось слово территория.,no_existing_candidate_backed_pattern,8,False,"[""dictionary_fuzzy"", ""double_consonant_candidate""]"
dictionary_fuzzy,В письме яг была фраза со словом карова.,В письме яг была фраза со словом корова.,no_existing_candidate_backed_pattern,11,False,"[""frequent_error_exact"", ""keyboard_typo_candidate""]"
dictionary_fuzzy,В заявлении ад указали слово малако.,В заявлении ад указали слово молоко.,no_existing_candidate_backed_pattern,9,False,"[""dictionary_fuzzy"", ""frequent_error_exact""]"
dictionary_fuzzy,Корректор проверил написание слова сабака в файле бд.,Корректор проверил написание слова собака в файле бд.,no_existing_candidate_backed_pattern,11,False,"[""frequent_error_exact"", ""keyboard_typo_candidate"", ""missing_letter_candidate""]"
dictionary_fuzzy,Редактор исправил слово територия в документе вд.,Редактор исправил слово территория в документе вд.,no_existing_candidate_backed_pattern,9,False,"[""dictionary_fuzzy"", ""double_consonant_candidate""]"
dictionary_fuzzy,Эксперт заметил ошибку в слове карова в записи дд.,Эксперт заметил ошибку в слове корова в записи дд.,no_existing_candidate_backed_pattern,12,False,"[""frequent_error_exact"", ""keyboard_typo_candidate""]"
dictionary_fuzzy,В письме ед была фраза со словом малако.,В письме ед была фраза со словом молоко.,no_existing_candidate_backed_pattern,11,False,"[""dictionary_fuzzy"", ""frequent_error_exact""]"
dictionary_fuzzy,В заявлении жд указали слово сабака.,В заявлении жд указали слово собака.,no_existing_candidate_backed_pattern,9,False,"[""frequent_error_exact"", ""keyboard_typo_candidate"", ""missing_letter_candidate""]"
dictionary_fuzzy,Корректор проверил написание слова територия в файле зд.,Корректор проверил написание слова территория в файле зд.,no_existing_candidate_backed_pattern,10,False,"[""dictionary_fuzzy"", ""double_consonant_candidate""]"
dictionary_fuzzy,В отчете кд встретилось слово карова.,В отчете кд встретилось слово корова.,no_existing_candidate_backed_pattern,9,False,"[""frequent_error_exact"", ""keyboard_typo_candidate""]"
dictionary_fuzzy,Эксперт заметил ошибку в слове малако в записи лд.,Эксперт заметил ошибку в слове молоко в записи лд.,no_existing_candidate_backed_pattern,12,False,"[""dictionary_fuzzy"", ""frequent_error_exact""]"
dictionary_fuzzy,В письме мд была фраза со словом сабака.,В письме мд была фраза со словом собака.,no_existing_candidate_backed_pattern,11,False,"[""frequent_error_exact"", ""keyboard_typo_candidate"", ""missing_letter_candidate""]"
dictionary_fuzzy,В заявлении нд указали слово територия.,В заявлении нд указали слово территория.,no_existing_candidate_backed_pattern,8,False,"[""dictionary_fuzzy"", ""double_consonant_candidate""]"
dictionary_fuzzy,Редактор исправил слово карова в документе пд.,Редактор исправил слово корова в документе пд.,no_existing_candidate_backed_pattern,10,False,"[""frequent_error_exact"", ""keyboard_typo_candidate""]"
dictionary_fuzzy,В отчете рд встретилось слово малако.,В отчете рд встретилось слово молоко.,no_existing_candidate_backed_pattern,9,False,"[""dictionary_fuzzy"", ""frequent_error_exact""]"
dictionary_fuzzy,Эксперт заметил ошибку в слове сабака в записи сд.,Эксперт заметил ошибку в слове собака в записи сд.,no_existing_candidate_backed_pattern,12,False,"[""frequent_error_exact"", ""keyboard_typo_candidate"", ""missing_letter_candidate""]"
dictionary_fuzzy,В письме тд была фраза со словом територия.,В письме тд была фраза со словом территория.,no_existing_candidate_backed_pattern,10,False,"[""dictionary_fuzzy"", ""double_consonant_candidate""]"
dictionary_fuzzy,Корректор проверил написание слова карова в файле фд.,Корректор проверил написание слова корова в файле фд.,no_existing_candidate_backed_pattern,11,False,"[""frequent_error_exact"", ""keyboard_typo_candidate""]"
dictionary_fuzzy,Редактор исправил слово малако в документе хд.,Редактор исправил слово молоко в документе хд.,no_existing_candidate_backed_pattern,10,False,"[""dictionary_fuzzy"", ""frequent_error_exact""]"
dictionary_fuzzy,В отчете цд встретилось слово сабака.,В отчете цд встретилось слово собака.,no_existing_candidate_backed_pattern,9,False,"[""frequent_error_exact"", ""keyboard_typo_candidate"", ""missing_letter_candidate""]"
dictionary_fuzzy,Эксперт заметил ошибку в слове територия в записи чд.,Эксперт заметил ошибку в слове территория в записи чд.,no_existing_candidate_backed_pattern,11,False,"[""dictionary_fuzzy"", ""double_consonant_candidate""]"
dictionary_fuzzy,В заявлении щд указали слово карова.,В заявлении щд указали слово корова.,no_existing_candidate_backed_pattern,9,False,"[""frequent_error_exact"", ""keyboard_typo_candidate""]"
dictionary_fuzzy,Корректор проверил написание слова малако в файле эд.,Корректор проверил написание слова молоко в файле эд.,no_existing_candidate_backed_pattern,11,False,"[""dictionary_fuzzy"", ""frequent_error_exact""]"
dictionary_fuzzy,Редактор исправил слово сабака в документе юд.,Редактор исправил слово собака в документе юд.,no_existing_candidate_backed_pattern,10,False,"[""frequent_error_exact"", ""keyboard_typo_candidate"", ""missing_letter_candidate""]"
dictionary_fuzzy,В отчете яд встретилось слово територия.,В отчете яд встретилось слово территория.,no_existing_candidate_backed_pattern,8,False,"[""dictionary_fuzzy"", ""double_consonant_candidate""]"
dictionary_fuzzy,В письме бе была фраза со словом карова.,В письме бе была фраза со словом корова.,no_existing_candidate_backed_pattern,11,False,"[""frequent_error_exact"", ""keyboard_typo_candidate""]"
dictionary_fuzzy,В заявлении ве указали слово малако.,В заявлении ве указали слово молоко.,no_existing_candidate_backed_pattern,9,False,"[""dictionary_fuzzy"", ""frequent_error_exact""]"
dictionary_fuzzy,Корректор проверил написание слова сабака в файле ге.,Корректор проверил написание слова собака в файле ге.,no_existing_candidate_backed_pattern,11,False,"[""frequent_error_exact"", ""keyboard_typo_candidate"", ""missing_letter_candidate""]"
dictionary_fuzzy,Редактор исправил слово територия в документе де.,Редактор исправил слово территория в документе де.,no_existing_candidate_backed_pattern,9,False,"[""dictionary_fuzzy"", ""double_consonant_candidate""]"
dictionary_fuzzy,Эксперт заметил ошибку в слове карова в записи же.,Эксперт заметил ошибку в слове корова в записи же.,no_existing_candidate_backed_pattern,12,False,"[""frequent_error_exact"", ""keyboard_typo_candidate""]"
dictionary_fuzzy,В письме зе была фраза со словом малако.,В письме зе была фраза со словом молоко.,no_existing_candidate_backed_pattern,11,False,"[""dictionary_fuzzy"", ""frequent_error_exact""]"
dictionary_fuzzy,В заявлении ие указали слово сабака.,В заявлении ие указали слово собака.,no_existing_candidate_backed_pattern,9,False,"[""frequent_error_exact"", ""keyboard_typo_candidate"", ""missing_letter_candidate""]"
dictionary_fuzzy,Корректор проверил написание слова територия в файле ке.,Корректор проверил написание слова территория в файле ке.,no_existing_candidate_backed_pattern,10,False,"[""dictionary_fuzzy"", ""double_consonant_candidate""]"
dictionary_fuzzy,В отчете ме встретилось слово карова.,В отчете ме встретилось слово корова.,no_existing_candidate_backed_pattern,9,False,"[""frequent_error_exact"", ""keyboard_typo_candidate""]"
dictionary_fuzzy,Эксперт заметил ошибку в слове малако в записи не.,Эксперт заметил ошибку в слове молоко в записи не.,no_existing_candidate_backed_pattern,12,False,"[""dictionary_fuzzy"", ""frequent_error_exact""]"
dictionary_fuzzy,В письме ое была фраза со словом сабака.,В письме ое была фраза со словом собака.,no_existing_candidate_backed_pattern,11,False,"[""frequent_error_exact"", ""keyboard_typo_candidate"", ""missing_letter_candidate""]"
dictionary_fuzzy,В заявлении пе указали слово територия.,В заявлении пе указали слово территория.,no_existing_candidate_backed_pattern,8,False,"[""dictionary_fuzzy"", ""double_consonant_candidate""]"
dictionary_fuzzy,Редактор исправил слово карова в документе се.,Редактор исправил слово корова в документе се.,no_existing_candidate_backed_pattern,10,False,"[""frequent_error_exact"", ""keyboard_typo_candidate""]"
dictionary_fuzzy,В отчете те встретилось слово малако.,В отчете те встретилось слово молоко.,no_existing_candidate_backed_pattern,9,False,"[""dictionary_fuzzy"", ""frequent_error_exact""]"
dictionary_fuzzy,Эксперт заметил ошибку в слове сабака в записи уе.,Эксперт заметил ошибку в слове собака в записи уе.,no_existing_candidate_backed_pattern,12,False,"[""frequent_error_exact"", ""keyboard_typo_candidate"", ""missing_letter_candidate""]"
dictionary_fuzzy,В письме фе была фраза со словом територия.,В письме фе была фраза со словом территория.,no_existing_candidate_backed_pattern,10,False,"[""dictionary_fuzzy"", ""double_consonant_candidate""]"
dictionary_fuzzy,Корректор проверил написание слова карова в файле це.,Корректор проверил написание слова корова в файле це.,no_existing_candidate_backed_pattern,11,False,"[""frequent_error_exact"", ""keyboard_typo_candidate""]"
dictionary_fuzzy,Редактор исправил слово малако в документе че.,Редактор исправил слово молоко в документе че.,no_existing_candidate_backed_pattern,10,False,"[""dictionary_fuzzy"", ""frequent_error_exact""]"
dictionary_fuzzy,В отчете ше встретилось слово сабака.,В отчете ше встретилось слово собака.,no_existing_candidate_backed_pattern,9,False,"[""frequent_error_exact"", ""keyboard_typo_candidate"", ""missing_letter_candidate""]"
dictionary_fuzzy,Эксперт заметил ошибку в слове територия в записи ще.,Эксперт заметил ошибку в слове территория в записи ще.,no_existing_candidate_backed_pattern,11,False,"[""dictionary_fuzzy"", ""double_consonant_candidate""]"
dictionary_fuzzy,В заявлении юе указали слово карова.,В заявлении юе указали слово корова.,no_existing_candidate_backed_pattern,9,False,"[""frequent_error_exact"", ""keyboard_typo_candidate""]"
dictionary_fuzzy,Корректор проверил написание слова малако в файле яе.,Корректор проверил написание слова молоко в файле яе.,no_existing_candidate_backed_pattern,11,False,"[""dictionary_fuzzy"", ""frequent_error_exact""]"
dictionary_fuzzy,Редактор исправил слово сабака в документе аж.,Редактор исправил слово собака в документе аж.,no_existing_candidate_backed_pattern,10,False,"[""frequent_error_exact"", ""keyboard_typo_candidate"", ""missing_letter_candidate""]"
dictionary_fuzzy,В отчете бж встретилось слово територия.,В отчете бж встретилось слово территория.,no_existing_candidate_backed_pattern,8,False,"[""dictionary_fuzzy"", ""double_consonant_candidate""]"
dictionary_fuzzy,В письме гж была фраза со словом карова.,В письме гж была фраза со словом корова.,no_existing_candidate_backed_pattern,11,False,"[""frequent_error_exact"", ""keyboard_typo_candidate""]"
dictionary_fuzzy,В заявлении дж указали слово малако.,В заявлении дж указали слово молоко.,no_existing_candidate_backed_pattern,9,False,"[""dictionary_fuzzy"", ""frequent_error_exact""]"
dictionary_fuzzy,Корректор проверил написание слова сабака в файле еж.,Корректор проверил написание слова собака в файле еж.,no_existing_candidate_backed_pattern,11,False,"[""frequent_error_exact"", ""keyboard_typo_candidate"", ""missing_letter_candidate""]"
dictionary_fuzzy,Редактор исправил слово територия в документе жж.,Редактор исправил слово территория в документе жж.,no_existing_candidate_backed_pattern,9,False,"[""dictionary_fuzzy"", ""double_consonant_candidate""]"
dictionary_fuzzy,Эксперт заметил ошибку в слове карова в записи иж.,Эксперт заметил ошибку в слове корова в записи иж.,no_existing_candidate_backed_pattern,12,False,"[""frequent_error_exact"", ""keyboard_typo_candidate""]"
dictionary_fuzzy,В письме кж была фраза со словом малако.,В письме кж была фраза со словом молоко.,no_existing_candidate_backed_pattern,11,False,"[""dictionary_fuzzy"", ""frequent_error_exact""]"
dictionary_fuzzy,В заявлении лж указали слово сабака.,В заявлении лж указали слово собака.,no_existing_candidate_backed_pattern,9,False,"[""frequent_error_exact"", ""keyboard_typo_candidate"", ""missing_letter_candidate""]"
dictionary_fuzzy,Корректор проверил написание слова територия в файле мж.,Корректор проверил написание слова территория в файле мж.,no_existing_candidate_backed_pattern,10,False,"[""dictionary_fuzzy"", ""double_consonant_candidate""]"
dictionary_fuzzy,В отчете ож встретилось слово карова.,В отчете ож встретилось слово корова.,no_existing_candidate_backed_pattern,9,False,"[""frequent_error_exact"", ""keyboard_typo_candidate""]"
dictionary_fuzzy,Эксперт заметил ошибку в слове малако в записи пж.,Эксперт заметил ошибку в слове молоко в записи пж.,no_existing_candidate_backed_pattern,12,False,"[""dictionary_fuzzy"", ""frequent_error_exact""]"
dictionary_fuzzy,В письме рж была фраза со словом сабака.,В письме рж была фраза со словом собака.,no_existing_candidate_backed_pattern,11,False,"[""frequent_error_exact"", ""keyboard_typo_candidate"", ""missing_letter_candidate""]"
dictionary_fuzzy,В заявлении сж указали слово територия.,В заявлении сж указали слово территория.,no_existing_candidate_backed_pattern,8,False,"[""dictionary_fuzzy"", ""double_consonant_candidate""]"
dictionary_fuzzy,Редактор исправил слово карова в документе уж.,Редактор исправил слово корова в документе уж.,no_existing_candidate_backed_pattern,10,False,"[""frequent_error_exact"", ""keyboard_typo_candidate""]"
dictionary_fuzzy,В отчете фж встретилось слово малако.,В отчете фж встретилось слово молоко.,no_existing_candidate_backed_pattern,9,False,"[""dictionary_fuzzy"", ""frequent_error_exact""]"
dictionary_fuzzy,Эксперт заметил ошибку в слове сабака в записи хж.,Эксперт заметил ошибку в слове собака в записи хж.,no_existing_candidate_backed_pattern,12,False,"[""frequent_error_exact"", ""keyboard_typo_candidate"", ""missing_letter_candidate""]"
dictionary_fuzzy,В письме цж была фраза со словом територия.,В письме цж была фраза со словом территория.,no_existing_candidate_backed_pattern,10,False,"[""dictionary_fuzzy"", ""double_consonant_candidate""]"
dictionary_fuzzy,Корректор проверил написание слова карова в файле шж.,Корректор проверил написание слова корова в файле шж.,no_existing_candidate_backed_pattern,11,False,"[""frequent_error_exact"", ""keyboard_typo_candidate""]"
dictionary_fuzzy,Редактор исправил слово малако в документе щж.,Редактор исправил слово молоко в документе щж.,no_existing_candidate_backed_pattern,10,False,"[""dictionary_fuzzy"", ""frequent_error_exact""]"
dictionary_fuzzy,В отчете эж встретилось слово сабака.,В отчете эж встретилось слово собака.,no_existing_candidate_backed_pattern,9,False,"[""frequent_error_exact"", ""keyboard_typo_candidate"", ""missing_letter_candidate""]"
dictionary_fuzzy,Эксперт заметил ошибку в слове територия в записи юж.,Эксперт заметил ошибку в слове территория в записи юж.,no_existing_candidate_backed_pattern,11,False,"[""dictionary_fuzzy"", ""double_consonant_candidate""]"
dictionary_fuzzy,В заявлении аз указали слово карова.,В заявлении аз указали слово корова.,no_existing_candidate_backed_pattern,9,False,"[""frequent_error_exact"", ""keyboard_typo_candidate""]"
dictionary_fuzzy,Корректор проверил написание слова малако в файле бз.,Корректор проверил написание слова молоко в файле бз.,no_existing_candidate_backed_pattern,11,False,"[""dictionary_fuzzy"", ""frequent_error_exact""]"
dictionary_fuzzy,Редактор исправил слово сабака в документе вз.,Редактор исправил слово собака в документе вз.,no_existing_candidate_backed_pattern,10,False,"[""frequent_error_exact"", ""keyboard_typo_candidate"", ""missing_letter_candidate""]"
dictionary_fuzzy,В отчете гз встретилось слово територия.,В отчете гз встретилось слово территория.,no_existing_candidate_backed_pattern,8,False,"[""dictionary_fuzzy"", ""double_consonant_candidate""]"
dictionary_fuzzy,В письме ез была фраза со словом карова.,В письме ез была фраза со словом корова.,no_existing_candidate_backed_pattern,11,False,"[""frequent_error_exact"", ""keyboard_typo_candidate""]"
dictionary_fuzzy,В заявлении жз указали слово малако.,В заявлении жз указали слово молоко.,no_existing_candidate_backed_pattern,9,False,"[""dictionary_fuzzy"", ""frequent_error_exact""]"
dictionary_fuzzy,Корректор проверил написание слова сабака в файле зз.,Корректор проверил написание слова собака в файле зз.,no_existing_candidate_backed_pattern,11,False,"[""frequent_error_exact"", ""keyboard_typo_candidate"", ""missing_letter_candidate""]"
dictionary_fuzzy,Редактор исправил слово територия в документе из.,Редактор исправил слово территория в документе из.,no_existing_candidate_backed_pattern,9,False,"[""dictionary_fuzzy"", ""double_consonant_candidate""]"
dictionary_fuzzy,Эксперт заметил ошибку в слове карова в записи лз.,Эксперт заметил ошибку в слове корова в записи лз.,no_existing_candidate_backed_pattern,12,False,"[""frequent_error_exact"", ""keyboard_typo_candidate""]"
dictionary_fuzzy,В письме мз была фраза со словом малако.,В письме мз была фраза со словом молоко.,no_existing_candidate_backed_pattern,11,False,"[""dictionary_fuzzy"", ""frequent_error_exact""]"
dictionary_fuzzy,В заявлении нз указали слово сабака.,В заявлении нз указали слово собака.,no_existing_candidate_backed_pattern,9,False,"[""frequent_error_exact"", ""keyboard_typo_candidate"", ""missing_letter_candidate""]"
dictionary_fuzzy,Корректор проверил написание слова територия в файле оз.,Корректор проверил написание слова территория в файле оз.,no_existing_candidate_backed_pattern,10,False,"[""dictionary_fuzzy"", ""double_consonant_candidate""]"
dictionary_fuzzy,В отчете рз встретилось слово карова.,В отчете рз встретилось слово корова.,no_existing_candidate_backed_pattern,9,False,"[""frequent_error_exact"", ""keyboard_typo_candidate""]"
dictionary_fuzzy,Эксперт заметил ошибку в слове малако в записи сз.,Эксперт заметил ошибку в слове молоко в записи сз.,no_existing_candidate_backed_pattern,12,False,"[""dictionary_fuzzy"", ""frequent_error_exact""]"
dictionary_fuzzy,В письме тз была фраза со словом сабака.,В письме тз была фраза со словом собака.,no_existing_candidate_backed_pattern,11,False,"[""frequent_error_exact"", ""keyboard_typo_candidate"", ""missing_letter_candidate""]"
dictionary_fuzzy,В заявлении уз указали слово територия.,В заявлении уз указали слово территория.,no_existing_candidate_backed_pattern,8,False,"[""dictionary_fuzzy"", ""double_consonant_candidate""]"
dictionary_fuzzy,Редактор исправил слово карова в документе хз.,Редактор исправил слово корова в документе хз.,no_existing_candidate_backed_pattern,10,False,"[""frequent_error_exact"", ""keyboard_typo_candidate""]"
dictionary_fuzzy,В отчете цз встретилось слово малако.,В отчете цз встретилось слово молоко.,no_existing_candidate_backed_pattern,9,False,"[""dictionary_fuzzy"", ""frequent_error_exact""]"
dictionary_fuzzy,Эксперт заметил ошибку в слове сабака в записи чз.,Эксперт заметил ошибку в слове собака в записи чз.,no_existing_candidate_backed_pattern,12,False,"[""frequent_error_exact"", ""keyboard_typo_candidate"", ""missing_letter_candidate""]"
dictionary_fuzzy,В письме шз была фраза со словом територия.,В письме шз была фраза со словом территория.,no_existing_candidate_backed_pattern,10,False,"[""dictionary_fuzzy"", ""double_consonant_candidate""]"
dictionary_fuzzy,Корректор проверил написание слова карова в файле эз.,Корректор проверил написание слова корова в файле эз.,no_existing_candidate_backed_pattern,11,False,"[""frequent_error_exact"", ""keyboard_typo_candidate""]"
dictionary_fuzzy,Редактор исправил слово малако в документе юз.,Редактор исправил слово молоко в документе юз.,no_existing_candidate_backed_pattern,10,False,"[""dictionary_fuzzy"", ""frequent_error_exact""]"
dictionary_fuzzy,В отчете яз встретилось слово сабака.,В отчете яз встретилось слово собака.,no_existing_candidate_backed_pattern,9,False,"[""frequent_error_exact"", ""keyboard_typo_candidate"", ""missing_letter_candidate""]"
dictionary_fuzzy,Эксперт заметил ошибку в слове територия в записи аи.,Эксперт заметил ошибку в слове территория в записи аи.,no_existing_candidate_backed_pattern,11,False,"[""dictionary_fuzzy"", ""double_consonant_candidate""]"
dictionary_fuzzy,В заявлении ви указали слово карова.,В заявлении ви указали слово корова.,no_existing_candidate_backed_pattern,9,False,"[""frequent_error_exact"", ""keyboard_typo_candidate""]"
dictionary_fuzzy,Корректор проверил написание слова малако в файле ги.,Корректор проверил написание слова молоко в файле ги.,no_existing_candidate_backed_pattern,11,False,"[""dictionary_fuzzy"", ""frequent_error_exact""]"
dictionary_fuzzy,Редактор исправил слово сабака в документе ди.,Редактор исправил слово собака в документе ди.,no_existing_candidate_backed_pattern,10,False,"[""frequent_error_exact"", ""keyboard_typo_candidate"", ""missing_letter_candidate""]"
dictionary_fuzzy,В отчете еи встретилось слово територия.,В отчете еи встретилось слово территория.,no_existing_candidate_backed_pattern,8,False,"[""dictionary_fuzzy"", ""double_consonant_candidate""]"
dictionary_fuzzy,В письме зи была фраза со словом карова.,В письме зи была фраза со словом корова.,no_existing_candidate_backed_pattern,11,False,"[""frequent_error_exact"", ""keyboard_typo_candidate""]"
dictionary_fuzzy,В заявлении ии указали слово малако.,В заявлении ии указали слово молоко.,no_existing_candidate_backed_pattern,9,False,"[""dictionary_fuzzy"", ""frequent_error_exact""]"
dictionary_fuzzy,Корректор проверил написание слова сабака в файле ки.,Корректор проверил написание слова собака в файле ки.,no_existing_candidate_backed_pattern,11,False,"[""frequent_error_exact"", ""keyboard_typo_candidate"", ""missing_letter_candidate""]"
dictionary_fuzzy,Редактор исправил слово територия в документе ли.,Редактор исправил слово территория в документе ли.,no_existing_candidate_backed_pattern,9,False,"[""dictionary_fuzzy"", ""double_consonant_candidate""]"
dictionary_fuzzy,Эксперт заметил ошибку в слове карова в записи ни.,Эксперт заметил ошибку в слове корова в записи ни.,no_existing_candidate_backed_pattern,12,False,"[""frequent_error_exact"", ""keyboard_typo_candidate""]"
dictionary_fuzzy,В письме ои была фраза со словом малако.,В письме ои была фраза со словом молоко.,no_existing_candidate_backed_pattern,11,False,"[""dictionary_fuzzy"", ""frequent_error_exact""]"
dictionary_fuzzy,В заявлении пи указали слово сабака.,В заявлении пи указали слово собака.,no_existing_candidate_backed_pattern,9,False,"[""frequent_error_exact"", ""keyboard_typo_candidate"", ""missing_letter_candidate""]"
dictionary_fuzzy,Корректор проверил написание слова територия в файле ри.,Корректор проверил написание слова территория в файле ри.,no_existing_candidate_backed_pattern,10,False,"[""dictionary_fuzzy"", ""double_consonant_candidate""]"
dictionary_fuzzy,В отчете ти встретилось слово карова.,В отчете ти встретилось слово корова.,no_existing_candidate_backed_pattern,9,False,"[""frequent_error_exact"", ""keyboard_typo_candidate""]"
dictionary_fuzzy,Эксперт заметил ошибку в слове малако в записи уи.,Эксперт заметил ошибку в слове молоко в записи уи.,no_existing_candidate_backed_pattern,12,False,"[""dictionary_fuzzy"", ""frequent_error_exact""]"
dictionary_fuzzy,В письме фи была фраза со словом сабака.,В письме фи была фраза со словом собака.,no_existing_candidate_backed_pattern,11,False,"[""frequent_error_exact"", ""keyboard_typo_candidate"", ""missing_letter_candidate""]"
dictionary_fuzzy,В заявлении хи указали слово територия.,В заявлении хи указали слово территория.,no_existing_candidate_backed_pattern,8,False,"[""dictionary_fuzzy"", ""double_consonant_candidate""]"
dictionary_fuzzy,Редактор исправил слово карова в документе чи.,Редактор исправил слово корова в документе чи.,no_existing_candidate_backed_pattern,10,False,"[""frequent_error_exact"", ""keyboard_typo_candidate""]"
dictionary_fuzzy,В отчете ши встретилось слово малако.,В отчете ши встретилось слово молоко.,no_existing_candidate_backed_pattern,9,False,"[""dictionary_fuzzy"", ""frequent_error_exact""]"
dictionary_fuzzy,Эксперт заметил ошибку в слове сабака в записи щи.,Эксперт заметил ошибку в слове собака в записи щи.,no_existing_candidate_backed_pattern,12,False,"[""frequent_error_exact"", ""keyboard_typo_candidate"", ""missing_letter_candidate""]"
dictionary_fuzzy,В письме эи была фраза со словом територия.,В письме эи была фраза со словом территория.,no_existing_candidate_backed_pattern,10,False,"[""dictionary_fuzzy"", ""double_consonant_candidate""]"
dictionary_fuzzy,Корректор проверил написание слова карова в файле яи.,Корректор проверил написание слова корова в файле яи.,no_existing_candidate_backed_pattern,11,False,"[""frequent_error_exact"", ""keyboard_typo_candidate""]"
dictionary_fuzzy,Редактор исправил слово малако в документе ак.,Редактор исправил слово молоко в документе ак.,no_existing_candidate_backed_pattern,10,False,"[""dictionary_fuzzy"", ""frequent_error_exact""]"
dictionary_fuzzy,В отчете бк встретилось слово сабака.,В отчете бк встретилось слово собака.,no_existing_candidate_backed_pattern,9,False,"[""frequent_error_exact"", ""keyboard_typo_candidate"", ""missing_letter_candidate""]"
dictionary_fuzzy,Эксперт заметил ошибку в слове територия в записи вк.,Эксперт заметил ошибку в слове территория в записи вк.,no_existing_candidate_backed_pattern,11,False,"[""dictionary_fuzzy"", ""double_consonant_candidate""]"
dictionary_fuzzy,В заявлении дк указали слово карова.,В заявлении дк указали слово корова.,no_existing_candidate_backed_pattern,9,False,"[""frequent_error_exact"", ""keyboard_typo_candidate""]"
dictionary_fuzzy,Корректор проверил написание слова малако в файле ек.,Корректор проверил написание слова молоко в файле ек.,no_existing_candidate_backed_pattern,11,False,"[""dictionary_fuzzy"", ""frequent_error_exact""]"
dictionary_fuzzy,Редактор исправил слово сабака в документе жк.,Редактор исправил слово собака в документе жк.,no_existing_candidate_backed_pattern,10,False,"[""frequent_error_exact"", ""keyboard_typo_candidate"", ""missing_letter_candidate""]"
dictionary_fuzzy,В отчете зк встретилось слово територия.,В отчете зк встретилось слово территория.,no_existing_candidate_backed_pattern,8,False,"[""dictionary_fuzzy"", ""double_consonant_candidate""]"
dictionary_fuzzy,В письме кк была фраза со словом карова.,В письме кк была фраза со словом корова.,no_existing_candidate_backed_pattern,11,False,"[""frequent_error_exact"", ""keyboard_typo_candidate""]"
dictionary_fuzzy,В заявлении лк указали слово малако.,В заявлении лк указали слово молоко.,no_existing_candidate_backed_pattern,9,False,"[""dictionary_fuzzy"", ""frequent_error_exact""]"
dictionary_fuzzy,Корректор проверил написание слова сабака в файле мк.,Корректор проверил написание слова собака в файле мк.,no_existing_candidate_backed_pattern,11,False,"[""frequent_error_exact"", ""keyboard_typo_candidate"", ""missing_letter_candidate""]"
dictionary_fuzzy,Редактор исправил слово територия в документе нк.,Редактор исправил слово территория в документе нк.,no_existing_candidate_backed_pattern,9,False,"[""dictionary_fuzzy"", ""double_consonant_candidate""]"
dictionary_fuzzy,Эксперт заметил ошибку в слове карова в записи пк.,Эксперт заметил ошибку в слове корова в записи пк.,no_existing_candidate_backed_pattern,12,False,"[""frequent_error_exact"", ""keyboard_typo_candidate""]"
dictionary_fuzzy,В письме рк была фраза со словом малако.,В письме рк была фраза со словом молоко.,no_existing_candidate_backed_pattern,11,False,"[""dictionary_fuzzy"", ""frequent_error_exact""]"
dictionary_fuzzy,В заявлении ск указали слово сабака.,В заявлении ск указали слово собака.,no_existing_candidate_backed_pattern,9,False,"[""frequent_error_exact"", ""keyboard_typo_candidate"", ""missing_letter_candidate""]"
dictionary_fuzzy,Корректор проверил написание слова територия в файле тк.,Корректор проверил написание слова территория в файле тк.,no_existing_candidate_backed_pattern,10,False,"[""dictionary_fuzzy"", ""double_consonant_candidate""]"
dictionary_fuzzy,В отчете фк встретилось слово карова.,В отчете фк встретилось слово корова.,no_existing_candidate_backed_pattern,9,False,"[""frequent_error_exact"", ""keyboard_typo_candidate""]"
dictionary_fuzzy,Эксперт заметил ошибку в слове малако в записи хк.,Эксперт заметил ошибку в слове молоко в записи хк.,no_existing_candidate_backed_pattern,12,False,"[""dictionary_fuzzy"", ""frequent_error_exact""]"
dictionary_fuzzy,В письме цк была фраза со словом сабака.,В письме цк была фраза со словом собака.,no_existing_candidate_backed_pattern,11,False,"[""frequent_error_exact"", ""keyboard_typo_candidate"", ""missing_letter_candidate""]"
dictionary_fuzzy,В заявлении чк указали слово територия.,В заявлении чк указали слово территория.,no_existing_candidate_backed_pattern,8,False,"[""dictionary_fuzzy"", ""double_consonant_candidate""]"
dictionary_fuzzy,Редактор исправил слово карова в документе щк.,Редактор исправил слово корова в документе щк.,no_existing_candidate_backed_pattern,10,False,"[""frequent_error_exact"", ""keyboard_typo_candidate""]"
dictionary_fuzzy,В отчете эк встретилось слово малако.,В отчете эк встретилось слово молоко.,no_existing_candidate_backed_pattern,9,False,"[""dictionary_fuzzy"", ""frequent_error_exact""]"
dictionary_fuzzy,Эксперт заметил ошибку в слове сабака в записи юк.,Эксперт заметил ошибку в слове собака в записи юк.,no_existing_candidate_backed_pattern,12,False,"[""frequent_error_exact"", ""keyboard_typo_candidate"", ""missing_letter_candidate""]"
dictionary_fuzzy,В письме як была фраза со словом територия.,В письме як была фраза со словом территория.,no_existing_candidate_backed_pattern,10,False,"[""dictionary_fuzzy"", ""double_consonant_candidate""]"
dictionary_fuzzy,Корректор проверил написание слова карова в файле бл.,Корректор проверил написание слова корова в файле бл.,no_existing_candidate_backed_pattern,11,False,"[""frequent_error_exact"", ""keyboard_typo_candidate""]"
dictionary_fuzzy,Редактор исправил слово малако в документе вл.,Редактор исправил слово молоко в документе вл.,no_existing_candidate_backed_pattern,10,False,"[""dictionary_fuzzy"", ""frequent_error_exact""]"
dictionary_fuzzy,В отчете гл встретилось слово сабака.,В отчете гл встретилось слово собака.,no_existing_candidate_backed_pattern,9,False,"[""frequent_error_exact"", ""keyboard_typo_candidate"", ""missing_letter_candidate""]"
dictionary_fuzzy,Эксперт заметил ошибку в слове територия в записи дл.,Эксперт заметил ошибку в слове территория в записи дл.,no_existing_candidate_backed_pattern,11,False,"[""dictionary_fuzzy"", ""double_consonant_candidate""]"
dictionary_fuzzy,В заявлении жл указали слово карова.,В заявлении жл указали слово корова.,no_existing_candidate_backed_pattern,9,False,"[""frequent_error_exact"", ""keyboard_typo_candidate""]"
dictionary_fuzzy,Корректор проверил написание слова малако в файле зл.,Корректор проверил написание слова молоко в файле зл.,no_existing_candidate_backed_pattern,11,False,"[""dictionary_fuzzy"", ""frequent_error_exact""]"
dictionary_fuzzy,Редактор исправил слово сабака в документе ил.,Редактор исправил слово собака в документе ил.,no_existing_candidate_backed_pattern,10,False,"[""frequent_error_exact"", ""keyboard_typo_candidate"", ""missing_letter_candidate""]"
dictionary_fuzzy,В отчете кл встретилось слово територия.,В отчете кл встретилось слово территория.,no_existing_candidate_backed_pattern,8,False,"[""dictionary_fuzzy"", ""double_consonant_candidate""]"
dictionary_fuzzy,В письме мл была фраза со словом карова.,В письме мл была фраза со словом корова.,no_existing_candidate_backed_pattern,11,False,"[""frequent_error_exact"", ""keyboard_typo_candidate""]"
dictionary_fuzzy,В заявлении нл указали слово малако.,В заявлении нл указали слово молоко.,no_existing_candidate_backed_pattern,9,False,"[""dictionary_fuzzy"", ""frequent_error_exact""]"
dictionary_fuzzy,Корректор проверил написание слова сабака в файле ол.,Корректор проверил написание слова собака в файле ол.,no_existing_candidate_backed_pattern,11,False,"[""frequent_error_exact"", ""keyboard_typo_candidate"", ""missing_letter_candidate""]"
dictionary_fuzzy,Редактор исправил слово територия в документе пл.,Редактор исправил слово территория в документе пл.,no_existing_candidate_backed_pattern,9,False,"[""dictionary_fuzzy"", ""double_consonant_candidate""]"
dictionary_fuzzy,Эксперт заметил ошибку в слове карова в записи сл.,Эксперт заметил ошибку в слове корова в записи сл.,no_existing_candidate_backed_pattern,12,False,"[""frequent_error_exact"", ""keyboard_typo_candidate""]"
dictionary_fuzzy,В письме тл была фраза со словом малако.,В письме тл была фраза со словом молоко.,no_existing_candidate_backed_pattern,11,False,"[""dictionary_fuzzy"", ""frequent_error_exact""]"
dictionary_fuzzy,В заявлении ул указали слово сабака.,В заявлении ул указали слово собака.,no_existing_candidate_backed_pattern,9,False,"[""frequent_error_exact"", ""keyboard_typo_candidate"", ""missing_letter_candidate""]"
dictionary_fuzzy,Корректор проверил написание слова територия в файле фл.,Корректор проверил написание слова территория в файле фл.,no_existing_candidate_backed_pattern,10,False,"[""dictionary_fuzzy"", ""double_consonant_candidate""]"
dictionary_fuzzy,В отчете цл встретилось слово карова.,В отчете цл встретилось слово корова.,no_existing_candidate_backed_pattern,9,False,"[""frequent_error_exact"", ""keyboard_typo_candidate""]"
dictionary_fuzzy,Эксперт заметил ошибку в слове малако в записи чл.,Эксперт заметил ошибку в слове молоко в записи чл.,no_existing_candidate_backed_pattern,12,False,"[""dictionary_fuzzy"", ""frequent_error_exact""]"
dictionary_fuzzy,В письме шл была фраза со словом сабака.,В письме шл была фраза со словом собака.,no_existing_candidate_backed_pattern,11,False,"[""frequent_error_exact"", ""keyboard_typo_candidate"", ""missing_letter_candidate""]"
dictionary_fuzzy,В заявлении щл указали слово територия.,В заявлении щл указали слово территория.,no_existing_candidate_backed_pattern,8,False,"[""dictionary_fuzzy"", ""double_consonant_candidate""]"
dictionary_fuzzy,Редактор исправил слово карова в документе юл.,Редактор исправил слово корова в документе юл.,no_existing_candidate_backed_pattern,10,False,"[""frequent_error_exact"", ""keyboard_typo_candidate""]"
dictionary_fuzzy,В отчете ял встретилось слово малако.,В отчете ял встретилось слово молоко.,no_existing_candidate_backed_pattern,9,False,"[""dictionary_fuzzy"", ""frequent_error_exact""]"
dictionary_fuzzy,Эксперт заметил ошибку в слове сабака в записи ам.,Эксперт заметил ошибку в слове собака в записи ам.,no_existing_candidate_backed_pattern,12,False,"[""frequent_error_exact"", ""keyboard_typo_candidate"", ""missing_letter_candidate""]"
dictionary_fuzzy,В письме бм была фраза со словом територия.,В письме бм была фраза со словом территория.,no_existing_candidate_backed_pattern,10,False,"[""dictionary_fuzzy"", ""double_consonant_candidate""]"
dictionary_fuzzy,Корректор проверил написание слова карова в файле гм.,Корректор проверил написание слова корова в файле гм.,no_existing_candidate_backed_pattern,11,False,"[""frequent_error_exact"", ""keyboard_typo_candidate""]"
dictionary_fuzzy,Редактор исправил слово малако в документе дм.,Редактор исправил слово молоко в документе дм.,no_existing_candidate_backed_pattern,10,False,"[""dictionary_fuzzy"", ""frequent_error_exact""]"
dictionary_fuzzy,В отчете ем встретилось слово сабака.,В отчете ем встретилось слово собака.,no_existing_candidate_backed_pattern,9,False,"[""frequent_error_exact"", ""keyboard_typo_candidate"", ""missing_letter_candidate""]"
dictionary_fuzzy,Эксперт заметил ошибку в слове територия в записи жм.,Эксперт заметил ошибку в слове территория в записи жм.,no_existing_candidate_backed_pattern,11,False,"[""dictionary_fuzzy"", ""double_consonant_candidate""]"
dictionary_fuzzy,В заявлении им указали слово карова.,В заявлении им указали слово корова.,no_existing_candidate_backed_pattern,9,False,"[""frequent_error_exact"", ""keyboard_typo_candidate""]"
dictionary_fuzzy,Корректор проверил написание слова малако в файле км.,Корректор проверил написание слова молоко в файле км.,no_existing_candidate_backed_pattern,11,False,"[""dictionary_fuzzy"", ""frequent_error_exact""]"
dictionary_fuzzy,Редактор исправил слово сабака в документе лм.,Редактор исправил слово собака в документе лм.,no_existing_candidate_backed_pattern,10,False,"[""frequent_error_exact"", ""keyboard_typo_candidate"", ""missing_letter_candidate""]"
dictionary_fuzzy,В отчете мм встретилось слово територия.,В отчете мм встретилось слово территория.,no_existing_candidate_backed_pattern,8,False,"[""dictionary_fuzzy"", ""double_consonant_candidate""]"
dictionary_fuzzy,В письме ом была фраза со словом карова.,В письме ом была фраза со словом корова.,no_existing_candidate_backed_pattern,11,False,"[""frequent_error_exact"", ""keyboard_typo_candidate""]"
dictionary_fuzzy,В заявлении пм указали слово малако.,В заявлении пм указали слово молоко.,no_existing_candidate_backed_pattern,9,False,"[""dictionary_fuzzy"", ""frequent_error_exact""]"
dictionary_fuzzy,Корректор проверил написание слова сабака в файле рм.,Корректор проверил написание слова собака в файле рм.,no_existing_candidate_backed_pattern,11,False,"[""frequent_error_exact"", ""keyboard_typo_candidate"", ""missing_letter_candidate""]"
dictionary_fuzzy,Редактор исправил слово територия в документе см.,Редактор исправил слово территория в документе см.,protected_span,9,True,"[""dictionary_fuzzy"", ""double_consonant_candidate""]"
dictionary_fuzzy,Эксперт заметил ошибку в слове карова в записи ум.,Эксперт заметил ошибку в слове корова в записи ум.,no_existing_candidate_backed_pattern,12,False,"[""frequent_error_exact"", ""keyboard_typo_candidate""]"
dictionary_fuzzy,В письме фм была фраза со словом малако.,В письме фм была фраза со словом молоко.,no_existing_candidate_backed_pattern,11,False,"[""dictionary_fuzzy"", ""frequent_error_exact""]"
dictionary_fuzzy,В заявлении хм указали слово сабака.,В заявлении хм указали слово собака.,no_existing_candidate_backed_pattern,9,False,"[""frequent_error_exact"", ""keyboard_typo_candidate"", ""missing_letter_candidate""]"
dictionary_fuzzy,Корректор проверил написание слова територия в файле цм.,Корректор проверил написание слова территория в файле цм.,no_existing_candidate_backed_pattern,10,False,"[""dictionary_fuzzy"", ""double_consonant_candidate""]"
dictionary_fuzzy,В отчете шм встретилось слово карова.,В отчете шм встретилось слово корова.,no_existing_candidate_backed_pattern,9,False,"[""frequent_error_exact"", ""keyboard_typo_candidate""]"
dictionary_fuzzy,Эксперт заметил ошибку в слове малако в записи щм.,Эксперт заметил ошибку в слове молоко в записи щм.,no_existing_candidate_backed_pattern,12,False,"[""dictionary_fuzzy"", ""frequent_error_exact""]"
dictionary_fuzzy,В письме эм была фраза со словом сабака.,В письме эм была фраза со словом собака.,no_existing_candidate_backed_pattern,11,False,"[""frequent_error_exact"", ""keyboard_typo_candidate"", ""missing_letter_candidate""]"
dictionary_fuzzy,В заявлении юм указали слово територия.,В заявлении юм указали слово территория.,no_existing_candidate_backed_pattern,8,False,"[""dictionary_fuzzy"", ""double_consonant_candidate""]"
dictionary_fuzzy,Редактор исправил слово карова в документе ан.,Редактор исправил слово корова в документе ан.,no_existing_candidate_backed_pattern,10,False,"[""frequent_error_exact"", ""keyboard_typo_candidate""]"
dictionary_fuzzy,В отчете бн встретилось слово малако.,В отчете бн встретилось слово молоко.,no_existing_candidate_backed_pattern,9,False,"[""dictionary_fuzzy"", ""frequent_error_exact""]"
dictionary_fuzzy,Эксперт заметил ошибку в слове сабака в записи вн.,Эксперт заметил ошибку в слове собака в записи вн.,no_existing_candidate_backed_pattern,12,False,"[""frequent_error_exact"", ""keyboard_typo_candidate"", ""missing_letter_candidate""]"
dictionary_fuzzy,В письме гн была фраза со словом територия.,В письме гн была фраза со словом территория.,no_existing_candidate_backed_pattern,10,False,"[""dictionary_fuzzy"", ""double_consonant_candidate""]"
dictionary_fuzzy,Корректор проверил написание слова карова в файле ен.,Корректор проверил написание слова корова в файле ен.,no_existing_candidate_backed_pattern,11,False,"[""frequent_error_exact"", ""keyboard_typo_candidate""]"
dictionary_fuzzy,Редактор исправил слово малако в документе жн.,Редактор исправил слово молоко в документе жн.,no_existing_candidate_backed_pattern,10,False,"[""dictionary_fuzzy"", ""frequent_error_exact""]"
dictionary_fuzzy,В отчете зн встретилось слово сабака.,В отчете зн встретилось слово собака.,no_existing_candidate_backed_pattern,9,False,"[""frequent_error_exact"", ""keyboard_typo_candidate"", ""missing_letter_candidate""]"
dictionary_fuzzy,Эксперт заметил ошибку в слове територия в записи ин.,Эксперт заметил ошибку в слове территория в записи ин.,no_existing_candidate_backed_pattern,11,False,"[""dictionary_fuzzy"", ""double_consonant_candidate""]"
dictionary_fuzzy,В заявлении лн указали слово карова.,В заявлении лн указали слово корова.,no_existing_candidate_backed_pattern,9,False,"[""frequent_error_exact"", ""keyboard_typo_candidate""]"
dictionary_fuzzy,Корректор проверил написание слова малако в файле мн.,Корректор проверил написание слова молоко в файле мн.,no_existing_candidate_backed_pattern,11,False,"[""dictionary_fuzzy"", ""frequent_error_exact""]"
dictionary_fuzzy,Редактор исправил слово сабака в документе нн.,Редактор исправил слово собака в документе нн.,no_existing_candidate_backed_pattern,11,False,"[""frequent_error_exact"", ""keyboard_typo_candidate"", ""missing_letter_candidate"", ""n_nn_adjective""]"
dictionary_fuzzy,В отчете он встретилось слово територия.,В отчете он встретилось слово территория.,no_existing_candidate_backed_pattern,8,False,"[""dictionary_fuzzy"", ""double_consonant_candidate""]"
dictionary_fuzzy,В письме рн была фраза со словом карова.,В письме рн была фраза со словом корова.,no_existing_candidate_backed_pattern,11,False,"[""frequent_error_exact"", ""keyboard_typo_candidate""]"
dictionary_fuzzy,В заявлении сн указали слово малако.,В заявлении сн указали слово молоко.,no_existing_candidate_backed_pattern,9,False,"[""dictionary_fuzzy"", ""frequent_error_exact""]"
dictionary_fuzzy,Корректор проверил написание слова сабака в файле тн.,Корректор проверил написание слова собака в файле тн.,no_existing_candidate_backed_pattern,11,False,"[""frequent_error_exact"", ""keyboard_typo_candidate"", ""missing_letter_candidate""]"
dictionary_fuzzy,Редактор исправил слово територия в документе ун.,Редактор исправил слово территория в документе ун.,no_existing_candidate_backed_pattern,9,False,"[""dictionary_fuzzy"", ""double_consonant_candidate""]"
dictionary_fuzzy,Эксперт заметил ошибку в слове карова в записи хн.,Эксперт заметил ошибку в слове корова в записи хн.,no_existing_candidate_backed_pattern,12,False,"[""frequent_error_exact"", ""keyboard_typo_candidate""]"
dictionary_fuzzy,В письме цн была фраза со словом малако.,В письме цн была фраза со словом молоко.,no_existing_candidate_backed_pattern,11,False,"[""dictionary_fuzzy"", ""frequent_error_exact""]"
dictionary_fuzzy,В заявлении чн указали слово сабака.,В заявлении чн указали слово собака.,no_existing_candidate_backed_pattern,9,False,"[""frequent_error_exact"", ""keyboard_typo_candidate"", ""missing_letter_candidate""]"
dictionary_fuzzy,Корректор проверил написание слова територия в файле шн.,Корректор проверил написание слова территория в файле шн.,no_existing_candidate_backed_pattern,10,False,"[""dictionary_fuzzy"", ""double_consonant_candidate""]"
dictionary_fuzzy,В отчете эн встретилось слово карова.,В отчете эн встретилось слово корова.,no_existing_candidate_backed_pattern,9,False,"[""frequent_error_exact"", ""keyboard_typo_candidate""]"
dictionary_fuzzy,Эксперт заметил ошибку в слове малако в записи юн.,Эксперт заметил ошибку в слове молоко в записи юн.,no_existing_candidate_backed_pattern,12,False,"[""dictionary_fuzzy"", ""frequent_error_exact""]"
dictionary_fuzzy,В письме ян была фраза со словом сабака.,В письме ян была фраза со словом собака.,no_existing_candidate_backed_pattern,11,False,"[""frequent_error_exact"", ""keyboard_typo_candidate"", ""missing_letter_candidate""]"
dictionary_fuzzy,В заявлении ао указали слово територия.,В заявлении ао указали слово территория.,no_existing_candidate_backed_pattern,9,False,"[""abbreviation_case_protection"", ""dictionary_fuzzy"", ""double_consonant_candidate""]"
dictionary_fuzzy,Редактор исправил слово карова в документе во.,Редактор исправил слово корова в документе во.,no_existing_candidate_backed_pattern,10,False,"[""frequent_error_exact"", ""keyboard_typo_candidate""]"
dictionary_fuzzy,В отчете го встретилось слово малако.,В отчете го встретилось слово молоко.,no_existing_candidate_backed_pattern,9,False,"[""dictionary_fuzzy"", ""frequent_error_exact""]"
dictionary_fuzzy,Эксперт заметил ошибку в слове сабака в записи до.,Эксперт заметил ошибку в слове собака в записи до.,no_existing_candidate_backed_pattern,12,False,"[""frequent_error_exact"", ""keyboard_typo_candidate"", ""missing_letter_candidate""]"
dictionary_fuzzy,В письме ео была фраза со словом територия.,В письме ео была фраза со словом территория.,no_existing_candidate_backed_pattern,10,False,"[""dictionary_fuzzy"", ""double_consonant_candidate""]"
dictionary_fuzzy,Корректор проверил написание слова карова в файле зо.,Корректор проверил написание слова корова в файле зо.,no_existing_candidate_backed_pattern,11,False,"[""frequent_error_exact"", ""keyboard_typo_candidate""]"
dictionary_fuzzy,Редактор исправил слово малако в документе ио.,Редактор исправил слово молоко в документе ио.,no_existing_candidate_backed_pattern,10,False,"[""dictionary_fuzzy"", ""frequent_error_exact""]"
dictionary_fuzzy,В отчете ко встретилось слово сабака.,В отчете ко встретилось слово собака.,no_existing_candidate_backed_pattern,9,False,"[""frequent_error_exact"", ""keyboard_typo_candidate"", ""missing_letter_candidate""]"
dictionary_fuzzy,Эксперт заметил ошибку в слове територия в записи ло.,Эксперт заметил ошибку в слове территория в записи ло.,no_existing_candidate_backed_pattern,11,False,"[""dictionary_fuzzy"", ""double_consonant_candidate""]"
dictionary_fuzzy,В заявлении но указали слово карова.,В заявлении но указали слово корова.,no_existing_candidate_backed_pattern,10,False,"[""comma_conjunction"", ""frequent_error_exact"", ""keyboard_typo_candidate""]"
dictionary_fuzzy,Корректор проверил написание слова малако в файле оо.,Корректор проверил написание слова молоко в файле оо.,no_existing_candidate_backed_pattern,11,False,"[""dictionary_fuzzy"", ""frequent_error_exact""]"
dictionary_fuzzy,Редактор исправил слово сабака в документе по.,Редактор исправил слово собака в документе по.,no_existing_candidate_backed_pattern,10,False,"[""frequent_error_exact"", ""keyboard_typo_candidate"", ""missing_letter_candidate""]"
dictionary_fuzzy,В отчете ро встретилось слово територия.,В отчете ро встретилось слово территория.,no_existing_candidate_backed_pattern,8,False,"[""dictionary_fuzzy"", ""double_consonant_candidate""]"
dictionary_fuzzy,В письме то была фраза со словом карова.,В письме то была фраза со словом корова.,no_existing_candidate_backed_pattern,11,False,"[""frequent_error_exact"", ""keyboard_typo_candidate""]"
dictionary_fuzzy,В заявлении уо указали слово малако.,В заявлении уо указали слово молоко.,no_existing_candidate_backed_pattern,9,False,"[""dictionary_fuzzy"", ""frequent_error_exact""]"
dictionary_fuzzy,Корректор проверил написание слова сабака в файле фо.,Корректор проверил написание слова собака в файле фо.,no_existing_candidate_backed_pattern,11,False,"[""frequent_error_exact"", ""keyboard_typo_candidate"", ""missing_letter_candidate""]"
dictionary_fuzzy,Редактор исправил слово територия в документе хо.,Редактор исправил слово территория в документе хо.,no_existing_candidate_backed_pattern,9,False,"[""dictionary_fuzzy"", ""double_consonant_candidate""]"
dictionary_fuzzy,Эксперт заметил ошибку в слове карова в записи чо.,Эксперт заметил ошибку в слове корова в записи чо.,no_existing_candidate_backed_pattern,13,False,"[""frequent_error_exact"", ""keyboard_typo_candidate"", ""pattern_чо_че""]"
dictionary_fuzzy,В письме шо была фраза со словом малако.,В письме шо была фраза со словом молоко.,no_existing_candidate_backed_pattern,11,False,"[""dictionary_fuzzy"", ""frequent_error_exact""]"
dictionary_fuzzy,В заявлении що указали слово сабака.,В заявлении що указали слово собака.,no_existing_candidate_backed_pattern,9,False,"[""frequent_error_exact"", ""keyboard_typo_candidate"", ""missing_letter_candidate""]"
dictionary_fuzzy,Корректор проверил написание слова територия в файле эо.,Корректор проверил написание слова территория в файле эо.,no_existing_candidate_backed_pattern,10,False,"[""dictionary_fuzzy"", ""double_consonant_candidate""]"
dictionary_fuzzy,В отчете яо встретилось слово карова.,В отчете яо встретилось слово корова.,no_existing_candidate_backed_pattern,9,False,"[""frequent_error_exact"", ""keyboard_typo_candidate""]"
dictionary_fuzzy,Эксперт заметил ошибку в слове малако в записи ап.,Эксперт заметил ошибку в слове молоко в записи ап.,no_existing_candidate_backed_pattern,12,False,"[""dictionary_fuzzy"", ""frequent_error_exact""]"
dictionary_fuzzy,В письме бп была фраза со словом сабака.,В письме бп была фраза со словом собака.,no_existing_candidate_backed_pattern,11,False,"[""frequent_error_exact"", ""keyboard_typo_candidate"", ""missing_letter_candidate""]"
dictionary_fuzzy,В заявлении вп указали слово територия.,В заявлении вп указали слово территория.,no_existing_candidate_backed_pattern,8,False,"[""dictionary_fuzzy"", ""double_consonant_candidate""]"
dictionary_fuzzy,Редактор исправил слово карова в документе дп.,Редактор исправил слово корова в документе дп.,no_existing_candidate_backed_pattern,10,False,"[""frequent_error_exact"", ""keyboard_typo_candidate""]"
dictionary_fuzzy,В отчете еп встретилось слово малако.,В отчете еп встретилось слово молоко.,no_existing_candidate_backed_pattern,9,False,"[""dictionary_fuzzy"", ""frequent_error_exact""]"
dictionary_fuzzy,Эксперт заметил ошибку в слове сабака в записи жп.,Эксперт заметил ошибку в слове собака в записи жп.,no_existing_candidate_backed_pattern,12,False,"[""frequent_error_exact"", ""keyboard_typo_candidate"", ""missing_letter_candidate""]"
dictionary_fuzzy,В письме зп была фраза со словом територия.,В письме зп была фраза со словом территория.,no_existing_candidate_backed_pattern,10,False,"[""dictionary_fuzzy"", ""double_consonant_candidate""]"
dictionary_fuzzy,Корректор проверил написание слова карова в файле кп.,Корректор проверил написание слова корова в файле кп.,no_existing_candidate_backed_pattern,11,False,"[""frequent_error_exact"", ""keyboard_typo_candidate""]"
dictionary_fuzzy,Редактор исправил слово малако в документе лп.,Редактор исправил слово молоко в документе лп.,no_existing_candidate_backed_pattern,10,False,"[""dictionary_fuzzy"", ""frequent_error_exact""]"
dictionary_fuzzy,В отчете мп встретилось слово сабака.,В отчете мп встретилось слово собака.,no_existing_candidate_backed_pattern,9,False,"[""frequent_error_exact"", ""keyboard_typo_candidate"", ""missing_letter_candidate""]"
dictionary_fuzzy,Эксперт заметил ошибку в слове територия в записи нп.,Эксперт заметил ошибку в слове территория в записи нп.,no_existing_candidate_backed_pattern,11,False,"[""dictionary_fuzzy"", ""double_consonant_candidate""]"
dictionary_fuzzy,В заявлении пп указали слово карова.,В заявлении пп указали слово корова.,no_existing_candidate_backed_pattern,9,False,"[""frequent_error_exact"", ""keyboard_typo_candidate""]"
dictionary_fuzzy,Корректор проверил написание слова малако в файле рп.,Корректор проверил написание слова молоко в файле рп.,no_existing_candidate_backed_pattern,11,False,"[""dictionary_fuzzy"", ""frequent_error_exact""]"
dictionary_fuzzy,Редактор исправил слово сабака в документе сп.,Редактор исправил слово собака в документе сп.,no_existing_candidate_backed_pattern,10,False,"[""frequent_error_exact"", ""keyboard_typo_candidate"", ""missing_letter_candidate""]"
dictionary_fuzzy,В отчете тп встретилось слово територия.,В отчете тп встретилось слово территория.,no_existing_candidate_backed_pattern,8,False,"[""dictionary_fuzzy"", ""double_consonant_candidate""]"
dictionary_fuzzy,В письме фп была фраза со словом карова.,В письме фп была фраза со словом корова.,no_existing_candidate_backed_pattern,11,False,"[""frequent_error_exact"", ""keyboard_typo_candidate""]"
dictionary_fuzzy,В заявлении хп указали слово малако.,В заявлении хп указали слово молоко.,no_existing_candidate_backed_pattern,9,False,"[""dictionary_fuzzy"", ""frequent_error_exact""]"
dictionary_fuzzy,Корректор проверил написание слова сабака в файле цп.,Корректор проверил написание слова собака в файле цп.,no_existing_candidate_backed_pattern,11,False,"[""frequent_error_exact"", ""keyboard_typo_candidate"", ""missing_letter_candidate""]"
dictionary_fuzzy,Редактор исправил слово територия в документе чп.,Редактор исправил слово территория в документе чп.,no_existing_candidate_backed_pattern,9,False,"[""dictionary_fuzzy"", ""double_consonant_candidate""]"
dictionary_fuzzy,Эксперт заметил ошибку в слове карова в записи щп.,Эксперт заметил ошибку в слове корова в записи щп.,no_existing_candidate_backed_pattern,12,False,"[""frequent_error_exact"", ""keyboard_typo_candidate""]"
dictionary_fuzzy,В письме эп была фраза со словом малако.,В письме эп была фраза со словом молоко.,no_existing_candidate_backed_pattern,11,False,"[""dictionary_fuzzy"", ""frequent_error_exact""]"
dictionary_fuzzy,В заявлении юп указали слово сабака.,В заявлении юп указали слово собака.,no_existing_candidate_backed_pattern,9,False,"[""frequent_error_exact"", ""keyboard_typo_candidate"", ""missing_letter_candidate""]"
dictionary_fuzzy,Корректор проверил написание слова територия в файле яп.,Корректор проверил написание слова территория в файле яп.,no_existing_candidate_backed_pattern,10,False,"[""dictionary_fuzzy"", ""double_consonant_candidate""]"
dictionary_fuzzy,В отчете бр встретилось слово карова.,В отчете бр встретилось слово корова.,no_existing_candidate_backed_pattern,9,False,"[""frequent_error_exact"", ""keyboard_typo_candidate""]"
dictionary_fuzzy,Эксперт заметил ошибку в слове малако в записи вр.,Эксперт заметил ошибку в слове молоко в записи вр.,no_existing_candidate_backed_pattern,12,False,"[""dictionary_fuzzy"", ""frequent_error_exact""]"
dictionary_fuzzy,В письме гр была фраза со словом сабака.,В письме гр была фраза со словом собака.,no_existing_candidate_backed_pattern,11,False,"[""frequent_error_exact"", ""keyboard_typo_candidate"", ""missing_letter_candidate""]"
dictionary_fuzzy,В заявлении др указали слово територия.,В заявлении др указали слово территория.,no_existing_candidate_backed_pattern,8,False,"[""dictionary_fuzzy"", ""double_consonant_candidate""]"
dictionary_fuzzy,Редактор исправил слово карова в документе жр.,Редактор исправил слово корова в документе жр.,no_existing_candidate_backed_pattern,10,False,"[""frequent_error_exact"", ""keyboard_typo_candidate""]"
dictionary_fuzzy,В отчете зр встретилось слово малако.,В отчете зр встретилось слово молоко.,no_existing_candidate_backed_pattern,9,False,"[""dictionary_fuzzy"", ""frequent_error_exact""]"
dictionary_fuzzy,Эксперт заметил ошибку в слове сабака в записи ир.,Эксперт заметил ошибку в слове собака в записи ир.,no_existing_candidate_backed_pattern,12,False,"[""frequent_error_exact"", ""keyboard_typo_candidate"", ""missing_letter_candidate""]"
dictionary_fuzzy,В письме кр была фраза со словом територия.,В письме кр была фраза со словом территория.,no_existing_candidate_backed_pattern,10,False,"[""dictionary_fuzzy"", ""double_consonant_candidate""]"
dictionary_fuzzy,Корректор проверил написание слова карова в файле мр.,Корректор проверил написание слова корова в файле мр.,no_existing_candidate_backed_pattern,11,False,"[""frequent_error_exact"", ""keyboard_typo_candidate""]"
dictionary_fuzzy,Редактор исправил слово малако в документе нр.,Редактор исправил слово молоко в документе нр.,no_existing_candidate_backed_pattern,10,False,"[""dictionary_fuzzy"", ""frequent_error_exact""]"
dictionary_fuzzy,В отчете ор встретилось слово сабака.,В отчете ор встретилось слово собака.,no_existing_candidate_backed_pattern,9,False,"[""frequent_error_exact"", ""keyboard_typo_candidate"", ""missing_letter_candidate""]"
dictionary_fuzzy,Эксперт заметил ошибку в слове територия в записи пр.,Эксперт заметил ошибку в слове территория в записи пр.,no_existing_candidate_backed_pattern,11,False,"[""dictionary_fuzzy"", ""double_consonant_candidate""]"
dictionary_fuzzy,В заявлении ср указали слово карова.,В заявлении ср указали слово корова.,no_existing_candidate_backed_pattern,9,False,"[""frequent_error_exact"", ""keyboard_typo_candidate""]"
dictionary_fuzzy,Корректор проверил написание слова малако в файле тр.,Корректор проверил написание слова молоко в файле тр.,no_existing_candidate_backed_pattern,11,False,"[""dictionary_fuzzy"", ""frequent_error_exact""]"
dictionary_fuzzy,Редактор исправил слово сабака в документе ур.,Редактор исправил слово собака в документе ур.,no_existing_candidate_backed_pattern,10,False,"[""frequent_error_exact"", ""keyboard_typo_candidate"", ""missing_letter_candidate""]"
dictionary_fuzzy,В отчете фр встретилось слово територия.,В отчете фр встретилось слово территория.,no_existing_candidate_backed_pattern,8,False,"[""dictionary_fuzzy"", ""double_consonant_candidate""]"
dictionary_fuzzy,В письме цр была фраза со словом карова.,В письме цр была фраза со словом корова.,no_existing_candidate_backed_pattern,11,False,"[""frequent_error_exact"", ""keyboard_typo_candidate""]"
dictionary_fuzzy,В заявлении чр указали слово малако.,В заявлении чр указали слово молоко.,no_existing_candidate_backed_pattern,9,False,"[""dictionary_fuzzy"", ""frequent_error_exact""]"
dictionary_fuzzy,Корректор проверил написание слова сабака в файле шр.,Корректор проверил написание слова собака в файле шр.,no_existing_candidate_backed_pattern,11,False,"[""frequent_error_exact"", ""keyboard_typo_candidate"", ""missing_letter_candidate""]"
dictionary_fuzzy,Редактор исправил слово територия в документе щр.,Редактор исправил слово территория в документе щр.,no_existing_candidate_backed_pattern,9,False,"[""dictionary_fuzzy"", ""double_consonant_candidate""]"
dictionary_fuzzy,Эксперт заметил ошибку в слове карова в записи юр.,Эксперт заметил ошибку в слове корова в записи юр.,no_existing_candidate_backed_pattern,12,False,"[""frequent_error_exact"", ""keyboard_typo_candidate""]"
dictionary_fuzzy,В письме яр была фраза со словом малако.,В письме яр была фраза со словом молоко.,no_existing_candidate_backed_pattern,11,False,"[""dictionary_fuzzy"", ""frequent_error_exact""]"
dictionary_fuzzy,В заявлении ас указали слово сабака.,В заявлении ас указали слово собака.,no_existing_candidate_backed_pattern,9,False,"[""frequent_error_exact"", ""keyboard_typo_candidate"", ""missing_letter_candidate""]"
dictionary_fuzzy,Корректор проверил написание слова територия в файле бс.,Корректор проверил написание слова территория в файле бс.,no_existing_candidate_backed_pattern,10,False,"[""dictionary_fuzzy"", ""double_consonant_candidate""]"
dictionary_fuzzy,В отчете гс встретилось слово карова.,В отчете гс встретилось слово корова.,no_existing_candidate_backed_pattern,9,False,"[""frequent_error_exact"", ""keyboard_typo_candidate""]"
dictionary_fuzzy,Эксперт заметил ошибку в слове малако в записи дс.,Эксперт заметил ошибку в слове молоко в записи дс.,no_existing_candidate_backed_pattern,12,False,"[""dictionary_fuzzy"", ""frequent_error_exact""]"
dictionary_fuzzy,В письме ес была фраза со словом сабака.,В письме ес была фраза со словом собака.,no_existing_candidate_backed_pattern,11,False,"[""frequent_error_exact"", ""keyboard_typo_candidate"", ""missing_letter_candidate""]"
dictionary_fuzzy,В заявлении жс указали слово територия.,В заявлении жс указали слово территория.,no_existing_candidate_backed_pattern,8,False,"[""dictionary_fuzzy"", ""double_consonant_candidate""]"
dictionary_fuzzy,Редактор исправил слово карова в документе ис.,Редактор исправил слово корова в документе ис.,no_existing_candidate_backed_pattern,10,False,"[""frequent_error_exact"", ""keyboard_typo_candidate""]"
dictionary_fuzzy,В отчете кс встретилось слово малако.,В отчете кс встретилось слово молоко.,no_existing_candidate_backed_pattern,9,False,"[""dictionary_fuzzy"", ""frequent_error_exact""]"
dictionary_fuzzy,Эксперт заметил ошибку в слове сабака в записи лс.,Эксперт заметил ошибку в слове собака в записи лс.,no_existing_candidate_backed_pattern,12,False,"[""frequent_error_exact"", ""keyboard_typo_candidate"", ""missing_letter_candidate""]"
dictionary_fuzzy,В письме мс была фраза со словом територия.,В письме мс была фраза со словом территория.,no_existing_candidate_backed_pattern,10,False,"[""dictionary_fuzzy"", ""double_consonant_candidate""]"
dictionary_fuzzy,Корректор проверил написание слова карова в файле ос.,Корректор проверил написание слова корова в файле ос.,no_existing_candidate_backed_pattern,11,False,"[""frequent_error_exact"", ""keyboard_typo_candidate""]"
dictionary_fuzzy,Редактор исправил слово малако в документе пс.,Редактор исправил слово молоко в документе пс.,no_existing_candidate_backed_pattern,10,False,"[""dictionary_fuzzy"", ""frequent_error_exact""]"
dictionary_fuzzy,В отчете рс встретилось слово сабака.,В отчете рс встретилось слово собака.,no_existing_candidate_backed_pattern,9,False,"[""frequent_error_exact"", ""keyboard_typo_candidate"", ""missing_letter_candidate""]"
dictionary_fuzzy,Эксперт заметил ошибку в слове територия в записи сс.,Эксперт заметил ошибку в слове территория в записи сс.,no_existing_candidate_backed_pattern,11,False,"[""dictionary_fuzzy"", ""double_consonant_candidate""]"
dictionary_fuzzy,В заявлении ус указали слово карова.,В заявлении ус указали слово корова.,no_existing_candidate_backed_pattern,9,False,"[""frequent_error_exact"", ""keyboard_typo_candidate""]"
dictionary_fuzzy,Корректор проверил написание слова малако в файле фс.,Корректор проверил написание слова молоко в файле фс.,no_existing_candidate_backed_pattern,11,False,"[""dictionary_fuzzy"", ""frequent_error_exact""]"
dictionary_fuzzy,Редактор исправил слово сабака в документе хс.,Редактор исправил слово собака в документе хс.,no_existing_candidate_backed_pattern,10,False,"[""frequent_error_exact"", ""keyboard_typo_candidate"", ""missing_letter_candidate""]"
dictionary_fuzzy,В отчете цс встретилось слово територия.,В отчете цс встретилось слово территория.,no_existing_candidate_backed_pattern,8,False,"[""dictionary_fuzzy"", ""double_consonant_candidate""]"
dictionary_fuzzy,В письме шс была фраза со словом карова.,В письме шс была фраза со словом корова.,no_existing_candidate_backed_pattern,11,False,"[""frequent_error_exact"", ""keyboard_typo_candidate""]"
dictionary_fuzzy,В заявлении щс указали слово малако.,В заявлении щс указали слово молоко.,no_existing_candidate_backed_pattern,9,False,"[""dictionary_fuzzy"", ""frequent_error_exact""]"
dictionary_fuzzy,Корректор проверил написание слова сабака в файле эс.,Корректор проверил написание слова собака в файле эс.,no_existing_candidate_backed_pattern,11,False,"[""frequent_error_exact"", ""keyboard_typo_candidate"", ""missing_letter_candidate""]"
dictionary_fuzzy,Редактор исправил слово територия в документе юс.,Редактор исправил слово территория в документе юс.,no_existing_candidate_backed_pattern,9,False,"[""dictionary_fuzzy"", ""double_consonant_candidate""]"
dictionary_fuzzy,Эксперт заметил ошибку в слове карова в записи ат.,Эксперт заметил ошибку в слове корова в записи ат.,no_existing_candidate_backed_pattern,12,False,"[""frequent_error_exact"", ""keyboard_typo_candidate""]"
dictionary_fuzzy,В письме бт была фраза со словом малако.,В письме бт была фраза со словом молоко.,no_existing_candidate_backed_pattern,11,False,"[""dictionary_fuzzy"", ""frequent_error_exact""]"
dictionary_fuzzy,В заявлении вт указали слово сабака.,В заявлении вт указали слово собака.,no_existing_candidate_backed_pattern,9,False,"[""frequent_error_exact"", ""keyboard_typo_candidate"", ""missing_letter_candidate""]"
dictionary_fuzzy,Корректор проверил написание слова територия в файле гт.,Корректор проверил написание слова территория в файле гт.,no_existing_candidate_backed_pattern,10,False,"[""dictionary_fuzzy"", ""double_consonant_candidate""]"
dictionary_fuzzy,В отчете ет встретилось слово карова.,В отчете ет встретилось слово корова.,no_existing_candidate_backed_pattern,9,False,"[""frequent_error_exact"", ""keyboard_typo_candidate""]"
dictionary_fuzzy,Эксперт заметил ошибку в слове малако в записи жт.,Эксперт заметил ошибку в слове молоко в записи жт.,no_existing_candidate_backed_pattern,12,False,"[""dictionary_fuzzy"", ""frequent_error_exact""]"
dictionary_fuzzy,В письме зт была фраза со словом сабака.,В письме зт была фраза со словом собака.,no_existing_candidate_backed_pattern,11,False,"[""frequent_error_exact"", ""keyboard_typo_candidate"", ""missing_letter_candidate""]"
dictionary_fuzzy,В заявлении ит указали слово територия.,В заявлении ит указали слово территория.,no_existing_candidate_backed_pattern,8,False,"[""dictionary_fuzzy"", ""double_consonant_candidate""]"
dictionary_fuzzy,Редактор исправил слово карова в документе лт.,Редактор исправил слово корова в документе лт.,no_existing_candidate_backed_pattern,10,False,"[""frequent_error_exact"", ""keyboard_typo_candidate""]"
dictionary_fuzzy,В отчете мт встретилось слово малако.,В отчете мт встретилось слово молоко.,no_existing_candidate_backed_pattern,9,False,"[""dictionary_fuzzy"", ""frequent_error_exact""]"
dictionary_fuzzy,Эксперт заметил ошибку в слове сабака в записи нт.,Эксперт заметил ошибку в слове собака в записи нт.,no_existing_candidate_backed_pattern,12,False,"[""frequent_error_exact"", ""keyboard_typo_candidate"", ""missing_letter_candidate""]"
dictionary_fuzzy,В письме от была фраза со словом територия.,В письме от была фраза со словом территория.,no_existing_candidate_backed_pattern,10,False,"[""dictionary_fuzzy"", ""double_consonant_candidate""]"
dictionary_fuzzy,Корректор проверил написание слова карова в файле рт.,Корректор проверил написание слова корова в файле рт.,no_existing_candidate_backed_pattern,11,False,"[""frequent_error_exact"", ""keyboard_typo_candidate""]"
dictionary_fuzzy,Редактор исправил слово малако в документе ст.,Редактор исправил слово молоко в документе ст.,no_existing_candidate_backed_pattern,10,False,"[""dictionary_fuzzy"", ""frequent_error_exact""]"
dictionary_fuzzy,В отчете тт встретилось слово сабака.,В отчете тт встретилось слово собака.,no_existing_candidate_backed_pattern,9,False,"[""frequent_error_exact"", ""keyboard_typo_candidate"", ""missing_letter_candidate""]"
dictionary_fuzzy,Эксперт заметил ошибку в слове територия в записи ут.,Эксперт заметил ошибку в слове территория в записи ут.,no_existing_candidate_backed_pattern,11,False,"[""dictionary_fuzzy"", ""double_consonant_candidate""]"
dictionary_fuzzy,В заявлении хт указали слово карова.,В заявлении хт указали слово корова.,no_existing_candidate_backed_pattern,9,False,"[""frequent_error_exact"", ""keyboard_typo_candidate""]"
dictionary_fuzzy,Корректор проверил написание слова малако в файле цт.,Корректор проверил написание слова молоко в файле цт.,no_existing_candidate_backed_pattern,11,False,"[""dictionary_fuzzy"", ""frequent_error_exact""]"
dictionary_fuzzy,Редактор исправил слово сабака в документе чт.,Редактор исправил слово собака в документе чт.,no_existing_candidate_backed_pattern,10,False,"[""frequent_error_exact"", ""keyboard_typo_candidate"", ""missing_letter_candidate""]"
dictionary_fuzzy,В отчете шт встретилось слово територия.,В отчете шт встретилось слово территория.,no_existing_candidate_backed_pattern,8,False,"[""dictionary_fuzzy"", ""double_consonant_candidate""]"
dictionary_fuzzy,В письме эт была фраза со словом карова.,В письме эт была фраза со словом корова.,no_existing_candidate_backed_pattern,11,False,"[""frequent_error_exact"", ""keyboard_typo_candidate""]"
dictionary_fuzzy,В заявлении ют указали слово малако.,В заявлении ют указали слово молоко.,no_existing_candidate_backed_pattern,9,False,"[""dictionary_fuzzy"", ""frequent_error_exact""]"
dictionary_fuzzy,Корректор проверил написание слова сабака в файле ят.,Корректор проверил написание слова собака в файле ят.,no_existing_candidate_backed_pattern,11,False,"[""frequent_error_exact"", ""keyboard_typo_candidate"", ""missing_letter_candidate""]"
dictionary_fuzzy,Редактор исправил слово територия в документе ау.,Редактор исправил слово территория в документе ау.,no_existing_candidate_backed_pattern,9,False,"[""dictionary_fuzzy"", ""double_consonant_candidate""]"
dictionary_fuzzy,Эксперт заметил ошибку в слове карова в записи ву.,Эксперт заметил ошибку в слове корова в записи ву.,no_existing_candidate_backed_pattern,12,False,"[""frequent_error_exact"", ""keyboard_typo_candidate""]"
dictionary_fuzzy,В письме гу была фраза со словом малако.,В письме гу была фраза со словом молоко.,no_existing_candidate_backed_pattern,11,False,"[""dictionary_fuzzy"", ""frequent_error_exact""]"
dictionary_fuzzy,В заявлении ду указали слово сабака.,В заявлении ду указали слово собака.,no_existing_candidate_backed_pattern,9,False,"[""frequent_error_exact"", ""keyboard_typo_candidate"", ""missing_letter_candidate""]"
dictionary_fuzzy,Корректор проверил написание слова територия в файле еу.,Корректор проверил написание слова территория в файле еу.,no_existing_candidate_backed_pattern,10,False,"[""dictionary_fuzzy"", ""double_consonant_candidate""]"
dictionary_fuzzy,В отчете зу встретилось слово карова.,В отчете зу встретилось слово корова.,no_existing_candidate_backed_pattern,9,False,"[""frequent_error_exact"", ""keyboard_typo_candidate""]"
dictionary_fuzzy,Эксперт заметил ошибку в слове малако в записи иу.,Эксперт заметил ошибку в слове молоко в записи иу.,no_existing_candidate_backed_pattern,12,False,"[""dictionary_fuzzy"", ""frequent_error_exact""]"
dictionary_fuzzy,В письме ку была фраза со словом сабака.,В письме ку была фраза со словом собака.,no_existing_candidate_backed_pattern,11,False,"[""frequent_error_exact"", ""keyboard_typo_candidate"", ""missing_letter_candidate""]"
dictionary_fuzzy,В заявлении лу указали слово територия.,В заявлении лу указали слово территория.,no_existing_candidate_backed_pattern,8,False,"[""dictionary_fuzzy"", ""double_consonant_candidate""]"
dictionary_fuzzy,Редактор исправил слово карова в документе ну.,Редактор исправил слово корова в документе ну.,no_existing_candidate_backed_pattern,10,False,"[""frequent_error_exact"", ""keyboard_typo_candidate""]"
dictionary_fuzzy,В отчете оу встретилось слово малако.,В отчете оу встретилось слово молоко.,no_existing_candidate_backed_pattern,9,False,"[""dictionary_fuzzy"", ""frequent_error_exact""]"
dictionary_fuzzy,Эксперт заметил ошибку в слове сабака в записи пу.,Эксперт заметил ошибку в слове собака в записи пу.,no_existing_candidate_backed_pattern,12,False,"[""frequent_error_exact"", ""keyboard_typo_candidate"", ""missing_letter_candidate""]"
dictionary_fuzzy,В письме ру была фраза со словом територия.,В письме ру была фраза со словом территория.,no_existing_candidate_backed_pattern,10,False,"[""dictionary_fuzzy"", ""double_consonant_candidate""]"
dictionary_fuzzy,Корректор проверил написание слова карова в файле ту.,Корректор проверил написание слова корова в файле ту.,no_existing_candidate_backed_pattern,11,False,"[""frequent_error_exact"", ""keyboard_typo_candidate""]"
dictionary_fuzzy,Редактор исправил слово малако в документе уу.,Редактор исправил слово молоко в документе уу.,no_existing_candidate_backed_pattern,10,False,"[""dictionary_fuzzy"", ""frequent_error_exact""]"
dictionary_fuzzy,В отчете фу встретилось слово сабака.,В отчете фу встретилось слово собака.,no_existing_candidate_backed_pattern,9,False,"[""frequent_error_exact"", ""keyboard_typo_candidate"", ""missing_letter_candidate""]"
dictionary_fuzzy,Эксперт заметил ошибку в слове територия в записи ху.,Эксперт заметил ошибку в слове территория в записи ху.,no_existing_candidate_backed_pattern,11,False,"[""dictionary_fuzzy"", ""double_consonant_candidate""]"
dictionary_fuzzy,В заявлении чу указали слово карова.,В заявлении чу указали слово корова.,no_existing_candidate_backed_pattern,9,False,"[""frequent_error_exact"", ""keyboard_typo_candidate""]"
dictionary_fuzzy,Корректор проверил написание слова малако в файле шу.,Корректор проверил написание слова молоко в файле шу.,no_existing_candidate_backed_pattern,11,False,"[""dictionary_fuzzy"", ""frequent_error_exact""]"
dictionary_fuzzy,Редактор исправил слово сабака в документе щу.,Редактор исправил слово собака в документе щу.,no_existing_candidate_backed_pattern,10,False,"[""frequent_error_exact"", ""keyboard_typo_candidate"", ""missing_letter_candidate""]"
dictionary_fuzzy,В отчете эу встретилось слово територия.,В отчете эу встретилось слово территория.,no_existing_candidate_backed_pattern,8,False,"[""dictionary_fuzzy"", ""double_consonant_candidate""]"
dictionary_fuzzy,В письме яу была фраза со словом карова.,В письме яу была фраза со словом корова.,no_existing_candidate_backed_pattern,11,False,"[""frequent_error_exact"", ""keyboard_typo_candidate""]"
dictionary_fuzzy,В заявлении аф указали слово малако.,В заявлении аф указали слово молоко.,no_existing_candidate_backed_pattern,9,False,"[""dictionary_fuzzy"", ""frequent_error_exact""]"
dictionary_fuzzy,Корректор проверил написание слова сабака в файле бф.,Корректор проверил написание слова собака в файле бф.,no_existing_candidate_backed_pattern,11,False,"[""frequent_error_exact"", ""keyboard_typo_candidate"", ""missing_letter_candidate""]"
dictionary_fuzzy,Редактор исправил слово територия в документе вф.,Редактор исправил слово территория в документе вф.,no_existing_candidate_backed_pattern,9,False,"[""dictionary_fuzzy"", ""double_consonant_candidate""]"
dictionary_fuzzy,Эксперт заметил ошибку в слове карова в записи дф.,Эксперт заметил ошибку в слове корова в записи дф.,no_existing_candidate_backed_pattern,12,False,"[""frequent_error_exact"", ""keyboard_typo_candidate""]"
dictionary_fuzzy,В письме еф была фраза со словом малако.,В письме еф была фраза со словом молоко.,no_existing_candidate_backed_pattern,11,False,"[""dictionary_fuzzy"", ""frequent_error_exact""]"
dictionary_fuzzy,В заявлении жф указали слово сабака.,В заявлении жф указали слово собака.,no_existing_candidate_backed_pattern,9,False,"[""frequent_error_exact"", ""keyboard_typo_candidate"", ""missing_letter_candidate""]"
dictionary_fuzzy,Корректор проверил написание слова територия в файле зф.,Корректор проверил написание слова территория в файле зф.,no_existing_candidate_backed_pattern,10,False,"[""dictionary_fuzzy"", ""double_consonant_candidate""]"
dictionary_fuzzy,В отчете кф встретилось слово карова.,В отчете кф встретилось слово корова.,no_existing_candidate_backed_pattern,9,False,"[""frequent_error_exact"", ""keyboard_typo_candidate""]"
dictionary_fuzzy,Эксперт заметил ошибку в слове малако в записи лф.,Эксперт заметил ошибку в слове молоко в записи лф.,no_existing_candidate_backed_pattern,12,False,"[""dictionary_fuzzy"", ""frequent_error_exact""]"
dictionary_fuzzy,В письме мф была фраза со словом сабака.,В письме мф была фраза со словом собака.,no_existing_candidate_backed_pattern,11,False,"[""frequent_error_exact"", ""keyboard_typo_candidate"", ""missing_letter_candidate""]"
dictionary_fuzzy,В заявлении нф указали слово територия.,В заявлении нф указали слово территория.,no_existing_candidate_backed_pattern,8,False,"[""dictionary_fuzzy"", ""double_consonant_candidate""]"
dictionary_fuzzy,Редактор исправил слово карова в документе пф.,Редактор исправил слово корова в документе пф.,no_existing_candidate_backed_pattern,10,False,"[""frequent_error_exact"", ""keyboard_typo_candidate""]"
dictionary_fuzzy,В отчете рф встретилось слово малако.,В отчете рф встретилось слово молоко.,no_existing_candidate_backed_pattern,10,False,"[""abbreviation_case_protection"", ""dictionary_fuzzy"", ""frequent_error_exact""]"
dictionary_fuzzy,Эксперт заметил ошибку в слове сабака в записи сф.,Эксперт заметил ошибку в слове собака в записи сф.,no_existing_candidate_backed_pattern,12,False,"[""frequent_error_exact"", ""keyboard_typo_candidate"", ""missing_letter_candidate""]"
dictionary_fuzzy,В письме тф была фраза со словом територия.,В письме тф была фраза со словом территория.,no_existing_candidate_backed_pattern,10,False,"[""dictionary_fuzzy"", ""double_consonant_candidate""]"
dictionary_fuzzy,Корректор проверил написание слова карова в файле фф.,Корректор проверил написание слова корова в файле фф.,no_existing_candidate_backed_pattern,11,False,"[""frequent_error_exact"", ""keyboard_typo_candidate""]"
dictionary_fuzzy,Редактор исправил слово малако в документе хф.,Редактор исправил слово молоко в документе хф.,no_existing_candidate_backed_pattern,10,False,"[""dictionary_fuzzy"", ""frequent_error_exact""]"
dictionary_fuzzy,В отчете цф встретилось слово сабака.,В отчете цф встретилось слово собака.,no_existing_candidate_backed_pattern,9,False,"[""frequent_error_exact"", ""keyboard_typo_candidate"", ""missing_letter_candidate""]"
dictionary_fuzzy,Эксперт заметил ошибку в слове територия в записи чф.,Эксперт заметил ошибку в слове территория в записи чф.,no_existing_candidate_backed_pattern,11,False,"[""dictionary_fuzzy"", ""double_consonant_candidate""]"
dictionary_fuzzy,В заявлении щф указали слово карова.,В заявлении щф указали слово корова.,no_existing_candidate_backed_pattern,9,False,"[""frequent_error_exact"", ""keyboard_typo_candidate""]"
dictionary_fuzzy,Корректор проверил написание слова малако в файле эф.,Корректор проверил написание слова молоко в файле эф.,no_existing_candidate_backed_pattern,11,False,"[""dictionary_fuzzy"", ""frequent_error_exact""]"
dictionary_fuzzy,Редактор исправил слово сабака в документе юф.,Редактор исправил слово собака в документе юф.,no_existing_candidate_backed_pattern,10,False,"[""frequent_error_exact"", ""keyboard_typo_candidate"", ""missing_letter_candidate""]"
dictionary_fuzzy,В отчете яф встретилось слово територия.,В отчете яф встретилось слово территория.,no_existing_candidate_backed_pattern,8,False,"[""dictionary_fuzzy"", ""double_consonant_candidate""]"
dictionary_fuzzy,В письме бх была фраза со словом карова.,В письме бх была фраза со словом корова.,no_existing_candidate_backed_pattern,11,False,"[""frequent_error_exact"", ""keyboard_typo_candidate""]"
dictionary_fuzzy,В заявлении вх указали слово малако.,В заявлении вх указали слово молоко.,no_existing_candidate_backed_pattern,9,False,"[""dictionary_fuzzy"", ""frequent_error_exact""]"
dictionary_fuzzy,Корректор проверил написание слова сабака в файле гх.,Корректор проверил написание слова собака в файле гх.,no_existing_candidate_backed_pattern,11,False,"[""frequent_error_exact"", ""keyboard_typo_candidate"", ""missing_letter_candidate""]"
dictionary_fuzzy,Редактор исправил слово територия в документе дх.,Редактор исправил слово территория в документе дх.,no_existing_candidate_backed_pattern,9,False,"[""dictionary_fuzzy"", ""double_consonant_candidate""]"
dictionary_fuzzy,Эксперт заметил ошибку в слове карова в записи жх.,Эксперт заметил ошибку в слове корова в записи жх.,no_existing_candidate_backed_pattern,12,False,"[""frequent_error_exact"", ""keyboard_typo_candidate""]"
dictionary_fuzzy,В письме зх была фраза со словом малако.,В письме зх была фраза со словом молоко.,no_existing_candidate_backed_pattern,11,False,"[""dictionary_fuzzy"", ""frequent_error_exact""]"
dictionary_fuzzy,В заявлении их указали слово сабака.,В заявлении их указали слово собака.,no_existing_candidate_backed_pattern,9,False,"[""frequent_error_exact"", ""keyboard_typo_candidate"", ""missing_letter_candidate""]"
dictionary_fuzzy,Корректор проверил написание слова територия в файле кх.,Корректор проверил написание слова территория в файле кх.,no_existing_candidate_backed_pattern,10,False,"[""dictionary_fuzzy"", ""double_consonant_candidate""]"
dictionary_fuzzy,В отчете мх встретилось слово карова.,В отчете мх встретилось слово корова.,no_existing_candidate_backed_pattern,9,False,"[""frequent_error_exact"", ""keyboard_typo_candidate""]"
dictionary_fuzzy,Эксперт заметил ошибку в слове малако в записи нх.,Эксперт заметил ошибку в слове молоко в записи нх.,no_existing_candidate_backed_pattern,12,False,"[""dictionary_fuzzy"", ""frequent_error_exact""]"
dictionary_fuzzy,В письме ох была фраза со словом сабака.,В письме ох была фраза со словом собака.,no_existing_candidate_backed_pattern,11,False,"[""frequent_error_exact"", ""keyboard_typo_candidate"", ""missing_letter_candidate""]"
dictionary_fuzzy,В заявлении пх указали слово територия.,В заявлении пх указали слово территория.,no_existing_candidate_backed_pattern,8,False,"[""dictionary_fuzzy"", ""double_consonant_candidate""]"
dictionary_fuzzy,Редактор исправил слово карова в документе сх.,Редактор исправил слово корова в документе сх.,no_existing_candidate_backed_pattern,10,False,"[""frequent_error_exact"", ""keyboard_typo_candidate""]"
dictionary_fuzzy,В отчете тх встретилось слово малако.,В отчете тх встретилось слово молоко.,no_existing_candidate_backed_pattern,9,False,"[""dictionary_fuzzy"", ""frequent_error_exact""]"
dictionary_fuzzy,Эксперт заметил ошибку в слове сабака в записи ух.,Эксперт заметил ошибку в слове собака в записи ух.,no_existing_candidate_backed_pattern,12,False,"[""frequent_error_exact"", ""keyboard_typo_candidate"", ""missing_letter_candidate""]"
dictionary_fuzzy,В письме фх была фраза со словом територия.,В письме фх была фраза со словом территория.,no_existing_candidate_backed_pattern,10,False,"[""dictionary_fuzzy"", ""double_consonant_candidate""]"
dictionary_fuzzy,Корректор проверил написание слова карова в файле цх.,Корректор проверил написание слова корова в файле цх.,no_existing_candidate_backed_pattern,11,False,"[""frequent_error_exact"", ""keyboard_typo_candidate""]"
dictionary_fuzzy,Редактор исправил слово малако в документе чх.,Редактор исправил слово молоко в документе чх.,no_existing_candidate_backed_pattern,10,False,"[""dictionary_fuzzy"", ""frequent_error_exact""]"
dictionary_fuzzy,В отчете шх встретилось слово сабака.,В отчете шх встретилось слово собака.,no_existing_candidate_backed_pattern,9,False,"[""frequent_error_exact"", ""keyboard_typo_candidate"", ""missing_letter_candidate""]"
dictionary_fuzzy,Эксперт заметил ошибку в слове територия в записи щх.,Эксперт заметил ошибку в слове территория в записи щх.,no_existing_candidate_backed_pattern,11,False,"[""dictionary_fuzzy"", ""double_consonant_candidate""]"
dictionary_fuzzy,В заявлении юх указали слово карова.,В заявлении юх указали слово корова.,no_existing_candidate_backed_pattern,9,False,"[""frequent_error_exact"", ""keyboard_typo_candidate""]"
dictionary_fuzzy,Корректор проверил написание слова малако в файле ях.,Корректор проверил написание слова молоко в файле ях.,no_existing_candidate_backed_pattern,11,False,"[""dictionary_fuzzy"", ""frequent_error_exact""]"
dictionary_fuzzy,Редактор исправил слово сабака в документе ац.,Редактор исправил слово собака в документе ац.,no_existing_candidate_backed_pattern,10,False,"[""frequent_error_exact"", ""keyboard_typo_candidate"", ""missing_letter_candidate""]"
dictionary_fuzzy,В отчете бц встретилось слово територия.,В отчете бц встретилось слово территория.,no_existing_candidate_backed_pattern,8,False,"[""dictionary_fuzzy"", ""double_consonant_candidate""]"
dictionary_fuzzy,В письме гц была фраза со словом карова.,В письме гц была фраза со словом корова.,no_existing_candidate_backed_pattern,11,False,"[""frequent_error_exact"", ""keyboard_typo_candidate""]"
dictionary_fuzzy,В заявлении дц указали слово малако.,В заявлении дц указали слово молоко.,no_existing_candidate_backed_pattern,9,False,"[""dictionary_fuzzy"", ""frequent_error_exact""]"
dictionary_fuzzy,Корректор проверил написание слова сабака в файле ец.,Корректор проверил написание слова собака в файле ец.,no_existing_candidate_backed_pattern,11,False,"[""frequent_error_exact"", ""keyboard_typo_candidate"", ""missing_letter_candidate""]"
dictionary_fuzzy,Редактор исправил слово територия в документе жц.,Редактор исправил слово территория в документе жц.,no_existing_candidate_backed_pattern,9,False,"[""dictionary_fuzzy"", ""double_consonant_candidate""]"
dictionary_fuzzy,Эксперт заметил ошибку в слове карова в записи иц.,Эксперт заметил ошибку в слове корова в записи иц.,no_existing_candidate_backed_pattern,12,False,"[""frequent_error_exact"", ""keyboard_typo_candidate""]"
dictionary_fuzzy,В письме кц была фраза со словом малако.,В письме кц была фраза со словом молоко.,no_existing_candidate_backed_pattern,11,False,"[""dictionary_fuzzy"", ""frequent_error_exact""]"
dictionary_fuzzy,В заявлении лц указали слово сабака.,В заявлении лц указали слово собака.,no_existing_candidate_backed_pattern,9,False,"[""frequent_error_exact"", ""keyboard_typo_candidate"", ""missing_letter_candidate""]"
dictionary_fuzzy,Корректор проверил написание слова територия в файле мц.,Корректор проверил написание слова территория в файле мц.,no_existing_candidate_backed_pattern,10,False,"[""dictionary_fuzzy"", ""double_consonant_candidate""]"
dictionary_fuzzy,В отчете оц встретилось слово карова.,В отчете оц встретилось слово корова.,no_existing_candidate_backed_pattern,9,False,"[""frequent_error_exact"", ""keyboard_typo_candidate""]"
dictionary_fuzzy,Эксперт заметил ошибку в слове малако в записи пц.,Эксперт заметил ошибку в слове молоко в записи пц.,no_existing_candidate_backed_pattern,12,False,"[""dictionary_fuzzy"", ""frequent_error_exact""]"
dictionary_fuzzy,В письме рц была фраза со словом сабака.,В письме рц была фраза со словом собака.,no_existing_candidate_backed_pattern,11,False,"[""frequent_error_exact"", ""keyboard_typo_candidate"", ""missing_letter_candidate""]"
dictionary_fuzzy,В заявлении сц указали слово територия.,В заявлении сц указали слово территория.,no_existing_candidate_backed_pattern,8,False,"[""dictionary_fuzzy"", ""double_consonant_candidate""]"
dictionary_fuzzy,Редактор исправил слово карова в документе уц.,Редактор исправил слово корова в документе уц.,no_existing_candidate_backed_pattern,10,False,"[""frequent_error_exact"", ""keyboard_typo_candidate""]"
dictionary_fuzzy,В отчете фц встретилось слово малако.,В отчете фц встретилось слово молоко.,no_existing_candidate_backed_pattern,9,False,"[""dictionary_fuzzy"", ""frequent_error_exact""]"
dictionary_fuzzy,Эксперт заметил ошибку в слове сабака в записи хц.,Эксперт заметил ошибку в слове собака в записи хц.,no_existing_candidate_backed_pattern,12,False,"[""frequent_error_exact"", ""keyboard_typo_candidate"", ""missing_letter_candidate""]"
dictionary_fuzzy,В письме цц была фраза со словом територия.,В письме цц была фраза со словом территория.,no_existing_candidate_backed_pattern,10,False,"[""dictionary_fuzzy"", ""double_consonant_candidate""]"
dictionary_fuzzy,Корректор проверил написание слова карова в файле шц.,Корректор проверил написание слова корова в файле шц.,no_existing_candidate_backed_pattern,11,False,"[""frequent_error_exact"", ""keyboard_typo_candidate""]"
dictionary_fuzzy,Редактор исправил слово малако в документе щц.,Редактор исправил слово молоко в документе щц.,no_existing_candidate_backed_pattern,10,False,"[""dictionary_fuzzy"", ""frequent_error_exact""]"
dictionary_fuzzy,В отчете эц встретилось слово сабака.,В отчете эц встретилось слово собака.,no_existing_candidate_backed_pattern,9,False,"[""frequent_error_exact"", ""keyboard_typo_candidate"", ""missing_letter_candidate""]"
dictionary_fuzzy,Эксперт заметил ошибку в слове територия в записи юц.,Эксперт заметил ошибку в слове территория в записи юц.,no_existing_candidate_backed_pattern,11,False,"[""dictionary_fuzzy"", ""double_consonant_candidate""]"
dictionary_fuzzy,В заявлении ач указали слово карова.,В заявлении ач указали слово корова.,no_existing_candidate_backed_pattern,9,False,"[""frequent_error_exact"", ""keyboard_typo_candidate""]"
dictionary_fuzzy,Корректор проверил написание слова малако в файле бч.,Корректор проверил написание слова молоко в файле бч.,no_existing_candidate_backed_pattern,11,False,"[""dictionary_fuzzy"", ""frequent_error_exact""]"
dictionary_fuzzy,Редактор исправил слово сабака в документе вч.,Редактор исправил слово собака в документе вч.,no_existing_candidate_backed_pattern,10,False,"[""frequent_error_exact"", ""keyboard_typo_candidate"", ""missing_letter_candidate""]"
dictionary_fuzzy,В отчете гч встретилось слово територия.,В отчете гч встретилось слово территория.,no_existing_candidate_backed_pattern,8,False,"[""dictionary_fuzzy"", ""double_consonant_candidate""]"
dictionary_fuzzy,В письме еч была фраза со словом карова.,В письме еч была фраза со словом корова.,no_existing_candidate_backed_pattern,11,False,"[""frequent_error_exact"", ""keyboard_typo_candidate""]"
dictionary_fuzzy,В заявлении жч указали слово малако.,В заявлении жч указали слово молоко.,no_existing_candidate_backed_pattern,9,False,"[""dictionary_fuzzy"", ""frequent_error_exact""]"
dictionary_fuzzy,Корректор проверил написание слова сабака в файле зч.,Корректор проверил написание слова собака в файле зч.,no_existing_candidate_backed_pattern,11,False,"[""frequent_error_exact"", ""keyboard_typo_candidate"", ""missing_letter_candidate""]"
dictionary_fuzzy,Редактор исправил слово територия в документе ич.,Редактор исправил слово территория в документе ич.,no_existing_candidate_backed_pattern,9,False,"[""dictionary_fuzzy"", ""double_consonant_candidate""]"
double_consonant_candidate,Эксперт заметил ошибку в слове проффесия в записи ва.,Эксперт заметил ошибку в слове профессия в записи ва.,no_supported_edit,9,False,[]
double_consonant_candidate,Редактор исправил слово проффесия в документе жа.,Редактор исправил слово профессия в документе жа.,no_supported_edit,7,False,[]
double_consonant_candidate,В заявлении ла указали слово проффесия.,В заявлении ла указали слово профессия.,no_supported_edit,6,False,[]
double_consonant_candidate,Эксперт заметил ошибку в слове проффесия в записи па.,Эксперт заметил ошибку в слове профессия в записи па.,no_supported_edit,9,False,[]
double_consonant_candidate,Редактор исправил слово проффесия в документе уа.,Редактор исправил слово профессия в документе уа.,no_supported_edit,7,False,[]
double_consonant_candidate,В заявлении ча указали слово проффесия.,В заявлении ча указали слово профессия.,no_supported_edit,6,False,[]
double_consonant_candidate,Эксперт заметил ошибку в слове проффесия в записи юа.,Эксперт заметил ошибку в слове профессия в записи юа.,no_supported_edit,9,False,[]
double_consonant_candidate,Редактор исправил слово проффесия в документе вб.,Редактор исправил слово профессия в документе вб.,no_supported_edit,7,False,[]
double_consonant_candidate,В заявлении жб указали слово проффесия.,В заявлении жб указали слово профессия.,no_supported_edit,6,False,[]
double_consonant_candidate,Эксперт заметил ошибку в слове проффесия в записи лб.,Эксперт заметил ошибку в слове профессия в записи лб.,no_supported_edit,9,False,[]
double_consonant_candidate,Редактор исправил слово проффесия в документе пб.,Редактор исправил слово профессия в документе пб.,no_supported_edit,7,False,[]
double_consonant_candidate,В заявлении уб указали слово проффесия.,В заявлении уб указали слово профессия.,no_supported_edit,6,False,[]
double_consonant_candidate,Эксперт заметил ошибку в слове проффесия в записи чб.,Эксперт заметил ошибку в слове профессия в записи чб.,no_supported_edit,9,False,[]
double_consonant_candidate,Редактор исправил слово проффесия в документе юб.,Редактор исправил слово профессия в документе юб.,no_supported_edit,7,False,[]
double_consonant_candidate,В заявлении вв указали слово проффесия.,В заявлении вв указали слово профессия.,no_supported_edit,6,False,[]
double_consonant_candidate,Эксперт заметил ошибку в слове проффесия в записи жв.,Эксперт заметил ошибку в слове профессия в записи жв.,no_supported_edit,9,False,[]
double_consonant_candidate,Редактор исправил слово проффесия в документе лв.,Редактор исправил слово профессия в документе лв.,no_supported_edit,7,False,[]
double_consonant_candidate,В заявлении пв указали слово проффесия.,В заявлении пв указали слово профессия.,no_supported_edit,6,False,[]
double_consonant_candidate,Эксперт заметил ошибку в слове проффесия в записи ув.,Эксперт заметил ошибку в слове профессия в записи ув.,no_supported_edit,9,False,[]
double_consonant_candidate,Редактор исправил слово проффесия в документе чв.,Редактор исправил слово профессия в документе чв.,no_supported_edit,7,False,[]
double_consonant_candidate,В заявлении юв указали слово проффесия.,В заявлении юв указали слово профессия.,no_supported_edit,6,False,[]
double_consonant_candidate,Эксперт заметил ошибку в слове проффесия в записи вг.,Эксперт заметил ошибку в слове профессия в записи вг.,no_supported_edit,9,False,[]
double_consonant_candidate,Редактор исправил слово проффесия в документе жг.,Редактор исправил слово профессия в документе жг.,no_supported_edit,7,False,[]
double_consonant_candidate,В заявлении лг указали слово проффесия.,В заявлении лг указали слово профессия.,no_supported_edit,6,False,[]
double_consonant_candidate,Эксперт заметил ошибку в слове проффесия в записи пг.,Эксперт заметил ошибку в слове профессия в записи пг.,no_supported_edit,9,False,[]
double_consonant_candidate,Редактор исправил слово проффесия в документе уг.,Редактор исправил слово профессия в документе уг.,no_supported_edit,7,False,[]
double_consonant_candidate,В заявлении чг указали слово проффесия.,В заявлении чг указали слово профессия.,no_supported_edit,6,False,[]
double_consonant_candidate,Эксперт заметил ошибку в слове проффесия в записи юг.,Эксперт заметил ошибку в слове профессия в записи юг.,no_supported_edit,9,False,[]
double_consonant_candidate,Редактор исправил слово проффесия в документе вд.,Редактор исправил слово профессия в документе вд.,no_supported_edit,7,False,[]
double_consonant_candidate,В заявлении жд указали слово проффесия.,В заявлении жд указали слово профессия.,no_supported_edit,6,False,[]
double_consonant_candidate,Эксперт заметил ошибку в слове проффесия в записи лд.,Эксперт заметил ошибку в слове профессия в записи лд.,no_supported_edit,9,False,[]
double_consonant_candidate,Редактор исправил слово проффесия в документе пд.,Редактор исправил слово профессия в документе пд.,no_supported_edit,7,False,[]
double_consonant_candidate,В заявлении уд указали слово проффесия.,В заявлении уд указали слово профессия.,no_supported_edit,6,False,[]
double_consonant_candidate,Эксперт заметил ошибку в слове проффесия в записи чд.,Эксперт заметил ошибку в слове профессия в записи чд.,no_supported_edit,9,False,[]
double_consonant_candidate,Редактор исправил слово проффесия в документе юд.,Редактор исправил слово профессия в документе юд.,no_supported_edit,7,False,[]
double_consonant_candidate,В заявлении ве указали слово проффесия.,В заявлении ве указали слово профессия.,no_supported_edit,6,False,[]
double_consonant_candidate,Эксперт заметил ошибку в слове проффесия в записи же.,Эксперт заметил ошибку в слове профессия в записи же.,no_supported_edit,9,False,[]
double_consonant_candidate,Редактор исправил слово проффесия в документе ле.,Редактор исправил слово профессия в документе ле.,no_supported_edit,7,False,[]
double_consonant_candidate,В заявлении пе указали слово проффесия.,В заявлении пе указали слово профессия.,no_supported_edit,6,False,[]
double_consonant_candidate,Эксперт заметил ошибку в слове проффесия в записи уе.,Эксперт заметил ошибку в слове профессия в записи уе.,no_supported_edit,9,False,[]
double_consonant_candidate,Редактор исправил слово проффесия в документе че.,Редактор исправил слово профессия в документе че.,no_supported_edit,7,False,[]
double_consonant_candidate,В заявлении юе указали слово проффесия.,В заявлении юе указали слово профессия.,no_supported_edit,6,False,[]
double_consonant_candidate,Эксперт заметил ошибку в слове проффесия в записи вж.,Эксперт заметил ошибку в слове профессия в записи вж.,no_supported_edit,9,False,[]
double_consonant_candidate,Редактор исправил слово проффесия в документе жж.,Редактор исправил слово профессия в документе жж.,no_supported_edit,7,False,[]
double_consonant_candidate,В заявлении лж указали слово проффесия.,В заявлении лж указали слово профессия.,no_supported_edit,6,False,[]
double_consonant_candidate,Эксперт заметил ошибку в слове проффесия в записи пж.,Эксперт заметил ошибку в слове профессия в записи пж.,no_supported_edit,9,False,[]
double_consonant_candidate,Редактор исправил слово проффесия в документе уж.,Редактор исправил слово профессия в документе уж.,no_supported_edit,7,False,[]
double_consonant_candidate,В заявлении чж указали слово проффесия.,В заявлении чж указали слово профессия.,no_supported_edit,6,False,[]
double_consonant_candidate,Эксперт заметил ошибку в слове проффесия в записи юж.,Эксперт заметил ошибку в слове профессия в записи юж.,no_supported_edit,9,False,[]
double_consonant_candidate,Редактор исправил слово проффесия в документе вз.,Редактор исправил слово профессия в документе вз.,no_supported_edit,7,False,[]
double_consonant_candidate,В заявлении жз указали слово проффесия.,В заявлении жз указали слово профессия.,no_supported_edit,6,False,[]
double_consonant_candidate,Эксперт заметил ошибку в слове проффесия в записи лз.,Эксперт заметил ошибку в слове профессия в записи лз.,no_supported_edit,9,False,[]
double_consonant_candidate,Редактор исправил слово проффесия в документе пз.,Редактор исправил слово профессия в документе пз.,no_supported_edit,7,False,[]
double_consonant_candidate,В заявлении уз указали слово проффесия.,В заявлении уз указали слово профессия.,no_supported_edit,6,False,[]
double_consonant_candidate,Эксперт заметил ошибку в слове проффесия в записи чз.,Эксперт заметил ошибку в слове профессия в записи чз.,no_supported_edit,9,False,[]
double_consonant_candidate,Редактор исправил слово проффесия в документе юз.,Редактор исправил слово профессия в документе юз.,no_supported_edit,7,False,[]
double_consonant_candidate,В заявлении ви указали слово проффесия.,В заявлении ви указали слово профессия.,no_supported_edit,6,False,[]
double_consonant_candidate,Эксперт заметил ошибку в слове проффесия в записи жи.,Эксперт заметил ошибку в слове профессия в записи жи.,no_supported_edit,9,False,[]
double_consonant_candidate,Редактор исправил слово проффесия в документе ли.,Редактор исправил слово профессия в документе ли.,no_supported_edit,7,False,[]
double_consonant_candidate,В заявлении пи указали слово проффесия.,В заявлении пи указали слово профессия.,no_supported_edit,6,False,[]
double_consonant_candidate,Эксперт заметил ошибку в слове проффесия в записи уи.,Эксперт заметил ошибку в слове профессия в записи уи.,no_supported_edit,9,False,[]
double_consonant_candidate,Редактор исправил слово проффесия в документе чи.,Редактор исправил слово профессия в документе чи.,no_supported_edit,7,False,[]
double_consonant_candidate,В заявлении юи указали слово проффесия.,В заявлении юи указали слово профессия.,no_supported_edit,6,False,[]
double_consonant_candidate,Эксперт заметил ошибку в слове проффесия в записи вк.,Эксперт заметил ошибку в слове профессия в записи вк.,no_supported_edit,9,False,[]
double_consonant_candidate,Редактор исправил слово проффесия в документе жк.,Редактор исправил слово профессия в документе жк.,no_supported_edit,7,False,[]
double_consonant_candidate,В заявлении лк указали слово проффесия.,В заявлении лк указали слово профессия.,no_supported_edit,6,False,[]
double_consonant_candidate,Эксперт заметил ошибку в слове проффесия в записи пк.,Эксперт заметил ошибку в слове профессия в записи пк.,no_supported_edit,9,False,[]
double_consonant_candidate,Редактор исправил слово проффесия в документе ук.,Редактор исправил слово профессия в документе ук.,no_supported_edit,7,False,[]
double_consonant_candidate,В заявлении чк указали слово проффесия.,В заявлении чк указали слово профессия.,no_supported_edit,6,False,[]
double_consonant_candidate,Эксперт заметил ошибку в слове проффесия в записи юк.,Эксперт заметил ошибку в слове профессия в записи юк.,no_supported_edit,9,False,[]
double_consonant_candidate,Редактор исправил слово проффесия в документе вл.,Редактор исправил слово профессия в документе вл.,no_supported_edit,7,False,[]
double_consonant_candidate,В заявлении жл указали слово проффесия.,В заявлении жл указали слово профессия.,no_supported_edit,6,False,[]
double_consonant_candidate,Эксперт заметил ошибку в слове проффесия в записи лл.,Эксперт заметил ошибку в слове профессия в записи лл.,no_supported_edit,9,False,[]
double_consonant_candidate,Редактор исправил слово проффесия в документе пл.,Редактор исправил слово профессия в документе пл.,no_supported_edit,7,False,[]
double_consonant_candidate,В заявлении ул указали слово проффесия.,В заявлении ул указали слово профессия.,no_supported_edit,6,False,[]
double_consonant_candidate,Эксперт заметил ошибку в слове проффесия в записи чл.,Эксперт заметил ошибку в слове профессия в записи чл.,no_supported_edit,9,False,[]
double_consonant_candidate,Редактор исправил слово проффесия в документе юл.,Редактор исправил слово профессия в документе юл.,no_supported_edit,7,False,[]
double_consonant_candidate,В заявлении вм указали слово проффесия.,В заявлении вм указали слово профессия.,no_supported_edit,6,False,[]
double_consonant_candidate,Эксперт заметил ошибку в слове проффесия в записи жм.,Эксперт заметил ошибку в слове профессия в записи жм.,no_supported_edit,9,False,[]
double_consonant_candidate,Редактор исправил слово проффесия в документе лм.,Редактор исправил слово профессия в документе лм.,no_supported_edit,7,False,[]
double_consonant_candidate,В заявлении пм указали слово проффесия.,В заявлении пм указали слово профессия.,no_supported_edit,6,False,[]
double_consonant_candidate,Редактор исправил слово граматика в документе см.,Редактор исправил слово грамматика в документе см.,protected_span,9,True,"[""dictionary_fuzzy"", ""double_consonant_candidate""]"
double_consonant_candidate,Эксперт заметил ошибку в слове проффесия в записи ум.,Эксперт заметил ошибку в слове профессия в записи ум.,no_supported_edit,9,False,[]
double_consonant_candidate,Редактор исправил слово проффесия в документе чм.,Редактор исправил слово профессия в документе чм.,no_supported_edit,7,False,[]
double_consonant_candidate,В заявлении юм указали слово проффесия.,В заявлении юм указали слово профессия.,no_supported_edit,6,False,[]
double_consonant_candidate,Эксперт заметил ошибку в слове проффесия в записи вн.,Эксперт заметил ошибку в слове профессия в записи вн.,no_supported_edit,9,False,[]
double_consonant_candidate,Редактор исправил слово проффесия в документе жн.,Редактор исправил слово профессия в документе жн.,no_supported_edit,7,False,[]
double_consonant_candidate,В заявлении лн указали слово проффесия.,В заявлении лн указали слово профессия.,no_supported_edit,6,False,[]
enumeration_colon,В отчете указаны три проблемы ошибки задержки и риски.,В отчете указаны три проблемы: ошибки задержки и риски.,no_existing_candidate_backed_pattern,9,False,[]
frequent_error_exact,Редактор вобще не спорил.,Редактор вообще не спорил.,no_supported_edit,4,False,[]
frequent_error_exact,Отдел подготовил предварителный расчет.,Отдел подготовил предварительный расчет.,no_supported_edit,4,False,[]
homogeneous_comma,Команда проверила отчеты письма и заявки.,"Команда проверила отчеты, письма и заявки.",no_existing_candidate_backed_pattern,7,True,"[""homogeneous_comma""]"
hyphen_whitelist,Он говорит по русски о документе. Позже редактор сохранил копию.,Он говорит по-русски о документе. Позже редактор сохранил копию.,no_existing_candidate_backed_pattern,14,False,"[""direct_speech_colon"", ""direct_speech_quotes"", ""hyphen_po_adverbs""]"
hyphen_whitelist,Кто нибудь отправит отчет утром. Утром комиссия вернулась к письму.,Кто-нибудь отправит отчет утром. Утром комиссия вернулась к письму.,no_existing_candidate_backed_pattern,11,False,"[""hyphen_particles""]"
hyphen_whitelist,Кое кто сохранил таблицу вечером. После встречи файл остался в архиве.,Кое-кто сохранил таблицу вечером. После встречи файл остался в архиве.,no_existing_candidate_backed_pattern,12,False,"[""hyphen_koe_koy""]"
hyphen_whitelist,Он говорит по русски о документе. Вечером автор обновил сводку.,Он говорит по-русски о документе. Вечером автор обновил сводку.,no_existing_candidate_backed_pattern,14,False,"[""direct_speech_colon"", ""direct_speech_quotes"", ""hyphen_po_adverbs""]"
hyphen_whitelist,Кто нибудь отправит отчет утром. Затем группа сверила подписи.,Кто-нибудь отправит отчет утром. Затем группа сверила подписи.,no_existing_candidate_backed_pattern,10,False,"[""hyphen_particles""]"
hyphen_whitelist,Кое кто сохранил таблицу вечером. Позже служба отправила ответ.,Кое-кто сохранил таблицу вечером. Позже служба отправила ответ.,no_existing_candidate_backed_pattern,10,False,"[""hyphen_koe_koy""]"
hyphen_whitelist,Он говорит по русски о документе. Утром секретарь открыл папку.,Он говорит по-русски о документе. Утром секретарь открыл папку.,no_existing_candidate_backed_pattern,14,False,"[""direct_speech_colon"", ""direct_speech_quotes"", ""hyphen_po_adverbs""]"
hyphen_whitelist,Кто нибудь отправит отчет утром. После проверки список закрыли.,Кто-нибудь отправит отчет утром. После проверки список закрыли.,no_existing_candidate_backed_pattern,10,False,"[""hyphen_particles""]"
hyphen_whitelist,Кое кто сохранил таблицу вечером. Вечером руководитель принял правки.,Кое-кто сохранил таблицу вечером. Вечером руководитель принял правки.,no_existing_candidate_backed_pattern,10,False,"[""hyphen_koe_koy""]"
hyphen_whitelist,Он говорит по русски о документе. Затем аналитик обновил запись.,Он говорит по-русски о документе. Затем аналитик обновил запись.,no_existing_candidate_backed_pattern,14,False,"[""direct_speech_colon"", ""direct_speech_quotes"", ""hyphen_po_adverbs""]"
hyphen_whitelist,Кто нибудь отправит отчет утром. Позже юрист согласовал договор.,Кто-нибудь отправит отчет утром. Позже юрист согласовал договор.,no_existing_candidate_backed_pattern,10,False,"[""hyphen_particles""]"
hyphen_whitelist,Кое кто сохранил таблицу вечером. Утром редакция выпустила заметку.,Кое-кто сохранил таблицу вечером. Утром редакция выпустила заметку.,no_existing_candidate_backed_pattern,10,False,"[""hyphen_koe_koy""]"
hyphen_whitelist,Он говорит по русски о документе. После совещания команда сверила сроки.,Он говорит по-русски о документе. После совещания команда сверила сроки.,no_existing_candidate_backed_pattern,15,False,"[""direct_speech_colon"", ""direct_speech_quotes"", ""hyphen_po_adverbs""]"
hyphen_whitelist,Кто нибудь отправит отчет утром. Вечером архивариус нашел копию.,Кто-нибудь отправит отчет утром. Вечером архивариус нашел копию.,no_existing_candidate_backed_pattern,10,False,"[""hyphen_particles""]"
hyphen_whitelist,Кое кто сохранил таблицу вечером. Затем отдел подготовил справку.,Кое-кто сохранил таблицу вечером. Затем отдел подготовил справку.,no_existing_candidate_backed_pattern,10,False,"[""hyphen_koe_koy""]"
hyphen_whitelist,Он говорит по русски о документе. Позже координатор закрыл заявку.,Он говорит по-русски о документе. Позже координатор закрыл заявку.,no_existing_candidate_backed_pattern,14,False,"[""direct_speech_colon"", ""direct_speech_quotes"", ""hyphen_po_adverbs""]"
hyphen_whitelist,Кто нибудь отправит отчет утром. Утром эксперт прочитал письмо.,Кто-нибудь отправит отчет утром. Утром эксперт прочитал письмо.,no_existing_candidate_backed_pattern,10,False,"[""hyphen_particles""]"
hyphen_whitelist,Кое кто сохранил таблицу вечером. После обеда комиссия уточнила вывод.,Кое-кто сохранил таблицу вечером. После обеда комиссия уточнила вывод.,no_existing_candidate_backed_pattern,11,False,"[""hyphen_koe_koy""]"
hyphen_whitelist,Он говорит по русски о документе. Вечером автор проверил таблицу.,Он говорит по-русски о документе. Вечером автор проверил таблицу.,no_existing_candidate_backed_pattern,14,False,"[""direct_speech_colon"", ""direct_speech_quotes"", ""hyphen_po_adverbs""]"
hyphen_whitelist,Кто нибудь отправит отчет утром. Затем редактор отправил файл.,Кто-нибудь отправит отчет утром. Затем редактор отправил файл.,no_existing_candidate_backed_pattern,10,False,"[""hyphen_particles""]"
hyphen_whitelist,Кое кто сохранил таблицу вечером. Позже группа обсудила договор.,Кое-кто сохранил таблицу вечером. Позже группа обсудила договор.,no_existing_candidate_backed_pattern,10,False,"[""hyphen_koe_koy""]"
hyphen_whitelist,Он говорит по русски о документе. Утром служба приняла заявку.,Он говорит по-русски о документе. Утром служба приняла заявку.,no_existing_candidate_backed_pattern,14,False,"[""direct_speech_colon"", ""direct_speech_quotes"", ""hyphen_po_adverbs""]"
hyphen_whitelist,Кто нибудь отправит отчет утром. После проверки руководитель подписал лист.,Кто-нибудь отправит отчет утром. После проверки руководитель подписал лист.,no_existing_candidate_backed_pattern,11,False,"[""hyphen_particles""]"
hyphen_whitelist,Кое кто сохранил таблицу вечером. Вечером секретарь обновил график.,Кое-кто сохранил таблицу вечером. Вечером секретарь обновил график.,no_existing_candidate_backed_pattern,10,False,"[""hyphen_koe_koy""]"
hyphen_whitelist,Он говорит по русски о документе. Затем эксперт сверил данные.,Он говорит по-русски о документе. Затем эксперт сверил данные.,no_existing_candidate_backed_pattern,14,False,"[""direct_speech_colon"", ""direct_speech_quotes"", ""hyphen_po_adverbs""]"
hyphen_whitelist,Кто нибудь отправит отчет утром. Позже редакция открыла архив.,Кто-нибудь отправит отчет утром. Позже редакция открыла архив.,no_existing_candidate_backed_pattern,10,False,"[""hyphen_particles""]"
hyphen_whitelist,Кое кто сохранил таблицу вечером. Утром автор исправил дату.,Кое-кто сохранил таблицу вечером. Утром автор исправил дату.,no_existing_candidate_backed_pattern,10,False,"[""hyphen_koe_koy""]"
hyphen_whitelist,Он говорит по русски о документе. После встречи отдел сохранил запись.,Он говорит по-русски о документе. После встречи отдел сохранил запись.,no_existing_candidate_backed_pattern,15,False,"[""direct_speech_colon"", ""direct_speech_quotes"", ""hyphen_po_adverbs""]"
hyphen_whitelist,Кто нибудь отправит отчет утром. Вечером комиссия закрыла вопрос.,Кто-нибудь отправит отчет утром. Вечером комиссия закрыла вопрос.,no_existing_candidate_backed_pattern,10,False,"[""hyphen_particles""]"
hyphen_whitelist,Кое кто сохранил таблицу вечером. Затем координатор отправил сводку.,Кое-кто сохранил таблицу вечером. Затем координатор отправил сводку.,no_existing_candidate_backed_pattern,10,False,"[""hyphen_koe_koy""]"
hyphen_whitelist,Он говорит по русски о документе. Позже аналитик проверил договор.,Он говорит по-русски о документе. Позже аналитик проверил договор.,no_existing_candidate_backed_pattern,14,False,"[""direct_speech_colon"", ""direct_speech_quotes"", ""hyphen_po_adverbs""]"
hyphen_whitelist,Кто нибудь отправит отчет утром. Утром редактор принял отчет.,Кто-нибудь отправит отчет утром. Утром редактор принял отчет.,no_existing_candidate_backed_pattern,10,False,"[""hyphen_particles""]"
hyphen_whitelist,Кое кто сохранил таблицу вечером. После обеда автор открыл журнал.,Кое-кто сохранил таблицу вечером. После обеда автор открыл журнал.,no_existing_candidate_backed_pattern,11,False,"[""hyphen_koe_koy""]"
hyphen_whitelist,Он говорит по русски о документе. Вечером отдел сверил ведомость.,Он говорит по-русски о документе. Вечером отдел сверил ведомость.,no_existing_candidate_backed_pattern,14,False,"[""direct_speech_colon"", ""direct_speech_quotes"", ""hyphen_po_adverbs""]"
hyphen_whitelist,Кто нибудь отправит отчет утром. Затем юрист обновил папку.,Кто-нибудь отправит отчет утром. Затем юрист обновил папку.,no_existing_candidate_backed_pattern,10,False,"[""hyphen_particles""]"
hyphen_whitelist,Кое кто сохранил таблицу вечером. Позже комиссия приняла справку.,Кое-кто сохранил таблицу вечером. Позже комиссия приняла справку.,no_existing_candidate_backed_pattern,10,False,"[""hyphen_koe_koy""]"
hyphen_whitelist,Он говорит по русски о документе. Утром группа закрыла протокол.,Он говорит по-русски о документе. Утром группа закрыла протокол.,no_existing_candidate_backed_pattern,14,False,"[""direct_speech_colon"", ""direct_speech_quotes"", ""hyphen_po_adverbs""]"
hyphen_whitelist,Кто нибудь отправит отчет утром. После встречи редактор сохранил таблицу.,Кто-нибудь отправит отчет утром. После встречи редактор сохранил таблицу.,no_existing_candidate_backed_pattern,11,False,"[""hyphen_particles""]"
hyphen_whitelist,Кое кто сохранил таблицу вечером. Вечером эксперт уточнил маршрут.,Кое-кто сохранил таблицу вечером. Вечером эксперт уточнил маршрут.,no_existing_candidate_backed_pattern,10,False,"[""hyphen_koe_koy""]"
hyphen_whitelist,Он говорит по русски о документе. Затем секретарь проверил журнал.,Он говорит по-русски о документе. Затем секретарь проверил журнал.,no_existing_candidate_backed_pattern,14,False,"[""direct_speech_colon"", ""direct_speech_quotes"", ""hyphen_po_adverbs""]"
hyphen_whitelist,Кто нибудь отправит отчет утром. Позже служба согласовала заявку.,Кто-нибудь отправит отчет утром. Позже служба согласовала заявку.,no_existing_candidate_backed_pattern,10,False,"[""hyphen_particles""]"
hyphen_whitelist,Кое кто сохранил таблицу вечером. Утром автор отправил письмо.,Кое-кто сохранил таблицу вечером. Утром автор отправил письмо.,no_existing_candidate_backed_pattern,10,False,"[""hyphen_koe_koy""]"
hyphen_whitelist,Он говорит по русски о документе. После проверки отдел обновил график.,Он говорит по-русски о документе. После проверки отдел обновил график.,no_existing_candidate_backed_pattern,15,False,"[""direct_speech_colon"", ""direct_speech_quotes"", ""hyphen_po_adverbs""]"
hyphen_whitelist,Кто нибудь отправит отчет утром. Вечером координатор принял ответ.,Кто-нибудь отправит отчет утром. Вечером координатор принял ответ.,no_existing_candidate_backed_pattern,10,False,"[""hyphen_particles""]"
hyphen_whitelist,Кое кто сохранил таблицу вечером. Затем комиссия открыла раздел.,Кое-кто сохранил таблицу вечером. Затем комиссия открыла раздел.,no_existing_candidate_backed_pattern,10,False,"[""hyphen_koe_koy""]"
hyphen_whitelist,Он говорит по русски о документе. Позже редактор сверил список.,Он говорит по-русски о документе. Позже редактор сверил список.,no_existing_candidate_backed_pattern,14,False,"[""direct_speech_colon"", ""direct_speech_quotes"", ""hyphen_po_adverbs""]"
hyphen_whitelist,Кто нибудь отправит отчет утром. Утром аналитик сохранил отчет.,Кто-нибудь отправит отчет утром. Утром аналитик сохранил отчет.,no_existing_candidate_backed_pattern,10,False,"[""hyphen_particles""]"
hyphen_whitelist,Кое кто сохранил таблицу вечером. После обеда юрист проверил подпись.,Кое-кто сохранил таблицу вечером. После обеда юрист проверил подпись.,no_existing_candidate_backed_pattern,11,False,"[""hyphen_koe_koy""]"
hyphen_whitelist,Он говорит по русски о документе. Вечером группа обновила запись.,Он говорит по-русски о документе. Вечером группа обновила запись.,no_existing_candidate_backed_pattern,14,False,"[""direct_speech_colon"", ""direct_speech_quotes"", ""hyphen_po_adverbs""]"
hyphen_whitelist,Кто нибудь отправит отчет утром. Затем служба закрыла вопрос.,Кто-нибудь отправит отчет утром. Затем служба закрыла вопрос.,no_existing_candidate_backed_pattern,10,False,"[""hyphen_particles""]"
hyphen_whitelist,Кое кто сохранил таблицу вечером. Позже эксперт согласовал таблицу.,Кое-кто сохранил таблицу вечером. Позже эксперт согласовал таблицу.,no_existing_candidate_backed_pattern,10,False,"[""hyphen_koe_koy""]"
hyphen_whitelist,Он говорит по русски о документе. Утром отдел отправил договор.,Он говорит по-русски о документе. Утром отдел отправил договор.,no_existing_candidate_backed_pattern,14,False,"[""direct_speech_colon"", ""direct_speech_quotes"", ""hyphen_po_adverbs""]"
hyphen_whitelist,Кто нибудь отправит отчет утром. После совещания автор уточнил дату.,Кто-нибудь отправит отчет утром. После совещания автор уточнил дату.,no_existing_candidate_backed_pattern,11,False,"[""hyphen_particles""]"
hyphen_whitelist,Кое кто сохранил таблицу вечером. Вечером редактор открыл протокол.,Кое-кто сохранил таблицу вечером. Вечером редактор открыл протокол.,no_existing_candidate_backed_pattern,10,False,"[""hyphen_koe_koy""]"
hyphen_whitelist,Он говорит по русски о документе. Затем координатор сверил журнал.,Он говорит по-русски о документе. Затем координатор сверил журнал.,no_existing_candidate_backed_pattern,14,False,"[""direct_speech_colon"", ""direct_speech_quotes"", ""hyphen_po_adverbs""]"
hyphen_whitelist,Кто нибудь отправит отчет утром. Позже комиссия сохранила решение.,Кто-нибудь отправит отчет утром. Позже комиссия сохранила решение.,no_existing_candidate_backed_pattern,10,False,"[""hyphen_particles""]"
hyphen_whitelist,Кое кто сохранил таблицу вечером. Утром секретарь проверил папку.,Кое-кто сохранил таблицу вечером. Утром секретарь проверил папку.,no_existing_candidate_backed_pattern,10,False,"[""hyphen_koe_koy""]"
hyphen_whitelist,Он говорит по русски о документе. После проверки аналитик принял сводку.,Он говорит по-русски о документе. После проверки аналитик принял сводку.,no_existing_candidate_backed_pattern,15,False,"[""direct_speech_colon"", ""direct_speech_quotes"", ""hyphen_po_adverbs""]"
hyphen_whitelist,Кто нибудь отправит отчет утром. Вечером служба обновила список.,Кто-нибудь отправит отчет утром. Вечером служба обновила список.,no_existing_candidate_backed_pattern,10,False,"[""hyphen_particles""]"
hyphen_whitelist,Кое кто сохранил таблицу вечером. Затем юрист отправил письмо.,Кое-кто сохранил таблицу вечером. Затем юрист отправил письмо.,no_existing_candidate_backed_pattern,10,False,"[""hyphen_koe_koy""]"
hyphen_whitelist,Он говорит по русски о документе. Позже отдел согласовал график.,Он говорит по-русски о документе. Позже отдел согласовал график.,no_existing_candidate_backed_pattern,14,False,"[""direct_speech_colon"", ""direct_speech_quotes"", ""hyphen_po_adverbs""]"
hyphen_whitelist,Кто нибудь отправит отчет утром. Утром редакция сверила выпуск.,Кто-нибудь отправит отчет утром. Утром редакция сверила выпуск.,no_existing_candidate_backed_pattern,10,False,"[""hyphen_particles""]"
hyphen_whitelist,Кое кто сохранил таблицу вечером. После встречи эксперт закрыл заявку.,Кое-кто сохранил таблицу вечером. После встречи эксперт закрыл заявку.,no_existing_candidate_backed_pattern,11,False,"[""hyphen_koe_koy""]"
hyphen_whitelist,Он говорит по русски о документе. Вечером автор сохранил раздел.,Он говорит по-русски о документе. Вечером автор сохранил раздел.,no_existing_candidate_backed_pattern,14,False,"[""direct_speech_colon"", ""direct_speech_quotes"", ""hyphen_po_adverbs""]"
hyphen_whitelist,Кто нибудь отправит отчет утром. Затем группа проверила договор.,Кто-нибудь отправит отчет утром. Затем группа проверила договор.,no_existing_candidate_backed_pattern,10,False,"[""hyphen_particles""]"
hyphen_whitelist,Кое кто сохранил таблицу вечером. Позже секретарь уточнил таблицу.,Кое-кто сохранил таблицу вечером. Позже секретарь уточнил таблицу.,no_existing_candidate_backed_pattern,10,False,"[""hyphen_koe_koy""]"
hyphen_whitelist,Он говорит по русски о документе. Утром комиссия открыла журнал.,Он говорит по-русски о документе. Утром комиссия открыла журнал.,no_existing_candidate_backed_pattern,14,False,"[""direct_speech_colon"", ""direct_speech_quotes"", ""hyphen_po_adverbs""]"
hyphen_whitelist,Кто нибудь отправит отчет утром. После обеда координатор принял протокол.,Кто-нибудь отправит отчет утром. После обеда координатор принял протокол.,no_existing_candidate_backed_pattern,11,False,"[""hyphen_particles""]"
hyphen_whitelist,Кое кто сохранил таблицу вечером. Вечером аналитик сверил письмо.,Кое-кто сохранил таблицу вечером. Вечером аналитик сверил письмо.,no_existing_candidate_backed_pattern,10,False,"[""hyphen_koe_koy""]"
hyphen_whitelist,Он говорит по русски о документе. Затем редактор обновил дату.,Он говорит по-русски о документе. Затем редактор обновил дату.,no_existing_candidate_backed_pattern,14,False,"[""direct_speech_colon"", ""direct_speech_quotes"", ""hyphen_po_adverbs""]"
hyphen_whitelist,Кто нибудь отправит отчет утром. Позже служба проверила запись.,Кто-нибудь отправит отчет утром. Позже служба проверила запись.,no_existing_candidate_backed_pattern,10,False,"[""hyphen_particles""]"
hyphen_whitelist,Кое кто сохранил таблицу вечером. Утром юрист сохранил справку.,Кое-кто сохранил таблицу вечером. Утром юрист сохранил справку.,no_existing_candidate_backed_pattern,10,False,"[""hyphen_koe_koy""]"
hyphen_whitelist,Он говорит по русски о документе. После проверки автор отправил отчет.,Он говорит по-русски о документе. После проверки автор отправил отчет.,no_existing_candidate_backed_pattern,15,False,"[""direct_speech_colon"", ""direct_speech_quotes"", ""hyphen_po_adverbs""]"
hyphen_whitelist,Кто нибудь отправит отчет утром. Вечером отдел открыл папку.,Кто-нибудь отправит отчет утром. Вечером отдел открыл папку.,no_existing_candidate_backed_pattern,10,False,"[""hyphen_particles""]"
hyphen_whitelist,Кое кто сохранил таблицу вечером. Затем эксперт согласовал список.,Кое-кто сохранил таблицу вечером. Затем эксперт согласовал список.,no_existing_candidate_backed_pattern,10,False,"[""hyphen_koe_koy""]"
hyphen_whitelist,Он говорит по русски о документе. Позже координатор обновил ведомость.,Он говорит по-русски о документе. Позже координатор обновил ведомость.,no_existing_candidate_backed_pattern,14,False,"[""direct_speech_colon"", ""direct_speech_quotes"", ""hyphen_po_adverbs""]"
hyphen_whitelist,Кто нибудь отправит отчет утром. Утром группа приняла решение.,Кто-нибудь отправит отчет утром. Утром группа приняла решение.,no_existing_candidate_backed_pattern,10,False,"[""hyphen_particles""]"
hyphen_whitelist,Кое кто сохранил таблицу вечером. После встречи редакция проверила маршрут.,Кое-кто сохранил таблицу вечером. После встречи редакция проверила маршрут.,no_existing_candidate_backed_pattern,11,False,"[""hyphen_koe_koy""]"
hyphen_whitelist,Он говорит по русски о документе. Вечером комиссия сохранила таблицу.,Он говорит по-русски о документе. Вечером комиссия сохранила таблицу.,no_existing_candidate_backed_pattern,14,False,"[""direct_speech_colon"", ""direct_speech_quotes"", ""hyphen_po_adverbs""]"
hyphen_whitelist,Кто нибудь отправит отчет утром. Затем секретарь закрыл раздел.,Кто-нибудь отправит отчет утром. Затем секретарь закрыл раздел.,no_existing_candidate_backed_pattern,10,False,"[""hyphen_particles""]"
hyphen_whitelist,Кое кто сохранил таблицу вечером. Позже аналитик отправил сводку.,Кое-кто сохранил таблицу вечером. Позже аналитик отправил сводку.,no_existing_candidate_backed_pattern,10,False,"[""hyphen_koe_koy""]"
hyphen_whitelist,Он говорит по русски о документе. Утром служба уточнила график.,Он говорит по-русски о документе. Утром служба уточнила график.,no_existing_candidate_backed_pattern,14,False,"[""direct_speech_colon"", ""direct_speech_quotes"", ""hyphen_po_adverbs""]"
hyphen_whitelist,Кто нибудь отправит отчет утром. После обеда редактор принял письмо.,Кто-нибудь отправит отчет утром. После обеда редактор принял письмо.,no_existing_candidate_backed_pattern,11,False,"[""hyphen_particles""]"
hyphen_whitelist,Кое кто сохранил таблицу вечером. Вечером юрист сверил договор.,Кое-кто сохранил таблицу вечером. Вечером юрист сверил договор.,no_existing_candidate_backed_pattern,10,False,"[""hyphen_koe_koy""]"
hyphen_whitelist,Он говорит по русски о документе. Затем отдел сохранил журнал.,Он говорит по-русски о документе. Затем отдел сохранил журнал.,no_existing_candidate_backed_pattern,14,False,"[""direct_speech_colon"", ""direct_speech_quotes"", ""hyphen_po_adverbs""]"
hyphen_whitelist,Кто нибудь отправит отчет утром. Позже автор проверил подпись.,Кто-нибудь отправит отчет утром. Позже автор проверил подпись.,no_existing_candidate_backed_pattern,10,False,"[""hyphen_particles""]"
hyphen_whitelist,Кое кто сохранил таблицу вечером. Утром эксперт обновил протокол.,Кое-кто сохранил таблицу вечером. Утром эксперт обновил протокол.,no_existing_candidate_backed_pattern,10,False,"[""hyphen_koe_koy""]"
hyphen_whitelist,Он говорит по русски о документе. После проверки комиссия отправила ответ.,Он говорит по-русски о документе. После проверки комиссия отправила ответ.,no_existing_candidate_backed_pattern,15,False,"[""direct_speech_colon"", ""direct_speech_quotes"", ""hyphen_po_adverbs""]"
hyphen_whitelist,Кто нибудь отправит отчет утром. Вечером координатор открыл список.,Кто-нибудь отправит отчет утром. Вечером координатор открыл список.,no_existing_candidate_backed_pattern,10,False,"[""hyphen_particles""]"
hyphen_whitelist,Кое кто сохранил таблицу вечером. Затем редакция согласовала выпуск.,Кое-кто сохранил таблицу вечером. Затем редакция согласовала выпуск.,no_existing_candidate_backed_pattern,10,False,"[""hyphen_koe_koy""]"
hyphen_whitelist,Он говорит по русски о документе. Позже группа сохранила папку.,Он говорит по-русски о документе. Позже группа сохранила папку.,no_existing_candidate_backed_pattern,14,False,"[""direct_speech_colon"", ""direct_speech_quotes"", ""hyphen_po_adverbs""]"
hyphen_whitelist,Кто нибудь отправит отчет утром. Утром аналитик проверил заявку.,Кто-нибудь отправит отчет утром. Утром аналитик проверил заявку.,no_existing_candidate_backed_pattern,10,False,"[""hyphen_particles""]"
hyphen_whitelist,Кое кто сохранил таблицу вечером. После встречи служба приняла справку.,Кое-кто сохранил таблицу вечером. После встречи служба приняла справку.,no_existing_candidate_backed_pattern,11,False,"[""hyphen_koe_koy""]"
hyphen_whitelist,Он говорит по русски о документе. Вечером секретарь отправил письмо.,Он говорит по-русски о документе. Вечером секретарь отправил письмо.,no_existing_candidate_backed_pattern,14,False,"[""direct_speech_colon"", ""direct_speech_quotes"", ""hyphen_po_adverbs""]"
hyphen_whitelist,Кто нибудь отправит отчет утром. Затем юрист обновил решение.,Кто-нибудь отправит отчет утром. Затем юрист обновил решение.,no_existing_candidate_backed_pattern,10,False,"[""hyphen_particles""]"
hyphen_whitelist,Кое кто сохранил таблицу вечером. Позже отдел сверил таблицу.,Кое-кто сохранил таблицу вечером. Позже отдел сверил таблицу.,no_existing_candidate_backed_pattern,10,False,"[""hyphen_koe_koy""]"
hyphen_whitelist,Он говорит по русски о документе. Утром автор закрыл вопрос.,Он говорит по-русски о документе. Утром автор закрыл вопрос.,no_existing_candidate_backed_pattern,14,False,"[""direct_speech_colon"", ""direct_speech_quotes"", ""hyphen_po_adverbs""]"
hyphen_whitelist,Кто нибудь отправит отчет утром. После проверки редактор уточнил справку.,Кто-нибудь отправит отчет утром. После проверки редактор уточнил справку.,no_existing_candidate_backed_pattern,11,False,"[""hyphen_particles""]"
hyphen_whitelist,Кое кто сохранил таблицу вечером. Вечером комиссия открыла ведомость.,Кое-кто сохранил таблицу вечером. Вечером комиссия открыла ведомость.,no_existing_candidate_backed_pattern,10,False,"[""hyphen_koe_koy""]"
hyphen_whitelist,Он говорит по русски о документе. Затем аналитик согласовал приказ.,Он говорит по-русски о документе. Затем аналитик согласовал приказ.,no_existing_candidate_backed_pattern,14,False,"[""direct_speech_colon"", ""direct_speech_quotes"", ""hyphen_po_adverbs""]"
hyphen_whitelist,Кто нибудь отправит отчет утром. Позже секретарь сохранил протокол.,Кто-нибудь отправит отчет утром. Позже секретарь сохранил протокол.,no_existing_candidate_backed_pattern,10,False,"[""hyphen_particles""]"
hyphen_whitelist,Кое кто сохранил таблицу вечером. Утром группа проверила таблицу.,Кое-кто сохранил таблицу вечером. Утром группа проверила таблицу.,no_existing_candidate_backed_pattern,10,False,"[""hyphen_koe_koy""]"
hyphen_whitelist,Он говорит по русски о документе. После встречи юрист обновил журнал.,Он говорит по-русски о документе. После встречи юрист обновил журнал.,no_existing_candidate_backed_pattern,15,False,"[""direct_speech_colon"", ""direct_speech_quotes"", ""hyphen_po_adverbs""]"
hyphen_whitelist,Кто нибудь отправит отчет утром. Вечером служба закрыла заявку.,Кто-нибудь отправит отчет утром. Вечером служба закрыла заявку.,no_existing_candidate_backed_pattern,10,False,"[""hyphen_particles""]"
hyphen_whitelist,Кое кто сохранил таблицу вечером. Затем автор сверил список.,Кое-кто сохранил таблицу вечером. Затем автор сверил список.,no_existing_candidate_backed_pattern,10,False,"[""hyphen_koe_koy""]"
hyphen_whitelist,Он говорит по русски о документе. Позже отдел принял договор.,Он говорит по-русски о документе. Позже отдел принял договор.,no_existing_candidate_backed_pattern,14,False,"[""direct_speech_colon"", ""direct_speech_quotes"", ""hyphen_po_adverbs""]"
hyphen_whitelist,Кто нибудь отправит отчет утром. Утром координатор отправил ответ.,Кто-нибудь отправит отчет утром. Утром координатор отправил ответ.,no_existing_candidate_backed_pattern,10,False,"[""hyphen_particles""]"
hyphen_whitelist,Кое кто сохранил таблицу вечером. После обеда редакция уточнила маршрут.,Кое-кто сохранил таблицу вечером. После обеда редакция уточнила маршрут.,no_existing_candidate_backed_pattern,11,False,"[""hyphen_koe_koy""]"
hyphen_whitelist,Он говорит по русски о документе. Вечером эксперт сохранил ведомость.,Он говорит по-русски о документе. Вечером эксперт сохранил ведомость.,no_existing_candidate_backed_pattern,14,False,"[""direct_speech_colon"", ""direct_speech_quotes"", ""hyphen_po_adverbs""]"
hyphen_whitelist,Кто нибудь отправит отчет утром. Затем комиссия проверила папку.,Кто-нибудь отправит отчет утром. Затем комиссия проверила папку.,no_existing_candidate_backed_pattern,10,False,"[""hyphen_particles""]"
hyphen_whitelist,Кое кто сохранил таблицу вечером. Позже аналитик открыл протокол.,Кое-кто сохранил таблицу вечером. Позже аналитик открыл протокол.,no_existing_candidate_backed_pattern,10,False,"[""hyphen_koe_koy""]"
hyphen_whitelist,Он говорит по русски о документе. Утром секретарь согласовал справку.,Он говорит по-русски о документе. Утром секретарь согласовал справку.,no_existing_candidate_backed_pattern,14,False,"[""direct_speech_colon"", ""direct_speech_quotes"", ""hyphen_po_adverbs""]"
hyphen_whitelist,Кто нибудь отправит отчет утром. После проверки юрист принял таблицу.,Кто-нибудь отправит отчет утром. После проверки юрист принял таблицу.,no_existing_candidate_backed_pattern,11,False,"[""hyphen_particles""]"
hyphen_whitelist,Кое кто сохранил таблицу вечером. Вечером группа обновила договор.,Кое-кто сохранил таблицу вечером. Вечером группа обновила договор.,no_existing_candidate_backed_pattern,10,False,"[""hyphen_koe_koy""]"
hyphen_whitelist,Он говорит по русски о документе. Затем служба сверила приказ.,Он говорит по-русски о документе. Затем служба сверила приказ.,no_existing_candidate_backed_pattern,14,False,"[""direct_speech_colon"", ""direct_speech_quotes"", ""hyphen_po_adverbs""]"
hyphen_whitelist,Кто нибудь отправит отчет утром. Позже автор сохранил журнал.,Кто-нибудь отправит отчет утром. Позже автор сохранил журнал.,no_existing_candidate_backed_pattern,10,False,"[""hyphen_particles""]"
hyphen_whitelist,Кое кто сохранил таблицу вечером. Утром редактор закрыл заявку.,Кое-кто сохранил таблицу вечером. Утром редактор закрыл заявку.,no_existing_candidate_backed_pattern,10,False,"[""hyphen_koe_koy""]"
hyphen_whitelist,Он говорит по русски о документе. После встречи отдел уточнил список.,Он говорит по-русски о документе. После встречи отдел уточнил список.,no_existing_candidate_backed_pattern,15,False,"[""direct_speech_colon"", ""direct_speech_quotes"", ""hyphen_po_adverbs""]"
hyphen_whitelist,Кто нибудь отправит отчет утром. Вечером координатор проверил протокол.,Кто-нибудь отправит отчет утром. Вечером координатор проверил протокол.,no_existing_candidate_backed_pattern,10,False,"[""hyphen_particles""]"
hyphen_whitelist,Кое кто сохранил таблицу вечером. Затем эксперт отправил справку.,Кое-кто сохранил таблицу вечером. Затем эксперт отправил справку.,no_existing_candidate_backed_pattern,10,False,"[""hyphen_koe_koy""]"
hyphen_whitelist,Редактор вставил что то в отчет 0.,Редактор вставил что-то в отчет 0.,protected_span,8,True,"[""comma_subordinate"", ""hyphen_particles""]"
hyphen_whitelist,Редактор вставил кое как в отчет 1.,Редактор вставил кое-как в отчет 1.,protected_span,7,True,"[""hyphen_koe_koy""]"
hyphen_whitelist,Редактор вставил кто нибудь в отчет 2.,Редактор вставил кто-нибудь в отчет 2.,protected_span,7,True,"[""hyphen_particles""]"
hyphen_whitelist,Редактор вставил по русски в отчет 3.,Редактор вставил по-русски в отчет 3.,protected_span,7,True,"[""hyphen_po_adverbs""]"
introductory_comma,Кажется рабочий отчет уже лежит в архиве. Позже служба отправила ответ.,"Кажется, рабочий отчет уже лежит в архиве. Позже служба отправила ответ.",no_supported_edit,11,False,[]
introductory_comma,Кажется новый документ уже лежит в архиве. Утром редакция выпустила заметку.,"Кажется, новый документ уже лежит в архиве. Утром редакция выпустила заметку.",no_supported_edit,11,False,[]
introductory_comma,Кажется точный план уже лежит в архиве. После обеда комиссия уточнила вывод.,"Кажется, точный план уже лежит в архиве. После обеда комиссия уточнила вывод.",no_supported_edit,12,False,[]
introductory_comma,Кажется городской архив уже лежит в архиве. Вечером секретарь обновил график.,"Кажется, городской архив уже лежит в архиве. Вечером секретарь обновил график.",no_supported_edit,11,False,[]
introductory_comma,Кажется утренний выпуск уже лежит в архиве. Затем координатор отправил сводку.,"Кажется, утренний выпуск уже лежит в архиве. Затем координатор отправил сводку.",no_supported_edit,11,False,[]
introductory_comma,Кажется важный договор уже лежит в архиве. Позже комиссия приняла справку.,"Кажется, важный договор уже лежит в архиве. Позже комиссия приняла справку.",no_supported_edit,11,False,[]
introductory_comma,Кажется короткая заметка уже лежит в архиве. Утром автор отправил письмо.,"Кажется, короткая заметка уже лежит в архиве. Утром автор отправил письмо.",no_supported_edit,11,False,[]
introductory_comma,Кажется итоговая таблица уже лежит в архиве. После обеда юрист проверил подпись.,"Кажется, итоговая таблица уже лежит в архиве. После обеда юрист проверил подпись.",no_supported_edit,12,False,[]
introductory_comma,Кажется свежая сводка уже лежит в архиве. Вечером редактор открыл протокол.,"Кажется, свежая сводка уже лежит в архиве. Вечером редактор открыл протокол.",no_supported_edit,11,False,[]
introductory_comma,Кажется открытая заявка уже лежит в архиве. Затем юрист отправил письмо.,"Кажется, открытая заявка уже лежит в архиве. Затем юрист отправил письмо.",no_supported_edit,11,False,[]
introductory_comma,Кажется письменный ответ уже лежит в архиве. Позже секретарь уточнил таблицу.,"Кажется, письменный ответ уже лежит в архиве. Позже секретарь уточнил таблицу.",no_supported_edit,11,False,[]
introductory_comma,Кажется подробная справка уже лежит в архиве. Утром юрист сохранил справку.,"Кажется, подробная справка уже лежит в архиве. Утром юрист сохранил справку.",no_supported_edit,11,False,[]
introductory_comma,Кажется районная комиссия уже лежит в архиве. После встречи редакция проверила маршрут.,"Кажется, районная комиссия уже лежит в архиве. После встречи редакция проверила маршрут.",no_supported_edit,12,False,[]
introductory_comma,Кажется финальный список уже лежит в архиве. Вечером юрист сверил договор.,"Кажется, финальный список уже лежит в архиве. Вечером юрист сверил договор.",no_supported_edit,11,False,[]
introductory_comma,Кажется новая редакция уже лежит в архиве. Затем редакция согласовала выпуск.,"Кажется, новая редакция уже лежит в архиве. Затем редакция согласовала выпуск.",no_supported_edit,11,False,[]
introductory_comma,Кажется архивная запись уже лежит в архиве. Позже отдел сверил таблицу.,"Кажется, архивная запись уже лежит в архиве. Позже отдел сверил таблицу.",no_supported_edit,11,False,[]
introductory_comma,Кажется дежурный редактор уже лежит в архиве. Утром группа проверила таблицу.,"Кажется, дежурный редактор уже лежит в архиве. Утром группа проверила таблицу.",no_supported_edit,11,False,[]
introductory_comma,Кажется общий график уже лежит в архиве. После обеда редакция уточнила маршрут.,"Кажется, общий график уже лежит в архиве. После обеда редакция уточнила маршрут.",no_supported_edit,12,False,[]
introductory_comma,Кажется плановая встреча уже лежит в архиве. Вечером группа обновила договор.,"Кажется, плановая встреча уже лежит в архиве. Вечером группа обновила договор.",no_supported_edit,11,False,[]
introductory_comma,Кажется осенняя проверка уже лежит в архиве. Затем эксперт отправил справку.,"Кажется, осенняя проверка уже лежит в архиве. Затем эксперт отправил справку.",no_supported_edit,11,False,[]
introductory_comma,Кажется сводный отчет уже лежит в архиве. Позже группа согласовала список.,"Кажется, сводный отчет уже лежит в архиве. Позже группа согласовала список.",no_supported_edit,11,False,[]
introductory_comma,Кажется важная подпись уже лежит в архиве. Утром комиссия сохранила приказ.,"Кажется, важная подпись уже лежит в архиве. Утром комиссия сохранила приказ.",no_supported_edit,11,False,[]
introductory_comma,Кажется рабочая группа уже лежит в архиве. После обеда служба открыла справку.,"Кажется, рабочая группа уже лежит в архиве. После обеда служба открыла справку.",no_supported_edit,12,False,[]
introductory_comma,Кажется городская служба уже лежит в архиве. Вечером аналитик обновил маршрут.,"Кажется, городская служба уже лежит в архиве. Вечером аналитик обновил маршрут.",no_supported_edit,11,False,[]
introductory_comma,Кажется новый раздел уже лежит в архиве. Затем отдел проверил приказ.,"Кажется, новый раздел уже лежит в архиве. Затем отдел проверил приказ.",no_supported_edit,11,False,[]
introductory_comma,Кажется учебная таблица уже лежит в архиве. Позже секретарь отправил договор.,"Кажется, учебная таблица уже лежит в архиве. Позже секретарь отправил договор.",no_supported_edit,11,False,[]
introductory_comma,Кажется вечерний протокол уже лежит в архиве. Утром эксперт сохранил таблицу.,"Кажется, вечерний протокол уже лежит в архиве. Утром эксперт сохранил таблицу.",no_supported_edit,11,False,[]
introductory_comma,Кажется проверенный файл уже лежит в архиве. Позже редактор сохранил копию.,"Кажется, проверенный файл уже лежит в архиве. Позже редактор сохранил копию.",no_supported_edit,11,False,[]
introductory_comma,Кажется согласованный договор уже лежит в архиве. Утром секретарь открыл папку.,"Кажется, согласованный договор уже лежит в архиве. Утром секретарь открыл папку.",no_supported_edit,11,False,[]
introductory_comma,Кажется подготовленный список уже лежит в архиве. После совещания команда сверила сроки.,"Кажется, подготовленный список уже лежит в архиве. После совещания команда сверила сроки.",no_supported_edit,12,False,[]
introductory_comma,Кажется закрытая заявка уже лежит в архиве. Вечером автор проверил таблицу.,"Кажется, закрытая заявка уже лежит в архиве. Вечером автор проверил таблицу.",no_supported_edit,11,False,[]
introductory_comma,Кажется длинная запись уже лежит в архиве. Затем эксперт сверил данные.,"Кажется, длинная запись уже лежит в архиве. Затем эксперт сверил данные.",no_supported_edit,11,False,[]
introductory_comma,Кажется обновленный журнал уже лежит в архиве. Позже аналитик проверил договор.,"Кажется, обновленный журнал уже лежит в архиве. Позже аналитик проверил договор.",no_supported_edit,11,False,[]
introductory_comma,Кажется северный филиал уже лежит в архиве. Утром группа закрыла протокол.,"Кажется, северный филиал уже лежит в архиве. Утром группа закрыла протокол.",no_supported_edit,11,False,[]
introductory_comma,Кажется зимнее расписание уже лежит в архиве. После проверки отдел обновил график.,"Кажется, зимнее расписание уже лежит в архиве. После проверки отдел обновил график.",no_supported_edit,12,False,[]
introductory_comma,Кажется летняя проверка уже лежит в архиве. Вечером группа обновила запись.,"Кажется, летняя проверка уже лежит в архиве. Вечером группа обновила запись.",no_supported_edit,11,False,[]
introductory_comma,Кажется районный протокол уже лежит в архиве. Затем координатор сверил журнал.,"Кажется, районный протокол уже лежит в архиве. Затем координатор сверил журнал.",no_supported_edit,11,False,[]
introductory_comma,Кажется входящее письмо уже лежит в архиве. Позже отдел согласовал график.,"Кажется, входящее письмо уже лежит в архиве. Позже отдел согласовал график.",no_supported_edit,11,False,[]
introductory_comma,Кажется старый договор уже лежит в архиве. Утром комиссия открыла журнал.,"Кажется, старый договор уже лежит в архиве. Утром комиссия открыла журнал.",no_supported_edit,11,False,[]
introductory_comma,Кажется новая таблица уже лежит в архиве. После проверки автор отправил отчет.,"Кажется, новая таблица уже лежит в архиве. После проверки автор отправил отчет.",no_supported_edit,12,False,[]
introductory_comma,Кажется закрытый раздел уже лежит в архиве. Вечером комиссия сохранила таблицу.,"Кажется, закрытый раздел уже лежит в архиве. Вечером комиссия сохранила таблицу.",no_supported_edit,11,False,[]
introductory_comma,Кажется утренний приказ уже лежит в архиве. Затем отдел сохранил журнал.,"Кажется, утренний приказ уже лежит в архиве. Затем отдел сохранил журнал.",no_supported_edit,11,False,[]
introductory_comma,Кажется служебная записка уже лежит в архиве. Позже группа сохранила папку.,"Кажется, служебная записка уже лежит в архиве. Позже группа сохранила папку.",no_supported_edit,11,False,[]
introductory_comma,Кажется городской проект уже лежит в архиве. Утром автор закрыл вопрос.,"Кажется, городской проект уже лежит в архиве. Утром автор закрыл вопрос.",no_supported_edit,11,False,[]
introductory_comma,Кажется важное решение уже лежит в архиве. После встречи юрист обновил журнал.,"Кажется, важное решение уже лежит в архиве. После встречи юрист обновил журнал.",no_supported_edit,12,False,[]
introductory_comma,Кажется общий список уже лежит в архиве. Вечером эксперт сохранил ведомость.,"Кажется, общий список уже лежит в архиве. Вечером эксперт сохранил ведомость.",no_supported_edit,11,False,[]
introductory_comma,Кажется рабочий кабинет уже лежит в архиве. Затем служба сверила приказ.,"Кажется, рабочий кабинет уже лежит в архиве. Затем служба сверила приказ.",no_supported_edit,11,False,[]
introductory_comma,Кажется архивный номер уже лежит в архиве. Позже комиссия обновила маршрут.,"Кажется, архивный номер уже лежит в архиве. Позже комиссия обновила маршрут.",no_supported_edit,11,False,[]
introductory_comma,Кажется открытый вопрос уже лежит в архиве. Утром служба проверила журнал.,"Кажется, открытый вопрос уже лежит в архиве. Утром служба проверила журнал.",no_supported_edit,11,False,[]
introductory_comma,Кажется плановый отчет уже лежит в архиве. После встречи аналитик закрыл заявку.,"Кажется, плановый отчет уже лежит в архиве. После встречи аналитик закрыл заявку.",no_supported_edit,12,False,[]
introductory_comma,Кажется новый маршрут уже лежит в архиве. Вечером автор принял ведомость.,"Кажется, новый маршрут уже лежит в архиве. Вечером автор принял ведомость.",no_supported_edit,11,False,[]
missing_hard_sign,Редактор исправил слово обявление в документе аа.,Редактор исправил слово объявление в документе аа.,no_existing_candidate_backed_pattern,8,False,"[""frequent_error_exact""]"
missing_hard_sign,В отчете ба встретилось слово подезд.,В отчете ба встретилось слово подъезд.,no_existing_candidate_backed_pattern,7,False,"[""frequent_error_exact""]"
missing_hard_sign,Редактор исправил слово обявление в документе жа.,Редактор исправил слово объявление в документе жа.,no_existing_candidate_backed_pattern,8,False,"[""frequent_error_exact""]"
missing_hard_sign,В отчете за встретилось слово подезд.,В отчете за встретилось слово подъезд.,no_existing_candidate_backed_pattern,7,False,"[""frequent_error_exact""]"
missing_hard_sign,Редактор исправил слово обявление в документе на.,Редактор исправил слово объявление в документе на.,no_existing_candidate_backed_pattern,8,False,"[""frequent_error_exact""]"
missing_hard_sign,В отчете оа встретилось слово подезд.,В отчете оа встретилось слово подъезд.,no_existing_candidate_backed_pattern,7,False,"[""frequent_error_exact""]"
missing_hard_sign,Редактор исправил слово обявление в документе уа.,Редактор исправил слово объявление в документе уа.,no_existing_candidate_backed_pattern,8,False,"[""frequent_error_exact""]"
missing_hard_sign,В отчете фа встретилось слово подезд.,В отчете фа встретилось слово подъезд.,no_existing_candidate_backed_pattern,7,False,"[""frequent_error_exact""]"
missing_hard_sign,Редактор исправил слово обявление в документе ща.,Редактор исправил слово объявление в документе ща.,no_existing_candidate_backed_pattern,8,False,"[""frequent_error_exact""]"
missing_hard_sign,В отчете эа встретилось слово подезд.,В отчете эа встретилось слово подъезд.,no_existing_candidate_backed_pattern,7,False,"[""frequent_error_exact""]"
missing_hard_sign,Редактор исправил слово обявление в документе вб.,Редактор исправил слово объявление в документе вб.,no_existing_candidate_backed_pattern,8,False,"[""frequent_error_exact""]"
missing_hard_sign,В отчете гб встретилось слово подезд.,В отчете гб встретилось слово подъезд.,no_existing_candidate_backed_pattern,7,False,"[""frequent_error_exact""]"
missing_hard_sign,Редактор исправил слово обявление в документе иб.,Редактор исправил слово объявление в документе иб.,no_existing_candidate_backed_pattern,8,False,"[""frequent_error_exact""]"
missing_hard_sign,В отчете кб встретилось слово подезд.,В отчете кб встретилось слово подъезд.,no_existing_candidate_backed_pattern,7,False,"[""frequent_error_exact""]"
missing_hard_sign,Редактор исправил слово обявление в документе пб.,Редактор исправил слово объявление в документе пб.,no_existing_candidate_backed_pattern,8,False,"[""frequent_error_exact""]"
missing_hard_sign,В отчете рб встретилось слово подезд.,В отчете рб встретилось слово подъезд.,no_existing_candidate_backed_pattern,7,False,"[""frequent_error_exact""]"
missing_hard_sign,Редактор исправил слово обявление в документе хб.,Редактор исправил слово объявление в документе хб.,no_existing_candidate_backed_pattern,8,False,"[""frequent_error_exact""]"
missing_hard_sign,В отчете цб встретилось слово подезд.,В отчете цб встретилось слово подъезд.,no_existing_candidate_backed_pattern,7,False,"[""frequent_error_exact""]"
missing_hard_sign,Редактор исправил слово обявление в документе юб.,Редактор исправил слово объявление в документе юб.,no_existing_candidate_backed_pattern,8,False,"[""frequent_error_exact""]"
missing_hard_sign,В отчете яб встретилось слово подезд.,В отчете яб встретилось слово подъезд.,no_existing_candidate_backed_pattern,7,False,"[""frequent_error_exact""]"
missing_hard_sign,Редактор исправил слово обявление в документе дв.,Редактор исправил слово объявление в документе дв.,no_existing_candidate_backed_pattern,8,False,"[""frequent_error_exact""]"
missing_hard_sign,В отчете ев встретилось слово подезд.,В отчете ев встретилось слово подъезд.,no_existing_candidate_backed_pattern,7,False,"[""frequent_error_exact""]"
missing_hard_sign,Редактор исправил слово обявление в документе лв.,Редактор исправил слово объявление в документе лв.,no_existing_candidate_backed_pattern,8,False,"[""frequent_error_exact""]"
missing_hard_sign,В отчете мв встретилось слово подезд.,В отчете мв встретилось слово подъезд.,no_existing_candidate_backed_pattern,7,False,"[""frequent_error_exact""]"
missing_hard_sign,Редактор исправил слово обявление в документе св.,Редактор исправил слово объявление в документе св.,no_existing_candidate_backed_pattern,8,False,"[""frequent_error_exact""]"
missing_hard_sign,В отчете тв встретилось слово подезд.,В отчете тв встретилось слово подъезд.,no_existing_candidate_backed_pattern,7,False,"[""frequent_error_exact""]"
missing_hard_sign,Редактор исправил слово обявление в документе чв.,Редактор исправил слово объявление в документе чв.,no_existing_candidate_backed_pattern,8,False,"[""frequent_error_exact""]"
missing_hard_sign,В отчете шв встретилось слово подезд.,В отчете шв встретилось слово подъезд.,no_existing_candidate_backed_pattern,7,False,"[""frequent_error_exact""]"
missing_hard_sign,Редактор исправил слово обявление в документе аг.,Редактор исправил слово объявление в документе аг.,no_existing_candidate_backed_pattern,8,False,"[""frequent_error_exact""]"
missing_hard_sign,В отчете бг встретилось слово подезд.,В отчете бг встретилось слово подъезд.,no_existing_candidate_backed_pattern,7,False,"[""frequent_error_exact""]"
missing_hard_sign,Редактор исправил слово обявление в документе жг.,Редактор исправил слово объявление в документе жг.,no_existing_candidate_backed_pattern,8,False,"[""frequent_error_exact""]"
missing_hard_sign,В отчете зг встретилось слово подезд.,В отчете зг встретилось слово подъезд.,no_existing_candidate_backed_pattern,7,False,"[""frequent_error_exact""]"
missing_hard_sign,Редактор исправил слово обявление в документе нг.,Редактор исправил слово объявление в документе нг.,no_existing_candidate_backed_pattern,8,False,"[""frequent_error_exact""]"
missing_hard_sign,В отчете ог встретилось слово подезд.,В отчете ог встретилось слово подъезд.,no_existing_candidate_backed_pattern,7,False,"[""frequent_error_exact""]"
missing_hard_sign,Редактор исправил слово обявление в документе уг.,Редактор исправил слово объявление в документе уг.,no_existing_candidate_backed_pattern,8,False,"[""frequent_error_exact""]"
missing_hard_sign,В отчете фг встретилось слово подезд.,В отчете фг встретилось слово подъезд.,no_existing_candidate_backed_pattern,7,False,"[""frequent_error_exact""]"
missing_hard_sign,Редактор исправил слово обявление в документе щг.,Редактор исправил слово объявление в документе щг.,no_existing_candidate_backed_pattern,8,False,"[""frequent_error_exact""]"
missing_hard_sign,В отчете эг встретилось слово подезд.,В отчете эг встретилось слово подъезд.,no_existing_candidate_backed_pattern,7,False,"[""frequent_error_exact""]"
missing_hard_sign,Редактор исправил слово обявление в документе вд.,Редактор исправил слово объявление в документе вд.,no_existing_candidate_backed_pattern,8,False,"[""frequent_error_exact""]"
missing_hard_sign,В отчете гд встретилось слово подезд.,В отчете гд встретилось слово подъезд.,no_existing_candidate_backed_pattern,7,False,"[""frequent_error_exact""]"
missing_hard_sign,Редактор исправил слово обявление в документе ид.,Редактор исправил слово объявление в документе ид.,no_existing_candidate_backed_pattern,8,False,"[""frequent_error_exact""]"
missing_hard_sign,В отчете кд встретилось слово подезд.,В отчете кд встретилось слово подъезд.,no_existing_candidate_backed_pattern,7,False,"[""frequent_error_exact""]"
missing_hard_sign,Редактор исправил слово обявление в документе пд.,Редактор исправил слово объявление в документе пд.,no_existing_candidate_backed_pattern,8,False,"[""frequent_error_exact""]"
missing_hard_sign,В отчете рд встретилось слово подезд.,В отчете рд встретилось слово подъезд.,no_existing_candidate_backed_pattern,7,False,"[""frequent_error_exact""]"
missing_hard_sign,Редактор исправил слово обявление в документе хд.,Редактор исправил слово объявление в документе хд.,no_existing_candidate_backed_pattern,8,False,"[""frequent_error_exact""]"
missing_hard_sign,В отчете цд встретилось слово подезд.,В отчете цд встретилось слово подъезд.,no_existing_candidate_backed_pattern,7,False,"[""frequent_error_exact""]"
missing_hard_sign,Редактор исправил слово обявление в документе юд.,Редактор исправил слово объявление в документе юд.,no_existing_candidate_backed_pattern,8,False,"[""frequent_error_exact""]"
missing_hard_sign,В отчете яд встретилось слово подезд.,В отчете яд встретилось слово подъезд.,no_existing_candidate_backed_pattern,7,False,"[""frequent_error_exact""]"
missing_hard_sign,Редактор исправил слово обявление в документе де.,Редактор исправил слово объявление в документе де.,no_existing_candidate_backed_pattern,8,False,"[""frequent_error_exact""]"
missing_hard_sign,В отчете ее встретилось слово подезд.,В отчете ее встретилось слово подъезд.,no_existing_candidate_backed_pattern,7,False,"[""frequent_error_exact""]"
missing_hard_sign,Редактор исправил слово обявление в документе ле.,Редактор исправил слово объявление в документе ле.,no_existing_candidate_backed_pattern,8,False,"[""frequent_error_exact""]"
missing_hard_sign,В отчете ме встретилось слово подезд.,В отчете ме встретилось слово подъезд.,no_existing_candidate_backed_pattern,7,False,"[""frequent_error_exact""]"
missing_hard_sign,Редактор исправил слово обявление в документе се.,Редактор исправил слово объявление в документе се.,no_existing_candidate_backed_pattern,8,False,"[""frequent_error_exact""]"
missing_hard_sign,В отчете те встретилось слово подезд.,В отчете те встретилось слово подъезд.,no_existing_candidate_backed_pattern,7,False,"[""frequent_error_exact""]"
missing_hard_sign,Редактор исправил слово обявление в документе че.,Редактор исправил слово объявление в документе че.,no_existing_candidate_backed_pattern,8,False,"[""frequent_error_exact""]"
missing_hard_sign,В отчете ше встретилось слово подезд.,В отчете ше встретилось слово подъезд.,no_existing_candidate_backed_pattern,7,False,"[""frequent_error_exact""]"
missing_hard_sign,Редактор исправил слово обявление в документе аж.,Редактор исправил слово объявление в документе аж.,no_existing_candidate_backed_pattern,8,False,"[""frequent_error_exact""]"
missing_hard_sign,В отчете бж встретилось слово подезд.,В отчете бж встретилось слово подъезд.,no_existing_candidate_backed_pattern,7,False,"[""frequent_error_exact""]"
missing_hard_sign,Редактор исправил слово обявление в документе жж.,Редактор исправил слово объявление в документе жж.,no_existing_candidate_backed_pattern,8,False,"[""frequent_error_exact""]"
missing_hard_sign,В отчете зж встретилось слово подезд.,В отчете зж встретилось слово подъезд.,no_existing_candidate_backed_pattern,7,False,"[""frequent_error_exact""]"
missing_hard_sign,Редактор исправил слово обявление в документе нж.,Редактор исправил слово объявление в документе нж.,no_existing_candidate_backed_pattern,8,False,"[""frequent_error_exact""]"
missing_hard_sign,В отчете ож встретилось слово подезд.,В отчете ож встретилось слово подъезд.,no_existing_candidate_backed_pattern,7,False,"[""frequent_error_exact""]"
missing_hard_sign,Редактор исправил слово обявление в документе уж.,Редактор исправил слово объявление в документе уж.,no_existing_candidate_backed_pattern,8,False,"[""frequent_error_exact""]"
missing_hard_sign,В отчете фж встретилось слово подезд.,В отчете фж встретилось слово подъезд.,no_existing_candidate_backed_pattern,7,False,"[""frequent_error_exact""]"
missing_hard_sign,Редактор исправил слово обявление в документе щж.,Редактор исправил слово объявление в документе щж.,no_existing_candidate_backed_pattern,8,False,"[""frequent_error_exact""]"
missing_hard_sign,В отчете эж встретилось слово подезд.,В отчете эж встретилось слово подъезд.,no_existing_candidate_backed_pattern,7,False,"[""frequent_error_exact""]"
missing_hard_sign,Редактор исправил слово обявление в документе вз.,Редактор исправил слово объявление в документе вз.,no_existing_candidate_backed_pattern,8,False,"[""frequent_error_exact""]"
missing_hard_sign,В отчете гз встретилось слово подезд.,В отчете гз встретилось слово подъезд.,no_existing_candidate_backed_pattern,7,False,"[""frequent_error_exact""]"
missing_hard_sign,Редактор исправил слово обявление в документе из.,Редактор исправил слово объявление в документе из.,no_existing_candidate_backed_pattern,8,False,"[""frequent_error_exact""]"
missing_hard_sign,В отчете кз встретилось слово подезд.,В отчете кз встретилось слово подъезд.,no_existing_candidate_backed_pattern,7,False,"[""frequent_error_exact""]"
missing_hard_sign,Редактор исправил слово обявление в документе пз.,Редактор исправил слово объявление в документе пз.,no_existing_candidate_backed_pattern,8,False,"[""frequent_error_exact""]"
missing_hard_sign,В отчете рз встретилось слово подезд.,В отчете рз встретилось слово подъезд.,no_existing_candidate_backed_pattern,7,False,"[""frequent_error_exact""]"
missing_hard_sign,Редактор исправил слово обявление в документе хз.,Редактор исправил слово объявление в документе хз.,no_existing_candidate_backed_pattern,8,False,"[""frequent_error_exact""]"
missing_hard_sign,В отчете цз встретилось слово подезд.,В отчете цз встретилось слово подъезд.,no_existing_candidate_backed_pattern,7,False,"[""frequent_error_exact""]"
missing_hard_sign,Редактор исправил слово обявление в документе юз.,Редактор исправил слово объявление в документе юз.,no_existing_candidate_backed_pattern,8,False,"[""frequent_error_exact""]"
missing_hard_sign,В отчете яз встретилось слово подезд.,В отчете яз встретилось слово подъезд.,no_existing_candidate_backed_pattern,7,False,"[""frequent_error_exact""]"
missing_hard_sign,Редактор исправил слово обявление в документе ди.,Редактор исправил слово объявление в документе ди.,no_existing_candidate_backed_pattern,8,False,"[""frequent_error_exact""]"
missing_hard_sign,В отчете еи встретилось слово подезд.,В отчете еи встретилось слово подъезд.,no_existing_candidate_backed_pattern,7,False,"[""frequent_error_exact""]"
missing_hard_sign,Редактор исправил слово обявление в документе ли.,Редактор исправил слово объявление в документе ли.,no_existing_candidate_backed_pattern,8,False,"[""frequent_error_exact""]"
missing_hard_sign,В отчете ми встретилось слово подезд.,В отчете ми встретилось слово подъезд.,no_existing_candidate_backed_pattern,7,False,"[""frequent_error_exact""]"
missing_hard_sign,Редактор исправил слово обявление в документе си.,Редактор исправил слово объявление в документе си.,no_existing_candidate_backed_pattern,8,False,"[""frequent_error_exact""]"
missing_hard_sign,В отчете ти встретилось слово подезд.,В отчете ти встретилось слово подъезд.,no_existing_candidate_backed_pattern,7,False,"[""frequent_error_exact""]"
missing_hard_sign,Редактор исправил слово обявление в документе чи.,Редактор исправил слово объявление в документе чи.,no_existing_candidate_backed_pattern,8,False,"[""frequent_error_exact""]"
missing_hard_sign,В отчете ши встретилось слово подезд.,В отчете ши встретилось слово подъезд.,no_existing_candidate_backed_pattern,7,False,"[""frequent_error_exact""]"
missing_hard_sign,Редактор исправил слово обявление в документе ак.,Редактор исправил слово объявление в документе ак.,no_existing_candidate_backed_pattern,8,False,"[""frequent_error_exact""]"
missing_hard_sign,В отчете бк встретилось слово подезд.,В отчете бк встретилось слово подъезд.,no_existing_candidate_backed_pattern,7,False,"[""frequent_error_exact""]"
missing_hard_sign,Редактор исправил слово обявление в документе жк.,Редактор исправил слово объявление в документе жк.,no_existing_candidate_backed_pattern,8,False,"[""frequent_error_exact""]"
missing_hard_sign,В отчете зк встретилось слово подезд.,В отчете зк встретилось слово подъезд.,no_existing_candidate_backed_pattern,7,False,"[""frequent_error_exact""]"
missing_hard_sign,Редактор исправил слово обявление в документе нк.,Редактор исправил слово объявление в документе нк.,no_existing_candidate_backed_pattern,8,False,"[""frequent_error_exact""]"
missing_hard_sign,В отчете ок встретилось слово подезд.,В отчете ок встретилось слово подъезд.,no_existing_candidate_backed_pattern,7,False,"[""frequent_error_exact""]"
missing_hard_sign,Редактор исправил слово обявление в документе ук.,Редактор исправил слово объявление в документе ук.,no_existing_candidate_backed_pattern,8,False,"[""frequent_error_exact""]"
missing_hard_sign,В отчете фк встретилось слово подезд.,В отчете фк встретилось слово подъезд.,no_existing_candidate_backed_pattern,7,False,"[""frequent_error_exact""]"
missing_hard_sign,Редактор исправил слово обявление в документе щк.,Редактор исправил слово объявление в документе щк.,no_existing_candidate_backed_pattern,8,False,"[""frequent_error_exact""]"
missing_hard_sign,В отчете эк встретилось слово подезд.,В отчете эк встретилось слово подъезд.,no_existing_candidate_backed_pattern,7,False,"[""frequent_error_exact""]"
missing_hard_sign,Редактор исправил слово обявление в документе вл.,Редактор исправил слово объявление в документе вл.,no_existing_candidate_backed_pattern,8,False,"[""frequent_error_exact""]"
missing_hard_sign,В отчете гл встретилось слово подезд.,В отчете гл встретилось слово подъезд.,no_existing_candidate_backed_pattern,7,False,"[""frequent_error_exact""]"
missing_hard_sign,Редактор исправил слово обявление в документе ил.,Редактор исправил слово объявление в документе ил.,no_existing_candidate_backed_pattern,8,False,"[""frequent_error_exact""]"
missing_hard_sign,В отчете кл встретилось слово подезд.,В отчете кл встретилось слово подъезд.,no_existing_candidate_backed_pattern,7,False,"[""frequent_error_exact""]"
missing_hard_sign,Редактор исправил слово обявление в документе пл.,Редактор исправил слово объявление в документе пл.,no_existing_candidate_backed_pattern,8,False,"[""frequent_error_exact""]"
missing_hard_sign,В отчете рл встретилось слово подезд.,В отчете рл встретилось слово подъезд.,no_existing_candidate_backed_pattern,7,False,"[""frequent_error_exact""]"
missing_hard_sign,Редактор исправил слово обявление в документе хл.,Редактор исправил слово объявление в документе хл.,no_existing_candidate_backed_pattern,8,False,"[""frequent_error_exact""]"
missing_hard_sign,В отчете цл встретилось слово подезд.,В отчете цл встретилось слово подъезд.,no_existing_candidate_backed_pattern,7,False,"[""frequent_error_exact""]"
missing_hard_sign,Редактор исправил слово обявление в документе юл.,Редактор исправил слово объявление в документе юл.,no_existing_candidate_backed_pattern,8,False,"[""frequent_error_exact""]"
missing_hard_sign,В отчете ял встретилось слово подезд.,В отчете ял встретилось слово подъезд.,no_existing_candidate_backed_pattern,7,False,"[""frequent_error_exact""]"
missing_hard_sign,Редактор исправил слово обявление в документе дм.,Редактор исправил слово объявление в документе дм.,no_existing_candidate_backed_pattern,8,False,"[""frequent_error_exact""]"
missing_hard_sign,В отчете ем встретилось слово подезд.,В отчете ем встретилось слово подъезд.,no_existing_candidate_backed_pattern,7,False,"[""frequent_error_exact""]"
missing_hard_sign,Редактор исправил слово обявление в документе лм.,Редактор исправил слово объявление в документе лм.,no_existing_candidate_backed_pattern,8,False,"[""frequent_error_exact""]"
missing_hard_sign,В отчете мм встретилось слово подезд.,В отчете мм встретилось слово подъезд.,no_existing_candidate_backed_pattern,7,False,"[""frequent_error_exact""]"
missing_hard_sign,Редактор исправил слово обявление в документе см.,Редактор исправил слово объявление в документе см.,protected_span,8,True,"[""frequent_error_exact""]"
missing_hard_sign,В отчете тм встретилось слово подезд.,В отчете тм встретилось слово подъезд.,no_existing_candidate_backed_pattern,7,False,"[""frequent_error_exact""]"
missing_hard_sign,Редактор исправил слово обявление в документе чм.,Редактор исправил слово объявление в документе чм.,no_existing_candidate_backed_pattern,8,False,"[""frequent_error_exact""]"
missing_hard_sign,В отчете шм встретилось слово подезд.,В отчете шм встретилось слово подъезд.,no_existing_candidate_backed_pattern,7,False,"[""frequent_error_exact""]"
missing_hard_sign,Редактор исправил слово обявление в документе ан.,Редактор исправил слово объявление в документе ан.,no_existing_candidate_backed_pattern,8,False,"[""frequent_error_exact""]"
missing_hard_sign,В отчете бн встретилось слово подезд.,В отчете бн встретилось слово подъезд.,no_existing_candidate_backed_pattern,7,False,"[""frequent_error_exact""]"
missing_hard_sign,Редактор исправил слово обявление в документе жн.,Редактор исправил слово объявление в документе жн.,no_existing_candidate_backed_pattern,8,False,"[""frequent_error_exact""]"
missing_hard_sign,В отчете зн встретилось слово подезд.,В отчете зн встретилось слово подъезд.,no_existing_candidate_backed_pattern,7,False,"[""frequent_error_exact""]"
missing_hard_sign,Редактор исправил слово обявление в документе нн.,Редактор исправил слово объявление в документе нн.,no_existing_candidate_backed_pattern,9,False,"[""frequent_error_exact"", ""n_nn_adjective""]"
missing_hard_sign,В отчете он встретилось слово подезд.,В отчете он встретилось слово подъезд.,no_existing_candidate_backed_pattern,7,False,"[""frequent_error_exact""]"
missing_hard_sign,Редактор исправил слово обявление в документе ун.,Редактор исправил слово объявление в документе ун.,no_existing_candidate_backed_pattern,8,False,"[""frequent_error_exact""]"
missing_hard_sign,В отчете фн встретилось слово подезд.,В отчете фн встретилось слово подъезд.,no_existing_candidate_backed_pattern,7,False,"[""frequent_error_exact""]"
missing_hard_sign,Редактор исправил слово обявление в документе щн.,Редактор исправил слово объявление в документе щн.,no_existing_candidate_backed_pattern,8,False,"[""frequent_error_exact""]"
missing_hard_sign,В отчете эн встретилось слово подезд.,В отчете эн встретилось слово подъезд.,no_existing_candidate_backed_pattern,7,False,"[""frequent_error_exact""]"
missing_hard_sign,Редактор исправил слово обявление в документе во.,Редактор исправил слово объявление в документе во.,no_existing_candidate_backed_pattern,8,False,"[""frequent_error_exact""]"
missing_hard_sign,В отчете го встретилось слово подезд.,В отчете го встретилось слово подъезд.,no_existing_candidate_backed_pattern,7,False,"[""frequent_error_exact""]"
missing_hard_sign,Редактор исправил слово обявление в документе ио.,Редактор исправил слово объявление в документе ио.,no_existing_candidate_backed_pattern,8,False,"[""frequent_error_exact""]"
missing_hard_sign,В отчете ко встретилось слово подезд.,В отчете ко встретилось слово подъезд.,no_existing_candidate_backed_pattern,7,False,"[""frequent_error_exact""]"
missing_hard_sign,Редактор исправил слово обявление в документе по.,Редактор исправил слово объявление в документе по.,no_existing_candidate_backed_pattern,8,False,"[""frequent_error_exact""]"
missing_hard_sign,В отчете ро встретилось слово подезд.,В отчете ро встретилось слово подъезд.,no_existing_candidate_backed_pattern,7,False,"[""frequent_error_exact""]"
missing_hard_sign,Редактор исправил слово обявление в документе хо.,Редактор исправил слово объявление в документе хо.,no_existing_candidate_backed_pattern,8,False,"[""frequent_error_exact""]"
missing_hard_sign,В отчете цо встретилось слово подезд.,В отчете цо встретилось слово подъезд.,no_existing_candidate_backed_pattern,7,False,"[""frequent_error_exact""]"
missing_letter_candidate,В отчете ба встретилось слово корва.,В отчете ба встретилось слово корова.,no_supported_edit,8,False,"[""keyboard_typo_candidate""]"
missing_letter_candidate,Корректор проверил написание слова корва в файле еа.,Корректор проверил написание слова корова в файле еа.,no_supported_edit,10,False,"[""keyboard_typo_candidate""]"
missing_letter_candidate,В письме ка была фраза со словом корва.,В письме ка была фраза со словом корова.,no_supported_edit,10,False,"[""keyboard_typo_candidate""]"
missing_letter_candidate,В отчете оа встретилось слово корва.,В отчете оа встретилось слово корова.,no_supported_edit,8,False,"[""keyboard_typo_candidate""]"
missing_letter_candidate,Корректор проверил написание слова корва в файле та.,Корректор проверил написание слова корова в файле та.,no_supported_edit,10,False,"[""keyboard_typo_candidate""]"
missing_letter_candidate,В письме ца была фраза со словом корва.,В письме ца была фраза со словом корова.,no_supported_edit,10,False,"[""keyboard_typo_candidate""]"
missing_letter_candidate,В отчете эа встретилось слово корва.,В отчете эа встретилось слово корова.,no_supported_edit,8,False,"[""keyboard_typo_candidate""]"
missing_letter_candidate,Корректор проверил написание слова корва в файле бб.,Корректор проверил написание слова корова в файле бб.,no_supported_edit,10,False,"[""keyboard_typo_candidate""]"
missing_letter_candidate,В письме еб была фраза со словом корва.,В письме еб была фраза со словом корова.,no_supported_edit,10,False,"[""keyboard_typo_candidate""]"
missing_letter_candidate,В отчете кб встретилось слово корва.,В отчете кб встретилось слово корова.,no_supported_edit,8,False,"[""keyboard_typo_candidate""]"
missing_letter_candidate,Корректор проверил написание слова корва в файле об.,Корректор проверил написание слова корова в файле об.,no_supported_edit,10,False,"[""keyboard_typo_candidate""]"
missing_letter_candidate,В письме тб была фраза со словом корва.,В письме тб была фраза со словом корова.,no_supported_edit,10,False,"[""keyboard_typo_candidate""]"
missing_letter_candidate,В отчете цб встретилось слово корва.,В отчете цб встретилось слово корова.,no_supported_edit,8,False,"[""keyboard_typo_candidate""]"
missing_letter_candidate,Корректор проверил написание слова корва в файле эб.,Корректор проверил написание слова корова в файле эб.,no_supported_edit,10,False,"[""keyboard_typo_candidate""]"
missing_letter_candidate,В письме бв была фраза со словом корва.,В письме бв была фраза со словом корова.,no_supported_edit,10,False,"[""keyboard_typo_candidate""]"
missing_letter_candidate,В отчете ев встретилось слово корва.,В отчете ев встретилось слово корова.,no_supported_edit,8,False,"[""keyboard_typo_candidate""]"
missing_letter_candidate,Корректор проверил написание слова корва в файле кв.,Корректор проверил написание слова корова в файле кв.,no_supported_edit,10,False,"[""keyboard_typo_candidate""]"
missing_letter_candidate,В письме ов была фраза со словом корва.,В письме ов была фраза со словом корова.,no_supported_edit,10,False,"[""keyboard_typo_candidate""]"
missing_letter_candidate,В отчете тв встретилось слово корва.,В отчете тв встретилось слово корова.,no_supported_edit,8,False,"[""keyboard_typo_candidate""]"
missing_letter_candidate,Корректор проверил написание слова корва в файле цв.,Корректор проверил написание слова корова в файле цв.,no_supported_edit,10,False,"[""keyboard_typo_candidate""]"
missing_letter_candidate,В письме эв была фраза со словом корва.,В письме эв была фраза со словом корова.,no_supported_edit,10,False,"[""keyboard_typo_candidate""]"
missing_letter_candidate,В отчете бг встретилось слово корва.,В отчете бг встретилось слово корова.,no_supported_edit,8,False,"[""keyboard_typo_candidate""]"
missing_letter_candidate,Корректор проверил написание слова корва в файле ег.,Корректор проверил написание слова корова в файле ег.,no_supported_edit,10,False,"[""keyboard_typo_candidate""]"
missing_letter_candidate,В письме кг была фраза со словом корва.,В письме кг была фраза со словом корова.,no_supported_edit,10,False,"[""keyboard_typo_candidate""]"
missing_letter_candidate,В отчете ог встретилось слово корва.,В отчете ог встретилось слово корова.,no_supported_edit,8,False,"[""keyboard_typo_candidate""]"
missing_letter_candidate,Корректор проверил написание слова корва в файле тг.,Корректор проверил написание слова корова в файле тг.,no_supported_edit,10,False,"[""keyboard_typo_candidate""]"
missing_letter_candidate,В письме цг была фраза со словом корва.,В письме цг была фраза со словом корова.,no_supported_edit,10,False,"[""keyboard_typo_candidate""]"
missing_letter_candidate,В отчете эг встретилось слово корва.,В отчете эг встретилось слово корова.,no_supported_edit,8,False,"[""keyboard_typo_candidate""]"
missing_letter_candidate,Корректор проверил написание слова корва в файле бд.,Корректор проверил написание слова корова в файле бд.,no_supported_edit,10,False,"[""keyboard_typo_candidate""]"
missing_letter_candidate,В письме ед была фраза со словом корва.,В письме ед была фраза со словом корова.,no_supported_edit,10,False,"[""keyboard_typo_candidate""]"
missing_letter_candidate,В отчете кд встретилось слово корва.,В отчете кд встретилось слово корова.,no_supported_edit,8,False,"[""keyboard_typo_candidate""]"
missing_letter_candidate,Корректор проверил написание слова корва в файле од.,Корректор проверил написание слова корова в файле од.,no_supported_edit,10,False,"[""keyboard_typo_candidate""]"
missing_letter_candidate,В письме тд была фраза со словом корва.,В письме тд была фраза со словом корова.,no_supported_edit,10,False,"[""keyboard_typo_candidate""]"
missing_letter_candidate,В отчете цд встретилось слово корва.,В отчете цд встретилось слово корова.,no_supported_edit,8,False,"[""keyboard_typo_candidate""]"
missing_letter_candidate,Корректор проверил написание слова корва в файле эд.,Корректор проверил написание слова корова в файле эд.,no_supported_edit,10,False,"[""keyboard_typo_candidate""]"
missing_letter_candidate,В письме бе была фраза со словом корва.,В письме бе была фраза со словом корова.,no_supported_edit,10,False,"[""keyboard_typo_candidate""]"
missing_letter_candidate,В отчете ее встретилось слово корва.,В отчете ее встретилось слово корова.,no_supported_edit,8,False,"[""keyboard_typo_candidate""]"
missing_letter_candidate,Корректор проверил написание слова корва в файле ке.,Корректор проверил написание слова корова в файле ке.,no_supported_edit,10,False,"[""keyboard_typo_candidate""]"
missing_letter_candidate,В письме ое была фраза со словом корва.,В письме ое была фраза со словом корова.,no_supported_edit,10,False,"[""keyboard_typo_candidate""]"
missing_letter_candidate,В отчете те встретилось слово корва.,В отчете те встретилось слово корова.,no_supported_edit,8,False,"[""keyboard_typo_candidate""]"
missing_letter_candidate,Корректор проверил написание слова корва в файле це.,Корректор проверил написание слова корова в файле це.,no_supported_edit,10,False,"[""keyboard_typo_candidate""]"
missing_letter_candidate,В письме эе была фраза со словом корва.,В письме эе была фраза со словом корова.,no_supported_edit,10,False,"[""keyboard_typo_candidate""]"
missing_letter_candidate,В отчете бж встретилось слово корва.,В отчете бж встретилось слово корова.,no_supported_edit,8,False,"[""keyboard_typo_candidate""]"
missing_letter_candidate,Корректор проверил написание слова корва в файле еж.,Корректор проверил написание слова корова в файле еж.,no_supported_edit,10,False,"[""keyboard_typo_candidate""]"
missing_letter_candidate,В письме кж была фраза со словом корва.,В письме кж была фраза со словом корова.,no_supported_edit,10,False,"[""keyboard_typo_candidate""]"
missing_letter_candidate,В отчете ож встретилось слово корва.,В отчете ож встретилось слово корова.,no_supported_edit,8,False,"[""keyboard_typo_candidate""]"
missing_letter_candidate,Корректор проверил написание слова корва в файле тж.,Корректор проверил написание слова корова в файле тж.,no_supported_edit,10,False,"[""keyboard_typo_candidate""]"
missing_letter_candidate,В письме цж была фраза со словом корва.,В письме цж была фраза со словом корова.,no_supported_edit,10,False,"[""keyboard_typo_candidate""]"
missing_letter_candidate,В отчете эж встретилось слово корва.,В отчете эж встретилось слово корова.,no_supported_edit,8,False,"[""keyboard_typo_candidate""]"
missing_letter_candidate,Корректор проверил написание слова корва в файле бз.,Корректор проверил написание слова корова в файле бз.,no_supported_edit,10,False,"[""keyboard_typo_candidate""]"
missing_letter_candidate,В письме ез была фраза со словом корва.,В письме ез была фраза со словом корова.,no_supported_edit,10,False,"[""keyboard_typo_candidate""]"
missing_letter_candidate,В отчете кз встретилось слово корва.,В отчете кз встретилось слово корова.,no_supported_edit,8,False,"[""keyboard_typo_candidate""]"
missing_letter_candidate,Корректор проверил написание слова корва в файле оз.,Корректор проверил написание слова корова в файле оз.,no_supported_edit,10,False,"[""keyboard_typo_candidate""]"
missing_letter_candidate,В письме тз была фраза со словом корва.,В письме тз была фраза со словом корова.,no_supported_edit,10,False,"[""keyboard_typo_candidate""]"
missing_letter_candidate,В отчете цз встретилось слово корва.,В отчете цз встретилось слово корова.,no_supported_edit,8,False,"[""keyboard_typo_candidate""]"
missing_letter_candidate,Корректор проверил написание слова корва в файле эз.,Корректор проверил написание слова корова в файле эз.,no_supported_edit,10,False,"[""keyboard_typo_candidate""]"
missing_letter_candidate,В письме би была фраза со словом корва.,В письме би была фраза со словом корова.,no_supported_edit,10,False,"[""keyboard_typo_candidate""]"
missing_letter_candidate,В отчете еи встретилось слово корва.,В отчете еи встретилось слово корова.,no_supported_edit,8,False,"[""keyboard_typo_candidate""]"
missing_letter_candidate,Корректор проверил написание слова корва в файле ки.,Корректор проверил написание слова корова в файле ки.,no_supported_edit,10,False,"[""keyboard_typo_candidate""]"
missing_letter_candidate,В письме ои была фраза со словом корва.,В письме ои была фраза со словом корова.,no_supported_edit,10,False,"[""keyboard_typo_candidate""]"
missing_letter_candidate,В отчете ти встретилось слово корва.,В отчете ти встретилось слово корова.,no_supported_edit,8,False,"[""keyboard_typo_candidate""]"
missing_letter_candidate,Корректор проверил написание слова корва в файле ци.,Корректор проверил написание слова корова в файле ци.,no_supported_edit,10,False,"[""keyboard_typo_candidate""]"
missing_letter_candidate,В письме эи была фраза со словом корва.,В письме эи была фраза со словом корова.,no_supported_edit,10,False,"[""keyboard_typo_candidate""]"
missing_letter_candidate,В отчете бк встретилось слово корва.,В отчете бк встретилось слово корова.,no_supported_edit,8,False,"[""keyboard_typo_candidate""]"
missing_letter_candidate,Корректор проверил написание слова корва в файле ек.,Корректор проверил написание слова корова в файле ек.,no_supported_edit,10,False,"[""keyboard_typo_candidate""]"
missing_letter_candidate,В письме кк была фраза со словом корва.,В письме кк была фраза со словом корова.,no_supported_edit,10,False,"[""keyboard_typo_candidate""]"
missing_letter_candidate,В отчете ок встретилось слово корва.,В отчете ок встретилось слово корова.,no_supported_edit,8,False,"[""keyboard_typo_candidate""]"
missing_letter_candidate,Корректор проверил написание слова корва в файле тк.,Корректор проверил написание слова корова в файле тк.,no_supported_edit,10,False,"[""keyboard_typo_candidate""]"
missing_letter_candidate,В письме цк была фраза со словом корва.,В письме цк была фраза со словом корова.,no_supported_edit,10,False,"[""keyboard_typo_candidate""]"
missing_letter_candidate,В отчете эк встретилось слово корва.,В отчете эк встретилось слово корова.,no_supported_edit,8,False,"[""keyboard_typo_candidate""]"
missing_letter_candidate,Корректор проверил написание слова корва в файле бл.,Корректор проверил написание слова корова в файле бл.,no_supported_edit,10,False,"[""keyboard_typo_candidate""]"
missing_letter_candidate,В письме ел была фраза со словом корва.,В письме ел была фраза со словом корова.,no_supported_edit,10,False,"[""keyboard_typo_candidate""]"
missing_letter_candidate,В отчете кл встретилось слово корва.,В отчете кл встретилось слово корова.,no_supported_edit,8,False,"[""keyboard_typo_candidate""]"
missing_letter_candidate,Корректор проверил написание слова корва в файле ол.,Корректор проверил написание слова корова в файле ол.,no_supported_edit,10,False,"[""keyboard_typo_candidate""]"
missing_letter_candidate,В письме тл была фраза со словом корва.,В письме тл была фраза со словом корова.,no_supported_edit,10,False,"[""keyboard_typo_candidate""]"
missing_letter_candidate,В отчете цл встретилось слово корва.,В отчете цл встретилось слово корова.,no_supported_edit,8,False,"[""keyboard_typo_candidate""]"
missing_letter_candidate,Корректор проверил написание слова корва в файле эл.,Корректор проверил написание слова корова в файле эл.,no_supported_edit,10,False,"[""keyboard_typo_candidate""]"
missing_letter_candidate,В письме бм была фраза со словом корва.,В письме бм была фраза со словом корова.,no_supported_edit,10,False,"[""keyboard_typo_candidate""]"
missing_letter_candidate,В отчете ем встретилось слово корва.,В отчете ем встретилось слово корова.,no_supported_edit,8,False,"[""keyboard_typo_candidate""]"
missing_letter_candidate,Корректор проверил написание слова корва в файле км.,Корректор проверил написание слова корова в файле км.,no_supported_edit,10,False,"[""keyboard_typo_candidate""]"
missing_letter_candidate,В письме ом была фраза со словом корва.,В письме ом была фраза со словом корова.,no_supported_edit,10,False,"[""keyboard_typo_candidate""]"
missing_letter_candidate,Редактор исправил слово млоко в документе см.,Редактор исправил слово молоко в документе см.,protected_span,9,True,"[""dictionary_fuzzy"", ""missing_letter_candidate""]"
missing_letter_candidate,В отчете тм встретилось слово корва.,В отчете тм встретилось слово корова.,no_supported_edit,8,False,"[""keyboard_typo_candidate""]"
missing_letter_candidate,Корректор проверил написание слова корва в файле цм.,Корректор проверил написание слова корова в файле цм.,no_supported_edit,10,False,"[""keyboard_typo_candidate""]"
missing_letter_candidate,В письме эм была фраза со словом корва.,В письме эм была фраза со словом корова.,no_supported_edit,10,False,"[""keyboard_typo_candidate""]"
missing_letter_candidate,В отчете бн встретилось слово корва.,В отчете бн встретилось слово корова.,no_supported_edit,8,False,"[""keyboard_typo_candidate""]"
missing_letter_candidate,Корректор проверил написание слова корва в файле ен.,Корректор проверил написание слова корова в файле ен.,no_supported_edit,10,False,"[""keyboard_typo_candidate""]"
missing_letter_candidate,В письме кн была фраза со словом корва.,В письме кн была фраза со словом корова.,no_supported_edit,10,False,"[""keyboard_typo_candidate""]"
n_nn_deverbal_adjective,Редактор исправил слово жаренный в документе см.,Редактор исправил слово жареный в документе см.,protected_span,8,True,"[""n_nn_deverbal_adjective""]"
ne_adverb,Эксперт заметил ошибку в слове не сложно в записи ва.,Эксперт заметил ошибку в слове несложно в записи ва.,no_existing_candidate_backed_pattern,11,False,"[""ne_predicative""]"
ne_adverb,Редактор исправил слово не сложно в документе жа.,Редактор исправил слово несложно в документе жа.,no_existing_candidate_backed_pattern,9,False,"[""ne_predicative""]"
ne_adverb,В заявлении ла указали слово не сложно.,В заявлении ла указали слово несложно.,no_existing_candidate_backed_pattern,8,False,"[""ne_predicative""]"
ne_adverb,Эксперт заметил ошибку в слове не сложно в записи па.,Эксперт заметил ошибку в слове несложно в записи па.,no_existing_candidate_backed_pattern,11,False,"[""ne_predicative""]"
ne_adverb,Редактор исправил слово не сложно в документе уа.,Редактор исправил слово несложно в документе уа.,no_existing_candidate_backed_pattern,9,False,"[""ne_predicative""]"
ne_adverb,В заявлении ча указали слово не сложно.,В заявлении ча указали слово несложно.,no_existing_candidate_backed_pattern,8,False,"[""ne_predicative""]"
ne_adverb,Эксперт заметил ошибку в слове не сложно в записи юа.,Эксперт заметил ошибку в слове несложно в записи юа.,no_existing_candidate_backed_pattern,11,False,"[""ne_predicative""]"
ne_adverb,Редактор исправил слово не сложно в документе вб.,Редактор исправил слово несложно в документе вб.,no_existing_candidate_backed_pattern,9,False,"[""ne_predicative""]"
ne_adverb,В заявлении жб указали слово не сложно.,В заявлении жб указали слово несложно.,no_existing_candidate_backed_pattern,8,False,"[""ne_predicative""]"
ne_adverb,Эксперт заметил ошибку в слове не сложно в записи лб.,Эксперт заметил ошибку в слове несложно в записи лб.,no_existing_candidate_backed_pattern,11,False,"[""ne_predicative""]"
ne_adverb,Редактор исправил слово не сложно в документе пб.,Редактор исправил слово несложно в документе пб.,no_existing_candidate_backed_pattern,9,False,"[""ne_predicative""]"
ne_adverb,В заявлении уб указали слово не сложно.,В заявлении уб указали слово несложно.,no_existing_candidate_backed_pattern,8,False,"[""ne_predicative""]"
ne_adverb,Эксперт заметил ошибку в слове не сложно в записи чб.,Эксперт заметил ошибку в слове несложно в записи чб.,no_existing_candidate_backed_pattern,11,False,"[""ne_predicative""]"
ne_adverb,Редактор исправил слово не сложно в документе юб.,Редактор исправил слово несложно в документе юб.,no_existing_candidate_backed_pattern,9,False,"[""ne_predicative""]"
ne_adverb,В заявлении вв указали слово не сложно.,В заявлении вв указали слово несложно.,no_existing_candidate_backed_pattern,8,False,"[""ne_predicative""]"
ne_adverb,Эксперт заметил ошибку в слове не сложно в записи жв.,Эксперт заметил ошибку в слове несложно в записи жв.,no_existing_candidate_backed_pattern,11,False,"[""ne_predicative""]"
ne_adverb,Редактор исправил слово не сложно в документе лв.,Редактор исправил слово несложно в документе лв.,no_existing_candidate_backed_pattern,9,False,"[""ne_predicative""]"
ne_adverb,В заявлении пв указали слово не сложно.,В заявлении пв указали слово несложно.,no_existing_candidate_backed_pattern,8,False,"[""ne_predicative""]"
ne_adverb,Эксперт заметил ошибку в слове не сложно в записи ув.,Эксперт заметил ошибку в слове несложно в записи ув.,no_existing_candidate_backed_pattern,11,False,"[""ne_predicative""]"
ne_adverb,Редактор исправил слово не сложно в документе чв.,Редактор исправил слово несложно в документе чв.,no_existing_candidate_backed_pattern,9,False,"[""ne_predicative""]"
ne_adverb,В заявлении юв указали слово не сложно.,В заявлении юв указали слово несложно.,no_existing_candidate_backed_pattern,8,False,"[""ne_predicative""]"
ne_adverb,Эксперт заметил ошибку в слове не сложно в записи вг.,Эксперт заметил ошибку в слове несложно в записи вг.,no_existing_candidate_backed_pattern,11,False,"[""ne_predicative""]"
ne_adverb,Редактор исправил слово не сложно в документе жг.,Редактор исправил слово несложно в документе жг.,no_existing_candidate_backed_pattern,9,False,"[""ne_predicative""]"
ne_adverb,В заявлении лг указали слово не сложно.,В заявлении лг указали слово несложно.,no_existing_candidate_backed_pattern,8,False,"[""ne_predicative""]"
ne_adverb,Эксперт заметил ошибку в слове не сложно в записи пг.,Эксперт заметил ошибку в слове несложно в записи пг.,no_existing_candidate_backed_pattern,11,False,"[""ne_predicative""]"
ne_adverb,Редактор исправил слово не сложно в документе уг.,Редактор исправил слово несложно в документе уг.,no_existing_candidate_backed_pattern,9,False,"[""ne_predicative""]"
ne_adverb,В заявлении чг указали слово не сложно.,В заявлении чг указали слово несложно.,no_existing_candidate_backed_pattern,8,False,"[""ne_predicative""]"
ne_adverb,Эксперт заметил ошибку в слове не сложно в записи юг.,Эксперт заметил ошибку в слове несложно в записи юг.,no_existing_candidate_backed_pattern,11,False,"[""ne_predicative""]"
ne_adverb,Редактор исправил слово не сложно в документе вд.,Редактор исправил слово несложно в документе вд.,no_existing_candidate_backed_pattern,9,False,"[""ne_predicative""]"
ne_adverb,В заявлении жд указали слово не сложно.,В заявлении жд указали слово несложно.,no_existing_candidate_backed_pattern,8,False,"[""ne_predicative""]"
ne_adverb,Эксперт заметил ошибку в слове не сложно в записи лд.,Эксперт заметил ошибку в слове несложно в записи лд.,no_existing_candidate_backed_pattern,11,False,"[""ne_predicative""]"
ne_adverb,Редактор исправил слово не сложно в документе пд.,Редактор исправил слово несложно в документе пд.,no_existing_candidate_backed_pattern,9,False,"[""ne_predicative""]"
ne_adverb,В заявлении уд указали слово не сложно.,В заявлении уд указали слово несложно.,no_existing_candidate_backed_pattern,8,False,"[""ne_predicative""]"
ne_adverb,Эксперт заметил ошибку в слове не сложно в записи чд.,Эксперт заметил ошибку в слове несложно в записи чд.,no_existing_candidate_backed_pattern,11,False,"[""ne_predicative""]"
ne_adverb,Редактор исправил слово не сложно в документе юд.,Редактор исправил слово несложно в документе юд.,no_existing_candidate_backed_pattern,9,False,"[""ne_predicative""]"
ne_adverb,В заявлении ве указали слово не сложно.,В заявлении ве указали слово несложно.,no_existing_candidate_backed_pattern,8,False,"[""ne_predicative""]"
ne_adverb,Эксперт заметил ошибку в слове не сложно в записи же.,Эксперт заметил ошибку в слове несложно в записи же.,no_existing_candidate_backed_pattern,11,False,"[""ne_predicative""]"
ne_adverb,Редактор исправил слово не сложно в документе ле.,Редактор исправил слово несложно в документе ле.,no_existing_candidate_backed_pattern,9,False,"[""ne_predicative""]"
ne_adverb,В заявлении пе указали слово не сложно.,В заявлении пе указали слово несложно.,no_existing_candidate_backed_pattern,8,False,"[""ne_predicative""]"
ne_adverb,Эксперт заметил ошибку в слове не сложно в записи уе.,Эксперт заметил ошибку в слове несложно в записи уе.,no_existing_candidate_backed_pattern,11,False,"[""ne_predicative""]"
ne_adverb,Редактор исправил слово не сложно в документе че.,Редактор исправил слово несложно в документе че.,no_existing_candidate_backed_pattern,9,False,"[""ne_predicative""]"
ne_adverb,В заявлении юе указали слово не сложно.,В заявлении юе указали слово несложно.,no_existing_candidate_backed_pattern,8,False,"[""ne_predicative""]"
ne_adverb,Эксперт заметил ошибку в слове не сложно в записи вж.,Эксперт заметил ошибку в слове несложно в записи вж.,no_existing_candidate_backed_pattern,11,False,"[""ne_predicative""]"
ne_adverb,Редактор исправил слово не сложно в документе жж.,Редактор исправил слово несложно в документе жж.,no_existing_candidate_backed_pattern,9,False,"[""ne_predicative""]"
ne_adverb,В заявлении лж указали слово не сложно.,В заявлении лж указали слово несложно.,no_existing_candidate_backed_pattern,8,False,"[""ne_predicative""]"
ne_adverb,Эксперт заметил ошибку в слове не сложно в записи пж.,Эксперт заметил ошибку в слове несложно в записи пж.,no_existing_candidate_backed_pattern,11,False,"[""ne_predicative""]"
ne_adverb,Редактор исправил слово не сложно в документе уж.,Редактор исправил слово несложно в документе уж.,no_existing_candidate_backed_pattern,9,False,"[""ne_predicative""]"
ne_adverb,В заявлении чж указали слово не сложно.,В заявлении чж указали слово несложно.,no_existing_candidate_backed_pattern,8,False,"[""ne_predicative""]"
ne_adverb,Эксперт заметил ошибку в слове не сложно в записи юж.,Эксперт заметил ошибку в слове несложно в записи юж.,no_existing_candidate_backed_pattern,11,False,"[""ne_predicative""]"
ne_adverb,Редактор исправил слово не сложно в документе вз.,Редактор исправил слово несложно в документе вз.,no_existing_candidate_backed_pattern,9,False,"[""ne_predicative""]"
ne_adverb,В заявлении жз указали слово не сложно.,В заявлении жз указали слово несложно.,no_existing_candidate_backed_pattern,8,False,"[""ne_predicative""]"
ne_adverb,Эксперт заметил ошибку в слове не сложно в записи лз.,Эксперт заметил ошибку в слове несложно в записи лз.,no_existing_candidate_backed_pattern,11,False,"[""ne_predicative""]"
ne_adverb,Редактор исправил слово не сложно в документе пз.,Редактор исправил слово несложно в документе пз.,no_existing_candidate_backed_pattern,9,False,"[""ne_predicative""]"
ne_adverb,В заявлении уз указали слово не сложно.,В заявлении уз указали слово несложно.,no_existing_candidate_backed_pattern,8,False,"[""ne_predicative""]"
ne_adverb,Эксперт заметил ошибку в слове не сложно в записи чз.,Эксперт заметил ошибку в слове несложно в записи чз.,no_existing_candidate_backed_pattern,11,False,"[""ne_predicative""]"
ne_adverb,Редактор исправил слово не сложно в документе юз.,Редактор исправил слово несложно в документе юз.,no_existing_candidate_backed_pattern,9,False,"[""ne_predicative""]"
ne_adverb,В заявлении ви указали слово не сложно.,В заявлении ви указали слово несложно.,no_existing_candidate_backed_pattern,8,False,"[""ne_predicative""]"
ne_adverb,Эксперт заметил ошибку в слове не сложно в записи жи.,Эксперт заметил ошибку в слове несложно в записи жи.,no_existing_candidate_backed_pattern,11,False,"[""ne_predicative""]"
ne_adverb,Редактор исправил слово не сложно в документе ли.,Редактор исправил слово несложно в документе ли.,no_existing_candidate_backed_pattern,9,False,"[""ne_predicative""]"
ne_adverb,В заявлении пи указали слово не сложно.,В заявлении пи указали слово несложно.,no_existing_candidate_backed_pattern,8,False,"[""ne_predicative""]"
ne_adverb,Эксперт заметил ошибку в слове не сложно в записи уи.,Эксперт заметил ошибку в слове несложно в записи уи.,no_existing_candidate_backed_pattern,11,False,"[""ne_predicative""]"
ne_adverb,Редактор исправил слово не сложно в документе чи.,Редактор исправил слово несложно в документе чи.,no_existing_candidate_backed_pattern,9,False,"[""ne_predicative""]"
ne_adverb,В заявлении юи указали слово не сложно.,В заявлении юи указали слово несложно.,no_existing_candidate_backed_pattern,8,False,"[""ne_predicative""]"
ne_adverb,Эксперт заметил ошибку в слове не сложно в записи вк.,Эксперт заметил ошибку в слове несложно в записи вк.,no_existing_candidate_backed_pattern,11,False,"[""ne_predicative""]"
ne_adverb,Редактор исправил слово не сложно в документе жк.,Редактор исправил слово несложно в документе жк.,no_existing_candidate_backed_pattern,9,False,"[""ne_predicative""]"
ne_adverb,В заявлении лк указали слово не сложно.,В заявлении лк указали слово несложно.,no_existing_candidate_backed_pattern,8,False,"[""ne_predicative""]"
ne_adverb,Эксперт заметил ошибку в слове не сложно в записи пк.,Эксперт заметил ошибку в слове несложно в записи пк.,no_existing_candidate_backed_pattern,11,False,"[""ne_predicative""]"
ne_adverb,Редактор исправил слово не сложно в документе ук.,Редактор исправил слово несложно в документе ук.,no_existing_candidate_backed_pattern,9,False,"[""ne_predicative""]"
ne_adverb,В заявлении чк указали слово не сложно.,В заявлении чк указали слово несложно.,no_existing_candidate_backed_pattern,8,False,"[""ne_predicative""]"
ne_adverb,Эксперт заметил ошибку в слове не сложно в записи юк.,Эксперт заметил ошибку в слове несложно в записи юк.,no_existing_candidate_backed_pattern,11,False,"[""ne_predicative""]"
ne_adverb,Редактор исправил слово не сложно в документе вл.,Редактор исправил слово несложно в документе вл.,no_existing_candidate_backed_pattern,9,False,"[""ne_predicative""]"
ne_adverb,В заявлении жл указали слово не сложно.,В заявлении жл указали слово несложно.,no_existing_candidate_backed_pattern,8,False,"[""ne_predicative""]"
ne_adverb,Эксперт заметил ошибку в слове не сложно в записи лл.,Эксперт заметил ошибку в слове несложно в записи лл.,no_existing_candidate_backed_pattern,11,False,"[""ne_predicative""]"
ne_adverb,Редактор исправил слово не сложно в документе пл.,Редактор исправил слово несложно в документе пл.,no_existing_candidate_backed_pattern,9,False,"[""ne_predicative""]"
ne_adverb,В заявлении ул указали слово не сложно.,В заявлении ул указали слово несложно.,no_existing_candidate_backed_pattern,8,False,"[""ne_predicative""]"
ne_adverb,Эксперт заметил ошибку в слове не сложно в записи чл.,Эксперт заметил ошибку в слове несложно в записи чл.,no_existing_candidate_backed_pattern,11,False,"[""ne_predicative""]"
ne_adverb,Редактор исправил слово не сложно в документе юл.,Редактор исправил слово несложно в документе юл.,no_existing_candidate_backed_pattern,9,False,"[""ne_predicative""]"
ne_adverb,В заявлении вм указали слово не сложно.,В заявлении вм указали слово несложно.,no_existing_candidate_backed_pattern,8,False,"[""ne_predicative""]"
ne_adverb,Эксперт заметил ошибку в слове не сложно в записи жм.,Эксперт заметил ошибку в слове несложно в записи жм.,no_existing_candidate_backed_pattern,11,False,"[""ne_predicative""]"
ne_adverb,Редактор исправил слово не сложно в документе лм.,Редактор исправил слово несложно в документе лм.,no_existing_candidate_backed_pattern,9,False,"[""ne_predicative""]"
ne_adverb,В заявлении пм указали слово не сложно.,В заявлении пм указали слово несложно.,no_existing_candidate_backed_pattern,8,False,"[""ne_predicative""]"
ne_adverb,Редактор исправил слово не случайно в документе см.,Редактор исправил слово неслучайно в документе см.,protected_span,9,True,"[""ne_adverb""]"
ne_adverb,Эксперт заметил ошибку в слове не сложно в записи ум.,Эксперт заметил ошибку в слове несложно в записи ум.,no_existing_candidate_backed_pattern,11,False,"[""ne_predicative""]"
ne_adverb,Редактор исправил слово не сложно в документе чм.,Редактор исправил слово несложно в документе чм.,no_existing_candidate_backed_pattern,9,False,"[""ne_predicative""]"
ne_adverb,В заявлении юм указали слово не сложно.,В заявлении юм указали слово несложно.,no_existing_candidate_backed_pattern,8,False,"[""ne_predicative""]"
ne_adverb,Эксперт заметил ошибку в слове не сложно в записи вн.,Эксперт заметил ошибку в слове несложно в записи вн.,no_existing_candidate_backed_pattern,11,False,"[""ne_predicative""]"
ne_adverb,Редактор исправил слово не сложно в документе жн.,Редактор исправил слово несложно в документе жн.,no_existing_candidate_backed_pattern,9,False,"[""ne_predicative""]"
ne_adverb,В заявлении лн указали слово не сложно.,В заявлении лн указали слово несложно.,no_existing_candidate_backed_pattern,8,False,"[""ne_predicative""]"
ne_adverb,Эксперт заметил ошибку в слове не сложно в записи пн.,Эксперт заметил ошибку в слове несложно в записи пн.,no_existing_candidate_backed_pattern,11,False,"[""ne_predicative""]"
ne_adverb,Редактор исправил слово не сложно в документе ун.,Редактор исправил слово несложно в документе ун.,no_existing_candidate_backed_pattern,9,False,"[""ne_predicative""]"
ne_adverb,В заявлении чн указали слово не сложно.,В заявлении чн указали слово несложно.,no_existing_candidate_backed_pattern,8,False,"[""ne_predicative""]"
ne_adverb,Эксперт заметил ошибку в слове не сложно в записи юн.,Эксперт заметил ошибку в слове несложно в записи юн.,no_existing_candidate_backed_pattern,11,False,"[""ne_predicative""]"
ne_adverb,Редактор исправил слово не сложно в документе во.,Редактор исправил слово несложно в документе во.,no_existing_candidate_backed_pattern,9,False,"[""ne_predicative""]"
ne_adverb,В заявлении жо указали слово не сложно.,В заявлении жо указали слово несложно.,no_existing_candidate_backed_pattern,9,False,"[""ne_predicative"", ""pattern_жо_же""]"
ne_adverb,Эксперт заметил ошибку в слове не сложно в записи ло.,Эксперт заметил ошибку в слове несложно в записи ло.,no_existing_candidate_backed_pattern,11,False,"[""ne_predicative""]"
ne_adverb,Редактор исправил слово не сложно в документе по.,Редактор исправил слово несложно в документе по.,no_existing_candidate_backed_pattern,9,False,"[""ne_predicative""]"
ne_adverb,В заявлении уо указали слово не сложно.,В заявлении уо указали слово несложно.,no_existing_candidate_backed_pattern,8,False,"[""ne_predicative""]"
ne_adverb,Эксперт заметил ошибку в слове не сложно в записи чо.,Эксперт заметил ошибку в слове несложно в записи чо.,no_existing_candidate_backed_pattern,12,False,"[""ne_predicative"", ""pattern_чо_че""]"
ne_adverb,Редактор исправил слово не сложно в документе юо.,Редактор исправил слово несложно в документе юо.,no_existing_candidate_backed_pattern,9,False,"[""ne_predicative""]"
ne_adverb,В заявлении вп указали слово не сложно.,В заявлении вп указали слово несложно.,no_existing_candidate_backed_pattern,8,False,"[""ne_predicative""]"
ne_adverb,Эксперт заметил ошибку в слове не сложно в записи жп.,Эксперт заметил ошибку в слове несложно в записи жп.,no_existing_candidate_backed_pattern,11,False,"[""ne_predicative""]"
ne_adverb,Редактор исправил слово не сложно в документе лп.,Редактор исправил слово несложно в документе лп.,no_existing_candidate_backed_pattern,9,False,"[""ne_predicative""]"
ne_adverb,В заявлении пп указали слово не сложно.,В заявлении пп указали слово несложно.,no_existing_candidate_backed_pattern,8,False,"[""ne_predicative""]"
ne_adverb,Эксперт заметил ошибку в слове не сложно в записи уп.,Эксперт заметил ошибку в слове несложно в записи уп.,no_existing_candidate_backed_pattern,11,False,"[""ne_predicative""]"
ne_adverb,Редактор исправил слово не сложно в документе чп.,Редактор исправил слово несложно в документе чп.,no_existing_candidate_backed_pattern,9,False,"[""ne_predicative""]"
ne_adverb,В заявлении юп указали слово не сложно.,В заявлении юп указали слово несложно.,no_existing_candidate_backed_pattern,8,False,"[""ne_predicative""]"
ne_adverb,Эксперт заметил ошибку в слове не сложно в записи вр.,Эксперт заметил ошибку в слове несложно в записи вр.,no_existing_candidate_backed_pattern,11,False,"[""ne_predicative""]"
ne_adverb,Редактор исправил слово не сложно в документе жр.,Редактор исправил слово несложно в документе жр.,no_existing_candidate_backed_pattern,9,False,"[""ne_predicative""]"
ne_adverb,В заявлении лр указали слово не сложно.,В заявлении лр указали слово несложно.,no_existing_candidate_backed_pattern,8,False,"[""ne_predicative""]"
ne_adverb,Эксперт заметил ошибку в слове не сложно в записи пр.,Эксперт заметил ошибку в слове несложно в записи пр.,no_existing_candidate_backed_pattern,11,False,"[""ne_predicative""]"
ne_adverb,Редактор исправил слово не сложно в документе ур.,Редактор исправил слово несложно в документе ур.,no_existing_candidate_backed_pattern,9,False,"[""ne_predicative""]"
ne_adverb,В заявлении чр указали слово не сложно.,В заявлении чр указали слово несложно.,no_existing_candidate_backed_pattern,8,False,"[""ne_predicative""]"
ne_adverb,Эксперт заметил ошибку в слове не сложно в записи юр.,Эксперт заметил ошибку в слове несложно в записи юр.,no_existing_candidate_backed_pattern,11,False,"[""ne_predicative""]"
ne_adverb,Редактор исправил слово не сложно в документе вс.,Редактор исправил слово несложно в документе вс.,no_existing_candidate_backed_pattern,9,False,"[""ne_predicative""]"
ne_adverb,В заявлении жс указали слово не сложно.,В заявлении жс указали слово несложно.,no_existing_candidate_backed_pattern,8,False,"[""ne_predicative""]"
ne_adverb,Эксперт заметил ошибку в слове не сложно в записи лс.,Эксперт заметил ошибку в слове несложно в записи лс.,no_existing_candidate_backed_pattern,11,False,"[""ne_predicative""]"
ne_adverb,Редактор исправил слово не сложно в документе пс.,Редактор исправил слово несложно в документе пс.,no_existing_candidate_backed_pattern,9,False,"[""ne_predicative""]"
ne_adverb,В заявлении ус указали слово не сложно.,В заявлении ус указали слово несложно.,no_existing_candidate_backed_pattern,8,False,"[""ne_predicative""]"
ne_adverb,Эксперт заметил ошибку в слове не сложно в записи чс.,Эксперт заметил ошибку в слове несложно в записи чс.,no_existing_candidate_backed_pattern,11,False,"[""ne_predicative""]"
ne_adverb,Редактор исправил слово не сложно в документе юс.,Редактор исправил слово несложно в документе юс.,no_existing_candidate_backed_pattern,9,False,"[""ne_predicative""]"
ne_adverb,В заявлении вт указали слово не сложно.,В заявлении вт указали слово несложно.,no_existing_candidate_backed_pattern,8,False,"[""ne_predicative""]"
ne_adverb,Эксперт заметил ошибку в слове не сложно в записи жт.,Эксперт заметил ошибку в слове несложно в записи жт.,no_existing_candidate_backed_pattern,11,False,"[""ne_predicative""]"
ne_adverb,Редактор исправил слово не сложно в документе лт.,Редактор исправил слово несложно в документе лт.,no_existing_candidate_backed_pattern,9,False,"[""ne_predicative""]"
ne_adverb,В заявлении пт указали слово не сложно.,В заявлении пт указали слово несложно.,no_existing_candidate_backed_pattern,8,False,"[""ne_predicative""]"
ne_adverb,Эксперт заметил ошибку в слове не сложно в записи ут.,Эксперт заметил ошибку в слове несложно в записи ут.,no_existing_candidate_backed_pattern,11,False,"[""ne_predicative""]"
ne_adverb,Редактор исправил слово не сложно в документе чт.,Редактор исправил слово несложно в документе чт.,no_existing_candidate_backed_pattern,9,False,"[""ne_predicative""]"
ne_adverb,В заявлении ют указали слово не сложно.,В заявлении ют указали слово несложно.,no_existing_candidate_backed_pattern,8,False,"[""ne_predicative""]"
ne_adverb,Эксперт заметил ошибку в слове не сложно в записи ву.,Эксперт заметил ошибку в слове несложно в записи ву.,no_existing_candidate_backed_pattern,11,False,"[""ne_predicative""]"
ne_adverb,Редактор исправил слово не сложно в документе жу.,Редактор исправил слово несложно в документе жу.,no_existing_candidate_backed_pattern,9,False,"[""ne_predicative""]"
ne_adverb,В заявлении лу указали слово не сложно.,В заявлении лу указали слово несложно.,no_existing_candidate_backed_pattern,8,False,"[""ne_predicative""]"
ne_adverb,Эксперт заметил ошибку в слове не сложно в записи пу.,Эксперт заметил ошибку в слове несложно в записи пу.,no_existing_candidate_backed_pattern,11,False,"[""ne_predicative""]"
pattern_жы_жи,Редактор исправил слово жызнь в документе аа.,Редактор исправил слово жизнь в документе аа.,no_existing_candidate_backed_pattern,8,False,"[""frequent_error_exact""]"
pattern_жы_жи,В письме га была фраза со словом жывотное.,В письме га была фраза со словом животное.,no_existing_candidate_backed_pattern,9,False,"[""frequent_error_exact""]"
pattern_жы_жи,В заявлении да указали слово жызнь.,В заявлении да указали слово жизнь.,no_existing_candidate_backed_pattern,7,False,"[""frequent_error_exact""]"
pattern_жы_жи,В отчете за встретилось слово жывотное.,В отчете за встретилось слово животное.,no_existing_candidate_backed_pattern,7,False,"[""frequent_error_exact""]"
pattern_жы_жи,Эксперт заметил ошибку в слове жызнь в записи иа.,Эксперт заметил ошибку в слове жизнь в записи иа.,no_existing_candidate_backed_pattern,10,False,"[""frequent_error_exact""]"
pattern_жы_жи,Корректор проверил написание слова жывотное в файле ма.,Корректор проверил написание слова животное в файле ма.,no_existing_candidate_backed_pattern,9,False,"[""frequent_error_exact""]"
pattern_жы_жи,Редактор исправил слово жызнь в документе на.,Редактор исправил слово жизнь в документе на.,no_existing_candidate_backed_pattern,8,False,"[""frequent_error_exact""]"
pattern_жы_жи,В письме ра была фраза со словом жывотное.,В письме ра была фраза со словом животное.,no_existing_candidate_backed_pattern,9,False,"[""frequent_error_exact""]"
pattern_жы_жи,В заявлении са указали слово жызнь.,В заявлении са указали слово жизнь.,no_existing_candidate_backed_pattern,7,False,"[""frequent_error_exact""]"
pattern_жы_жи,В отчете фа встретилось слово жывотное.,В отчете фа встретилось слово животное.,no_existing_candidate_backed_pattern,7,False,"[""frequent_error_exact""]"
pattern_жы_жи,Эксперт заметил ошибку в слове жызнь в записи ха.,Эксперт заметил ошибку в слове жизнь в записи ха.,no_existing_candidate_backed_pattern,10,False,"[""frequent_error_exact""]"
pattern_жы_жи,Корректор проверил написание слова жывотное в файле ша.,Корректор проверил написание слова животное в файле ша.,no_existing_candidate_backed_pattern,9,False,"[""frequent_error_exact""]"
pattern_жы_жи,Редактор исправил слово жызнь в документе ща.,Редактор исправил слово жизнь в документе ща.,no_existing_candidate_backed_pattern,8,False,"[""frequent_error_exact""]"
pattern_жы_жи,В письме яа была фраза со словом жывотное.,В письме яа была фраза со словом животное.,no_existing_candidate_backed_pattern,9,False,"[""frequent_error_exact""]"
pattern_жы_жи,В заявлении аб указали слово жызнь.,В заявлении аб указали слово жизнь.,no_existing_candidate_backed_pattern,7,False,"[""frequent_error_exact""]"
pattern_жы_жи,В отчете гб встретилось слово жывотное.,В отчете гб встретилось слово животное.,no_existing_candidate_backed_pattern,7,False,"[""frequent_error_exact""]"
pattern_жы_жи,Эксперт заметил ошибку в слове жызнь в записи дб.,Эксперт заметил ошибку в слове жизнь в записи дб.,no_existing_candidate_backed_pattern,10,False,"[""frequent_error_exact""]"
pattern_жы_жи,Корректор проверил написание слова жывотное в файле зб.,Корректор проверил написание слова животное в файле зб.,no_existing_candidate_backed_pattern,9,False,"[""frequent_error_exact""]"
pattern_жы_жи,Редактор исправил слово жызнь в документе иб.,Редактор исправил слово жизнь в документе иб.,no_existing_candidate_backed_pattern,8,False,"[""frequent_error_exact""]"
pattern_жы_жи,В письме мб была фраза со словом жывотное.,В письме мб была фраза со словом животное.,no_existing_candidate_backed_pattern,9,False,"[""frequent_error_exact""]"
pattern_жы_жи,В заявлении нб указали слово жызнь.,В заявлении нб указали слово жизнь.,no_existing_candidate_backed_pattern,7,False,"[""frequent_error_exact""]"
pattern_жы_жи,В отчете рб встретилось слово жывотное.,В отчете рб встретилось слово животное.,no_existing_candidate_backed_pattern,7,False,"[""frequent_error_exact""]"
pattern_жы_жи,Эксперт заметил ошибку в слове жызнь в записи сб.,Эксперт заметил ошибку в слове жизнь в записи сб.,no_existing_candidate_backed_pattern,10,False,"[""frequent_error_exact""]"
pattern_жы_жи,Корректор проверил написание слова жывотное в файле фб.,Корректор проверил написание слова животное в файле фб.,no_existing_candidate_backed_pattern,9,False,"[""frequent_error_exact""]"
pattern_жы_жи,Редактор исправил слово жызнь в документе хб.,Редактор исправил слово жизнь в документе хб.,no_existing_candidate_backed_pattern,8,False,"[""frequent_error_exact""]"
pattern_жы_жи,В письме шб была фраза со словом жывотное.,В письме шб была фраза со словом животное.,no_existing_candidate_backed_pattern,9,False,"[""frequent_error_exact""]"
pattern_жы_жи,В заявлении щб указали слово жызнь.,В заявлении щб указали слово жизнь.,no_existing_candidate_backed_pattern,7,False,"[""frequent_error_exact""]"
pattern_жы_жи,В отчете яб встретилось слово жывотное.,В отчете яб встретилось слово животное.,no_existing_candidate_backed_pattern,7,False,"[""frequent_error_exact""]"
pattern_жы_жи,Эксперт заметил ошибку в слове жызнь в записи ав.,Эксперт заметил ошибку в слове жизнь в записи ав.,no_existing_candidate_backed_pattern,10,False,"[""frequent_error_exact""]"
pattern_жы_жи,Корректор проверил написание слова жывотное в файле гв.,Корректор проверил написание слова животное в файле гв.,no_existing_candidate_backed_pattern,9,False,"[""frequent_error_exact""]"
pattern_жы_жи,Редактор исправил слово жызнь в документе дв.,Редактор исправил слово жизнь в документе дв.,no_existing_candidate_backed_pattern,8,False,"[""frequent_error_exact""]"
pattern_жы_жи,В письме зв была фраза со словом жывотное.,В письме зв была фраза со словом животное.,no_existing_candidate_backed_pattern,9,False,"[""frequent_error_exact""]"
pattern_жы_жи,В заявлении ив указали слово жызнь.,В заявлении ив указали слово жизнь.,no_existing_candidate_backed_pattern,7,False,"[""frequent_error_exact""]"
pattern_жы_жи,В отчете мв встретилось слово жывотное.,В отчете мв встретилось слово животное.,no_existing_candidate_backed_pattern,7,False,"[""frequent_error_exact""]"
pattern_жы_жи,Эксперт заметил ошибку в слове жызнь в записи нв.,Эксперт заметил ошибку в слове жизнь в записи нв.,no_existing_candidate_backed_pattern,10,False,"[""frequent_error_exact""]"
pattern_жы_жи,Корректор проверил написание слова жывотное в файле рв.,Корректор проверил написание слова животное в файле рв.,no_existing_candidate_backed_pattern,9,False,"[""frequent_error_exact""]"
pattern_жы_жи,Редактор исправил слово жызнь в документе св.,Редактор исправил слово жизнь в документе св.,no_existing_candidate_backed_pattern,8,False,"[""frequent_error_exact""]"
pattern_жы_жи,В письме фв была фраза со словом жывотное.,В письме фв была фраза со словом животное.,no_existing_candidate_backed_pattern,9,False,"[""frequent_error_exact""]"
pattern_жы_жи,В заявлении хв указали слово жызнь.,В заявлении хв указали слово жизнь.,no_existing_candidate_backed_pattern,7,False,"[""frequent_error_exact""]"
pattern_жы_жи,В отчете шв встретилось слово жывотное.,В отчете шв встретилось слово животное.,no_existing_candidate_backed_pattern,7,False,"[""frequent_error_exact""]"
pattern_жы_жи,Эксперт заметил ошибку в слове жызнь в записи щв.,Эксперт заметил ошибку в слове жизнь в записи щв.,no_existing_candidate_backed_pattern,10,False,"[""frequent_error_exact""]"
pattern_жы_жи,Корректор проверил написание слова жывотное в файле яв.,Корректор проверил написание слова животное в файле яв.,no_existing_candidate_backed_pattern,9,False,"[""frequent_error_exact""]"
pattern_жы_жи,Редактор исправил слово жызнь в документе аг.,Редактор исправил слово жизнь в документе аг.,no_existing_candidate_backed_pattern,8,False,"[""frequent_error_exact""]"
pattern_жы_жи,В письме гг была фраза со словом жывотное.,В письме гг была фраза со словом животное.,no_existing_candidate_backed_pattern,9,False,"[""frequent_error_exact""]"
pattern_жы_жи,В заявлении дг указали слово жызнь.,В заявлении дг указали слово жизнь.,no_existing_candidate_backed_pattern,7,False,"[""frequent_error_exact""]"
pattern_жы_жи,В отчете зг встретилось слово жывотное.,В отчете зг встретилось слово животное.,no_existing_candidate_backed_pattern,7,False,"[""frequent_error_exact""]"
pattern_жы_жи,Эксперт заметил ошибку в слове жызнь в записи иг.,Эксперт заметил ошибку в слове жизнь в записи иг.,no_existing_candidate_backed_pattern,10,False,"[""frequent_error_exact""]"
pattern_жы_жи,Корректор проверил написание слова жывотное в файле мг.,Корректор проверил написание слова животное в файле мг.,no_existing_candidate_backed_pattern,9,False,"[""frequent_error_exact""]"
pattern_жы_жи,Редактор исправил слово жызнь в документе нг.,Редактор исправил слово жизнь в документе нг.,no_existing_candidate_backed_pattern,8,False,"[""frequent_error_exact""]"
pattern_жы_жи,В письме рг была фраза со словом жывотное.,В письме рг была фраза со словом животное.,no_existing_candidate_backed_pattern,9,False,"[""frequent_error_exact""]"
pattern_жы_жи,В заявлении сг указали слово жызнь.,В заявлении сг указали слово жизнь.,no_existing_candidate_backed_pattern,7,False,"[""frequent_error_exact""]"
pattern_жы_жи,В отчете фг встретилось слово жывотное.,В отчете фг встретилось слово животное.,no_existing_candidate_backed_pattern,7,False,"[""frequent_error_exact""]"
pattern_жы_жи,Эксперт заметил ошибку в слове жызнь в записи хг.,Эксперт заметил ошибку в слове жизнь в записи хг.,no_existing_candidate_backed_pattern,10,False,"[""frequent_error_exact""]"
pattern_жы_жи,Корректор проверил написание слова жывотное в файле шг.,Корректор проверил написание слова животное в файле шг.,no_existing_candidate_backed_pattern,9,False,"[""frequent_error_exact""]"
pattern_жы_жи,Редактор исправил слово жызнь в документе щг.,Редактор исправил слово жизнь в документе щг.,no_existing_candidate_backed_pattern,8,False,"[""frequent_error_exact""]"
pattern_жы_жи,В письме яг была фраза со словом жывотное.,В письме яг была фраза со словом животное.,no_existing_candidate_backed_pattern,9,False,"[""frequent_error_exact""]"
pattern_жы_жи,В заявлении ад указали слово жызнь.,В заявлении ад указали слово жизнь.,no_existing_candidate_backed_pattern,7,False,"[""frequent_error_exact""]"
pattern_жы_жи,В отчете гд встретилось слово жывотное.,В отчете гд встретилось слово животное.,no_existing_candidate_backed_pattern,7,False,"[""frequent_error_exact""]"
pattern_жы_жи,Эксперт заметил ошибку в слове жызнь в записи дд.,Эксперт заметил ошибку в слове жизнь в записи дд.,no_existing_candidate_backed_pattern,10,False,"[""frequent_error_exact""]"
pattern_жы_жи,Корректор проверил написание слова жывотное в файле зд.,Корректор проверил написание слова животное в файле зд.,no_existing_candidate_backed_pattern,9,False,"[""frequent_error_exact""]"
pattern_жы_жи,Редактор исправил слово жызнь в документе ид.,Редактор исправил слово жизнь в документе ид.,no_existing_candidate_backed_pattern,8,False,"[""frequent_error_exact""]"
pattern_жы_жи,В письме мд была фраза со словом жывотное.,В письме мд была фраза со словом животное.,no_existing_candidate_backed_pattern,9,False,"[""frequent_error_exact""]"
pattern_жы_жи,В заявлении нд указали слово жызнь.,В заявлении нд указали слово жизнь.,no_existing_candidate_backed_pattern,7,False,"[""frequent_error_exact""]"
pattern_жы_жи,В отчете рд встретилось слово жывотное.,В отчете рд встретилось слово животное.,no_existing_candidate_backed_pattern,7,False,"[""frequent_error_exact""]"
pattern_жы_жи,Эксперт заметил ошибку в слове жызнь в записи сд.,Эксперт заметил ошибку в слове жизнь в записи сд.,no_existing_candidate_backed_pattern,10,False,"[""frequent_error_exact""]"
pattern_жы_жи,Корректор проверил написание слова жывотное в файле фд.,Корректор проверил написание слова животное в файле фд.,no_existing_candidate_backed_pattern,9,False,"[""frequent_error_exact""]"
pattern_жы_жи,Редактор исправил слово жызнь в документе хд.,Редактор исправил слово жизнь в документе хд.,no_existing_candidate_backed_pattern,8,False,"[""frequent_error_exact""]"
pattern_жы_жи,В письме шд была фраза со словом жывотное.,В письме шд была фраза со словом животное.,no_existing_candidate_backed_pattern,9,False,"[""frequent_error_exact""]"
pattern_жы_жи,В заявлении щд указали слово жызнь.,В заявлении щд указали слово жизнь.,no_existing_candidate_backed_pattern,7,False,"[""frequent_error_exact""]"
pattern_жы_жи,В отчете яд встретилось слово жывотное.,В отчете яд встретилось слово животное.,no_existing_candidate_backed_pattern,7,False,"[""frequent_error_exact""]"
pattern_жы_жи,Эксперт заметил ошибку в слове жызнь в записи ае.,Эксперт заметил ошибку в слове жизнь в записи ае.,no_existing_candidate_backed_pattern,10,False,"[""frequent_error_exact""]"
pattern_жы_жи,Корректор проверил написание слова жывотное в файле ге.,Корректор проверил написание слова животное в файле ге.,no_existing_candidate_backed_pattern,9,False,"[""frequent_error_exact""]"
pattern_жы_жи,Редактор исправил слово жызнь в документе де.,Редактор исправил слово жизнь в документе де.,no_existing_candidate_backed_pattern,8,False,"[""frequent_error_exact""]"
pattern_жы_жи,В письме зе была фраза со словом жывотное.,В письме зе была фраза со словом животное.,no_existing_candidate_backed_pattern,9,False,"[""frequent_error_exact""]"
pattern_жы_жи,В заявлении ие указали слово жызнь.,В заявлении ие указали слово жизнь.,no_existing_candidate_backed_pattern,7,False,"[""frequent_error_exact""]"
pattern_жы_жи,В отчете ме встретилось слово жывотное.,В отчете ме встретилось слово животное.,no_existing_candidate_backed_pattern,7,False,"[""frequent_error_exact""]"
pattern_жы_жи,Эксперт заметил ошибку в слове жызнь в записи не.,Эксперт заметил ошибку в слове жизнь в записи не.,no_existing_candidate_backed_pattern,10,False,"[""frequent_error_exact""]"
pattern_жы_жи,Корректор проверил написание слова жывотное в файле ре.,Корректор проверил написание слова животное в файле ре.,no_existing_candidate_backed_pattern,9,False,"[""frequent_error_exact""]"
pattern_жы_жи,Редактор исправил слово жызнь в документе се.,Редактор исправил слово жизнь в документе се.,no_existing_candidate_backed_pattern,8,False,"[""frequent_error_exact""]"
pattern_жы_жи,В письме фе была фраза со словом жывотное.,В письме фе была фраза со словом животное.,no_existing_candidate_backed_pattern,9,False,"[""frequent_error_exact""]"
pattern_жы_жи,В заявлении хе указали слово жызнь.,В заявлении хе указали слово жизнь.,no_existing_candidate_backed_pattern,7,False,"[""frequent_error_exact""]"
pattern_жы_жи,В отчете ше встретилось слово жывотное.,В отчете ше встретилось слово животное.,no_existing_candidate_backed_pattern,7,False,"[""frequent_error_exact""]"
pattern_жы_жи,Эксперт заметил ошибку в слове жызнь в записи ще.,Эксперт заметил ошибку в слове жизнь в записи ще.,no_existing_candidate_backed_pattern,10,False,"[""frequent_error_exact""]"
pattern_жы_жи,Корректор проверил написание слова жывотное в файле яе.,Корректор проверил написание слова животное в файле яе.,no_existing_candidate_backed_pattern,9,False,"[""frequent_error_exact""]"
pattern_жы_жи,Редактор исправил слово жызнь в документе аж.,Редактор исправил слово жизнь в документе аж.,no_existing_candidate_backed_pattern,8,False,"[""frequent_error_exact""]"
pattern_жы_жи,В письме гж была фраза со словом жывотное.,В письме гж была фраза со словом животное.,no_existing_candidate_backed_pattern,9,False,"[""frequent_error_exact""]"
pattern_жы_жи,В заявлении дж указали слово жызнь.,В заявлении дж указали слово жизнь.,no_existing_candidate_backed_pattern,7,False,"[""frequent_error_exact""]"
pattern_жы_жи,В отчете зж встретилось слово жывотное.,В отчете зж встретилось слово животное.,no_existing_candidate_backed_pattern,7,False,"[""frequent_error_exact""]"
pattern_жы_жи,Эксперт заметил ошибку в слове жызнь в записи иж.,Эксперт заметил ошибку в слове жизнь в записи иж.,no_existing_candidate_backed_pattern,10,False,"[""frequent_error_exact""]"
pattern_жы_жи,Корректор проверил написание слова жывотное в файле мж.,Корректор проверил написание слова животное в файле мж.,no_existing_candidate_backed_pattern,9,False,"[""frequent_error_exact""]"
pattern_жы_жи,Редактор исправил слово жызнь в документе нж.,Редактор исправил слово жизнь в документе нж.,no_existing_candidate_backed_pattern,8,False,"[""frequent_error_exact""]"
pattern_жы_жи,В письме рж была фраза со словом жывотное.,В письме рж была фраза со словом животное.,no_existing_candidate_backed_pattern,9,False,"[""frequent_error_exact""]"
pattern_жы_жи,В заявлении сж указали слово жызнь.,В заявлении сж указали слово жизнь.,no_existing_candidate_backed_pattern,7,False,"[""frequent_error_exact""]"
pattern_жы_жи,В отчете фж встретилось слово жывотное.,В отчете фж встретилось слово животное.,no_existing_candidate_backed_pattern,7,False,"[""frequent_error_exact""]"
pattern_жы_жи,Эксперт заметил ошибку в слове жызнь в записи хж.,Эксперт заметил ошибку в слове жизнь в записи хж.,no_existing_candidate_backed_pattern,10,False,"[""frequent_error_exact""]"
pattern_жы_жи,Корректор проверил написание слова жывотное в файле шж.,Корректор проверил написание слова животное в файле шж.,no_existing_candidate_backed_pattern,9,False,"[""frequent_error_exact""]"
pattern_жы_жи,Редактор исправил слово жызнь в документе щж.,Редактор исправил слово жизнь в документе щж.,no_existing_candidate_backed_pattern,8,False,"[""frequent_error_exact""]"
pattern_жы_жи,В письме яж была фраза со словом жывотное.,В письме яж была фраза со словом животное.,no_existing_candidate_backed_pattern,9,False,"[""frequent_error_exact""]"
pattern_жы_жи,В заявлении аз указали слово жызнь.,В заявлении аз указали слово жизнь.,no_existing_candidate_backed_pattern,7,False,"[""frequent_error_exact""]"
pattern_жы_жи,В отчете гз встретилось слово жывотное.,В отчете гз встретилось слово животное.,no_existing_candidate_backed_pattern,7,False,"[""frequent_error_exact""]"
pattern_жы_жи,Эксперт заметил ошибку в слове жызнь в записи дз.,Эксперт заметил ошибку в слове жизнь в записи дз.,no_existing_candidate_backed_pattern,10,False,"[""frequent_error_exact""]"
pattern_жы_жи,Корректор проверил написание слова жывотное в файле зз.,Корректор проверил написание слова животное в файле зз.,no_existing_candidate_backed_pattern,9,False,"[""frequent_error_exact""]"
pattern_жы_жи,Редактор исправил слово жызнь в документе из.,Редактор исправил слово жизнь в документе из.,no_existing_candidate_backed_pattern,8,False,"[""frequent_error_exact""]"
pattern_жы_жи,В письме мз была фраза со словом жывотное.,В письме мз была фраза со словом животное.,no_existing_candidate_backed_pattern,9,False,"[""frequent_error_exact""]"
pattern_жы_жи,В заявлении нз указали слово жызнь.,В заявлении нз указали слово жизнь.,no_existing_candidate_backed_pattern,7,False,"[""frequent_error_exact""]"
pattern_жы_жи,В отчете рз встретилось слово жывотное.,В отчете рз встретилось слово животное.,no_existing_candidate_backed_pattern,7,False,"[""frequent_error_exact""]"
pattern_жы_жи,Эксперт заметил ошибку в слове жызнь в записи сз.,Эксперт заметил ошибку в слове жизнь в записи сз.,no_existing_candidate_backed_pattern,10,False,"[""frequent_error_exact""]"
pattern_жы_жи,Корректор проверил написание слова жывотное в файле фз.,Корректор проверил написание слова животное в файле фз.,no_existing_candidate_backed_pattern,9,False,"[""frequent_error_exact""]"
pattern_жы_жи,Редактор исправил слово жызнь в документе хз.,Редактор исправил слово жизнь в документе хз.,no_existing_candidate_backed_pattern,8,False,"[""frequent_error_exact""]"
pattern_жы_жи,В письме шз была фраза со словом жывотное.,В письме шз была фраза со словом животное.,no_existing_candidate_backed_pattern,9,False,"[""frequent_error_exact""]"
pattern_жы_жи,В заявлении щз указали слово жызнь.,В заявлении щз указали слово жизнь.,no_existing_candidate_backed_pattern,7,False,"[""frequent_error_exact""]"
pattern_жы_жи,В отчете яз встретилось слово жывотное.,В отчете яз встретилось слово животное.,no_existing_candidate_backed_pattern,7,False,"[""frequent_error_exact""]"
pattern_жы_жи,Эксперт заметил ошибку в слове жызнь в записи аи.,Эксперт заметил ошибку в слове жизнь в записи аи.,no_existing_candidate_backed_pattern,10,False,"[""frequent_error_exact""]"
pattern_жы_жи,Корректор проверил написание слова жывотное в файле ги.,Корректор проверил написание слова животное в файле ги.,no_existing_candidate_backed_pattern,9,False,"[""frequent_error_exact""]"
pattern_жы_жи,Редактор исправил слово жызнь в документе ди.,Редактор исправил слово жизнь в документе ди.,no_existing_candidate_backed_pattern,8,False,"[""frequent_error_exact""]"
pattern_жы_жи,В письме зи была фраза со словом жывотное.,В письме зи была фраза со словом животное.,no_existing_candidate_backed_pattern,9,False,"[""frequent_error_exact""]"
pattern_жы_жи,В заявлении ии указали слово жызнь.,В заявлении ии указали слово жизнь.,no_existing_candidate_backed_pattern,7,False,"[""frequent_error_exact""]"
pattern_жы_жи,В отчете ми встретилось слово жывотное.,В отчете ми встретилось слово животное.,no_existing_candidate_backed_pattern,7,False,"[""frequent_error_exact""]"
pattern_жы_жи,Эксперт заметил ошибку в слове жызнь в записи ни.,Эксперт заметил ошибку в слове жизнь в записи ни.,no_existing_candidate_backed_pattern,10,False,"[""frequent_error_exact""]"
pattern_жы_жи,Корректор проверил написание слова жывотное в файле ри.,Корректор проверил написание слова животное в файле ри.,no_existing_candidate_backed_pattern,9,False,"[""frequent_error_exact""]"
pattern_жы_жи,Редактор исправил слово жызнь в документе си.,Редактор исправил слово жизнь в документе си.,no_existing_candidate_backed_pattern,8,False,"[""frequent_error_exact""]"
pattern_жы_жи,В письме фи была фраза со словом жывотное.,В письме фи была фраза со словом животное.,no_existing_candidate_backed_pattern,9,False,"[""frequent_error_exact""]"
pattern_жы_жи,В заявлении хи указали слово жызнь.,В заявлении хи указали слово жизнь.,no_existing_candidate_backed_pattern,7,False,"[""frequent_error_exact""]"
pattern_жы_жи,В отчете ши встретилось слово жывотное.,В отчете ши встретилось слово животное.,no_existing_candidate_backed_pattern,7,False,"[""frequent_error_exact""]"
pattern_жы_жи,Эксперт заметил ошибку в слове жызнь в записи щи.,Эксперт заметил ошибку в слове жизнь в записи щи.,no_existing_candidate_backed_pattern,10,False,"[""frequent_error_exact""]"
pattern_жы_жи,Корректор проверил написание слова жывотное в файле яи.,Корректор проверил написание слова животное в файле яи.,no_existing_candidate_backed_pattern,9,False,"[""frequent_error_exact""]"
pattern_жы_жи,Редактор исправил слово жызнь в документе ак.,Редактор исправил слово жизнь в документе ак.,no_existing_candidate_backed_pattern,8,False,"[""frequent_error_exact""]"
pattern_жы_жи,В письме гк была фраза со словом жывотное.,В письме гк была фраза со словом животное.,no_existing_candidate_backed_pattern,9,False,"[""frequent_error_exact""]"
pattern_жы_жи,В заявлении дк указали слово жызнь.,В заявлении дк указали слово жизнь.,no_existing_candidate_backed_pattern,7,False,"[""frequent_error_exact""]"
pattern_жы_жи,В отчете зк встретилось слово жывотное.,В отчете зк встретилось слово животное.,no_existing_candidate_backed_pattern,7,False,"[""frequent_error_exact""]"
pattern_жы_жи,Эксперт заметил ошибку в слове жызнь в записи ик.,Эксперт заметил ошибку в слове жизнь в записи ик.,no_existing_candidate_backed_pattern,10,False,"[""frequent_error_exact""]"
pattern_жы_жи,Корректор проверил написание слова жывотное в файле мк.,Корректор проверил написание слова животное в файле мк.,no_existing_candidate_backed_pattern,9,False,"[""frequent_error_exact""]"
pattern_жы_жи,Редактор исправил слово жызнь в документе нк.,Редактор исправил слово жизнь в документе нк.,no_existing_candidate_backed_pattern,8,False,"[""frequent_error_exact""]"
pattern_жы_жи,В письме рк была фраза со словом жывотное.,В письме рк была фраза со словом животное.,no_existing_candidate_backed_pattern,9,False,"[""frequent_error_exact""]"
pattern_жы_жи,В заявлении ск указали слово жызнь.,В заявлении ск указали слово жизнь.,no_existing_candidate_backed_pattern,7,False,"[""frequent_error_exact""]"
pattern_жы_жи,В отчете фк встретилось слово жывотное.,В отчете фк встретилось слово животное.,no_existing_candidate_backed_pattern,7,False,"[""frequent_error_exact""]"
pattern_жы_жи,Эксперт заметил ошибку в слове жызнь в записи хк.,Эксперт заметил ошибку в слове жизнь в записи хк.,no_existing_candidate_backed_pattern,10,False,"[""frequent_error_exact""]"
pattern_жы_жи,Корректор проверил написание слова жывотное в файле шк.,Корректор проверил написание слова животное в файле шк.,no_existing_candidate_backed_pattern,9,False,"[""frequent_error_exact""]"
pattern_жы_жи,Редактор исправил слово жызнь в документе щк.,Редактор исправил слово жизнь в документе щк.,no_existing_candidate_backed_pattern,8,False,"[""frequent_error_exact""]"
pattern_жы_жи,В письме як была фраза со словом жывотное.,В письме як была фраза со словом животное.,no_existing_candidate_backed_pattern,9,False,"[""frequent_error_exact""]"
pattern_жы_жи,В заявлении ал указали слово жызнь.,В заявлении ал указали слово жизнь.,no_existing_candidate_backed_pattern,7,False,"[""frequent_error_exact""]"
pattern_жы_жи,В отчете гл встретилось слово жывотное.,В отчете гл встретилось слово животное.,no_existing_candidate_backed_pattern,7,False,"[""frequent_error_exact""]"
pattern_жы_жи,Эксперт заметил ошибку в слове жызнь в записи дл.,Эксперт заметил ошибку в слове жизнь в записи дл.,no_existing_candidate_backed_pattern,10,False,"[""frequent_error_exact""]"
pattern_жы_жи,Корректор проверил написание слова жывотное в файле зл.,Корректор проверил написание слова животное в файле зл.,no_existing_candidate_backed_pattern,9,False,"[""frequent_error_exact""]"
pattern_жы_жи,Редактор исправил слово жызнь в документе ил.,Редактор исправил слово жизнь в документе ил.,no_existing_candidate_backed_pattern,8,False,"[""frequent_error_exact""]"
pattern_жы_жи,В письме мл была фраза со словом жывотное.,В письме мл была фраза со словом животное.,no_existing_candidate_backed_pattern,9,False,"[""frequent_error_exact""]"
pattern_жы_жи,В заявлении нл указали слово жызнь.,В заявлении нл указали слово жизнь.,no_existing_candidate_backed_pattern,7,False,"[""frequent_error_exact""]"
pattern_жы_жи,В отчете рл встретилось слово жывотное.,В отчете рл встретилось слово животное.,no_existing_candidate_backed_pattern,7,False,"[""frequent_error_exact""]"
pattern_жы_жи,Эксперт заметил ошибку в слове жызнь в записи сл.,Эксперт заметил ошибку в слове жизнь в записи сл.,no_existing_candidate_backed_pattern,10,False,"[""frequent_error_exact""]"
pattern_жы_жи,Корректор проверил написание слова жывотное в файле фл.,Корректор проверил написание слова животное в файле фл.,no_existing_candidate_backed_pattern,9,False,"[""frequent_error_exact""]"
pattern_жы_жи,Редактор исправил слово жызнь в документе хл.,Редактор исправил слово жизнь в документе хл.,no_existing_candidate_backed_pattern,8,False,"[""frequent_error_exact""]"
pattern_жы_жи,В письме шл была фраза со словом жывотное.,В письме шл была фраза со словом животное.,no_existing_candidate_backed_pattern,9,False,"[""frequent_error_exact""]"
pattern_жы_жи,В заявлении щл указали слово жызнь.,В заявлении щл указали слово жизнь.,no_existing_candidate_backed_pattern,7,False,"[""frequent_error_exact""]"
pattern_жы_жи,В отчете ял встретилось слово жывотное.,В отчете ял встретилось слово животное.,no_existing_candidate_backed_pattern,7,False,"[""frequent_error_exact""]"
pattern_жы_жи,Эксперт заметил ошибку в слове жызнь в записи ам.,Эксперт заметил ошибку в слове жизнь в записи ам.,no_existing_candidate_backed_pattern,10,False,"[""frequent_error_exact""]"
pattern_жы_жи,Корректор проверил написание слова жывотное в файле гм.,Корректор проверил написание слова животное в файле гм.,no_existing_candidate_backed_pattern,9,False,"[""frequent_error_exact""]"
pattern_жы_жи,Редактор исправил слово жызнь в документе дм.,Редактор исправил слово жизнь в документе дм.,no_existing_candidate_backed_pattern,8,False,"[""frequent_error_exact""]"
pattern_жы_жи,В письме зм была фраза со словом жывотное.,В письме зм была фраза со словом животное.,no_existing_candidate_backed_pattern,9,False,"[""frequent_error_exact""]"
pattern_жы_жи,В заявлении им указали слово жызнь.,В заявлении им указали слово жизнь.,no_existing_candidate_backed_pattern,7,False,"[""frequent_error_exact""]"
pattern_жы_жи,В отчете мм встретилось слово жывотное.,В отчете мм встретилось слово животное.,no_existing_candidate_backed_pattern,7,False,"[""frequent_error_exact""]"
pattern_жы_жи,Эксперт заметил ошибку в слове жызнь в записи нм.,Эксперт заметил ошибку в слове жизнь в записи нм.,no_existing_candidate_backed_pattern,10,False,"[""frequent_error_exact""]"
pattern_жы_жи,Корректор проверил написание слова жывотное в файле рм.,Корректор проверил написание слова животное в файле рм.,no_existing_candidate_backed_pattern,9,False,"[""frequent_error_exact""]"
pattern_жы_жи,Редактор исправил слово жызнь в документе см.,Редактор исправил слово жизнь в документе см.,protected_span,8,True,"[""frequent_error_exact""]"
pattern_жы_жи,В письме фм была фраза со словом жывотное.,В письме фм была фраза со словом животное.,no_existing_candidate_backed_pattern,9,False,"[""frequent_error_exact""]"
pattern_жы_жи,В заявлении хм указали слово жызнь.,В заявлении хм указали слово жизнь.,no_existing_candidate_backed_pattern,7,False,"[""frequent_error_exact""]"
pattern_жы_жи,В отчете шм встретилось слово жывотное.,В отчете шм встретилось слово животное.,no_existing_candidate_backed_pattern,7,False,"[""frequent_error_exact""]"
pattern_жы_жи,Эксперт заметил ошибку в слове жызнь в записи щм.,Эксперт заметил ошибку в слове жизнь в записи щм.,no_existing_candidate_backed_pattern,10,False,"[""frequent_error_exact""]"
pattern_жы_жи,Корректор проверил написание слова жывотное в файле ям.,Корректор проверил написание слова животное в файле ям.,no_existing_candidate_backed_pattern,9,False,"[""frequent_error_exact""]"
pattern_жы_жи,Редактор исправил слово жызнь в документе ан.,Редактор исправил слово жизнь в документе ан.,no_existing_candidate_backed_pattern,8,False,"[""frequent_error_exact""]"
pattern_жы_жи,В письме гн была фраза со словом жывотное.,В письме гн была фраза со словом животное.,no_existing_candidate_backed_pattern,9,False,"[""frequent_error_exact""]"
pattern_жы_жи,В заявлении дн указали слово жызнь.,В заявлении дн указали слово жизнь.,no_existing_candidate_backed_pattern,7,False,"[""frequent_error_exact""]"
pattern_жы_жи,В отчете зн встретилось слово жывотное.,В отчете зн встретилось слово животное.,no_existing_candidate_backed_pattern,7,False,"[""frequent_error_exact""]"
pattern_жы_жи,Эксперт заметил ошибку в слове жызнь в записи ин.,Эксперт заметил ошибку в слове жизнь в записи ин.,no_existing_candidate_backed_pattern,10,False,"[""frequent_error_exact""]"
pattern_жы_жи,Корректор проверил написание слова жывотное в файле мн.,Корректор проверил написание слова животное в файле мн.,no_existing_candidate_backed_pattern,9,False,"[""frequent_error_exact""]"
pattern_жы_жи,Редактор исправил слово жызнь в документе нн.,Редактор исправил слово жизнь в документе нн.,no_existing_candidate_backed_pattern,9,False,"[""frequent_error_exact"", ""n_nn_adjective""]"
pattern_жы_жи,В письме рн была фраза со словом жывотное.,В письме рн была фраза со словом животное.,no_existing_candidate_backed_pattern,9,False,"[""frequent_error_exact""]"
pattern_жы_жи,В заявлении сн указали слово жызнь.,В заявлении сн указали слово жизнь.,no_existing_candidate_backed_pattern,7,False,"[""frequent_error_exact""]"
pattern_жы_жи,В отчете фн встретилось слово жывотное.,В отчете фн встретилось слово животное.,no_existing_candidate_backed_pattern,7,False,"[""frequent_error_exact""]"
pattern_жы_жи,Эксперт заметил ошибку в слове жызнь в записи хн.,Эксперт заметил ошибку в слове жизнь в записи хн.,no_existing_candidate_backed_pattern,10,False,"[""frequent_error_exact""]"
pattern_жы_жи,Корректор проверил написание слова жывотное в файле шн.,Корректор проверил написание слова животное в файле шн.,no_existing_candidate_backed_pattern,9,False,"[""frequent_error_exact""]"
pattern_жы_жи,Редактор исправил слово жызнь в документе щн.,Редактор исправил слово жизнь в документе щн.,no_existing_candidate_backed_pattern,8,False,"[""frequent_error_exact""]"
pattern_жы_жи,В письме ян была фраза со словом жывотное.,В письме ян была фраза со словом животное.,no_existing_candidate_backed_pattern,9,False,"[""frequent_error_exact""]"
pattern_жы_жи,В заявлении ао указали слово жызнь.,В заявлении ао указали слово жизнь.,no_existing_candidate_backed_pattern,8,False,"[""abbreviation_case_protection"", ""frequent_error_exact""]"
pattern_жы_жи,В отчете го встретилось слово жывотное.,В отчете го встретилось слово животное.,no_existing_candidate_backed_pattern,7,False,"[""frequent_error_exact""]"
pattern_жы_жи,Эксперт заметил ошибку в слове жызнь в записи до.,Эксперт заметил ошибку в слове жизнь в записи до.,no_existing_candidate_backed_pattern,10,False,"[""frequent_error_exact""]"
pattern_жы_жи,Корректор проверил написание слова жывотное в файле зо.,Корректор проверил написание слова животное в файле зо.,no_existing_candidate_backed_pattern,9,False,"[""frequent_error_exact""]"
pattern_жы_жи,Редактор исправил слово жызнь в документе ио.,Редактор исправил слово жизнь в документе ио.,no_existing_candidate_backed_pattern,8,False,"[""frequent_error_exact""]"
pattern_жы_жи,В письме мо была фраза со словом жывотное.,В письме мо была фраза со словом животное.,no_existing_candidate_backed_pattern,9,False,"[""frequent_error_exact""]"
pattern_жы_жи,В заявлении но указали слово жызнь.,В заявлении но указали слово жизнь.,no_existing_candidate_backed_pattern,8,False,"[""comma_conjunction"", ""frequent_error_exact""]"
pattern_жы_жи,В отчете ро встретилось слово жывотное.,В отчете ро встретилось слово животное.,no_existing_candidate_backed_pattern,7,False,"[""frequent_error_exact""]"
pattern_жы_жи,Эксперт заметил ошибку в слове жызнь в записи со.,Эксперт заметил ошибку в слове жизнь в записи со.,no_existing_candidate_backed_pattern,10,False,"[""frequent_error_exact""]"
pattern_жы_жи,Корректор проверил написание слова жывотное в файле фо.,Корректор проверил написание слова животное в файле фо.,no_existing_candidate_backed_pattern,9,False,"[""frequent_error_exact""]"
pattern_жы_жи,Редактор исправил слово жызнь в документе хо.,Редактор исправил слово жизнь в документе хо.,no_existing_candidate_backed_pattern,8,False,"[""frequent_error_exact""]"
pattern_жы_жи,В письме шо была фраза со словом жывотное.,В письме шо была фраза со словом животное.,no_existing_candidate_backed_pattern,9,False,"[""frequent_error_exact""]"
pattern_жы_жи,В заявлении що указали слово жызнь.,В заявлении що указали слово жизнь.,no_existing_candidate_backed_pattern,7,False,"[""frequent_error_exact""]"
pattern_жы_жи,В отчете яо встретилось слово жывотное.,В отчете яо встретилось слово животное.,no_existing_candidate_backed_pattern,7,False,"[""frequent_error_exact""]"
pattern_жы_жи,Эксперт заметил ошибку в слове жызнь в записи ап.,Эксперт заметил ошибку в слове жизнь в записи ап.,no_existing_candidate_backed_pattern,10,False,"[""frequent_error_exact""]"
pattern_жы_жи,Корректор проверил написание слова жывотное в файле гп.,Корректор проверил написание слова животное в файле гп.,no_existing_candidate_backed_pattern,9,False,"[""frequent_error_exact""]"
pattern_жы_жи,Редактор исправил слово жызнь в документе дп.,Редактор исправил слово жизнь в документе дп.,no_existing_candidate_backed_pattern,8,False,"[""frequent_error_exact""]"
pattern_жы_жи,В письме зп была фраза со словом жывотное.,В письме зп была фраза со словом животное.,no_existing_candidate_backed_pattern,9,False,"[""frequent_error_exact""]"
pattern_жы_жи,В заявлении ип указали слово жызнь.,В заявлении ип указали слово жизнь.,no_existing_candidate_backed_pattern,8,False,"[""abbreviation_case_protection"", ""frequent_error_exact""]"
pattern_жы_жи,В отчете мп встретилось слово жывотное.,В отчете мп встретилось слово животное.,no_existing_candidate_backed_pattern,7,False,"[""frequent_error_exact""]"
pattern_жы_жи,Эксперт заметил ошибку в слове жызнь в записи нп.,Эксперт заметил ошибку в слове жизнь в записи нп.,no_existing_candidate_backed_pattern,10,False,"[""frequent_error_exact""]"
pattern_жы_жи,Корректор проверил написание слова жывотное в файле рп.,Корректор проверил написание слова животное в файле рп.,no_existing_candidate_backed_pattern,9,False,"[""frequent_error_exact""]"
pattern_жы_жи,Редактор исправил слово жызнь в документе сп.,Редактор исправил слово жизнь в документе сп.,no_existing_candidate_backed_pattern,8,False,"[""frequent_error_exact""]"
pattern_жы_жи,В письме фп была фраза со словом жывотное.,В письме фп была фраза со словом животное.,no_existing_candidate_backed_pattern,9,False,"[""frequent_error_exact""]"
pattern_жы_жи,В заявлении хп указали слово жызнь.,В заявлении хп указали слово жизнь.,no_existing_candidate_backed_pattern,7,False,"[""frequent_error_exact""]"
pattern_жы_жи,В отчете шп встретилось слово жывотное.,В отчете шп встретилось слово животное.,no_existing_candidate_backed_pattern,7,False,"[""frequent_error_exact""]"
pattern_жы_жи,Эксперт заметил ошибку в слове жызнь в записи щп.,Эксперт заметил ошибку в слове жизнь в записи щп.,no_existing_candidate_backed_pattern,10,False,"[""frequent_error_exact""]"
pattern_жы_жи,Корректор проверил написание слова жывотное в файле яп.,Корректор проверил написание слова животное в файле яп.,no_existing_candidate_backed_pattern,9,False,"[""frequent_error_exact""]"
pattern_жы_жи,Редактор исправил слово жызнь в документе ар.,Редактор исправил слово жизнь в документе ар.,no_existing_candidate_backed_pattern,8,False,"[""frequent_error_exact""]"
pattern_жы_жи,В письме гр была фраза со словом жывотное.,В письме гр была фраза со словом животное.,no_existing_candidate_backed_pattern,9,False,"[""frequent_error_exact""]"
pattern_жы_жи,В заявлении др указали слово жызнь.,В заявлении др указали слово жизнь.,no_existing_candidate_backed_pattern,7,False,"[""frequent_error_exact""]"
pattern_жы_жи,В отчете зр встретилось слово жывотное.,В отчете зр встретилось слово животное.,no_existing_candidate_backed_pattern,7,False,"[""frequent_error_exact""]"
pattern_жы_жи,Эксперт заметил ошибку в слове жызнь в записи ир.,Эксперт заметил ошибку в слове жизнь в записи ир.,no_existing_candidate_backed_pattern,10,False,"[""frequent_error_exact""]"
pattern_жы_жи,Корректор проверил написание слова жывотное в файле мр.,Корректор проверил написание слова животное в файле мр.,no_existing_candidate_backed_pattern,9,False,"[""frequent_error_exact""]"
pattern_жы_жи,Редактор исправил слово жызнь в документе нр.,Редактор исправил слово жизнь в документе нр.,no_existing_candidate_backed_pattern,8,False,"[""frequent_error_exact""]"
pattern_жы_жи,В письме рр была фраза со словом жывотное.,В письме рр была фраза со словом животное.,no_existing_candidate_backed_pattern,9,False,"[""frequent_error_exact""]"
pattern_жы_жи,В заявлении ср указали слово жызнь.,В заявлении ср указали слово жизнь.,no_existing_candidate_backed_pattern,7,False,"[""frequent_error_exact""]"
pattern_жы_жи,В отчете фр встретилось слово жывотное.,В отчете фр встретилось слово животное.,no_existing_candidate_backed_pattern,7,False,"[""frequent_error_exact""]"
pattern_жы_жи,Эксперт заметил ошибку в слове жызнь в записи хр.,Эксперт заметил ошибку в слове жизнь в записи хр.,no_existing_candidate_backed_pattern,10,False,"[""frequent_error_exact""]"
pattern_жы_жи,Корректор проверил написание слова жывотное в файле шр.,Корректор проверил написание слова животное в файле шр.,no_existing_candidate_backed_pattern,9,False,"[""frequent_error_exact""]"
pattern_жы_жи,Редактор исправил слово жызнь в документе щр.,Редактор исправил слово жизнь в документе щр.,no_existing_candidate_backed_pattern,8,False,"[""frequent_error_exact""]"
pattern_жы_жи,В письме яр была фраза со словом жывотное.,В письме яр была фраза со словом животное.,no_existing_candidate_backed_pattern,9,False,"[""frequent_error_exact""]"
pattern_жы_жи,В заявлении ас указали слово жызнь.,В заявлении ас указали слово жизнь.,no_existing_candidate_backed_pattern,7,False,"[""frequent_error_exact""]"
pattern_жы_жи,В отчете гс встретилось слово жывотное.,В отчете гс встретилось слово животное.,no_existing_candidate_backed_pattern,7,False,"[""frequent_error_exact""]"
pattern_жы_жи,Эксперт заметил ошибку в слове жызнь в записи дс.,Эксперт заметил ошибку в слове жизнь в записи дс.,no_existing_candidate_backed_pattern,10,False,"[""frequent_error_exact""]"
pattern_жы_жи,Корректор проверил написание слова жывотное в файле зс.,Корректор проверил написание слова животное в файле зс.,no_existing_candidate_backed_pattern,9,False,"[""frequent_error_exact""]"
pattern_жы_жи,Редактор исправил слово жызнь в документе ис.,Редактор исправил слово жизнь в документе ис.,no_existing_candidate_backed_pattern,8,False,"[""frequent_error_exact""]"
pattern_жы_жи,В письме мс была фраза со словом жывотное.,В письме мс была фраза со словом животное.,no_existing_candidate_backed_pattern,9,False,"[""frequent_error_exact""]"
pattern_жы_жи,В заявлении нс указали слово жызнь.,В заявлении нс указали слово жизнь.,no_existing_candidate_backed_pattern,7,False,"[""frequent_error_exact""]"
pattern_жы_жи,В отчете рс встретилось слово жывотное.,В отчете рс встретилось слово животное.,no_existing_candidate_backed_pattern,7,False,"[""frequent_error_exact""]"
pattern_жы_жи,Эксперт заметил ошибку в слове жызнь в записи сс.,Эксперт заметил ошибку в слове жизнь в записи сс.,no_existing_candidate_backed_pattern,10,False,"[""frequent_error_exact""]"
pattern_жы_жи,Корректор проверил написание слова жывотное в файле фс.,Корректор проверил написание слова животное в файле фс.,no_existing_candidate_backed_pattern,9,False,"[""frequent_error_exact""]"
pattern_жы_жи,Редактор исправил слово жызнь в документе хс.,Редактор исправил слово жизнь в документе хс.,no_existing_candidate_backed_pattern,8,False,"[""frequent_error_exact""]"
pattern_жы_жи,В письме шс была фраза со словом жывотное.,В письме шс была фраза со словом животное.,no_existing_candidate_backed_pattern,9,False,"[""frequent_error_exact""]"
pattern_жы_жи,В заявлении щс указали слово жызнь.,В заявлении щс указали слово жизнь.,no_existing_candidate_backed_pattern,7,False,"[""frequent_error_exact""]"
pattern_жы_жи,В отчете яс встретилось слово жывотное.,В отчете яс встретилось слово животное.,no_existing_candidate_backed_pattern,7,False,"[""frequent_error_exact""]"
pattern_жы_жи,Эксперт заметил ошибку в слове жызнь в записи ат.,Эксперт заметил ошибку в слове жизнь в записи ат.,no_existing_candidate_backed_pattern,10,False,"[""frequent_error_exact""]"
pattern_жы_жи,Корректор проверил написание слова жывотное в файле гт.,Корректор проверил написание слова животное в файле гт.,no_existing_candidate_backed_pattern,9,False,"[""frequent_error_exact""]"
pattern_жы_жи,Редактор исправил слово жызнь в документе дт.,Редактор исправил слово жизнь в документе дт.,no_existing_candidate_backed_pattern,8,False,"[""frequent_error_exact""]"
pattern_жы_жи,В письме зт была фраза со словом жывотное.,В письме зт была фраза со словом животное.,no_existing_candidate_backed_pattern,9,False,"[""frequent_error_exact""]"
pattern_жы_жи,В заявлении ит указали слово жызнь.,В заявлении ит указали слово жизнь.,no_existing_candidate_backed_pattern,7,False,"[""frequent_error_exact""]"
pattern_жы_жи,В отчете мт встретилось слово жывотное.,В отчете мт встретилось слово животное.,no_existing_candidate_backed_pattern,7,False,"[""frequent_error_exact""]"
pattern_жы_жи,Эксперт заметил ошибку в слове жызнь в записи нт.,Эксперт заметил ошибку в слове жизнь в записи нт.,no_existing_candidate_backed_pattern,10,False,"[""frequent_error_exact""]"
pattern_жы_жи,Корректор проверил написание слова жывотное в файле рт.,Корректор проверил написание слова животное в файле рт.,no_existing_candidate_backed_pattern,9,False,"[""frequent_error_exact""]"
pattern_жы_жи,Редактор исправил слово жызнь в документе ст.,Редактор исправил слово жизнь в документе ст.,no_existing_candidate_backed_pattern,8,False,"[""frequent_error_exact""]"
pattern_жы_жи,В письме фт была фраза со словом жывотное.,В письме фт была фраза со словом животное.,no_existing_candidate_backed_pattern,9,False,"[""frequent_error_exact""]"
pattern_жы_жи,В заявлении хт указали слово жызнь.,В заявлении хт указали слово жизнь.,no_existing_candidate_backed_pattern,7,False,"[""frequent_error_exact""]"
pattern_жы_жи,В отчете шт встретилось слово жывотное.,В отчете шт встретилось слово животное.,no_existing_candidate_backed_pattern,7,False,"[""frequent_error_exact""]"
pattern_жы_жи,Эксперт заметил ошибку в слове жызнь в записи щт.,Эксперт заметил ошибку в слове жизнь в записи щт.,no_existing_candidate_backed_pattern,10,False,"[""frequent_error_exact""]"
pattern_жы_жи,Корректор проверил написание слова жывотное в файле ят.,Корректор проверил написание слова животное в файле ят.,no_existing_candidate_backed_pattern,9,False,"[""frequent_error_exact""]"
pattern_жы_жи,Редактор исправил слово жызнь в документе ау.,Редактор исправил слово жизнь в документе ау.,no_existing_candidate_backed_pattern,8,False,"[""frequent_error_exact""]"
pattern_жы_жи,В письме гу была фраза со словом жывотное.,В письме гу была фраза со словом животное.,no_existing_candidate_backed_pattern,9,False,"[""frequent_error_exact""]"
pattern_жы_жи,В заявлении ду указали слово жызнь.,В заявлении ду указали слово жизнь.,no_existing_candidate_backed_pattern,7,False,"[""frequent_error_exact""]"
pattern_жы_жи,В отчете зу встретилось слово жывотное.,В отчете зу встретилось слово животное.,no_existing_candidate_backed_pattern,7,False,"[""frequent_error_exact""]"
pattern_жы_жи,Эксперт заметил ошибку в слове жызнь в записи иу.,Эксперт заметил ошибку в слове жизнь в записи иу.,no_existing_candidate_backed_pattern,10,False,"[""frequent_error_exact""]"
pattern_жы_жи,Корректор проверил написание слова жывотное в файле му.,Корректор проверил написание слова животное в файле му.,no_existing_candidate_backed_pattern,9,False,"[""frequent_error_exact""]"
pattern_жы_жи,Редактор исправил слово жызнь в документе ну.,Редактор исправил слово жизнь в документе ну.,no_existing_candidate_backed_pattern,8,False,"[""frequent_error_exact""]"
pattern_чю_чу,Редактор исправил слово чюдо в документе аа.,Редактор исправил слово чудо в документе аа.,no_existing_candidate_backed_pattern,8,False,"[""frequent_error_exact""]"
pattern_чю_чу,В отчете ба встретилось слово чювство.,В отчете ба встретилось слово чувство.,no_existing_candidate_backed_pattern,7,False,"[""frequent_error_exact""]"
pattern_чю_чу,В заявлении да указали слово чюдо.,В заявлении да указали слово чудо.,no_existing_candidate_backed_pattern,7,False,"[""frequent_error_exact""]"
pattern_чю_чу,Корректор проверил написание слова чювство в файле еа.,Корректор проверил написание слова чувство в файле еа.,no_existing_candidate_backed_pattern,9,False,"[""frequent_error_exact""]"
pattern_чю_чу,Эксперт заметил ошибку в слове чюдо в записи иа.,Эксперт заметил ошибку в слове чудо в записи иа.,no_existing_candidate_backed_pattern,10,False,"[""frequent_error_exact""]"
pattern_чю_чу,В письме ка была фраза со словом чювство.,В письме ка была фраза со словом чувство.,no_existing_candidate_backed_pattern,9,False,"[""frequent_error_exact""]"
pattern_чю_чу,Редактор исправил слово чюдо в документе на.,Редактор исправил слово чудо в документе на.,no_existing_candidate_backed_pattern,8,False,"[""frequent_error_exact""]"
pattern_чю_чу,В отчете оа встретилось слово чювство.,В отчете оа встретилось слово чувство.,no_existing_candidate_backed_pattern,7,False,"[""frequent_error_exact""]"
pattern_чю_чу,В заявлении са указали слово чюдо.,В заявлении са указали слово чудо.,no_existing_candidate_backed_pattern,7,False,"[""frequent_error_exact""]"
pattern_чю_чу,Корректор проверил написание слова чювство в файле та.,Корректор проверил написание слова чувство в файле та.,no_existing_candidate_backed_pattern,9,False,"[""frequent_error_exact""]"
pattern_чю_чу,Эксперт заметил ошибку в слове чюдо в записи ха.,Эксперт заметил ошибку в слове чудо в записи ха.,no_existing_candidate_backed_pattern,10,False,"[""frequent_error_exact""]"
pattern_чю_чу,В письме ца была фраза со словом чювство.,В письме ца была фраза со словом чувство.,no_existing_candidate_backed_pattern,9,False,"[""frequent_error_exact""]"
pattern_чю_чу,Редактор исправил слово чюдо в документе ща.,Редактор исправил слово чудо в документе ща.,no_existing_candidate_backed_pattern,8,False,"[""frequent_error_exact""]"
pattern_чю_чу,В отчете эа встретилось слово чювство.,В отчете эа встретилось слово чувство.,no_existing_candidate_backed_pattern,7,False,"[""frequent_error_exact""]"
pattern_чю_чу,В заявлении аб указали слово чюдо.,В заявлении аб указали слово чудо.,no_existing_candidate_backed_pattern,7,False,"[""frequent_error_exact""]"
pattern_чю_чу,Корректор проверил написание слова чювство в файле бб.,Корректор проверил написание слова чувство в файле бб.,no_existing_candidate_backed_pattern,9,False,"[""frequent_error_exact""]"
pattern_чю_чу,Эксперт заметил ошибку в слове чюдо в записи дб.,Эксперт заметил ошибку в слове чудо в записи дб.,no_existing_candidate_backed_pattern,10,False,"[""frequent_error_exact""]"
pattern_чю_чу,В письме еб была фраза со словом чювство.,В письме еб была фраза со словом чувство.,no_existing_candidate_backed_pattern,9,False,"[""frequent_error_exact""]"
pattern_чю_чу,Редактор исправил слово чюдо в документе иб.,Редактор исправил слово чудо в документе иб.,no_existing_candidate_backed_pattern,8,False,"[""frequent_error_exact""]"
pattern_чю_чу,В отчете кб встретилось слово чювство.,В отчете кб встретилось слово чувство.,no_existing_candidate_backed_pattern,7,False,"[""frequent_error_exact""]"
pattern_чю_чу,В заявлении нб указали слово чюдо.,В заявлении нб указали слово чудо.,no_existing_candidate_backed_pattern,7,False,"[""frequent_error_exact""]"
pattern_чю_чу,Корректор проверил написание слова чювство в файле об.,Корректор проверил написание слова чувство в файле об.,no_existing_candidate_backed_pattern,9,False,"[""frequent_error_exact""]"
pattern_чю_чу,Эксперт заметил ошибку в слове чюдо в записи сб.,Эксперт заметил ошибку в слове чудо в записи сб.,no_existing_candidate_backed_pattern,10,False,"[""frequent_error_exact""]"
pattern_чю_чу,В письме тб была фраза со словом чювство.,В письме тб была фраза со словом чувство.,no_existing_candidate_backed_pattern,9,False,"[""frequent_error_exact""]"
pattern_чю_чу,Редактор исправил слово чюдо в документе хб.,Редактор исправил слово чудо в документе хб.,no_existing_candidate_backed_pattern,8,False,"[""frequent_error_exact""]"
pattern_чю_чу,В отчете цб встретилось слово чювство.,В отчете цб встретилось слово чувство.,no_existing_candidate_backed_pattern,7,False,"[""frequent_error_exact""]"
pattern_чю_чу,В заявлении щб указали слово чюдо.,В заявлении щб указали слово чудо.,no_existing_candidate_backed_pattern,7,False,"[""frequent_error_exact""]"
pattern_чю_чу,Корректор проверил написание слова чювство в файле эб.,Корректор проверил написание слова чувство в файле эб.,no_existing_candidate_backed_pattern,9,False,"[""frequent_error_exact""]"
pattern_чю_чу,Эксперт заметил ошибку в слове чюдо в записи ав.,Эксперт заметил ошибку в слове чудо в записи ав.,no_existing_candidate_backed_pattern,10,False,"[""frequent_error_exact""]"
pattern_чю_чу,В письме бв была фраза со словом чювство.,В письме бв была фраза со словом чувство.,no_existing_candidate_backed_pattern,9,False,"[""frequent_error_exact""]"
pattern_чю_чу,Редактор исправил слово чюдо в документе дв.,Редактор исправил слово чудо в документе дв.,no_existing_candidate_backed_pattern,8,False,"[""frequent_error_exact""]"
pattern_чю_чу,В отчете ев встретилось слово чювство.,В отчете ев встретилось слово чувство.,no_existing_candidate_backed_pattern,7,False,"[""frequent_error_exact""]"
pattern_чю_чу,В заявлении ив указали слово чюдо.,В заявлении ив указали слово чудо.,no_existing_candidate_backed_pattern,7,False,"[""frequent_error_exact""]"
pattern_чю_чу,Корректор проверил написание слова чювство в файле кв.,Корректор проверил написание слова чувство в файле кв.,no_existing_candidate_backed_pattern,9,False,"[""frequent_error_exact""]"
pattern_чю_чу,Эксперт заметил ошибку в слове чюдо в записи нв.,Эксперт заметил ошибку в слове чудо в записи нв.,no_existing_candidate_backed_pattern,10,False,"[""frequent_error_exact""]"
pattern_чю_чу,В письме ов была фраза со словом чювство.,В письме ов была фраза со словом чувство.,no_existing_candidate_backed_pattern,9,False,"[""frequent_error_exact""]"
pattern_чю_чу,Редактор исправил слово чюдо в документе св.,Редактор исправил слово чудо в документе св.,no_existing_candidate_backed_pattern,8,False,"[""frequent_error_exact""]"
pattern_чю_чу,В отчете тв встретилось слово чювство.,В отчете тв встретилось слово чувство.,no_existing_candidate_backed_pattern,7,False,"[""frequent_error_exact""]"
pattern_чю_чу,В заявлении хв указали слово чюдо.,В заявлении хв указали слово чудо.,no_existing_candidate_backed_pattern,7,False,"[""frequent_error_exact""]"
pattern_чю_чу,Корректор проверил написание слова чювство в файле цв.,Корректор проверил написание слова чувство в файле цв.,no_existing_candidate_backed_pattern,9,False,"[""frequent_error_exact""]"
pattern_чю_чу,Эксперт заметил ошибку в слове чюдо в записи щв.,Эксперт заметил ошибку в слове чудо в записи щв.,no_existing_candidate_backed_pattern,10,False,"[""frequent_error_exact""]"
pattern_чю_чу,В письме эв была фраза со словом чювство.,В письме эв была фраза со словом чувство.,no_existing_candidate_backed_pattern,9,False,"[""frequent_error_exact""]"
pattern_чю_чу,Редактор исправил слово чюдо в документе аг.,Редактор исправил слово чудо в документе аг.,no_existing_candidate_backed_pattern,8,False,"[""frequent_error_exact""]"
pattern_чю_чу,В отчете бг встретилось слово чювство.,В отчете бг встретилось слово чувство.,no_existing_candidate_backed_pattern,7,False,"[""frequent_error_exact""]"
pattern_чю_чу,В заявлении дг указали слово чюдо.,В заявлении дг указали слово чудо.,no_existing_candidate_backed_pattern,7,False,"[""frequent_error_exact""]"
pattern_чю_чу,Корректор проверил написание слова чювство в файле ег.,Корректор проверил написание слова чувство в файле ег.,no_existing_candidate_backed_pattern,9,False,"[""frequent_error_exact""]"
pattern_чю_чу,Эксперт заметил ошибку в слове чюдо в записи иг.,Эксперт заметил ошибку в слове чудо в записи иг.,no_existing_candidate_backed_pattern,10,False,"[""frequent_error_exact""]"
pattern_чю_чу,В письме кг была фраза со словом чювство.,В письме кг была фраза со словом чувство.,no_existing_candidate_backed_pattern,9,False,"[""frequent_error_exact""]"
pattern_чю_чу,Редактор исправил слово чюдо в документе нг.,Редактор исправил слово чудо в документе нг.,no_existing_candidate_backed_pattern,8,False,"[""frequent_error_exact""]"
pattern_чю_чу,В отчете ог встретилось слово чювство.,В отчете ог встретилось слово чувство.,no_existing_candidate_backed_pattern,7,False,"[""frequent_error_exact""]"
pattern_чю_чу,В заявлении сг указали слово чюдо.,В заявлении сг указали слово чудо.,no_existing_candidate_backed_pattern,7,False,"[""frequent_error_exact""]"
pattern_чю_чу,Корректор проверил написание слова чювство в файле тг.,Корректор проверил написание слова чувство в файле тг.,no_existing_candidate_backed_pattern,9,False,"[""frequent_error_exact""]"
pattern_чю_чу,Эксперт заметил ошибку в слове чюдо в записи хг.,Эксперт заметил ошибку в слове чудо в записи хг.,no_existing_candidate_backed_pattern,10,False,"[""frequent_error_exact""]"
pattern_чю_чу,В письме цг была фраза со словом чювство.,В письме цг была фраза со словом чувство.,no_existing_candidate_backed_pattern,9,False,"[""frequent_error_exact""]"
pattern_чю_чу,Редактор исправил слово чюдо в документе щг.,Редактор исправил слово чудо в документе щг.,no_existing_candidate_backed_pattern,8,False,"[""frequent_error_exact""]"
pattern_чю_чу,В отчете эг встретилось слово чювство.,В отчете эг встретилось слово чувство.,no_existing_candidate_backed_pattern,7,False,"[""frequent_error_exact""]"
pattern_чю_чу,В заявлении ад указали слово чюдо.,В заявлении ад указали слово чудо.,no_existing_candidate_backed_pattern,7,False,"[""frequent_error_exact""]"
pattern_чю_чу,Корректор проверил написание слова чювство в файле бд.,Корректор проверил написание слова чувство в файле бд.,no_existing_candidate_backed_pattern,9,False,"[""frequent_error_exact""]"
pattern_чю_чу,Эксперт заметил ошибку в слове чюдо в записи дд.,Эксперт заметил ошибку в слове чудо в записи дд.,no_existing_candidate_backed_pattern,10,False,"[""frequent_error_exact""]"
pattern_чю_чу,В письме ед была фраза со словом чювство.,В письме ед была фраза со словом чувство.,no_existing_candidate_backed_pattern,9,False,"[""frequent_error_exact""]"
pattern_чю_чу,Редактор исправил слово чюдо в документе ид.,Редактор исправил слово чудо в документе ид.,no_existing_candidate_backed_pattern,8,False,"[""frequent_error_exact""]"
pattern_чю_чу,В отчете кд встретилось слово чювство.,В отчете кд встретилось слово чувство.,no_existing_candidate_backed_pattern,7,False,"[""frequent_error_exact""]"
pattern_чю_чу,В заявлении нд указали слово чюдо.,В заявлении нд указали слово чудо.,no_existing_candidate_backed_pattern,7,False,"[""frequent_error_exact""]"
pattern_чю_чу,Корректор проверил написание слова чювство в файле од.,Корректор проверил написание слова чувство в файле од.,no_existing_candidate_backed_pattern,9,False,"[""frequent_error_exact""]"
pattern_чю_чу,Эксперт заметил ошибку в слове чюдо в записи сд.,Эксперт заметил ошибку в слове чудо в записи сд.,no_existing_candidate_backed_pattern,10,False,"[""frequent_error_exact""]"
pattern_чю_чу,В письме тд была фраза со словом чювство.,В письме тд была фраза со словом чувство.,no_existing_candidate_backed_pattern,9,False,"[""frequent_error_exact""]"
pattern_чю_чу,Редактор исправил слово чюдо в документе хд.,Редактор исправил слово чудо в документе хд.,no_existing_candidate_backed_pattern,8,False,"[""frequent_error_exact""]"
pattern_чю_чу,В отчете цд встретилось слово чювство.,В отчете цд встретилось слово чувство.,no_existing_candidate_backed_pattern,7,False,"[""frequent_error_exact""]"
pattern_чю_чу,В заявлении щд указали слово чюдо.,В заявлении щд указали слово чудо.,no_existing_candidate_backed_pattern,7,False,"[""frequent_error_exact""]"
pattern_чю_чу,Корректор проверил написание слова чювство в файле эд.,Корректор проверил написание слова чувство в файле эд.,no_existing_candidate_backed_pattern,9,False,"[""frequent_error_exact""]"
pattern_чю_чу,Эксперт заметил ошибку в слове чюдо в записи ае.,Эксперт заметил ошибку в слове чудо в записи ае.,no_existing_candidate_backed_pattern,10,False,"[""frequent_error_exact""]"
pattern_чю_чу,В письме бе была фраза со словом чювство.,В письме бе была фраза со словом чувство.,no_existing_candidate_backed_pattern,9,False,"[""frequent_error_exact""]"
pattern_чю_чу,Редактор исправил слово чюдо в документе де.,Редактор исправил слово чудо в документе де.,no_existing_candidate_backed_pattern,8,False,"[""frequent_error_exact""]"
pattern_чю_чу,В отчете ее встретилось слово чювство.,В отчете ее встретилось слово чувство.,no_existing_candidate_backed_pattern,7,False,"[""frequent_error_exact""]"
pattern_чю_чу,В заявлении ие указали слово чюдо.,В заявлении ие указали слово чудо.,no_existing_candidate_backed_pattern,7,False,"[""frequent_error_exact""]"
pattern_чю_чу,Корректор проверил написание слова чювство в файле ке.,Корректор проверил написание слова чувство в файле ке.,no_existing_candidate_backed_pattern,9,False,"[""frequent_error_exact""]"
pattern_чю_чу,Эксперт заметил ошибку в слове чюдо в записи не.,Эксперт заметил ошибку в слове чудо в записи не.,no_existing_candidate_backed_pattern,10,False,"[""frequent_error_exact""]"
pattern_чю_чу,В письме ое была фраза со словом чювство.,В письме ое была фраза со словом чувство.,no_existing_candidate_backed_pattern,9,False,"[""frequent_error_exact""]"
pattern_чю_чу,Редактор исправил слово чюдо в документе се.,Редактор исправил слово чудо в документе се.,no_existing_candidate_backed_pattern,8,False,"[""frequent_error_exact""]"
pattern_чю_чу,В отчете те встретилось слово чювство.,В отчете те встретилось слово чувство.,no_existing_candidate_backed_pattern,7,False,"[""frequent_error_exact""]"
pattern_чю_чу,В заявлении хе указали слово чюдо.,В заявлении хе указали слово чудо.,no_existing_candidate_backed_pattern,7,False,"[""frequent_error_exact""]"
pattern_чю_чу,Корректор проверил написание слова чювство в файле це.,Корректор проверил написание слова чувство в файле це.,no_existing_candidate_backed_pattern,9,False,"[""frequent_error_exact""]"
pattern_чю_чу,Эксперт заметил ошибку в слове чюдо в записи ще.,Эксперт заметил ошибку в слове чудо в записи ще.,no_existing_candidate_backed_pattern,10,False,"[""frequent_error_exact""]"
pattern_чю_чу,В письме эе была фраза со словом чювство.,В письме эе была фраза со словом чувство.,no_existing_candidate_backed_pattern,9,False,"[""frequent_error_exact""]"
pattern_чю_чу,Редактор исправил слово чюдо в документе аж.,Редактор исправил слово чудо в документе аж.,no_existing_candidate_backed_pattern,8,False,"[""frequent_error_exact""]"
pattern_чю_чу,В отчете бж встретилось слово чювство.,В отчете бж встретилось слово чувство.,no_existing_candidate_backed_pattern,7,False,"[""frequent_error_exact""]"
pattern_чю_чу,В заявлении дж указали слово чюдо.,В заявлении дж указали слово чудо.,no_existing_candidate_backed_pattern,7,False,"[""frequent_error_exact""]"
pattern_чю_чу,Корректор проверил написание слова чювство в файле еж.,Корректор проверил написание слова чувство в файле еж.,no_existing_candidate_backed_pattern,9,False,"[""frequent_error_exact""]"
pattern_чю_чу,Эксперт заметил ошибку в слове чюдо в записи иж.,Эксперт заметил ошибку в слове чудо в записи иж.,no_existing_candidate_backed_pattern,10,False,"[""frequent_error_exact""]"
pattern_чю_чу,В письме кж была фраза со словом чювство.,В письме кж была фраза со словом чувство.,no_existing_candidate_backed_pattern,9,False,"[""frequent_error_exact""]"
pattern_чю_чу,Редактор исправил слово чюдо в документе нж.,Редактор исправил слово чудо в документе нж.,no_existing_candidate_backed_pattern,8,False,"[""frequent_error_exact""]"
pattern_чю_чу,В отчете ож встретилось слово чювство.,В отчете ож встретилось слово чувство.,no_existing_candidate_backed_pattern,7,False,"[""frequent_error_exact""]"
pattern_чю_чу,В заявлении сж указали слово чюдо.,В заявлении сж указали слово чудо.,no_existing_candidate_backed_pattern,7,False,"[""frequent_error_exact""]"
pattern_чю_чу,Корректор проверил написание слова чювство в файле тж.,Корректор проверил написание слова чувство в файле тж.,no_existing_candidate_backed_pattern,9,False,"[""frequent_error_exact""]"
pattern_чю_чу,Эксперт заметил ошибку в слове чюдо в записи хж.,Эксперт заметил ошибку в слове чудо в записи хж.,no_existing_candidate_backed_pattern,10,False,"[""frequent_error_exact""]"
pattern_чю_чу,В письме цж была фраза со словом чювство.,В письме цж была фраза со словом чувство.,no_existing_candidate_backed_pattern,9,False,"[""frequent_error_exact""]"
pattern_чю_чу,Редактор исправил слово чюдо в документе щж.,Редактор исправил слово чудо в документе щж.,no_existing_candidate_backed_pattern,8,False,"[""frequent_error_exact""]"
pattern_чю_чу,В отчете эж встретилось слово чювство.,В отчете эж встретилось слово чувство.,no_existing_candidate_backed_pattern,7,False,"[""frequent_error_exact""]"
pattern_чю_чу,В заявлении аз указали слово чюдо.,В заявлении аз указали слово чудо.,no_existing_candidate_backed_pattern,7,False,"[""frequent_error_exact""]"
pattern_чю_чу,Корректор проверил написание слова чювство в файле бз.,Корректор проверил написание слова чувство в файле бз.,no_existing_candidate_backed_pattern,9,False,"[""frequent_error_exact""]"
pattern_чю_чу,Эксперт заметил ошибку в слове чюдо в записи дз.,Эксперт заметил ошибку в слове чудо в записи дз.,no_existing_candidate_backed_pattern,10,False,"[""frequent_error_exact""]"
pattern_чю_чу,В письме ез была фраза со словом чювство.,В письме ез была фраза со словом чувство.,no_existing_candidate_backed_pattern,9,False,"[""frequent_error_exact""]"
pattern_чю_чу,Редактор исправил слово чюдо в документе из.,Редактор исправил слово чудо в документе из.,no_existing_candidate_backed_pattern,8,False,"[""frequent_error_exact""]"
pattern_чю_чу,В отчете кз встретилось слово чювство.,В отчете кз встретилось слово чувство.,no_existing_candidate_backed_pattern,7,False,"[""frequent_error_exact""]"
pattern_чю_чу,В заявлении нз указали слово чюдо.,В заявлении нз указали слово чудо.,no_existing_candidate_backed_pattern,7,False,"[""frequent_error_exact""]"
pattern_чю_чу,Корректор проверил написание слова чювство в файле оз.,Корректор проверил написание слова чувство в файле оз.,no_existing_candidate_backed_pattern,9,False,"[""frequent_error_exact""]"
pattern_чю_чу,Эксперт заметил ошибку в слове чюдо в записи сз.,Эксперт заметил ошибку в слове чудо в записи сз.,no_existing_candidate_backed_pattern,10,False,"[""frequent_error_exact""]"
pattern_чю_чу,В письме тз была фраза со словом чювство.,В письме тз была фраза со словом чувство.,no_existing_candidate_backed_pattern,9,False,"[""frequent_error_exact""]"
pattern_чю_чу,Редактор исправил слово чюдо в документе хз.,Редактор исправил слово чудо в документе хз.,no_existing_candidate_backed_pattern,8,False,"[""frequent_error_exact""]"
pattern_чю_чу,В отчете цз встретилось слово чювство.,В отчете цз встретилось слово чувство.,no_existing_candidate_backed_pattern,7,False,"[""frequent_error_exact""]"
pattern_чю_чу,В заявлении щз указали слово чюдо.,В заявлении щз указали слово чудо.,no_existing_candidate_backed_pattern,7,False,"[""frequent_error_exact""]"
pattern_чю_чу,Корректор проверил написание слова чювство в файле эз.,Корректор проверил написание слова чувство в файле эз.,no_existing_candidate_backed_pattern,9,False,"[""frequent_error_exact""]"
pattern_чю_чу,Эксперт заметил ошибку в слове чюдо в записи аи.,Эксперт заметил ошибку в слове чудо в записи аи.,no_existing_candidate_backed_pattern,10,False,"[""frequent_error_exact""]"
pattern_чю_чу,В письме би была фраза со словом чювство.,В письме би была фраза со словом чувство.,no_existing_candidate_backed_pattern,9,False,"[""frequent_error_exact""]"
pattern_чю_чу,Редактор исправил слово чюдо в документе ди.,Редактор исправил слово чудо в документе ди.,no_existing_candidate_backed_pattern,8,False,"[""frequent_error_exact""]"
pattern_чю_чу,В отчете еи встретилось слово чювство.,В отчете еи встретилось слово чувство.,no_existing_candidate_backed_pattern,7,False,"[""frequent_error_exact""]"
pattern_чю_чу,В заявлении ии указали слово чюдо.,В заявлении ии указали слово чудо.,no_existing_candidate_backed_pattern,7,False,"[""frequent_error_exact""]"
pattern_чю_чу,Корректор проверил написание слова чювство в файле ки.,Корректор проверил написание слова чувство в файле ки.,no_existing_candidate_backed_pattern,9,False,"[""frequent_error_exact""]"
pattern_чю_чу,Эксперт заметил ошибку в слове чюдо в записи ни.,Эксперт заметил ошибку в слове чудо в записи ни.,no_existing_candidate_backed_pattern,10,False,"[""frequent_error_exact""]"
pattern_чю_чу,В письме ои была фраза со словом чювство.,В письме ои была фраза со словом чувство.,no_existing_candidate_backed_pattern,9,False,"[""frequent_error_exact""]"
pattern_чю_чу,Редактор исправил слово чюдо в документе си.,Редактор исправил слово чудо в документе си.,no_existing_candidate_backed_pattern,8,False,"[""frequent_error_exact""]"
pattern_чю_чу,В отчете ти встретилось слово чювство.,В отчете ти встретилось слово чувство.,no_existing_candidate_backed_pattern,7,False,"[""frequent_error_exact""]"
pattern_чю_чу,В заявлении хи указали слово чюдо.,В заявлении хи указали слово чудо.,no_existing_candidate_backed_pattern,7,False,"[""frequent_error_exact""]"
pattern_чю_чу,Корректор проверил написание слова чювство в файле ци.,Корректор проверил написание слова чувство в файле ци.,no_existing_candidate_backed_pattern,9,False,"[""frequent_error_exact""]"
pattern_чю_чу,Эксперт заметил ошибку в слове чюдо в записи щи.,Эксперт заметил ошибку в слове чудо в записи щи.,no_existing_candidate_backed_pattern,10,False,"[""frequent_error_exact""]"
pattern_чю_чу,В письме эи была фраза со словом чювство.,В письме эи была фраза со словом чувство.,no_existing_candidate_backed_pattern,9,False,"[""frequent_error_exact""]"
pattern_чю_чу,Редактор исправил слово чюдо в документе ак.,Редактор исправил слово чудо в документе ак.,no_existing_candidate_backed_pattern,8,False,"[""frequent_error_exact""]"
pattern_чю_чу,В отчете бк встретилось слово чювство.,В отчете бк встретилось слово чувство.,no_existing_candidate_backed_pattern,7,False,"[""frequent_error_exact""]"
pattern_чю_чу,В заявлении дк указали слово чюдо.,В заявлении дк указали слово чудо.,no_existing_candidate_backed_pattern,7,False,"[""frequent_error_exact""]"
pattern_чю_чу,Корректор проверил написание слова чювство в файле ек.,Корректор проверил написание слова чувство в файле ек.,no_existing_candidate_backed_pattern,9,False,"[""frequent_error_exact""]"
pattern_чю_чу,Эксперт заметил ошибку в слове чюдо в записи ик.,Эксперт заметил ошибку в слове чудо в записи ик.,no_existing_candidate_backed_pattern,10,False,"[""frequent_error_exact""]"
pattern_чю_чу,В письме кк была фраза со словом чювство.,В письме кк была фраза со словом чувство.,no_existing_candidate_backed_pattern,9,False,"[""frequent_error_exact""]"
pattern_чю_чу,Редактор исправил слово чюдо в документе нк.,Редактор исправил слово чудо в документе нк.,no_existing_candidate_backed_pattern,8,False,"[""frequent_error_exact""]"
pattern_чю_чу,В отчете ок встретилось слово чювство.,В отчете ок встретилось слово чувство.,no_existing_candidate_backed_pattern,7,False,"[""frequent_error_exact""]"
pattern_чю_чу,В заявлении ск указали слово чюдо.,В заявлении ск указали слово чудо.,no_existing_candidate_backed_pattern,7,False,"[""frequent_error_exact""]"
pattern_чю_чу,Корректор проверил написание слова чювство в файле тк.,Корректор проверил написание слова чувство в файле тк.,no_existing_candidate_backed_pattern,9,False,"[""frequent_error_exact""]"
pattern_чю_чу,Эксперт заметил ошибку в слове чюдо в записи хк.,Эксперт заметил ошибку в слове чудо в записи хк.,no_existing_candidate_backed_pattern,10,False,"[""frequent_error_exact""]"
pattern_чю_чу,В письме цк была фраза со словом чювство.,В письме цк была фраза со словом чувство.,no_existing_candidate_backed_pattern,9,False,"[""frequent_error_exact""]"
pattern_чю_чу,Редактор исправил слово чюдо в документе щк.,Редактор исправил слово чудо в документе щк.,no_existing_candidate_backed_pattern,8,False,"[""frequent_error_exact""]"
pattern_чю_чу,В отчете эк встретилось слово чювство.,В отчете эк встретилось слово чувство.,no_existing_candidate_backed_pattern,7,False,"[""frequent_error_exact""]"
pattern_чю_чу,В заявлении ал указали слово чюдо.,В заявлении ал указали слово чудо.,no_existing_candidate_backed_pattern,7,False,"[""frequent_error_exact""]"
pattern_чю_чу,Корректор проверил написание слова чювство в файле бл.,Корректор проверил написание слова чувство в файле бл.,no_existing_candidate_backed_pattern,9,False,"[""frequent_error_exact""]"
pattern_чю_чу,Эксперт заметил ошибку в слове чюдо в записи дл.,Эксперт заметил ошибку в слове чудо в записи дл.,no_existing_candidate_backed_pattern,10,False,"[""frequent_error_exact""]"
pattern_чю_чу,В письме ел была фраза со словом чювство.,В письме ел была фраза со словом чувство.,no_existing_candidate_backed_pattern,9,False,"[""frequent_error_exact""]"
pattern_чю_чу,Редактор исправил слово чюдо в документе ил.,Редактор исправил слово чудо в документе ил.,no_existing_candidate_backed_pattern,8,False,"[""frequent_error_exact""]"
pattern_чю_чу,В отчете кл встретилось слово чювство.,В отчете кл встретилось слово чувство.,no_existing_candidate_backed_pattern,7,False,"[""frequent_error_exact""]"
pattern_чю_чу,В заявлении нл указали слово чюдо.,В заявлении нл указали слово чудо.,no_existing_candidate_backed_pattern,7,False,"[""frequent_error_exact""]"
pattern_чю_чу,Корректор проверил написание слова чювство в файле ол.,Корректор проверил написание слова чувство в файле ол.,no_existing_candidate_backed_pattern,9,False,"[""frequent_error_exact""]"
pattern_чю_чу,Эксперт заметил ошибку в слове чюдо в записи сл.,Эксперт заметил ошибку в слове чудо в записи сл.,no_existing_candidate_backed_pattern,10,False,"[""frequent_error_exact""]"
pattern_чю_чу,В письме тл была фраза со словом чювство.,В письме тл была фраза со словом чувство.,no_existing_candidate_backed_pattern,9,False,"[""frequent_error_exact""]"
pattern_чю_чу,Редактор исправил слово чюдо в документе хл.,Редактор исправил слово чудо в документе хл.,no_existing_candidate_backed_pattern,8,False,"[""frequent_error_exact""]"
pattern_чю_чу,В отчете цл встретилось слово чювство.,В отчете цл встретилось слово чувство.,no_existing_candidate_backed_pattern,7,False,"[""frequent_error_exact""]"
pattern_чю_чу,В заявлении щл указали слово чюдо.,В заявлении щл указали слово чудо.,no_existing_candidate_backed_pattern,7,False,"[""frequent_error_exact""]"
pattern_чю_чу,Корректор проверил написание слова чювство в файле эл.,Корректор проверил написание слова чувство в файле эл.,no_existing_candidate_backed_pattern,9,False,"[""frequent_error_exact""]"
pattern_чю_чу,Эксперт заметил ошибку в слове чюдо в записи ам.,Эксперт заметил ошибку в слове чудо в записи ам.,no_existing_candidate_backed_pattern,10,False,"[""frequent_error_exact""]"
pattern_чю_чу,В письме бм была фраза со словом чювство.,В письме бм была фраза со словом чувство.,no_existing_candidate_backed_pattern,9,False,"[""frequent_error_exact""]"
pattern_чю_чу,Редактор исправил слово чюдо в документе дм.,Редактор исправил слово чудо в документе дм.,no_existing_candidate_backed_pattern,8,False,"[""frequent_error_exact""]"
pattern_чю_чу,В отчете ем встретилось слово чювство.,В отчете ем встретилось слово чувство.,no_existing_candidate_backed_pattern,7,False,"[""frequent_error_exact""]"
pattern_чю_чу,В заявлении им указали слово чюдо.,В заявлении им указали слово чудо.,no_existing_candidate_backed_pattern,7,False,"[""frequent_error_exact""]"
pattern_чю_чу,Корректор проверил написание слова чювство в файле км.,Корректор проверил написание слова чувство в файле км.,no_existing_candidate_backed_pattern,9,False,"[""frequent_error_exact""]"
pattern_чю_чу,Эксперт заметил ошибку в слове чюдо в записи нм.,Эксперт заметил ошибку в слове чудо в записи нм.,no_existing_candidate_backed_pattern,10,False,"[""frequent_error_exact""]"
pattern_чю_чу,В письме ом была фраза со словом чювство.,В письме ом была фраза со словом чувство.,no_existing_candidate_backed_pattern,9,False,"[""frequent_error_exact""]"
pattern_чю_чу,Редактор исправил слово чюдо в документе см.,Редактор исправил слово чудо в документе см.,protected_span,8,True,"[""frequent_error_exact""]"
pattern_чю_чу,В отчете тм встретилось слово чювство.,В отчете тм встретилось слово чувство.,no_existing_candidate_backed_pattern,7,False,"[""frequent_error_exact""]"
pattern_чю_чу,В заявлении хм указали слово чюдо.,В заявлении хм указали слово чудо.,no_existing_candidate_backed_pattern,7,False,"[""frequent_error_exact""]"
pattern_чю_чу,Корректор проверил написание слова чювство в файле цм.,Корректор проверил написание слова чувство в файле цм.,no_existing_candidate_backed_pattern,9,False,"[""frequent_error_exact""]"
pattern_чю_чу,Эксперт заметил ошибку в слове чюдо в записи щм.,Эксперт заметил ошибку в слове чудо в записи щм.,no_existing_candidate_backed_pattern,10,False,"[""frequent_error_exact""]"
pattern_чю_чу,В письме эм была фраза со словом чювство.,В письме эм была фраза со словом чувство.,no_existing_candidate_backed_pattern,9,False,"[""frequent_error_exact""]"
pattern_чю_чу,Редактор исправил слово чюдо в документе ан.,Редактор исправил слово чудо в документе ан.,no_existing_candidate_backed_pattern,8,False,"[""frequent_error_exact""]"
pattern_чю_чу,В отчете бн встретилось слово чювство.,В отчете бн встретилось слово чувство.,no_existing_candidate_backed_pattern,7,False,"[""frequent_error_exact""]"
pattern_чю_чу,В заявлении дн указали слово чюдо.,В заявлении дн указали слово чудо.,no_existing_candidate_backed_pattern,7,False,"[""frequent_error_exact""]"
pattern_чю_чу,Корректор проверил написание слова чювство в файле ен.,Корректор проверил написание слова чувство в файле ен.,no_existing_candidate_backed_pattern,9,False,"[""frequent_error_exact""]"
pattern_чю_чу,Эксперт заметил ошибку в слове чюдо в записи ин.,Эксперт заметил ошибку в слове чудо в записи ин.,no_existing_candidate_backed_pattern,10,False,"[""frequent_error_exact""]"
pattern_чю_чу,В письме кн была фраза со словом чювство.,В письме кн была фраза со словом чувство.,no_existing_candidate_backed_pattern,9,False,"[""frequent_error_exact""]"
pattern_чю_чу,Редактор исправил слово чюдо в документе нн.,Редактор исправил слово чудо в документе нн.,no_existing_candidate_backed_pattern,9,False,"[""frequent_error_exact"", ""n_nn_adjective""]"
pattern_чю_чу,В отчете он встретилось слово чювство.,В отчете он встретилось слово чувство.,no_existing_candidate_backed_pattern,7,False,"[""frequent_error_exact""]"
pattern_чю_чу,В заявлении сн указали слово чюдо.,В заявлении сн указали слово чудо.,no_existing_candidate_backed_pattern,7,False,"[""frequent_error_exact""]"
pattern_чю_чу,Корректор проверил написание слова чювство в файле тн.,Корректор проверил написание слова чувство в файле тн.,no_existing_candidate_backed_pattern,9,False,"[""frequent_error_exact""]"
pattern_чю_чу,Эксперт заметил ошибку в слове чюдо в записи хн.,Эксперт заметил ошибку в слове чудо в записи хн.,no_existing_candidate_backed_pattern,10,False,"[""frequent_error_exact""]"
pattern_чю_чу,В письме цн была фраза со словом чювство.,В письме цн была фраза со словом чувство.,no_existing_candidate_backed_pattern,9,False,"[""frequent_error_exact""]"
pattern_чю_чу,Редактор исправил слово чюдо в документе щн.,Редактор исправил слово чудо в документе щн.,no_existing_candidate_backed_pattern,8,False,"[""frequent_error_exact""]"
pattern_чю_чу,В отчете эн встретилось слово чювство.,В отчете эн встретилось слово чувство.,no_existing_candidate_backed_pattern,7,False,"[""frequent_error_exact""]"
pattern_чю_чу,В заявлении ао указали слово чюдо.,В заявлении ао указали слово чудо.,no_existing_candidate_backed_pattern,8,False,"[""abbreviation_case_protection"", ""frequent_error_exact""]"
pattern_чю_чу,Корректор проверил написание слова чювство в файле бо.,Корректор проверил написание слова чувство в файле бо.,no_existing_candidate_backed_pattern,9,False,"[""frequent_error_exact""]"
pattern_чю_чу,Эксперт заметил ошибку в слове чюдо в записи до.,Эксперт заметил ошибку в слове чудо в записи до.,no_existing_candidate_backed_pattern,10,False,"[""frequent_error_exact""]"
pattern_чю_чу,В письме ео была фраза со словом чювство.,В письме ео была фраза со словом чувство.,no_existing_candidate_backed_pattern,9,False,"[""frequent_error_exact""]"
pattern_чю_чу,Редактор исправил слово чюдо в документе ио.,Редактор исправил слово чудо в документе ио.,no_existing_candidate_backed_pattern,8,False,"[""frequent_error_exact""]"
pattern_чю_чу,В отчете ко встретилось слово чювство.,В отчете ко встретилось слово чувство.,no_existing_candidate_backed_pattern,7,False,"[""frequent_error_exact""]"
pattern_чю_чу,В заявлении но указали слово чюдо.,В заявлении но указали слово чудо.,no_existing_candidate_backed_pattern,8,False,"[""comma_conjunction"", ""frequent_error_exact""]"
pattern_чю_чу,Корректор проверил написание слова чювство в файле оо.,Корректор проверил написание слова чувство в файле оо.,no_existing_candidate_backed_pattern,9,False,"[""frequent_error_exact""]"
pattern_чю_чу,Эксперт заметил ошибку в слове чюдо в записи со.,Эксперт заметил ошибку в слове чудо в записи со.,no_existing_candidate_backed_pattern,10,False,"[""frequent_error_exact""]"
pattern_чю_чу,В письме то была фраза со словом чювство.,В письме то была фраза со словом чувство.,no_existing_candidate_backed_pattern,9,False,"[""frequent_error_exact""]"
pattern_чю_чу,Редактор исправил слово чюдо в документе хо.,Редактор исправил слово чудо в документе хо.,no_existing_candidate_backed_pattern,8,False,"[""frequent_error_exact""]"
pattern_чю_чу,В отчете цо встретилось слово чювство.,В отчете цо встретилось слово чувство.,no_existing_candidate_backed_pattern,7,False,"[""frequent_error_exact""]"
pattern_чю_чу,В заявлении що указали слово чюдо.,В заявлении що указали слово чудо.,no_existing_candidate_backed_pattern,7,False,"[""frequent_error_exact""]"
pattern_чю_чу,Корректор проверил написание слова чювство в файле эо.,Корректор проверил написание слова чувство в файле эо.,no_existing_candidate_backed_pattern,9,False,"[""frequent_error_exact""]"
pattern_чю_чу,Эксперт заметил ошибку в слове чюдо в записи ап.,Эксперт заметил ошибку в слове чудо в записи ап.,no_existing_candidate_backed_pattern,10,False,"[""frequent_error_exact""]"
pattern_чю_чу,В письме бп была фраза со словом чювство.,В письме бп была фраза со словом чувство.,no_existing_candidate_backed_pattern,9,False,"[""frequent_error_exact""]"
pattern_чю_чу,Редактор исправил слово чюдо в документе дп.,Редактор исправил слово чудо в документе дп.,no_existing_candidate_backed_pattern,8,False,"[""frequent_error_exact""]"
pattern_чю_чу,В отчете еп встретилось слово чювство.,В отчете еп встретилось слово чувство.,no_existing_candidate_backed_pattern,7,False,"[""frequent_error_exact""]"
pattern_чю_чу,В заявлении ип указали слово чюдо.,В заявлении ип указали слово чудо.,no_existing_candidate_backed_pattern,8,False,"[""abbreviation_case_protection"", ""frequent_error_exact""]"
pattern_чю_чу,Корректор проверил написание слова чювство в файле кп.,Корректор проверил написание слова чувство в файле кп.,no_existing_candidate_backed_pattern,9,False,"[""frequent_error_exact""]"
pattern_чю_чу,Эксперт заметил ошибку в слове чюдо в записи нп.,Эксперт заметил ошибку в слове чудо в записи нп.,no_existing_candidate_backed_pattern,10,False,"[""frequent_error_exact""]"
pattern_чю_чу,В письме оп была фраза со словом чювство.,В письме оп была фраза со словом чувство.,no_existing_candidate_backed_pattern,9,False,"[""frequent_error_exact""]"
pattern_чю_чу,Редактор исправил слово чюдо в документе сп.,Редактор исправил слово чудо в документе сп.,no_existing_candidate_backed_pattern,8,False,"[""frequent_error_exact""]"
pattern_чю_чу,В отчете тп встретилось слово чювство.,В отчете тп встретилось слово чувство.,no_existing_candidate_backed_pattern,7,False,"[""frequent_error_exact""]"
pattern_чю_чу,В заявлении хп указали слово чюдо.,В заявлении хп указали слово чудо.,no_existing_candidate_backed_pattern,7,False,"[""frequent_error_exact""]"
pattern_чю_чу,Корректор проверил написание слова чювство в файле цп.,Корректор проверил написание слова чувство в файле цп.,no_existing_candidate_backed_pattern,9,False,"[""frequent_error_exact""]"
pattern_чю_чу,Эксперт заметил ошибку в слове чюдо в записи щп.,Эксперт заметил ошибку в слове чудо в записи щп.,no_existing_candidate_backed_pattern,10,False,"[""frequent_error_exact""]"
pattern_чю_чу,В письме эп была фраза со словом чювство.,В письме эп была фраза со словом чувство.,no_existing_candidate_backed_pattern,9,False,"[""frequent_error_exact""]"
pattern_чю_чу,Редактор исправил слово чюдо в документе ар.,Редактор исправил слово чудо в документе ар.,no_existing_candidate_backed_pattern,8,False,"[""frequent_error_exact""]"
pattern_чю_чу,В отчете бр встретилось слово чювство.,В отчете бр встретилось слово чувство.,no_existing_candidate_backed_pattern,7,False,"[""frequent_error_exact""]"
pattern_чю_чу,В заявлении др указали слово чюдо.,В заявлении др указали слово чудо.,no_existing_candidate_backed_pattern,7,False,"[""frequent_error_exact""]"
pattern_чю_чу,Корректор проверил написание слова чювство в файле ер.,Корректор проверил написание слова чувство в файле ер.,no_existing_candidate_backed_pattern,9,False,"[""frequent_error_exact""]"
pattern_чю_чу,Эксперт заметил ошибку в слове чюдо в записи ир.,Эксперт заметил ошибку в слове чудо в записи ир.,no_existing_candidate_backed_pattern,10,False,"[""frequent_error_exact""]"
pattern_чю_чу,В письме кр была фраза со словом чювство.,В письме кр была фраза со словом чувство.,no_existing_candidate_backed_pattern,9,False,"[""frequent_error_exact""]"
pattern_чю_чу,Редактор исправил слово чюдо в документе нр.,Редактор исправил слово чудо в документе нр.,no_existing_candidate_backed_pattern,8,False,"[""frequent_error_exact""]"
pattern_чю_чу,В отчете ор встретилось слово чювство.,В отчете ор встретилось слово чувство.,no_existing_candidate_backed_pattern,7,False,"[""frequent_error_exact""]"
pattern_чю_чу,В заявлении ср указали слово чюдо.,В заявлении ср указали слово чудо.,no_existing_candidate_backed_pattern,7,False,"[""frequent_error_exact""]"
pattern_чю_чу,Корректор проверил написание слова чювство в файле тр.,Корректор проверил написание слова чувство в файле тр.,no_existing_candidate_backed_pattern,9,False,"[""frequent_error_exact""]"
pattern_чю_чу,Эксперт заметил ошибку в слове чюдо в записи хр.,Эксперт заметил ошибку в слове чудо в записи хр.,no_existing_candidate_backed_pattern,10,False,"[""frequent_error_exact""]"
pattern_чю_чу,В письме цр была фраза со словом чювство.,В письме цр была фраза со словом чувство.,no_existing_candidate_backed_pattern,9,False,"[""frequent_error_exact""]"
pattern_чю_чу,Редактор исправил слово чюдо в документе щр.,Редактор исправил слово чудо в документе щр.,no_existing_candidate_backed_pattern,8,False,"[""frequent_error_exact""]"
pattern_чю_чу,В отчете эр встретилось слово чювство.,В отчете эр встретилось слово чувство.,no_existing_candidate_backed_pattern,7,False,"[""frequent_error_exact""]"
pattern_чю_чу,В заявлении ас указали слово чюдо.,В заявлении ас указали слово чудо.,no_existing_candidate_backed_pattern,7,False,"[""frequent_error_exact""]"
pattern_чю_чу,Корректор проверил написание слова чювство в файле бс.,Корректор проверил написание слова чувство в файле бс.,no_existing_candidate_backed_pattern,9,False,"[""frequent_error_exact""]"
pattern_чю_чу,Эксперт заметил ошибку в слове чюдо в записи дс.,Эксперт заметил ошибку в слове чудо в записи дс.,no_existing_candidate_backed_pattern,10,False,"[""frequent_error_exact""]"
pattern_чю_чу,В письме ес была фраза со словом чювство.,В письме ес была фраза со словом чувство.,no_existing_candidate_backed_pattern,9,False,"[""frequent_error_exact""]"
pattern_чю_чу,Редактор исправил слово чюдо в документе ис.,Редактор исправил слово чудо в документе ис.,no_existing_candidate_backed_pattern,8,False,"[""frequent_error_exact""]"
pattern_чю_чу,В отчете кс встретилось слово чювство.,В отчете кс встретилось слово чувство.,no_existing_candidate_backed_pattern,7,False,"[""frequent_error_exact""]"
pattern_чю_чу,В заявлении нс указали слово чюдо.,В заявлении нс указали слово чудо.,no_existing_candidate_backed_pattern,7,False,"[""frequent_error_exact""]"
pattern_чю_чу,Корректор проверил написание слова чювство в файле ос.,Корректор проверил написание слова чувство в файле ос.,no_existing_candidate_backed_pattern,9,False,"[""frequent_error_exact""]"
pattern_чю_чу,Эксперт заметил ошибку в слове чюдо в записи сс.,Эксперт заметил ошибку в слове чудо в записи сс.,no_existing_candidate_backed_pattern,10,False,"[""frequent_error_exact""]"
pattern_чю_чу,В письме тс была фраза со словом чювство.,В письме тс была фраза со словом чувство.,no_existing_candidate_backed_pattern,9,False,"[""frequent_error_exact""]"
pattern_чю_чу,Редактор исправил слово чюдо в документе хс.,Редактор исправил слово чудо в документе хс.,no_existing_candidate_backed_pattern,8,False,"[""frequent_error_exact""]"
pattern_чю_чу,В отчете цс встретилось слово чювство.,В отчете цс встретилось слово чувство.,no_existing_candidate_backed_pattern,7,False,"[""frequent_error_exact""]"
pattern_чю_чу,В заявлении щс указали слово чюдо.,В заявлении щс указали слово чудо.,no_existing_candidate_backed_pattern,7,False,"[""frequent_error_exact""]"
pattern_чю_чу,Корректор проверил написание слова чювство в файле эс.,Корректор проверил написание слова чувство в файле эс.,no_existing_candidate_backed_pattern,9,False,"[""frequent_error_exact""]"
pattern_чю_чу,Эксперт заметил ошибку в слове чюдо в записи ат.,Эксперт заметил ошибку в слове чудо в записи ат.,no_existing_candidate_backed_pattern,10,False,"[""frequent_error_exact""]"
pattern_чю_чу,В письме бт была фраза со словом чювство.,В письме бт была фраза со словом чувство.,no_existing_candidate_backed_pattern,9,False,"[""frequent_error_exact""]"
pattern_чю_чу,Редактор исправил слово чюдо в документе дт.,Редактор исправил слово чудо в документе дт.,no_existing_candidate_backed_pattern,8,False,"[""frequent_error_exact""]"
pattern_чю_чу,В отчете ет встретилось слово чювство.,В отчете ет встретилось слово чувство.,no_existing_candidate_backed_pattern,7,False,"[""frequent_error_exact""]"
pattern_чю_чу,В заявлении ит указали слово чюдо.,В заявлении ит указали слово чудо.,no_existing_candidate_backed_pattern,7,False,"[""frequent_error_exact""]"
pattern_чю_чу,Корректор проверил написание слова чювство в файле кт.,Корректор проверил написание слова чувство в файле кт.,no_existing_candidate_backed_pattern,9,False,"[""frequent_error_exact""]"
pattern_чю_чу,Эксперт заметил ошибку в слове чюдо в записи нт.,Эксперт заметил ошибку в слове чудо в записи нт.,no_existing_candidate_backed_pattern,10,False,"[""frequent_error_exact""]"
pattern_чю_чу,В письме от была фраза со словом чювство.,В письме от была фраза со словом чувство.,no_existing_candidate_backed_pattern,9,False,"[""frequent_error_exact""]"
pattern_чю_чу,Редактор исправил слово чюдо в документе ст.,Редактор исправил слово чудо в документе ст.,no_existing_candidate_backed_pattern,8,False,"[""frequent_error_exact""]"
pattern_чю_чу,В отчете тт встретилось слово чювство.,В отчете тт встретилось слово чувство.,no_existing_candidate_backed_pattern,7,False,"[""frequent_error_exact""]"
pattern_чю_чу,В заявлении хт указали слово чюдо.,В заявлении хт указали слово чудо.,no_existing_candidate_backed_pattern,7,False,"[""frequent_error_exact""]"
pattern_чю_чу,Корректор проверил написание слова чювство в файле цт.,Корректор проверил написание слова чувство в файле цт.,no_existing_candidate_backed_pattern,9,False,"[""frequent_error_exact""]"
pattern_чю_чу,Эксперт заметил ошибку в слове чюдо в записи щт.,Эксперт заметил ошибку в слове чудо в записи щт.,no_existing_candidate_backed_pattern,10,False,"[""frequent_error_exact""]"
pattern_чю_чу,В письме эт была фраза со словом чювство.,В письме эт была фраза со словом чувство.,no_existing_candidate_backed_pattern,9,False,"[""frequent_error_exact""]"
pattern_чю_чу,Редактор исправил слово чюдо в документе ау.,Редактор исправил слово чудо в документе ау.,no_existing_candidate_backed_pattern,8,False,"[""frequent_error_exact""]"
pattern_чю_чу,В отчете бу встретилось слово чювство.,В отчете бу встретилось слово чувство.,no_existing_candidate_backed_pattern,7,False,"[""frequent_error_exact""]"
pattern_чю_чу,В заявлении ду указали слово чюдо.,В заявлении ду указали слово чудо.,no_existing_candidate_backed_pattern,7,False,"[""frequent_error_exact""]"
pattern_чю_чу,Корректор проверил написание слова чювство в файле еу.,Корректор проверил написание слова чувство в файле еу.,no_existing_candidate_backed_pattern,9,False,"[""frequent_error_exact""]"
pattern_чю_чу,Эксперт заметил ошибку в слове чюдо в записи иу.,Эксперт заметил ошибку в слове чудо в записи иу.,no_existing_candidate_backed_pattern,10,False,"[""frequent_error_exact""]"
pattern_чю_чу,В письме ку была фраза со словом чювство.,В письме ку была фраза со словом чувство.,no_existing_candidate_backed_pattern,9,False,"[""frequent_error_exact""]"
pattern_чю_чу,Редактор исправил слово чюдо в документе ну.,Редактор исправил слово чудо в документе ну.,no_existing_candidate_backed_pattern,8,False,"[""frequent_error_exact""]"
pattern_чю_чу,В отчете оу встретилось слово чювство.,В отчете оу встретилось слово чувство.,no_existing_candidate_backed_pattern,7,False,"[""frequent_error_exact""]"
pattern_шы_ши,Редактор исправил слово машына в документе аа.,Редактор исправил слово машина в документе аа.,no_existing_candidate_backed_pattern,8,False,"[""frequent_error_exact""]"
pattern_шы_ши,В отчете ба встретилось слово шырина.,В отчете ба встретилось слово ширина.,no_existing_candidate_backed_pattern,7,False,"[""frequent_error_exact""]"
pattern_шы_ши,В заявлении да указали слово машына.,В заявлении да указали слово машина.,no_existing_candidate_backed_pattern,7,False,"[""frequent_error_exact""]"
pattern_шы_ши,Корректор проверил написание слова шырина в файле еа.,Корректор проверил написание слова ширина в файле еа.,no_existing_candidate_backed_pattern,9,False,"[""frequent_error_exact""]"
pattern_шы_ши,Эксперт заметил ошибку в слове машына в записи иа.,Эксперт заметил ошибку в слове машина в записи иа.,no_existing_candidate_backed_pattern,10,False,"[""frequent_error_exact""]"
pattern_шы_ши,В письме ка была фраза со словом шырина.,В письме ка была фраза со словом ширина.,no_existing_candidate_backed_pattern,9,False,"[""frequent_error_exact""]"
pattern_шы_ши,Редактор исправил слово машына в документе на.,Редактор исправил слово машина в документе на.,no_existing_candidate_backed_pattern,8,False,"[""frequent_error_exact""]"
pattern_шы_ши,В отчете оа встретилось слово шырина.,В отчете оа встретилось слово ширина.,no_existing_candidate_backed_pattern,7,False,"[""frequent_error_exact""]"
pattern_шы_ши,В заявлении са указали слово машына.,В заявлении са указали слово машина.,no_existing_candidate_backed_pattern,7,False,"[""frequent_error_exact""]"
pattern_шы_ши,Корректор проверил написание слова шырина в файле та.,Корректор проверил написание слова ширина в файле та.,no_existing_candidate_backed_pattern,9,False,"[""frequent_error_exact""]"
pattern_шы_ши,Эксперт заметил ошибку в слове машына в записи ха.,Эксперт заметил ошибку в слове машина в записи ха.,no_existing_candidate_backed_pattern,10,False,"[""frequent_error_exact""]"
pattern_шы_ши,В письме ца была фраза со словом шырина.,В письме ца была фраза со словом ширина.,no_existing_candidate_backed_pattern,9,False,"[""frequent_error_exact""]"
pattern_шы_ши,Редактор исправил слово машына в документе ща.,Редактор исправил слово машина в документе ща.,no_existing_candidate_backed_pattern,8,False,"[""frequent_error_exact""]"
pattern_шы_ши,В отчете эа встретилось слово шырина.,В отчете эа встретилось слово ширина.,no_existing_candidate_backed_pattern,7,False,"[""frequent_error_exact""]"
pattern_шы_ши,В заявлении аб указали слово машына.,В заявлении аб указали слово машина.,no_existing_candidate_backed_pattern,7,False,"[""frequent_error_exact""]"
pattern_шы_ши,Корректор проверил написание слова шырина в файле бб.,Корректор проверил написание слова ширина в файле бб.,no_existing_candidate_backed_pattern,9,False,"[""frequent_error_exact""]"
pattern_шы_ши,Эксперт заметил ошибку в слове машына в записи дб.,Эксперт заметил ошибку в слове машина в записи дб.,no_existing_candidate_backed_pattern,10,False,"[""frequent_error_exact""]"
pattern_шы_ши,В письме еб была фраза со словом шырина.,В письме еб была фраза со словом ширина.,no_existing_candidate_backed_pattern,9,False,"[""frequent_error_exact""]"
pattern_шы_ши,Редактор исправил слово машына в документе иб.,Редактор исправил слово машина в документе иб.,no_existing_candidate_backed_pattern,8,False,"[""frequent_error_exact""]"
pattern_шы_ши,В отчете кб встретилось слово шырина.,В отчете кб встретилось слово ширина.,no_existing_candidate_backed_pattern,7,False,"[""frequent_error_exact""]"
pattern_шы_ши,В заявлении нб указали слово машына.,В заявлении нб указали слово машина.,no_existing_candidate_backed_pattern,7,False,"[""frequent_error_exact""]"
pattern_шы_ши,Корректор проверил написание слова шырина в файле об.,Корректор проверил написание слова ширина в файле об.,no_existing_candidate_backed_pattern,9,False,"[""frequent_error_exact""]"
pattern_шы_ши,Эксперт заметил ошибку в слове машына в записи сб.,Эксперт заметил ошибку в слове машина в записи сб.,no_existing_candidate_backed_pattern,10,False,"[""frequent_error_exact""]"
pattern_шы_ши,В письме тб была фраза со словом шырина.,В письме тб была фраза со словом ширина.,no_existing_candidate_backed_pattern,9,False,"[""frequent_error_exact""]"
pattern_шы_ши,Редактор исправил слово машына в документе хб.,Редактор исправил слово машина в документе хб.,no_existing_candidate_backed_pattern,8,False,"[""frequent_error_exact""]"
pattern_шы_ши,В отчете цб встретилось слово шырина.,В отчете цб встретилось слово ширина.,no_existing_candidate_backed_pattern,7,False,"[""frequent_error_exact""]"
pattern_шы_ши,В заявлении щб указали слово машына.,В заявлении щб указали слово машина.,no_existing_candidate_backed_pattern,7,False,"[""frequent_error_exact""]"
pattern_шы_ши,Корректор проверил написание слова шырина в файле эб.,Корректор проверил написание слова ширина в файле эб.,no_existing_candidate_backed_pattern,9,False,"[""frequent_error_exact""]"
pattern_шы_ши,Эксперт заметил ошибку в слове машына в записи ав.,Эксперт заметил ошибку в слове машина в записи ав.,no_existing_candidate_backed_pattern,10,False,"[""frequent_error_exact""]"
pattern_шы_ши,В письме бв была фраза со словом шырина.,В письме бв была фраза со словом ширина.,no_existing_candidate_backed_pattern,9,False,"[""frequent_error_exact""]"
pattern_шы_ши,Редактор исправил слово машына в документе дв.,Редактор исправил слово машина в документе дв.,no_existing_candidate_backed_pattern,8,False,"[""frequent_error_exact""]"
pattern_шы_ши,В отчете ев встретилось слово шырина.,В отчете ев встретилось слово ширина.,no_existing_candidate_backed_pattern,7,False,"[""frequent_error_exact""]"
pattern_шы_ши,В заявлении ив указали слово машына.,В заявлении ив указали слово машина.,no_existing_candidate_backed_pattern,7,False,"[""frequent_error_exact""]"
pattern_шы_ши,Корректор проверил написание слова шырина в файле кв.,Корректор проверил написание слова ширина в файле кв.,no_existing_candidate_backed_pattern,9,False,"[""frequent_error_exact""]"
pattern_шы_ши,Эксперт заметил ошибку в слове машына в записи нв.,Эксперт заметил ошибку в слове машина в записи нв.,no_existing_candidate_backed_pattern,10,False,"[""frequent_error_exact""]"
pattern_шы_ши,В письме ов была фраза со словом шырина.,В письме ов была фраза со словом ширина.,no_existing_candidate_backed_pattern,9,False,"[""frequent_error_exact""]"
pattern_шы_ши,Редактор исправил слово машына в документе св.,Редактор исправил слово машина в документе св.,no_existing_candidate_backed_pattern,8,False,"[""frequent_error_exact""]"
pattern_шы_ши,В отчете тв встретилось слово шырина.,В отчете тв встретилось слово ширина.,no_existing_candidate_backed_pattern,7,False,"[""frequent_error_exact""]"
pattern_шы_ши,В заявлении хв указали слово машына.,В заявлении хв указали слово машина.,no_existing_candidate_backed_pattern,7,False,"[""frequent_error_exact""]"
pattern_шы_ши,Корректор проверил написание слова шырина в файле цв.,Корректор проверил написание слова ширина в файле цв.,no_existing_candidate_backed_pattern,9,False,"[""frequent_error_exact""]"
pattern_шы_ши,Эксперт заметил ошибку в слове машына в записи щв.,Эксперт заметил ошибку в слове машина в записи щв.,no_existing_candidate_backed_pattern,10,False,"[""frequent_error_exact""]"
pattern_шы_ши,В письме эв была фраза со словом шырина.,В письме эв была фраза со словом ширина.,no_existing_candidate_backed_pattern,9,False,"[""frequent_error_exact""]"
pattern_шы_ши,Редактор исправил слово машына в документе аг.,Редактор исправил слово машина в документе аг.,no_existing_candidate_backed_pattern,8,False,"[""frequent_error_exact""]"
pattern_шы_ши,В отчете бг встретилось слово шырина.,В отчете бг встретилось слово ширина.,no_existing_candidate_backed_pattern,7,False,"[""frequent_error_exact""]"
pattern_шы_ши,В заявлении дг указали слово машына.,В заявлении дг указали слово машина.,no_existing_candidate_backed_pattern,7,False,"[""frequent_error_exact""]"
pattern_шы_ши,Корректор проверил написание слова шырина в файле ег.,Корректор проверил написание слова ширина в файле ег.,no_existing_candidate_backed_pattern,9,False,"[""frequent_error_exact""]"
pattern_шы_ши,Эксперт заметил ошибку в слове машына в записи иг.,Эксперт заметил ошибку в слове машина в записи иг.,no_existing_candidate_backed_pattern,10,False,"[""frequent_error_exact""]"
pattern_шы_ши,В письме кг была фраза со словом шырина.,В письме кг была фраза со словом ширина.,no_existing_candidate_backed_pattern,9,False,"[""frequent_error_exact""]"
pattern_шы_ши,Редактор исправил слово машына в документе нг.,Редактор исправил слово машина в документе нг.,no_existing_candidate_backed_pattern,8,False,"[""frequent_error_exact""]"
pattern_шы_ши,В отчете ог встретилось слово шырина.,В отчете ог встретилось слово ширина.,no_existing_candidate_backed_pattern,7,False,"[""frequent_error_exact""]"
pattern_шы_ши,В заявлении сг указали слово машына.,В заявлении сг указали слово машина.,no_existing_candidate_backed_pattern,7,False,"[""frequent_error_exact""]"
pattern_шы_ши,Корректор проверил написание слова шырина в файле тг.,Корректор проверил написание слова ширина в файле тг.,no_existing_candidate_backed_pattern,9,False,"[""frequent_error_exact""]"
pattern_шы_ши,Эксперт заметил ошибку в слове машына в записи хг.,Эксперт заметил ошибку в слове машина в записи хг.,no_existing_candidate_backed_pattern,10,False,"[""frequent_error_exact""]"
pattern_шы_ши,В письме цг была фраза со словом шырина.,В письме цг была фраза со словом ширина.,no_existing_candidate_backed_pattern,9,False,"[""frequent_error_exact""]"
pattern_шы_ши,Редактор исправил слово машына в документе щг.,Редактор исправил слово машина в документе щг.,no_existing_candidate_backed_pattern,8,False,"[""frequent_error_exact""]"
pattern_шы_ши,В отчете эг встретилось слово шырина.,В отчете эг встретилось слово ширина.,no_existing_candidate_backed_pattern,7,False,"[""frequent_error_exact""]"
pattern_шы_ши,В заявлении ад указали слово машына.,В заявлении ад указали слово машина.,no_existing_candidate_backed_pattern,7,False,"[""frequent_error_exact""]"
pattern_шы_ши,Корректор проверил написание слова шырина в файле бд.,Корректор проверил написание слова ширина в файле бд.,no_existing_candidate_backed_pattern,9,False,"[""frequent_error_exact""]"
pattern_шы_ши,Эксперт заметил ошибку в слове машына в записи дд.,Эксперт заметил ошибку в слове машина в записи дд.,no_existing_candidate_backed_pattern,10,False,"[""frequent_error_exact""]"
pattern_шы_ши,В письме ед была фраза со словом шырина.,В письме ед была фраза со словом ширина.,no_existing_candidate_backed_pattern,9,False,"[""frequent_error_exact""]"
pattern_шы_ши,Редактор исправил слово машына в документе ид.,Редактор исправил слово машина в документе ид.,no_existing_candidate_backed_pattern,8,False,"[""frequent_error_exact""]"
pattern_шы_ши,В отчете кд встретилось слово шырина.,В отчете кд встретилось слово ширина.,no_existing_candidate_backed_pattern,7,False,"[""frequent_error_exact""]"
pattern_шы_ши,В заявлении нд указали слово машына.,В заявлении нд указали слово машина.,no_existing_candidate_backed_pattern,7,False,"[""frequent_error_exact""]"
pattern_шы_ши,Корректор проверил написание слова шырина в файле од.,Корректор проверил написание слова ширина в файле од.,no_existing_candidate_backed_pattern,9,False,"[""frequent_error_exact""]"
pattern_шы_ши,Эксперт заметил ошибку в слове машына в записи сд.,Эксперт заметил ошибку в слове машина в записи сд.,no_existing_candidate_backed_pattern,10,False,"[""frequent_error_exact""]"
pattern_шы_ши,В письме тд была фраза со словом шырина.,В письме тд была фраза со словом ширина.,no_existing_candidate_backed_pattern,9,False,"[""frequent_error_exact""]"
pattern_шы_ши,Редактор исправил слово машына в документе хд.,Редактор исправил слово машина в документе хд.,no_existing_candidate_backed_pattern,8,False,"[""frequent_error_exact""]"
pattern_шы_ши,В отчете цд встретилось слово шырина.,В отчете цд встретилось слово ширина.,no_existing_candidate_backed_pattern,7,False,"[""frequent_error_exact""]"
pattern_шы_ши,В заявлении щд указали слово машына.,В заявлении щд указали слово машина.,no_existing_candidate_backed_pattern,7,False,"[""frequent_error_exact""]"
pattern_шы_ши,Корректор проверил написание слова шырина в файле эд.,Корректор проверил написание слова ширина в файле эд.,no_existing_candidate_backed_pattern,9,False,"[""frequent_error_exact""]"
pattern_шы_ши,Эксперт заметил ошибку в слове машына в записи ае.,Эксперт заметил ошибку в слове машина в записи ае.,no_existing_candidate_backed_pattern,10,False,"[""frequent_error_exact""]"
pattern_шы_ши,В письме бе была фраза со словом шырина.,В письме бе была фраза со словом ширина.,no_existing_candidate_backed_pattern,9,False,"[""frequent_error_exact""]"
pattern_шы_ши,Редактор исправил слово машына в документе де.,Редактор исправил слово машина в документе де.,no_existing_candidate_backed_pattern,8,False,"[""frequent_error_exact""]"
pattern_шы_ши,В отчете ее встретилось слово шырина.,В отчете ее встретилось слово ширина.,no_existing_candidate_backed_pattern,7,False,"[""frequent_error_exact""]"
pattern_шы_ши,В заявлении ие указали слово машына.,В заявлении ие указали слово машина.,no_existing_candidate_backed_pattern,7,False,"[""frequent_error_exact""]"
pattern_шы_ши,Корректор проверил написание слова шырина в файле ке.,Корректор проверил написание слова ширина в файле ке.,no_existing_candidate_backed_pattern,9,False,"[""frequent_error_exact""]"
pattern_шы_ши,Эксперт заметил ошибку в слове машына в записи не.,Эксперт заметил ошибку в слове машина в записи не.,no_existing_candidate_backed_pattern,10,False,"[""frequent_error_exact""]"
pattern_шы_ши,В письме ое была фраза со словом шырина.,В письме ое была фраза со словом ширина.,no_existing_candidate_backed_pattern,9,False,"[""frequent_error_exact""]"
pattern_шы_ши,Редактор исправил слово машына в документе се.,Редактор исправил слово машина в документе се.,no_existing_candidate_backed_pattern,8,False,"[""frequent_error_exact""]"
pattern_шы_ши,В отчете те встретилось слово шырина.,В отчете те встретилось слово ширина.,no_existing_candidate_backed_pattern,7,False,"[""frequent_error_exact""]"
pattern_шы_ши,В заявлении хе указали слово машына.,В заявлении хе указали слово машина.,no_existing_candidate_backed_pattern,7,False,"[""frequent_error_exact""]"
pattern_шы_ши,Корректор проверил написание слова шырина в файле це.,Корректор проверил написание слова ширина в файле це.,no_existing_candidate_backed_pattern,9,False,"[""frequent_error_exact""]"
pattern_шы_ши,Эксперт заметил ошибку в слове машына в записи ще.,Эксперт заметил ошибку в слове машина в записи ще.,no_existing_candidate_backed_pattern,10,False,"[""frequent_error_exact""]"
pattern_шы_ши,В письме эе была фраза со словом шырина.,В письме эе была фраза со словом ширина.,no_existing_candidate_backed_pattern,9,False,"[""frequent_error_exact""]"
pattern_шы_ши,Редактор исправил слово машына в документе аж.,Редактор исправил слово машина в документе аж.,no_existing_candidate_backed_pattern,8,False,"[""frequent_error_exact""]"
pattern_шы_ши,В отчете бж встретилось слово шырина.,В отчете бж встретилось слово ширина.,no_existing_candidate_backed_pattern,7,False,"[""frequent_error_exact""]"
pattern_шы_ши,В заявлении дж указали слово машына.,В заявлении дж указали слово машина.,no_existing_candidate_backed_pattern,7,False,"[""frequent_error_exact""]"
pattern_шы_ши,Корректор проверил написание слова шырина в файле еж.,Корректор проверил написание слова ширина в файле еж.,no_existing_candidate_backed_pattern,9,False,"[""frequent_error_exact""]"
pattern_шы_ши,Эксперт заметил ошибку в слове машына в записи иж.,Эксперт заметил ошибку в слове машина в записи иж.,no_existing_candidate_backed_pattern,10,False,"[""frequent_error_exact""]"
pattern_шы_ши,В письме кж была фраза со словом шырина.,В письме кж была фраза со словом ширина.,no_existing_candidate_backed_pattern,9,False,"[""frequent_error_exact""]"
pattern_шы_ши,Редактор исправил слово машына в документе нж.,Редактор исправил слово машина в документе нж.,no_existing_candidate_backed_pattern,8,False,"[""frequent_error_exact""]"
pattern_шы_ши,В отчете ож встретилось слово шырина.,В отчете ож встретилось слово ширина.,no_existing_candidate_backed_pattern,7,False,"[""frequent_error_exact""]"
pattern_шы_ши,В заявлении сж указали слово машына.,В заявлении сж указали слово машина.,no_existing_candidate_backed_pattern,7,False,"[""frequent_error_exact""]"
pattern_шы_ши,Корректор проверил написание слова шырина в файле тж.,Корректор проверил написание слова ширина в файле тж.,no_existing_candidate_backed_pattern,9,False,"[""frequent_error_exact""]"
pattern_шы_ши,Эксперт заметил ошибку в слове машына в записи хж.,Эксперт заметил ошибку в слове машина в записи хж.,no_existing_candidate_backed_pattern,10,False,"[""frequent_error_exact""]"
pattern_шы_ши,В письме цж была фраза со словом шырина.,В письме цж была фраза со словом ширина.,no_existing_candidate_backed_pattern,9,False,"[""frequent_error_exact""]"
pattern_шы_ши,Редактор исправил слово машына в документе щж.,Редактор исправил слово машина в документе щж.,no_existing_candidate_backed_pattern,8,False,"[""frequent_error_exact""]"
pattern_шы_ши,В отчете эж встретилось слово шырина.,В отчете эж встретилось слово ширина.,no_existing_candidate_backed_pattern,7,False,"[""frequent_error_exact""]"
pattern_шы_ши,В заявлении аз указали слово машына.,В заявлении аз указали слово машина.,no_existing_candidate_backed_pattern,7,False,"[""frequent_error_exact""]"
pattern_шы_ши,Корректор проверил написание слова шырина в файле бз.,Корректор проверил написание слова ширина в файле бз.,no_existing_candidate_backed_pattern,9,False,"[""frequent_error_exact""]"
pattern_шы_ши,Эксперт заметил ошибку в слове машына в записи дз.,Эксперт заметил ошибку в слове машина в записи дз.,no_existing_candidate_backed_pattern,10,False,"[""frequent_error_exact""]"
pattern_шы_ши,В письме ез была фраза со словом шырина.,В письме ез была фраза со словом ширина.,no_existing_candidate_backed_pattern,9,False,"[""frequent_error_exact""]"
pattern_шы_ши,Редактор исправил слово машына в документе из.,Редактор исправил слово машина в документе из.,no_existing_candidate_backed_pattern,8,False,"[""frequent_error_exact""]"
pattern_шы_ши,В отчете кз встретилось слово шырина.,В отчете кз встретилось слово ширина.,no_existing_candidate_backed_pattern,7,False,"[""frequent_error_exact""]"
pattern_шы_ши,В заявлении нз указали слово машына.,В заявлении нз указали слово машина.,no_existing_candidate_backed_pattern,7,False,"[""frequent_error_exact""]"
pattern_шы_ши,Корректор проверил написание слова шырина в файле оз.,Корректор проверил написание слова ширина в файле оз.,no_existing_candidate_backed_pattern,9,False,"[""frequent_error_exact""]"
pattern_шы_ши,Эксперт заметил ошибку в слове машына в записи сз.,Эксперт заметил ошибку в слове машина в записи сз.,no_existing_candidate_backed_pattern,10,False,"[""frequent_error_exact""]"
pattern_шы_ши,В письме тз была фраза со словом шырина.,В письме тз была фраза со словом ширина.,no_existing_candidate_backed_pattern,9,False,"[""frequent_error_exact""]"
pattern_шы_ши,Редактор исправил слово машына в документе хз.,Редактор исправил слово машина в документе хз.,no_existing_candidate_backed_pattern,8,False,"[""frequent_error_exact""]"
pattern_шы_ши,В отчете цз встретилось слово шырина.,В отчете цз встретилось слово ширина.,no_existing_candidate_backed_pattern,7,False,"[""frequent_error_exact""]"
pattern_шы_ши,В заявлении щз указали слово машына.,В заявлении щз указали слово машина.,no_existing_candidate_backed_pattern,7,False,"[""frequent_error_exact""]"
pattern_шы_ши,Корректор проверил написание слова шырина в файле эз.,Корректор проверил написание слова ширина в файле эз.,no_existing_candidate_backed_pattern,9,False,"[""frequent_error_exact""]"
pattern_шы_ши,Эксперт заметил ошибку в слове машына в записи аи.,Эксперт заметил ошибку в слове машина в записи аи.,no_existing_candidate_backed_pattern,10,False,"[""frequent_error_exact""]"
pattern_шы_ши,В письме би была фраза со словом шырина.,В письме би была фраза со словом ширина.,no_existing_candidate_backed_pattern,9,False,"[""frequent_error_exact""]"
pattern_шы_ши,Редактор исправил слово машына в документе ди.,Редактор исправил слово машина в документе ди.,no_existing_candidate_backed_pattern,8,False,"[""frequent_error_exact""]"
pattern_шы_ши,В отчете еи встретилось слово шырина.,В отчете еи встретилось слово ширина.,no_existing_candidate_backed_pattern,7,False,"[""frequent_error_exact""]"
pattern_шы_ши,В заявлении ии указали слово машына.,В заявлении ии указали слово машина.,no_existing_candidate_backed_pattern,7,False,"[""frequent_error_exact""]"
pattern_шы_ши,Корректор проверил написание слова шырина в файле ки.,Корректор проверил написание слова ширина в файле ки.,no_existing_candidate_backed_pattern,9,False,"[""frequent_error_exact""]"
pattern_шы_ши,Эксперт заметил ошибку в слове машына в записи ни.,Эксперт заметил ошибку в слове машина в записи ни.,no_existing_candidate_backed_pattern,10,False,"[""frequent_error_exact""]"
pattern_шы_ши,В письме ои была фраза со словом шырина.,В письме ои была фраза со словом ширина.,no_existing_candidate_backed_pattern,9,False,"[""frequent_error_exact""]"
pattern_шы_ши,Редактор исправил слово машына в документе си.,Редактор исправил слово машина в документе си.,no_existing_candidate_backed_pattern,8,False,"[""frequent_error_exact""]"
pattern_шы_ши,В отчете ти встретилось слово шырина.,В отчете ти встретилось слово ширина.,no_existing_candidate_backed_pattern,7,False,"[""frequent_error_exact""]"
pattern_шы_ши,В заявлении хи указали слово машына.,В заявлении хи указали слово машина.,no_existing_candidate_backed_pattern,7,False,"[""frequent_error_exact""]"
pattern_шы_ши,Корректор проверил написание слова шырина в файле ци.,Корректор проверил написание слова ширина в файле ци.,no_existing_candidate_backed_pattern,9,False,"[""frequent_error_exact""]"
pattern_шы_ши,Эксперт заметил ошибку в слове машына в записи щи.,Эксперт заметил ошибку в слове машина в записи щи.,no_existing_candidate_backed_pattern,10,False,"[""frequent_error_exact""]"
pattern_шы_ши,В письме эи была фраза со словом шырина.,В письме эи была фраза со словом ширина.,no_existing_candidate_backed_pattern,9,False,"[""frequent_error_exact""]"
pattern_шы_ши,Редактор исправил слово машына в документе ак.,Редактор исправил слово машина в документе ак.,no_existing_candidate_backed_pattern,8,False,"[""frequent_error_exact""]"
pattern_шы_ши,В отчете бк встретилось слово шырина.,В отчете бк встретилось слово ширина.,no_existing_candidate_backed_pattern,7,False,"[""frequent_error_exact""]"
pattern_шы_ши,В заявлении дк указали слово машына.,В заявлении дк указали слово машина.,no_existing_candidate_backed_pattern,7,False,"[""frequent_error_exact""]"
pattern_шы_ши,Корректор проверил написание слова шырина в файле ек.,Корректор проверил написание слова ширина в файле ек.,no_existing_candidate_backed_pattern,9,False,"[""frequent_error_exact""]"
pattern_шы_ши,Эксперт заметил ошибку в слове машына в записи ик.,Эксперт заметил ошибку в слове машина в записи ик.,no_existing_candidate_backed_pattern,10,False,"[""frequent_error_exact""]"
pattern_шы_ши,В письме кк была фраза со словом шырина.,В письме кк была фраза со словом ширина.,no_existing_candidate_backed_pattern,9,False,"[""frequent_error_exact""]"
pattern_шы_ши,Редактор исправил слово машына в документе нк.,Редактор исправил слово машина в документе нк.,no_existing_candidate_backed_pattern,8,False,"[""frequent_error_exact""]"
pattern_шы_ши,В отчете ок встретилось слово шырина.,В отчете ок встретилось слово ширина.,no_existing_candidate_backed_pattern,7,False,"[""frequent_error_exact""]"
pattern_шы_ши,В заявлении ск указали слово машына.,В заявлении ск указали слово машина.,no_existing_candidate_backed_pattern,7,False,"[""frequent_error_exact""]"
pattern_шы_ши,Корректор проверил написание слова шырина в файле тк.,Корректор проверил написание слова ширина в файле тк.,no_existing_candidate_backed_pattern,9,False,"[""frequent_error_exact""]"
pattern_шы_ши,Эксперт заметил ошибку в слове машына в записи хк.,Эксперт заметил ошибку в слове машина в записи хк.,no_existing_candidate_backed_pattern,10,False,"[""frequent_error_exact""]"
pattern_шы_ши,В письме цк была фраза со словом шырина.,В письме цк была фраза со словом ширина.,no_existing_candidate_backed_pattern,9,False,"[""frequent_error_exact""]"
pattern_шы_ши,Редактор исправил слово машына в документе щк.,Редактор исправил слово машина в документе щк.,no_existing_candidate_backed_pattern,8,False,"[""frequent_error_exact""]"
pattern_шы_ши,В отчете эк встретилось слово шырина.,В отчете эк встретилось слово ширина.,no_existing_candidate_backed_pattern,7,False,"[""frequent_error_exact""]"
pattern_шы_ши,В заявлении ал указали слово машына.,В заявлении ал указали слово машина.,no_existing_candidate_backed_pattern,7,False,"[""frequent_error_exact""]"
pattern_шы_ши,Корректор проверил написание слова шырина в файле бл.,Корректор проверил написание слова ширина в файле бл.,no_existing_candidate_backed_pattern,9,False,"[""frequent_error_exact""]"
pattern_шы_ши,Эксперт заметил ошибку в слове машына в записи дл.,Эксперт заметил ошибку в слове машина в записи дл.,no_existing_candidate_backed_pattern,10,False,"[""frequent_error_exact""]"
pattern_шы_ши,В письме ел была фраза со словом шырина.,В письме ел была фраза со словом ширина.,no_existing_candidate_backed_pattern,9,False,"[""frequent_error_exact""]"
pattern_шы_ши,Редактор исправил слово машына в документе ил.,Редактор исправил слово машина в документе ил.,no_existing_candidate_backed_pattern,8,False,"[""frequent_error_exact""]"
pattern_шы_ши,В отчете кл встретилось слово шырина.,В отчете кл встретилось слово ширина.,no_existing_candidate_backed_pattern,7,False,"[""frequent_error_exact""]"
pattern_шы_ши,В заявлении нл указали слово машына.,В заявлении нл указали слово машина.,no_existing_candidate_backed_pattern,7,False,"[""frequent_error_exact""]"
pattern_шы_ши,Корректор проверил написание слова шырина в файле ол.,Корректор проверил написание слова ширина в файле ол.,no_existing_candidate_backed_pattern,9,False,"[""frequent_error_exact""]"
pattern_шы_ши,Эксперт заметил ошибку в слове машына в записи сл.,Эксперт заметил ошибку в слове машина в записи сл.,no_existing_candidate_backed_pattern,10,False,"[""frequent_error_exact""]"
pattern_шы_ши,В письме тл была фраза со словом шырина.,В письме тл была фраза со словом ширина.,no_existing_candidate_backed_pattern,9,False,"[""frequent_error_exact""]"
pattern_шы_ши,Редактор исправил слово машына в документе хл.,Редактор исправил слово машина в документе хл.,no_existing_candidate_backed_pattern,8,False,"[""frequent_error_exact""]"
pattern_шы_ши,В отчете цл встретилось слово шырина.,В отчете цл встретилось слово ширина.,no_existing_candidate_backed_pattern,7,False,"[""frequent_error_exact""]"
pattern_шы_ши,В заявлении щл указали слово машына.,В заявлении щл указали слово машина.,no_existing_candidate_backed_pattern,7,False,"[""frequent_error_exact""]"
pattern_шы_ши,Корректор проверил написание слова шырина в файле эл.,Корректор проверил написание слова ширина в файле эл.,no_existing_candidate_backed_pattern,9,False,"[""frequent_error_exact""]"
pattern_шы_ши,Эксперт заметил ошибку в слове машына в записи ам.,Эксперт заметил ошибку в слове машина в записи ам.,no_existing_candidate_backed_pattern,10,False,"[""frequent_error_exact""]"
pattern_шы_ши,В письме бм была фраза со словом шырина.,В письме бм была фраза со словом ширина.,no_existing_candidate_backed_pattern,9,False,"[""frequent_error_exact""]"
pattern_шы_ши,Редактор исправил слово машына в документе дм.,Редактор исправил слово машина в документе дм.,no_existing_candidate_backed_pattern,8,False,"[""frequent_error_exact""]"
pattern_шы_ши,В отчете ем встретилось слово шырина.,В отчете ем встретилось слово ширина.,no_existing_candidate_backed_pattern,7,False,"[""frequent_error_exact""]"
pattern_шы_ши,В заявлении им указали слово машына.,В заявлении им указали слово машина.,no_existing_candidate_backed_pattern,7,False,"[""frequent_error_exact""]"
pattern_шы_ши,Корректор проверил написание слова шырина в файле км.,Корректор проверил написание слова ширина в файле км.,no_existing_candidate_backed_pattern,9,False,"[""frequent_error_exact""]"
pattern_шы_ши,Эксперт заметил ошибку в слове машына в записи нм.,Эксперт заметил ошибку в слове машина в записи нм.,no_existing_candidate_backed_pattern,10,False,"[""frequent_error_exact""]"
pattern_шы_ши,В письме ом была фраза со словом шырина.,В письме ом была фраза со словом ширина.,no_existing_candidate_backed_pattern,9,False,"[""frequent_error_exact""]"
pattern_шы_ши,Редактор исправил слово машына в документе см.,Редактор исправил слово машина в документе см.,protected_span,8,True,"[""frequent_error_exact""]"
pattern_шы_ши,В отчете тм встретилось слово шырина.,В отчете тм встретилось слово ширина.,no_existing_candidate_backed_pattern,7,False,"[""frequent_error_exact""]"
pattern_шы_ши,В заявлении хм указали слово машына.,В заявлении хм указали слово машина.,no_existing_candidate_backed_pattern,7,False,"[""frequent_error_exact""]"
pattern_шы_ши,Корректор проверил написание слова шырина в файле цм.,Корректор проверил написание слова ширина в файле цм.,no_existing_candidate_backed_pattern,9,False,"[""frequent_error_exact""]"
pattern_шы_ши,Эксперт заметил ошибку в слове машына в записи щм.,Эксперт заметил ошибку в слове машина в записи щм.,no_existing_candidate_backed_pattern,10,False,"[""frequent_error_exact""]"
pattern_шы_ши,В письме эм была фраза со словом шырина.,В письме эм была фраза со словом ширина.,no_existing_candidate_backed_pattern,9,False,"[""frequent_error_exact""]"
pattern_шы_ши,Редактор исправил слово машына в документе ан.,Редактор исправил слово машина в документе ан.,no_existing_candidate_backed_pattern,8,False,"[""frequent_error_exact""]"
pattern_шы_ши,В отчете бн встретилось слово шырина.,В отчете бн встретилось слово ширина.,no_existing_candidate_backed_pattern,7,False,"[""frequent_error_exact""]"
pattern_шы_ши,В заявлении дн указали слово машына.,В заявлении дн указали слово машина.,no_existing_candidate_backed_pattern,7,False,"[""frequent_error_exact""]"
pattern_шы_ши,Корректор проверил написание слова шырина в файле ен.,Корректор проверил написание слова ширина в файле ен.,no_existing_candidate_backed_pattern,9,False,"[""frequent_error_exact""]"
pattern_шы_ши,Эксперт заметил ошибку в слове машына в записи ин.,Эксперт заметил ошибку в слове машина в записи ин.,no_existing_candidate_backed_pattern,10,False,"[""frequent_error_exact""]"
pattern_шы_ши,В письме кн была фраза со словом шырина.,В письме кн была фраза со словом ширина.,no_existing_candidate_backed_pattern,9,False,"[""frequent_error_exact""]"
pattern_шы_ши,Редактор исправил слово машына в документе нн.,Редактор исправил слово машина в документе нн.,no_existing_candidate_backed_pattern,9,False,"[""frequent_error_exact"", ""n_nn_adjective""]"
pattern_шы_ши,В отчете он встретилось слово шырина.,В отчете он встретилось слово ширина.,no_existing_candidate_backed_pattern,7,False,"[""frequent_error_exact""]"
pattern_шы_ши,В заявлении сн указали слово машына.,В заявлении сн указали слово машина.,no_existing_candidate_backed_pattern,7,False,"[""frequent_error_exact""]"
pattern_шы_ши,Корректор проверил написание слова шырина в файле тн.,Корректор проверил написание слова ширина в файле тн.,no_existing_candidate_backed_pattern,9,False,"[""frequent_error_exact""]"
pattern_шы_ши,Эксперт заметил ошибку в слове машына в записи хн.,Эксперт заметил ошибку в слове машина в записи хн.,no_existing_candidate_backed_pattern,10,False,"[""frequent_error_exact""]"
pattern_шы_ши,В письме цн была фраза со словом шырина.,В письме цн была фраза со словом ширина.,no_existing_candidate_backed_pattern,9,False,"[""frequent_error_exact""]"
pattern_шы_ши,Редактор исправил слово машына в документе щн.,Редактор исправил слово машина в документе щн.,no_existing_candidate_backed_pattern,8,False,"[""frequent_error_exact""]"
pattern_шы_ши,В отчете эн встретилось слово шырина.,В отчете эн встретилось слово ширина.,no_existing_candidate_backed_pattern,7,False,"[""frequent_error_exact""]"
pattern_шы_ши,В заявлении ао указали слово машына.,В заявлении ао указали слово машина.,no_existing_candidate_backed_pattern,8,False,"[""abbreviation_case_protection"", ""frequent_error_exact""]"
pattern_шы_ши,Корректор проверил написание слова шырина в файле бо.,Корректор проверил написание слова ширина в файле бо.,no_existing_candidate_backed_pattern,9,False,"[""frequent_error_exact""]"
pattern_шы_ши,Эксперт заметил ошибку в слове машына в записи до.,Эксперт заметил ошибку в слове машина в записи до.,no_existing_candidate_backed_pattern,10,False,"[""frequent_error_exact""]"
pattern_шы_ши,В письме ео была фраза со словом шырина.,В письме ео была фраза со словом ширина.,no_existing_candidate_backed_pattern,9,False,"[""frequent_error_exact""]"
pattern_шы_ши,Редактор исправил слово машына в документе ио.,Редактор исправил слово машина в документе ио.,no_existing_candidate_backed_pattern,8,False,"[""frequent_error_exact""]"
pattern_шы_ши,В отчете ко встретилось слово шырина.,В отчете ко встретилось слово ширина.,no_existing_candidate_backed_pattern,7,False,"[""frequent_error_exact""]"
pattern_шы_ши,В заявлении но указали слово машына.,В заявлении но указали слово машина.,no_existing_candidate_backed_pattern,8,False,"[""comma_conjunction"", ""frequent_error_exact""]"
pattern_шы_ши,Корректор проверил написание слова шырина в файле оо.,Корректор проверил написание слова ширина в файле оо.,no_existing_candidate_backed_pattern,9,False,"[""frequent_error_exact""]"
pattern_шы_ши,Эксперт заметил ошибку в слове машына в записи со.,Эксперт заметил ошибку в слове машина в записи со.,no_existing_candidate_backed_pattern,10,False,"[""frequent_error_exact""]"
pattern_шы_ши,В письме то была фраза со словом шырина.,В письме то была фраза со словом ширина.,no_existing_candidate_backed_pattern,9,False,"[""frequent_error_exact""]"
pattern_шы_ши,Редактор исправил слово машына в документе хо.,Редактор исправил слово машина в документе хо.,no_existing_candidate_backed_pattern,8,False,"[""frequent_error_exact""]"
pattern_шы_ши,В отчете цо встретилось слово шырина.,В отчете цо встретилось слово ширина.,no_existing_candidate_backed_pattern,7,False,"[""frequent_error_exact""]"
pattern_шы_ши,В заявлении що указали слово машына.,В заявлении що указали слово машина.,no_existing_candidate_backed_pattern,7,False,"[""frequent_error_exact""]"
pattern_шы_ши,Корректор проверил написание слова шырина в файле эо.,Корректор проверил написание слова ширина в файле эо.,no_existing_candidate_backed_pattern,9,False,"[""frequent_error_exact""]"
pattern_щю_щу,Редактор исправил слово щюка в документе аа.,Редактор исправил слово щука в документе аа.,no_existing_candidate_backed_pattern,8,False,"[""frequent_error_exact""]"
pattern_щю_щу,В заявлении да указали слово щюка.,В заявлении да указали слово щука.,no_existing_candidate_backed_pattern,7,False,"[""frequent_error_exact""]"
pattern_щю_щу,Эксперт заметил ошибку в слове щюка в записи иа.,Эксперт заметил ошибку в слове щука в записи иа.,no_existing_candidate_backed_pattern,10,False,"[""frequent_error_exact""]"
pattern_щю_щу,Редактор исправил слово щюка в документе на.,Редактор исправил слово щука в документе на.,no_existing_candidate_backed_pattern,8,False,"[""frequent_error_exact""]"
pattern_щю_щу,В заявлении са указали слово щюка.,В заявлении са указали слово щука.,no_existing_candidate_backed_pattern,7,False,"[""frequent_error_exact""]"
pattern_щю_щу,Эксперт заметил ошибку в слове щюка в записи ха.,Эксперт заметил ошибку в слове щука в записи ха.,no_existing_candidate_backed_pattern,10,False,"[""frequent_error_exact""]"
pattern_щю_щу,Редактор исправил слово щюка в документе ща.,Редактор исправил слово щука в документе ща.,no_existing_candidate_backed_pattern,8,False,"[""frequent_error_exact""]"
pattern_щю_щу,В заявлении аб указали слово щюка.,В заявлении аб указали слово щука.,no_existing_candidate_backed_pattern,7,False,"[""frequent_error_exact""]"
pattern_щю_щу,Эксперт заметил ошибку в слове щюка в записи дб.,Эксперт заметил ошибку в слове щука в записи дб.,no_existing_candidate_backed_pattern,10,False,"[""frequent_error_exact""]"
pattern_щю_щу,Редактор исправил слово щюка в документе иб.,Редактор исправил слово щука в документе иб.,no_existing_candidate_backed_pattern,8,False,"[""frequent_error_exact""]"
pattern_щю_щу,В заявлении нб указали слово щюка.,В заявлении нб указали слово щука.,no_existing_candidate_backed_pattern,7,False,"[""frequent_error_exact""]"
pattern_щю_щу,Эксперт заметил ошибку в слове щюка в записи сб.,Эксперт заметил ошибку в слове щука в записи сб.,no_existing_candidate_backed_pattern,10,False,"[""frequent_error_exact""]"
pattern_щю_щу,Редактор исправил слово щюка в документе хб.,Редактор исправил слово щука в документе хб.,no_existing_candidate_backed_pattern,8,False,"[""frequent_error_exact""]"
pattern_щю_щу,В заявлении щб указали слово щюка.,В заявлении щб указали слово щука.,no_existing_candidate_backed_pattern,7,False,"[""frequent_error_exact""]"
pattern_щю_щу,Эксперт заметил ошибку в слове щюка в записи ав.,Эксперт заметил ошибку в слове щука в записи ав.,no_existing_candidate_backed_pattern,10,False,"[""frequent_error_exact""]"
pattern_щю_щу,Редактор исправил слово щюка в документе дв.,Редактор исправил слово щука в документе дв.,no_existing_candidate_backed_pattern,8,False,"[""frequent_error_exact""]"
pattern_щю_щу,В заявлении ив указали слово щюка.,В заявлении ив указали слово щука.,no_existing_candidate_backed_pattern,7,False,"[""frequent_error_exact""]"
pattern_щю_щу,Эксперт заметил ошибку в слове щюка в записи нв.,Эксперт заметил ошибку в слове щука в записи нв.,no_existing_candidate_backed_pattern,10,False,"[""frequent_error_exact""]"
pattern_щю_щу,Редактор исправил слово щюка в документе св.,Редактор исправил слово щука в документе св.,no_existing_candidate_backed_pattern,8,False,"[""frequent_error_exact""]"
pattern_щю_щу,В заявлении хв указали слово щюка.,В заявлении хв указали слово щука.,no_existing_candidate_backed_pattern,7,False,"[""frequent_error_exact""]"
pattern_щю_щу,Эксперт заметил ошибку в слове щюка в записи щв.,Эксперт заметил ошибку в слове щука в записи щв.,no_existing_candidate_backed_pattern,10,False,"[""frequent_error_exact""]"
pattern_щю_щу,Редактор исправил слово щюка в документе аг.,Редактор исправил слово щука в документе аг.,no_existing_candidate_backed_pattern,8,False,"[""frequent_error_exact""]"
pattern_щю_щу,В заявлении дг указали слово щюка.,В заявлении дг указали слово щука.,no_existing_candidate_backed_pattern,7,False,"[""frequent_error_exact""]"
pattern_щю_щу,Эксперт заметил ошибку в слове щюка в записи иг.,Эксперт заметил ошибку в слове щука в записи иг.,no_existing_candidate_backed_pattern,10,False,"[""frequent_error_exact""]"
pattern_щю_щу,Редактор исправил слово щюка в документе нг.,Редактор исправил слово щука в документе нг.,no_existing_candidate_backed_pattern,8,False,"[""frequent_error_exact""]"
pattern_щю_щу,В заявлении сг указали слово щюка.,В заявлении сг указали слово щука.,no_existing_candidate_backed_pattern,7,False,"[""frequent_error_exact""]"
pattern_щю_щу,Эксперт заметил ошибку в слове щюка в записи хг.,Эксперт заметил ошибку в слове щука в записи хг.,no_existing_candidate_backed_pattern,10,False,"[""frequent_error_exact""]"
pattern_щю_щу,Редактор исправил слово щюка в документе щг.,Редактор исправил слово щука в документе щг.,no_existing_candidate_backed_pattern,8,False,"[""frequent_error_exact""]"
pattern_щю_щу,В заявлении ад указали слово щюка.,В заявлении ад указали слово щука.,no_existing_candidate_backed_pattern,7,False,"[""frequent_error_exact""]"
pattern_щю_щу,Эксперт заметил ошибку в слове щюка в записи дд.,Эксперт заметил ошибку в слове щука в записи дд.,no_existing_candidate_backed_pattern,10,False,"[""frequent_error_exact""]"
pattern_щю_щу,Редактор исправил слово щюка в документе ид.,Редактор исправил слово щука в документе ид.,no_existing_candidate_backed_pattern,8,False,"[""frequent_error_exact""]"
pattern_щю_щу,В заявлении нд указали слово щюка.,В заявлении нд указали слово щука.,no_existing_candidate_backed_pattern,7,False,"[""frequent_error_exact""]"
pattern_щю_щу,Эксперт заметил ошибку в слове щюка в записи сд.,Эксперт заметил ошибку в слове щука в записи сд.,no_existing_candidate_backed_pattern,10,False,"[""frequent_error_exact""]"
pattern_щю_щу,Редактор исправил слово щюка в документе хд.,Редактор исправил слово щука в документе хд.,no_existing_candidate_backed_pattern,8,False,"[""frequent_error_exact""]"
pattern_щю_щу,В заявлении щд указали слово щюка.,В заявлении щд указали слово щука.,no_existing_candidate_backed_pattern,7,False,"[""frequent_error_exact""]"
pattern_щю_щу,Эксперт заметил ошибку в слове щюка в записи ае.,Эксперт заметил ошибку в слове щука в записи ае.,no_existing_candidate_backed_pattern,10,False,"[""frequent_error_exact""]"
pattern_щю_щу,Редактор исправил слово щюка в документе де.,Редактор исправил слово щука в документе де.,no_existing_candidate_backed_pattern,8,False,"[""frequent_error_exact""]"
pattern_щю_щу,В заявлении ие указали слово щюка.,В заявлении ие указали слово щука.,no_existing_candidate_backed_pattern,7,False,"[""frequent_error_exact""]"
pattern_щю_щу,Эксперт заметил ошибку в слове щюка в записи не.,Эксперт заметил ошибку в слове щука в записи не.,no_existing_candidate_backed_pattern,10,False,"[""frequent_error_exact""]"
pattern_щю_щу,Редактор исправил слово щюка в документе се.,Редактор исправил слово щука в документе се.,no_existing_candidate_backed_pattern,8,False,"[""frequent_error_exact""]"
pattern_щю_щу,В заявлении хе указали слово щюка.,В заявлении хе указали слово щука.,no_existing_candidate_backed_pattern,7,False,"[""frequent_error_exact""]"
pattern_щю_щу,Эксперт заметил ошибку в слове щюка в записи ще.,Эксперт заметил ошибку в слове щука в записи ще.,no_existing_candidate_backed_pattern,10,False,"[""frequent_error_exact""]"
pattern_щю_щу,Редактор исправил слово щюка в документе аж.,Редактор исправил слово щука в документе аж.,no_existing_candidate_backed_pattern,8,False,"[""frequent_error_exact""]"
pattern_щю_щу,В заявлении дж указали слово щюка.,В заявлении дж указали слово щука.,no_existing_candidate_backed_pattern,7,False,"[""frequent_error_exact""]"
pattern_щю_щу,Эксперт заметил ошибку в слове щюка в записи иж.,Эксперт заметил ошибку в слове щука в записи иж.,no_existing_candidate_backed_pattern,10,False,"[""frequent_error_exact""]"
pattern_щю_щу,Редактор исправил слово щюка в документе нж.,Редактор исправил слово щука в документе нж.,no_existing_candidate_backed_pattern,8,False,"[""frequent_error_exact""]"
pattern_щю_щу,В заявлении сж указали слово щюка.,В заявлении сж указали слово щука.,no_existing_candidate_backed_pattern,7,False,"[""frequent_error_exact""]"
pattern_щю_щу,Эксперт заметил ошибку в слове щюка в записи хж.,Эксперт заметил ошибку в слове щука в записи хж.,no_existing_candidate_backed_pattern,10,False,"[""frequent_error_exact""]"
pattern_щю_щу,Редактор исправил слово щюка в документе щж.,Редактор исправил слово щука в документе щж.,no_existing_candidate_backed_pattern,8,False,"[""frequent_error_exact""]"
pattern_щю_щу,В заявлении аз указали слово щюка.,В заявлении аз указали слово щука.,no_existing_candidate_backed_pattern,7,False,"[""frequent_error_exact""]"
pattern_щю_щу,Эксперт заметил ошибку в слове щюка в записи дз.,Эксперт заметил ошибку в слове щука в записи дз.,no_existing_candidate_backed_pattern,10,False,"[""frequent_error_exact""]"
pattern_щю_щу,Редактор исправил слово щюка в документе из.,Редактор исправил слово щука в документе из.,no_existing_candidate_backed_pattern,8,False,"[""frequent_error_exact""]"
pattern_щю_щу,В заявлении нз указали слово щюка.,В заявлении нз указали слово щука.,no_existing_candidate_backed_pattern,7,False,"[""frequent_error_exact""]"
pattern_щю_щу,Эксперт заметил ошибку в слове щюка в записи сз.,Эксперт заметил ошибку в слове щука в записи сз.,no_existing_candidate_backed_pattern,10,False,"[""frequent_error_exact""]"
pattern_щю_щу,Редактор исправил слово щюка в документе хз.,Редактор исправил слово щука в документе хз.,no_existing_candidate_backed_pattern,8,False,"[""frequent_error_exact""]"
pattern_щю_щу,В заявлении щз указали слово щюка.,В заявлении щз указали слово щука.,no_existing_candidate_backed_pattern,7,False,"[""frequent_error_exact""]"
pattern_щю_щу,Эксперт заметил ошибку в слове щюка в записи аи.,Эксперт заметил ошибку в слове щука в записи аи.,no_existing_candidate_backed_pattern,10,False,"[""frequent_error_exact""]"
pattern_щю_щу,Редактор исправил слово щюка в документе ди.,Редактор исправил слово щука в документе ди.,no_existing_candidate_backed_pattern,8,False,"[""frequent_error_exact""]"
pattern_щю_щу,В заявлении ии указали слово щюка.,В заявлении ии указали слово щука.,no_existing_candidate_backed_pattern,7,False,"[""frequent_error_exact""]"
pattern_щю_щу,Эксперт заметил ошибку в слове щюка в записи ни.,Эксперт заметил ошибку в слове щука в записи ни.,no_existing_candidate_backed_pattern,10,False,"[""frequent_error_exact""]"
pattern_щю_щу,Редактор исправил слово щюка в документе си.,Редактор исправил слово щука в документе си.,no_existing_candidate_backed_pattern,8,False,"[""frequent_error_exact""]"
pattern_щю_щу,В заявлении хи указали слово щюка.,В заявлении хи указали слово щука.,no_existing_candidate_backed_pattern,7,False,"[""frequent_error_exact""]"
pattern_щю_щу,Эксперт заметил ошибку в слове щюка в записи щи.,Эксперт заметил ошибку в слове щука в записи щи.,no_existing_candidate_backed_pattern,10,False,"[""frequent_error_exact""]"
pattern_щю_щу,Редактор исправил слово щюка в документе ак.,Редактор исправил слово щука в документе ак.,no_existing_candidate_backed_pattern,8,False,"[""frequent_error_exact""]"
pattern_щю_щу,В заявлении дк указали слово щюка.,В заявлении дк указали слово щука.,no_existing_candidate_backed_pattern,7,False,"[""frequent_error_exact""]"
pattern_щю_щу,Эксперт заметил ошибку в слове щюка в записи ик.,Эксперт заметил ошибку в слове щука в записи ик.,no_existing_candidate_backed_pattern,10,False,"[""frequent_error_exact""]"
pattern_щю_щу,Редактор исправил слово щюка в документе нк.,Редактор исправил слово щука в документе нк.,no_existing_candidate_backed_pattern,8,False,"[""frequent_error_exact""]"
pattern_щю_щу,В заявлении ск указали слово щюка.,В заявлении ск указали слово щука.,no_existing_candidate_backed_pattern,7,False,"[""frequent_error_exact""]"
pattern_щю_щу,Эксперт заметил ошибку в слове щюка в записи хк.,Эксперт заметил ошибку в слове щука в записи хк.,no_existing_candidate_backed_pattern,10,False,"[""frequent_error_exact""]"
pattern_щю_щу,Редактор исправил слово щюка в документе щк.,Редактор исправил слово щука в документе щк.,no_existing_candidate_backed_pattern,8,False,"[""frequent_error_exact""]"
pattern_щю_щу,В заявлении ал указали слово щюка.,В заявлении ал указали слово щука.,no_existing_candidate_backed_pattern,7,False,"[""frequent_error_exact""]"
pattern_щю_щу,Эксперт заметил ошибку в слове щюка в записи дл.,Эксперт заметил ошибку в слове щука в записи дл.,no_existing_candidate_backed_pattern,10,False,"[""frequent_error_exact""]"
pattern_щю_щу,Редактор исправил слово щюка в документе ил.,Редактор исправил слово щука в документе ил.,no_existing_candidate_backed_pattern,8,False,"[""frequent_error_exact""]"
pattern_щю_щу,В заявлении нл указали слово щюка.,В заявлении нл указали слово щука.,no_existing_candidate_backed_pattern,7,False,"[""frequent_error_exact""]"
pattern_щю_щу,Эксперт заметил ошибку в слове щюка в записи сл.,Эксперт заметил ошибку в слове щука в записи сл.,no_existing_candidate_backed_pattern,10,False,"[""frequent_error_exact""]"
pattern_щю_щу,Редактор исправил слово щюка в документе хл.,Редактор исправил слово щука в документе хл.,no_existing_candidate_backed_pattern,8,False,"[""frequent_error_exact""]"
pattern_щю_щу,В заявлении щл указали слово щюка.,В заявлении щл указали слово щука.,no_existing_candidate_backed_pattern,7,False,"[""frequent_error_exact""]"
pattern_щю_щу,Эксперт заметил ошибку в слове щюка в записи ам.,Эксперт заметил ошибку в слове щука в записи ам.,no_existing_candidate_backed_pattern,10,False,"[""frequent_error_exact""]"
pattern_щю_щу,Редактор исправил слово щюка в документе дм.,Редактор исправил слово щука в документе дм.,no_existing_candidate_backed_pattern,8,False,"[""frequent_error_exact""]"
pattern_щю_щу,В заявлении им указали слово щюка.,В заявлении им указали слово щука.,no_existing_candidate_backed_pattern,7,False,"[""frequent_error_exact""]"
pattern_щю_щу,Эксперт заметил ошибку в слове щюка в записи нм.,Эксперт заметил ошибку в слове щука в записи нм.,no_existing_candidate_backed_pattern,10,False,"[""frequent_error_exact""]"
pattern_щю_щу,Редактор исправил слово щюка в документе см.,Редактор исправил слово щука в документе см.,protected_span,8,True,"[""frequent_error_exact""]"
pattern_щю_щу,В заявлении хм указали слово щюка.,В заявлении хм указали слово щука.,no_existing_candidate_backed_pattern,7,False,"[""frequent_error_exact""]"
pattern_щю_щу,Эксперт заметил ошибку в слове щюка в записи щм.,Эксперт заметил ошибку в слове щука в записи щм.,no_existing_candidate_backed_pattern,10,False,"[""frequent_error_exact""]"
pattern_щю_щу,Редактор исправил слово щюка в документе ан.,Редактор исправил слово щука в документе ан.,no_existing_candidate_backed_pattern,8,False,"[""frequent_error_exact""]"
pattern_щю_щу,В заявлении дн указали слово щюка.,В заявлении дн указали слово щука.,no_existing_candidate_backed_pattern,7,False,"[""frequent_error_exact""]"
pattern_щю_щу,Эксперт заметил ошибку в слове щюка в записи ин.,Эксперт заметил ошибку в слове щука в записи ин.,no_existing_candidate_backed_pattern,10,False,"[""frequent_error_exact""]"
prefix_z_to_s,Редактор исправил слово безполезный в документе аа.,Редактор исправил слово бесполезный в документе аа.,no_existing_candidate_backed_pattern,8,False,"[""frequent_error_exact""]"
prefix_z_to_s,Редактор исправил слово безполезный в документе жа.,Редактор исправил слово бесполезный в документе жа.,no_existing_candidate_backed_pattern,8,False,"[""frequent_error_exact""]"
prefix_z_to_s,Редактор исправил слово безполезный в документе на.,Редактор исправил слово бесполезный в документе на.,no_existing_candidate_backed_pattern,8,False,"[""frequent_error_exact""]"
prefix_z_to_s,Редактор исправил слово безполезный в документе уа.,Редактор исправил слово бесполезный в документе уа.,no_existing_candidate_backed_pattern,8,False,"[""frequent_error_exact""]"
prefix_z_to_s,Редактор исправил слово безполезный в документе ща.,Редактор исправил слово бесполезный в документе ща.,no_existing_candidate_backed_pattern,8,False,"[""frequent_error_exact""]"
prefix_z_to_s,Редактор исправил слово безполезный в документе вб.,Редактор исправил слово бесполезный в документе вб.,no_existing_candidate_backed_pattern,8,False,"[""frequent_error_exact""]"
prefix_z_to_s,Редактор исправил слово безполезный в документе иб.,Редактор исправил слово бесполезный в документе иб.,no_existing_candidate_backed_pattern,8,False,"[""frequent_error_exact""]"
prefix_z_to_s,Редактор исправил слово безполезный в документе пб.,Редактор исправил слово бесполезный в документе пб.,no_existing_candidate_backed_pattern,8,False,"[""frequent_error_exact""]"
prefix_z_to_s,Редактор исправил слово безполезный в документе хб.,Редактор исправил слово бесполезный в документе хб.,no_existing_candidate_backed_pattern,8,False,"[""frequent_error_exact""]"
prefix_z_to_s,Редактор исправил слово безполезный в документе юб.,Редактор исправил слово бесполезный в документе юб.,no_existing_candidate_backed_pattern,8,False,"[""frequent_error_exact""]"
prefix_z_to_s,Редактор исправил слово безполезный в документе дв.,Редактор исправил слово бесполезный в документе дв.,no_existing_candidate_backed_pattern,8,False,"[""frequent_error_exact""]"
prefix_z_to_s,Редактор исправил слово безполезный в документе лв.,Редактор исправил слово бесполезный в документе лв.,no_existing_candidate_backed_pattern,8,False,"[""frequent_error_exact""]"
prefix_z_to_s,Редактор исправил слово безполезный в документе св.,Редактор исправил слово бесполезный в документе св.,no_existing_candidate_backed_pattern,8,False,"[""frequent_error_exact""]"
prefix_z_to_s,Редактор исправил слово безполезный в документе чв.,Редактор исправил слово бесполезный в документе чв.,no_existing_candidate_backed_pattern,8,False,"[""frequent_error_exact""]"
prefix_z_to_s,Редактор исправил слово безполезный в документе аг.,Редактор исправил слово бесполезный в документе аг.,no_existing_candidate_backed_pattern,8,False,"[""frequent_error_exact""]"
prefix_z_to_s,Редактор исправил слово безполезный в документе жг.,Редактор исправил слово бесполезный в документе жг.,no_existing_candidate_backed_pattern,8,False,"[""frequent_error_exact""]"
prefix_z_to_s,Редактор исправил слово безполезный в документе нг.,Редактор исправил слово бесполезный в документе нг.,no_existing_candidate_backed_pattern,8,False,"[""frequent_error_exact""]"
prefix_z_to_s,Редактор исправил слово безполезный в документе уг.,Редактор исправил слово бесполезный в документе уг.,no_existing_candidate_backed_pattern,8,False,"[""frequent_error_exact""]"
prefix_z_to_s,Редактор исправил слово безполезный в документе щг.,Редактор исправил слово бесполезный в документе щг.,no_existing_candidate_backed_pattern,8,False,"[""frequent_error_exact""]"
prefix_z_to_s,Редактор исправил слово безполезный в документе вд.,Редактор исправил слово бесполезный в документе вд.,no_existing_candidate_backed_pattern,8,False,"[""frequent_error_exact""]"
prefix_z_to_s,Редактор исправил слово безполезный в документе ид.,Редактор исправил слово бесполезный в документе ид.,no_existing_candidate_backed_pattern,8,False,"[""frequent_error_exact""]"
prefix_z_to_s,Редактор исправил слово безполезный в документе пд.,Редактор исправил слово бесполезный в документе пд.,no_existing_candidate_backed_pattern,8,False,"[""frequent_error_exact""]"
prefix_z_to_s,Редактор исправил слово безполезный в документе хд.,Редактор исправил слово бесполезный в документе хд.,no_existing_candidate_backed_pattern,8,False,"[""frequent_error_exact""]"
prefix_z_to_s,Редактор исправил слово безполезный в документе юд.,Редактор исправил слово бесполезный в документе юд.,no_existing_candidate_backed_pattern,8,False,"[""frequent_error_exact""]"
prefix_z_to_s,Редактор исправил слово безполезный в документе де.,Редактор исправил слово бесполезный в документе де.,no_existing_candidate_backed_pattern,8,False,"[""frequent_error_exact""]"
prefix_z_to_s,Редактор исправил слово безполезный в документе ле.,Редактор исправил слово бесполезный в документе ле.,no_existing_candidate_backed_pattern,8,False,"[""frequent_error_exact""]"
prefix_z_to_s,Редактор исправил слово безполезный в документе се.,Редактор исправил слово бесполезный в документе се.,no_existing_candidate_backed_pattern,8,False,"[""frequent_error_exact""]"
prefix_z_to_s,Редактор исправил слово безполезный в документе че.,Редактор исправил слово бесполезный в документе че.,no_existing_candidate_backed_pattern,8,False,"[""frequent_error_exact""]"
prefix_z_to_s,Редактор исправил слово безполезный в документе аж.,Редактор исправил слово бесполезный в документе аж.,no_existing_candidate_backed_pattern,8,False,"[""frequent_error_exact""]"
prefix_z_to_s,Редактор исправил слово безполезный в документе жж.,Редактор исправил слово бесполезный в документе жж.,no_existing_candidate_backed_pattern,8,False,"[""frequent_error_exact""]"
prefix_z_to_s,Редактор исправил слово безполезный в документе нж.,Редактор исправил слово бесполезный в документе нж.,no_existing_candidate_backed_pattern,8,False,"[""frequent_error_exact""]"
prefix_z_to_s,Редактор исправил слово безполезный в документе уж.,Редактор исправил слово бесполезный в документе уж.,no_existing_candidate_backed_pattern,8,False,"[""frequent_error_exact""]"
prefix_z_to_s,Редактор исправил слово безполезный в документе щж.,Редактор исправил слово бесполезный в документе щж.,no_existing_candidate_backed_pattern,8,False,"[""frequent_error_exact""]"
prefix_z_to_s,Редактор исправил слово безполезный в документе вз.,Редактор исправил слово бесполезный в документе вз.,no_existing_candidate_backed_pattern,8,False,"[""frequent_error_exact""]"
prefix_z_to_s,Редактор исправил слово безполезный в документе из.,Редактор исправил слово бесполезный в документе из.,no_existing_candidate_backed_pattern,8,False,"[""frequent_error_exact""]"
prefix_z_to_s,Редактор исправил слово безполезный в документе пз.,Редактор исправил слово бесполезный в документе пз.,no_existing_candidate_backed_pattern,8,False,"[""frequent_error_exact""]"
prefix_z_to_s,Редактор исправил слово безполезный в документе хз.,Редактор исправил слово бесполезный в документе хз.,no_existing_candidate_backed_pattern,8,False,"[""frequent_error_exact""]"
sdelat_prefix,Редактор исправил слово зделать в документе аа.,Редактор исправил слово сделать в документе аа.,no_existing_candidate_backed_pattern,8,False,"[""frequent_error_exact""]"
sdelat_prefix,В отчете ба встретилось слово зделал.,В отчете ба встретилось слово сделал.,no_existing_candidate_backed_pattern,7,False,"[""frequent_error_exact""]"
sdelat_prefix,Редактор исправил слово зделать в документе жа.,Редактор исправил слово сделать в документе жа.,no_existing_candidate_backed_pattern,8,False,"[""frequent_error_exact""]"
sdelat_prefix,В отчете за встретилось слово зделал.,В отчете за встретилось слово сделал.,no_existing_candidate_backed_pattern,7,False,"[""frequent_error_exact""]"
sdelat_prefix,Редактор исправил слово зделать в документе на.,Редактор исправил слово сделать в документе на.,no_existing_candidate_backed_pattern,8,False,"[""frequent_error_exact""]"
sdelat_prefix,В отчете оа встретилось слово зделал.,В отчете оа встретилось слово сделал.,no_existing_candidate_backed_pattern,7,False,"[""frequent_error_exact""]"
sdelat_prefix,Редактор исправил слово зделать в документе уа.,Редактор исправил слово сделать в документе уа.,no_existing_candidate_backed_pattern,8,False,"[""frequent_error_exact""]"
sdelat_prefix,В отчете фа встретилось слово зделал.,В отчете фа встретилось слово сделал.,no_existing_candidate_backed_pattern,7,False,"[""frequent_error_exact""]"
sdelat_prefix,Редактор исправил слово зделать в документе ща.,Редактор исправил слово сделать в документе ща.,no_existing_candidate_backed_pattern,8,False,"[""frequent_error_exact""]"
sdelat_prefix,В отчете эа встретилось слово зделал.,В отчете эа встретилось слово сделал.,no_existing_candidate_backed_pattern,7,False,"[""frequent_error_exact""]"
sdelat_prefix,Редактор исправил слово зделать в документе вб.,Редактор исправил слово сделать в документе вб.,no_existing_candidate_backed_pattern,8,False,"[""frequent_error_exact""]"
sdelat_prefix,В отчете гб встретилось слово зделал.,В отчете гб встретилось слово сделал.,no_existing_candidate_backed_pattern,7,False,"[""frequent_error_exact""]"
sdelat_prefix,Редактор исправил слово зделать в документе иб.,Редактор исправил слово сделать в документе иб.,no_existing_candidate_backed_pattern,8,False,"[""frequent_error_exact""]"
sdelat_prefix,В отчете кб встретилось слово зделал.,В отчете кб встретилось слово сделал.,no_existing_candidate_backed_pattern,7,False,"[""frequent_error_exact""]"
sdelat_prefix,Редактор исправил слово зделать в документе пб.,Редактор исправил слово сделать в документе пб.,no_existing_candidate_backed_pattern,8,False,"[""frequent_error_exact""]"
sdelat_prefix,В отчете рб встретилось слово зделал.,В отчете рб встретилось слово сделал.,no_existing_candidate_backed_pattern,7,False,"[""frequent_error_exact""]"
sdelat_prefix,Редактор исправил слово зделать в документе хб.,Редактор исправил слово сделать в документе хб.,no_existing_candidate_backed_pattern,8,False,"[""frequent_error_exact""]"
sdelat_prefix,В отчете цб встретилось слово зделал.,В отчете цб встретилось слово сделал.,no_existing_candidate_backed_pattern,7,False,"[""frequent_error_exact""]"
sdelat_prefix,Редактор исправил слово зделать в документе юб.,Редактор исправил слово сделать в документе юб.,no_existing_candidate_backed_pattern,8,False,"[""frequent_error_exact""]"
sdelat_prefix,В отчете яб встретилось слово зделал.,В отчете яб встретилось слово сделал.,no_existing_candidate_backed_pattern,7,False,"[""frequent_error_exact""]"
sdelat_prefix,Редактор исправил слово зделать в документе дв.,Редактор исправил слово сделать в документе дв.,no_existing_candidate_backed_pattern,8,False,"[""frequent_error_exact""]"
sdelat_prefix,В отчете ев встретилось слово зделал.,В отчете ев встретилось слово сделал.,no_existing_candidate_backed_pattern,7,False,"[""frequent_error_exact""]"
sdelat_prefix,Редактор исправил слово зделать в документе лв.,Редактор исправил слово сделать в документе лв.,no_existing_candidate_backed_pattern,8,False,"[""frequent_error_exact""]"
sdelat_prefix,В отчете мв встретилось слово зделал.,В отчете мв встретилось слово сделал.,no_existing_candidate_backed_pattern,7,False,"[""frequent_error_exact""]"
sdelat_prefix,Редактор исправил слово зделать в документе св.,Редактор исправил слово сделать в документе св.,no_existing_candidate_backed_pattern,8,False,"[""frequent_error_exact""]"
sdelat_prefix,В отчете тв встретилось слово зделал.,В отчете тв встретилось слово сделал.,no_existing_candidate_backed_pattern,7,False,"[""frequent_error_exact""]"
sdelat_prefix,Редактор исправил слово зделать в документе чв.,Редактор исправил слово сделать в документе чв.,no_existing_candidate_backed_pattern,8,False,"[""frequent_error_exact""]"
sdelat_prefix,В отчете шв встретилось слово зделал.,В отчете шв встретилось слово сделал.,no_existing_candidate_backed_pattern,7,False,"[""frequent_error_exact""]"
sdelat_prefix,Редактор исправил слово зделать в документе аг.,Редактор исправил слово сделать в документе аг.,no_existing_candidate_backed_pattern,8,False,"[""frequent_error_exact""]"
sdelat_prefix,В отчете бг встретилось слово зделал.,В отчете бг встретилось слово сделал.,no_existing_candidate_backed_pattern,7,False,"[""frequent_error_exact""]"
sdelat_prefix,Редактор исправил слово зделать в документе жг.,Редактор исправил слово сделать в документе жг.,no_existing_candidate_backed_pattern,8,False,"[""frequent_error_exact""]"
sdelat_prefix,В отчете зг встретилось слово зделал.,В отчете зг встретилось слово сделал.,no_existing_candidate_backed_pattern,7,False,"[""frequent_error_exact""]"
sdelat_prefix,Редактор исправил слово зделать в документе нг.,Редактор исправил слово сделать в документе нг.,no_existing_candidate_backed_pattern,8,False,"[""frequent_error_exact""]"
sdelat_prefix,В отчете ог встретилось слово зделал.,В отчете ог встретилось слово сделал.,no_existing_candidate_backed_pattern,7,False,"[""frequent_error_exact""]"
sdelat_prefix,Редактор исправил слово зделать в документе уг.,Редактор исправил слово сделать в документе уг.,no_existing_candidate_backed_pattern,8,False,"[""frequent_error_exact""]"
sdelat_prefix,В отчете фг встретилось слово зделал.,В отчете фг встретилось слово сделал.,no_existing_candidate_backed_pattern,7,False,"[""frequent_error_exact""]"
sdelat_prefix,Редактор исправил слово зделать в документе щг.,Редактор исправил слово сделать в документе щг.,no_existing_candidate_backed_pattern,8,False,"[""frequent_error_exact""]"
sdelat_prefix,В отчете эг встретилось слово зделал.,В отчете эг встретилось слово сделал.,no_existing_candidate_backed_pattern,7,False,"[""frequent_error_exact""]"
sdelat_prefix,Редактор исправил слово зделать в документе вд.,Редактор исправил слово сделать в документе вд.,no_existing_candidate_backed_pattern,8,False,"[""frequent_error_exact""]"
sdelat_prefix,В отчете гд встретилось слово зделал.,В отчете гд встретилось слово сделал.,no_existing_candidate_backed_pattern,7,False,"[""frequent_error_exact""]"
sdelat_prefix,Редактор исправил слово зделать в документе ид.,Редактор исправил слово сделать в документе ид.,no_existing_candidate_backed_pattern,8,False,"[""frequent_error_exact""]"
sdelat_prefix,В отчете кд встретилось слово зделал.,В отчете кд встретилось слово сделал.,no_existing_candidate_backed_pattern,7,False,"[""frequent_error_exact""]"
sdelat_prefix,Редактор исправил слово зделать в документе пд.,Редактор исправил слово сделать в документе пд.,no_existing_candidate_backed_pattern,8,False,"[""frequent_error_exact""]"
sdelat_prefix,В отчете рд встретилось слово зделал.,В отчете рд встретилось слово сделал.,no_existing_candidate_backed_pattern,7,False,"[""frequent_error_exact""]"
sdelat_prefix,Редактор исправил слово зделать в документе хд.,Редактор исправил слово сделать в документе хд.,no_existing_candidate_backed_pattern,8,False,"[""frequent_error_exact""]"
sdelat_prefix,В отчете цд встретилось слово зделал.,В отчете цд встретилось слово сделал.,no_existing_candidate_backed_pattern,7,False,"[""frequent_error_exact""]"
sdelat_prefix,Редактор исправил слово зделать в документе юд.,Редактор исправил слово сделать в документе юд.,no_existing_candidate_backed_pattern,8,False,"[""frequent_error_exact""]"
sdelat_prefix,В отчете яд встретилось слово зделал.,В отчете яд встретилось слово сделал.,no_existing_candidate_backed_pattern,7,False,"[""frequent_error_exact""]"
sdelat_prefix,Редактор исправил слово зделать в документе де.,Редактор исправил слово сделать в документе де.,no_existing_candidate_backed_pattern,8,False,"[""frequent_error_exact""]"
sdelat_prefix,В отчете ее встретилось слово зделал.,В отчете ее встретилось слово сделал.,no_existing_candidate_backed_pattern,7,False,"[""frequent_error_exact""]"
sdelat_prefix,Редактор исправил слово зделать в документе ле.,Редактор исправил слово сделать в документе ле.,no_existing_candidate_backed_pattern,8,False,"[""frequent_error_exact""]"
sdelat_prefix,В отчете ме встретилось слово зделал.,В отчете ме встретилось слово сделал.,no_existing_candidate_backed_pattern,7,False,"[""frequent_error_exact""]"
sdelat_prefix,Редактор исправил слово зделать в документе се.,Редактор исправил слово сделать в документе се.,no_existing_candidate_backed_pattern,8,False,"[""frequent_error_exact""]"
sdelat_prefix,В отчете те встретилось слово зделал.,В отчете те встретилось слово сделал.,no_existing_candidate_backed_pattern,7,False,"[""frequent_error_exact""]"
sdelat_prefix,Редактор исправил слово зделать в документе че.,Редактор исправил слово сделать в документе че.,no_existing_candidate_backed_pattern,8,False,"[""frequent_error_exact""]"
sdelat_prefix,В отчете ше встретилось слово зделал.,В отчете ше встретилось слово сделал.,no_existing_candidate_backed_pattern,7,False,"[""frequent_error_exact""]"
sdelat_prefix,Редактор исправил слово зделать в документе аж.,Редактор исправил слово сделать в документе аж.,no_existing_candidate_backed_pattern,8,False,"[""frequent_error_exact""]"
sdelat_prefix,В отчете бж встретилось слово зделал.,В отчете бж встретилось слово сделал.,no_existing_candidate_backed_pattern,7,False,"[""frequent_error_exact""]"
sdelat_prefix,Редактор исправил слово зделать в документе жж.,Редактор исправил слово сделать в документе жж.,no_existing_candidate_backed_pattern,8,False,"[""frequent_error_exact""]"
sdelat_prefix,В отчете зж встретилось слово зделал.,В отчете зж встретилось слово сделал.,no_existing_candidate_backed_pattern,7,False,"[""frequent_error_exact""]"
sdelat_prefix,Редактор исправил слово зделать в документе нж.,Редактор исправил слово сделать в документе нж.,no_existing_candidate_backed_pattern,8,False,"[""frequent_error_exact""]"
sdelat_prefix,В отчете ож встретилось слово зделал.,В отчете ож встретилось слово сделал.,no_existing_candidate_backed_pattern,7,False,"[""frequent_error_exact""]"
sdelat_prefix,Редактор исправил слово зделать в документе уж.,Редактор исправил слово сделать в документе уж.,no_existing_candidate_backed_pattern,8,False,"[""frequent_error_exact""]"
sdelat_prefix,В отчете фж встретилось слово зделал.,В отчете фж встретилось слово сделал.,no_existing_candidate_backed_pattern,7,False,"[""frequent_error_exact""]"
sdelat_prefix,Редактор исправил слово зделать в документе щж.,Редактор исправил слово сделать в документе щж.,no_existing_candidate_backed_pattern,8,False,"[""frequent_error_exact""]"
sdelat_prefix,В отчете эж встретилось слово зделал.,В отчете эж встретилось слово сделал.,no_existing_candidate_backed_pattern,7,False,"[""frequent_error_exact""]"
sdelat_prefix,Редактор исправил слово зделать в документе вз.,Редактор исправил слово сделать в документе вз.,no_existing_candidate_backed_pattern,8,False,"[""frequent_error_exact""]"
sdelat_prefix,В отчете гз встретилось слово зделал.,В отчете гз встретилось слово сделал.,no_existing_candidate_backed_pattern,7,False,"[""frequent_error_exact""]"
sdelat_prefix,Редактор исправил слово зделать в документе из.,Редактор исправил слово сделать в документе из.,no_existing_candidate_backed_pattern,8,False,"[""frequent_error_exact""]"
sdelat_prefix,В отчете кз встретилось слово зделал.,В отчете кз встретилось слово сделал.,no_existing_candidate_backed_pattern,7,False,"[""frequent_error_exact""]"
sdelat_prefix,Редактор исправил слово зделать в документе пз.,Редактор исправил слово сделать в документе пз.,no_existing_candidate_backed_pattern,8,False,"[""frequent_error_exact""]"
sdelat_prefix,В отчете рз встретилось слово зделал.,В отчете рз встретилось слово сделал.,no_existing_candidate_backed_pattern,7,False,"[""frequent_error_exact""]"
sdelat_prefix,Редактор исправил слово зделать в документе хз.,Редактор исправил слово сделать в документе хз.,no_existing_candidate_backed_pattern,8,False,"[""frequent_error_exact""]"
sdelat_prefix,В отчете цз встретилось слово зделал.,В отчете цз встретилось слово сделал.,no_existing_candidate_backed_pattern,7,False,"[""frequent_error_exact""]"
sdelat_prefix,Редактор исправил слово зделать в документе юз.,Редактор исправил слово сделать в документе юз.,no_existing_candidate_backed_pattern,8,False,"[""frequent_error_exact""]"
sdelat_prefix,В отчете яз встретилось слово зделал.,В отчете яз встретилось слово сделал.,no_existing_candidate_backed_pattern,7,False,"[""frequent_error_exact""]"
sdelat_prefix,Редактор исправил слово зделать в документе ди.,Редактор исправил слово сделать в документе ди.,no_existing_candidate_backed_pattern,8,False,"[""frequent_error_exact""]"
sdelat_prefix,В отчете еи встретилось слово зделал.,В отчете еи встретилось слово сделал.,no_existing_candidate_backed_pattern,7,False,"[""frequent_error_exact""]"
sdelat_prefix,Редактор исправил слово зделать в документе ли.,Редактор исправил слово сделать в документе ли.,no_existing_candidate_backed_pattern,8,False,"[""frequent_error_exact""]"
sdelat_prefix,В отчете ми встретилось слово зделал.,В отчете ми встретилось слово сделал.,no_existing_candidate_backed_pattern,7,False,"[""frequent_error_exact""]"
sdelat_prefix,Редактор исправил слово зделать в документе си.,Редактор исправил слово сделать в документе си.,no_existing_candidate_backed_pattern,8,False,"[""frequent_error_exact""]"
sdelat_prefix,В отчете ти встретилось слово зделал.,В отчете ти встретилось слово сделал.,no_existing_candidate_backed_pattern,7,False,"[""frequent_error_exact""]"
sdelat_prefix,Редактор исправил слово зделать в документе чи.,Редактор исправил слово сделать в документе чи.,no_existing_candidate_backed_pattern,8,False,"[""frequent_error_exact""]"
sdelat_prefix,В отчете ши встретилось слово зделал.,В отчете ши встретилось слово сделал.,no_existing_candidate_backed_pattern,7,False,"[""frequent_error_exact""]"
sdelat_prefix,Редактор исправил слово зделать в документе ак.,Редактор исправил слово сделать в документе ак.,no_existing_candidate_backed_pattern,8,False,"[""frequent_error_exact""]"
sdelat_prefix,В отчете бк встретилось слово зделал.,В отчете бк встретилось слово сделал.,no_existing_candidate_backed_pattern,7,False,"[""frequent_error_exact""]"
sdelat_prefix,Редактор исправил слово зделать в документе жк.,Редактор исправил слово сделать в документе жк.,no_existing_candidate_backed_pattern,8,False,"[""frequent_error_exact""]"
sdelat_prefix,В отчете зк встретилось слово зделал.,В отчете зк встретилось слово сделал.,no_existing_candidate_backed_pattern,7,False,"[""frequent_error_exact""]"
sdelat_prefix,Редактор исправил слово зделать в документе нк.,Редактор исправил слово сделать в документе нк.,no_existing_candidate_backed_pattern,8,False,"[""frequent_error_exact""]"
sdelat_prefix,В отчете ок встретилось слово зделал.,В отчете ок встретилось слово сделал.,no_existing_candidate_backed_pattern,7,False,"[""frequent_error_exact""]"
sdelat_prefix,Редактор исправил слово зделать в документе ук.,Редактор исправил слово сделать в документе ук.,no_existing_candidate_backed_pattern,8,False,"[""frequent_error_exact""]"
sdelat_prefix,В отчете фк встретилось слово зделал.,В отчете фк встретилось слово сделал.,no_existing_candidate_backed_pattern,7,False,"[""frequent_error_exact""]"
sdelat_prefix,Редактор исправил слово зделать в документе щк.,Редактор исправил слово сделать в документе щк.,no_existing_candidate_backed_pattern,8,False,"[""frequent_error_exact""]"
sdelat_prefix,В отчете эк встретилось слово зделал.,В отчете эк встретилось слово сделал.,no_existing_candidate_backed_pattern,7,False,"[""frequent_error_exact""]"
sdelat_prefix,Редактор исправил слово зделать в документе вл.,Редактор исправил слово сделать в документе вл.,no_existing_candidate_backed_pattern,8,False,"[""frequent_error_exact""]"
sdelat_prefix,В отчете гл встретилось слово зделал.,В отчете гл встретилось слово сделал.,no_existing_candidate_backed_pattern,7,False,"[""frequent_error_exact""]"
sdelat_prefix,Редактор исправил слово зделать в документе ил.,Редактор исправил слово сделать в документе ил.,no_existing_candidate_backed_pattern,8,False,"[""frequent_error_exact""]"
sdelat_prefix,В отчете кл встретилось слово зделал.,В отчете кл встретилось слово сделал.,no_existing_candidate_backed_pattern,7,False,"[""frequent_error_exact""]"
sdelat_prefix,Редактор исправил слово зделать в документе пл.,Редактор исправил слово сделать в документе пл.,no_existing_candidate_backed_pattern,8,False,"[""frequent_error_exact""]"
sdelat_prefix,В отчете рл встретилось слово зделал.,В отчете рл встретилось слово сделал.,no_existing_candidate_backed_pattern,7,False,"[""frequent_error_exact""]"
sdelat_prefix,Редактор исправил слово зделать в документе хл.,Редактор исправил слово сделать в документе хл.,no_existing_candidate_backed_pattern,8,False,"[""frequent_error_exact""]"
sdelat_prefix,В отчете цл встретилось слово зделал.,В отчете цл встретилось слово сделал.,no_existing_candidate_backed_pattern,7,False,"[""frequent_error_exact""]"
sdelat_prefix,Редактор исправил слово зделать в документе юл.,Редактор исправил слово сделать в документе юл.,no_existing_candidate_backed_pattern,8,False,"[""frequent_error_exact""]"
sdelat_prefix,В отчете ял встретилось слово зделал.,В отчете ял встретилось слово сделал.,no_existing_candidate_backed_pattern,7,False,"[""frequent_error_exact""]"
sdelat_prefix,Редактор исправил слово зделать в документе дм.,Редактор исправил слово сделать в документе дм.,no_existing_candidate_backed_pattern,8,False,"[""frequent_error_exact""]"
sdelat_prefix,В отчете ем встретилось слово зделал.,В отчете ем встретилось слово сделал.,no_existing_candidate_backed_pattern,7,False,"[""frequent_error_exact""]"
sdelat_prefix,Редактор исправил слово зделать в документе лм.,Редактор исправил слово сделать в документе лм.,no_existing_candidate_backed_pattern,8,False,"[""frequent_error_exact""]"
sdelat_prefix,В отчете мм встретилось слово зделал.,В отчете мм встретилось слово сделал.,no_existing_candidate_backed_pattern,7,False,"[""frequent_error_exact""]"
sdelat_prefix,Редактор исправил слово зделать в документе см.,Редактор исправил слово сделать в документе см.,protected_span,8,True,"[""frequent_error_exact""]"
sdelat_prefix,В отчете тм встретилось слово зделал.,В отчете тм встретилось слово сделал.,no_existing_candidate_backed_pattern,7,False,"[""frequent_error_exact""]"
sdelat_prefix,Редактор исправил слово зделать в документе чм.,Редактор исправил слово сделать в документе чм.,no_existing_candidate_backed_pattern,8,False,"[""frequent_error_exact""]"
sdelat_prefix,В отчете шм встретилось слово зделал.,В отчете шм встретилось слово сделал.,no_existing_candidate_backed_pattern,7,False,"[""frequent_error_exact""]"
sdelat_prefix,Редактор исправил слово зделать в документе ан.,Редактор исправил слово сделать в документе ан.,no_existing_candidate_backed_pattern,8,False,"[""frequent_error_exact""]"
sdelat_prefix,В отчете бн встретилось слово зделал.,В отчете бн встретилось слово сделал.,no_existing_candidate_backed_pattern,7,False,"[""frequent_error_exact""]"
sdelat_prefix,Редактор исправил слово зделать в документе жн.,Редактор исправил слово сделать в документе жн.,no_existing_candidate_backed_pattern,8,False,"[""frequent_error_exact""]"
sdelat_prefix,В отчете зн встретилось слово зделал.,В отчете зн встретилось слово сделал.,no_existing_candidate_backed_pattern,7,False,"[""frequent_error_exact""]"
sdelat_prefix,Редактор исправил слово зделать в документе нн.,Редактор исправил слово сделать в документе нн.,no_existing_candidate_backed_pattern,9,False,"[""frequent_error_exact"", ""n_nn_adjective""]"
sdelat_prefix,В отчете он встретилось слово зделал.,В отчете он встретилось слово сделал.,no_existing_candidate_backed_pattern,7,False,"[""frequent_error_exact""]"
sdelat_prefix,Редактор исправил слово зделать в документе ун.,Редактор исправил слово сделать в документе ун.,no_existing_candidate_backed_pattern,8,False,"[""frequent_error_exact""]"
sdelat_prefix,В отчете фн встретилось слово зделал.,В отчете фн встретилось слово сделал.,no_existing_candidate_backed_pattern,7,False,"[""frequent_error_exact""]"
sdelat_prefix,Редактор исправил слово зделать в документе щн.,Редактор исправил слово сделать в документе щн.,no_existing_candidate_backed_pattern,8,False,"[""frequent_error_exact""]"
sdelat_prefix,В отчете эн встретилось слово зделал.,В отчете эн встретилось слово сделал.,no_existing_candidate_backed_pattern,7,False,"[""frequent_error_exact""]"
sdelat_prefix,Редактор исправил слово зделать в документе во.,Редактор исправил слово сделать в документе во.,no_existing_candidate_backed_pattern,8,False,"[""frequent_error_exact""]"
sdelat_prefix,В отчете го встретилось слово зделал.,В отчете го встретилось слово сделал.,no_existing_candidate_backed_pattern,7,False,"[""frequent_error_exact""]"
sdelat_prefix,Редактор исправил слово зделать в документе ио.,Редактор исправил слово сделать в документе ио.,no_existing_candidate_backed_pattern,8,False,"[""frequent_error_exact""]"
sdelat_prefix,В отчете ко встретилось слово зделал.,В отчете ко встретилось слово сделал.,no_existing_candidate_backed_pattern,7,False,"[""frequent_error_exact""]"
sdelat_prefix,Редактор исправил слово зделать в документе по.,Редактор исправил слово сделать в документе по.,no_existing_candidate_backed_pattern,8,False,"[""frequent_error_exact""]"
sdelat_prefix,В отчете ро встретилось слово зделал.,В отчете ро встретилось слово сделал.,no_existing_candidate_backed_pattern,7,False,"[""frequent_error_exact""]"
sdelat_prefix,Редактор исправил слово зделать в документе хо.,Редактор исправил слово сделать в документе хо.,no_existing_candidate_backed_pattern,8,False,"[""frequent_error_exact""]"
sdelat_prefix,В отчете цо встретилось слово зделал.,В отчете цо встретилось слово сделал.,no_existing_candidate_backed_pattern,7,False,"[""frequent_error_exact""]"
soft_to_hard_sign,Эксперт заметил ошибку в слове сьезд в записи ва.,Эксперт заметил ошибку в слове съезд в записи ва.,no_existing_candidate_backed_pattern,10,False,"[""frequent_error_exact""]"
soft_to_hard_sign,В письме га была фраза со словом обьект.,В письме га была фраза со словом объект.,no_existing_candidate_backed_pattern,9,False,"[""frequent_error_exact""]"
soft_to_hard_sign,Эксперт заметил ошибку в слове сьезд в записи иа.,Эксперт заметил ошибку в слове съезд в записи иа.,no_existing_candidate_backed_pattern,10,False,"[""frequent_error_exact""]"
soft_to_hard_sign,В письме ка была фраза со словом обьект.,В письме ка была фраза со словом объект.,no_existing_candidate_backed_pattern,9,False,"[""frequent_error_exact""]"
soft_to_hard_sign,Эксперт заметил ошибку в слове сьезд в записи па.,Эксперт заметил ошибку в слове съезд в записи па.,no_existing_candidate_backed_pattern,10,False,"[""frequent_error_exact""]"
soft_to_hard_sign,В письме ра была фраза со словом обьект.,В письме ра была фраза со словом объект.,no_existing_candidate_backed_pattern,9,False,"[""frequent_error_exact""]"
soft_to_hard_sign,Эксперт заметил ошибку в слове сьезд в записи ха.,Эксперт заметил ошибку в слове съезд в записи ха.,no_existing_candidate_backed_pattern,10,False,"[""frequent_error_exact""]"
soft_to_hard_sign,В письме ца была фраза со словом обьект.,В письме ца была фраза со словом объект.,no_existing_candidate_backed_pattern,9,False,"[""frequent_error_exact""]"
soft_to_hard_sign,Эксперт заметил ошибку в слове сьезд в записи юа.,Эксперт заметил ошибку в слове съезд в записи юа.,no_existing_candidate_backed_pattern,10,False,"[""frequent_error_exact""]"
soft_to_hard_sign,В письме яа была фраза со словом обьект.,В письме яа была фраза со словом объект.,no_existing_candidate_backed_pattern,9,False,"[""frequent_error_exact""]"
soft_to_hard_sign,Эксперт заметил ошибку в слове сьезд в записи дб.,Эксперт заметил ошибку в слове съезд в записи дб.,no_existing_candidate_backed_pattern,10,False,"[""frequent_error_exact""]"
soft_to_hard_sign,В письме еб была фраза со словом обьект.,В письме еб была фраза со словом объект.,no_existing_candidate_backed_pattern,9,False,"[""frequent_error_exact""]"
soft_to_hard_sign,Эксперт заметил ошибку в слове сьезд в записи лб.,Эксперт заметил ошибку в слове съезд в записи лб.,no_existing_candidate_backed_pattern,10,False,"[""frequent_error_exact""]"
soft_to_hard_sign,В письме мб была фраза со словом обьект.,В письме мб была фраза со словом объект.,no_existing_candidate_backed_pattern,9,False,"[""frequent_error_exact""]"
soft_to_hard_sign,Эксперт заметил ошибку в слове сьезд в записи сб.,Эксперт заметил ошибку в слове съезд в записи сб.,no_existing_candidate_backed_pattern,10,False,"[""frequent_error_exact""]"
soft_to_hard_sign,В письме тб была фраза со словом обьект.,В письме тб была фраза со словом объект.,no_existing_candidate_backed_pattern,9,False,"[""frequent_error_exact""]"
soft_to_hard_sign,Эксперт заметил ошибку в слове сьезд в записи чб.,Эксперт заметил ошибку в слове съезд в записи чб.,no_existing_candidate_backed_pattern,10,False,"[""frequent_error_exact""]"
soft_to_hard_sign,В письме шб была фраза со словом обьект.,В письме шб была фраза со словом объект.,no_existing_candidate_backed_pattern,9,False,"[""frequent_error_exact""]"
soft_to_hard_sign,Эксперт заметил ошибку в слове сьезд в записи ав.,Эксперт заметил ошибку в слове съезд в записи ав.,no_existing_candidate_backed_pattern,10,False,"[""frequent_error_exact""]"
soft_to_hard_sign,В письме бв была фраза со словом обьект.,В письме бв была фраза со словом объект.,no_existing_candidate_backed_pattern,9,False,"[""frequent_error_exact""]"
soft_to_hard_sign,Эксперт заметил ошибку в слове сьезд в записи жв.,Эксперт заметил ошибку в слове съезд в записи жв.,no_existing_candidate_backed_pattern,10,False,"[""frequent_error_exact""]"
soft_to_hard_sign,В письме зв была фраза со словом обьект.,В письме зв была фраза со словом объект.,no_existing_candidate_backed_pattern,9,False,"[""frequent_error_exact""]"
soft_to_hard_sign,Эксперт заметил ошибку в слове сьезд в записи нв.,Эксперт заметил ошибку в слове съезд в записи нв.,no_existing_candidate_backed_pattern,10,False,"[""frequent_error_exact""]"
soft_to_hard_sign,В письме ов была фраза со словом обьект.,В письме ов была фраза со словом объект.,no_existing_candidate_backed_pattern,9,False,"[""frequent_error_exact""]"
soft_to_hard_sign,Эксперт заметил ошибку в слове сьезд в записи ув.,Эксперт заметил ошибку в слове съезд в записи ув.,no_existing_candidate_backed_pattern,10,False,"[""frequent_error_exact""]"
soft_to_hard_sign,В письме фв была фраза со словом обьект.,В письме фв была фраза со словом объект.,no_existing_candidate_backed_pattern,9,False,"[""frequent_error_exact""]"
soft_to_hard_sign,Эксперт заметил ошибку в слове сьезд в записи щв.,Эксперт заметил ошибку в слове съезд в записи щв.,no_existing_candidate_backed_pattern,10,False,"[""frequent_error_exact""]"
soft_to_hard_sign,В письме эв была фраза со словом обьект.,В письме эв была фраза со словом объект.,no_existing_candidate_backed_pattern,9,False,"[""frequent_error_exact""]"
soft_to_hard_sign,Эксперт заметил ошибку в слове сьезд в записи вг.,Эксперт заметил ошибку в слове съезд в записи вг.,no_existing_candidate_backed_pattern,10,False,"[""frequent_error_exact""]"
soft_to_hard_sign,В письме гг была фраза со словом обьект.,В письме гг была фраза со словом объект.,no_existing_candidate_backed_pattern,9,False,"[""frequent_error_exact""]"
soft_to_hard_sign,Эксперт заметил ошибку в слове сьезд в записи иг.,Эксперт заметил ошибку в слове съезд в записи иг.,no_existing_candidate_backed_pattern,10,False,"[""frequent_error_exact""]"
soft_to_hard_sign,В письме кг была фраза со словом обьект.,В письме кг была фраза со словом объект.,no_existing_candidate_backed_pattern,9,False,"[""frequent_error_exact""]"
soft_to_hard_sign,Эксперт заметил ошибку в слове сьезд в записи пг.,Эксперт заметил ошибку в слове съезд в записи пг.,no_existing_candidate_backed_pattern,10,False,"[""frequent_error_exact""]"
soft_to_hard_sign,В письме рг была фраза со словом обьект.,В письме рг была фраза со словом объект.,no_existing_candidate_backed_pattern,9,False,"[""frequent_error_exact""]"
soft_to_hard_sign,Эксперт заметил ошибку в слове сьезд в записи хг.,Эксперт заметил ошибку в слове съезд в записи хг.,no_existing_candidate_backed_pattern,10,False,"[""frequent_error_exact""]"
soft_to_hard_sign,В письме цг была фраза со словом обьект.,В письме цг была фраза со словом объект.,no_existing_candidate_backed_pattern,9,False,"[""frequent_error_exact""]"
soft_to_hard_sign,Эксперт заметил ошибку в слове сьезд в записи юг.,Эксперт заметил ошибку в слове съезд в записи юг.,no_existing_candidate_backed_pattern,10,False,"[""frequent_error_exact""]"
soft_to_hard_sign,В письме яг была фраза со словом обьект.,В письме яг была фраза со словом объект.,no_existing_candidate_backed_pattern,9,False,"[""frequent_error_exact""]"
soft_to_hard_sign,Эксперт заметил ошибку в слове сьезд в записи дд.,Эксперт заметил ошибку в слове съезд в записи дд.,no_existing_candidate_backed_pattern,10,False,"[""frequent_error_exact""]"
soft_to_hard_sign,В письме ед была фраза со словом обьект.,В письме ед была фраза со словом объект.,no_existing_candidate_backed_pattern,9,False,"[""frequent_error_exact""]"
soft_to_hard_sign,Эксперт заметил ошибку в слове сьезд в записи лд.,Эксперт заметил ошибку в слове съезд в записи лд.,no_existing_candidate_backed_pattern,10,False,"[""frequent_error_exact""]"
soft_to_hard_sign,В письме мд была фраза со словом обьект.,В письме мд была фраза со словом объект.,no_existing_candidate_backed_pattern,9,False,"[""frequent_error_exact""]"
soft_to_hard_sign,Эксперт заметил ошибку в слове сьезд в записи сд.,Эксперт заметил ошибку в слове съезд в записи сд.,no_existing_candidate_backed_pattern,10,False,"[""frequent_error_exact""]"
soft_to_hard_sign,В письме тд была фраза со словом обьект.,В письме тд была фраза со словом объект.,no_existing_candidate_backed_pattern,9,False,"[""frequent_error_exact""]"
soft_to_hard_sign,Эксперт заметил ошибку в слове сьезд в записи чд.,Эксперт заметил ошибку в слове съезд в записи чд.,no_existing_candidate_backed_pattern,10,False,"[""frequent_error_exact""]"
soft_to_hard_sign,В письме шд была фраза со словом обьект.,В письме шд была фраза со словом объект.,no_existing_candidate_backed_pattern,9,False,"[""frequent_error_exact""]"
soft_to_hard_sign,Эксперт заметил ошибку в слове сьезд в записи ае.,Эксперт заметил ошибку в слове съезд в записи ае.,no_existing_candidate_backed_pattern,10,False,"[""frequent_error_exact""]"
soft_to_hard_sign,В письме бе была фраза со словом обьект.,В письме бе была фраза со словом объект.,no_existing_candidate_backed_pattern,9,False,"[""frequent_error_exact""]"
soft_to_hard_sign,Эксперт заметил ошибку в слове сьезд в записи же.,Эксперт заметил ошибку в слове съезд в записи же.,no_existing_candidate_backed_pattern,10,False,"[""frequent_error_exact""]"
soft_to_hard_sign,В письме зе была фраза со словом обьект.,В письме зе была фраза со словом объект.,no_existing_candidate_backed_pattern,9,False,"[""frequent_error_exact""]"
soft_to_hard_sign,Эксперт заметил ошибку в слове сьезд в записи не.,Эксперт заметил ошибку в слове съезд в записи не.,no_existing_candidate_backed_pattern,10,False,"[""frequent_error_exact""]"
soft_to_hard_sign,В письме ое была фраза со словом обьект.,В письме ое была фраза со словом объект.,no_existing_candidate_backed_pattern,9,False,"[""frequent_error_exact""]"
soft_to_hard_sign,Эксперт заметил ошибку в слове сьезд в записи уе.,Эксперт заметил ошибку в слове съезд в записи уе.,no_existing_candidate_backed_pattern,10,False,"[""frequent_error_exact""]"
soft_to_hard_sign,В письме фе была фраза со словом обьект.,В письме фе была фраза со словом объект.,no_existing_candidate_backed_pattern,9,False,"[""frequent_error_exact""]"
soft_to_hard_sign,Эксперт заметил ошибку в слове сьезд в записи ще.,Эксперт заметил ошибку в слове съезд в записи ще.,no_existing_candidate_backed_pattern,10,False,"[""frequent_error_exact""]"
soft_to_hard_sign,В письме эе была фраза со словом обьект.,В письме эе была фраза со словом объект.,no_existing_candidate_backed_pattern,9,False,"[""frequent_error_exact""]"
soft_to_hard_sign,Эксперт заметил ошибку в слове сьезд в записи вж.,Эксперт заметил ошибку в слове съезд в записи вж.,no_existing_candidate_backed_pattern,10,False,"[""frequent_error_exact""]"
soft_to_hard_sign,В письме гж была фраза со словом обьект.,В письме гж была фраза со словом объект.,no_existing_candidate_backed_pattern,9,False,"[""frequent_error_exact""]"
soft_to_hard_sign,Эксперт заметил ошибку в слове сьезд в записи иж.,Эксперт заметил ошибку в слове съезд в записи иж.,no_existing_candidate_backed_pattern,10,False,"[""frequent_error_exact""]"
soft_to_hard_sign,В письме кж была фраза со словом обьект.,В письме кж была фраза со словом объект.,no_existing_candidate_backed_pattern,9,False,"[""frequent_error_exact""]"
soft_to_hard_sign,Эксперт заметил ошибку в слове сьезд в записи пж.,Эксперт заметил ошибку в слове съезд в записи пж.,no_existing_candidate_backed_pattern,10,False,"[""frequent_error_exact""]"
soft_to_hard_sign,В письме рж была фраза со словом обьект.,В письме рж была фраза со словом объект.,no_existing_candidate_backed_pattern,9,False,"[""frequent_error_exact""]"
soft_to_hard_sign,Эксперт заметил ошибку в слове сьезд в записи хж.,Эксперт заметил ошибку в слове съезд в записи хж.,no_existing_candidate_backed_pattern,10,False,"[""frequent_error_exact""]"
soft_to_hard_sign,В письме цж была фраза со словом обьект.,В письме цж была фраза со словом объект.,no_existing_candidate_backed_pattern,9,False,"[""frequent_error_exact""]"
soft_to_hard_sign,Эксперт заметил ошибку в слове сьезд в записи юж.,Эксперт заметил ошибку в слове съезд в записи юж.,no_existing_candidate_backed_pattern,10,False,"[""frequent_error_exact""]"
soft_to_hard_sign,В письме яж была фраза со словом обьект.,В письме яж была фраза со словом объект.,no_existing_candidate_backed_pattern,9,False,"[""frequent_error_exact""]"
soft_to_hard_sign,Эксперт заметил ошибку в слове сьезд в записи дз.,Эксперт заметил ошибку в слове съезд в записи дз.,no_existing_candidate_backed_pattern,10,False,"[""frequent_error_exact""]"
soft_to_hard_sign,В письме ез была фраза со словом обьект.,В письме ез была фраза со словом объект.,no_existing_candidate_backed_pattern,9,False,"[""frequent_error_exact""]"
soft_to_hard_sign,Эксперт заметил ошибку в слове сьезд в записи лз.,Эксперт заметил ошибку в слове съезд в записи лз.,no_existing_candidate_backed_pattern,10,False,"[""frequent_error_exact""]"
soft_to_hard_sign,В письме мз была фраза со словом обьект.,В письме мз была фраза со словом объект.,no_existing_candidate_backed_pattern,9,False,"[""frequent_error_exact""]"
soft_to_hard_sign,Эксперт заметил ошибку в слове сьезд в записи сз.,Эксперт заметил ошибку в слове съезд в записи сз.,no_existing_candidate_backed_pattern,10,False,"[""frequent_error_exact""]"
soft_to_hard_sign,В письме тз была фраза со словом обьект.,В письме тз была фраза со словом объект.,no_existing_candidate_backed_pattern,9,False,"[""frequent_error_exact""]"
soft_to_hard_sign,Эксперт заметил ошибку в слове сьезд в записи чз.,Эксперт заметил ошибку в слове съезд в записи чз.,no_existing_candidate_backed_pattern,10,False,"[""frequent_error_exact""]"
soft_to_hard_sign,В письме шз была фраза со словом обьект.,В письме шз была фраза со словом объект.,no_existing_candidate_backed_pattern,9,False,"[""frequent_error_exact""]"
soft_to_hard_sign,Эксперт заметил ошибку в слове сьезд в записи аи.,Эксперт заметил ошибку в слове съезд в записи аи.,no_existing_candidate_backed_pattern,10,False,"[""frequent_error_exact""]"
soft_to_hard_sign,В письме би была фраза со словом обьект.,В письме би была фраза со словом объект.,no_existing_candidate_backed_pattern,9,False,"[""frequent_error_exact""]"
soft_to_hard_sign,Эксперт заметил ошибку в слове сьезд в записи жи.,Эксперт заметил ошибку в слове съезд в записи жи.,no_existing_candidate_backed_pattern,10,False,"[""frequent_error_exact""]"
soft_to_hard_sign,В письме зи была фраза со словом обьект.,В письме зи была фраза со словом объект.,no_existing_candidate_backed_pattern,9,False,"[""frequent_error_exact""]"
soft_to_hard_sign,Эксперт заметил ошибку в слове сьезд в записи ни.,Эксперт заметил ошибку в слове съезд в записи ни.,no_existing_candidate_backed_pattern,10,False,"[""frequent_error_exact""]"
soft_to_hard_sign,В письме ои была фраза со словом обьект.,В письме ои была фраза со словом объект.,no_existing_candidate_backed_pattern,9,False,"[""frequent_error_exact""]"
soft_to_hard_sign,Эксперт заметил ошибку в слове сьезд в записи уи.,Эксперт заметил ошибку в слове съезд в записи уи.,no_existing_candidate_backed_pattern,10,False,"[""frequent_error_exact""]"
soft_to_hard_sign,В письме фи была фраза со словом обьект.,В письме фи была фраза со словом объект.,no_existing_candidate_backed_pattern,9,False,"[""frequent_error_exact""]"
soft_to_hard_sign,Эксперт заметил ошибку в слове сьезд в записи щи.,Эксперт заметил ошибку в слове съезд в записи щи.,no_existing_candidate_backed_pattern,10,False,"[""frequent_error_exact""]"
soft_to_hard_sign,В письме эи была фраза со словом обьект.,В письме эи была фраза со словом объект.,no_existing_candidate_backed_pattern,9,False,"[""frequent_error_exact""]"
soft_to_hard_sign,Эксперт заметил ошибку в слове сьезд в записи вк.,Эксперт заметил ошибку в слове съезд в записи вк.,no_existing_candidate_backed_pattern,10,False,"[""frequent_error_exact""]"
soft_to_hard_sign,В письме гк была фраза со словом обьект.,В письме гк была фраза со словом объект.,no_existing_candidate_backed_pattern,9,False,"[""frequent_error_exact""]"
soft_to_hard_sign,Эксперт заметил ошибку в слове сьезд в записи ик.,Эксперт заметил ошибку в слове съезд в записи ик.,no_existing_candidate_backed_pattern,10,False,"[""frequent_error_exact""]"
soft_to_hard_sign,В письме кк была фраза со словом обьект.,В письме кк была фраза со словом объект.,no_existing_candidate_backed_pattern,9,False,"[""frequent_error_exact""]"
soft_to_hard_sign,Эксперт заметил ошибку в слове сьезд в записи пк.,Эксперт заметил ошибку в слове съезд в записи пк.,no_existing_candidate_backed_pattern,10,False,"[""frequent_error_exact""]"
soft_to_hard_sign,В письме рк была фраза со словом обьект.,В письме рк была фраза со словом объект.,no_existing_candidate_backed_pattern,9,False,"[""frequent_error_exact""]"
soft_to_hard_sign,Эксперт заметил ошибку в слове сьезд в записи хк.,Эксперт заметил ошибку в слове съезд в записи хк.,no_existing_candidate_backed_pattern,10,False,"[""frequent_error_exact""]"
soft_to_hard_sign,В письме цк была фраза со словом обьект.,В письме цк была фраза со словом объект.,no_existing_candidate_backed_pattern,9,False,"[""frequent_error_exact""]"
soft_to_hard_sign,Эксперт заметил ошибку в слове сьезд в записи юк.,Эксперт заметил ошибку в слове съезд в записи юк.,no_existing_candidate_backed_pattern,10,False,"[""frequent_error_exact""]"
soft_to_hard_sign,В письме як была фраза со словом обьект.,В письме як была фраза со словом объект.,no_existing_candidate_backed_pattern,9,False,"[""frequent_error_exact""]"
soft_to_hard_sign,Эксперт заметил ошибку в слове сьезд в записи дл.,Эксперт заметил ошибку в слове съезд в записи дл.,no_existing_candidate_backed_pattern,10,False,"[""frequent_error_exact""]"
soft_to_hard_sign,В письме ел была фраза со словом обьект.,В письме ел была фраза со словом объект.,no_existing_candidate_backed_pattern,9,False,"[""frequent_error_exact""]"
soft_to_hard_sign,Эксперт заметил ошибку в слове сьезд в записи лл.,Эксперт заметил ошибку в слове съезд в записи лл.,no_existing_candidate_backed_pattern,10,False,"[""frequent_error_exact""]"
soft_to_hard_sign,В письме мл была фраза со словом обьект.,В письме мл была фраза со словом объект.,no_existing_candidate_backed_pattern,9,False,"[""frequent_error_exact""]"
soft_to_hard_sign,Эксперт заметил ошибку в слове сьезд в записи сл.,Эксперт заметил ошибку в слове съезд в записи сл.,no_existing_candidate_backed_pattern,10,False,"[""frequent_error_exact""]"
soft_to_hard_sign,В письме тл была фраза со словом обьект.,В письме тл была фраза со словом объект.,no_existing_candidate_backed_pattern,9,False,"[""frequent_error_exact""]"
soft_to_hard_sign,Эксперт заметил ошибку в слове сьезд в записи чл.,Эксперт заметил ошибку в слове съезд в записи чл.,no_existing_candidate_backed_pattern,10,False,"[""frequent_error_exact""]"
soft_to_hard_sign,В письме шл была фраза со словом обьект.,В письме шл была фраза со словом объект.,no_existing_candidate_backed_pattern,9,False,"[""frequent_error_exact""]"
soft_to_hard_sign,Эксперт заметил ошибку в слове сьезд в записи ам.,Эксперт заметил ошибку в слове съезд в записи ам.,no_existing_candidate_backed_pattern,10,False,"[""frequent_error_exact""]"
soft_to_hard_sign,В письме бм была фраза со словом обьект.,В письме бм была фраза со словом объект.,no_existing_candidate_backed_pattern,9,False,"[""frequent_error_exact""]"
soft_to_hard_sign,Эксперт заметил ошибку в слове сьезд в записи жм.,Эксперт заметил ошибку в слове съезд в записи жм.,no_existing_candidate_backed_pattern,10,False,"[""frequent_error_exact""]"
soft_to_hard_sign,В письме зм была фраза со словом обьект.,В письме зм была фраза со словом объект.,no_existing_candidate_backed_pattern,9,False,"[""frequent_error_exact""]"
soft_to_hard_sign,Эксперт заметил ошибку в слове сьезд в записи нм.,Эксперт заметил ошибку в слове съезд в записи нм.,no_existing_candidate_backed_pattern,10,False,"[""frequent_error_exact""]"
soft_to_hard_sign,В письме ом была фраза со словом обьект.,В письме ом была фраза со словом объект.,no_existing_candidate_backed_pattern,9,False,"[""frequent_error_exact""]"
soft_to_hard_sign,Редактор исправил слово обьявление в документе см.,Редактор исправил слово объявление в документе см.,protected_span,8,True,"[""soft_to_hard_sign""]"
soft_to_hard_sign,Эксперт заметил ошибку в слове сьезд в записи ум.,Эксперт заметил ошибку в слове съезд в записи ум.,no_existing_candidate_backed_pattern,10,False,"[""frequent_error_exact""]"
soft_to_hard_sign,В письме фм была фраза со словом обьект.,В письме фм была фраза со словом объект.,no_existing_candidate_backed_pattern,9,False,"[""frequent_error_exact""]"
soft_to_hard_sign,Эксперт заметил ошибку в слове сьезд в записи щм.,Эксперт заметил ошибку в слове съезд в записи щм.,no_existing_candidate_backed_pattern,10,False,"[""frequent_error_exact""]"
soft_to_hard_sign,В письме эм была фраза со словом обьект.,В письме эм была фраза со словом объект.,no_existing_candidate_backed_pattern,9,False,"[""frequent_error_exact""]"
soft_to_hard_sign,Эксперт заметил ошибку в слове сьезд в записи вн.,Эксперт заметил ошибку в слове съезд в записи вн.,no_existing_candidate_backed_pattern,10,False,"[""frequent_error_exact""]"
soft_to_hard_sign,В письме гн была фраза со словом обьект.,В письме гн была фраза со словом объект.,no_existing_candidate_backed_pattern,9,False,"[""frequent_error_exact""]"
soft_to_hard_sign,Эксперт заметил ошибку в слове сьезд в записи ин.,Эксперт заметил ошибку в слове съезд в записи ин.,no_existing_candidate_backed_pattern,10,False,"[""frequent_error_exact""]"
soft_to_hard_sign,В письме кн была фраза со словом обьект.,В письме кн была фраза со словом объект.,no_existing_candidate_backed_pattern,9,False,"[""frequent_error_exact""]"
soft_to_hard_sign,Эксперт заметил ошибку в слове сьезд в записи пн.,Эксперт заметил ошибку в слове съезд в записи пн.,no_existing_candidate_backed_pattern,10,False,"[""frequent_error_exact""]"
soft_to_hard_sign,В письме рн была фраза со словом обьект.,В письме рн была фраза со словом объект.,no_existing_candidate_backed_pattern,9,False,"[""frequent_error_exact""]"
soft_to_hard_sign,Эксперт заметил ошибку в слове сьезд в записи хн.,Эксперт заметил ошибку в слове съезд в записи хн.,no_existing_candidate_backed_pattern,10,False,"[""frequent_error_exact""]"
soft_to_hard_sign,В письме цн была фраза со словом обьект.,В письме цн была фраза со словом объект.,no_existing_candidate_backed_pattern,9,False,"[""frequent_error_exact""]"
soft_to_hard_sign,Эксперт заметил ошибку в слове сьезд в записи юн.,Эксперт заметил ошибку в слове съезд в записи юн.,no_existing_candidate_backed_pattern,10,False,"[""frequent_error_exact""]"
soft_to_hard_sign,В письме ян была фраза со словом обьект.,В письме ян была фраза со словом объект.,no_existing_candidate_backed_pattern,9,False,"[""frequent_error_exact""]"
soft_to_hard_sign,Эксперт заметил ошибку в слове сьезд в записи до.,Эксперт заметил ошибку в слове съезд в записи до.,no_existing_candidate_backed_pattern,10,False,"[""frequent_error_exact""]"
soft_to_hard_sign,В письме ео была фраза со словом обьект.,В письме ео была фраза со словом объект.,no_existing_candidate_backed_pattern,9,False,"[""frequent_error_exact""]"
soft_to_hard_sign,Эксперт заметил ошибку в слове сьезд в записи ло.,Эксперт заметил ошибку в слове съезд в записи ло.,no_existing_candidate_backed_pattern,10,False,"[""frequent_error_exact""]"
soft_to_hard_sign,В письме мо была фраза со словом обьект.,В письме мо была фраза со словом объект.,no_existing_candidate_backed_pattern,9,False,"[""frequent_error_exact""]"
soft_to_hard_sign,Эксперт заметил ошибку в слове сьезд в записи со.,Эксперт заметил ошибку в слове съезд в записи со.,no_existing_candidate_backed_pattern,10,False,"[""frequent_error_exact""]"
soft_to_hard_sign,В письме то была фраза со словом обьект.,В письме то была фраза со словом объект.,no_existing_candidate_backed_pattern,9,False,"[""frequent_error_exact""]"
soft_to_hard_sign,Эксперт заметил ошибку в слове сьезд в записи чо.,Эксперт заметил ошибку в слове съезд в записи чо.,no_existing_candidate_backed_pattern,11,False,"[""frequent_error_exact"", ""pattern_чо_че""]"
soft_to_hard_sign,В письме шо была фраза со словом обьект.,В письме шо была фраза со словом объект.,no_existing_candidate_backed_pattern,9,False,"[""frequent_error_exact""]"
subject_predicate_dash,Москва столица России.,Москва — столица России.,no_existing_candidate_backed_pattern,4,True,"[""subject_predicate_dash""]"
comma_subordinate,Если команда успеет то рабочий отчет отправят сегодня. После проверки список закрыли.,"Если команда успеет, то рабочий отчет отправят сегодня. После проверки список закрыли.",no_supported_edit,12,False,[]
comma_subordinate,Если команда успеет то новый документ отправят сегодня. Позже координатор закрыл заявку.,"Если команда успеет, то новый документ отправят сегодня. Позже координатор закрыл заявку.",no_supported_edit,12,False,[]
comma_subordinate,Если команда успеет то точный план отправят сегодня. Вечером секретарь обновил график.,"Если команда успеет, то точный план отправят сегодня. Вечером секретарь обновил график.",no_supported_edit,12,False,[]
comma_subordinate,Если команда успеет то городской архив отправят сегодня. Утром редактор принял отчет.,"Если команда успеет, то городской архив отправят сегодня. Утром редактор принял отчет.",no_supported_edit,12,False,[]
comma_subordinate,Если команда успеет то утренний выпуск отправят сегодня. Затем секретарь проверил журнал.,"Если команда успеет, то утренний выпуск отправят сегодня. Затем секретарь проверил журнал.",no_supported_edit,12,False,[]
dictionary_fuzzy,В отчете ба встретилось слово карова.,В отчете ба встретилось слово корова.,no_existing_candidate_backed_pattern,9,False,"[""frequent_error_exact"", ""keyboard_typo_candidate""]"
dictionary_fuzzy,Эксперт заметил ошибку в слове малако в записи ва.,Эксперт заметил ошибку в слове молоко в записи ва.,no_existing_candidate_backed_pattern,12,False,"[""dictionary_fuzzy"", ""frequent_error_exact""]"
dictionary_fuzzy,В письме га была фраза со словом сабака.,В письме га была фраза со словом собака.,no_existing_candidate_backed_pattern,11,False,"[""frequent_error_exact"", ""keyboard_typo_candidate"", ""missing_letter_candidate""]"
dictionary_fuzzy,В заявлении да указали слово територия.,В заявлении да указали слово территория.,no_existing_candidate_backed_pattern,8,False,"[""dictionary_fuzzy"", ""double_consonant_candidate""]"
dictionary_fuzzy,Редактор исправил слово карова в документе жа.,Редактор исправил слово корова в документе жа.,no_existing_candidate_backed_pattern,10,False,"[""frequent_error_exact"", ""keyboard_typo_candidate""]"
double_consonant_candidate,Эксперт заметил ошибку в слове проффесия в записи ва.,Эксперт заметил ошибку в слове профессия в записи ва.,no_supported_edit,9,False,[]
double_consonant_candidate,Редактор исправил слово проффесия в документе жа.,Редактор исправил слово профессия в документе жа.,no_supported_edit,7,False,[]
double_consonant_candidate,В заявлении ла указали слово проффесия.,В заявлении ла указали слово профессия.,no_supported_edit,6,False,[]
double_consonant_candidate,Эксперт заметил ошибку в слове проффесия в записи па.,Эксперт заметил ошибку в слове профессия в записи па.,no_supported_edit,9,False,[]
double_consonant_candidate,Редактор исправил слово проффесия в документе уа.,Редактор исправил слово профессия в документе уа.,no_supported_edit,7,False,[]
enumeration_colon,В отчете указаны три проблемы ошибки задержки и риски.,В отчете указаны три проблемы: ошибки задержки и риски.,no_existing_candidate_backed_pattern,9,False,[]
homogeneous_comma,Команда проверила отчеты письма и заявки.,"Команда проверила отчеты, письма и заявки.",no_existing_candidate_backed_pattern,7,True,"[""homogeneous_comma""]"
introductory_comma,Кажется рабочий отчет уже лежит в архиве. Позже служба отправила ответ.,"Кажется, рабочий отчет уже лежит в архиве. Позже служба отправила ответ.",no_supported_edit,11,False,[]
introductory_comma,Кажется новый документ уже лежит в архиве. Утром редакция выпустила заметку.,"Кажется, новый документ уже лежит в архиве. Утром редакция выпустила заметку.",no_supported_edit,11,False,[]
introductory_comma,Кажется точный план уже лежит в архиве. После обеда комиссия уточнила вывод.,"Кажется, точный план уже лежит в архиве. После обеда комиссия уточнила вывод.",no_supported_edit,12,False,[]
introductory_comma,Кажется городской архив уже лежит в архиве. Вечером секретарь обновил график.,"Кажется, городской архив уже лежит в архиве. Вечером секретарь обновил график.",no_supported_edit,11,False,[]
introductory_comma,Кажется утренний выпуск уже лежит в архиве. Затем координатор отправил сводку.,"Кажется, утренний выпуск уже лежит в архиве. Затем координатор отправил сводку.",no_supported_edit,11,False,[]
missing_hard_sign,Редактор исправил слово обявление в документе аа.,Редактор исправил слово объявление в документе аа.,no_existing_candidate_backed_pattern,8,False,"[""frequent_error_exact""]"
missing_hard_sign,В отчете ба встретилось слово подезд.,В отчете ба встретилось слово подъезд.,no_existing_candidate_backed_pattern,7,False,"[""frequent_error_exact""]"
missing_hard_sign,Редактор исправил слово обявление в документе жа.,Редактор исправил слово объявление в документе жа.,no_existing_candidate_backed_pattern,8,False,"[""frequent_error_exact""]"
missing_hard_sign,В отчете за встретилось слово подезд.,В отчете за встретилось слово подъезд.,no_existing_candidate_backed_pattern,7,False,"[""frequent_error_exact""]"
missing_hard_sign,Редактор исправил слово обявление в документе на.,Редактор исправил слово объявление в документе на.,no_existing_candidate_backed_pattern,8,False,"[""frequent_error_exact""]"
missing_letter_candidate,В отчете ба встретилось слово корва.,В отчете ба встретилось слово корова.,no_supported_edit,8,False,"[""keyboard_typo_candidate""]"
missing_letter_candidate,Корректор проверил написание слова корва в файле еа.,Корректор проверил написание слова корова в файле еа.,no_supported_edit,10,False,"[""keyboard_typo_candidate""]"
missing_letter_candidate,В письме ка была фраза со словом корва.,В письме ка была фраза со словом корова.,no_supported_edit,10,False,"[""keyboard_typo_candidate""]"
missing_letter_candidate,В отчете оа встретилось слово корва.,В отчете оа встретилось слово корова.,no_supported_edit,8,False,"[""keyboard_typo_candidate""]"
missing_letter_candidate,Корректор проверил написание слова корва в файле та.,Корректор проверил написание слова корова в файле та.,no_supported_edit,10,False,"[""keyboard_typo_candidate""]"
n_nn_deverbal_adjective,Редактор исправил слово жаренный в документе см.,Редактор исправил слово жареный в документе см.,protected_span,8,True,"[""n_nn_deverbal_adjective""]"
ne_adverb,Эксперт заметил ошибку в слове не сложно в записи ва.,Эксперт заметил ошибку в слове несложно в записи ва.,no_existing_candidate_backed_pattern,11,False,"[""ne_predicative""]"
ne_adverb,Редактор исправил слово не сложно в документе жа.,Редактор исправил слово несложно в документе жа.,no_existing_candidate_backed_pattern,9,False,"[""ne_predicative""]"
ne_adverb,В заявлении ла указали слово не сложно.,В заявлении ла указали слово несложно.,no_existing_candidate_backed_pattern,8,False,"[""ne_predicative""]"
ne_adverb,Эксперт заметил ошибку в слове не сложно в записи па.,Эксперт заметил ошибку в слове несложно в записи па.,no_existing_candidate_backed_pattern,11,False,"[""ne_predicative""]"
ne_adverb,Редактор исправил слово не сложно в документе уа.,Редактор исправил слово несложно в документе уа.,no_existing_candidate_backed_pattern,9,False,"[""ne_predicative""]"
pattern_жо_же,Редактор исправил слово жолтый в документе аа.,Редактор исправил слово желтый в документе аа.,no_existing_candidate_backed_pattern,8,False,"[""frequent_error_exact""]"
pattern_жо_же,В заявлении да указали слово жолтый.,В заявлении да указали слово желтый.,no_existing_candidate_backed_pattern,7,False,"[""frequent_error_exact""]"
pattern_жо_же,Эксперт заметил ошибку в слове жолтый в записи иа.,Эксперт заметил ошибку в слове желтый в записи иа.,no_existing_candidate_backed_pattern,10,False,"[""frequent_error_exact""]"
pattern_жо_же,Редактор исправил слово жолтый в документе на.,Редактор исправил слово желтый в документе на.,no_existing_candidate_backed_pattern,8,False,"[""frequent_error_exact""]"
pattern_жо_же,В заявлении са указали слово жолтый.,В заявлении са указали слово желтый.,no_existing_candidate_backed_pattern,7,False,"[""frequent_error_exact""]"
pattern_жы_жи,Редактор исправил слово жызнь в документе аа.,Редактор исправил слово жизнь в документе аа.,no_existing_candidate_backed_pattern,8,False,"[""frequent_error_exact""]"
pattern_жы_жи,В письме га была фраза со словом жывотное.,В письме га была фраза со словом животное.,no_existing_candidate_backed_pattern,9,False,"[""frequent_error_exact""]"
pattern_жы_жи,В заявлении да указали слово жызнь.,В заявлении да указали слово жизнь.,no_existing_candidate_backed_pattern,7,False,"[""frequent_error_exact""]"
pattern_жы_жи,В отчете за встретилось слово жывотное.,В отчете за встретилось слово животное.,no_existing_candidate_backed_pattern,7,False,"[""frequent_error_exact""]"
pattern_жы_жи,Эксперт заметил ошибку в слове жызнь в записи иа.,Эксперт заметил ошибку в слове жизнь в записи иа.,no_existing_candidate_backed_pattern,10,False,"[""frequent_error_exact""]"
pattern_цы_ци,Редактор исправил слово цыфра в документе аа.,Редактор исправил слово цифра в документе аа.,no_existing_candidate_backed_pattern,8,False,"[""frequent_error_exact""]"
pattern_цы_ци,В отчете ба встретилось слово цырк.,В отчете ба встретилось слово цирк.,no_existing_candidate_backed_pattern,7,False,"[""frequent_error_exact""]"
pattern_цы_ци,Эксперт заметил ошибку в слове цытата в записи ва.,Эксперт заметил ошибку в слове цитата в записи ва.,no_existing_candidate_backed_pattern,10,False,"[""frequent_error_exact""]"
pattern_цы_ци,В заявлении да указали слово цыфра.,В заявлении да указали слово цифра.,no_existing_candidate_backed_pattern,7,False,"[""frequent_error_exact""]"
pattern_цы_ци,Корректор проверил написание слова цырк в файле еа.,Корректор проверил написание слова цирк в файле еа.,no_existing_candidate_backed_pattern,9,False,"[""frequent_error_exact""]"
pattern_чо_че,Редактор исправил слово чорный в документе аа.,Редактор исправил слово черный в документе аа.,no_existing_candidate_backed_pattern,8,False,"[""frequent_error_exact""]"
pattern_чо_че,В заявлении да указали слово чорный.,В заявлении да указали слово черный.,no_existing_candidate_backed_pattern,7,False,"[""frequent_error_exact""]"
pattern_чо_че,Эксперт заметил ошибку в слове чорный в записи иа.,Эксперт заметил ошибку в слове черный в записи иа.,no_existing_candidate_backed_pattern,10,False,"[""frequent_error_exact""]"
pattern_чо_че,Редактор исправил слово чорный в документе на.,Редактор исправил слово черный в документе на.,no_existing_candidate_backed_pattern,8,False,"[""frequent_error_exact""]"
pattern_чо_че,В заявлении са указали слово чорный.,В заявлении са указали слово черный.,no_existing_candidate_backed_pattern,7,False,"[""frequent_error_exact""]"
pattern_чю_чу,Редактор исправил слово чюдо в документе аа.,Редактор исправил слово чудо в документе аа.,no_existing_candidate_backed_pattern,8,False,"[""frequent_error_exact""]"
pattern_чю_чу,В отчете ба встретилось слово чювство.,В отчете ба встретилось слово чувство.,no_existing_candidate_backed_pattern,7,False,"[""frequent_error_exact""]"
pattern_чю_чу,В заявлении да указали слово чюдо.,В заявлении да указали слово чудо.,no_existing_candidate_backed_pattern,7,False,"[""frequent_error_exact""]"
pattern_чю_чу,Корректор проверил написание слова чювство в файле еа.,Корректор проверил написание слова чувство в файле еа.,no_existing_candidate_backed_pattern,9,False,"[""frequent_error_exact""]"
pattern_чю_чу,Эксперт заметил ошибку в слове чюдо в записи иа.,Эксперт заметил ошибку в слове чудо в записи иа.,no_existing_candidate_backed_pattern,10,False,"[""frequent_error_exact""]"
pattern_шы_ши,Редактор исправил слово машына в документе аа.,Редактор исправил слово машина в документе аа.,no_existing_candidate_backed_pattern,8,False,"[""frequent_error_exact""]"
pattern_шы_ши,В отчете ба встретилось слово шырина.,В отчете ба встретилось слово ширина.,no_existing_candidate_backed_pattern,7,False,"[""frequent_error_exact""]"
pattern_шы_ши,В заявлении да указали слово машына.,В заявлении да указали слово машина.,no_existing_candidate_backed_pattern,7,False,"[""frequent_error_exact""]"
pattern_шы_ши,Корректор проверил написание слова шырина в файле еа.,Корректор проверил написание слова ширина в файле еа.,no_existing_candidate_backed_pattern,9,False,"[""frequent_error_exact""]"
pattern_шы_ши,Эксперт заметил ошибку в слове машына в записи иа.,Эксперт заметил ошибку в слове машина в записи иа.,no_existing_candidate_backed_pattern,10,False,"[""frequent_error_exact""]"
pattern_щю_щу,Редактор исправил слово щюка в документе аа.,Редактор исправил слово щука в документе аа.,no_existing_candidate_backed_pattern,8,False,"[""frequent_error_exact""]"
pattern_щю_щу,В заявлении да указали слово щюка.,В заявлении да указали слово щука.,no_existing_candidate_backed_pattern,7,False,"[""frequent_error_exact""]"
pattern_щю_щу,Эксперт заметил ошибку в слове щюка в записи иа.,Эксперт заметил ошибку в слове щука в записи иа.,no_existing_candidate_backed_pattern,10,False,"[""frequent_error_exact""]"
pattern_щю_щу,Редактор исправил слово щюка в документе на.,Редактор исправил слово щука в документе на.,no_existing_candidate_backed_pattern,8,False,"[""frequent_error_exact""]"
pattern_щю_щу,В заявлении са указали слово щюка.,В заявлении са указали слово щука.,no_existing_candidate_backed_pattern,7,False,"[""frequent_error_exact""]"
prefix_z_to_s,Редактор исправил слово безполезный в документе аа.,Редактор исправил слово бесполезный в документе аа.,no_existing_candidate_backed_pattern,8,False,"[""frequent_error_exact""]"
prefix_z_to_s,Редактор исправил слово безполезный в документе жа.,Редактор исправил слово бесполезный в документе жа.,no_existing_candidate_backed_pattern,8,False,"[""frequent_error_exact""]"
prefix_z_to_s,Редактор исправил слово безполезный в документе на.,Редактор исправил слово бесполезный в документе на.,no_existing_candidate_backed_pattern,8,False,"[""frequent_error_exact""]"
prefix_z_to_s,Редактор исправил слово безполезный в документе уа.,Редактор исправил слово бесполезный в документе уа.,no_existing_candidate_backed_pattern,8,False,"[""frequent_error_exact""]"
prefix_z_to_s,Редактор исправил слово безполезный в документе ща.,Редактор исправил слово бесполезный в документе ща.,no_existing_candidate_backed_pattern,8,False,"[""frequent_error_exact""]"
sdelat_prefix,Редактор исправил слово зделать в документе аа.,Редактор исправил слово сделать в документе аа.,no_existing_candidate_backed_pattern,8,False,"[""frequent_error_exact""]"
sdelat_prefix,В отчете ба встретилось слово зделал.,В отчете ба встретилось слово сделал.,no_existing_candidate_backed_pattern,7,False,"[""frequent_error_exact""]"
sdelat_prefix,Редактор исправил слово зделать в документе жа.,Редактор исправил слово сделать в документе жа.,no_existing_candidate_backed_pattern,8,False,"[""frequent_error_exact""]"
sdelat_prefix,В отчете за встретилось слово зделал.,В отчете за встретилось слово сделал.,no_existing_candidate_backed_pattern,7,False,"[""frequent_error_exact""]"
sdelat_prefix,Редактор исправил слово зделать в документе на.,Редактор исправил слово сделать в документе на.,no_existing_candidate_backed_pattern,8,False,"[""frequent_error_exact""]"
soft_to_hard_sign,Эксперт заметил ошибку в слове сьезд в записи ва.,Эксперт заметил ошибку в слове съезд в записи ва.,no_existing_candidate_backed_pattern,10,False,"[""frequent_error_exact""]"
soft_to_hard_sign,В письме га была фраза со словом обьект.,В письме га была фраза со словом объект.,no_existing_candidate_backed_pattern,9,False,"[""frequent_error_exact""]"
soft_to_hard_sign,Эксперт заметил ошибку в слове сьезд в записи иа.,Эксперт заметил ошибку в слове съезд в записи иа.,no_existing_candidate_backed_pattern,10,False,"[""frequent_error_exact""]"
soft_to_hard_sign,В письме ка была фраза со словом обьект.,В письме ка была фраза со словом объект.,no_existing_candidate_backed_pattern,9,False,"[""frequent_error_exact""]"
soft_to_hard_sign,Эксперт заметил ошибку в слове сьезд в записи па.,Эксперт заметил ошибку в слове съезд в записи па.,no_existing_candidate_backed_pattern,10,False,"[""frequent_error_exact""]"
subject_predicate_dash,Москва столица России.,Москва — столица России.,no_existing_candidate_backed_pattern,4,True,"[""subject_predicate_dash""]"
