row_index,rule_id,reason,source,target
325,bracket_pair_balance,target_quality_failed,Проверь документ (рабочий отчет.,Проверь документ (рабочий отчет).
326,bracket_pair_balance,target_quality_failed,Проверь документ (городской архив.,Проверь документ (городской архив).
327,bracket_pair_balance,target_quality_failed,Проверь документ (важный договор.,Проверь документ (важный договор).
328,bracket_pair_balance,target_quality_failed,Проверь документ (итоговая таблица.,Проверь документ (итоговая таблица).
329,bracket_pair_balance,target_quality_failed,Проверь документ (открытая заявка.,Проверь документ (открытая заявка).
330,bracket_pair_balance,target_quality_failed,Проверь документ (районная комиссия.,Проверь документ (районная комиссия).
331,bracket_pair_balance,target_quality_failed,Проверь документ (новая редакция.,Проверь документ (новая редакция).
332,bracket_pair_balance,target_quality_failed,Проверь документ (дежурный редактор.,Проверь документ (дежурный редактор).
333,bracket_pair_balance,target_quality_failed,Проверь документ (плановая встреча.,Проверь документ (плановая встреча).
334,bracket_pair_balance,target_quality_failed,Проверь документ (сводный отчет.,Проверь документ (сводный отчет).
335,bracket_pair_balance,target_quality_failed,Проверь документ (рабочая группа.,Проверь документ (рабочая группа).
336,bracket_pair_balance,target_quality_failed,Проверь документ (новый раздел.,Проверь документ (новый раздел).
337,bracket_pair_balance,target_quality_failed,Проверь документ (вечерний протокол.,Проверь документ (вечерний протокол).
338,bracket_pair_balance,target_quality_failed,Проверь документ (согласованный договор.,Проверь документ (согласованный договор).
339,bracket_pair_balance,target_quality_failed,Проверь документ (закрытая заявка.,Проверь документ (закрытая заявка).
340,bracket_pair_balance,target_quality_failed,Проверь документ (обновленный журнал.,Проверь документ (обновленный журнал).
341,bracket_pair_balance,target_quality_failed,Проверь документ (зимнее расписание.,Проверь документ (зимнее расписание).
342,bracket_pair_balance,target_quality_failed,Проверь документ (районный протокол.,Проверь документ (районный протокол).
343,bracket_pair_balance,target_quality_failed,Проверь документ (старый договор.,Проверь документ (старый договор).
344,bracket_pair_balance,target_quality_failed,Проверь документ (закрытый раздел.,Проверь документ (закрытый раздел).
345,bracket_pair_balance,target_quality_failed,Проверь документ (служебная записка.,Проверь документ (служебная записка).
346,bracket_pair_balance,target_quality_failed,Проверь документ (важное решение.,Проверь документ (важное решение).
347,bracket_pair_balance,target_quality_failed,Проверь документ (рабочий кабинет.,Проверь документ (рабочий кабинет).
348,bracket_pair_balance,target_quality_failed,Проверь документ (открытый вопрос.,Проверь документ (открытый вопрос).
349,bracket_pair_balance,target_quality_failed,Проверь документ (новый маршрут.,Проверь документ (новый маршрут).
350,bracket_pair_balance,target_quality_failed,Проверь документ (срочная заявка.,Проверь документ (срочная заявка).
351,bracket_pair_balance,target_quality_failed,Проверь документ (короткий протокол.,Проверь документ (короткий протокол).
352,bracket_pair_balance,target_quality_failed,Проверь документ (точная дата.,Проверь документ (точная дата).
353,bracket_pair_balance,target_quality_failed,Проверь документ (основной договор.,Проверь документ (основной договор).
354,bracket_pair_balance,target_quality_failed,Проверь документ (дежурная группа.,Проверь документ (дежурная группа).
355,bracket_pair_balance,target_quality_failed,Проверь документ (контрольная таблица.,Проверь документ (контрольная таблица).
356,bracket_pair_balance,target_quality_failed,Проверь документ (закрытое письмо.,Проверь документ (закрытое письмо).
357,bracket_pair_balance,target_quality_failed,Проверь документ (городская программа.,Проверь документ (городская программа).
358,bracket_pair_balance,target_quality_failed,Проверь документ (новый документ.,Проверь документ (новый документ).
359,bracket_pair_balance,target_quality_failed,Проверь документ (утренний выпуск.,Проверь документ (утренний выпуск).
360,bracket_pair_balance,target_quality_failed,Проверь документ (короткая заметка.,Проверь документ (короткая заметка).
361,bracket_pair_balance,target_quality_failed,Проверь документ (свежая сводка.,Проверь документ (свежая сводка).
362,bracket_pair_balance,target_quality_failed,Проверь документ (письменный ответ.,Проверь документ (письменный ответ).
363,bracket_pair_balance,target_quality_failed,Проверь документ (финальный список.,Проверь документ (финальный список).
364,bracket_pair_balance,target_quality_failed,Проверь документ (архивная запись.,Проверь документ (архивная запись).
365,bracket_pair_balance,target_quality_failed,Проверь документ (общий график.,Проверь документ (общий график).
366,bracket_pair_balance,target_quality_failed,Проверь документ (осенняя проверка.,Проверь документ (осенняя проверка).
367,bracket_pair_balance,target_quality_failed,Проверь документ (важная подпись.,Проверь документ (важная подпись).
368,bracket_pair_balance,target_quality_failed,Проверь документ (городская служба.,Проверь документ (городская служба).
369,bracket_pair_balance,target_quality_failed,Проверь документ (учебная таблица.,Проверь документ (учебная таблица).
370,bracket_pair_balance,target_quality_failed,Проверь документ (проверенный файл.,Проверь документ (проверенный файл).
371,bracket_pair_balance,target_quality_failed,Проверь документ (подготовленный список.,Проверь документ (подготовленный список).
372,bracket_pair_balance,target_quality_failed,Проверь документ (длинная запись.,Проверь документ (длинная запись).
373,bracket_pair_balance,target_quality_failed,Проверь документ (северный филиал.,Проверь документ (северный филиал).
374,bracket_pair_balance,target_quality_failed,Проверь документ (летняя проверка.,Проверь документ (летняя проверка).
375,bracket_pair_balance,target_quality_failed,Проверь документ (входящее письмо.,Проверь документ (входящее письмо).
376,bracket_pair_balance,target_quality_failed,Проверь документ (новая таблица.,Проверь документ (новая таблица).
377,bracket_pair_balance,target_quality_failed,Проверь документ (утренний приказ.,Проверь документ (утренний приказ).
378,bracket_pair_balance,target_quality_failed,Проверь документ (городской проект.,Проверь документ (городской проект).
379,bracket_pair_balance,target_quality_failed,Проверь документ (общий список.,Проверь документ (общий список).
380,bracket_pair_balance,target_quality_failed,Проверь документ (архивный номер.,Проверь документ (архивный номер).
381,bracket_pair_balance,target_quality_failed,Проверь документ (плановый отчет.,Проверь документ (плановый отчет).
382,bracket_pair_balance,target_quality_failed,Проверь документ (вечерняя смена.,Проверь документ (вечерняя смена).
383,bracket_pair_balance,target_quality_failed,Проверь документ (письменная просьба.,Проверь документ (письменная просьба).
384,bracket_pair_balance,target_quality_failed,Проверь документ (дневной выпуск.,Проверь документ (дневной выпуск).
385,bracket_pair_balance,target_quality_failed,Проверь документ (готовый макет.,Проверь документ (готовый макет).
386,bracket_pair_balance,target_quality_failed,Проверь документ (временный график.,Проверь документ (временный график).
387,bracket_pair_balance,target_quality_failed,Проверь документ (финальная версия.,Проверь документ (финальная версия).
388,bracket_pair_balance,target_quality_failed,Проверь документ (принятый отчет.,Проверь документ (принятый отчет).
389,bracket_pair_balance,target_quality_failed,Проверь документ (служебный ответ.,Проверь документ (служебный ответ).
1105,context_chto_by,strict_validator_rejected,"Как заявили РИА ""Новости"" впосольстве РФ в этой стране, определенные силы в Литве пытаютсяиспользовать этот политический процесс для того, что бы броситьтень на российско-литовские отношения.","Как заявили РИА ""Новости"" впосольстве РФ в этой стране, определенные силы в Литве пытаютсяиспользовать этот политический процесс для того, чтобы броситьтень на российско-литовские отношения."
1106,context_chto_by,strict_validator_rejected,"Он пообещал сделать все необходимое, что бы защитить высокую репутацию ""Bank of New York"" и ""не допустить противозаконной или неподобающей деятельности, к которой мог бы быть причастен банк"".","Он пообещал сделать все необходимое, чтобы защитить высокую репутацию ""Bank of New York"" и ""не допустить противозаконной или неподобающей деятельности, к которой мог бы быть причастен банк""."
1107,context_chto_by,strict_validator_rejected,"Юрий Чайка заявил, что министерство юстиции намерено сделать все от него зависящее, что бы выборы депутатов Государственной думы стали подлинно свободными, равными и демократическими.","Юрий Чайка заявил, что министерство юстиции намерено сделать все от него зависящее, чтобы выборы депутатов Государственной думы стали подлинно свободными, равными и демократическими."
1108,context_chto_by,strict_validator_rejected,"Как сообщил ""Интерфаксу"" вице-мэр Валерий Шанцев, кинологи с собаками осматривают всю территорию подземного комплекса, что бы выяснить, не оставлены ли там другие взрывные устройства.","Как сообщил ""Интерфаксу"" вице-мэр Валерий Шанцев, кинологи с собаками осматривают всю территорию подземного комплекса, чтобы выяснить, не оставлены ли там другие взрывные устройства."
1109,context_chto_by,strict_validator_rejected,"Видимо, теперь на окнах звонницы будут установлены решетки, что бы подобное больше не могло повториться.","Видимо, теперь на окнах звонницы будут установлены решетки, чтобы подобное больше не могло повториться."
1110,context_chto_by,strict_validator_rejected,"По мнению некоторых комментаторов, само расследование было затеяно для того, что бы собрать все материалы об инциденте в Уэйко и найти того, кто допустил ""утечку"" информации об использовании газа.","По мнению некоторых комментаторов, само расследование было затеяно для того, чтобы собрать все материалы об инциденте в Уэйко и найти того, кто допустил ""утечку"" информации об использовании газа."
1111,context_chto_by,strict_validator_rejected,"По мнению Львова, было бы логичнее приблизить цены на топливные ресурсы к мировым, что бы производителям и поставщикам было безразлично, продавать нефтепродукты на экспорт или на внутренний рынок.","По мнению Львова, было бы логичнее приблизить цены на топливные ресурсы к мировым, чтобы производителям и поставщикам было безразлично, продавать нефтепродукты на экспорт или на внутренний рынок."
1112,context_chto_by,non_atomic_edit_count,Чтобы он ни сказал решение принято. Позже редактор сохранил копию.,Что бы он ни сказал решение принято. Позже редактор сохранил копию.
1113,context_chto_by,non_atomic_edit_count,Что бы закончить работу нужно согласование. Утром комиссия вернулась к письму.,Чтобы закончить работу нужно согласование. Утром комиссия вернулась к письму.
1114,context_chto_by,non_atomic_edit_count,Чтобы он ни сказал решение принято. После встречи файл остался в архиве.,Что бы он ни сказал решение принято. После встречи файл остался в архиве.
1115,context_chto_by,non_atomic_edit_count,Что бы закончить работу нужно согласование. Вечером автор обновил сводку.,Чтобы закончить работу нужно согласование. Вечером автор обновил сводку.
1116,context_chto_by,non_atomic_edit_count,Чтобы он ни сказал решение принято. Затем группа сверила подписи.,Что бы он ни сказал решение принято. Затем группа сверила подписи.
1117,context_chto_by,non_atomic_edit_count,Что бы закончить работу нужно согласование. Позже служба отправила ответ.,Чтобы закончить работу нужно согласование. Позже служба отправила ответ.
1118,context_chto_by,non_atomic_edit_count,Чтобы он ни сказал решение принято. Утром секретарь открыл папку.,Что бы он ни сказал решение принято. Утром секретарь открыл папку.
1119,context_chto_by,non_atomic_edit_count,Что бы закончить работу нужно согласование. После проверки список закрыли.,Чтобы закончить работу нужно согласование. После проверки список закрыли.
1120,context_chto_by,non_atomic_edit_count,Чтобы он ни сказал решение принято. Вечером руководитель принял правки.,Что бы он ни сказал решение принято. Вечером руководитель принял правки.
1121,context_chto_by,non_atomic_edit_count,Что бы закончить работу нужно согласование. Затем аналитик обновил запись.,Чтобы закончить работу нужно согласование. Затем аналитик обновил запись.
1122,context_chto_by,non_atomic_edit_count,Чтобы он ни сказал решение принято. Позже отдел уточнил дату.,Что бы он ни сказал решение принято. Позже отдел уточнил дату.
1123,context_chto_by,non_atomic_edit_count,Что бы закончить работу нужно согласование. Утром курьер принес копию.,Чтобы закончить работу нужно согласование. Утром курьер принес копию.
1124,context_chto_by,non_atomic_edit_count,Чтобы он ни сказал решение принято. После обеда автор сверил данные.,Что бы он ни сказал решение принято. После обеда автор сверил данные.
1125,context_chto_by,non_atomic_edit_count,Что бы закончить работу нужно согласование. Вечером секретарь закрыл журнал.,Чтобы закончить работу нужно согласование. Вечером секретарь закрыл журнал.
1126,context_chto_by,non_atomic_edit_count,Чтобы он ни сказал решение принято. Затем комиссия перенесла встречу.,Что бы он ни сказал решение принято. Затем комиссия перенесла встречу.
1127,context_chto_by,non_atomic_edit_count,Что бы закончить работу нужно согласование. Позже архивариус обновил карточку.,Чтобы закончить работу нужно согласование. Позже архивариус обновил карточку.
1128,context_chto_by,non_atomic_edit_count,Чтобы он ни сказал решение принято. Утром дежурный проверил подписи.,Что бы он ни сказал решение принято. Утром дежурный проверил подписи.
1129,context_chto_by,non_atomic_edit_count,Что бы закончить работу нужно согласование. После звонка редактор открыл файл.,Чтобы закончить работу нужно согласование. После звонка редактор открыл файл.
1130,context_chto_by,non_atomic_edit_count,Чтобы он ни сказал решение принято. Вечером группа согласовала срок.,Что бы он ни сказал решение принято. Вечером группа согласовала срок.
1131,context_chto_by,non_atomic_edit_count,Что бы закончить работу нужно согласование. Затем отдел отправил письмо.,Чтобы закончить работу нужно согласование. Затем отдел отправил письмо.
1132,context_chto_by,non_atomic_edit_count,Чтобы он ни сказал решение принято. Позже автор поправил заголовок.,Что бы он ни сказал решение принято. Позже автор поправил заголовок.
1133,context_chto_by,non_atomic_edit_count,Что бы закончить работу нужно согласование. Утром команда сверила список.,Чтобы закончить работу нужно согласование. Утром команда сверила список.
1134,context_chto_by,non_atomic_edit_count,Чтобы он ни сказал решение принято. После совещания документ приняли.,Что бы он ни сказал решение принято. После совещания документ приняли.
1135,context_chto_by,non_atomic_edit_count,Что бы закончить работу нужно согласование. Вечером сотрудник закрыл заявку.,Чтобы закончить работу нужно согласование. Вечером сотрудник закрыл заявку.
1136,context_chto_by,non_atomic_edit_count,Чтобы он ни сказал решение принято. Затем редактор сохранил таблицу.,Что бы он ни сказал решение принято. Затем редактор сохранил таблицу.
1137,context_chto_by,non_atomic_edit_count,Что бы закончить работу нужно согласование. Позже руководитель уточнил адрес.,Чтобы закончить работу нужно согласование. Позже руководитель уточнил адрес.
1138,context_chto_by,non_atomic_edit_count,Чтобы он ни сказал решение принято. Утром специалист открыл журнал.,Что бы он ни сказал решение принято. Утром специалист открыл журнал.
1139,context_chto_by,non_atomic_edit_count,Что бы закончить работу нужно согласование. После проверки данные совпали.,Чтобы закончить работу нужно согласование. После проверки данные совпали.
1140,context_chto_by,non_atomic_edit_count,Чтобы он ни сказал решение принято. Вечером служба передала копию.,Что бы он ни сказал решение принято. Вечером служба передала копию.
1141,context_chto_by,non_atomic_edit_count,Что бы закончить работу нужно согласование. Затем автор подписал лист.,Чтобы закончить работу нужно согласование. Затем автор подписал лист.
1142,context_chto_by,non_atomic_edit_count,Чтобы он ни сказал решение принято. Позже комиссия вернула письмо.,Что бы он ни сказал решение принято. Позже комиссия вернула письмо.
1143,context_chto_by,non_atomic_edit_count,Что бы закончить работу нужно согласование. Утром отдел принял заявку.,Чтобы закончить работу нужно согласование. Утром отдел принял заявку.
1144,context_chto_by,non_atomic_edit_count,Чтобы он ни сказал решение принято. После обеда секретарь внес дату.,Что бы он ни сказал решение принято. После обеда секретарь внес дату.
1145,context_chto_by,non_atomic_edit_count,Что бы закончить работу нужно согласование. Вечером редактор проверил список.,Чтобы закончить работу нужно согласование. Вечером редактор проверил список.
1146,context_chto_by,non_atomic_edit_count,Чтобы он ни сказал решение принято. Затем курьер доставил пакет.,Что бы он ни сказал решение принято. Затем курьер доставил пакет.
1147,context_chto_by,non_atomic_edit_count,Что бы закончить работу нужно согласование. Позже аналитик сверил отчет.,Чтобы закончить работу нужно согласование. Позже аналитик сверил отчет.
1148,context_chto_by,non_atomic_edit_count,Чтобы он ни сказал решение принято. Утром группа открыла архив.,Что бы он ни сказал решение принято. Утром группа открыла архив.
1149,context_chto_by,non_atomic_edit_count,Что бы закончить работу нужно согласование. После встречи автор добавил подпись.,Чтобы закончить работу нужно согласование. После встречи автор добавил подпись.
1150,context_chto_by,non_atomic_edit_count,Чтобы он ни сказал решение принято. Вечером отдел закрыл вопрос.,Что бы он ни сказал решение принято. Вечером отдел закрыл вопрос.
1151,context_chto_by,non_atomic_edit_count,Что бы закончить работу нужно согласование. Затем специалист отправил ответ.,Чтобы закончить работу нужно согласование. Затем специалист отправил ответ.
1152,context_chto_by,non_atomic_edit_count,Чтобы он ни сказал решение принято. Позже секретарь подготовил копию.,Что бы он ни сказал решение принято. Позже секретарь подготовил копию.
1153,context_chto_by,non_atomic_edit_count,Что бы закончить работу нужно согласование. Утром редактор проверил адрес.,Чтобы закончить работу нужно согласование. Утром редактор проверил адрес.
1154,context_chto_by,non_atomic_edit_count,Чтобы он ни сказал решение принято. После звонка комиссия ждала письмо.,Что бы он ни сказал решение принято. После звонка комиссия ждала письмо.
1155,context_chto_by,non_atomic_edit_count,Что бы закончить работу нужно согласование. Вечером автор уточнил срок.,Чтобы закончить работу нужно согласование. Вечером автор уточнил срок.
1156,context_chto_by,non_atomic_edit_count,Чтобы он ни сказал решение принято. Затем отдел сохранил файл.,Что бы он ни сказал решение принято. Затем отдел сохранил файл.
1157,context_chto_by,non_atomic_edit_count,Что бы закончить работу нужно согласование. Позже группа приняла решение.,Чтобы закончить работу нужно согласование. Позже группа приняла решение.
1158,context_chto_by,non_atomic_edit_count,Чтобы он ни сказал решение принято. Утром служба сверила данные.,Что бы он ни сказал решение принято. Утром служба сверила данные.
1159,context_chto_by,non_atomic_edit_count,Что бы закончить работу нужно согласование. После совещания секретарь закрыл папку.,Чтобы закончить работу нужно согласование. После совещания секретарь закрыл папку.
1160,context_chto_by,non_atomic_edit_count,Чтобы он ни сказал решение принято. Вечером специалист обновил запись.,Что бы он ни сказал решение принято. Вечером специалист обновил запись.
1161,context_chto_by,non_atomic_edit_count,Что бы закончить работу нужно согласование. Затем редактор передал копию.,Чтобы закончить работу нужно согласование. Затем редактор передал копию.
1162,context_chto_by,non_atomic_edit_count,Чтобы он ни сказал решение принято. Позже автор открыл таблицу.,Что бы он ни сказал решение принято. Позже автор открыл таблицу.
1163,context_chto_by,non_atomic_edit_count,Что бы закончить работу нужно согласование. Утром комиссия согласовала дату.,Чтобы закончить работу нужно согласование. Утром комиссия согласовала дату.
1164,context_chto_by,non_atomic_edit_count,Чтобы он ни сказал решение принято. После проверки отдел отправил ответ.,Что бы он ни сказал решение принято. После проверки отдел отправил ответ.
1165,context_chto_by,non_atomic_edit_count,Что бы закончить работу нужно согласование. Вечером секретарь внес подпись.,Чтобы закончить работу нужно согласование. Вечером секретарь внес подпись.
1166,context_chto_by,non_atomic_edit_count,Чтобы он ни сказал решение принято. Затем группа закрыла журнал.,Что бы он ни сказал решение принято. Затем группа закрыла журнал.
1167,context_chto_by,non_atomic_edit_count,Что бы закончить работу нужно согласование. Позже служба уточнила маршрут.,Чтобы закончить работу нужно согласование. Позже служба уточнила маршрут.
1168,context_chto_by,non_atomic_edit_count,Чтобы он ни сказал решение принято. Утром аналитик проверил сводку.,Что бы он ни сказал решение принято. Утром аналитик проверил сводку.
1169,context_chto_by,non_atomic_edit_count,Что бы закончить работу нужно согласование. После обеда редактор принял письмо.,Чтобы закончить работу нужно согласование. После обеда редактор принял письмо.
1170,context_chto_by,non_atomic_edit_count,Чтобы он ни сказал решение принято. Вечером отдел обновил список.,Что бы он ни сказал решение принято. Вечером отдел обновил список.
1171,context_chto_by,non_atomic_edit_count,Что бы закончить работу нужно согласование. Затем автор сохранил документ.,Чтобы закончить работу нужно согласование. Затем автор сохранил документ.
1172,context_chto_by,non_atomic_edit_count,Чтобы он ни сказал решение принято. Позже комиссия открыла протокол.,Что бы он ни сказал решение принято. Позже комиссия открыла протокол.
1173,context_chto_by,non_atomic_edit_count,Что бы закончить работу нужно согласование. Утром секретарь отправил копию.,Чтобы закончить работу нужно согласование. Утром секретарь отправил копию.
1174,context_chto_by,non_atomic_edit_count,Чтобы он ни сказал решение принято. После звонка специалист уточнил срок.,Что бы он ни сказал решение принято. После звонка специалист уточнил срок.
1175,context_chto_by,non_atomic_edit_count,Что бы закончить работу нужно согласование. Вечером группа сверила даты.,Чтобы закончить работу нужно согласование. Вечером группа сверила даты.
1176,context_chto_by,non_atomic_edit_count,Чтобы он ни сказал решение принято. Затем отдел принял письмо.,Что бы он ни сказал решение принято. Затем отдел принял письмо.
1177,context_chto_by,non_atomic_edit_count,Что бы закончить работу нужно согласование. Позже редактор сохранил копию.,Чтобы закончить работу нужно согласование. Позже редактор сохранил копию.
1178,context_chto_by,non_atomic_edit_count,Чтобы он ни сказал решение принято. Утром комиссия вернулась к письму.,Что бы он ни сказал решение принято. Утром комиссия вернулась к письму.
1179,context_chto_by,non_atomic_edit_count,Что бы закончить работу нужно согласование. После встречи файл остался в архиве.,Чтобы закончить работу нужно согласование. После встречи файл остался в архиве.
1180,context_chto_by,non_atomic_edit_count,Чтобы он ни сказал решение принято. Вечером автор обновил сводку.,Что бы он ни сказал решение принято. Вечером автор обновил сводку.
1181,context_chto_by,non_atomic_edit_count,Что бы закончить работу нужно согласование. Затем группа сверила подписи.,Чтобы закончить работу нужно согласование. Затем группа сверила подписи.
1182,context_chto_by,non_atomic_edit_count,Чтобы он ни сказал решение принято. Позже служба отправила ответ.,Что бы он ни сказал решение принято. Позже служба отправила ответ.
1183,context_chto_by,non_atomic_edit_count,Что бы закончить работу нужно согласование. Утром секретарь открыл папку.,Чтобы закончить работу нужно согласование. Утром секретарь открыл папку.
1184,context_chto_by,non_atomic_edit_count,Чтобы он ни сказал решение принято. После проверки список закрыли.,Что бы он ни сказал решение принято. После проверки список закрыли.
1185,context_chto_by,non_atomic_edit_count,Что бы закончить работу нужно согласование. Вечером руководитель принял правки.,Чтобы закончить работу нужно согласование. Вечером руководитель принял правки.
1186,context_chto_by,non_atomic_edit_count,Чтобы он ни сказал решение принято. Затем аналитик обновил запись.,Что бы он ни сказал решение принято. Затем аналитик обновил запись.
1187,context_chto_by,non_atomic_edit_count,Что бы закончить работу нужно согласование. Позже отдел уточнил дату.,Чтобы закончить работу нужно согласование. Позже отдел уточнил дату.
1188,context_chto_by,non_atomic_edit_count,Чтобы он ни сказал решение принято. Утром курьер принес копию.,Что бы он ни сказал решение принято. Утром курьер принес копию.
1189,context_chto_by,non_atomic_edit_count,Что бы закончить работу нужно согласование. После обеда автор сверил данные.,Чтобы закончить работу нужно согласование. После обеда автор сверил данные.
1190,context_chto_by,non_atomic_edit_count,Чтобы он ни сказал решение принято. Вечером секретарь закрыл журнал.,Что бы он ни сказал решение принято. Вечером секретарь закрыл журнал.
1191,context_chto_by,non_atomic_edit_count,Что бы закончить работу нужно согласование. Затем комиссия перенесла встречу.,Чтобы закончить работу нужно согласование. Затем комиссия перенесла встречу.
1192,context_chto_by,non_atomic_edit_count,Чтобы он ни сказал решение принято. Позже архивариус обновил карточку.,Что бы он ни сказал решение принято. Позже архивариус обновил карточку.
1193,context_chto_by,non_atomic_edit_count,Что бы закончить работу нужно согласование. Утром дежурный проверил подписи.,Чтобы закончить работу нужно согласование. Утром дежурный проверил подписи.
1194,context_chto_by,non_atomic_edit_count,Чтобы он ни сказал решение принято. После звонка редактор открыл файл.,Что бы он ни сказал решение принято. После звонка редактор открыл файл.
1195,context_chto_by,non_atomic_edit_count,Что бы закончить работу нужно согласование. Вечером группа согласовала срок.,Чтобы закончить работу нужно согласование. Вечером группа согласовала срок.
1196,context_chto_by,non_atomic_edit_count,Чтобы он ни сказал решение принято. Затем отдел отправил письмо.,Что бы он ни сказал решение принято. Затем отдел отправил письмо.
1197,context_chto_by,non_atomic_edit_count,Что бы закончить работу нужно согласование. Позже автор поправил заголовок.,Чтобы закончить работу нужно согласование. Позже автор поправил заголовок.
1198,context_chto_by,non_atomic_edit_count,Чтобы он ни сказал решение принято. Утром команда сверила список.,Что бы он ни сказал решение принято. Утром команда сверила список.
1199,context_chto_by,non_atomic_edit_count,Что бы закончить работу нужно согласование. После совещания документ приняли.,Чтобы закончить работу нужно согласование. После совещания документ приняли.
1200,context_chto_by,non_atomic_edit_count,Чтобы он ни сказал решение принято. Вечером сотрудник закрыл заявку.,Что бы он ни сказал решение принято. Вечером сотрудник закрыл заявку.
1201,context_chto_by,non_atomic_edit_count,Что бы закончить работу нужно согласование. Затем редактор сохранил таблицу.,Чтобы закончить работу нужно согласование. Затем редактор сохранил таблицу.
1202,context_chto_by,non_atomic_edit_count,Чтобы он ни сказал решение принято. Позже руководитель уточнил адрес.,Что бы он ни сказал решение принято. Позже руководитель уточнил адрес.
1203,context_chto_by,non_atomic_edit_count,Что бы закончить работу нужно согласование. Утром специалист открыл журнал.,Чтобы закончить работу нужно согласование. Утром специалист открыл журнал.
1204,context_chto_by,non_atomic_edit_count,Чтобы он ни сказал решение принято. После проверки данные совпали.,Что бы он ни сказал решение принято. После проверки данные совпали.
1205,context_chto_by,non_atomic_edit_count,Что бы закончить работу нужно согласование. Вечером служба передала копию.,Чтобы закончить работу нужно согласование. Вечером служба передала копию.
1206,context_chto_by,non_atomic_edit_count,Чтобы он ни сказал решение принято. Затем автор подписал лист.,Что бы он ни сказал решение принято. Затем автор подписал лист.
1207,context_chto_by,non_atomic_edit_count,Что бы закончить работу нужно согласование. Позже комиссия вернула письмо.,Чтобы закончить работу нужно согласование. Позже комиссия вернула письмо.
1208,context_chto_by,non_atomic_edit_count,Чтобы он ни сказал решение принято. Утром отдел принял заявку.,Что бы он ни сказал решение принято. Утром отдел принял заявку.
1209,context_chto_by,non_atomic_edit_count,Что бы закончить работу нужно согласование. После обеда секретарь внес дату.,Чтобы закончить работу нужно согласование. После обеда секретарь внес дату.
1210,context_chto_by,non_atomic_edit_count,Чтобы он ни сказал решение принято. Вечером редактор проверил список.,Что бы он ни сказал решение принято. Вечером редактор проверил список.
1211,context_chto_by,non_atomic_edit_count,Что бы закончить работу нужно согласование. Затем курьер доставил пакет.,Чтобы закончить работу нужно согласование. Затем курьер доставил пакет.
1212,context_chto_by,non_atomic_edit_count,Чтобы он ни сказал решение принято. Позже аналитик сверил отчет.,Что бы он ни сказал решение принято. Позже аналитик сверил отчет.
1213,context_chto_by,non_atomic_edit_count,Что бы закончить работу нужно согласование. Утром группа открыла архив.,Чтобы закончить работу нужно согласование. Утром группа открыла архив.
1214,context_chto_by,non_atomic_edit_count,Чтобы он ни сказал решение принято. После встречи автор добавил подпись.,Что бы он ни сказал решение принято. После встречи автор добавил подпись.
1215,context_chto_by,non_atomic_edit_count,Что бы закончить работу нужно согласование. Вечером отдел закрыл вопрос.,Чтобы закончить работу нужно согласование. Вечером отдел закрыл вопрос.
1216,context_chto_by,non_atomic_edit_count,Чтобы он ни сказал решение принято. Затем специалист отправил ответ.,Что бы он ни сказал решение принято. Затем специалист отправил ответ.
1217,context_chto_by,non_atomic_edit_count,Что бы закончить работу нужно согласование. Позже секретарь подготовил копию.,Чтобы закончить работу нужно согласование. Позже секретарь подготовил копию.
1218,context_chto_by,non_atomic_edit_count,Чтобы он ни сказал решение принято. Утром редактор проверил адрес.,Что бы он ни сказал решение принято. Утром редактор проверил адрес.
1219,context_chto_by,non_atomic_edit_count,Что бы закончить работу нужно согласование. После звонка комиссия ждала письмо.,Чтобы закончить работу нужно согласование. После звонка комиссия ждала письмо.
1220,context_chto_by,non_atomic_edit_count,Чтобы он ни сказал решение принято. Вечером автор уточнил срок.,Что бы он ни сказал решение принято. Вечером автор уточнил срок.
1221,context_chto_by,non_atomic_edit_count,Что бы закончить работу нужно согласование. Затем отдел сохранил файл.,Чтобы закончить работу нужно согласование. Затем отдел сохранил файл.
1222,context_chto_by,non_atomic_edit_count,Чтобы он ни сказал решение принято. Позже группа приняла решение.,Что бы он ни сказал решение принято. Позже группа приняла решение.
1223,context_chto_by,non_atomic_edit_count,Что бы закончить работу нужно согласование. Утром служба сверила данные.,Чтобы закончить работу нужно согласование. Утром служба сверила данные.
1224,context_chto_by,non_atomic_edit_count,Чтобы он ни сказал решение принято. После совещания секретарь закрыл папку.,Что бы он ни сказал решение принято. После совещания секретарь закрыл папку.
1225,context_chto_by,non_atomic_edit_count,Что бы закончить работу нужно согласование. Вечером специалист обновил запись.,Чтобы закончить работу нужно согласование. Вечером специалист обновил запись.
1226,context_chto_by,non_atomic_edit_count,Чтобы он ни сказал решение принято. Затем редактор передал копию.,Что бы он ни сказал решение принято. Затем редактор передал копию.
1227,context_chto_by,non_atomic_edit_count,Что бы закончить работу нужно согласование. Позже автор открыл таблицу.,Чтобы закончить работу нужно согласование. Позже автор открыл таблицу.
1228,context_chto_by,non_atomic_edit_count,Чтобы он ни сказал решение принято. Утром комиссия согласовала дату.,Что бы он ни сказал решение принято. Утром комиссия согласовала дату.
1229,context_chto_by,non_atomic_edit_count,Что бы закончить работу нужно согласование. После проверки отдел отправил ответ.,Чтобы закончить работу нужно согласование. После проверки отдел отправил ответ.
1230,context_chto_by,non_atomic_edit_count,Чтобы он ни сказал решение принято. Вечером секретарь внес подпись.,Что бы он ни сказал решение принято. Вечером секретарь внес подпись.
1231,context_chto_by,non_atomic_edit_count,Что бы закончить работу нужно согласование. Затем группа закрыла журнал.,Чтобы закончить работу нужно согласование. Затем группа закрыла журнал.
1232,context_chto_by,non_atomic_edit_count,Чтобы он ни сказал решение принято. Позже служба уточнила маршрут.,Что бы он ни сказал решение принято. Позже служба уточнила маршрут.
1233,context_chto_by,non_atomic_edit_count,Что бы закончить работу нужно согласование. Утром аналитик проверил сводку.,Чтобы закончить работу нужно согласование. Утром аналитик проверил сводку.
1234,context_chto_by,non_atomic_edit_count,Чтобы он ни сказал решение принято. После обеда редактор принял письмо.,Что бы он ни сказал решение принято. После обеда редактор принял письмо.
1235,context_chto_by,non_atomic_edit_count,Что бы закончить работу нужно согласование. Вечером отдел обновил список.,Чтобы закончить работу нужно согласование. Вечером отдел обновил список.
1236,context_chto_by,non_atomic_edit_count,Чтобы он ни сказал решение принято. Затем автор сохранил документ.,Что бы он ни сказал решение принято. Затем автор сохранил документ.
1237,context_chto_by,non_atomic_edit_count,Что бы закончить работу нужно согласование. Позже комиссия открыла протокол.,Чтобы закончить работу нужно согласование. Позже комиссия открыла протокол.
1238,context_chto_by,non_atomic_edit_count,Чтобы он ни сказал решение принято. Утром секретарь отправил копию.,Что бы он ни сказал решение принято. Утром секретарь отправил копию.
1239,context_chto_by,non_atomic_edit_count,Что бы закончить работу нужно согласование. После звонка специалист уточнил срок.,Чтобы закончить работу нужно согласование. После звонка специалист уточнил срок.
1240,context_chto_by,non_atomic_edit_count,Чтобы он ни сказал решение принято. Вечером группа сверила даты.,Что бы он ни сказал решение принято. Вечером группа сверила даты.
1241,context_chto_by,non_atomic_edit_count,Что бы закончить работу нужно согласование. Затем отдел принял письмо.,Чтобы закончить работу нужно согласование. Затем отдел принял письмо.
1242,context_nesmotrya,non_atomic_edit_count,"Не смотря на заявление руководства отрядов индонезийской армии, базирующихся в Восточном Тиморе, о их намерении не допускать волнений и беспорядков, ни один солдат не пытается препятствовать милиции.","Несмотря на заявление руководства отрядов индонезийской армии, базирующихся в Восточном Тиморе, о их намерении не допускать волнений и беспорядков, ни один солдат не пытается препятствовать милиции."
1243,context_nesmotrya,non_atomic_edit_count,Не смотря на задержку проект завершили. Позже редактор сохранил копию.,Несмотря на задержку проект завершили. Позже редактор сохранил копию.
1244,context_nesmotrya,non_atomic_edit_count,Несмотря в документы он отвечал на вопросы. Утром комиссия вернулась к письму.,Не смотря в документы он отвечал на вопросы. Утром комиссия вернулась к письму.
1245,context_nesmotrya,non_atomic_edit_count,Не смотря на задержку проект завершили. После встречи файл остался в архиве.,Несмотря на задержку проект завершили. После встречи файл остался в архиве.
1246,context_nesmotrya,non_atomic_edit_count,Несмотря в документы он отвечал на вопросы. Вечером автор обновил сводку.,Не смотря в документы он отвечал на вопросы. Вечером автор обновил сводку.
1247,context_nesmotrya,non_atomic_edit_count,Не смотря на задержку проект завершили. Затем группа сверила подписи.,Несмотря на задержку проект завершили. Затем группа сверила подписи.
1248,context_nesmotrya,non_atomic_edit_count,Несмотря в документы он отвечал на вопросы. Позже служба отправила ответ.,Не смотря в документы он отвечал на вопросы. Позже служба отправила ответ.
1249,context_nesmotrya,non_atomic_edit_count,Не смотря на задержку проект завершили. Утром секретарь открыл папку.,Несмотря на задержку проект завершили. Утром секретарь открыл папку.
1250,context_nesmotrya,non_atomic_edit_count,Несмотря в документы он отвечал на вопросы. После проверки список закрыли.,Не смотря в документы он отвечал на вопросы. После проверки список закрыли.
1251,context_nesmotrya,non_atomic_edit_count,Не смотря на задержку проект завершили. Вечером руководитель принял правки.,Несмотря на задержку проект завершили. Вечером руководитель принял правки.
1252,context_nesmotrya,non_atomic_edit_count,Несмотря в документы он отвечал на вопросы. Затем аналитик обновил запись.,Не смотря в документы он отвечал на вопросы. Затем аналитик обновил запись.
1253,context_nesmotrya,non_atomic_edit_count,Не смотря на задержку проект завершили. Позже отдел уточнил дату.,Несмотря на задержку проект завершили. Позже отдел уточнил дату.
1254,context_nesmotrya,non_atomic_edit_count,Несмотря в документы он отвечал на вопросы. Утром курьер принес копию.,Не смотря в документы он отвечал на вопросы. Утром курьер принес копию.
1255,context_nesmotrya,non_atomic_edit_count,Не смотря на задержку проект завершили. После обеда автор сверил данные.,Несмотря на задержку проект завершили. После обеда автор сверил данные.
1256,context_nesmotrya,non_atomic_edit_count,Несмотря в документы он отвечал на вопросы. Вечером секретарь закрыл журнал.,Не смотря в документы он отвечал на вопросы. Вечером секретарь закрыл журнал.
1257,context_nesmotrya,non_atomic_edit_count,Не смотря на задержку проект завершили. Затем комиссия перенесла встречу.,Несмотря на задержку проект завершили. Затем комиссия перенесла встречу.
1258,context_nesmotrya,non_atomic_edit_count,Несмотря в документы он отвечал на вопросы. Позже архивариус обновил карточку.,Не смотря в документы он отвечал на вопросы. Позже архивариус обновил карточку.
1259,context_nesmotrya,non_atomic_edit_count,Не смотря на задержку проект завершили. Утром дежурный проверил подписи.,Несмотря на задержку проект завершили. Утром дежурный проверил подписи.
1260,context_nesmotrya,non_atomic_edit_count,Несмотря в документы он отвечал на вопросы. После звонка редактор открыл файл.,Не смотря в документы он отвечал на вопросы. После звонка редактор открыл файл.
1261,context_nesmotrya,non_atomic_edit_count,Не смотря на задержку проект завершили. Вечером группа согласовала срок.,Несмотря на задержку проект завершили. Вечером группа согласовала срок.
1262,context_nesmotrya,non_atomic_edit_count,Несмотря в документы он отвечал на вопросы. Затем отдел отправил письмо.,Не смотря в документы он отвечал на вопросы. Затем отдел отправил письмо.
1263,context_nesmotrya,non_atomic_edit_count,Не смотря на задержку проект завершили. Позже автор поправил заголовок.,Несмотря на задержку проект завершили. Позже автор поправил заголовок.
1264,context_nesmotrya,non_atomic_edit_count,Несмотря в документы он отвечал на вопросы. Утром команда сверила список.,Не смотря в документы он отвечал на вопросы. Утром команда сверила список.
1265,context_nesmotrya,non_atomic_edit_count,Не смотря на задержку проект завершили. После совещания документ приняли.,Несмотря на задержку проект завершили. После совещания документ приняли.
1266,context_nesmotrya,non_atomic_edit_count,Несмотря в документы он отвечал на вопросы. Вечером сотрудник закрыл заявку.,Не смотря в документы он отвечал на вопросы. Вечером сотрудник закрыл заявку.
1267,context_nesmotrya,non_atomic_edit_count,Не смотря на задержку проект завершили. Затем редактор сохранил таблицу.,Несмотря на задержку проект завершили. Затем редактор сохранил таблицу.
1268,context_nesmotrya,non_atomic_edit_count,Несмотря в документы он отвечал на вопросы. Позже руководитель уточнил адрес.,Не смотря в документы он отвечал на вопросы. Позже руководитель уточнил адрес.
1269,context_nesmotrya,non_atomic_edit_count,Не смотря на задержку проект завершили. Утром специалист открыл журнал.,Несмотря на задержку проект завершили. Утром специалист открыл журнал.
1270,context_nesmotrya,non_atomic_edit_count,Несмотря в документы он отвечал на вопросы. После проверки данные совпали.,Не смотря в документы он отвечал на вопросы. После проверки данные совпали.
1271,context_nesmotrya,non_atomic_edit_count,Не смотря на задержку проект завершили. Вечером служба передала копию.,Несмотря на задержку проект завершили. Вечером служба передала копию.
1272,context_nesmotrya,non_atomic_edit_count,Несмотря в документы он отвечал на вопросы. Затем автор подписал лист.,Не смотря в документы он отвечал на вопросы. Затем автор подписал лист.
1273,context_nesmotrya,non_atomic_edit_count,Не смотря на задержку проект завершили. Позже комиссия вернула письмо.,Несмотря на задержку проект завершили. Позже комиссия вернула письмо.
1274,context_nesmotrya,non_atomic_edit_count,Несмотря в документы он отвечал на вопросы. Утром отдел принял заявку.,Не смотря в документы он отвечал на вопросы. Утром отдел принял заявку.
1275,context_nesmotrya,non_atomic_edit_count,Не смотря на задержку проект завершили. После обеда секретарь внес дату.,Несмотря на задержку проект завершили. После обеда секретарь внес дату.
1276,context_nesmotrya,non_atomic_edit_count,Несмотря в документы он отвечал на вопросы. Вечером редактор проверил список.,Не смотря в документы он отвечал на вопросы. Вечером редактор проверил список.
1277,context_nesmotrya,non_atomic_edit_count,Не смотря на задержку проект завершили. Затем курьер доставил пакет.,Несмотря на задержку проект завершили. Затем курьер доставил пакет.
1278,context_nesmotrya,non_atomic_edit_count,Несмотря в документы он отвечал на вопросы. Позже аналитик сверил отчет.,Не смотря в документы он отвечал на вопросы. Позже аналитик сверил отчет.
1279,context_nesmotrya,non_atomic_edit_count,Не смотря на задержку проект завершили. Утром группа открыла архив.,Несмотря на задержку проект завершили. Утром группа открыла архив.
1280,context_nesmotrya,non_atomic_edit_count,Несмотря в документы он отвечал на вопросы. После встречи автор добавил подпись.,Не смотря в документы он отвечал на вопросы. После встречи автор добавил подпись.
1281,context_nesmotrya,non_atomic_edit_count,Не смотря на задержку проект завершили. Вечером отдел закрыл вопрос.,Несмотря на задержку проект завершили. Вечером отдел закрыл вопрос.
1282,context_nesmotrya,non_atomic_edit_count,Несмотря в документы он отвечал на вопросы. Затем специалист отправил ответ.,Не смотря в документы он отвечал на вопросы. Затем специалист отправил ответ.
1283,context_nesmotrya,non_atomic_edit_count,Не смотря на задержку проект завершили. Позже секретарь подготовил копию.,Несмотря на задержку проект завершили. Позже секретарь подготовил копию.
1284,context_nesmotrya,non_atomic_edit_count,Несмотря в документы он отвечал на вопросы. Утром редактор проверил адрес.,Не смотря в документы он отвечал на вопросы. Утром редактор проверил адрес.
1285,context_nesmotrya,non_atomic_edit_count,Не смотря на задержку проект завершили. После звонка комиссия ждала письмо.,Несмотря на задержку проект завершили. После звонка комиссия ждала письмо.
1286,context_nesmotrya,non_atomic_edit_count,Несмотря в документы он отвечал на вопросы. Вечером автор уточнил срок.,Не смотря в документы он отвечал на вопросы. Вечером автор уточнил срок.
1287,context_nesmotrya,non_atomic_edit_count,Не смотря на задержку проект завершили. Затем отдел сохранил файл.,Несмотря на задержку проект завершили. Затем отдел сохранил файл.
1288,context_nesmotrya,non_atomic_edit_count,Несмотря в документы он отвечал на вопросы. Позже группа приняла решение.,Не смотря в документы он отвечал на вопросы. Позже группа приняла решение.
1289,context_nesmotrya,non_atomic_edit_count,Не смотря на задержку проект завершили. Утром служба сверила данные.,Несмотря на задержку проект завершили. Утром служба сверила данные.
1290,context_nesmotrya,non_atomic_edit_count,Несмотря в документы он отвечал на вопросы. После совещания секретарь закрыл папку.,Не смотря в документы он отвечал на вопросы. После совещания секретарь закрыл папку.
1291,context_nesmotrya,non_atomic_edit_count,Не смотря на задержку проект завершили. Вечером специалист обновил запись.,Несмотря на задержку проект завершили. Вечером специалист обновил запись.
1292,context_nesmotrya,non_atomic_edit_count,Несмотря в документы он отвечал на вопросы. Затем редактор передал копию.,Не смотря в документы он отвечал на вопросы. Затем редактор передал копию.
1293,context_nesmotrya,non_atomic_edit_count,Не смотря на задержку проект завершили. Позже автор открыл таблицу.,Несмотря на задержку проект завершили. Позже автор открыл таблицу.
1294,context_nesmotrya,non_atomic_edit_count,Несмотря в документы он отвечал на вопросы. Утром комиссия согласовала дату.,Не смотря в документы он отвечал на вопросы. Утром комиссия согласовала дату.
1295,context_nesmotrya,non_atomic_edit_count,Не смотря на задержку проект завершили. После проверки отдел отправил ответ.,Несмотря на задержку проект завершили. После проверки отдел отправил ответ.
1296,context_nesmotrya,non_atomic_edit_count,Несмотря в документы он отвечал на вопросы. Вечером секретарь внес подпись.,Не смотря в документы он отвечал на вопросы. Вечером секретарь внес подпись.
1297,context_nesmotrya,non_atomic_edit_count,Не смотря на задержку проект завершили. Затем группа закрыла журнал.,Несмотря на задержку проект завершили. Затем группа закрыла журнал.
1298,context_nesmotrya,non_atomic_edit_count,Несмотря в документы он отвечал на вопросы. Позже служба уточнила маршрут.,Не смотря в документы он отвечал на вопросы. Позже служба уточнила маршрут.
1299,context_nesmotrya,non_atomic_edit_count,Не смотря на задержку проект завершили. Утром аналитик проверил сводку.,Несмотря на задержку проект завершили. Утром аналитик проверил сводку.
1300,context_nesmotrya,non_atomic_edit_count,Несмотря в документы он отвечал на вопросы. После обеда редактор принял письмо.,Не смотря в документы он отвечал на вопросы. После обеда редактор принял письмо.
1301,context_nesmotrya,non_atomic_edit_count,Не смотря на задержку проект завершили. Вечером отдел обновил список.,Несмотря на задержку проект завершили. Вечером отдел обновил список.
1302,context_nesmotrya,non_atomic_edit_count,Несмотря в документы он отвечал на вопросы. Затем автор сохранил документ.,Не смотря в документы он отвечал на вопросы. Затем автор сохранил документ.
1303,context_nesmotrya,non_atomic_edit_count,Не смотря на задержку проект завершили. Позже комиссия открыла протокол.,Несмотря на задержку проект завершили. Позже комиссия открыла протокол.
1304,context_nesmotrya,non_atomic_edit_count,Несмотря в документы он отвечал на вопросы. Утром секретарь отправил копию.,Не смотря в документы он отвечал на вопросы. Утром секретарь отправил копию.
1305,context_nesmotrya,non_atomic_edit_count,Не смотря на задержку проект завершили. После звонка специалист уточнил срок.,Несмотря на задержку проект завершили. После звонка специалист уточнил срок.
1306,context_nesmotrya,non_atomic_edit_count,Несмотря в документы он отвечал на вопросы. Вечером группа сверила даты.,Не смотря в документы он отвечал на вопросы. Вечером группа сверила даты.
1307,context_nesmotrya,non_atomic_edit_count,Не смотря на задержку проект завершили. Затем отдел принял письмо.,Несмотря на задержку проект завершили. Затем отдел принял письмо.
1308,context_nesmotrya,non_atomic_edit_count,Несмотря в документы он отвечал на вопросы. Позже редактор сохранил копию.,Не смотря в документы он отвечал на вопросы. Позже редактор сохранил копию.
1309,context_nesmotrya,non_atomic_edit_count,Не смотря на задержку проект завершили. Утром комиссия вернулась к письму.,Несмотря на задержку проект завершили. Утром комиссия вернулась к письму.
1310,context_nesmotrya,non_atomic_edit_count,Несмотря в документы он отвечал на вопросы. После встречи файл остался в архиве.,Не смотря в документы он отвечал на вопросы. После встречи файл остался в архиве.
1311,context_nesmotrya,non_atomic_edit_count,Не смотря на задержку проект завершили. Вечером автор обновил сводку.,Несмотря на задержку проект завершили. Вечером автор обновил сводку.
1312,context_nesmotrya,non_atomic_edit_count,Несмотря в документы он отвечал на вопросы. Затем группа сверила подписи.,Не смотря в документы он отвечал на вопросы. Затем группа сверила подписи.
1313,context_nesmotrya,non_atomic_edit_count,Не смотря на задержку проект завершили. Позже служба отправила ответ.,Несмотря на задержку проект завершили. Позже служба отправила ответ.
1314,context_nesmotrya,non_atomic_edit_count,Несмотря в документы он отвечал на вопросы. Утром секретарь открыл папку.,Не смотря в документы он отвечал на вопросы. Утром секретарь открыл папку.
1315,context_nesmotrya,non_atomic_edit_count,Не смотря на задержку проект завершили. После проверки список закрыли.,Несмотря на задержку проект завершили. После проверки список закрыли.
1316,context_nesmotrya,non_atomic_edit_count,Несмотря в документы он отвечал на вопросы. Вечером руководитель принял правки.,Не смотря в документы он отвечал на вопросы. Вечером руководитель принял правки.
1317,context_nesmotrya,non_atomic_edit_count,Не смотря на задержку проект завершили. Затем аналитик обновил запись.,Несмотря на задержку проект завершили. Затем аналитик обновил запись.
1318,context_nesmotrya,non_atomic_edit_count,Несмотря в документы он отвечал на вопросы. Позже отдел уточнил дату.,Не смотря в документы он отвечал на вопросы. Позже отдел уточнил дату.
1319,context_nesmotrya,non_atomic_edit_count,Не смотря на задержку проект завершили. Утром курьер принес копию.,Несмотря на задержку проект завершили. Утром курьер принес копию.
1320,context_nesmotrya,non_atomic_edit_count,Несмотря в документы он отвечал на вопросы. После обеда автор сверил данные.,Не смотря в документы он отвечал на вопросы. После обеда автор сверил данные.
1321,context_nesmotrya,non_atomic_edit_count,Не смотря на задержку проект завершили. Вечером секретарь закрыл журнал.,Несмотря на задержку проект завершили. Вечером секретарь закрыл журнал.
1322,context_nesmotrya,non_atomic_edit_count,Несмотря в документы он отвечал на вопросы. Затем комиссия перенесла встречу.,Не смотря в документы он отвечал на вопросы. Затем комиссия перенесла встречу.
1323,context_nesmotrya,non_atomic_edit_count,Не смотря на задержку проект завершили. Позже архивариус обновил карточку.,Несмотря на задержку проект завершили. Позже архивариус обновил карточку.
1324,context_nesmotrya,non_atomic_edit_count,Несмотря в документы он отвечал на вопросы. Утром дежурный проверил подписи.,Не смотря в документы он отвечал на вопросы. Утром дежурный проверил подписи.
1325,context_nesmotrya,non_atomic_edit_count,Не смотря на задержку проект завершили. После звонка редактор открыл файл.,Несмотря на задержку проект завершили. После звонка редактор открыл файл.
1326,context_nesmotrya,non_atomic_edit_count,Несмотря в документы он отвечал на вопросы. Вечером группа согласовала срок.,Не смотря в документы он отвечал на вопросы. Вечером группа согласовала срок.
1327,context_nesmotrya,non_atomic_edit_count,Не смотря на задержку проект завершили. Затем отдел отправил письмо.,Несмотря на задержку проект завершили. Затем отдел отправил письмо.
1328,context_nesmotrya,non_atomic_edit_count,Несмотря в документы он отвечал на вопросы. Позже автор поправил заголовок.,Не смотря в документы он отвечал на вопросы. Позже автор поправил заголовок.
1329,context_nesmotrya,non_atomic_edit_count,Не смотря на задержку проект завершили. Утром команда сверила список.,Несмотря на задержку проект завершили. Утром команда сверила список.
1330,context_nesmotrya,non_atomic_edit_count,Несмотря в документы он отвечал на вопросы. После совещания документ приняли.,Не смотря в документы он отвечал на вопросы. После совещания документ приняли.
1331,context_nesmotrya,non_atomic_edit_count,Не смотря на задержку проект завершили. Вечером сотрудник закрыл заявку.,Несмотря на задержку проект завершили. Вечером сотрудник закрыл заявку.
1332,context_nesmotrya,non_atomic_edit_count,Несмотря в документы он отвечал на вопросы. Затем редактор сохранил таблицу.,Не смотря в документы он отвечал на вопросы. Затем редактор сохранил таблицу.
1333,context_nesmotrya,non_atomic_edit_count,Не смотря на задержку проект завершили. Позже руководитель уточнил адрес.,Несмотря на задержку проект завершили. Позже руководитель уточнил адрес.
1334,context_nesmotrya,non_atomic_edit_count,Несмотря в документы он отвечал на вопросы. Утром специалист открыл журнал.,Не смотря в документы он отвечал на вопросы. Утром специалист открыл журнал.
1335,context_nesmotrya,non_atomic_edit_count,Не смотря на задержку проект завершили. После проверки данные совпали.,Несмотря на задержку проект завершили. После проверки данные совпали.
1336,context_nesmotrya,non_atomic_edit_count,Несмотря в документы он отвечал на вопросы. Вечером служба передала копию.,Не смотря в документы он отвечал на вопросы. Вечером служба передала копию.
1337,context_nesmotrya,non_atomic_edit_count,Не смотря на задержку проект завершили. Затем автор подписал лист.,Несмотря на задержку проект завершили. Затем автор подписал лист.
1338,context_nesmotrya,non_atomic_edit_count,Несмотря в документы он отвечал на вопросы. Позже комиссия вернула письмо.,Не смотря в документы он отвечал на вопросы. Позже комиссия вернула письмо.
1339,context_nesmotrya,non_atomic_edit_count,Не смотря на задержку проект завершили. Утром отдел принял заявку.,Несмотря на задержку проект завершили. Утром отдел принял заявку.
1340,context_nesmotrya,non_atomic_edit_count,Несмотря в документы он отвечал на вопросы. После обеда секретарь внес дату.,Не смотря в документы он отвечал на вопросы. После обеда секретарь внес дату.
1341,context_nesmotrya,non_atomic_edit_count,Не смотря на задержку проект завершили. Вечером редактор проверил список.,Несмотря на задержку проект завершили. Вечером редактор проверил список.
1342,context_nesmotrya,non_atomic_edit_count,Несмотря в документы он отвечал на вопросы. Затем курьер доставил пакет.,Не смотря в документы он отвечал на вопросы. Затем курьер доставил пакет.
1343,context_nesmotrya,non_atomic_edit_count,Не смотря на задержку проект завершили. Позже аналитик сверил отчет.,Несмотря на задержку проект завершили. Позже аналитик сверил отчет.
1344,context_nesmotrya,non_atomic_edit_count,Несмотря в документы он отвечал на вопросы. Утром группа открыла архив.,Не смотря в документы он отвечал на вопросы. Утром группа открыла архив.
1345,context_nesmotrya,non_atomic_edit_count,Не смотря на задержку проект завершили. После встречи автор добавил подпись.,Несмотря на задержку проект завершили. После встречи автор добавил подпись.
1346,context_nesmotrya,non_atomic_edit_count,Несмотря в документы он отвечал на вопросы. Вечером отдел закрыл вопрос.,Не смотря в документы он отвечал на вопросы. Вечером отдел закрыл вопрос.
1347,context_nesmotrya,non_atomic_edit_count,Не смотря на задержку проект завершили. Затем специалист отправил ответ.,Несмотря на задержку проект завершили. Затем специалист отправил ответ.
1348,context_nesmotrya,non_atomic_edit_count,Несмотря в документы он отвечал на вопросы. Позже секретарь подготовил копию.,Не смотря в документы он отвечал на вопросы. Позже секретарь подготовил копию.
1349,context_nesmotrya,non_atomic_edit_count,Не смотря на задержку проект завершили. Утром редактор проверил адрес.,Несмотря на задержку проект завершили. Утром редактор проверил адрес.
1350,context_nesmotrya,non_atomic_edit_count,Несмотря в документы он отвечал на вопросы. После звонка комиссия ждала письмо.,Не смотря в документы он отвечал на вопросы. После звонка комиссия ждала письмо.
1351,context_nesmotrya,non_atomic_edit_count,Не смотря на задержку проект завершили. Вечером автор уточнил срок.,Несмотря на задержку проект завершили. Вечером автор уточнил срок.
1352,context_nesmotrya,non_atomic_edit_count,Несмотря в документы он отвечал на вопросы. Затем отдел сохранил файл.,Не смотря в документы он отвечал на вопросы. Затем отдел сохранил файл.
1353,context_nesmotrya,non_atomic_edit_count,Не смотря на задержку проект завершили. Позже группа приняла решение.,Несмотря на задержку проект завершили. Позже группа приняла решение.
1354,context_nesmotrya,non_atomic_edit_count,Несмотря в документы он отвечал на вопросы. Утром служба сверила данные.,Не смотря в документы он отвечал на вопросы. Утром служба сверила данные.
1355,context_nesmotrya,non_atomic_edit_count,Не смотря на задержку проект завершили. После совещания секретарь закрыл папку.,Несмотря на задержку проект завершили. После совещания секретарь закрыл папку.
1356,context_nesmotrya,non_atomic_edit_count,Несмотря в документы он отвечал на вопросы. Вечером специалист обновил запись.,Не смотря в документы он отвечал на вопросы. Вечером специалист обновил запись.
1357,context_nesmotrya,non_atomic_edit_count,Не смотря на задержку проект завершили. Затем редактор передал копию.,Несмотря на задержку проект завершили. Затем редактор передал копию.
1358,context_nesmotrya,non_atomic_edit_count,Несмотря в документы он отвечал на вопросы. Позже автор открыл таблицу.,Не смотря в документы он отвечал на вопросы. Позже автор открыл таблицу.
1359,context_nesmotrya,non_atomic_edit_count,Не смотря на задержку проект завершили. Утром комиссия согласовала дату.,Несмотря на задержку проект завершили. Утром комиссия согласовала дату.
1360,context_nesmotrya,non_atomic_edit_count,Несмотря в документы он отвечал на вопросы. После проверки отдел отправил ответ.,Не смотря в документы он отвечал на вопросы. После проверки отдел отправил ответ.
1361,context_nesmotrya,non_atomic_edit_count,Не смотря на задержку проект завершили. Вечером секретарь внес подпись.,Несмотря на задержку проект завершили. Вечером секретарь внес подпись.
1362,context_nesmotrya,non_atomic_edit_count,Несмотря в документы он отвечал на вопросы. Затем группа закрыла журнал.,Не смотря в документы он отвечал на вопросы. Затем группа закрыла журнал.
1363,context_nesmotrya,non_atomic_edit_count,Не смотря на задержку проект завершили. Позже служба уточнила маршрут.,Несмотря на задержку проект завершили. Позже служба уточнила маршрут.
1364,context_nesmotrya,non_atomic_edit_count,Несмотря в документы он отвечал на вопросы. Утром аналитик проверил сводку.,Не смотря в документы он отвечал на вопросы. Утром аналитик проверил сводку.
1365,context_nesmotrya,non_atomic_edit_count,Не смотря на задержку проект завершили. После обеда редактор принял письмо.,Несмотря на задержку проект завершили. После обеда редактор принял письмо.
1366,context_nesmotrya,non_atomic_edit_count,Несмотря в документы он отвечал на вопросы. Вечером отдел обновил список.,Не смотря в документы он отвечал на вопросы. Вечером отдел обновил список.
1367,context_nesmotrya,non_atomic_edit_count,Не смотря на задержку проект завершили. Затем автор сохранил документ.,Несмотря на задержку проект завершили. Затем автор сохранил документ.
1368,context_nesmotrya,non_atomic_edit_count,Несмотря в документы он отвечал на вопросы. Позже комиссия открыла протокол.,Не смотря в документы он отвечал на вопросы. Позже комиссия открыла протокол.
1369,context_nesmotrya,non_atomic_edit_count,Не смотря на задержку проект завершили. Утром секретарь отправил копию.,Несмотря на задержку проект завершили. Утром секретарь отправил копию.
1370,context_nesmotrya,non_atomic_edit_count,Несмотря в документы он отвечал на вопросы. После звонка специалист уточнил срок.,Не смотря в документы он отвечал на вопросы. После звонка специалист уточнил срок.
1371,context_nesmotrya,non_atomic_edit_count,Не смотря на задержку проект завершили. Вечером группа сверила даты.,Несмотря на задержку проект завершили. Вечером группа сверила даты.
1372,context_nesmotrya,non_atomic_edit_count,Несмотря в документы он отвечал на вопросы. Затем отдел принял письмо.,Не смотря в документы он отвечал на вопросы. Затем отдел принял письмо.
1373,context_tak_zhe,non_atomic_edit_count,"Также, как и предыдущий, июльский, новый транш в случае выделения не будет перечислен в Россию, а сразу пойдет на погашение задолженности перед МВФ.","Так же, как и предыдущий, июльский, новый транш в случае выделения не будет перечислен в Россию, а сразу пойдет на погашение задолженности перед МВФ."
1374,context_tak_zhe,non_atomic_edit_count,"Также как и предыдущий доклад, новый аудит будет проведен компанией ""Прайс уотерхаус"".","Так же как и предыдущий доклад, новый аудит будет проведен компанией ""Прайс уотерхаус""."
1375,context_tak_zhe,strict_validator_rejected,"Вертолеты федеральных сил вчера нанесли 8 ракетных ударов по позициям боевиков в районах горы Чабан, а так же в километре восточнее села Дуранги и в полутора километрах от того села.","Вертолеты федеральных сил вчера нанесли 8 ракетных ударов по позициям боевиков в районах горы Чабан, а также в километре восточнее села Дуранги и в полутора километрах от того села."
1376,context_tak_zhe,strict_validator_rejected,"По боевым позициям исламистов так же вела ""сосредоточенный огонь"" артиллерия.Удалось перехватить радиосообщений исламистов, в которых они просят о помощи у своих единомышленников в Чечне и Дагестане.","По боевым позициям исламистов также вела ""сосредоточенный огонь"" артиллерия.Удалось перехватить радиосообщений исламистов, в которых они просят о помощи у своих единомышленников в Чечне и Дагестане."
1377,context_tak_zhe,strict_validator_rejected,"30 августа вертолеты федеральных сил нанесли восемь ракетных ударов по позициям боевиков в районах горы Чабан, а так же в километре восточнее села Дуранги и в полутора километрах от того села.","30 августа вертолеты федеральных сил нанесли восемь ракетных ударов по позициям боевиков в районах горы Чабан, а также в километре восточнее села Дуранги и в полутора километрах от того села."
1378,context_tak_zhe,strict_validator_rejected,"По боевым позициям исламистов так же вела ""сосредоточенный огонь"" артиллерия.","По боевым позициям исламистов также вела ""сосредоточенный огонь"" артиллерия."
1379,context_tak_zhe,strict_validator_rejected,"В резолюции так же выражено категорическое несогласие с решением Верховного суда Карачаево-Черкесии, который подтвердил законность избрания главы республики Владимира Семенова.","В резолюции также выражено категорическое несогласие с решением Верховного суда Карачаево-Черкесии, который подтвердил законность избрания главы республики Владимира Семенова."
1380,context_tak_zhe,strict_validator_rejected,"Коржаков так же предложил принять закон о гарантиях бывшему президенту и его семье, поскольку ""все неурядицы сейчас из-за того, что семья мечется и не знает, что будет потом"".","Коржаков также предложил принять закон о гарантиях бывшему президенту и его семье, поскольку ""все неурядицы сейчас из-за того, что семья мечется и не знает, что будет потом""."
1381,context_tak_zhe,strict_validator_rejected,Изъяты так же листовки и газеты национал-большевистской партии.,Изъяты также листовки и газеты национал-большевистской партии.
1382,context_tak_zhe,non_atomic_edit_count,"Так же сообщается, что в ночь на 31 августа шесть боевиковатаковали село Сохо (в районе киргизско-узбекской границы).","Также сообщается, что в ночь на 31 августа шесть боевиковатаковали село Сохо (в районе киргизско-узбекской границы)."
1383,context_tak_zhe,strict_validator_rejected,Был так же подожжен дом генерального консула США в китайском городе Ченду.,Был также подожжен дом генерального консула США в китайском городе Ченду.
1384,context_tak_zhe,strict_validator_rejected,"Пока неясно так же, будет ли Китай и дальше требовать ""сурового наказания виновных"".","Пока неясно также, будет ли Китай и дальше требовать ""сурового наказания виновных""."
1385,context_tak_zhe,strict_validator_rejected,"Кроме того, по мнению представителей американских спецслужб, возможны так же разнообразные провокации международного уровня.","Кроме того, по мнению представителей американских спецслужб, возможны также разнообразные провокации международного уровня."
1386,context_tak_zhe,strict_validator_rejected,"ФБР так же отмечает, что ""Ошибка-2000"" может стать удобным поводом для хакерских атак.","ФБР также отмечает, что ""Ошибка-2000"" может стать удобным поводом для хакерских атак."
1387,context_tak_zhe,strict_validator_rejected,Биржа так же предпринимает шаги по развитию рынка этого единого европейского платежного средства.,Биржа также предпринимает шаги по развитию рынка этого единого европейского платежного средства.
1388,context_tak_zhe,non_atomic_edit_count,"Так же ""Интерфаксу"" стало известно об общем количестве разминированных инженерными войсками взрывоопасных предметов в Ботлихском и Цумадинском районах - две с половиной тысячи.","Также ""Интерфаксу"" стало известно об общем количестве разминированных инженерными войсками взрывоопасных предметов в Ботлихском и Цумадинском районах - две с половиной тысячи."
1389,context_tak_zhe,strict_validator_rejected,"Задержаны так же члены такназываемой ""исламской шуры Дагестана"", у которых изъятаспециальная литература и 33 видеокассеты.","Задержаны также члены такназываемой ""исламской шуры Дагестана"", у которых изъятаспециальная литература и 33 видеокассеты."
1390,context_tak_zhe,strict_validator_rejected,В связи с режимом чрезвычайного положения в Чечне закрыты так же все местные телекомпании.,В связи с режимом чрезвычайного положения в Чечне закрыты также все местные телекомпании.
1391,context_tak_zhe,strict_validator_rejected,"В нем так же было указано, что группа ""постарается удержать других курдов от применения оружия"", и что Курдская рабочая партия будет теперь действовать как политическая организация.","В нем также было указано, что группа ""постарается удержать других курдов от применения оружия"", и что Курдская рабочая партия будет теперь действовать как политическая организация."
1392,context_tak_zhe,strict_validator_rejected,"Задорнов не исключил так же, что будет баллотироваться по одномандатному округу.","Задорнов не исключил также, что будет баллотироваться по одномандатному округу."
1393,context_tak_zhe,strict_validator_rejected,"Путин так же поручил министру экономики России подготовить для рассмотрения на заседании правительства вопрос о строительстве на Нижнетагильском металлургическом комбинате ""Стана-5000"".","Путин также поручил министру экономики России подготовить для рассмотрения на заседании правительства вопрос о строительстве на Нижнетагильском металлургическом комбинате ""Стана-5000""."
1394,context_tak_zhe,strict_validator_rejected,"В зоне инфекции сегодня ведется очистка подвалов жилых домови родника, в котором так же обнаружен холерный вибрион.","В зоне инфекции сегодня ведется очистка подвалов жилых домови родника, в котором также обнаружен холерный вибрион."
1395,context_tak_zhe,strict_validator_rejected,"Жители Восточного Тимора бегут и на соседние острова, такие как Бали, а так же скрываются в горах.","Жители Восточного Тимора бегут и на соседние острова, такие как Бали, а также скрываются в горах."
1396,context_tak_zhe,strict_validator_rejected,"ООН обвиняет так же полицию Индонезии в том, что она она бездействует и даже возможно поддерживает восточно-тиморскую милицию, устроившую террор.","ООН обвиняет также полицию Индонезии в том, что она она бездействует и даже возможно поддерживает восточно-тиморскую милицию, устроившую террор."
1397,context_tak_zhe,strict_validator_rejected,Большинство иностранных журналистов и представителей различных международных организаций так же спешно покидают Восточный Тимор.,Большинство иностранных журналистов и представителей различных международных организаций также спешно покидают Восточный Тимор.
1398,context_tak_zhe,strict_validator_rejected,Он сделал также как коллега. Позже редактор сохранил копию.,Он сделал так же как коллега. Позже редактор сохранил копию.
1399,context_tak_zhe,strict_validator_rejected,Редактор поступил также как автор. Утром комиссия вернулась к письму.,Редактор поступил так же как автор. Утром комиссия вернулась к письму.
1400,context_tak_zhe,strict_validator_rejected,Он сделал также как коллега. После встречи файл остался в архиве.,Он сделал так же как коллега. После встречи файл остался в архиве.
1401,context_tak_zhe,strict_validator_rejected,Редактор поступил также как автор. Вечером автор обновил сводку.,Редактор поступил так же как автор. Вечером автор обновил сводку.
1402,context_tak_zhe,strict_validator_rejected,Он сделал также как коллега. Затем группа сверила подписи.,Он сделал так же как коллега. Затем группа сверила подписи.
1403,context_tak_zhe,strict_validator_rejected,Редактор поступил также как автор. Позже служба отправила ответ.,Редактор поступил так же как автор. Позже служба отправила ответ.
1404,context_tak_zhe,strict_validator_rejected,Он сделал также как коллега. Утром секретарь открыл папку.,Он сделал так же как коллега. Утром секретарь открыл папку.
1405,context_tak_zhe,strict_validator_rejected,Редактор поступил также как автор. После проверки список закрыли.,Редактор поступил так же как автор. После проверки список закрыли.
1406,context_tak_zhe,strict_validator_rejected,Он сделал также как коллега. Вечером руководитель принял правки.,Он сделал так же как коллега. Вечером руководитель принял правки.
1407,context_tak_zhe,strict_validator_rejected,Редактор поступил также как автор. Затем аналитик обновил запись.,Редактор поступил так же как автор. Затем аналитик обновил запись.
1408,context_tak_zhe,strict_validator_rejected,Он сделал также как коллега. Позже отдел уточнил дату.,Он сделал так же как коллега. Позже отдел уточнил дату.
1409,context_tak_zhe,strict_validator_rejected,Редактор поступил также как автор. Утром курьер принес копию.,Редактор поступил так же как автор. Утром курьер принес копию.
1410,context_tak_zhe,strict_validator_rejected,Он сделал также как коллега. После обеда автор сверил данные.,Он сделал так же как коллега. После обеда автор сверил данные.
1411,context_tak_zhe,strict_validator_rejected,Редактор поступил также как автор. Вечером секретарь закрыл журнал.,Редактор поступил так же как автор. Вечером секретарь закрыл журнал.
1412,context_tak_zhe,strict_validator_rejected,Он сделал также как коллега. Затем комиссия перенесла встречу.,Он сделал так же как коллега. Затем комиссия перенесла встречу.
1413,context_tak_zhe,strict_validator_rejected,Редактор поступил также как автор. Позже архивариус обновил карточку.,Редактор поступил так же как автор. Позже архивариус обновил карточку.
1414,context_tak_zhe,strict_validator_rejected,Он сделал также как коллега. Утром дежурный проверил подписи.,Он сделал так же как коллега. Утром дежурный проверил подписи.
1415,context_tak_zhe,strict_validator_rejected,Редактор поступил также как автор. После звонка редактор открыл файл.,Редактор поступил так же как автор. После звонка редактор открыл файл.
1416,context_tak_zhe,strict_validator_rejected,Он сделал также как коллега. Вечером группа согласовала срок.,Он сделал так же как коллега. Вечером группа согласовала срок.
1417,context_tak_zhe,strict_validator_rejected,Редактор поступил также как автор. Затем отдел отправил письмо.,Редактор поступил так же как автор. Затем отдел отправил письмо.
1418,context_tak_zhe,strict_validator_rejected,Он сделал также как коллега. Позже автор поправил заголовок.,Он сделал так же как коллега. Позже автор поправил заголовок.
1419,context_tak_zhe,strict_validator_rejected,Редактор поступил также как автор. Утром команда сверила список.,Редактор поступил так же как автор. Утром команда сверила список.
1420,context_tak_zhe,strict_validator_rejected,Он сделал также как коллега. После совещания документ приняли.,Он сделал так же как коллега. После совещания документ приняли.
1421,context_tak_zhe,strict_validator_rejected,Редактор поступил также как автор. Вечером сотрудник закрыл заявку.,Редактор поступил так же как автор. Вечером сотрудник закрыл заявку.
1422,context_tak_zhe,strict_validator_rejected,Он сделал также как коллега. Затем редактор сохранил таблицу.,Он сделал так же как коллега. Затем редактор сохранил таблицу.
1423,context_tak_zhe,strict_validator_rejected,Редактор поступил также как автор. Позже руководитель уточнил адрес.,Редактор поступил так же как автор. Позже руководитель уточнил адрес.
1424,context_tak_zhe,strict_validator_rejected,Он сделал также как коллега. Утром специалист открыл журнал.,Он сделал так же как коллега. Утром специалист открыл журнал.
1425,context_tak_zhe,strict_validator_rejected,Редактор поступил также как автор. После проверки данные совпали.,Редактор поступил так же как автор. После проверки данные совпали.
1426,context_tak_zhe,strict_validator_rejected,Он сделал также как коллега. Вечером служба передала копию.,Он сделал так же как коллега. Вечером служба передала копию.
1427,context_tak_zhe,strict_validator_rejected,Редактор поступил также как автор. Затем автор подписал лист.,Редактор поступил так же как автор. Затем автор подписал лист.
1428,context_tak_zhe,strict_validator_rejected,Он сделал также как коллега. Позже комиссия вернула письмо.,Он сделал так же как коллега. Позже комиссия вернула письмо.
1429,context_tak_zhe,strict_validator_rejected,Редактор поступил также как автор. Утром отдел принял заявку.,Редактор поступил так же как автор. Утром отдел принял заявку.
1430,context_tak_zhe,strict_validator_rejected,Он сделал также как коллега. После обеда секретарь внес дату.,Он сделал так же как коллега. После обеда секретарь внес дату.
1431,context_tak_zhe,strict_validator_rejected,Редактор поступил также как автор. Вечером редактор проверил список.,Редактор поступил так же как автор. Вечером редактор проверил список.
1432,context_tak_zhe,strict_validator_rejected,Он сделал также как коллега. Затем курьер доставил пакет.,Он сделал так же как коллега. Затем курьер доставил пакет.
1433,context_tak_zhe,strict_validator_rejected,Редактор поступил также как автор. Позже аналитик сверил отчет.,Редактор поступил так же как автор. Позже аналитик сверил отчет.
1434,context_tak_zhe,strict_validator_rejected,Он сделал также как коллега. Утром группа открыла архив.,Он сделал так же как коллега. Утром группа открыла архив.
1435,context_tak_zhe,strict_validator_rejected,Редактор поступил также как автор. После встречи автор добавил подпись.,Редактор поступил так же как автор. После встречи автор добавил подпись.
1436,context_tak_zhe,strict_validator_rejected,Он сделал также как коллега. Вечером отдел закрыл вопрос.,Он сделал так же как коллега. Вечером отдел закрыл вопрос.
1437,context_tak_zhe,strict_validator_rejected,Редактор поступил также как автор. Затем специалист отправил ответ.,Редактор поступил так же как автор. Затем специалист отправил ответ.
1438,context_tak_zhe,strict_validator_rejected,Он сделал также как коллега. Позже секретарь подготовил копию.,Он сделал так же как коллега. Позже секретарь подготовил копию.
1439,context_tak_zhe,strict_validator_rejected,Редактор поступил также как автор. Утром редактор проверил адрес.,Редактор поступил так же как автор. Утром редактор проверил адрес.
1440,context_tak_zhe,strict_validator_rejected,Он сделал также как коллега. После звонка комиссия ждала письмо.,Он сделал так же как коллега. После звонка комиссия ждала письмо.
1441,context_tak_zhe,strict_validator_rejected,Редактор поступил также как автор. Вечером автор уточнил срок.,Редактор поступил так же как автор. Вечером автор уточнил срок.
1442,context_tak_zhe,strict_validator_rejected,Он сделал также как коллега. Затем отдел сохранил файл.,Он сделал так же как коллега. Затем отдел сохранил файл.
1443,context_tak_zhe,strict_validator_rejected,Редактор поступил также как автор. Позже группа приняла решение.,Редактор поступил так же как автор. Позже группа приняла решение.
1444,context_tak_zhe,strict_validator_rejected,Он сделал также как коллега. Утром служба сверила данные.,Он сделал так же как коллега. Утром служба сверила данные.
1445,context_tak_zhe,strict_validator_rejected,Редактор поступил также как автор. После совещания секретарь закрыл папку.,Редактор поступил так же как автор. После совещания секретарь закрыл папку.
1446,context_tak_zhe,strict_validator_rejected,Он сделал также как коллега. Вечером специалист обновил запись.,Он сделал так же как коллега. Вечером специалист обновил запись.
1447,context_tak_zhe,strict_validator_rejected,Редактор поступил также как автор. Затем редактор передал копию.,Редактор поступил так же как автор. Затем редактор передал копию.
1448,context_tak_zhe,strict_validator_rejected,Он сделал также как коллега. Позже автор открыл таблицу.,Он сделал так же как коллега. Позже автор открыл таблицу.
1449,context_tak_zhe,strict_validator_rejected,Редактор поступил также как автор. Утром комиссия согласовала дату.,Редактор поступил так же как автор. Утром комиссия согласовала дату.
1450,context_tak_zhe,strict_validator_rejected,Он сделал также как коллега. После проверки отдел отправил ответ.,Он сделал так же как коллега. После проверки отдел отправил ответ.
1451,context_tak_zhe,strict_validator_rejected,Редактор поступил также как автор. Вечером секретарь внес подпись.,Редактор поступил так же как автор. Вечером секретарь внес подпись.
1452,context_tak_zhe,strict_validator_rejected,Он сделал также как коллега. Затем группа закрыла журнал.,Он сделал так же как коллега. Затем группа закрыла журнал.
1453,context_tak_zhe,strict_validator_rejected,Редактор поступил также как автор. Позже служба уточнила маршрут.,Редактор поступил так же как автор. Позже служба уточнила маршрут.
1454,context_tak_zhe,strict_validator_rejected,Он сделал также как коллега. Утром аналитик проверил сводку.,Он сделал так же как коллега. Утром аналитик проверил сводку.
1455,context_tak_zhe,strict_validator_rejected,Редактор поступил также как автор. После обеда редактор принял письмо.,Редактор поступил так же как автор. После обеда редактор принял письмо.
1456,context_tak_zhe,strict_validator_rejected,Он сделал также как коллега. Вечером отдел обновил список.,Он сделал так же как коллега. Вечером отдел обновил список.
1457,context_tak_zhe,strict_validator_rejected,Редактор поступил также как автор. Затем автор сохранил документ.,Редактор поступил так же как автор. Затем автор сохранил документ.
1458,context_tak_zhe,strict_validator_rejected,Он сделал также как коллега. Позже комиссия открыла протокол.,Он сделал так же как коллега. Позже комиссия открыла протокол.
1459,context_tak_zhe,strict_validator_rejected,Редактор поступил также как автор. Утром секретарь отправил копию.,Редактор поступил так же как автор. Утром секретарь отправил копию.
1460,context_tak_zhe,strict_validator_rejected,Он сделал также как коллега. После звонка специалист уточнил срок.,Он сделал так же как коллега. После звонка специалист уточнил срок.
1461,context_tak_zhe,strict_validator_rejected,Редактор поступил также как автор. Вечером группа сверила даты.,Редактор поступил так же как автор. Вечером группа сверила даты.
1462,context_tak_zhe,strict_validator_rejected,Он сделал также как коллега. Затем отдел принял письмо.,Он сделал так же как коллега. Затем отдел принял письмо.
1463,context_tak_zhe,strict_validator_rejected,Редактор поступил также как автор. Позже редактор сохранил копию.,Редактор поступил так же как автор. Позже редактор сохранил копию.
1464,context_tak_zhe,strict_validator_rejected,Он сделал также как коллега. Утром комиссия вернулась к письму.,Он сделал так же как коллега. Утром комиссия вернулась к письму.
1465,context_tak_zhe,strict_validator_rejected,Редактор поступил также как автор. После встречи файл остался в архиве.,Редактор поступил так же как автор. После встречи файл остался в архиве.
1466,context_tak_zhe,strict_validator_rejected,Он сделал также как коллега. Вечером автор обновил сводку.,Он сделал так же как коллега. Вечером автор обновил сводку.
1467,context_tak_zhe,strict_validator_rejected,Редактор поступил также как автор. Затем группа сверила подписи.,Редактор поступил так же как автор. Затем группа сверила подписи.
1468,context_tak_zhe,strict_validator_rejected,Он сделал также как коллега. Позже служба отправила ответ.,Он сделал так же как коллега. Позже служба отправила ответ.
1469,context_tak_zhe,strict_validator_rejected,Редактор поступил также как автор. Утром секретарь открыл папку.,Редактор поступил так же как автор. Утром секретарь открыл папку.
1470,context_tak_zhe,strict_validator_rejected,Он сделал также как коллега. После проверки список закрыли.,Он сделал так же как коллега. После проверки список закрыли.
1471,context_tak_zhe,strict_validator_rejected,Редактор поступил также как автор. Вечером руководитель принял правки.,Редактор поступил так же как автор. Вечером руководитель принял правки.
1472,context_tak_zhe,strict_validator_rejected,Он сделал также как коллега. Затем аналитик обновил запись.,Он сделал так же как коллега. Затем аналитик обновил запись.
1473,context_tak_zhe,strict_validator_rejected,Редактор поступил также как автор. Позже отдел уточнил дату.,Редактор поступил так же как автор. Позже отдел уточнил дату.
1474,context_tak_zhe,strict_validator_rejected,Он сделал также как коллега. Утром курьер принес копию.,Он сделал так же как коллега. Утром курьер принес копию.
1475,context_tak_zhe,strict_validator_rejected,Редактор поступил также как автор. После обеда автор сверил данные.,Редактор поступил так же как автор. После обеда автор сверил данные.
1476,context_tak_zhe,strict_validator_rejected,Он сделал также как коллега. Вечером секретарь закрыл журнал.,Он сделал так же как коллега. Вечером секретарь закрыл журнал.
1477,context_tak_zhe,strict_validator_rejected,Редактор поступил также как автор. Затем комиссия перенесла встречу.,Редактор поступил так же как автор. Затем комиссия перенесла встречу.
1478,context_tak_zhe,strict_validator_rejected,Он сделал также как коллега. Позже архивариус обновил карточку.,Он сделал так же как коллега. Позже архивариус обновил карточку.
1479,context_tak_zhe,strict_validator_rejected,Редактор поступил также как автор. Утром дежурный проверил подписи.,Редактор поступил так же как автор. Утром дежурный проверил подписи.
1480,context_tak_zhe,strict_validator_rejected,Он сделал также как коллега. После звонка редактор открыл файл.,Он сделал так же как коллега. После звонка редактор открыл файл.
1481,context_tak_zhe,strict_validator_rejected,Редактор поступил также как автор. Вечером группа согласовала срок.,Редактор поступил так же как автор. Вечером группа согласовала срок.
1482,context_tak_zhe,strict_validator_rejected,Он сделал также как коллега. Затем отдел отправил письмо.,Он сделал так же как коллега. Затем отдел отправил письмо.
1483,context_tak_zhe,strict_validator_rejected,Редактор поступил также как автор. Позже автор поправил заголовок.,Редактор поступил так же как автор. Позже автор поправил заголовок.
1484,context_tak_zhe,strict_validator_rejected,Он сделал также как коллега. Утром команда сверила список.,Он сделал так же как коллега. Утром команда сверила список.
1485,context_tak_zhe,strict_validator_rejected,Редактор поступил также как автор. После совещания документ приняли.,Редактор поступил так же как автор. После совещания документ приняли.
1486,context_tak_zhe,strict_validator_rejected,Он сделал также как коллега. Вечером сотрудник закрыл заявку.,Он сделал так же как коллега. Вечером сотрудник закрыл заявку.
1487,context_tak_zhe,strict_validator_rejected,Редактор поступил также как автор. Затем редактор сохранил таблицу.,Редактор поступил так же как автор. Затем редактор сохранил таблицу.
1488,context_tak_zhe,strict_validator_rejected,Он сделал также как коллега. Позже руководитель уточнил адрес.,Он сделал так же как коллега. Позже руководитель уточнил адрес.
1489,context_tak_zhe,strict_validator_rejected,Редактор поступил также как автор. Утром специалист открыл журнал.,Редактор поступил так же как автор. Утром специалист открыл журнал.
1490,context_tak_zhe,strict_validator_rejected,Он сделал также как коллега. После проверки данные совпали.,Он сделал так же как коллега. После проверки данные совпали.
1491,context_tak_zhe,strict_validator_rejected,Редактор поступил также как автор. Вечером служба передала копию.,Редактор поступил так же как автор. Вечером служба передала копию.
1492,context_tak_zhe,strict_validator_rejected,Он сделал также как коллега. Затем автор подписал лист.,Он сделал так же как коллега. Затем автор подписал лист.
1493,context_tak_zhe,strict_validator_rejected,Редактор поступил также как автор. Позже комиссия вернула письмо.,Редактор поступил так же как автор. Позже комиссия вернула письмо.
1494,context_tak_zhe,strict_validator_rejected,Он сделал также как коллега. Утром отдел принял заявку.,Он сделал так же как коллега. Утром отдел принял заявку.
1495,context_tak_zhe,strict_validator_rejected,Редактор поступил также как автор. После обеда секретарь внес дату.,Редактор поступил так же как автор. После обеда секретарь внес дату.
1496,context_tak_zhe,strict_validator_rejected,Он сделал также как коллега. Вечером редактор проверил список.,Он сделал так же как коллега. Вечером редактор проверил список.
1497,context_tak_zhe,strict_validator_rejected,Редактор поступил также как автор. Затем курьер доставил пакет.,Редактор поступил так же как автор. Затем курьер доставил пакет.
1498,context_tak_zhe,strict_validator_rejected,Он сделал также как коллега. Позже аналитик сверил отчет.,Он сделал так же как коллега. Позже аналитик сверил отчет.
1499,context_tak_zhe,strict_validator_rejected,Редактор поступил также как автор. Утром группа открыла архив.,Редактор поступил так же как автор. Утром группа открыла архив.
1500,context_tak_zhe,strict_validator_rejected,Он сделал также как коллега. После встречи автор добавил подпись.,Он сделал так же как коллега. После встречи автор добавил подпись.
1501,context_tak_zhe,strict_validator_rejected,Редактор поступил также как автор. Вечером отдел закрыл вопрос.,Редактор поступил так же как автор. Вечером отдел закрыл вопрос.
1502,context_tak_zhe,strict_validator_rejected,Он сделал также как коллега. Затем специалист отправил ответ.,Он сделал так же как коллега. Затем специалист отправил ответ.
1503,context_tak_zhe,strict_validator_rejected,Редактор поступил также как автор. Позже секретарь подготовил копию.,Редактор поступил так же как автор. Позже секретарь подготовил копию.
1504,context_tak_zhe,strict_validator_rejected,Он сделал также как коллега. Утром редактор проверил адрес.,Он сделал так же как коллега. Утром редактор проверил адрес.
1505,context_tak_zhe,strict_validator_rejected,Редактор поступил также как автор. После звонка комиссия ждала письмо.,Редактор поступил так же как автор. После звонка комиссия ждала письмо.
1506,context_tak_zhe,strict_validator_rejected,Он сделал также как коллега. Вечером автор уточнил срок.,Он сделал так же как коллега. Вечером автор уточнил срок.
1507,context_tak_zhe,strict_validator_rejected,Редактор поступил также как автор. Затем отдел сохранил файл.,Редактор поступил так же как автор. Затем отдел сохранил файл.
1508,context_tak_zhe,strict_validator_rejected,Он сделал также как коллега. Позже группа приняла решение.,Он сделал так же как коллега. Позже группа приняла решение.
1509,context_tak_zhe,strict_validator_rejected,Редактор поступил также как автор. Утром служба сверила данные.,Редактор поступил так же как автор. Утром служба сверила данные.
1510,context_tak_zhe,strict_validator_rejected,Он сделал также как коллега. После совещания секретарь закрыл папку.,Он сделал так же как коллега. После совещания секретарь закрыл папку.
1511,context_tak_zhe,strict_validator_rejected,Редактор поступил также как автор. Вечером специалист обновил запись.,Редактор поступил так же как автор. Вечером специалист обновил запись.
1512,context_tak_zhe,strict_validator_rejected,Он сделал также как коллега. Затем редактор передал копию.,Он сделал так же как коллега. Затем редактор передал копию.
1513,context_tak_zhe,strict_validator_rejected,Редактор поступил также как автор. Позже автор открыл таблицу.,Редактор поступил так же как автор. Позже автор открыл таблицу.
1514,context_tak_zhe,strict_validator_rejected,Он сделал также как коллега. Утром комиссия согласовала дату.,Он сделал так же как коллега. Утром комиссия согласовала дату.
1515,context_tak_zhe,strict_validator_rejected,Редактор поступил также как автор. После проверки отдел отправил ответ.,Редактор поступил так же как автор. После проверки отдел отправил ответ.
1516,context_tak_zhe,strict_validator_rejected,Он сделал также как коллега. Вечером секретарь внес подпись.,Он сделал так же как коллега. Вечером секретарь внес подпись.
1517,context_tak_zhe,strict_validator_rejected,Редактор поступил также как автор. Затем группа закрыла журнал.,Редактор поступил так же как автор. Затем группа закрыла журнал.
1518,context_tak_zhe,strict_validator_rejected,Он сделал также как коллега. Позже служба уточнила маршрут.,Он сделал так же как коллега. Позже служба уточнила маршрут.
1519,context_tak_zhe,strict_validator_rejected,Редактор поступил также как автор. Утром аналитик проверил сводку.,Редактор поступил так же как автор. Утром аналитик проверил сводку.
1520,context_tak_zhe,strict_validator_rejected,Он сделал также как коллега. После обеда редактор принял письмо.,Он сделал так же как коллега. После обеда редактор принял письмо.
1521,context_tak_zhe,strict_validator_rejected,Редактор поступил также как автор. Вечером отдел обновил список.,Редактор поступил так же как автор. Вечером отдел обновил список.
1522,context_tak_zhe,strict_validator_rejected,Он сделал также как коллега. Затем автор сохранил документ.,Он сделал так же как коллега. Затем автор сохранил документ.
1523,context_tak_zhe,strict_validator_rejected,Редактор поступил также как автор. Позже комиссия открыла протокол.,Редактор поступил так же как автор. Позже комиссия открыла протокол.
1524,context_tak_zhe,strict_validator_rejected,Он сделал также как коллега. Утром секретарь отправил копию.,Он сделал так же как коллега. Утром секретарь отправил копию.
1525,context_tak_zhe,strict_validator_rejected,Редактор поступил также как автор. После звонка специалист уточнил срок.,Редактор поступил так же как автор. После звонка специалист уточнил срок.
1526,context_tak_zhe,strict_validator_rejected,Он сделал также как коллега. Вечером группа сверила даты.,Он сделал так же как коллега. Вечером группа сверила даты.
1527,context_tak_zhe,strict_validator_rejected,Редактор поступил также как автор. Затем отдел принял письмо.,Редактор поступил так же как автор. Затем отдел принял письмо.
1528,context_to_zhe,strict_validator_rejected,В свою очередь разозленные китайцы штурмовали американское представительство в Пекине и то же нанесли ему значительный ущерб.,В свою очередь разозленные китайцы штурмовали американское представительство в Пекине и тоже нанесли ему значительный ущерб.
1529,context_to_zhe,strict_validator_rejected,"В тоже время и руководство ФБР, и министерство юстиции продолжали настаивать: нет никаких свидетельств тому, что именно ФБР виновано в пожаре, повлекшем за собой гибель более 80 сектантов.","В то же время и руководство ФБР, и министерство юстиции продолжали настаивать: нет никаких свидетельств тому, что именно ФБР виновано в пожаре, повлекшем за собой гибель более 80 сектантов."
1530,context_to_zhe,strict_validator_rejected,Я тоже упражнение проверил утром. Позже редактор сохранил копию.,Я то же упражнение проверил утром. Позже редактор сохранил копию.
1531,context_to_zhe,strict_validator_rejected,Он тоже задание отправил вечером. Утром комиссия вернулась к письму.,Он то же задание отправил вечером. Утром комиссия вернулась к письму.
1532,context_to_zhe,strict_validator_rejected,Я тоже упражнение проверил утром. После встречи файл остался в архиве.,Я то же упражнение проверил утром. После встречи файл остался в архиве.
1533,context_to_zhe,strict_validator_rejected,Он тоже задание отправил вечером. Вечером автор обновил сводку.,Он то же задание отправил вечером. Вечером автор обновил сводку.
1534,context_to_zhe,strict_validator_rejected,Я тоже упражнение проверил утром. Затем группа сверила подписи.,Я то же упражнение проверил утром. Затем группа сверила подписи.
1535,context_to_zhe,strict_validator_rejected,Он тоже задание отправил вечером. Позже служба отправила ответ.,Он то же задание отправил вечером. Позже служба отправила ответ.
1536,context_to_zhe,strict_validator_rejected,Я тоже упражнение проверил утром. Утром секретарь открыл папку.,Я то же упражнение проверил утром. Утром секретарь открыл папку.
1537,context_to_zhe,strict_validator_rejected,Он тоже задание отправил вечером. После проверки список закрыли.,Он то же задание отправил вечером. После проверки список закрыли.
1538,context_to_zhe,strict_validator_rejected,Я тоже упражнение проверил утром. Вечером руководитель принял правки.,Я то же упражнение проверил утром. Вечером руководитель принял правки.
1539,context_to_zhe,strict_validator_rejected,Он тоже задание отправил вечером. Затем аналитик обновил запись.,Он то же задание отправил вечером. Затем аналитик обновил запись.
1540,context_to_zhe,strict_validator_rejected,Я тоже упражнение проверил утром. Позже отдел уточнил дату.,Я то же упражнение проверил утром. Позже отдел уточнил дату.
1541,context_to_zhe,strict_validator_rejected,Он тоже задание отправил вечером. Утром курьер принес копию.,Он то же задание отправил вечером. Утром курьер принес копию.
1542,context_to_zhe,strict_validator_rejected,Я тоже упражнение проверил утром. После обеда автор сверил данные.,Я то же упражнение проверил утром. После обеда автор сверил данные.
1543,context_to_zhe,strict_validator_rejected,Он тоже задание отправил вечером. Вечером секретарь закрыл журнал.,Он то же задание отправил вечером. Вечером секретарь закрыл журнал.
1544,context_to_zhe,strict_validator_rejected,Я тоже упражнение проверил утром. Затем комиссия перенесла встречу.,Я то же упражнение проверил утром. Затем комиссия перенесла встречу.
1545,context_to_zhe,strict_validator_rejected,Он тоже задание отправил вечером. Позже архивариус обновил карточку.,Он то же задание отправил вечером. Позже архивариус обновил карточку.
1546,context_to_zhe,strict_validator_rejected,Я тоже упражнение проверил утром. Утром дежурный проверил подписи.,Я то же упражнение проверил утром. Утром дежурный проверил подписи.
1547,context_to_zhe,strict_validator_rejected,Он тоже задание отправил вечером. После звонка редактор открыл файл.,Он то же задание отправил вечером. После звонка редактор открыл файл.
1548,context_to_zhe,strict_validator_rejected,Я тоже упражнение проверил утром. Вечером группа согласовала срок.,Я то же упражнение проверил утром. Вечером группа согласовала срок.
1549,context_to_zhe,strict_validator_rejected,Он тоже задание отправил вечером. Затем отдел отправил письмо.,Он то же задание отправил вечером. Затем отдел отправил письмо.
1550,context_to_zhe,strict_validator_rejected,Я тоже упражнение проверил утром. Позже автор поправил заголовок.,Я то же упражнение проверил утром. Позже автор поправил заголовок.
1551,context_to_zhe,strict_validator_rejected,Он тоже задание отправил вечером. Утром команда сверила список.,Он то же задание отправил вечером. Утром команда сверила список.
1552,context_to_zhe,strict_validator_rejected,Я тоже упражнение проверил утром. После совещания документ приняли.,Я то же упражнение проверил утром. После совещания документ приняли.
1553,context_to_zhe,strict_validator_rejected,Он тоже задание отправил вечером. Вечером сотрудник закрыл заявку.,Он то же задание отправил вечером. Вечером сотрудник закрыл заявку.
1554,context_to_zhe,strict_validator_rejected,Я тоже упражнение проверил утром. Затем редактор сохранил таблицу.,Я то же упражнение проверил утром. Затем редактор сохранил таблицу.
1555,context_to_zhe,strict_validator_rejected,Он тоже задание отправил вечером. Позже руководитель уточнил адрес.,Он то же задание отправил вечером. Позже руководитель уточнил адрес.
1556,context_to_zhe,strict_validator_rejected,Я тоже упражнение проверил утром. Утром специалист открыл журнал.,Я то же упражнение проверил утром. Утром специалист открыл журнал.
1557,context_to_zhe,strict_validator_rejected,Он тоже задание отправил вечером. После проверки данные совпали.,Он то же задание отправил вечером. После проверки данные совпали.
1558,context_to_zhe,strict_validator_rejected,Я тоже упражнение проверил утром. Вечером служба передала копию.,Я то же упражнение проверил утром. Вечером служба передала копию.
1559,context_to_zhe,strict_validator_rejected,Он тоже задание отправил вечером. Затем автор подписал лист.,Он то же задание отправил вечером. Затем автор подписал лист.
1560,context_to_zhe,strict_validator_rejected,Я тоже упражнение проверил утром. Позже комиссия вернула письмо.,Я то же упражнение проверил утром. Позже комиссия вернула письмо.
1561,context_to_zhe,strict_validator_rejected,Он тоже задание отправил вечером. Утром отдел принял заявку.,Он то же задание отправил вечером. Утром отдел принял заявку.
1562,context_to_zhe,strict_validator_rejected,Я тоже упражнение проверил утром. После обеда секретарь внес дату.,Я то же упражнение проверил утром. После обеда секретарь внес дату.
1563,context_to_zhe,strict_validator_rejected,Он тоже задание отправил вечером. Вечером редактор проверил список.,Он то же задание отправил вечером. Вечером редактор проверил список.
1564,context_to_zhe,strict_validator_rejected,Я тоже упражнение проверил утром. Затем курьер доставил пакет.,Я то же упражнение проверил утром. Затем курьер доставил пакет.
1565,context_to_zhe,strict_validator_rejected,Он тоже задание отправил вечером. Позже аналитик сверил отчет.,Он то же задание отправил вечером. Позже аналитик сверил отчет.
1566,context_to_zhe,strict_validator_rejected,Я тоже упражнение проверил утром. Утром группа открыла архив.,Я то же упражнение проверил утром. Утром группа открыла архив.
1567,context_to_zhe,strict_validator_rejected,Он тоже задание отправил вечером. После встречи автор добавил подпись.,Он то же задание отправил вечером. После встречи автор добавил подпись.
1568,context_to_zhe,strict_validator_rejected,Я тоже упражнение проверил утром. Вечером отдел закрыл вопрос.,Я то же упражнение проверил утром. Вечером отдел закрыл вопрос.
1569,context_to_zhe,strict_validator_rejected,Он тоже задание отправил вечером. Затем специалист отправил ответ.,Он то же задание отправил вечером. Затем специалист отправил ответ.
1570,context_to_zhe,strict_validator_rejected,Я тоже упражнение проверил утром. Позже секретарь подготовил копию.,Я то же упражнение проверил утром. Позже секретарь подготовил копию.
1571,context_to_zhe,strict_validator_rejected,Он тоже задание отправил вечером. Утром редактор проверил адрес.,Он то же задание отправил вечером. Утром редактор проверил адрес.
1572,context_to_zhe,strict_validator_rejected,Я тоже упражнение проверил утром. После звонка комиссия ждала письмо.,Я то же упражнение проверил утром. После звонка комиссия ждала письмо.
1573,context_to_zhe,strict_validator_rejected,Он тоже задание отправил вечером. Вечером автор уточнил срок.,Он то же задание отправил вечером. Вечером автор уточнил срок.
1574,context_to_zhe,strict_validator_rejected,Я тоже упражнение проверил утром. Затем отдел сохранил файл.,Я то же упражнение проверил утром. Затем отдел сохранил файл.
1575,context_to_zhe,strict_validator_rejected,Он тоже задание отправил вечером. Позже группа приняла решение.,Он то же задание отправил вечером. Позже группа приняла решение.
1576,context_to_zhe,strict_validator_rejected,Я тоже упражнение проверил утром. Утром служба сверила данные.,Я то же упражнение проверил утром. Утром служба сверила данные.
1577,context_to_zhe,strict_validator_rejected,Он тоже задание отправил вечером. После совещания секретарь закрыл папку.,Он то же задание отправил вечером. После совещания секретарь закрыл папку.
1578,context_to_zhe,strict_validator_rejected,Я тоже упражнение проверил утром. Вечером специалист обновил запись.,Я то же упражнение проверил утром. Вечером специалист обновил запись.
1579,context_to_zhe,strict_validator_rejected,Он тоже задание отправил вечером. Затем редактор передал копию.,Он то же задание отправил вечером. Затем редактор передал копию.
1580,context_to_zhe,strict_validator_rejected,Я тоже упражнение проверил утром. Позже автор открыл таблицу.,Я то же упражнение проверил утром. Позже автор открыл таблицу.
1581,context_to_zhe,strict_validator_rejected,Он тоже задание отправил вечером. Утром комиссия согласовала дату.,Он то же задание отправил вечером. Утром комиссия согласовала дату.
1582,context_to_zhe,strict_validator_rejected,Я тоже упражнение проверил утром. После проверки отдел отправил ответ.,Я то же упражнение проверил утром. После проверки отдел отправил ответ.
1583,context_to_zhe,strict_validator_rejected,Он тоже задание отправил вечером. Вечером секретарь внес подпись.,Он то же задание отправил вечером. Вечером секретарь внес подпись.
1584,context_to_zhe,strict_validator_rejected,Я тоже упражнение проверил утром. Затем группа закрыла журнал.,Я то же упражнение проверил утром. Затем группа закрыла журнал.
1585,context_to_zhe,strict_validator_rejected,Он тоже задание отправил вечером. Позже служба уточнила маршрут.,Он то же задание отправил вечером. Позже служба уточнила маршрут.
1586,context_to_zhe,strict_validator_rejected,Я тоже упражнение проверил утром. Утром аналитик проверил сводку.,Я то же упражнение проверил утром. Утром аналитик проверил сводку.
1587,context_to_zhe,strict_validator_rejected,Он тоже задание отправил вечером. После обеда редактор принял письмо.,Он то же задание отправил вечером. После обеда редактор принял письмо.
1588,context_to_zhe,strict_validator_rejected,Я тоже упражнение проверил утром. Вечером отдел обновил список.,Я то же упражнение проверил утром. Вечером отдел обновил список.
1589,context_to_zhe,strict_validator_rejected,Он тоже задание отправил вечером. Затем автор сохранил документ.,Он то же задание отправил вечером. Затем автор сохранил документ.
1590,context_to_zhe,strict_validator_rejected,Я тоже упражнение проверил утром. Позже комиссия открыла протокол.,Я то же упражнение проверил утром. Позже комиссия открыла протокол.
1591,context_to_zhe,strict_validator_rejected,Он тоже задание отправил вечером. Утром секретарь отправил копию.,Он то же задание отправил вечером. Утром секретарь отправил копию.
1592,context_to_zhe,strict_validator_rejected,Я тоже упражнение проверил утром. После звонка специалист уточнил срок.,Я то же упражнение проверил утром. После звонка специалист уточнил срок.
1593,context_to_zhe,strict_validator_rejected,Он тоже задание отправил вечером. Вечером группа сверила даты.,Он то же задание отправил вечером. Вечером группа сверила даты.
1594,context_to_zhe,strict_validator_rejected,Я тоже упражнение проверил утром. Затем отдел принял письмо.,Я то же упражнение проверил утром. Затем отдел принял письмо.
1595,context_to_zhe,strict_validator_rejected,Он тоже задание отправил вечером. Позже редактор сохранил копию.,Он то же задание отправил вечером. Позже редактор сохранил копию.
1596,context_to_zhe,strict_validator_rejected,Я тоже упражнение проверил утром. Утром комиссия вернулась к письму.,Я то же упражнение проверил утром. Утром комиссия вернулась к письму.
1597,context_to_zhe,strict_validator_rejected,Он тоже задание отправил вечером. После встречи файл остался в архиве.,Он то же задание отправил вечером. После встречи файл остался в архиве.
1598,context_to_zhe,strict_validator_rejected,Я тоже упражнение проверил утром. Вечером автор обновил сводку.,Я то же упражнение проверил утром. Вечером автор обновил сводку.
1599,context_to_zhe,strict_validator_rejected,Он тоже задание отправил вечером. Затем группа сверила подписи.,Он то же задание отправил вечером. Затем группа сверила подписи.
1600,context_to_zhe,strict_validator_rejected,Я тоже упражнение проверил утром. Позже служба отправила ответ.,Я то же упражнение проверил утром. Позже служба отправила ответ.
1601,context_to_zhe,strict_validator_rejected,Он тоже задание отправил вечером. Утром секретарь открыл папку.,Он то же задание отправил вечером. Утром секретарь открыл папку.
1602,context_to_zhe,strict_validator_rejected,Я тоже упражнение проверил утром. После проверки список закрыли.,Я то же упражнение проверил утром. После проверки список закрыли.
1603,context_to_zhe,strict_validator_rejected,Он тоже задание отправил вечером. Вечером руководитель принял правки.,Он то же задание отправил вечером. Вечером руководитель принял правки.
1604,context_to_zhe,strict_validator_rejected,Я тоже упражнение проверил утром. Затем аналитик обновил запись.,Я то же упражнение проверил утром. Затем аналитик обновил запись.
1605,context_to_zhe,strict_validator_rejected,Он тоже задание отправил вечером. Позже отдел уточнил дату.,Он то же задание отправил вечером. Позже отдел уточнил дату.
1606,context_to_zhe,strict_validator_rejected,Я тоже упражнение проверил утром. Утром курьер принес копию.,Я то же упражнение проверил утром. Утром курьер принес копию.
1607,context_to_zhe,strict_validator_rejected,Он тоже задание отправил вечером. После обеда автор сверил данные.,Он то же задание отправил вечером. После обеда автор сверил данные.
1608,context_to_zhe,strict_validator_rejected,Я тоже упражнение проверил утром. Вечером секретарь закрыл журнал.,Я то же упражнение проверил утром. Вечером секретарь закрыл журнал.
1609,context_to_zhe,strict_validator_rejected,Он тоже задание отправил вечером. Затем комиссия перенесла встречу.,Он то же задание отправил вечером. Затем комиссия перенесла встречу.
1610,context_to_zhe,strict_validator_rejected,Я тоже упражнение проверил утром. Позже архивариус обновил карточку.,Я то же упражнение проверил утром. Позже архивариус обновил карточку.
1611,context_to_zhe,strict_validator_rejected,Он тоже задание отправил вечером. Утром дежурный проверил подписи.,Он то же задание отправил вечером. Утром дежурный проверил подписи.
1612,context_to_zhe,strict_validator_rejected,Я тоже упражнение проверил утром. После звонка редактор открыл файл.,Я то же упражнение проверил утром. После звонка редактор открыл файл.
1613,context_to_zhe,strict_validator_rejected,Он тоже задание отправил вечером. Вечером группа согласовала срок.,Он то же задание отправил вечером. Вечером группа согласовала срок.
1614,context_to_zhe,strict_validator_rejected,Я тоже упражнение проверил утром. Затем отдел отправил письмо.,Я то же упражнение проверил утром. Затем отдел отправил письмо.
1615,context_to_zhe,strict_validator_rejected,Он тоже задание отправил вечером. Позже автор поправил заголовок.,Он то же задание отправил вечером. Позже автор поправил заголовок.
1616,context_to_zhe,strict_validator_rejected,Я тоже упражнение проверил утром. Утром команда сверила список.,Я то же упражнение проверил утром. Утром команда сверила список.
1617,context_to_zhe,strict_validator_rejected,Он тоже задание отправил вечером. После совещания документ приняли.,Он то же задание отправил вечером. После совещания документ приняли.
1618,context_to_zhe,strict_validator_rejected,Я тоже упражнение проверил утром. Вечером сотрудник закрыл заявку.,Я то же упражнение проверил утром. Вечером сотрудник закрыл заявку.
1619,context_to_zhe,strict_validator_rejected,Он тоже задание отправил вечером. Затем редактор сохранил таблицу.,Он то же задание отправил вечером. Затем редактор сохранил таблицу.
1620,context_to_zhe,strict_validator_rejected,Я тоже упражнение проверил утром. Позже руководитель уточнил адрес.,Я то же упражнение проверил утром. Позже руководитель уточнил адрес.
1621,context_to_zhe,strict_validator_rejected,Он тоже задание отправил вечером. Утром специалист открыл журнал.,Он то же задание отправил вечером. Утром специалист открыл журнал.
1622,context_to_zhe,strict_validator_rejected,Я тоже упражнение проверил утром. После проверки данные совпали.,Я то же упражнение проверил утром. После проверки данные совпали.
1623,context_to_zhe,strict_validator_rejected,Он тоже задание отправил вечером. Вечером служба передала копию.,Он то же задание отправил вечером. Вечером служба передала копию.
1624,context_to_zhe,strict_validator_rejected,Я тоже упражнение проверил утром. Затем автор подписал лист.,Я то же упражнение проверил утром. Затем автор подписал лист.
1625,context_to_zhe,strict_validator_rejected,Он тоже задание отправил вечером. Позже комиссия вернула письмо.,Он то же задание отправил вечером. Позже комиссия вернула письмо.
1626,context_to_zhe,strict_validator_rejected,Я тоже упражнение проверил утром. Утром отдел принял заявку.,Я то же упражнение проверил утром. Утром отдел принял заявку.
1627,context_to_zhe,strict_validator_rejected,Он тоже задание отправил вечером. После обеда секретарь внес дату.,Он то же задание отправил вечером. После обеда секретарь внес дату.
1628,context_to_zhe,strict_validator_rejected,Я тоже упражнение проверил утром. Вечером редактор проверил список.,Я то же упражнение проверил утром. Вечером редактор проверил список.
1629,context_to_zhe,strict_validator_rejected,Он тоже задание отправил вечером. Затем курьер доставил пакет.,Он то же задание отправил вечером. Затем курьер доставил пакет.
1630,context_to_zhe,strict_validator_rejected,Я тоже упражнение проверил утром. Позже аналитик сверил отчет.,Я то же упражнение проверил утром. Позже аналитик сверил отчет.
1631,context_to_zhe,strict_validator_rejected,Он тоже задание отправил вечером. Утром группа открыла архив.,Он то же задание отправил вечером. Утром группа открыла архив.
1632,context_to_zhe,strict_validator_rejected,Я тоже упражнение проверил утром. После встречи автор добавил подпись.,Я то же упражнение проверил утром. После встречи автор добавил подпись.
1633,context_to_zhe,strict_validator_rejected,Он тоже задание отправил вечером. Вечером отдел закрыл вопрос.,Он то же задание отправил вечером. Вечером отдел закрыл вопрос.
1634,context_to_zhe,strict_validator_rejected,Я тоже упражнение проверил утром. Затем специалист отправил ответ.,Я то же упражнение проверил утром. Затем специалист отправил ответ.
1635,context_to_zhe,strict_validator_rejected,Он тоже задание отправил вечером. Позже секретарь подготовил копию.,Он то же задание отправил вечером. Позже секретарь подготовил копию.
1636,context_to_zhe,strict_validator_rejected,Я тоже упражнение проверил утром. Утром редактор проверил адрес.,Я то же упражнение проверил утром. Утром редактор проверил адрес.
1637,context_to_zhe,strict_validator_rejected,Он тоже задание отправил вечером. После звонка комиссия ждала письмо.,Он то же задание отправил вечером. После звонка комиссия ждала письмо.
1638,context_to_zhe,strict_validator_rejected,Я тоже упражнение проверил утром. Вечером автор уточнил срок.,Я то же упражнение проверил утром. Вечером автор уточнил срок.
1639,context_to_zhe,strict_validator_rejected,Он тоже задание отправил вечером. Затем отдел сохранил файл.,Он то же задание отправил вечером. Затем отдел сохранил файл.
1640,context_to_zhe,strict_validator_rejected,Я тоже упражнение проверил утром. Позже группа приняла решение.,Я то же упражнение проверил утром. Позже группа приняла решение.
1641,context_to_zhe,strict_validator_rejected,Он тоже задание отправил вечером. Утром служба сверила данные.,Он то же задание отправил вечером. Утром служба сверила данные.
1642,context_to_zhe,strict_validator_rejected,Я тоже упражнение проверил утром. После совещания секретарь закрыл папку.,Я то же упражнение проверил утром. После совещания секретарь закрыл папку.
1643,context_to_zhe,strict_validator_rejected,Он тоже задание отправил вечером. Вечером специалист обновил запись.,Он то же задание отправил вечером. Вечером специалист обновил запись.
1644,context_to_zhe,strict_validator_rejected,Я тоже упражнение проверил утром. Затем редактор передал копию.,Я то же упражнение проверил утром. Затем редактор передал копию.
1645,context_to_zhe,strict_validator_rejected,Он тоже задание отправил вечером. Позже автор открыл таблицу.,Он то же задание отправил вечером. Позже автор открыл таблицу.
1646,context_to_zhe,strict_validator_rejected,Я тоже упражнение проверил утром. Утром комиссия согласовала дату.,Я то же упражнение проверил утром. Утром комиссия согласовала дату.
1647,context_to_zhe,strict_validator_rejected,Он тоже задание отправил вечером. После проверки отдел отправил ответ.,Он то же задание отправил вечером. После проверки отдел отправил ответ.
1648,context_to_zhe,strict_validator_rejected,Я тоже упражнение проверил утром. Вечером секретарь внес подпись.,Я то же упражнение проверил утром. Вечером секретарь внес подпись.
1649,context_to_zhe,strict_validator_rejected,Он тоже задание отправил вечером. Затем группа закрыла журнал.,Он то же задание отправил вечером. Затем группа закрыла журнал.
1650,context_to_zhe,strict_validator_rejected,Я тоже упражнение проверил утром. Позже служба уточнила маршрут.,Я то же упражнение проверил утром. Позже служба уточнила маршрут.
1651,context_to_zhe,strict_validator_rejected,Он тоже задание отправил вечером. Утром аналитик проверил сводку.,Он то же задание отправил вечером. Утром аналитик проверил сводку.
1652,context_to_zhe,strict_validator_rejected,Я тоже упражнение проверил утром. После обеда редактор принял письмо.,Я то же упражнение проверил утром. После обеда редактор принял письмо.
1653,context_to_zhe,strict_validator_rejected,Он тоже задание отправил вечером. Вечером отдел обновил список.,Он то же задание отправил вечером. Вечером отдел обновил список.
1654,context_to_zhe,strict_validator_rejected,Я тоже упражнение проверил утром. Затем автор сохранил документ.,Я то же упражнение проверил утром. Затем автор сохранил документ.
1655,context_to_zhe,strict_validator_rejected,Он тоже задание отправил вечером. Позже комиссия открыла протокол.,Он то же задание отправил вечером. Позже комиссия открыла протокол.
1656,context_to_zhe,strict_validator_rejected,Я тоже упражнение проверил утром. Утром секретарь отправил копию.,Я то же упражнение проверил утром. Утром секретарь отправил копию.
1657,context_to_zhe,strict_validator_rejected,Он тоже задание отправил вечером. После звонка специалист уточнил срок.,Он то же задание отправил вечером. После звонка специалист уточнил срок.
1658,context_to_zhe,strict_validator_rejected,Я тоже упражнение проверил утром. Вечером группа сверила даты.,Я то же упражнение проверил утром. Вечером группа сверила даты.
1659,context_to_zhe,strict_validator_rejected,Он тоже задание отправил вечером. Затем отдел принял письмо.,Он то же задание отправил вечером. Затем отдел принял письмо.
1660,context_vsledstvie,non_atomic_edit_count,В следствие ошибки отчет вернули. Позже редактор сохранил копию.,Вследствие ошибки отчет вернули. Позже редактор сохранил копию.
1661,context_vsledstvie,non_atomic_edit_count,Вследствие внесли новые материалы. Утром комиссия вернулась к письму.,В следствие внесли новые материалы. Утром комиссия вернулась к письму.
1662,context_vsledstvie,non_atomic_edit_count,В следствие ошибки отчет вернули. После встречи файл остался в архиве.,Вследствие ошибки отчет вернули. После встречи файл остался в архиве.
1663,context_vsledstvie,non_atomic_edit_count,Вследствие внесли новые материалы. Вечером автор обновил сводку.,В следствие внесли новые материалы. Вечером автор обновил сводку.
1664,context_vsledstvie,non_atomic_edit_count,В следствие ошибки отчет вернули. Затем группа сверила подписи.,Вследствие ошибки отчет вернули. Затем группа сверила подписи.
1665,context_vsledstvie,non_atomic_edit_count,Вследствие внесли новые материалы. Позже служба отправила ответ.,В следствие внесли новые материалы. Позже служба отправила ответ.
1666,context_vsledstvie,non_atomic_edit_count,В следствие ошибки отчет вернули. Утром секретарь открыл папку.,Вследствие ошибки отчет вернули. Утром секретарь открыл папку.
1667,context_vsledstvie,non_atomic_edit_count,Вследствие внесли новые материалы. После проверки список закрыли.,В следствие внесли новые материалы. После проверки список закрыли.
1668,context_vsledstvie,non_atomic_edit_count,В следствие ошибки отчет вернули. Вечером руководитель принял правки.,Вследствие ошибки отчет вернули. Вечером руководитель принял правки.
1669,context_vsledstvie,non_atomic_edit_count,Вследствие внесли новые материалы. Затем аналитик обновил запись.,В следствие внесли новые материалы. Затем аналитик обновил запись.
1670,context_vsledstvie,non_atomic_edit_count,В следствие ошибки отчет вернули. Позже отдел уточнил дату.,Вследствие ошибки отчет вернули. Позже отдел уточнил дату.
1671,context_vsledstvie,non_atomic_edit_count,Вследствие внесли новые материалы. Утром курьер принес копию.,В следствие внесли новые материалы. Утром курьер принес копию.
1672,context_vsledstvie,non_atomic_edit_count,В следствие ошибки отчет вернули. После обеда автор сверил данные.,Вследствие ошибки отчет вернули. После обеда автор сверил данные.
1673,context_vsledstvie,non_atomic_edit_count,Вследствие внесли новые материалы. Вечером секретарь закрыл журнал.,В следствие внесли новые материалы. Вечером секретарь закрыл журнал.
1674,context_vsledstvie,non_atomic_edit_count,В следствие ошибки отчет вернули. Затем комиссия перенесла встречу.,Вследствие ошибки отчет вернули. Затем комиссия перенесла встречу.
1675,context_vsledstvie,non_atomic_edit_count,Вследствие внесли новые материалы. Позже архивариус обновил карточку.,В следствие внесли новые материалы. Позже архивариус обновил карточку.
1676,context_vsledstvie,non_atomic_edit_count,В следствие ошибки отчет вернули. Утром дежурный проверил подписи.,Вследствие ошибки отчет вернули. Утром дежурный проверил подписи.
1677,context_vsledstvie,non_atomic_edit_count,Вследствие внесли новые материалы. После звонка редактор открыл файл.,В следствие внесли новые материалы. После звонка редактор открыл файл.
1678,context_vsledstvie,non_atomic_edit_count,В следствие ошибки отчет вернули. Вечером группа согласовала срок.,Вследствие ошибки отчет вернули. Вечером группа согласовала срок.
1679,context_vsledstvie,non_atomic_edit_count,Вследствие внесли новые материалы. Затем отдел отправил письмо.,В следствие внесли новые материалы. Затем отдел отправил письмо.
1680,context_vsledstvie,non_atomic_edit_count,В следствие ошибки отчет вернули. Позже автор поправил заголовок.,Вследствие ошибки отчет вернули. Позже автор поправил заголовок.
1681,context_vsledstvie,non_atomic_edit_count,Вследствие внесли новые материалы. Утром команда сверила список.,В следствие внесли новые материалы. Утром команда сверила список.
1682,context_vsledstvie,non_atomic_edit_count,В следствие ошибки отчет вернули. После совещания документ приняли.,Вследствие ошибки отчет вернули. После совещания документ приняли.
1683,context_vsledstvie,non_atomic_edit_count,Вследствие внесли новые материалы. Вечером сотрудник закрыл заявку.,В следствие внесли новые материалы. Вечером сотрудник закрыл заявку.
1684,context_vsledstvie,non_atomic_edit_count,В следствие ошибки отчет вернули. Затем редактор сохранил таблицу.,Вследствие ошибки отчет вернули. Затем редактор сохранил таблицу.
1685,context_vsledstvie,non_atomic_edit_count,Вследствие внесли новые материалы. Позже руководитель уточнил адрес.,В следствие внесли новые материалы. Позже руководитель уточнил адрес.
1686,context_vsledstvie,non_atomic_edit_count,В следствие ошибки отчет вернули. Утром специалист открыл журнал.,Вследствие ошибки отчет вернули. Утром специалист открыл журнал.
1687,context_vsledstvie,non_atomic_edit_count,Вследствие внесли новые материалы. После проверки данные совпали.,В следствие внесли новые материалы. После проверки данные совпали.
1688,context_vsledstvie,non_atomic_edit_count,В следствие ошибки отчет вернули. Вечером служба передала копию.,Вследствие ошибки отчет вернули. Вечером служба передала копию.
1689,context_vsledstvie,non_atomic_edit_count,Вследствие внесли новые материалы. Затем автор подписал лист.,В следствие внесли новые материалы. Затем автор подписал лист.
1690,context_vsledstvie,non_atomic_edit_count,В следствие ошибки отчет вернули. Позже комиссия вернула письмо.,Вследствие ошибки отчет вернули. Позже комиссия вернула письмо.
1691,context_vsledstvie,non_atomic_edit_count,Вследствие внесли новые материалы. Утром отдел принял заявку.,В следствие внесли новые материалы. Утром отдел принял заявку.
1692,context_vsledstvie,non_atomic_edit_count,В следствие ошибки отчет вернули. После обеда секретарь внес дату.,Вследствие ошибки отчет вернули. После обеда секретарь внес дату.
1693,context_vsledstvie,non_atomic_edit_count,Вследствие внесли новые материалы. Вечером редактор проверил список.,В следствие внесли новые материалы. Вечером редактор проверил список.
1694,context_vsledstvie,non_atomic_edit_count,В следствие ошибки отчет вернули. Затем курьер доставил пакет.,Вследствие ошибки отчет вернули. Затем курьер доставил пакет.
1695,context_vsledstvie,non_atomic_edit_count,Вследствие внесли новые материалы. Позже аналитик сверил отчет.,В следствие внесли новые материалы. Позже аналитик сверил отчет.
1696,context_vsledstvie,non_atomic_edit_count,В следствие ошибки отчет вернули. Утром группа открыла архив.,Вследствие ошибки отчет вернули. Утром группа открыла архив.
1697,context_vsledstvie,non_atomic_edit_count,Вследствие внесли новые материалы. После встречи автор добавил подпись.,В следствие внесли новые материалы. После встречи автор добавил подпись.
1698,context_vsledstvie,non_atomic_edit_count,В следствие ошибки отчет вернули. Вечером отдел закрыл вопрос.,Вследствие ошибки отчет вернули. Вечером отдел закрыл вопрос.
1699,context_vsledstvie,non_atomic_edit_count,Вследствие внесли новые материалы. Затем специалист отправил ответ.,В следствие внесли новые материалы. Затем специалист отправил ответ.
1700,context_vsledstvie,non_atomic_edit_count,В следствие ошибки отчет вернули. Позже секретарь подготовил копию.,Вследствие ошибки отчет вернули. Позже секретарь подготовил копию.
1701,context_vsledstvie,non_atomic_edit_count,Вследствие внесли новые материалы. Утром редактор проверил адрес.,В следствие внесли новые материалы. Утром редактор проверил адрес.
1702,context_vsledstvie,non_atomic_edit_count,В следствие ошибки отчет вернули. После звонка комиссия ждала письмо.,Вследствие ошибки отчет вернули. После звонка комиссия ждала письмо.
1703,context_vsledstvie,non_atomic_edit_count,Вследствие внесли новые материалы. Вечером автор уточнил срок.,В следствие внесли новые материалы. Вечером автор уточнил срок.
1704,context_vsledstvie,non_atomic_edit_count,В следствие ошибки отчет вернули. Затем отдел сохранил файл.,Вследствие ошибки отчет вернули. Затем отдел сохранил файл.
1705,context_vsledstvie,non_atomic_edit_count,Вследствие внесли новые материалы. Позже группа приняла решение.,В следствие внесли новые материалы. Позже группа приняла решение.
1706,context_vsledstvie,non_atomic_edit_count,В следствие ошибки отчет вернули. Утром служба сверила данные.,Вследствие ошибки отчет вернули. Утром служба сверила данные.
1707,context_vsledstvie,non_atomic_edit_count,Вследствие внесли новые материалы. После совещания секретарь закрыл папку.,В следствие внесли новые материалы. После совещания секретарь закрыл папку.
1708,context_vsledstvie,non_atomic_edit_count,В следствие ошибки отчет вернули. Вечером специалист обновил запись.,Вследствие ошибки отчет вернули. Вечером специалист обновил запись.
1709,context_vsledstvie,non_atomic_edit_count,Вследствие внесли новые материалы. Затем редактор передал копию.,В следствие внесли новые материалы. Затем редактор передал копию.
1710,context_vsledstvie,non_atomic_edit_count,В следствие ошибки отчет вернули. Позже автор открыл таблицу.,Вследствие ошибки отчет вернули. Позже автор открыл таблицу.
1711,context_vsledstvie,non_atomic_edit_count,Вследствие внесли новые материалы. Утром комиссия согласовала дату.,В следствие внесли новые материалы. Утром комиссия согласовала дату.
1712,context_vsledstvie,non_atomic_edit_count,В следствие ошибки отчет вернули. После проверки отдел отправил ответ.,Вследствие ошибки отчет вернули. После проверки отдел отправил ответ.
1713,context_vsledstvie,non_atomic_edit_count,Вследствие внесли новые материалы. Вечером секретарь внес подпись.,В следствие внесли новые материалы. Вечером секретарь внес подпись.
1714,context_vsledstvie,non_atomic_edit_count,В следствие ошибки отчет вернули. Затем группа закрыла журнал.,Вследствие ошибки отчет вернули. Затем группа закрыла журнал.
1715,context_vsledstvie,non_atomic_edit_count,Вследствие внесли новые материалы. Позже служба уточнила маршрут.,В следствие внесли новые материалы. Позже служба уточнила маршрут.
1716,context_vsledstvie,non_atomic_edit_count,В следствие ошибки отчет вернули. Утром аналитик проверил сводку.,Вследствие ошибки отчет вернули. Утром аналитик проверил сводку.
1717,context_vsledstvie,non_atomic_edit_count,Вследствие внесли новые материалы. После обеда редактор принял письмо.,В следствие внесли новые материалы. После обеда редактор принял письмо.
1718,context_vsledstvie,non_atomic_edit_count,В следствие ошибки отчет вернули. Вечером отдел обновил список.,Вследствие ошибки отчет вернули. Вечером отдел обновил список.
1719,context_vsledstvie,non_atomic_edit_count,Вследствие внесли новые материалы. Затем автор сохранил документ.,В следствие внесли новые материалы. Затем автор сохранил документ.
1720,context_vsledstvie,non_atomic_edit_count,В следствие ошибки отчет вернули. Позже комиссия открыла протокол.,Вследствие ошибки отчет вернули. Позже комиссия открыла протокол.
1721,context_vsledstvie,non_atomic_edit_count,Вследствие внесли новые материалы. Утром секретарь отправил копию.,В следствие внесли новые материалы. Утром секретарь отправил копию.
1722,context_vsledstvie,non_atomic_edit_count,В следствие ошибки отчет вернули. После звонка специалист уточнил срок.,Вследствие ошибки отчет вернули. После звонка специалист уточнил срок.
1723,context_vsledstvie,non_atomic_edit_count,Вследствие внесли новые материалы. Вечером группа сверила даты.,В следствие внесли новые материалы. Вечером группа сверила даты.
1724,context_vsledstvie,non_atomic_edit_count,В следствие ошибки отчет вернули. Затем отдел принял письмо.,Вследствие ошибки отчет вернули. Затем отдел принял письмо.
1725,context_vsledstvie,non_atomic_edit_count,Вследствие внесли новые материалы. Позже редактор сохранил копию.,В следствие внесли новые материалы. Позже редактор сохранил копию.
1726,context_vsledstvie,non_atomic_edit_count,В следствие ошибки отчет вернули. Утром комиссия вернулась к письму.,Вследствие ошибки отчет вернули. Утром комиссия вернулась к письму.
1727,context_vsledstvie,non_atomic_edit_count,Вследствие внесли новые материалы. После встречи файл остался в архиве.,В следствие внесли новые материалы. После встречи файл остался в архиве.
1728,context_vsledstvie,non_atomic_edit_count,В следствие ошибки отчет вернули. Вечером автор обновил сводку.,Вследствие ошибки отчет вернули. Вечером автор обновил сводку.
1729,context_vsledstvie,non_atomic_edit_count,Вследствие внесли новые материалы. Затем группа сверила подписи.,В следствие внесли новые материалы. Затем группа сверила подписи.
1730,context_vsledstvie,non_atomic_edit_count,В следствие ошибки отчет вернули. Позже служба отправила ответ.,Вследствие ошибки отчет вернули. Позже служба отправила ответ.
1731,context_vsledstvie,non_atomic_edit_count,Вследствие внесли новые материалы. Утром секретарь открыл папку.,В следствие внесли новые материалы. Утром секретарь открыл папку.
1732,context_vsledstvie,non_atomic_edit_count,В следствие ошибки отчет вернули. После проверки список закрыли.,Вследствие ошибки отчет вернули. После проверки список закрыли.
1733,context_vsledstvie,non_atomic_edit_count,Вследствие внесли новые материалы. Вечером руководитель принял правки.,В следствие внесли новые материалы. Вечером руководитель принял правки.
1734,context_vsledstvie,non_atomic_edit_count,В следствие ошибки отчет вернули. Затем аналитик обновил запись.,Вследствие ошибки отчет вернули. Затем аналитик обновил запись.
1735,context_vsledstvie,non_atomic_edit_count,Вследствие внесли новые материалы. Позже отдел уточнил дату.,В следствие внесли новые материалы. Позже отдел уточнил дату.
1736,context_vsledstvie,non_atomic_edit_count,В следствие ошибки отчет вернули. Утром курьер принес копию.,Вследствие ошибки отчет вернули. Утром курьер принес копию.
1737,context_vsledstvie,non_atomic_edit_count,Вследствие внесли новые материалы. После обеда автор сверил данные.,В следствие внесли новые материалы. После обеда автор сверил данные.
1738,context_vsledstvie,non_atomic_edit_count,В следствие ошибки отчет вернули. Вечером секретарь закрыл журнал.,Вследствие ошибки отчет вернули. Вечером секретарь закрыл журнал.
1739,context_vsledstvie,non_atomic_edit_count,Вследствие внесли новые материалы. Затем комиссия перенесла встречу.,В следствие внесли новые материалы. Затем комиссия перенесла встречу.
1740,context_vsledstvie,non_atomic_edit_count,В следствие ошибки отчет вернули. Позже архивариус обновил карточку.,Вследствие ошибки отчет вернули. Позже архивариус обновил карточку.
1741,context_vsledstvie,non_atomic_edit_count,Вследствие внесли новые материалы. Утром дежурный проверил подписи.,В следствие внесли новые материалы. Утром дежурный проверил подписи.
1742,context_vsledstvie,non_atomic_edit_count,В следствие ошибки отчет вернули. После звонка редактор открыл файл.,Вследствие ошибки отчет вернули. После звонка редактор открыл файл.
1743,context_vsledstvie,non_atomic_edit_count,Вследствие внесли новые материалы. Вечером группа согласовала срок.,В следствие внесли новые материалы. Вечером группа согласовала срок.
1744,context_vsledstvie,non_atomic_edit_count,В следствие ошибки отчет вернули. Затем отдел отправил письмо.,Вследствие ошибки отчет вернули. Затем отдел отправил письмо.
1745,context_vsledstvie,non_atomic_edit_count,Вследствие внесли новые материалы. Позже автор поправил заголовок.,В следствие внесли новые материалы. Позже автор поправил заголовок.
1746,context_vsledstvie,non_atomic_edit_count,В следствие ошибки отчет вернули. Утром команда сверила список.,Вследствие ошибки отчет вернули. Утром команда сверила список.
1747,context_vsledstvie,non_atomic_edit_count,Вследствие внесли новые материалы. После совещания документ приняли.,В следствие внесли новые материалы. После совещания документ приняли.
1748,context_vsledstvie,non_atomic_edit_count,В следствие ошибки отчет вернули. Вечером сотрудник закрыл заявку.,Вследствие ошибки отчет вернули. Вечером сотрудник закрыл заявку.
1749,context_vsledstvie,non_atomic_edit_count,Вследствие внесли новые материалы. Затем редактор сохранил таблицу.,В следствие внесли новые материалы. Затем редактор сохранил таблицу.
1750,context_vsledstvie,non_atomic_edit_count,В следствие ошибки отчет вернули. Позже руководитель уточнил адрес.,Вследствие ошибки отчет вернули. Позже руководитель уточнил адрес.
1751,context_vsledstvie,non_atomic_edit_count,Вследствие внесли новые материалы. Утром специалист открыл журнал.,В следствие внесли новые материалы. Утром специалист открыл журнал.
1752,context_vsledstvie,non_atomic_edit_count,В следствие ошибки отчет вернули. После проверки данные совпали.,Вследствие ошибки отчет вернули. После проверки данные совпали.
1753,context_vsledstvie,non_atomic_edit_count,Вследствие внесли новые материалы. Вечером служба передала копию.,В следствие внесли новые материалы. Вечером служба передала копию.
1754,context_vsledstvie,non_atomic_edit_count,В следствие ошибки отчет вернули. Затем автор подписал лист.,Вследствие ошибки отчет вернули. Затем автор подписал лист.
1755,context_vsledstvie,non_atomic_edit_count,Вследствие внесли новые материалы. Позже комиссия вернула письмо.,В следствие внесли новые материалы. Позже комиссия вернула письмо.
1756,context_vsledstvie,non_atomic_edit_count,В следствие ошибки отчет вернули. Утром отдел принял заявку.,Вследствие ошибки отчет вернули. Утром отдел принял заявку.
1757,context_vsledstvie,non_atomic_edit_count,Вследствие внесли новые материалы. После обеда секретарь внес дату.,В следствие внесли новые материалы. После обеда секретарь внес дату.
1758,context_vsledstvie,non_atomic_edit_count,В следствие ошибки отчет вернули. Вечером редактор проверил список.,Вследствие ошибки отчет вернули. Вечером редактор проверил список.
1759,context_vsledstvie,non_atomic_edit_count,Вследствие внесли новые материалы. Затем курьер доставил пакет.,В следствие внесли новые материалы. Затем курьер доставил пакет.
1760,context_vsledstvie,non_atomic_edit_count,В следствие ошибки отчет вернули. Позже аналитик сверил отчет.,Вследствие ошибки отчет вернули. Позже аналитик сверил отчет.
1761,context_vsledstvie,non_atomic_edit_count,Вследствие внесли новые материалы. Утром группа открыла архив.,В следствие внесли новые материалы. Утром группа открыла архив.
1762,context_vsledstvie,non_atomic_edit_count,В следствие ошибки отчет вернули. После встречи автор добавил подпись.,Вследствие ошибки отчет вернули. После встречи автор добавил подпись.
1763,context_vsledstvie,non_atomic_edit_count,Вследствие внесли новые материалы. Вечером отдел закрыл вопрос.,В следствие внесли новые материалы. Вечером отдел закрыл вопрос.
1764,context_vsledstvie,non_atomic_edit_count,В следствие ошибки отчет вернули. Затем специалист отправил ответ.,Вследствие ошибки отчет вернули. Затем специалист отправил ответ.
1765,context_vsledstvie,non_atomic_edit_count,Вследствие внесли новые материалы. Позже секретарь подготовил копию.,В следствие внесли новые материалы. Позже секретарь подготовил копию.
1766,context_vsledstvie,non_atomic_edit_count,В следствие ошибки отчет вернули. Утром редактор проверил адрес.,Вследствие ошибки отчет вернули. Утром редактор проверил адрес.
1767,context_vsledstvie,non_atomic_edit_count,Вследствие внесли новые материалы. После звонка комиссия ждала письмо.,В следствие внесли новые материалы. После звонка комиссия ждала письмо.
1768,context_vsledstvie,non_atomic_edit_count,В следствие ошибки отчет вернули. Вечером автор уточнил срок.,Вследствие ошибки отчет вернули. Вечером автор уточнил срок.
1769,context_vsledstvie,non_atomic_edit_count,Вследствие внесли новые материалы. Затем отдел сохранил файл.,В следствие внесли новые материалы. Затем отдел сохранил файл.
1770,context_vsledstvie,non_atomic_edit_count,В следствие ошибки отчет вернули. Позже группа приняла решение.,Вследствие ошибки отчет вернули. Позже группа приняла решение.
1771,context_vsledstvie,non_atomic_edit_count,Вследствие внесли новые материалы. Утром служба сверила данные.,В следствие внесли новые материалы. Утром служба сверила данные.
1772,context_vsledstvie,non_atomic_edit_count,В следствие ошибки отчет вернули. После совещания секретарь закрыл папку.,Вследствие ошибки отчет вернули. После совещания секретарь закрыл папку.
1773,context_vsledstvie,non_atomic_edit_count,Вследствие внесли новые материалы. Вечером специалист обновил запись.,В следствие внесли новые материалы. Вечером специалист обновил запись.
1774,context_vsledstvie,non_atomic_edit_count,В следствие ошибки отчет вернули. Затем редактор передал копию.,Вследствие ошибки отчет вернули. Затем редактор передал копию.
1775,context_vsledstvie,non_atomic_edit_count,Вследствие внесли новые материалы. Позже автор открыл таблицу.,В следствие внесли новые материалы. Позже автор открыл таблицу.
1776,context_vsledstvie,non_atomic_edit_count,В следствие ошибки отчет вернули. Утром комиссия согласовала дату.,Вследствие ошибки отчет вернули. Утром комиссия согласовала дату.
1777,context_vsledstvie,non_atomic_edit_count,Вследствие внесли новые материалы. После проверки отдел отправил ответ.,В следствие внесли новые материалы. После проверки отдел отправил ответ.
1778,context_vsledstvie,non_atomic_edit_count,В следствие ошибки отчет вернули. Вечером секретарь внес подпись.,Вследствие ошибки отчет вернули. Вечером секретарь внес подпись.
1779,context_vsledstvie,non_atomic_edit_count,Вследствие внесли новые материалы. Затем группа закрыла журнал.,В следствие внесли новые материалы. Затем группа закрыла журнал.
1780,context_vsledstvie,non_atomic_edit_count,В следствие ошибки отчет вернули. Позже служба уточнила маршрут.,Вследствие ошибки отчет вернули. Позже служба уточнила маршрут.
1781,context_vsledstvie,non_atomic_edit_count,Вследствие внесли новые материалы. Утром аналитик проверил сводку.,В следствие внесли новые материалы. Утром аналитик проверил сводку.
1782,context_vsledstvie,non_atomic_edit_count,В следствие ошибки отчет вернули. После обеда редактор принял письмо.,Вследствие ошибки отчет вернули. После обеда редактор принял письмо.
1783,context_vsledstvie,non_atomic_edit_count,Вследствие внесли новые материалы. Вечером отдел обновил список.,В следствие внесли новые материалы. Вечером отдел обновил список.
1784,context_vsledstvie,non_atomic_edit_count,В следствие ошибки отчет вернули. Затем автор сохранил документ.,Вследствие ошибки отчет вернули. Затем автор сохранил документ.
1785,context_vsledstvie,non_atomic_edit_count,Вследствие внесли новые материалы. Позже комиссия открыла протокол.,В следствие внесли новые материалы. Позже комиссия открыла протокол.
1786,context_vsledstvie,non_atomic_edit_count,В следствие ошибки отчет вернули. Утром секретарь отправил копию.,Вследствие ошибки отчет вернули. Утром секретарь отправил копию.
1787,context_vsledstvie,non_atomic_edit_count,Вследствие внесли новые материалы. После звонка специалист уточнил срок.,В следствие внесли новые материалы. После звонка специалист уточнил срок.
1788,context_vsledstvie,non_atomic_edit_count,В следствие ошибки отчет вернули. Вечером группа сверила даты.,Вследствие ошибки отчет вернули. Вечером группа сверила даты.
1789,context_vsledstvie,non_atomic_edit_count,Вследствие внесли новые материалы. Затем отдел принял письмо.,В следствие внесли новые материалы. Затем отдел принял письмо.
1790,context_za_to,non_atomic_edit_count,"За то в заключении, под конвоем наших солдат, Прейскер принял пришедшего к нему русского офицера сидя, нагло развалившись в кресле.","Зато в заключении, под конвоем наших солдат, Прейскер принял пришедшего к нему русского офицера сидя, нагло развалившись в кресле."
1791,context_za_to,non_atomic_edit_count,За то команда успела подготовить отчет. Позже редактор сохранил копию.,Зато команда успела подготовить отчет. Позже редактор сохранил копию.
1792,context_za_to,non_atomic_edit_count,Зато решение отвечал руководитель. Утром комиссия вернулась к письму.,За то решение отвечал руководитель. Утром комиссия вернулась к письму.
1793,context_za_to,non_atomic_edit_count,За то команда успела подготовить отчет. После встречи файл остался в архиве.,Зато команда успела подготовить отчет. После встречи файл остался в архиве.
1794,context_za_to,non_atomic_edit_count,Зато решение отвечал руководитель. Вечером автор обновил сводку.,За то решение отвечал руководитель. Вечером автор обновил сводку.
1795,context_za_to,non_atomic_edit_count,За то команда успела подготовить отчет. Затем группа сверила подписи.,Зато команда успела подготовить отчет. Затем группа сверила подписи.
1796,context_za_to,non_atomic_edit_count,Зато решение отвечал руководитель. Позже служба отправила ответ.,За то решение отвечал руководитель. Позже служба отправила ответ.
1797,context_za_to,non_atomic_edit_count,За то команда успела подготовить отчет. Утром секретарь открыл папку.,Зато команда успела подготовить отчет. Утром секретарь открыл папку.
1798,context_za_to,non_atomic_edit_count,Зато решение отвечал руководитель. После проверки список закрыли.,За то решение отвечал руководитель. После проверки список закрыли.
1799,context_za_to,non_atomic_edit_count,За то команда успела подготовить отчет. Вечером руководитель принял правки.,Зато команда успела подготовить отчет. Вечером руководитель принял правки.
1800,context_za_to,non_atomic_edit_count,Зато решение отвечал руководитель. Затем аналитик обновил запись.,За то решение отвечал руководитель. Затем аналитик обновил запись.
1801,context_za_to,non_atomic_edit_count,За то команда успела подготовить отчет. Позже отдел уточнил дату.,Зато команда успела подготовить отчет. Позже отдел уточнил дату.
1802,context_za_to,non_atomic_edit_count,Зато решение отвечал руководитель. Утром курьер принес копию.,За то решение отвечал руководитель. Утром курьер принес копию.
1803,context_za_to,non_atomic_edit_count,За то команда успела подготовить отчет. После обеда автор сверил данные.,Зато команда успела подготовить отчет. После обеда автор сверил данные.
1804,context_za_to,non_atomic_edit_count,Зато решение отвечал руководитель. Вечером секретарь закрыл журнал.,За то решение отвечал руководитель. Вечером секретарь закрыл журнал.
1805,context_za_to,non_atomic_edit_count,За то команда успела подготовить отчет. Затем комиссия перенесла встречу.,Зато команда успела подготовить отчет. Затем комиссия перенесла встречу.
1806,context_za_to,non_atomic_edit_count,Зато решение отвечал руководитель. Позже архивариус обновил карточку.,За то решение отвечал руководитель. Позже архивариус обновил карточку.
1807,context_za_to,non_atomic_edit_count,За то команда успела подготовить отчет. Утром дежурный проверил подписи.,Зато команда успела подготовить отчет. Утром дежурный проверил подписи.
1808,context_za_to,non_atomic_edit_count,Зато решение отвечал руководитель. После звонка редактор открыл файл.,За то решение отвечал руководитель. После звонка редактор открыл файл.
1809,context_za_to,non_atomic_edit_count,За то команда успела подготовить отчет. Вечером группа согласовала срок.,Зато команда успела подготовить отчет. Вечером группа согласовала срок.
1810,context_za_to,non_atomic_edit_count,Зато решение отвечал руководитель. Затем отдел отправил письмо.,За то решение отвечал руководитель. Затем отдел отправил письмо.
1811,context_za_to,non_atomic_edit_count,За то команда успела подготовить отчет. Позже автор поправил заголовок.,Зато команда успела подготовить отчет. Позже автор поправил заголовок.
1812,context_za_to,non_atomic_edit_count,Зато решение отвечал руководитель. Утром команда сверила список.,За то решение отвечал руководитель. Утром команда сверила список.
1813,context_za_to,non_atomic_edit_count,За то команда успела подготовить отчет. После совещания документ приняли.,Зато команда успела подготовить отчет. После совещания документ приняли.
1814,context_za_to,non_atomic_edit_count,Зато решение отвечал руководитель. Вечером сотрудник закрыл заявку.,За то решение отвечал руководитель. Вечером сотрудник закрыл заявку.
1815,context_za_to,non_atomic_edit_count,За то команда успела подготовить отчет. Затем редактор сохранил таблицу.,Зато команда успела подготовить отчет. Затем редактор сохранил таблицу.
1816,context_za_to,non_atomic_edit_count,Зато решение отвечал руководитель. Позже руководитель уточнил адрес.,За то решение отвечал руководитель. Позже руководитель уточнил адрес.
1817,context_za_to,non_atomic_edit_count,За то команда успела подготовить отчет. Утром специалист открыл журнал.,Зато команда успела подготовить отчет. Утром специалист открыл журнал.
1818,context_za_to,non_atomic_edit_count,Зато решение отвечал руководитель. После проверки данные совпали.,За то решение отвечал руководитель. После проверки данные совпали.
1819,context_za_to,non_atomic_edit_count,За то команда успела подготовить отчет. Вечером служба передала копию.,Зато команда успела подготовить отчет. Вечером служба передала копию.
1820,context_za_to,non_atomic_edit_count,Зато решение отвечал руководитель. Затем автор подписал лист.,За то решение отвечал руководитель. Затем автор подписал лист.
1821,context_za_to,non_atomic_edit_count,За то команда успела подготовить отчет. Позже комиссия вернула письмо.,Зато команда успела подготовить отчет. Позже комиссия вернула письмо.
1822,context_za_to,non_atomic_edit_count,Зато решение отвечал руководитель. Утром отдел принял заявку.,За то решение отвечал руководитель. Утром отдел принял заявку.
1823,context_za_to,non_atomic_edit_count,За то команда успела подготовить отчет. После обеда секретарь внес дату.,Зато команда успела подготовить отчет. После обеда секретарь внес дату.
1824,context_za_to,non_atomic_edit_count,Зато решение отвечал руководитель. Вечером редактор проверил список.,За то решение отвечал руководитель. Вечером редактор проверил список.
1825,context_za_to,non_atomic_edit_count,За то команда успела подготовить отчет. Затем курьер доставил пакет.,Зато команда успела подготовить отчет. Затем курьер доставил пакет.
1826,context_za_to,non_atomic_edit_count,Зато решение отвечал руководитель. Позже аналитик сверил отчет.,За то решение отвечал руководитель. Позже аналитик сверил отчет.
1827,context_za_to,non_atomic_edit_count,За то команда успела подготовить отчет. Утром группа открыла архив.,Зато команда успела подготовить отчет. Утром группа открыла архив.
1828,context_za_to,non_atomic_edit_count,Зато решение отвечал руководитель. После встречи автор добавил подпись.,За то решение отвечал руководитель. После встречи автор добавил подпись.
1829,context_za_to,non_atomic_edit_count,За то команда успела подготовить отчет. Вечером отдел закрыл вопрос.,Зато команда успела подготовить отчет. Вечером отдел закрыл вопрос.
1830,context_za_to,non_atomic_edit_count,Зато решение отвечал руководитель. Затем специалист отправил ответ.,За то решение отвечал руководитель. Затем специалист отправил ответ.
1831,context_za_to,non_atomic_edit_count,За то команда успела подготовить отчет. Позже секретарь подготовил копию.,Зато команда успела подготовить отчет. Позже секретарь подготовил копию.
1832,context_za_to,non_atomic_edit_count,Зато решение отвечал руководитель. Утром редактор проверил адрес.,За то решение отвечал руководитель. Утром редактор проверил адрес.
1833,context_za_to,non_atomic_edit_count,За то команда успела подготовить отчет. После звонка комиссия ждала письмо.,Зато команда успела подготовить отчет. После звонка комиссия ждала письмо.
1834,context_za_to,non_atomic_edit_count,Зато решение отвечал руководитель. Вечером автор уточнил срок.,За то решение отвечал руководитель. Вечером автор уточнил срок.
1835,context_za_to,non_atomic_edit_count,За то команда успела подготовить отчет. Затем отдел сохранил файл.,Зато команда успела подготовить отчет. Затем отдел сохранил файл.
1836,context_za_to,non_atomic_edit_count,Зато решение отвечал руководитель. Позже группа приняла решение.,За то решение отвечал руководитель. Позже группа приняла решение.
1837,context_za_to,non_atomic_edit_count,За то команда успела подготовить отчет. Утром служба сверила данные.,Зато команда успела подготовить отчет. Утром служба сверила данные.
1838,context_za_to,non_atomic_edit_count,Зато решение отвечал руководитель. После совещания секретарь закрыл папку.,За то решение отвечал руководитель. После совещания секретарь закрыл папку.
1839,context_za_to,non_atomic_edit_count,За то команда успела подготовить отчет. Вечером специалист обновил запись.,Зато команда успела подготовить отчет. Вечером специалист обновил запись.
1840,context_za_to,non_atomic_edit_count,Зато решение отвечал руководитель. Затем редактор передал копию.,За то решение отвечал руководитель. Затем редактор передал копию.
1841,context_za_to,non_atomic_edit_count,За то команда успела подготовить отчет. Позже автор открыл таблицу.,Зато команда успела подготовить отчет. Позже автор открыл таблицу.
1842,context_za_to,non_atomic_edit_count,Зато решение отвечал руководитель. Утром комиссия согласовала дату.,За то решение отвечал руководитель. Утром комиссия согласовала дату.
1843,context_za_to,non_atomic_edit_count,За то команда успела подготовить отчет. После проверки отдел отправил ответ.,Зато команда успела подготовить отчет. После проверки отдел отправил ответ.
1844,context_za_to,non_atomic_edit_count,Зато решение отвечал руководитель. Вечером секретарь внес подпись.,За то решение отвечал руководитель. Вечером секретарь внес подпись.
1845,context_za_to,non_atomic_edit_count,За то команда успела подготовить отчет. Затем группа закрыла журнал.,Зато команда успела подготовить отчет. Затем группа закрыла журнал.
1846,context_za_to,non_atomic_edit_count,Зато решение отвечал руководитель. Позже служба уточнила маршрут.,За то решение отвечал руководитель. Позже служба уточнила маршрут.
1847,context_za_to,non_atomic_edit_count,За то команда успела подготовить отчет. Утром аналитик проверил сводку.,Зато команда успела подготовить отчет. Утром аналитик проверил сводку.
1848,context_za_to,non_atomic_edit_count,Зато решение отвечал руководитель. После обеда редактор принял письмо.,За то решение отвечал руководитель. После обеда редактор принял письмо.
1849,context_za_to,non_atomic_edit_count,За то команда успела подготовить отчет. Вечером отдел обновил список.,Зато команда успела подготовить отчет. Вечером отдел обновил список.
1850,context_za_to,non_atomic_edit_count,Зато решение отвечал руководитель. Затем автор сохранил документ.,За то решение отвечал руководитель. Затем автор сохранил документ.
1851,context_za_to,non_atomic_edit_count,За то команда успела подготовить отчет. Позже комиссия открыла протокол.,Зато команда успела подготовить отчет. Позже комиссия открыла протокол.
1852,context_za_to,non_atomic_edit_count,Зато решение отвечал руководитель. Утром секретарь отправил копию.,За то решение отвечал руководитель. Утром секретарь отправил копию.
1853,context_za_to,non_atomic_edit_count,За то команда успела подготовить отчет. После звонка специалист уточнил срок.,Зато команда успела подготовить отчет. После звонка специалист уточнил срок.
1854,context_za_to,non_atomic_edit_count,Зато решение отвечал руководитель. Вечером группа сверила даты.,За то решение отвечал руководитель. Вечером группа сверила даты.
1855,context_za_to,non_atomic_edit_count,За то команда успела подготовить отчет. Затем отдел принял письмо.,Зато команда успела подготовить отчет. Затем отдел принял письмо.
1856,context_za_to,non_atomic_edit_count,Зато решение отвечал руководитель. Позже редактор сохранил копию.,За то решение отвечал руководитель. Позже редактор сохранил копию.
1857,context_za_to,non_atomic_edit_count,За то команда успела подготовить отчет. Утром комиссия вернулась к письму.,Зато команда успела подготовить отчет. Утром комиссия вернулась к письму.
1858,context_za_to,non_atomic_edit_count,Зато решение отвечал руководитель. После встречи файл остался в архиве.,За то решение отвечал руководитель. После встречи файл остался в архиве.
1859,context_za_to,non_atomic_edit_count,За то команда успела подготовить отчет. Вечером автор обновил сводку.,Зато команда успела подготовить отчет. Вечером автор обновил сводку.
1860,context_za_to,non_atomic_edit_count,Зато решение отвечал руководитель. Затем группа сверила подписи.,За то решение отвечал руководитель. Затем группа сверила подписи.
1861,context_za_to,non_atomic_edit_count,За то команда успела подготовить отчет. Позже служба отправила ответ.,Зато команда успела подготовить отчет. Позже служба отправила ответ.
1862,context_za_to,non_atomic_edit_count,Зато решение отвечал руководитель. Утром секретарь открыл папку.,За то решение отвечал руководитель. Утром секретарь открыл папку.
1863,context_za_to,non_atomic_edit_count,За то команда успела подготовить отчет. После проверки список закрыли.,Зато команда успела подготовить отчет. После проверки список закрыли.
1864,context_za_to,non_atomic_edit_count,Зато решение отвечал руководитель. Вечером руководитель принял правки.,За то решение отвечал руководитель. Вечером руководитель принял правки.
1865,context_za_to,non_atomic_edit_count,За то команда успела подготовить отчет. Затем аналитик обновил запись.,Зато команда успела подготовить отчет. Затем аналитик обновил запись.
1866,context_za_to,non_atomic_edit_count,Зато решение отвечал руководитель. Позже отдел уточнил дату.,За то решение отвечал руководитель. Позже отдел уточнил дату.
1867,context_za_to,non_atomic_edit_count,За то команда успела подготовить отчет. Утром курьер принес копию.,Зато команда успела подготовить отчет. Утром курьер принес копию.
1868,context_za_to,non_atomic_edit_count,Зато решение отвечал руководитель. После обеда автор сверил данные.,За то решение отвечал руководитель. После обеда автор сверил данные.
1869,context_za_to,non_atomic_edit_count,За то команда успела подготовить отчет. Вечером секретарь закрыл журнал.,Зато команда успела подготовить отчет. Вечером секретарь закрыл журнал.
1870,context_za_to,non_atomic_edit_count,Зато решение отвечал руководитель. Затем комиссия перенесла встречу.,За то решение отвечал руководитель. Затем комиссия перенесла встречу.
1871,context_za_to,non_atomic_edit_count,За то команда успела подготовить отчет. Позже архивариус обновил карточку.,Зато команда успела подготовить отчет. Позже архивариус обновил карточку.
1872,context_za_to,non_atomic_edit_count,Зато решение отвечал руководитель. Утром дежурный проверил подписи.,За то решение отвечал руководитель. Утром дежурный проверил подписи.
1873,context_za_to,non_atomic_edit_count,За то команда успела подготовить отчет. После звонка редактор открыл файл.,Зато команда успела подготовить отчет. После звонка редактор открыл файл.
1874,context_za_to,non_atomic_edit_count,Зато решение отвечал руководитель. Вечером группа согласовала срок.,За то решение отвечал руководитель. Вечером группа согласовала срок.
1875,context_za_to,non_atomic_edit_count,За то команда успела подготовить отчет. Затем отдел отправил письмо.,Зато команда успела подготовить отчет. Затем отдел отправил письмо.
1876,context_za_to,non_atomic_edit_count,Зато решение отвечал руководитель. Позже автор поправил заголовок.,За то решение отвечал руководитель. Позже автор поправил заголовок.
1877,context_za_to,non_atomic_edit_count,За то команда успела подготовить отчет. Утром команда сверила список.,Зато команда успела подготовить отчет. Утром команда сверила список.
1878,context_za_to,non_atomic_edit_count,Зато решение отвечал руководитель. После совещания документ приняли.,За то решение отвечал руководитель. После совещания документ приняли.
1879,context_za_to,non_atomic_edit_count,За то команда успела подготовить отчет. Вечером сотрудник закрыл заявку.,Зато команда успела подготовить отчет. Вечером сотрудник закрыл заявку.
1880,context_za_to,non_atomic_edit_count,Зато решение отвечал руководитель. Затем редактор сохранил таблицу.,За то решение отвечал руководитель. Затем редактор сохранил таблицу.
1881,context_za_to,non_atomic_edit_count,За то команда успела подготовить отчет. Позже руководитель уточнил адрес.,Зато команда успела подготовить отчет. Позже руководитель уточнил адрес.
1882,context_za_to,non_atomic_edit_count,Зато решение отвечал руководитель. Утром специалист открыл журнал.,За то решение отвечал руководитель. Утром специалист открыл журнал.
1883,context_za_to,non_atomic_edit_count,За то команда успела подготовить отчет. После проверки данные совпали.,Зато команда успела подготовить отчет. После проверки данные совпали.
1884,context_za_to,non_atomic_edit_count,Зато решение отвечал руководитель. Вечером служба передала копию.,За то решение отвечал руководитель. Вечером служба передала копию.
1885,context_za_to,non_atomic_edit_count,За то команда успела подготовить отчет. Затем автор подписал лист.,Зато команда успела подготовить отчет. Затем автор подписал лист.
1886,context_za_to,non_atomic_edit_count,Зато решение отвечал руководитель. Позже комиссия вернула письмо.,За то решение отвечал руководитель. Позже комиссия вернула письмо.
1887,context_za_to,non_atomic_edit_count,За то команда успела подготовить отчет. Утром отдел принял заявку.,Зато команда успела подготовить отчет. Утром отдел принял заявку.
1888,context_za_to,non_atomic_edit_count,Зато решение отвечал руководитель. После обеда секретарь внес дату.,За то решение отвечал руководитель. После обеда секретарь внес дату.
1889,context_za_to,non_atomic_edit_count,За то команда успела подготовить отчет. Вечером редактор проверил список.,Зато команда успела подготовить отчет. Вечером редактор проверил список.
1890,context_za_to,non_atomic_edit_count,Зато решение отвечал руководитель. Затем курьер доставил пакет.,За то решение отвечал руководитель. Затем курьер доставил пакет.
1891,context_za_to,non_atomic_edit_count,За то команда успела подготовить отчет. Позже аналитик сверил отчет.,Зато команда успела подготовить отчет. Позже аналитик сверил отчет.
1892,context_za_to,non_atomic_edit_count,Зато решение отвечал руководитель. Утром группа открыла архив.,За то решение отвечал руководитель. Утром группа открыла архив.
1893,context_za_to,non_atomic_edit_count,За то команда успела подготовить отчет. После встречи автор добавил подпись.,Зато команда успела подготовить отчет. После встречи автор добавил подпись.
1894,context_za_to,non_atomic_edit_count,Зато решение отвечал руководитель. Вечером отдел закрыл вопрос.,За то решение отвечал руководитель. Вечером отдел закрыл вопрос.
1895,context_za_to,non_atomic_edit_count,За то команда успела подготовить отчет. Затем специалист отправил ответ.,Зато команда успела подготовить отчет. Затем специалист отправил ответ.
1896,context_za_to,non_atomic_edit_count,Зато решение отвечал руководитель. Позже секретарь подготовил копию.,За то решение отвечал руководитель. Позже секретарь подготовил копию.
1897,context_za_to,non_atomic_edit_count,За то команда успела подготовить отчет. Утром редактор проверил адрес.,Зато команда успела подготовить отчет. Утром редактор проверил адрес.
1898,context_za_to,non_atomic_edit_count,Зато решение отвечал руководитель. После звонка комиссия ждала письмо.,За то решение отвечал руководитель. После звонка комиссия ждала письмо.
1899,context_za_to,non_atomic_edit_count,За то команда успела подготовить отчет. Вечером автор уточнил срок.,Зато команда успела подготовить отчет. Вечером автор уточнил срок.
1900,context_za_to,non_atomic_edit_count,Зато решение отвечал руководитель. Затем отдел сохранил файл.,За то решение отвечал руководитель. Затем отдел сохранил файл.
1901,context_za_to,non_atomic_edit_count,За то команда успела подготовить отчет. Позже группа приняла решение.,Зато команда успела подготовить отчет. Позже группа приняла решение.
1902,context_za_to,non_atomic_edit_count,Зато решение отвечал руководитель. Утром служба сверила данные.,За то решение отвечал руководитель. Утром служба сверила данные.
1903,context_za_to,non_atomic_edit_count,За то команда успела подготовить отчет. После совещания секретарь закрыл папку.,Зато команда успела подготовить отчет. После совещания секретарь закрыл папку.
1904,context_za_to,non_atomic_edit_count,Зато решение отвечал руководитель. Вечером специалист обновил запись.,За то решение отвечал руководитель. Вечером специалист обновил запись.
1905,context_za_to,non_atomic_edit_count,За то команда успела подготовить отчет. Затем редактор передал копию.,Зато команда успела подготовить отчет. Затем редактор передал копию.
1906,context_za_to,non_atomic_edit_count,Зато решение отвечал руководитель. Позже автор открыл таблицу.,За то решение отвечал руководитель. Позже автор открыл таблицу.
1907,context_za_to,non_atomic_edit_count,За то команда успела подготовить отчет. Утром комиссия согласовала дату.,Зато команда успела подготовить отчет. Утром комиссия согласовала дату.
1908,context_za_to,non_atomic_edit_count,Зато решение отвечал руководитель. После проверки отдел отправил ответ.,За то решение отвечал руководитель. После проверки отдел отправил ответ.
1909,context_za_to,non_atomic_edit_count,За то команда успела подготовить отчет. Вечером секретарь внес подпись.,Зато команда успела подготовить отчет. Вечером секретарь внес подпись.
1910,context_za_to,non_atomic_edit_count,Зато решение отвечал руководитель. Затем группа закрыла журнал.,За то решение отвечал руководитель. Затем группа закрыла журнал.
1911,context_za_to,non_atomic_edit_count,За то команда успела подготовить отчет. Позже служба уточнила маршрут.,Зато команда успела подготовить отчет. Позже служба уточнила маршрут.
1912,context_za_to,non_atomic_edit_count,Зато решение отвечал руководитель. Утром аналитик проверил сводку.,За то решение отвечал руководитель. Утром аналитик проверил сводку.
1913,context_za_to,non_atomic_edit_count,За то команда успела подготовить отчет. После обеда редактор принял письмо.,Зато команда успела подготовить отчет. После обеда редактор принял письмо.
1914,context_za_to,non_atomic_edit_count,Зато решение отвечал руководитель. Вечером отдел обновил список.,За то решение отвечал руководитель. Вечером отдел обновил список.
1915,context_za_to,non_atomic_edit_count,За то команда успела подготовить отчет. Затем автор сохранил документ.,Зато команда успела подготовить отчет. Затем автор сохранил документ.
1916,context_za_to,non_atomic_edit_count,Зато решение отвечал руководитель. Позже комиссия открыла протокол.,За то решение отвечал руководитель. Позже комиссия открыла протокол.
1917,context_za_to,non_atomic_edit_count,За то команда успела подготовить отчет. Утром секретарь отправил копию.,Зато команда успела подготовить отчет. Утром секретарь отправил копию.
1918,context_za_to,non_atomic_edit_count,Зато решение отвечал руководитель. После звонка специалист уточнил срок.,За то решение отвечал руководитель. После звонка специалист уточнил срок.
1919,context_za_to,non_atomic_edit_count,За то команда успела подготовить отчет. Вечером группа сверила даты.,Зато команда успела подготовить отчет. Вечером группа сверила даты.
1920,context_za_to,non_atomic_edit_count,Зато решение отвечал руководитель. Затем отдел принял письмо.,За то решение отвечал руководитель. Затем отдел принял письмо.
2116,detached_participial_comma,non_atomic_edit_count,Новый документ согласованный отделом вернули в архив. Утром комиссия вернулась к письму.,"Новый документ, согласованный отделом, вернули в архив. Утром комиссия вернулась к письму."
2117,detached_participial_comma,non_atomic_edit_count,Городской архив подготовленный командой отправили утром. После встречи файл остался в архиве.,"Городской архив, подготовленный командой, отправили утром. После встречи файл остался в архиве."
2118,detached_participial_comma,non_atomic_edit_count,Утренний выпуск согласованный отделом вернули в архив. Вечером автор обновил сводку.,"Утренний выпуск, согласованный отделом, вернули в архив. Вечером автор обновил сводку."
2119,detached_participial_comma,non_atomic_edit_count,Важный договор подготовленный командой отправили утром. Затем группа сверила подписи.,"Важный договор, подготовленный командой, отправили утром. Затем группа сверила подписи."
2120,detached_participial_comma,non_atomic_edit_count,Короткая заметка согласованный отделом вернули в архив. Позже служба отправила ответ.,"Короткая заметка, согласованный отделом, вернули в архив. Позже служба отправила ответ."
2121,detached_participial_comma,non_atomic_edit_count,Итоговая таблица подготовленный командой отправили утром. Утром секретарь открыл папку.,"Итоговая таблица, подготовленный командой, отправили утром. Утром секретарь открыл папку."
2122,detached_participial_comma,non_atomic_edit_count,Свежая сводка согласованный отделом вернули в архив. После проверки список закрыли.,"Свежая сводка, согласованный отделом, вернули в архив. После проверки список закрыли."
2123,detached_participial_comma,non_atomic_edit_count,Открытая заявка подготовленный командой отправили утром. Вечером руководитель принял правки.,"Открытая заявка, подготовленный командой, отправили утром. Вечером руководитель принял правки."
2124,detached_participial_comma,non_atomic_edit_count,Районная комиссия подготовленный командой отправили утром. Позже отдел уточнил дату.,"Районная комиссия, подготовленный командой, отправили утром. Позже отдел уточнил дату."
2125,detached_participial_comma,non_atomic_edit_count,Финальный список согласованный отделом вернули в архив. Утром курьер принес копию.,"Финальный список, согласованный отделом, вернули в архив. Утром курьер принес копию."
2126,detached_participial_comma,non_atomic_edit_count,Новая редакция подготовленный командой отправили утром. После обеда автор сверил данные.,"Новая редакция, подготовленный командой, отправили утром. После обеда автор сверил данные."
2127,detached_participial_comma,non_atomic_edit_count,Архивная запись согласованный отделом вернули в архив. Вечером секретарь закрыл журнал.,"Архивная запись, согласованный отделом, вернули в архив. Вечером секретарь закрыл журнал."
2128,detached_participial_comma,non_atomic_edit_count,Дежурный редактор подготовленный командой отправили утром. Затем комиссия перенесла встречу.,"Дежурный редактор, подготовленный командой, отправили утром. Затем комиссия перенесла встречу."
2129,detached_participial_comma,non_atomic_edit_count,Общий график согласованный отделом вернули в архив. Позже архивариус обновил карточку.,"Общий график, согласованный отделом, вернули в архив. Позже архивариус обновил карточку."
2130,detached_participial_comma,non_atomic_edit_count,Плановая встреча подготовленный командой отправили утром. Утром дежурный проверил подписи.,"Плановая встреча, подготовленный командой, отправили утром. Утром дежурный проверил подписи."
2131,detached_participial_comma,non_atomic_edit_count,Осенняя проверка согласованный отделом вернули в архив. После звонка редактор открыл файл.,"Осенняя проверка, согласованный отделом, вернули в архив. После звонка редактор открыл файл."
2132,detached_participial_comma,non_atomic_edit_count,Важная подпись согласованный отделом вернули в архив. Затем отдел отправил письмо.,"Важная подпись, согласованный отделом, вернули в архив. Затем отдел отправил письмо."
2133,detached_participial_comma,non_atomic_edit_count,Рабочая группа подготовленный командой отправили утром. Позже автор поправил заголовок.,"Рабочая группа, подготовленный командой, отправили утром. Позже автор поправил заголовок."
2134,detached_participial_comma,non_atomic_edit_count,Городская служба согласованный отделом вернули в архив. Утром команда сверила список.,"Городская служба, согласованный отделом, вернули в архив. Утром команда сверила список."
2135,detached_participial_comma,non_atomic_edit_count,Учебная таблица согласованный отделом вернули в архив. Вечером сотрудник закрыл заявку.,"Учебная таблица, согласованный отделом, вернули в архив. Вечером сотрудник закрыл заявку."
2136,detached_participial_comma,non_atomic_edit_count,Согласованный договор подготовленный командой отправили утром. Утром специалист открыл журнал.,"Согласованный договор, подготовленный командой, отправили утром. Утром специалист открыл журнал."
2137,detached_participial_comma,non_atomic_edit_count,Подготовленный список согласованный отделом вернули в архив. После проверки данные совпали.,"Подготовленный список, согласованный отделом, вернули в архив. После проверки данные совпали."
2138,detached_participial_comma,non_atomic_edit_count,Закрытая заявка подготовленный командой отправили утром. Вечером служба передала копию.,"Закрытая заявка, подготовленный командой, отправили утром. Вечером служба передала копию."
2139,detached_participial_comma,non_atomic_edit_count,Длинная запись согласованный отделом вернули в архив. Затем автор подписал лист.,"Длинная запись, согласованный отделом, вернули в архив. Затем автор подписал лист."
2140,detached_participial_comma,non_atomic_edit_count,Зимнее расписание подготовленный командой отправили утром. После обеда секретарь внес дату.,"Зимнее расписание, подготовленный командой, отправили утром. После обеда секретарь внес дату."
2141,detached_participial_comma,non_atomic_edit_count,Летняя проверка согласованный отделом вернули в архив. Вечером редактор проверил список.,"Летняя проверка, согласованный отделом, вернули в архив. Вечером редактор проверил список."
2142,detached_participial_comma,non_atomic_edit_count,Входящее письмо согласованный отделом вернули в архив. Позже аналитик сверил отчет.,"Входящее письмо, согласованный отделом, вернули в архив. Позже аналитик сверил отчет."
2143,detached_participial_comma,non_atomic_edit_count,Старый договор подготовленный командой отправили утром. Утром группа открыла архив.,"Старый договор, подготовленный командой, отправили утром. Утром группа открыла архив."
2144,detached_participial_comma,non_atomic_edit_count,Новая таблица согласованный отделом вернули в архив. После встречи автор добавил подпись.,"Новая таблица, согласованный отделом, вернули в архив. После встречи автор добавил подпись."
2145,detached_participial_comma,non_atomic_edit_count,Утренний приказ согласованный отделом вернули в архив. Затем специалист отправил ответ.,"Утренний приказ, согласованный отделом, вернули в архив. Затем специалист отправил ответ."
2146,detached_participial_comma,non_atomic_edit_count,Служебная записка подготовленный командой отправили утром. Позже секретарь подготовил копию.,"Служебная записка, подготовленный командой, отправили утром. Позже секретарь подготовил копию."
2147,detached_participial_comma,non_atomic_edit_count,Городской проект согласованный отделом вернули в архив. Утром редактор проверил адрес.,"Городской проект, согласованный отделом, вернули в архив. Утром редактор проверил адрес."
2148,detached_participial_comma,non_atomic_edit_count,Важное решение подготовленный командой отправили утром. После звонка комиссия ждала письмо.,"Важное решение, подготовленный командой, отправили утром. После звонка комиссия ждала письмо."
2149,detached_participial_comma,non_atomic_edit_count,Общий список согласованный отделом вернули в архив. Вечером автор уточнил срок.,"Общий список, согласованный отделом, вернули в архив. Вечером автор уточнил срок."
2150,detached_participial_comma,non_atomic_edit_count,Архивный номер согласованный отделом вернули в архив. Позже группа приняла решение.,"Архивный номер, согласованный отделом, вернули в архив. Позже группа приняла решение."
2151,detached_participial_comma,non_atomic_edit_count,Открытый вопрос подготовленный командой отправили утром. Утром служба сверила данные.,"Открытый вопрос, подготовленный командой, отправили утром. Утром служба сверила данные."
2152,detached_participial_comma,non_atomic_edit_count,Вечерняя смена согласованный отделом вернули в архив. Затем редактор передал копию.,"Вечерняя смена, согласованный отделом, вернули в архив. Затем редактор передал копию."
2153,detached_participial_comma,non_atomic_edit_count,Срочная заявка подготовленный командой отправили утром. Позже автор открыл таблицу.,"Срочная заявка, подготовленный командой, отправили утром. Позже автор открыл таблицу."
2154,detached_participial_comma,non_atomic_edit_count,Письменная просьба согласованный отделом вернули в архив. Утром комиссия согласовала дату.,"Письменная просьба, согласованный отделом, вернули в архив. Утром комиссия согласовала дату."
2155,detached_participial_comma,non_atomic_edit_count,Дневной выпуск согласованный отделом вернули в архив. Вечером секретарь внес подпись.,"Дневной выпуск, согласованный отделом, вернули в архив. Вечером секретарь внес подпись."
2156,detached_participial_comma,non_atomic_edit_count,Точная дата подготовленный командой отправили утром. Затем группа закрыла журнал.,"Точная дата, подготовленный командой, отправили утром. Затем группа закрыла журнал."
2157,detached_participial_comma,non_atomic_edit_count,Основной договор подготовленный командой отправили утром. Утром аналитик проверил сводку.,"Основной договор, подготовленный командой, отправили утром. Утром аналитик проверил сводку."
2158,detached_participial_comma,non_atomic_edit_count,Временный график согласованный отделом вернули в архив. После обеда редактор принял письмо.,"Временный график, согласованный отделом, вернули в архив. После обеда редактор принял письмо."
2159,detached_participial_comma,non_atomic_edit_count,Дежурная группа подготовленный командой отправили утром. Вечером отдел обновил список.,"Дежурная группа, подготовленный командой, отправили утром. Вечером отдел обновил список."
2160,detached_participial_comma,non_atomic_edit_count,Финальная версия согласованный отделом вернули в архив. Затем автор сохранил документ.,"Финальная версия, согласованный отделом, вернули в архив. Затем автор сохранил документ."
2161,detached_participial_comma,non_atomic_edit_count,Контрольная таблица подготовленный командой отправили утром. Позже комиссия открыла протокол.,"Контрольная таблица, подготовленный командой, отправили утром. Позже комиссия открыла протокол."
2162,detached_participial_comma,non_atomic_edit_count,Закрытое письмо подготовленный командой отправили утром. После звонка специалист уточнил срок.,"Закрытое письмо, подготовленный командой, отправили утром. После звонка специалист уточнил срок."
2163,detached_participial_comma,non_atomic_edit_count,Городская программа подготовленный командой отправили утром. Затем отдел принял письмо.,"Городская программа, подготовленный командой, отправили утром. Затем отдел принял письмо."
2164,detached_participial_comma,non_atomic_edit_count,Новый документ подготовленный командой отправили утром. Утром комиссия вернулась к письму.,"Новый документ, подготовленный командой, отправили утром. Утром комиссия вернулась к письму."
2165,detached_participial_comma,non_atomic_edit_count,Городской архив согласованный отделом вернули в архив. После встречи файл остался в архиве.,"Городской архив, согласованный отделом, вернули в архив. После встречи файл остался в архиве."
2166,detached_participial_comma,non_atomic_edit_count,Утренний выпуск подготовленный командой отправили утром. Вечером автор обновил сводку.,"Утренний выпуск, подготовленный командой, отправили утром. Вечером автор обновил сводку."
2167,detached_participial_comma,non_atomic_edit_count,Важный договор согласованный отделом вернули в архив. Затем группа сверила подписи.,"Важный договор, согласованный отделом, вернули в архив. Затем группа сверила подписи."
2168,detached_participial_comma,non_atomic_edit_count,Короткая заметка подготовленный командой отправили утром. Позже служба отправила ответ.,"Короткая заметка, подготовленный командой, отправили утром. Позже служба отправила ответ."
2169,detached_participial_comma,non_atomic_edit_count,Итоговая таблица согласованный отделом вернули в архив. Утром секретарь открыл папку.,"Итоговая таблица, согласованный отделом, вернули в архив. Утром секретарь открыл папку."
2170,detached_participial_comma,non_atomic_edit_count,Свежая сводка подготовленный командой отправили утром. После проверки список закрыли.,"Свежая сводка, подготовленный командой, отправили утром. После проверки список закрыли."
2171,detached_participial_comma,non_atomic_edit_count,Открытая заявка согласованный отделом вернули в архив. Вечером руководитель принял правки.,"Открытая заявка, согласованный отделом, вернули в архив. Вечером руководитель принял правки."
2172,detached_participial_comma,non_atomic_edit_count,Районная комиссия согласованный отделом вернули в архив. Позже отдел уточнил дату.,"Районная комиссия, согласованный отделом, вернули в архив. Позже отдел уточнил дату."
2173,detached_participial_comma,non_atomic_edit_count,Финальный список подготовленный командой отправили утром. Утром курьер принес копию.,"Финальный список, подготовленный командой, отправили утром. Утром курьер принес копию."
2174,detached_participial_comma,non_atomic_edit_count,Новая редакция согласованный отделом вернули в архив. После обеда автор сверил данные.,"Новая редакция, согласованный отделом, вернули в архив. После обеда автор сверил данные."
2175,detached_participial_comma,non_atomic_edit_count,Архивная запись подготовленный командой отправили утром. Вечером секретарь закрыл журнал.,"Архивная запись, подготовленный командой, отправили утром. Вечером секретарь закрыл журнал."
2176,detached_participial_comma,non_atomic_edit_count,Дежурный редактор согласованный отделом вернули в архив. Затем комиссия перенесла встречу.,"Дежурный редактор, согласованный отделом, вернули в архив. Затем комиссия перенесла встречу."
2177,detached_participial_comma,non_atomic_edit_count,Общий график подготовленный командой отправили утром. Позже архивариус обновил карточку.,"Общий график, подготовленный командой, отправили утром. Позже архивариус обновил карточку."
2178,detached_participial_comma,non_atomic_edit_count,Плановая встреча согласованный отделом вернули в архив. Утром дежурный проверил подписи.,"Плановая встреча, согласованный отделом, вернули в архив. Утром дежурный проверил подписи."
2179,detached_participial_comma,non_atomic_edit_count,Осенняя проверка подготовленный командой отправили утром. После звонка редактор открыл файл.,"Осенняя проверка, подготовленный командой, отправили утром. После звонка редактор открыл файл."
2180,detached_participial_comma,non_atomic_edit_count,Важная подпись подготовленный командой отправили утром. Затем отдел отправил письмо.,"Важная подпись, подготовленный командой, отправили утром. Затем отдел отправил письмо."
2181,detached_participial_comma,non_atomic_edit_count,Рабочая группа согласованный отделом вернули в архив. Позже автор поправил заголовок.,"Рабочая группа, согласованный отделом, вернули в архив. Позже автор поправил заголовок."
2182,detached_participial_comma,non_atomic_edit_count,Городская служба подготовленный командой отправили утром. Утром команда сверила список.,"Городская служба, подготовленный командой, отправили утром. Утром команда сверила список."
2183,detached_participial_comma,non_atomic_edit_count,Учебная таблица подготовленный командой отправили утром. Вечером сотрудник закрыл заявку.,"Учебная таблица, подготовленный командой, отправили утром. Вечером сотрудник закрыл заявку."
2184,detached_participial_comma,non_atomic_edit_count,Согласованный договор согласованный отделом вернули в архив. Утром специалист открыл журнал.,"Согласованный договор, согласованный отделом, вернули в архив. Утром специалист открыл журнал."
2185,detached_participial_comma,non_atomic_edit_count,Подготовленный список подготовленный командой отправили утром. После проверки данные совпали.,"Подготовленный список, подготовленный командой, отправили утром. После проверки данные совпали."
2186,detached_participial_comma,non_atomic_edit_count,Закрытая заявка согласованный отделом вернули в архив. Вечером служба передала копию.,"Закрытая заявка, согласованный отделом, вернули в архив. Вечером служба передала копию."
2187,detached_participial_comma,non_atomic_edit_count,Длинная запись подготовленный командой отправили утром. Затем автор подписал лист.,"Длинная запись, подготовленный командой, отправили утром. Затем автор подписал лист."
2188,detached_participial_comma,non_atomic_edit_count,Зимнее расписание согласованный отделом вернули в архив. После обеда секретарь внес дату.,"Зимнее расписание, согласованный отделом, вернули в архив. После обеда секретарь внес дату."
2189,detached_participial_comma,non_atomic_edit_count,Летняя проверка подготовленный командой отправили утром. Вечером редактор проверил список.,"Летняя проверка, подготовленный командой, отправили утром. Вечером редактор проверил список."
2190,detached_participial_comma,non_atomic_edit_count,Входящее письмо подготовленный командой отправили утром. Позже аналитик сверил отчет.,"Входящее письмо, подготовленный командой, отправили утром. Позже аналитик сверил отчет."
2191,detached_participial_comma,non_atomic_edit_count,Старый договор согласованный отделом вернули в архив. Утром группа открыла архив.,"Старый договор, согласованный отделом, вернули в архив. Утром группа открыла архив."
2192,detached_participial_comma,non_atomic_edit_count,Новая таблица подготовленный командой отправили утром. После встречи автор добавил подпись.,"Новая таблица, подготовленный командой, отправили утром. После встречи автор добавил подпись."
2193,detached_participial_comma,non_atomic_edit_count,Утренний приказ подготовленный командой отправили утром. Затем специалист отправил ответ.,"Утренний приказ, подготовленный командой, отправили утром. Затем специалист отправил ответ."
2194,detached_participial_comma,non_atomic_edit_count,Служебная записка согласованный отделом вернули в архив. Позже секретарь подготовил копию.,"Служебная записка, согласованный отделом, вернули в архив. Позже секретарь подготовил копию."
2195,detached_participial_comma,non_atomic_edit_count,Городской проект подготовленный командой отправили утром. Утром редактор проверил адрес.,"Городской проект, подготовленный командой, отправили утром. Утром редактор проверил адрес."
2196,detached_participial_comma,non_atomic_edit_count,Важное решение согласованный отделом вернули в архив. После звонка комиссия ждала письмо.,"Важное решение, согласованный отделом, вернули в архив. После звонка комиссия ждала письмо."
2197,detached_participial_comma,non_atomic_edit_count,Общий список подготовленный командой отправили утром. Вечером автор уточнил срок.,"Общий список, подготовленный командой, отправили утром. Вечером автор уточнил срок."
2198,detached_participial_comma,non_atomic_edit_count,Архивный номер подготовленный командой отправили утром. Позже группа приняла решение.,"Архивный номер, подготовленный командой, отправили утром. Позже группа приняла решение."
2199,detached_participial_comma,non_atomic_edit_count,Открытый вопрос согласованный отделом вернули в архив. Утром служба сверила данные.,"Открытый вопрос, согласованный отделом, вернули в архив. Утром служба сверила данные."
2200,detached_participial_comma,non_atomic_edit_count,Вечерняя смена подготовленный командой отправили утром. Затем редактор передал копию.,"Вечерняя смена, подготовленный командой, отправили утром. Затем редактор передал копию."
2201,detached_participial_comma,non_atomic_edit_count,Срочная заявка согласованный отделом вернули в архив. Позже автор открыл таблицу.,"Срочная заявка, согласованный отделом, вернули в архив. Позже автор открыл таблицу."
2202,detached_participial_comma,non_atomic_edit_count,Письменная просьба подготовленный командой отправили утром. Утром комиссия согласовала дату.,"Письменная просьба, подготовленный командой, отправили утром. Утром комиссия согласовала дату."
2203,detached_participial_comma,non_atomic_edit_count,Дневной выпуск подготовленный командой отправили утром. Вечером секретарь внес подпись.,"Дневной выпуск, подготовленный командой, отправили утром. Вечером секретарь внес подпись."
2204,detached_participial_comma,non_atomic_edit_count,Точная дата согласованный отделом вернули в архив. Затем группа закрыла журнал.,"Точная дата, согласованный отделом, вернули в архив. Затем группа закрыла журнал."
2205,detached_participial_comma,non_atomic_edit_count,Основной договор согласованный отделом вернули в архив. Утром аналитик проверил сводку.,"Основной договор, согласованный отделом, вернули в архив. Утром аналитик проверил сводку."
2206,detached_participial_comma,non_atomic_edit_count,Временный график подготовленный командой отправили утром. После обеда редактор принял письмо.,"Временный график, подготовленный командой, отправили утром. После обеда редактор принял письмо."
2207,detached_participial_comma,non_atomic_edit_count,Дежурная группа согласованный отделом вернули в архив. Вечером отдел обновил список.,"Дежурная группа, согласованный отделом, вернули в архив. Вечером отдел обновил список."
2208,detached_participial_comma,non_atomic_edit_count,Финальная версия подготовленный командой отправили утром. Затем автор сохранил документ.,"Финальная версия, подготовленный командой, отправили утром. Затем автор сохранил документ."
2209,detached_participial_comma,non_atomic_edit_count,Контрольная таблица согласованный отделом вернули в архив. Позже комиссия открыла протокол.,"Контрольная таблица, согласованный отделом, вернули в архив. Позже комиссия открыла протокол."
2210,detached_participial_comma,non_atomic_edit_count,Закрытое письмо согласованный отделом вернули в архив. После звонка специалист уточнил срок.,"Закрытое письмо, согласованный отделом, вернули в архив. После звонка специалист уточнил срок."
2211,detached_participial_comma,non_atomic_edit_count,Городская программа согласованный отделом вернули в архив. Затем отдел принял письмо.,"Городская программа, согласованный отделом, вернули в архив. Затем отдел принял письмо."
2212,direct_speech_colon,target_quality_failed,Редактор сказал рабочий отчет готов.,Редактор сказал: рабочий отчет готов.
2213,direct_speech_colon,target_quality_failed,Автор ответил новый документ принят.,Автор ответил: новый документ принят.
2214,direct_speech_colon,target_quality_failed,Редактор сказал городской архив готов.,Редактор сказал: городской архив готов.
2215,direct_speech_colon,target_quality_failed,Автор ответил утренний выпуск принят.,Автор ответил: утренний выпуск принят.
2216,direct_speech_colon,target_quality_failed,Редактор сказал важный договор готов.,Редактор сказал: важный договор готов.
2217,direct_speech_colon,target_quality_failed,Автор ответил короткая заметка принят.,Автор ответил: короткая заметка принят.
2218,direct_speech_colon,target_quality_failed,Редактор сказал итоговая таблица готов.,Редактор сказал: итоговая таблица готов.
2219,direct_speech_colon,target_quality_failed,Автор ответил свежая сводка принят.,Автор ответил: свежая сводка принят.
2220,direct_speech_colon,target_quality_failed,Редактор сказал открытая заявка готов.,Редактор сказал: открытая заявка готов.
2221,direct_speech_colon,target_quality_failed,Автор ответил письменный ответ принят.,Автор ответил: письменный ответ принят.
2222,direct_speech_colon,target_quality_failed,Редактор сказал районная комиссия готов.,Редактор сказал: районная комиссия готов.
2223,direct_speech_colon,target_quality_failed,Автор ответил финальный список принят.,Автор ответил: финальный список принят.
2224,direct_speech_colon,target_quality_failed,Редактор сказал новая редакция готов.,Редактор сказал: новая редакция готов.
2225,direct_speech_colon,target_quality_failed,Автор ответил архивная запись принят.,Автор ответил: архивная запись принят.
2226,direct_speech_colon,target_quality_failed,Редактор сказал дежурный редактор готов.,Редактор сказал: дежурный редактор готов.
2227,direct_speech_colon,target_quality_failed,Автор ответил общий график принят.,Автор ответил: общий график принят.
2228,direct_speech_colon,target_quality_failed,Редактор сказал плановая встреча готов.,Редактор сказал: плановая встреча готов.
2229,direct_speech_colon,target_quality_failed,Автор ответил осенняя проверка принят.,Автор ответил: осенняя проверка принят.
2230,direct_speech_colon,target_quality_failed,Редактор сказал сводный отчет готов.,Редактор сказал: сводный отчет готов.
2231,direct_speech_colon,target_quality_failed,Автор ответил важная подпись принят.,Автор ответил: важная подпись принят.
2232,direct_speech_colon,target_quality_failed,Редактор сказал рабочая группа готов.,Редактор сказал: рабочая группа готов.
2233,direct_speech_colon,target_quality_failed,Автор ответил городская служба принят.,Автор ответил: городская служба принят.
2234,direct_speech_colon,target_quality_failed,Редактор сказал новый раздел готов.,Редактор сказал: новый раздел готов.
2235,direct_speech_colon,target_quality_failed,Автор ответил учебная таблица принят.,Автор ответил: учебная таблица принят.
2236,direct_speech_colon,target_quality_failed,Редактор сказал вечерний протокол готов.,Редактор сказал: вечерний протокол готов.
2237,direct_speech_colon,target_quality_failed,Автор ответил проверенный файл принят.,Автор ответил: проверенный файл принят.
2238,direct_speech_colon,target_quality_failed,Редактор сказал согласованный договор готов.,Редактор сказал: согласованный договор готов.
2239,direct_speech_colon,target_quality_failed,Автор ответил подготовленный список принят.,Автор ответил: подготовленный список принят.
2240,direct_speech_colon,target_quality_failed,Редактор сказал закрытая заявка готов.,Редактор сказал: закрытая заявка готов.
2241,direct_speech_colon,target_quality_failed,Автор ответил длинная запись принят.,Автор ответил: длинная запись принят.
2242,direct_speech_colon,target_quality_failed,Редактор сказал обновленный журнал готов.,Редактор сказал: обновленный журнал готов.
2243,direct_speech_colon,target_quality_failed,Автор ответил северный филиал принят.,Автор ответил: северный филиал принят.
2244,direct_speech_colon,target_quality_failed,Редактор сказал зимнее расписание готов.,Редактор сказал: зимнее расписание готов.
2245,direct_speech_colon,target_quality_failed,Автор ответил летняя проверка принят.,Автор ответил: летняя проверка принят.
2246,direct_speech_colon,target_quality_failed,Редактор сказал районный протокол готов.,Редактор сказал: районный протокол готов.
2247,direct_speech_colon,target_quality_failed,Автор ответил входящее письмо принят.,Автор ответил: входящее письмо принят.
2248,direct_speech_colon,target_quality_failed,Редактор сказал старый договор готов.,Редактор сказал: старый договор готов.
2249,direct_speech_colon,target_quality_failed,Автор ответил новая таблица принят.,Автор ответил: новая таблица принят.
2250,direct_speech_colon,target_quality_failed,Редактор сказал закрытый раздел готов.,Редактор сказал: закрытый раздел готов.
2251,direct_speech_colon,target_quality_failed,Автор ответил утренний приказ принят.,Автор ответил: утренний приказ принят.
2252,direct_speech_colon,target_quality_failed,Редактор сказал служебная записка готов.,Редактор сказал: служебная записка готов.
2253,direct_speech_colon,target_quality_failed,Автор ответил городской проект принят.,Автор ответил: городской проект принят.
2254,direct_speech_colon,target_quality_failed,Редактор сказал важное решение готов.,Редактор сказал: важное решение готов.
2255,direct_speech_colon,target_quality_failed,Автор ответил общий список принят.,Автор ответил: общий список принят.
2256,direct_speech_colon,target_quality_failed,Редактор сказал рабочий кабинет готов.,Редактор сказал: рабочий кабинет готов.
2257,direct_speech_colon,target_quality_failed,Автор ответил архивный номер принят.,Автор ответил: архивный номер принят.
2258,direct_speech_colon,target_quality_failed,Редактор сказал открытый вопрос готов.,Редактор сказал: открытый вопрос готов.
2259,direct_speech_colon,target_quality_failed,Автор ответил плановый отчет принят.,Автор ответил: плановый отчет принят.
2260,direct_speech_colon,target_quality_failed,Редактор сказал новый маршрут готов.,Редактор сказал: новый маршрут готов.
2261,direct_speech_colon,target_quality_failed,Автор ответил вечерняя смена принят.,Автор ответил: вечерняя смена принят.
2262,direct_speech_colon,target_quality_failed,Редактор сказал срочная заявка готов.,Редактор сказал: срочная заявка готов.
2263,direct_speech_colon,target_quality_failed,Автор ответил письменная просьба принят.,Автор ответил: письменная просьба принят.
2264,direct_speech_colon,target_quality_failed,Редактор сказал короткий протокол готов.,Редактор сказал: короткий протокол готов.
2265,direct_speech_colon,target_quality_failed,Автор ответил дневной выпуск принят.,Автор ответил: дневной выпуск принят.
2266,direct_speech_colon,target_quality_failed,Редактор сказал точная дата готов.,Редактор сказал: точная дата готов.
2267,direct_speech_colon,target_quality_failed,Автор ответил готовый макет принят.,Автор ответил: готовый макет принят.
2268,direct_speech_colon,target_quality_failed,Редактор сказал основной договор готов.,Редактор сказал: основной договор готов.
2269,direct_speech_colon,target_quality_failed,Автор ответил временный график принят.,Автор ответил: временный график принят.
2270,direct_speech_colon,target_quality_failed,Редактор сказал дежурная группа готов.,Редактор сказал: дежурная группа готов.
2271,direct_speech_colon,target_quality_failed,Автор ответил финальная версия принят.,Автор ответил: финальная версия принят.
2272,direct_speech_colon,target_quality_failed,Редактор сказал контрольная таблица готов.,Редактор сказал: контрольная таблица готов.
2273,direct_speech_colon,target_quality_failed,Автор ответил принятый отчет принят.,Автор ответил: принятый отчет принят.
2274,direct_speech_colon,target_quality_failed,Редактор сказал закрытое письмо готов.,Редактор сказал: закрытое письмо готов.
2275,direct_speech_colon,target_quality_failed,Автор ответил служебный ответ принят.,Автор ответил: служебный ответ принят.
2276,direct_speech_colon,target_quality_failed,Редактор сказал городская программа готов.,Редактор сказал: городская программа готов.
2277,direct_speech_colon,target_quality_failed,Автор ответил рабочий отчет принят.,Автор ответил: рабочий отчет принят.
2278,direct_speech_colon,target_quality_failed,Редактор сказал новый документ готов.,Редактор сказал: новый документ готов.
2279,direct_speech_colon,target_quality_failed,Автор ответил городской архив принят.,Автор ответил: городской архив принят.
2280,direct_speech_colon,target_quality_failed,Редактор сказал утренний выпуск готов.,Редактор сказал: утренний выпуск готов.
2281,direct_speech_colon,target_quality_failed,Автор ответил важный договор принят.,Автор ответил: важный договор принят.
2282,direct_speech_colon,target_quality_failed,Редактор сказал короткая заметка готов.,Редактор сказал: короткая заметка готов.
2283,direct_speech_colon,target_quality_failed,Автор ответил итоговая таблица принят.,Автор ответил: итоговая таблица принят.
2284,direct_speech_colon,target_quality_failed,Редактор сказал свежая сводка готов.,Редактор сказал: свежая сводка готов.
2285,direct_speech_colon,target_quality_failed,Автор ответил открытая заявка принят.,Автор ответил: открытая заявка принят.
2286,direct_speech_colon,target_quality_failed,Редактор сказал письменный ответ готов.,Редактор сказал: письменный ответ готов.
2287,direct_speech_colon,target_quality_failed,Автор ответил районная комиссия принят.,Автор ответил: районная комиссия принят.
2288,direct_speech_colon,target_quality_failed,Редактор сказал финальный список готов.,Редактор сказал: финальный список готов.
2289,direct_speech_colon,target_quality_failed,Автор ответил новая редакция принят.,Автор ответил: новая редакция принят.
2290,direct_speech_colon,target_quality_failed,Редактор сказал архивная запись готов.,Редактор сказал: архивная запись готов.
2291,direct_speech_colon,target_quality_failed,Автор ответил дежурный редактор принят.,Автор ответил: дежурный редактор принят.
2292,direct_speech_colon,target_quality_failed,Редактор сказал общий график готов.,Редактор сказал: общий график готов.
2293,direct_speech_colon,target_quality_failed,Автор ответил плановая встреча принят.,Автор ответил: плановая встреча принят.
2294,direct_speech_colon,target_quality_failed,Редактор сказал осенняя проверка готов.,Редактор сказал: осенняя проверка готов.
2295,direct_speech_colon,target_quality_failed,Автор ответил сводный отчет принят.,Автор ответил: сводный отчет принят.
2296,direct_speech_colon,target_quality_failed,Редактор сказал важная подпись готов.,Редактор сказал: важная подпись готов.
2297,direct_speech_colon,target_quality_failed,Автор ответил рабочая группа принят.,Автор ответил: рабочая группа принят.
2298,direct_speech_colon,target_quality_failed,Редактор сказал городская служба готов.,Редактор сказал: городская служба готов.
2299,direct_speech_colon,target_quality_failed,Автор ответил новый раздел принят.,Автор ответил: новый раздел принят.
2300,direct_speech_colon,target_quality_failed,Редактор сказал учебная таблица готов.,Редактор сказал: учебная таблица готов.
2301,direct_speech_colon,target_quality_failed,Автор ответил вечерний протокол принят.,Автор ответил: вечерний протокол принят.
2302,direct_speech_colon,target_quality_failed,Редактор сказал проверенный файл готов.,Редактор сказал: проверенный файл готов.
2303,direct_speech_colon,target_quality_failed,Автор ответил согласованный договор принят.,Автор ответил: согласованный договор принят.
2304,direct_speech_colon,target_quality_failed,Редактор сказал подготовленный список готов.,Редактор сказал: подготовленный список готов.
2305,direct_speech_colon,target_quality_failed,Автор ответил закрытая заявка принят.,Автор ответил: закрытая заявка принят.
2306,direct_speech_colon,target_quality_failed,Редактор сказал длинная запись готов.,Редактор сказал: длинная запись готов.
2307,direct_speech_colon,target_quality_failed,Автор ответил обновленный журнал принят.,Автор ответил: обновленный журнал принят.
2308,direct_speech_colon,target_quality_failed,Редактор сказал северный филиал готов.,Редактор сказал: северный филиал готов.
2309,direct_speech_colon,target_quality_failed,Автор ответил зимнее расписание принят.,Автор ответил: зимнее расписание принят.
2310,direct_speech_colon,target_quality_failed,Редактор сказал летняя проверка готов.,Редактор сказал: летняя проверка готов.
2311,direct_speech_colon,target_quality_failed,Автор ответил районный протокол принят.,Автор ответил: районный протокол принят.
2312,direct_speech_colon,target_quality_failed,Редактор сказал входящее письмо готов.,Редактор сказал: входящее письмо готов.
2313,direct_speech_colon,target_quality_failed,Автор ответил старый договор принят.,Автор ответил: старый договор принят.
2314,direct_speech_colon,target_quality_failed,Редактор сказал новая таблица готов.,Редактор сказал: новая таблица готов.
2315,direct_speech_colon,target_quality_failed,Автор ответил закрытый раздел принят.,Автор ответил: закрытый раздел принят.
2316,direct_speech_colon,target_quality_failed,Редактор сказал утренний приказ готов.,Редактор сказал: утренний приказ готов.
2317,direct_speech_colon,target_quality_failed,Автор ответил служебная записка принят.,Автор ответил: служебная записка принят.
2318,direct_speech_colon,target_quality_failed,Редактор сказал городской проект готов.,Редактор сказал: городской проект готов.
2319,direct_speech_colon,target_quality_failed,Автор ответил важное решение принят.,Автор ответил: важное решение принят.
2320,direct_speech_colon,target_quality_failed,Редактор сказал общий список готов.,Редактор сказал: общий список готов.
2321,direct_speech_colon,target_quality_failed,Автор ответил рабочий кабинет принят.,Автор ответил: рабочий кабинет принят.
2322,direct_speech_colon,target_quality_failed,Редактор сказал архивный номер готов.,Редактор сказал: архивный номер готов.
2323,direct_speech_colon,target_quality_failed,Автор ответил открытый вопрос принят.,Автор ответил: открытый вопрос принят.
2324,direct_speech_colon,target_quality_failed,Редактор сказал плановый отчет готов.,Редактор сказал: плановый отчет готов.
2325,direct_speech_colon,target_quality_failed,Автор ответил новый маршрут принят.,Автор ответил: новый маршрут принят.
2326,direct_speech_colon,target_quality_failed,Редактор сказал вечерняя смена готов.,Редактор сказал: вечерняя смена готов.
2327,direct_speech_colon,target_quality_failed,Автор ответил срочная заявка принят.,Автор ответил: срочная заявка принят.
2328,direct_speech_colon,target_quality_failed,Редактор сказал письменная просьба готов.,Редактор сказал: письменная просьба готов.
2329,direct_speech_colon,target_quality_failed,Автор ответил короткий протокол принят.,Автор ответил: короткий протокол принят.
2330,direct_speech_colon,target_quality_failed,Редактор сказал дневной выпуск готов.,Редактор сказал: дневной выпуск готов.
2331,direct_speech_colon,target_quality_failed,Автор ответил точная дата принят.,Автор ответил: точная дата принят.
2332,direct_speech_colon,target_quality_failed,Редактор сказал готовый макет готов.,Редактор сказал: готовый макет готов.
2333,direct_speech_colon,target_quality_failed,Автор ответил основной договор принят.,Автор ответил: основной договор принят.
2334,direct_speech_colon,target_quality_failed,Редактор сказал временный график готов.,Редактор сказал: временный график готов.
2335,direct_speech_colon,target_quality_failed,Автор ответил дежурная группа принят.,Автор ответил: дежурная группа принят.
2336,direct_speech_colon,target_quality_failed,Редактор сказал финальная версия готов.,Редактор сказал: финальная версия готов.
2337,direct_speech_colon,target_quality_failed,Автор ответил контрольная таблица принят.,Автор ответил: контрольная таблица принят.
2338,direct_speech_colon,target_quality_failed,Редактор сказал принятый отчет готов.,Редактор сказал: принятый отчет готов.
2339,direct_speech_colon,target_quality_failed,Автор ответил закрытое письмо принят.,Автор ответил: закрытое письмо принят.
2340,direct_speech_colon,target_quality_failed,Редактор сказал служебный ответ готов.,Редактор сказал: служебный ответ готов.
2341,direct_speech_colon,target_quality_failed,Автор ответил городская программа принят.,Автор ответил: городская программа принят.
2342,direct_speech_dash,candidate_missing,«Рабочий отчет готов» сказал редактор.,«Рабочий отчет готов» — сказал редактор.
2343,direct_speech_dash,candidate_missing,«Новый документ принят» ответил автор.,«Новый документ принят» — ответил автор.
2344,direct_speech_dash,candidate_missing,«Городской архив готов» сказал редактор.,«Городской архив готов» — сказал редактор.
2345,direct_speech_dash,candidate_missing,«Утренний выпуск принят» ответил автор.,«Утренний выпуск принят» — ответил автор.
2346,direct_speech_dash,candidate_missing,«Важный договор готов» сказал редактор.,«Важный договор готов» — сказал редактор.
2347,direct_speech_dash,candidate_missing,«Короткая заметка принят» ответил автор.,«Короткая заметка принят» — ответил автор.
2348,direct_speech_dash,candidate_missing,«Итоговая таблица готов» сказал редактор.,«Итоговая таблица готов» — сказал редактор.
2349,direct_speech_dash,candidate_missing,«Свежая сводка принят» ответил автор.,«Свежая сводка принят» — ответил автор.
2350,direct_speech_dash,candidate_missing,«Открытая заявка готов» сказал редактор.,«Открытая заявка готов» — сказал редактор.
2351,direct_speech_dash,candidate_missing,«Письменный ответ принят» ответил автор.,«Письменный ответ принят» — ответил автор.
2352,direct_speech_dash,candidate_missing,«Районная комиссия готов» сказал редактор.,«Районная комиссия готов» — сказал редактор.
2353,direct_speech_dash,candidate_missing,«Финальный список принят» ответил автор.,«Финальный список принят» — ответил автор.
2354,direct_speech_dash,candidate_missing,«Новая редакция готов» сказал редактор.,«Новая редакция готов» — сказал редактор.
2355,direct_speech_dash,candidate_missing,«Архивная запись принят» ответил автор.,«Архивная запись принят» — ответил автор.
2356,direct_speech_dash,candidate_missing,«Дежурный редактор готов» сказал редактор.,«Дежурный редактор готов» — сказал редактор.
2357,direct_speech_dash,candidate_missing,«Общий график принят» ответил автор.,«Общий график принят» — ответил автор.
2358,direct_speech_dash,candidate_missing,«Плановая встреча готов» сказал редактор.,«Плановая встреча готов» — сказал редактор.
2359,direct_speech_dash,candidate_missing,«Осенняя проверка принят» ответил автор.,«Осенняя проверка принят» — ответил автор.
2360,direct_speech_dash,candidate_missing,«Сводный отчет готов» сказал редактор.,«Сводный отчет готов» — сказал редактор.
2361,direct_speech_dash,candidate_missing,«Важная подпись принят» ответил автор.,«Важная подпись принят» — ответил автор.
2362,direct_speech_dash,candidate_missing,«Рабочая группа готов» сказал редактор.,«Рабочая группа готов» — сказал редактор.
2363,direct_speech_dash,candidate_missing,«Городская служба принят» ответил автор.,«Городская служба принят» — ответил автор.
2364,direct_speech_dash,candidate_missing,«Новый раздел готов» сказал редактор.,«Новый раздел готов» — сказал редактор.
2365,direct_speech_dash,candidate_missing,«Учебная таблица принят» ответил автор.,«Учебная таблица принят» — ответил автор.
2366,direct_speech_dash,candidate_missing,«Вечерний протокол готов» сказал редактор.,«Вечерний протокол готов» — сказал редактор.
2367,direct_speech_dash,candidate_missing,«Проверенный файл принят» ответил автор.,«Проверенный файл принят» — ответил автор.
2368,direct_speech_dash,candidate_missing,«Согласованный договор готов» сказал редактор.,«Согласованный договор готов» — сказал редактор.
2369,direct_speech_dash,candidate_missing,«Подготовленный список принят» ответил автор.,«Подготовленный список принят» — ответил автор.
2370,direct_speech_dash,candidate_missing,«Закрытая заявка готов» сказал редактор.,«Закрытая заявка готов» — сказал редактор.
2371,direct_speech_dash,candidate_missing,«Длинная запись принят» ответил автор.,«Длинная запись принят» — ответил автор.
2372,direct_speech_dash,candidate_missing,«Обновленный журнал готов» сказал редактор.,«Обновленный журнал готов» — сказал редактор.
2373,direct_speech_dash,candidate_missing,«Северный филиал принят» ответил автор.,«Северный филиал принят» — ответил автор.
2374,direct_speech_dash,candidate_missing,«Зимнее расписание готов» сказал редактор.,«Зимнее расписание готов» — сказал редактор.
2375,direct_speech_dash,candidate_missing,«Летняя проверка принят» ответил автор.,«Летняя проверка принят» — ответил автор.
2376,direct_speech_dash,candidate_missing,«Районный протокол готов» сказал редактор.,«Районный протокол готов» — сказал редактор.
2377,direct_speech_dash,candidate_missing,«Входящее письмо принят» ответил автор.,«Входящее письмо принят» — ответил автор.
2378,direct_speech_dash,candidate_missing,«Старый договор готов» сказал редактор.,«Старый договор готов» — сказал редактор.
2379,direct_speech_dash,candidate_missing,«Новая таблица принят» ответил автор.,«Новая таблица принят» — ответил автор.
2380,direct_speech_dash,candidate_missing,«Закрытый раздел готов» сказал редактор.,«Закрытый раздел готов» — сказал редактор.
2381,direct_speech_dash,candidate_missing,«Утренний приказ принят» ответил автор.,«Утренний приказ принят» — ответил автор.
2382,direct_speech_dash,candidate_missing,«Служебная записка готов» сказал редактор.,«Служебная записка готов» — сказал редактор.
2383,direct_speech_dash,candidate_missing,«Городской проект принят» ответил автор.,«Городской проект принят» — ответил автор.
2384,direct_speech_dash,candidate_missing,«Важное решение готов» сказал редактор.,«Важное решение готов» — сказал редактор.
2385,direct_speech_dash,candidate_missing,«Общий список принят» ответил автор.,«Общий список принят» — ответил автор.
2386,direct_speech_dash,candidate_missing,«Рабочий кабинет готов» сказал редактор.,«Рабочий кабинет готов» — сказал редактор.
2387,direct_speech_dash,candidate_missing,«Архивный номер принят» ответил автор.,«Архивный номер принят» — ответил автор.
2388,direct_speech_dash,candidate_missing,«Открытый вопрос готов» сказал редактор.,«Открытый вопрос готов» — сказал редактор.
2389,direct_speech_dash,candidate_missing,«Плановый отчет принят» ответил автор.,«Плановый отчет принят» — ответил автор.
2390,direct_speech_dash,candidate_missing,«Новый маршрут готов» сказал редактор.,«Новый маршрут готов» — сказал редактор.
2391,direct_speech_dash,candidate_missing,«Вечерняя смена принят» ответил автор.,«Вечерняя смена принят» — ответил автор.
2392,direct_speech_dash,candidate_missing,«Срочная заявка готов» сказал редактор.,«Срочная заявка готов» — сказал редактор.
2393,direct_speech_dash,candidate_missing,«Письменная просьба принят» ответил автор.,«Письменная просьба принят» — ответил автор.
2394,direct_speech_dash,candidate_missing,«Короткий протокол готов» сказал редактор.,«Короткий протокол готов» — сказал редактор.
2395,direct_speech_dash,candidate_missing,«Дневной выпуск принят» ответил автор.,«Дневной выпуск принят» — ответил автор.
2396,direct_speech_dash,candidate_missing,«Точная дата готов» сказал редактор.,«Точная дата готов» — сказал редактор.
2397,direct_speech_dash,candidate_missing,«Готовый макет принят» ответил автор.,«Готовый макет принят» — ответил автор.
2398,direct_speech_dash,candidate_missing,«Основной договор готов» сказал редактор.,«Основной договор готов» — сказал редактор.
2399,direct_speech_dash,candidate_missing,«Временный график принят» ответил автор.,«Временный график принят» — ответил автор.
2400,direct_speech_dash,candidate_missing,«Дежурная группа готов» сказал редактор.,«Дежурная группа готов» — сказал редактор.
2401,direct_speech_dash,candidate_missing,«Финальная версия принят» ответил автор.,«Финальная версия принят» — ответил автор.
2402,direct_speech_dash,candidate_missing,«Контрольная таблица готов» сказал редактор.,«Контрольная таблица готов» — сказал редактор.
2403,direct_speech_dash,candidate_missing,«Принятый отчет принят» ответил автор.,«Принятый отчет принят» — ответил автор.
2404,direct_speech_dash,candidate_missing,«Закрытое письмо готов» сказал редактор.,«Закрытое письмо готов» — сказал редактор.
2405,direct_speech_dash,candidate_missing,«Служебный ответ принят» ответил автор.,«Служебный ответ принят» — ответил автор.
2406,direct_speech_dash,candidate_missing,«Городская программа готов» сказал редактор.,«Городская программа готов» — сказал редактор.
2407,direct_speech_dash,candidate_missing,«Рабочий отчет принят» ответил автор.,«Рабочий отчет принят» — ответил автор.
2408,direct_speech_dash,candidate_missing,«Новый документ готов» сказал редактор.,«Новый документ готов» — сказал редактор.
2409,direct_speech_dash,candidate_missing,«Городской архив принят» ответил автор.,«Городской архив принят» — ответил автор.
2410,direct_speech_dash,candidate_missing,«Утренний выпуск готов» сказал редактор.,«Утренний выпуск готов» — сказал редактор.
2411,direct_speech_dash,candidate_missing,«Важный договор принят» ответил автор.,«Важный договор принят» — ответил автор.
2412,direct_speech_dash,candidate_missing,«Короткая заметка готов» сказал редактор.,«Короткая заметка готов» — сказал редактор.
2413,direct_speech_dash,candidate_missing,«Итоговая таблица принят» ответил автор.,«Итоговая таблица принят» — ответил автор.
2414,direct_speech_dash,candidate_missing,«Свежая сводка готов» сказал редактор.,«Свежая сводка готов» — сказал редактор.
2415,direct_speech_dash,candidate_missing,«Открытая заявка принят» ответил автор.,«Открытая заявка принят» — ответил автор.
2416,direct_speech_dash,candidate_missing,«Письменный ответ готов» сказал редактор.,«Письменный ответ готов» — сказал редактор.
2417,direct_speech_dash,candidate_missing,«Районная комиссия принят» ответил автор.,«Районная комиссия принят» — ответил автор.
2418,direct_speech_dash,candidate_missing,«Финальный список готов» сказал редактор.,«Финальный список готов» — сказал редактор.
2419,direct_speech_dash,candidate_missing,«Новая редакция принят» ответил автор.,«Новая редакция принят» — ответил автор.
2420,direct_speech_dash,candidate_missing,«Архивная запись готов» сказал редактор.,«Архивная запись готов» — сказал редактор.
2421,direct_speech_dash,candidate_missing,«Дежурный редактор принят» ответил автор.,«Дежурный редактор принят» — ответил автор.
2422,direct_speech_dash,candidate_missing,«Общий график готов» сказал редактор.,«Общий график готов» — сказал редактор.
2423,direct_speech_dash,candidate_missing,«Плановая встреча принят» ответил автор.,«Плановая встреча принят» — ответил автор.
2424,direct_speech_dash,candidate_missing,«Осенняя проверка готов» сказал редактор.,«Осенняя проверка готов» — сказал редактор.
2425,direct_speech_dash,candidate_missing,«Сводный отчет принят» ответил автор.,«Сводный отчет принят» — ответил автор.
2426,direct_speech_dash,candidate_missing,«Важная подпись готов» сказал редактор.,«Важная подпись готов» — сказал редактор.
2427,direct_speech_dash,candidate_missing,«Рабочая группа принят» ответил автор.,«Рабочая группа принят» — ответил автор.
2428,direct_speech_dash,candidate_missing,«Городская служба готов» сказал редактор.,«Городская служба готов» — сказал редактор.
2429,direct_speech_dash,candidate_missing,«Новый раздел принят» ответил автор.,«Новый раздел принят» — ответил автор.
2430,direct_speech_dash,candidate_missing,«Учебная таблица готов» сказал редактор.,«Учебная таблица готов» — сказал редактор.
2431,direct_speech_dash,candidate_missing,«Вечерний протокол принят» ответил автор.,«Вечерний протокол принят» — ответил автор.
2432,direct_speech_dash,candidate_missing,«Проверенный файл готов» сказал редактор.,«Проверенный файл готов» — сказал редактор.
2433,direct_speech_dash,candidate_missing,«Согласованный договор принят» ответил автор.,«Согласованный договор принят» — ответил автор.
2434,direct_speech_dash,candidate_missing,«Подготовленный список готов» сказал редактор.,«Подготовленный список готов» — сказал редактор.
2435,direct_speech_dash,candidate_missing,«Закрытая заявка принят» ответил автор.,«Закрытая заявка принят» — ответил автор.
2436,direct_speech_dash,candidate_missing,«Длинная запись готов» сказал редактор.,«Длинная запись готов» — сказал редактор.
2437,direct_speech_dash,candidate_missing,«Обновленный журнал принят» ответил автор.,«Обновленный журнал принят» — ответил автор.
2438,direct_speech_dash,candidate_missing,«Северный филиал готов» сказал редактор.,«Северный филиал готов» — сказал редактор.
2439,direct_speech_dash,candidate_missing,«Зимнее расписание принят» ответил автор.,«Зимнее расписание принят» — ответил автор.
2440,direct_speech_dash,candidate_missing,«Летняя проверка готов» сказал редактор.,«Летняя проверка готов» — сказал редактор.
2441,direct_speech_dash,candidate_missing,«Районный протокол принят» ответил автор.,«Районный протокол принят» — ответил автор.
2442,direct_speech_dash,candidate_missing,«Входящее письмо готов» сказал редактор.,«Входящее письмо готов» — сказал редактор.
2443,direct_speech_dash,candidate_missing,«Старый договор принят» ответил автор.,«Старый договор принят» — ответил автор.
2444,direct_speech_dash,candidate_missing,«Новая таблица готов» сказал редактор.,«Новая таблица готов» — сказал редактор.
2445,direct_speech_dash,candidate_missing,«Закрытый раздел принят» ответил автор.,«Закрытый раздел принят» — ответил автор.
2446,direct_speech_dash,candidate_missing,«Утренний приказ готов» сказал редактор.,«Утренний приказ готов» — сказал редактор.
2447,direct_speech_dash,candidate_missing,«Служебная записка принят» ответил автор.,«Служебная записка принят» — ответил автор.
2448,direct_speech_dash,candidate_missing,«Городской проект готов» сказал редактор.,«Городской проект готов» — сказал редактор.
2449,direct_speech_dash,candidate_missing,«Важное решение принят» ответил автор.,«Важное решение принят» — ответил автор.
2450,direct_speech_dash,candidate_missing,«Общий список готов» сказал редактор.,«Общий список готов» — сказал редактор.
2451,direct_speech_dash,candidate_missing,«Рабочий кабинет принят» ответил автор.,«Рабочий кабинет принят» — ответил автор.
2452,direct_speech_dash,candidate_missing,«Архивный номер готов» сказал редактор.,«Архивный номер готов» — сказал редактор.
2453,direct_speech_dash,candidate_missing,«Открытый вопрос принят» ответил автор.,«Открытый вопрос принят» — ответил автор.
2454,direct_speech_dash,candidate_missing,«Плановый отчет готов» сказал редактор.,«Плановый отчет готов» — сказал редактор.
2455,direct_speech_dash,candidate_missing,«Новый маршрут принят» ответил автор.,«Новый маршрут принят» — ответил автор.
2456,direct_speech_dash,candidate_missing,«Вечерняя смена готов» сказал редактор.,«Вечерняя смена готов» — сказал редактор.
2457,direct_speech_dash,candidate_missing,«Срочная заявка принят» ответил автор.,«Срочная заявка принят» — ответил автор.
2458,direct_speech_dash,candidate_missing,«Письменная просьба готов» сказал редактор.,«Письменная просьба готов» — сказал редактор.
2459,direct_speech_dash,candidate_missing,«Короткий протокол принят» ответил автор.,«Короткий протокол принят» — ответил автор.
2460,direct_speech_dash,candidate_missing,«Дневной выпуск готов» сказал редактор.,«Дневной выпуск готов» — сказал редактор.
2461,direct_speech_dash,candidate_missing,«Точная дата принят» ответил автор.,«Точная дата принят» — ответил автор.
2462,direct_speech_dash,candidate_missing,«Готовый макет готов» сказал редактор.,«Готовый макет готов» — сказал редактор.
2463,direct_speech_dash,candidate_missing,«Основной договор принят» ответил автор.,«Основной договор принят» — ответил автор.
2464,direct_speech_dash,candidate_missing,«Временный график готов» сказал редактор.,«Временный график готов» — сказал редактор.
2465,direct_speech_dash,candidate_missing,«Дежурная группа принят» ответил автор.,«Дежурная группа принят» — ответил автор.
2466,direct_speech_dash,candidate_missing,«Финальная версия готов» сказал редактор.,«Финальная версия готов» — сказал редактор.
2467,direct_speech_dash,candidate_missing,«Контрольная таблица принят» ответил автор.,«Контрольная таблица принят» — ответил автор.
2468,direct_speech_dash,candidate_missing,«Принятый отчет готов» сказал редактор.,«Принятый отчет готов» — сказал редактор.
2469,direct_speech_dash,candidate_missing,«Закрытое письмо принят» ответил автор.,«Закрытое письмо принят» — ответил автор.
2470,direct_speech_dash,candidate_missing,«Служебный ответ готов» сказал редактор.,«Служебный ответ готов» — сказал редактор.
2471,direct_speech_dash,candidate_missing,«Городская программа принят» ответил автор.,«Городская программа принят» — ответил автор.
2472,direct_speech_quotes,non_atomic_edit_count,Редактор сказал рабочий отчет готов.,Редактор сказал «рабочий отчет готов».
2473,direct_speech_quotes,non_atomic_edit_count,Автор ответил новый документ принят.,Автор ответил «новый документ принят».
2474,direct_speech_quotes,non_atomic_edit_count,Редактор сказал городской архив готов.,Редактор сказал «городской архив готов».
2475,direct_speech_quotes,non_atomic_edit_count,Автор ответил утренний выпуск принят.,Автор ответил «утренний выпуск принят».
2476,direct_speech_quotes,non_atomic_edit_count,Редактор сказал важный договор готов.,Редактор сказал «важный договор готов».
2477,direct_speech_quotes,non_atomic_edit_count,Автор ответил короткая заметка принят.,Автор ответил «короткая заметка принят».
2478,direct_speech_quotes,non_atomic_edit_count,Редактор сказал итоговая таблица готов.,Редактор сказал «итоговая таблица готов».
2479,direct_speech_quotes,non_atomic_edit_count,Автор ответил свежая сводка принят.,Автор ответил «свежая сводка принят».
2480,direct_speech_quotes,non_atomic_edit_count,Редактор сказал открытая заявка готов.,Редактор сказал «открытая заявка готов».
2481,direct_speech_quotes,non_atomic_edit_count,Автор ответил письменный ответ принят.,Автор ответил «письменный ответ принят».
2482,direct_speech_quotes,non_atomic_edit_count,Редактор сказал районная комиссия готов.,Редактор сказал «районная комиссия готов».
2483,direct_speech_quotes,non_atomic_edit_count,Автор ответил финальный список принят.,Автор ответил «финальный список принят».
2484,direct_speech_quotes,non_atomic_edit_count,Редактор сказал новая редакция готов.,Редактор сказал «новая редакция готов».
2485,direct_speech_quotes,non_atomic_edit_count,Автор ответил архивная запись принят.,Автор ответил «архивная запись принят».
2486,direct_speech_quotes,non_atomic_edit_count,Редактор сказал дежурный редактор готов.,Редактор сказал «дежурный редактор готов».
2487,direct_speech_quotes,non_atomic_edit_count,Автор ответил общий график принят.,Автор ответил «общий график принят».
2488,direct_speech_quotes,non_atomic_edit_count,Редактор сказал плановая встреча готов.,Редактор сказал «плановая встреча готов».
2489,direct_speech_quotes,non_atomic_edit_count,Автор ответил осенняя проверка принят.,Автор ответил «осенняя проверка принят».
2490,direct_speech_quotes,non_atomic_edit_count,Редактор сказал сводный отчет готов.,Редактор сказал «сводный отчет готов».
2491,direct_speech_quotes,non_atomic_edit_count,Автор ответил важная подпись принят.,Автор ответил «важная подпись принят».
2492,direct_speech_quotes,non_atomic_edit_count,Редактор сказал рабочая группа готов.,Редактор сказал «рабочая группа готов».
2493,direct_speech_quotes,non_atomic_edit_count,Автор ответил городская служба принят.,Автор ответил «городская служба принят».
2494,direct_speech_quotes,non_atomic_edit_count,Редактор сказал новый раздел готов.,Редактор сказал «новый раздел готов».
2495,direct_speech_quotes,non_atomic_edit_count,Автор ответил учебная таблица принят.,Автор ответил «учебная таблица принят».
2496,direct_speech_quotes,non_atomic_edit_count,Редактор сказал вечерний протокол готов.,Редактор сказал «вечерний протокол готов».
2497,direct_speech_quotes,non_atomic_edit_count,Автор ответил проверенный файл принят.,Автор ответил «проверенный файл принят».
2498,direct_speech_quotes,non_atomic_edit_count,Редактор сказал согласованный договор готов.,Редактор сказал «согласованный договор готов».
2499,direct_speech_quotes,non_atomic_edit_count,Автор ответил подготовленный список принят.,Автор ответил «подготовленный список принят».
2500,direct_speech_quotes,non_atomic_edit_count,Редактор сказал закрытая заявка готов.,Редактор сказал «закрытая заявка готов».
2501,direct_speech_quotes,non_atomic_edit_count,Автор ответил длинная запись принят.,Автор ответил «длинная запись принят».
2502,direct_speech_quotes,non_atomic_edit_count,Редактор сказал обновленный журнал готов.,Редактор сказал «обновленный журнал готов».
2503,direct_speech_quotes,non_atomic_edit_count,Автор ответил северный филиал принят.,Автор ответил «северный филиал принят».
2504,direct_speech_quotes,non_atomic_edit_count,Редактор сказал зимнее расписание готов.,Редактор сказал «зимнее расписание готов».
2505,direct_speech_quotes,non_atomic_edit_count,Автор ответил летняя проверка принят.,Автор ответил «летняя проверка принят».
2506,direct_speech_quotes,non_atomic_edit_count,Редактор сказал районный протокол готов.,Редактор сказал «районный протокол готов».
2507,direct_speech_quotes,non_atomic_edit_count,Автор ответил входящее письмо принят.,Автор ответил «входящее письмо принят».
2508,direct_speech_quotes,non_atomic_edit_count,Редактор сказал старый договор готов.,Редактор сказал «старый договор готов».
2509,direct_speech_quotes,non_atomic_edit_count,Автор ответил новая таблица принят.,Автор ответил «новая таблица принят».
2510,direct_speech_quotes,non_atomic_edit_count,Редактор сказал закрытый раздел готов.,Редактор сказал «закрытый раздел готов».
2511,direct_speech_quotes,non_atomic_edit_count,Автор ответил утренний приказ принят.,Автор ответил «утренний приказ принят».
2512,direct_speech_quotes,non_atomic_edit_count,Редактор сказал служебная записка готов.,Редактор сказал «служебная записка готов».
2513,direct_speech_quotes,non_atomic_edit_count,Автор ответил городской проект принят.,Автор ответил «городской проект принят».
2514,direct_speech_quotes,non_atomic_edit_count,Редактор сказал важное решение готов.,Редактор сказал «важное решение готов».
2515,direct_speech_quotes,non_atomic_edit_count,Автор ответил общий список принят.,Автор ответил «общий список принят».
2516,direct_speech_quotes,non_atomic_edit_count,Редактор сказал рабочий кабинет готов.,Редактор сказал «рабочий кабинет готов».
2517,direct_speech_quotes,non_atomic_edit_count,Автор ответил архивный номер принят.,Автор ответил «архивный номер принят».
2518,direct_speech_quotes,non_atomic_edit_count,Редактор сказал открытый вопрос готов.,Редактор сказал «открытый вопрос готов».
2519,direct_speech_quotes,non_atomic_edit_count,Автор ответил плановый отчет принят.,Автор ответил «плановый отчет принят».
2520,direct_speech_quotes,non_atomic_edit_count,Редактор сказал новый маршрут готов.,Редактор сказал «новый маршрут готов».
2521,direct_speech_quotes,non_atomic_edit_count,Автор ответил вечерняя смена принят.,Автор ответил «вечерняя смена принят».
2522,direct_speech_quotes,non_atomic_edit_count,Редактор сказал срочная заявка готов.,Редактор сказал «срочная заявка готов».
2523,direct_speech_quotes,non_atomic_edit_count,Автор ответил письменная просьба принят.,Автор ответил «письменная просьба принят».
2524,direct_speech_quotes,non_atomic_edit_count,Редактор сказал короткий протокол готов.,Редактор сказал «короткий протокол готов».
2525,direct_speech_quotes,non_atomic_edit_count,Автор ответил дневной выпуск принят.,Автор ответил «дневной выпуск принят».
2526,direct_speech_quotes,non_atomic_edit_count,Редактор сказал точная дата готов.,Редактор сказал «точная дата готов».
2527,direct_speech_quotes,non_atomic_edit_count,Автор ответил готовый макет принят.,Автор ответил «готовый макет принят».
2528,direct_speech_quotes,non_atomic_edit_count,Редактор сказал основной договор готов.,Редактор сказал «основной договор готов».
2529,direct_speech_quotes,non_atomic_edit_count,Автор ответил временный график принят.,Автор ответил «временный график принят».
2530,direct_speech_quotes,non_atomic_edit_count,Редактор сказал дежурная группа готов.,Редактор сказал «дежурная группа готов».
2531,direct_speech_quotes,non_atomic_edit_count,Автор ответил финальная версия принят.,Автор ответил «финальная версия принят».
2532,direct_speech_quotes,non_atomic_edit_count,Редактор сказал контрольная таблица готов.,Редактор сказал «контрольная таблица готов».
2533,direct_speech_quotes,non_atomic_edit_count,Автор ответил принятый отчет принят.,Автор ответил «принятый отчет принят».
2534,direct_speech_quotes,non_atomic_edit_count,Редактор сказал закрытое письмо готов.,Редактор сказал «закрытое письмо готов».
2535,direct_speech_quotes,non_atomic_edit_count,Автор ответил служебный ответ принят.,Автор ответил «служебный ответ принят».
2536,direct_speech_quotes,non_atomic_edit_count,Редактор сказал городская программа готов.,Редактор сказал «городская программа готов».
2537,direct_speech_quotes,non_atomic_edit_count,Автор ответил рабочий отчет принят.,Автор ответил «рабочий отчет принят».
2538,direct_speech_quotes,non_atomic_edit_count,Редактор сказал новый документ готов.,Редактор сказал «новый документ готов».
2539,direct_speech_quotes,non_atomic_edit_count,Автор ответил городской архив принят.,Автор ответил «городской архив принят».
2540,direct_speech_quotes,non_atomic_edit_count,Редактор сказал утренний выпуск готов.,Редактор сказал «утренний выпуск готов».
2541,direct_speech_quotes,non_atomic_edit_count,Автор ответил важный договор принят.,Автор ответил «важный договор принят».
2542,direct_speech_quotes,non_atomic_edit_count,Редактор сказал короткая заметка готов.,Редактор сказал «короткая заметка готов».
2543,direct_speech_quotes,non_atomic_edit_count,Автор ответил итоговая таблица принят.,Автор ответил «итоговая таблица принят».
2544,direct_speech_quotes,non_atomic_edit_count,Редактор сказал свежая сводка готов.,Редактор сказал «свежая сводка готов».
2545,direct_speech_quotes,non_atomic_edit_count,Автор ответил открытая заявка принят.,Автор ответил «открытая заявка принят».
2546,direct_speech_quotes,non_atomic_edit_count,Редактор сказал письменный ответ готов.,Редактор сказал «письменный ответ готов».
2547,direct_speech_quotes,non_atomic_edit_count,Автор ответил районная комиссия принят.,Автор ответил «районная комиссия принят».
2548,direct_speech_quotes,non_atomic_edit_count,Редактор сказал финальный список готов.,Редактор сказал «финальный список готов».
2549,direct_speech_quotes,non_atomic_edit_count,Автор ответил новая редакция принят.,Автор ответил «новая редакция принят».
2550,direct_speech_quotes,non_atomic_edit_count,Редактор сказал архивная запись готов.,Редактор сказал «архивная запись готов».
2551,direct_speech_quotes,non_atomic_edit_count,Автор ответил дежурный редактор принят.,Автор ответил «дежурный редактор принят».
2552,direct_speech_quotes,non_atomic_edit_count,Редактор сказал общий график готов.,Редактор сказал «общий график готов».
2553,direct_speech_quotes,non_atomic_edit_count,Автор ответил плановая встреча принят.,Автор ответил «плановая встреча принят».
2554,direct_speech_quotes,non_atomic_edit_count,Редактор сказал осенняя проверка готов.,Редактор сказал «осенняя проверка готов».
2555,direct_speech_quotes,non_atomic_edit_count,Автор ответил сводный отчет принят.,Автор ответил «сводный отчет принят».
2556,direct_speech_quotes,non_atomic_edit_count,Редактор сказал важная подпись готов.,Редактор сказал «важная подпись готов».
2557,direct_speech_quotes,non_atomic_edit_count,Автор ответил рабочая группа принят.,Автор ответил «рабочая группа принят».
2558,direct_speech_quotes,non_atomic_edit_count,Редактор сказал городская служба готов.,Редактор сказал «городская служба готов».
2559,direct_speech_quotes,non_atomic_edit_count,Автор ответил новый раздел принят.,Автор ответил «новый раздел принят».
2560,direct_speech_quotes,non_atomic_edit_count,Редактор сказал учебная таблица готов.,Редактор сказал «учебная таблица готов».
2561,direct_speech_quotes,non_atomic_edit_count,Автор ответил вечерний протокол принят.,Автор ответил «вечерний протокол принят».
2562,direct_speech_quotes,non_atomic_edit_count,Редактор сказал проверенный файл готов.,Редактор сказал «проверенный файл готов».
2563,direct_speech_quotes,non_atomic_edit_count,Автор ответил согласованный договор принят.,Автор ответил «согласованный договор принят».
2564,direct_speech_quotes,non_atomic_edit_count,Редактор сказал подготовленный список готов.,Редактор сказал «подготовленный список готов».
2565,direct_speech_quotes,non_atomic_edit_count,Автор ответил закрытая заявка принят.,Автор ответил «закрытая заявка принят».
2566,direct_speech_quotes,non_atomic_edit_count,Редактор сказал длинная запись готов.,Редактор сказал «длинная запись готов».
2567,direct_speech_quotes,non_atomic_edit_count,Автор ответил обновленный журнал принят.,Автор ответил «обновленный журнал принят».
2568,direct_speech_quotes,non_atomic_edit_count,Редактор сказал северный филиал готов.,Редактор сказал «северный филиал готов».
2569,direct_speech_quotes,non_atomic_edit_count,Автор ответил зимнее расписание принят.,Автор ответил «зимнее расписание принят».
2570,direct_speech_quotes,non_atomic_edit_count,Редактор сказал летняя проверка готов.,Редактор сказал «летняя проверка готов».
2571,direct_speech_quotes,non_atomic_edit_count,Автор ответил районный протокол принят.,Автор ответил «районный протокол принят».
2572,direct_speech_quotes,non_atomic_edit_count,Редактор сказал входящее письмо готов.,Редактор сказал «входящее письмо готов».
2573,direct_speech_quotes,non_atomic_edit_count,Автор ответил старый договор принят.,Автор ответил «старый договор принят».
2574,direct_speech_quotes,non_atomic_edit_count,Редактор сказал новая таблица готов.,Редактор сказал «новая таблица готов».
2575,direct_speech_quotes,non_atomic_edit_count,Автор ответил закрытый раздел принят.,Автор ответил «закрытый раздел принят».
2576,direct_speech_quotes,non_atomic_edit_count,Редактор сказал утренний приказ готов.,Редактор сказал «утренний приказ готов».
2577,direct_speech_quotes,non_atomic_edit_count,Автор ответил служебная записка принят.,Автор ответил «служебная записка принят».
2578,direct_speech_quotes,non_atomic_edit_count,Редактор сказал городской проект готов.,Редактор сказал «городской проект готов».
2579,direct_speech_quotes,non_atomic_edit_count,Автор ответил важное решение принят.,Автор ответил «важное решение принят».
2580,direct_speech_quotes,non_atomic_edit_count,Редактор сказал общий список готов.,Редактор сказал «общий список готов».
2581,direct_speech_quotes,non_atomic_edit_count,Автор ответил рабочий кабинет принят.,Автор ответил «рабочий кабинет принят».
2582,direct_speech_quotes,non_atomic_edit_count,Редактор сказал архивный номер готов.,Редактор сказал «архивный номер готов».
2583,direct_speech_quotes,non_atomic_edit_count,Автор ответил открытый вопрос принят.,Автор ответил «открытый вопрос принят».
2584,direct_speech_quotes,non_atomic_edit_count,Редактор сказал плановый отчет готов.,Редактор сказал «плановый отчет готов».
2585,direct_speech_quotes,non_atomic_edit_count,Автор ответил новый маршрут принят.,Автор ответил «новый маршрут принят».
2586,direct_speech_quotes,non_atomic_edit_count,Редактор сказал вечерняя смена готов.,Редактор сказал «вечерняя смена готов».
2587,direct_speech_quotes,non_atomic_edit_count,Автор ответил срочная заявка принят.,Автор ответил «срочная заявка принят».
2588,direct_speech_quotes,non_atomic_edit_count,Редактор сказал письменная просьба готов.,Редактор сказал «письменная просьба готов».
2589,direct_speech_quotes,non_atomic_edit_count,Автор ответил короткий протокол принят.,Автор ответил «короткий протокол принят».
2590,direct_speech_quotes,non_atomic_edit_count,Редактор сказал дневной выпуск готов.,Редактор сказал «дневной выпуск готов».
2591,direct_speech_quotes,non_atomic_edit_count,Автор ответил точная дата принят.,Автор ответил «точная дата принят».
2592,direct_speech_quotes,non_atomic_edit_count,Редактор сказал готовый макет готов.,Редактор сказал «готовый макет готов».
2593,direct_speech_quotes,non_atomic_edit_count,Автор ответил основной договор принят.,Автор ответил «основной договор принят».
2594,direct_speech_quotes,non_atomic_edit_count,Редактор сказал временный график готов.,Редактор сказал «временный график готов».
2595,direct_speech_quotes,non_atomic_edit_count,Автор ответил дежурная группа принят.,Автор ответил «дежурная группа принят».
2596,direct_speech_quotes,non_atomic_edit_count,Редактор сказал финальная версия готов.,Редактор сказал «финальная версия готов».
2597,direct_speech_quotes,non_atomic_edit_count,Автор ответил контрольная таблица принят.,Автор ответил «контрольная таблица принят».
2598,direct_speech_quotes,non_atomic_edit_count,Редактор сказал принятый отчет готов.,Редактор сказал «принятый отчет готов».
2599,direct_speech_quotes,non_atomic_edit_count,Автор ответил закрытое письмо принят.,Автор ответил «закрытое письмо принят».
2600,direct_speech_quotes,non_atomic_edit_count,Редактор сказал служебный ответ готов.,Редактор сказал «служебный ответ готов».
2601,direct_speech_quotes,non_atomic_edit_count,Автор ответил городская программа принят.,Автор ответил «городская программа принят».
2602,enumeration_colon,strict_validator_rejected,В отчете указано следующее ошибки задержки и риски. Позже редактор сохранил копию.,В отчете указано следующее: ошибки задержки и риски. Позже редактор сохранил копию.
2603,enumeration_colon,strict_validator_rejected,Редактор отметил следующие заголовки подписи и даты. Утром комиссия вернулась к письму.,Редактор отметил следующие: заголовки подписи и даты. Утром комиссия вернулась к письму.
2604,enumeration_colon,strict_validator_rejected,В отчете указано следующее ошибки задержки и риски. После встречи файл остался в архиве.,В отчете указано следующее: ошибки задержки и риски. После встречи файл остался в архиве.
2605,enumeration_colon,strict_validator_rejected,Редактор отметил следующие заголовки подписи и даты. Вечером автор обновил сводку.,Редактор отметил следующие: заголовки подписи и даты. Вечером автор обновил сводку.
2606,enumeration_colon,strict_validator_rejected,В отчете указано следующее ошибки задержки и риски. Затем группа сверила подписи.,В отчете указано следующее: ошибки задержки и риски. Затем группа сверила подписи.
2607,enumeration_colon,strict_validator_rejected,Редактор отметил следующие заголовки подписи и даты. Позже служба отправила ответ.,Редактор отметил следующие: заголовки подписи и даты. Позже служба отправила ответ.
2608,enumeration_colon,strict_validator_rejected,В отчете указано следующее ошибки задержки и риски. Утром секретарь открыл папку.,В отчете указано следующее: ошибки задержки и риски. Утром секретарь открыл папку.
2609,enumeration_colon,strict_validator_rejected,Редактор отметил следующие заголовки подписи и даты. После проверки список закрыли.,Редактор отметил следующие: заголовки подписи и даты. После проверки список закрыли.
2610,enumeration_colon,strict_validator_rejected,В отчете указано следующее ошибки задержки и риски. Вечером руководитель принял правки.,В отчете указано следующее: ошибки задержки и риски. Вечером руководитель принял правки.
2611,enumeration_colon,strict_validator_rejected,Редактор отметил следующие заголовки подписи и даты. Затем аналитик обновил запись.,Редактор отметил следующие: заголовки подписи и даты. Затем аналитик обновил запись.
2612,enumeration_colon,strict_validator_rejected,В отчете указано следующее ошибки задержки и риски. Позже отдел уточнил дату.,В отчете указано следующее: ошибки задержки и риски. Позже отдел уточнил дату.
2613,enumeration_colon,strict_validator_rejected,Редактор отметил следующие заголовки подписи и даты. Утром курьер принес копию.,Редактор отметил следующие: заголовки подписи и даты. Утром курьер принес копию.
2614,enumeration_colon,strict_validator_rejected,В отчете указано следующее ошибки задержки и риски. После обеда автор сверил данные.,В отчете указано следующее: ошибки задержки и риски. После обеда автор сверил данные.
2615,enumeration_colon,strict_validator_rejected,Редактор отметил следующие заголовки подписи и даты. Вечером секретарь закрыл журнал.,Редактор отметил следующие: заголовки подписи и даты. Вечером секретарь закрыл журнал.
2616,enumeration_colon,strict_validator_rejected,В отчете указано следующее ошибки задержки и риски. Затем комиссия перенесла встречу.,В отчете указано следующее: ошибки задержки и риски. Затем комиссия перенесла встречу.
2617,enumeration_colon,strict_validator_rejected,Редактор отметил следующие заголовки подписи и даты. Позже архивариус обновил карточку.,Редактор отметил следующие: заголовки подписи и даты. Позже архивариус обновил карточку.
2618,enumeration_colon,strict_validator_rejected,В отчете указано следующее ошибки задержки и риски. Утром дежурный проверил подписи.,В отчете указано следующее: ошибки задержки и риски. Утром дежурный проверил подписи.
2619,enumeration_colon,strict_validator_rejected,Редактор отметил следующие заголовки подписи и даты. После звонка редактор открыл файл.,Редактор отметил следующие: заголовки подписи и даты. После звонка редактор открыл файл.
2620,enumeration_colon,strict_validator_rejected,В отчете указано следующее ошибки задержки и риски. Вечером группа согласовала срок.,В отчете указано следующее: ошибки задержки и риски. Вечером группа согласовала срок.
2621,enumeration_colon,strict_validator_rejected,Редактор отметил следующие заголовки подписи и даты. Затем отдел отправил письмо.,Редактор отметил следующие: заголовки подписи и даты. Затем отдел отправил письмо.
2622,enumeration_colon,strict_validator_rejected,В отчете указано следующее ошибки задержки и риски. Позже автор поправил заголовок.,В отчете указано следующее: ошибки задержки и риски. Позже автор поправил заголовок.
2623,enumeration_colon,strict_validator_rejected,Редактор отметил следующие заголовки подписи и даты. Утром команда сверила список.,Редактор отметил следующие: заголовки подписи и даты. Утром команда сверила список.
2624,enumeration_colon,strict_validator_rejected,В отчете указано следующее ошибки задержки и риски. После совещания документ приняли.,В отчете указано следующее: ошибки задержки и риски. После совещания документ приняли.
2625,enumeration_colon,strict_validator_rejected,Редактор отметил следующие заголовки подписи и даты. Вечером сотрудник закрыл заявку.,Редактор отметил следующие: заголовки подписи и даты. Вечером сотрудник закрыл заявку.
2626,enumeration_colon,strict_validator_rejected,В отчете указано следующее ошибки задержки и риски. Затем редактор сохранил таблицу.,В отчете указано следующее: ошибки задержки и риски. Затем редактор сохранил таблицу.
2627,enumeration_colon,strict_validator_rejected,Редактор отметил следующие заголовки подписи и даты. Позже руководитель уточнил адрес.,Редактор отметил следующие: заголовки подписи и даты. Позже руководитель уточнил адрес.
2628,enumeration_colon,strict_validator_rejected,В отчете указано следующее ошибки задержки и риски. Утром специалист открыл журнал.,В отчете указано следующее: ошибки задержки и риски. Утром специалист открыл журнал.
2629,enumeration_colon,strict_validator_rejected,Редактор отметил следующие заголовки подписи и даты. После проверки данные совпали.,Редактор отметил следующие: заголовки подписи и даты. После проверки данные совпали.
2630,enumeration_colon,strict_validator_rejected,В отчете указано следующее ошибки задержки и риски. Вечером служба передала копию.,В отчете указано следующее: ошибки задержки и риски. Вечером служба передала копию.
2631,enumeration_colon,strict_validator_rejected,Редактор отметил следующие заголовки подписи и даты. Затем автор подписал лист.,Редактор отметил следующие: заголовки подписи и даты. Затем автор подписал лист.
2632,enumeration_colon,strict_validator_rejected,В отчете указано следующее ошибки задержки и риски. Позже комиссия вернула письмо.,В отчете указано следующее: ошибки задержки и риски. Позже комиссия вернула письмо.
2633,enumeration_colon,strict_validator_rejected,Редактор отметил следующие заголовки подписи и даты. Утром отдел принял заявку.,Редактор отметил следующие: заголовки подписи и даты. Утром отдел принял заявку.
2634,enumeration_colon,strict_validator_rejected,В отчете указано следующее ошибки задержки и риски. После обеда секретарь внес дату.,В отчете указано следующее: ошибки задержки и риски. После обеда секретарь внес дату.
2635,enumeration_colon,strict_validator_rejected,Редактор отметил следующие заголовки подписи и даты. Вечером редактор проверил список.,Редактор отметил следующие: заголовки подписи и даты. Вечером редактор проверил список.
2636,enumeration_colon,strict_validator_rejected,В отчете указано следующее ошибки задержки и риски. Затем курьер доставил пакет.,В отчете указано следующее: ошибки задержки и риски. Затем курьер доставил пакет.
2637,enumeration_colon,strict_validator_rejected,Редактор отметил следующие заголовки подписи и даты. Позже аналитик сверил отчет.,Редактор отметил следующие: заголовки подписи и даты. Позже аналитик сверил отчет.
2638,enumeration_colon,strict_validator_rejected,В отчете указано следующее ошибки задержки и риски. Утром группа открыла архив.,В отчете указано следующее: ошибки задержки и риски. Утром группа открыла архив.
2639,enumeration_colon,strict_validator_rejected,Редактор отметил следующие заголовки подписи и даты. После встречи автор добавил подпись.,Редактор отметил следующие: заголовки подписи и даты. После встречи автор добавил подпись.
2640,enumeration_colon,strict_validator_rejected,В отчете указано следующее ошибки задержки и риски. Вечером отдел закрыл вопрос.,В отчете указано следующее: ошибки задержки и риски. Вечером отдел закрыл вопрос.
2641,enumeration_colon,strict_validator_rejected,Редактор отметил следующие заголовки подписи и даты. Затем специалист отправил ответ.,Редактор отметил следующие: заголовки подписи и даты. Затем специалист отправил ответ.
2642,enumeration_colon,strict_validator_rejected,В отчете указано следующее ошибки задержки и риски. Позже секретарь подготовил копию.,В отчете указано следующее: ошибки задержки и риски. Позже секретарь подготовил копию.
2643,enumeration_colon,strict_validator_rejected,Редактор отметил следующие заголовки подписи и даты. Утром редактор проверил адрес.,Редактор отметил следующие: заголовки подписи и даты. Утром редактор проверил адрес.
2644,enumeration_colon,strict_validator_rejected,В отчете указано следующее ошибки задержки и риски. После звонка комиссия ждала письмо.,В отчете указано следующее: ошибки задержки и риски. После звонка комиссия ждала письмо.
2645,enumeration_colon,strict_validator_rejected,Редактор отметил следующие заголовки подписи и даты. Вечером автор уточнил срок.,Редактор отметил следующие: заголовки подписи и даты. Вечером автор уточнил срок.
2646,enumeration_colon,strict_validator_rejected,В отчете указано следующее ошибки задержки и риски. Затем отдел сохранил файл.,В отчете указано следующее: ошибки задержки и риски. Затем отдел сохранил файл.
2647,enumeration_colon,strict_validator_rejected,Редактор отметил следующие заголовки подписи и даты. Позже группа приняла решение.,Редактор отметил следующие: заголовки подписи и даты. Позже группа приняла решение.
2648,enumeration_colon,strict_validator_rejected,В отчете указано следующее ошибки задержки и риски. Утром служба сверила данные.,В отчете указано следующее: ошибки задержки и риски. Утром служба сверила данные.
2649,enumeration_colon,strict_validator_rejected,Редактор отметил следующие заголовки подписи и даты. После совещания секретарь закрыл папку.,Редактор отметил следующие: заголовки подписи и даты. После совещания секретарь закрыл папку.
2650,enumeration_colon,strict_validator_rejected,В отчете указано следующее ошибки задержки и риски. Вечером специалист обновил запись.,В отчете указано следующее: ошибки задержки и риски. Вечером специалист обновил запись.
2651,enumeration_colon,strict_validator_rejected,Редактор отметил следующие заголовки подписи и даты. Затем редактор передал копию.,Редактор отметил следующие: заголовки подписи и даты. Затем редактор передал копию.
2652,enumeration_colon,strict_validator_rejected,В отчете указано следующее ошибки задержки и риски. Позже автор открыл таблицу.,В отчете указано следующее: ошибки задержки и риски. Позже автор открыл таблицу.
2653,enumeration_colon,strict_validator_rejected,Редактор отметил следующие заголовки подписи и даты. Утром комиссия согласовала дату.,Редактор отметил следующие: заголовки подписи и даты. Утром комиссия согласовала дату.
2654,enumeration_colon,strict_validator_rejected,В отчете указано следующее ошибки задержки и риски. После проверки отдел отправил ответ.,В отчете указано следующее: ошибки задержки и риски. После проверки отдел отправил ответ.
2655,enumeration_colon,strict_validator_rejected,Редактор отметил следующие заголовки подписи и даты. Вечером секретарь внес подпись.,Редактор отметил следующие: заголовки подписи и даты. Вечером секретарь внес подпись.
2656,enumeration_colon,strict_validator_rejected,В отчете указано следующее ошибки задержки и риски. Затем группа закрыла журнал.,В отчете указано следующее: ошибки задержки и риски. Затем группа закрыла журнал.
2657,enumeration_colon,strict_validator_rejected,Редактор отметил следующие заголовки подписи и даты. Позже служба уточнила маршрут.,Редактор отметил следующие: заголовки подписи и даты. Позже служба уточнила маршрут.
2658,enumeration_colon,strict_validator_rejected,В отчете указано следующее ошибки задержки и риски. Утром аналитик проверил сводку.,В отчете указано следующее: ошибки задержки и риски. Утром аналитик проверил сводку.
2659,enumeration_colon,strict_validator_rejected,Редактор отметил следующие заголовки подписи и даты. После обеда редактор принял письмо.,Редактор отметил следующие: заголовки подписи и даты. После обеда редактор принял письмо.
2660,enumeration_colon,strict_validator_rejected,В отчете указано следующее ошибки задержки и риски. Вечером отдел обновил список.,В отчете указано следующее: ошибки задержки и риски. Вечером отдел обновил список.
2661,enumeration_colon,strict_validator_rejected,Редактор отметил следующие заголовки подписи и даты. Затем автор сохранил документ.,Редактор отметил следующие: заголовки подписи и даты. Затем автор сохранил документ.
2662,enumeration_colon,strict_validator_rejected,В отчете указано следующее ошибки задержки и риски. Позже комиссия открыла протокол.,В отчете указано следующее: ошибки задержки и риски. Позже комиссия открыла протокол.
2663,enumeration_colon,strict_validator_rejected,Редактор отметил следующие заголовки подписи и даты. Утром секретарь отправил копию.,Редактор отметил следующие: заголовки подписи и даты. Утром секретарь отправил копию.
2664,enumeration_colon,strict_validator_rejected,В отчете указано следующее ошибки задержки и риски. После звонка специалист уточнил срок.,В отчете указано следующее: ошибки задержки и риски. После звонка специалист уточнил срок.
2665,enumeration_colon,strict_validator_rejected,Редактор отметил следующие заголовки подписи и даты. Вечером группа сверила даты.,Редактор отметил следующие: заголовки подписи и даты. Вечером группа сверила даты.
2666,enumeration_colon,strict_validator_rejected,В отчете указано следующее ошибки задержки и риски. Затем отдел принял письмо.,В отчете указано следующее: ошибки задержки и риски. Затем отдел принял письмо.
2667,enumeration_colon,strict_validator_rejected,Редактор отметил следующие заголовки подписи и даты. Позже редактор сохранил копию.,Редактор отметил следующие: заголовки подписи и даты. Позже редактор сохранил копию.
2668,enumeration_colon,strict_validator_rejected,В отчете указано следующее ошибки задержки и риски. Утром комиссия вернулась к письму.,В отчете указано следующее: ошибки задержки и риски. Утром комиссия вернулась к письму.
2669,enumeration_colon,strict_validator_rejected,Редактор отметил следующие заголовки подписи и даты. После встречи файл остался в архиве.,Редактор отметил следующие: заголовки подписи и даты. После встречи файл остался в архиве.
2670,enumeration_colon,strict_validator_rejected,В отчете указано следующее ошибки задержки и риски. Вечером автор обновил сводку.,В отчете указано следующее: ошибки задержки и риски. Вечером автор обновил сводку.
2671,enumeration_colon,strict_validator_rejected,Редактор отметил следующие заголовки подписи и даты. Затем группа сверила подписи.,Редактор отметил следующие: заголовки подписи и даты. Затем группа сверила подписи.
2672,enumeration_colon,strict_validator_rejected,В отчете указано следующее ошибки задержки и риски. Позже служба отправила ответ.,В отчете указано следующее: ошибки задержки и риски. Позже служба отправила ответ.
2673,enumeration_colon,strict_validator_rejected,Редактор отметил следующие заголовки подписи и даты. Утром секретарь открыл папку.,Редактор отметил следующие: заголовки подписи и даты. Утром секретарь открыл папку.
2674,enumeration_colon,strict_validator_rejected,В отчете указано следующее ошибки задержки и риски. После проверки список закрыли.,В отчете указано следующее: ошибки задержки и риски. После проверки список закрыли.
2675,enumeration_colon,strict_validator_rejected,Редактор отметил следующие заголовки подписи и даты. Вечером руководитель принял правки.,Редактор отметил следующие: заголовки подписи и даты. Вечером руководитель принял правки.
2676,enumeration_colon,strict_validator_rejected,В отчете указано следующее ошибки задержки и риски. Затем аналитик обновил запись.,В отчете указано следующее: ошибки задержки и риски. Затем аналитик обновил запись.
2677,enumeration_colon,strict_validator_rejected,Редактор отметил следующие заголовки подписи и даты. Позже отдел уточнил дату.,Редактор отметил следующие: заголовки подписи и даты. Позже отдел уточнил дату.
2678,enumeration_colon,strict_validator_rejected,В отчете указано следующее ошибки задержки и риски. Утром курьер принес копию.,В отчете указано следующее: ошибки задержки и риски. Утром курьер принес копию.
2679,enumeration_colon,strict_validator_rejected,Редактор отметил следующие заголовки подписи и даты. После обеда автор сверил данные.,Редактор отметил следующие: заголовки подписи и даты. После обеда автор сверил данные.
2680,enumeration_colon,strict_validator_rejected,В отчете указано следующее ошибки задержки и риски. Вечером секретарь закрыл журнал.,В отчете указано следующее: ошибки задержки и риски. Вечером секретарь закрыл журнал.
2681,enumeration_colon,strict_validator_rejected,Редактор отметил следующие заголовки подписи и даты. Затем комиссия перенесла встречу.,Редактор отметил следующие: заголовки подписи и даты. Затем комиссия перенесла встречу.
2682,enumeration_colon,strict_validator_rejected,В отчете указано следующее ошибки задержки и риски. Позже архивариус обновил карточку.,В отчете указано следующее: ошибки задержки и риски. Позже архивариус обновил карточку.
2683,enumeration_colon,strict_validator_rejected,Редактор отметил следующие заголовки подписи и даты. Утром дежурный проверил подписи.,Редактор отметил следующие: заголовки подписи и даты. Утром дежурный проверил подписи.
2684,enumeration_colon,strict_validator_rejected,В отчете указано следующее ошибки задержки и риски. После звонка редактор открыл файл.,В отчете указано следующее: ошибки задержки и риски. После звонка редактор открыл файл.
2685,enumeration_colon,strict_validator_rejected,Редактор отметил следующие заголовки подписи и даты. Вечером группа согласовала срок.,Редактор отметил следующие: заголовки подписи и даты. Вечером группа согласовала срок.
2686,enumeration_colon,strict_validator_rejected,В отчете указано следующее ошибки задержки и риски. Затем отдел отправил письмо.,В отчете указано следующее: ошибки задержки и риски. Затем отдел отправил письмо.
2687,enumeration_colon,strict_validator_rejected,Редактор отметил следующие заголовки подписи и даты. Позже автор поправил заголовок.,Редактор отметил следующие: заголовки подписи и даты. Позже автор поправил заголовок.
2688,enumeration_colon,strict_validator_rejected,В отчете указано следующее ошибки задержки и риски. Утром команда сверила список.,В отчете указано следующее: ошибки задержки и риски. Утром команда сверила список.
2689,enumeration_colon,strict_validator_rejected,Редактор отметил следующие заголовки подписи и даты. После совещания документ приняли.,Редактор отметил следующие: заголовки подписи и даты. После совещания документ приняли.
2690,enumeration_colon,strict_validator_rejected,В отчете указано следующее ошибки задержки и риски. Вечером сотрудник закрыл заявку.,В отчете указано следующее: ошибки задержки и риски. Вечером сотрудник закрыл заявку.
2691,enumeration_colon,strict_validator_rejected,Редактор отметил следующие заголовки подписи и даты. Затем редактор сохранил таблицу.,Редактор отметил следующие: заголовки подписи и даты. Затем редактор сохранил таблицу.
2692,enumeration_colon,strict_validator_rejected,В отчете указано следующее ошибки задержки и риски. Позже руководитель уточнил адрес.,В отчете указано следующее: ошибки задержки и риски. Позже руководитель уточнил адрес.
2693,enumeration_colon,strict_validator_rejected,Редактор отметил следующие заголовки подписи и даты. Утром специалист открыл журнал.,Редактор отметил следующие: заголовки подписи и даты. Утром специалист открыл журнал.
2694,enumeration_colon,strict_validator_rejected,В отчете указано следующее ошибки задержки и риски. После проверки данные совпали.,В отчете указано следующее: ошибки задержки и риски. После проверки данные совпали.
2695,enumeration_colon,strict_validator_rejected,Редактор отметил следующие заголовки подписи и даты. Вечером служба передала копию.,Редактор отметил следующие: заголовки подписи и даты. Вечером служба передала копию.
2696,enumeration_colon,strict_validator_rejected,В отчете указано следующее ошибки задержки и риски. Затем автор подписал лист.,В отчете указано следующее: ошибки задержки и риски. Затем автор подписал лист.
2697,enumeration_colon,strict_validator_rejected,Редактор отметил следующие заголовки подписи и даты. Позже комиссия вернула письмо.,Редактор отметил следующие: заголовки подписи и даты. Позже комиссия вернула письмо.
2698,enumeration_colon,strict_validator_rejected,В отчете указано следующее ошибки задержки и риски. Утром отдел принял заявку.,В отчете указано следующее: ошибки задержки и риски. Утром отдел принял заявку.
2699,enumeration_colon,strict_validator_rejected,Редактор отметил следующие заголовки подписи и даты. После обеда секретарь внес дату.,Редактор отметил следующие: заголовки подписи и даты. После обеда секретарь внес дату.
2700,enumeration_colon,strict_validator_rejected,В отчете указано следующее ошибки задержки и риски. Вечером редактор проверил список.,В отчете указано следующее: ошибки задержки и риски. Вечером редактор проверил список.
2701,enumeration_colon,strict_validator_rejected,Редактор отметил следующие заголовки подписи и даты. Затем курьер доставил пакет.,Редактор отметил следующие: заголовки подписи и даты. Затем курьер доставил пакет.
2702,enumeration_colon,strict_validator_rejected,В отчете указано следующее ошибки задержки и риски. Позже аналитик сверил отчет.,В отчете указано следующее: ошибки задержки и риски. Позже аналитик сверил отчет.
2703,enumeration_colon,strict_validator_rejected,Редактор отметил следующие заголовки подписи и даты. Утром группа открыла архив.,Редактор отметил следующие: заголовки подписи и даты. Утром группа открыла архив.
2704,enumeration_colon,strict_validator_rejected,В отчете указано следующее ошибки задержки и риски. После встречи автор добавил подпись.,В отчете указано следующее: ошибки задержки и риски. После встречи автор добавил подпись.
2705,enumeration_colon,strict_validator_rejected,Редактор отметил следующие заголовки подписи и даты. Вечером отдел закрыл вопрос.,Редактор отметил следующие: заголовки подписи и даты. Вечером отдел закрыл вопрос.
2706,enumeration_colon,strict_validator_rejected,В отчете указано следующее ошибки задержки и риски. Затем специалист отправил ответ.,В отчете указано следующее: ошибки задержки и риски. Затем специалист отправил ответ.
2707,enumeration_colon,strict_validator_rejected,Редактор отметил следующие заголовки подписи и даты. Позже секретарь подготовил копию.,Редактор отметил следующие: заголовки подписи и даты. Позже секретарь подготовил копию.
2708,enumeration_colon,strict_validator_rejected,В отчете указано следующее ошибки задержки и риски. Утром редактор проверил адрес.,В отчете указано следующее: ошибки задержки и риски. Утром редактор проверил адрес.
2709,enumeration_colon,strict_validator_rejected,Редактор отметил следующие заголовки подписи и даты. После звонка комиссия ждала письмо.,Редактор отметил следующие: заголовки подписи и даты. После звонка комиссия ждала письмо.
2710,enumeration_colon,strict_validator_rejected,В отчете указано следующее ошибки задержки и риски. Вечером автор уточнил срок.,В отчете указано следующее: ошибки задержки и риски. Вечером автор уточнил срок.
2711,enumeration_colon,strict_validator_rejected,Редактор отметил следующие заголовки подписи и даты. Затем отдел сохранил файл.,Редактор отметил следующие: заголовки подписи и даты. Затем отдел сохранил файл.
2712,enumeration_colon,strict_validator_rejected,В отчете указано следующее ошибки задержки и риски. Позже группа приняла решение.,В отчете указано следующее: ошибки задержки и риски. Позже группа приняла решение.
2713,enumeration_colon,strict_validator_rejected,Редактор отметил следующие заголовки подписи и даты. Утром служба сверила данные.,Редактор отметил следующие: заголовки подписи и даты. Утром служба сверила данные.
2714,enumeration_colon,strict_validator_rejected,В отчете указано следующее ошибки задержки и риски. После совещания секретарь закрыл папку.,В отчете указано следующее: ошибки задержки и риски. После совещания секретарь закрыл папку.
2715,enumeration_colon,strict_validator_rejected,Редактор отметил следующие заголовки подписи и даты. Вечером специалист обновил запись.,Редактор отметил следующие: заголовки подписи и даты. Вечером специалист обновил запись.
2716,enumeration_colon,strict_validator_rejected,В отчете указано следующее ошибки задержки и риски. Затем редактор передал копию.,В отчете указано следующее: ошибки задержки и риски. Затем редактор передал копию.
2717,enumeration_colon,strict_validator_rejected,Редактор отметил следующие заголовки подписи и даты. Позже автор открыл таблицу.,Редактор отметил следующие: заголовки подписи и даты. Позже автор открыл таблицу.
2718,enumeration_colon,strict_validator_rejected,В отчете указано следующее ошибки задержки и риски. Утром комиссия согласовала дату.,В отчете указано следующее: ошибки задержки и риски. Утром комиссия согласовала дату.
2719,enumeration_colon,strict_validator_rejected,Редактор отметил следующие заголовки подписи и даты. После проверки отдел отправил ответ.,Редактор отметил следующие: заголовки подписи и даты. После проверки отдел отправил ответ.
2720,enumeration_colon,strict_validator_rejected,В отчете указано следующее ошибки задержки и риски. Вечером секретарь внес подпись.,В отчете указано следующее: ошибки задержки и риски. Вечером секретарь внес подпись.
2721,enumeration_colon,strict_validator_rejected,Редактор отметил следующие заголовки подписи и даты. Затем группа закрыла журнал.,Редактор отметил следующие: заголовки подписи и даты. Затем группа закрыла журнал.
2722,enumeration_colon,strict_validator_rejected,В отчете указано следующее ошибки задержки и риски. Позже служба уточнила маршрут.,В отчете указано следующее: ошибки задержки и риски. Позже служба уточнила маршрут.
2723,enumeration_colon,strict_validator_rejected,Редактор отметил следующие заголовки подписи и даты. Утром аналитик проверил сводку.,Редактор отметил следующие: заголовки подписи и даты. Утром аналитик проверил сводку.
2724,enumeration_colon,strict_validator_rejected,В отчете указано следующее ошибки задержки и риски. После обеда редактор принял письмо.,В отчете указано следующее: ошибки задержки и риски. После обеда редактор принял письмо.
2725,enumeration_colon,strict_validator_rejected,Редактор отметил следующие заголовки подписи и даты. Вечером отдел обновил список.,Редактор отметил следующие: заголовки подписи и даты. Вечером отдел обновил список.
2726,enumeration_colon,strict_validator_rejected,В отчете указано следующее ошибки задержки и риски. Затем автор сохранил документ.,В отчете указано следующее: ошибки задержки и риски. Затем автор сохранил документ.
2727,enumeration_colon,strict_validator_rejected,Редактор отметил следующие заголовки подписи и даты. Позже комиссия открыла протокол.,Редактор отметил следующие: заголовки подписи и даты. Позже комиссия открыла протокол.
2728,enumeration_colon,strict_validator_rejected,В отчете указано следующее ошибки задержки и риски. Утром секретарь отправил копию.,В отчете указано следующее: ошибки задержки и риски. Утром секретарь отправил копию.
2729,enumeration_colon,strict_validator_rejected,Редактор отметил следующие заголовки подписи и даты. После звонка специалист уточнил срок.,Редактор отметил следующие: заголовки подписи и даты. После звонка специалист уточнил срок.
2730,enumeration_colon,strict_validator_rejected,В отчете указано следующее ошибки задержки и риски. Вечером группа сверила даты.,В отчете указано следующее: ошибки задержки и риски. Вечером группа сверила даты.
2731,enumeration_colon,strict_validator_rejected,Редактор отметил следующие заголовки подписи и даты. Затем отдел принял письмо.,Редактор отметил следующие: заголовки подписи и даты. Затем отдел принял письмо.
2732,explanation_colon,strict_validator_rejected,Редактор заметил одно подпись отсутствует. Позже редактор сохранил копию.,Редактор заметил одно: подпись отсутствует. Позже редактор сохранил копию.
2733,explanation_colon,strict_validator_rejected,Команда решила одно отчет нужно вернуть. Утром комиссия вернулась к письму.,Команда решила одно: отчет нужно вернуть. Утром комиссия вернулась к письму.
2734,explanation_colon,strict_validator_rejected,Редактор заметил одно подпись отсутствует. После встречи файл остался в архиве.,Редактор заметил одно: подпись отсутствует. После встречи файл остался в архиве.
2735,explanation_colon,strict_validator_rejected,Команда решила одно отчет нужно вернуть. Вечером автор обновил сводку.,Команда решила одно: отчет нужно вернуть. Вечером автор обновил сводку.
2736,explanation_colon,strict_validator_rejected,Редактор заметил одно подпись отсутствует. Затем группа сверила подписи.,Редактор заметил одно: подпись отсутствует. Затем группа сверила подписи.
2737,explanation_colon,strict_validator_rejected,Команда решила одно отчет нужно вернуть. Позже служба отправила ответ.,Команда решила одно: отчет нужно вернуть. Позже служба отправила ответ.
2738,explanation_colon,strict_validator_rejected,Редактор заметил одно подпись отсутствует. Утром секретарь открыл папку.,Редактор заметил одно: подпись отсутствует. Утром секретарь открыл папку.
2739,explanation_colon,strict_validator_rejected,Команда решила одно отчет нужно вернуть. После проверки список закрыли.,Команда решила одно: отчет нужно вернуть. После проверки список закрыли.
2740,explanation_colon,strict_validator_rejected,Редактор заметил одно подпись отсутствует. Вечером руководитель принял правки.,Редактор заметил одно: подпись отсутствует. Вечером руководитель принял правки.
2741,explanation_colon,strict_validator_rejected,Команда решила одно отчет нужно вернуть. Затем аналитик обновил запись.,Команда решила одно: отчет нужно вернуть. Затем аналитик обновил запись.
2742,explanation_colon,strict_validator_rejected,Редактор заметил одно подпись отсутствует. Позже отдел уточнил дату.,Редактор заметил одно: подпись отсутствует. Позже отдел уточнил дату.
2743,explanation_colon,strict_validator_rejected,Команда решила одно отчет нужно вернуть. Утром курьер принес копию.,Команда решила одно: отчет нужно вернуть. Утром курьер принес копию.
2744,explanation_colon,strict_validator_rejected,Редактор заметил одно подпись отсутствует. После обеда автор сверил данные.,Редактор заметил одно: подпись отсутствует. После обеда автор сверил данные.
2745,explanation_colon,strict_validator_rejected,Команда решила одно отчет нужно вернуть. Вечером секретарь закрыл журнал.,Команда решила одно: отчет нужно вернуть. Вечером секретарь закрыл журнал.
2746,explanation_colon,strict_validator_rejected,Редактор заметил одно подпись отсутствует. Затем комиссия перенесла встречу.,Редактор заметил одно: подпись отсутствует. Затем комиссия перенесла встречу.
2747,explanation_colon,strict_validator_rejected,Команда решила одно отчет нужно вернуть. Позже архивариус обновил карточку.,Команда решила одно: отчет нужно вернуть. Позже архивариус обновил карточку.
2748,explanation_colon,strict_validator_rejected,Редактор заметил одно подпись отсутствует. Утром дежурный проверил подписи.,Редактор заметил одно: подпись отсутствует. Утром дежурный проверил подписи.
2749,explanation_colon,strict_validator_rejected,Команда решила одно отчет нужно вернуть. После звонка редактор открыл файл.,Команда решила одно: отчет нужно вернуть. После звонка редактор открыл файл.
2750,explanation_colon,strict_validator_rejected,Редактор заметил одно подпись отсутствует. Вечером группа согласовала срок.,Редактор заметил одно: подпись отсутствует. Вечером группа согласовала срок.
2751,explanation_colon,strict_validator_rejected,Команда решила одно отчет нужно вернуть. Затем отдел отправил письмо.,Команда решила одно: отчет нужно вернуть. Затем отдел отправил письмо.
2752,explanation_colon,strict_validator_rejected,Редактор заметил одно подпись отсутствует. Позже автор поправил заголовок.,Редактор заметил одно: подпись отсутствует. Позже автор поправил заголовок.
2753,explanation_colon,strict_validator_rejected,Команда решила одно отчет нужно вернуть. Утром команда сверила список.,Команда решила одно: отчет нужно вернуть. Утром команда сверила список.
2754,explanation_colon,strict_validator_rejected,Редактор заметил одно подпись отсутствует. После совещания документ приняли.,Редактор заметил одно: подпись отсутствует. После совещания документ приняли.
2755,explanation_colon,strict_validator_rejected,Команда решила одно отчет нужно вернуть. Вечером сотрудник закрыл заявку.,Команда решила одно: отчет нужно вернуть. Вечером сотрудник закрыл заявку.
2756,explanation_colon,strict_validator_rejected,Редактор заметил одно подпись отсутствует. Затем редактор сохранил таблицу.,Редактор заметил одно: подпись отсутствует. Затем редактор сохранил таблицу.
2757,explanation_colon,strict_validator_rejected,Команда решила одно отчет нужно вернуть. Позже руководитель уточнил адрес.,Команда решила одно: отчет нужно вернуть. Позже руководитель уточнил адрес.
2758,explanation_colon,strict_validator_rejected,Редактор заметил одно подпись отсутствует. Утром специалист открыл журнал.,Редактор заметил одно: подпись отсутствует. Утром специалист открыл журнал.
2759,explanation_colon,strict_validator_rejected,Команда решила одно отчет нужно вернуть. После проверки данные совпали.,Команда решила одно: отчет нужно вернуть. После проверки данные совпали.
2760,explanation_colon,strict_validator_rejected,Редактор заметил одно подпись отсутствует. Вечером служба передала копию.,Редактор заметил одно: подпись отсутствует. Вечером служба передала копию.
2761,explanation_colon,strict_validator_rejected,Команда решила одно отчет нужно вернуть. Затем автор подписал лист.,Команда решила одно: отчет нужно вернуть. Затем автор подписал лист.
2762,explanation_colon,strict_validator_rejected,Редактор заметил одно подпись отсутствует. Позже комиссия вернула письмо.,Редактор заметил одно: подпись отсутствует. Позже комиссия вернула письмо.
2763,explanation_colon,strict_validator_rejected,Команда решила одно отчет нужно вернуть. Утром отдел принял заявку.,Команда решила одно: отчет нужно вернуть. Утром отдел принял заявку.
2764,explanation_colon,strict_validator_rejected,Редактор заметил одно подпись отсутствует. После обеда секретарь внес дату.,Редактор заметил одно: подпись отсутствует. После обеда секретарь внес дату.
2765,explanation_colon,strict_validator_rejected,Команда решила одно отчет нужно вернуть. Вечером редактор проверил список.,Команда решила одно: отчет нужно вернуть. Вечером редактор проверил список.
2766,explanation_colon,strict_validator_rejected,Редактор заметил одно подпись отсутствует. Затем курьер доставил пакет.,Редактор заметил одно: подпись отсутствует. Затем курьер доставил пакет.
2767,explanation_colon,strict_validator_rejected,Команда решила одно отчет нужно вернуть. Позже аналитик сверил отчет.,Команда решила одно: отчет нужно вернуть. Позже аналитик сверил отчет.
2768,explanation_colon,strict_validator_rejected,Редактор заметил одно подпись отсутствует. Утром группа открыла архив.,Редактор заметил одно: подпись отсутствует. Утром группа открыла архив.
2769,explanation_colon,strict_validator_rejected,Команда решила одно отчет нужно вернуть. После встречи автор добавил подпись.,Команда решила одно: отчет нужно вернуть. После встречи автор добавил подпись.
2770,explanation_colon,strict_validator_rejected,Редактор заметил одно подпись отсутствует. Вечером отдел закрыл вопрос.,Редактор заметил одно: подпись отсутствует. Вечером отдел закрыл вопрос.
2771,explanation_colon,strict_validator_rejected,Команда решила одно отчет нужно вернуть. Затем специалист отправил ответ.,Команда решила одно: отчет нужно вернуть. Затем специалист отправил ответ.
2772,explanation_colon,strict_validator_rejected,Редактор заметил одно подпись отсутствует. Позже секретарь подготовил копию.,Редактор заметил одно: подпись отсутствует. Позже секретарь подготовил копию.
2773,explanation_colon,strict_validator_rejected,Команда решила одно отчет нужно вернуть. Утром редактор проверил адрес.,Команда решила одно: отчет нужно вернуть. Утром редактор проверил адрес.
2774,explanation_colon,strict_validator_rejected,Редактор заметил одно подпись отсутствует. После звонка комиссия ждала письмо.,Редактор заметил одно: подпись отсутствует. После звонка комиссия ждала письмо.
2775,explanation_colon,strict_validator_rejected,Команда решила одно отчет нужно вернуть. Вечером автор уточнил срок.,Команда решила одно: отчет нужно вернуть. Вечером автор уточнил срок.
2776,explanation_colon,strict_validator_rejected,Редактор заметил одно подпись отсутствует. Затем отдел сохранил файл.,Редактор заметил одно: подпись отсутствует. Затем отдел сохранил файл.
2777,explanation_colon,strict_validator_rejected,Команда решила одно отчет нужно вернуть. Позже группа приняла решение.,Команда решила одно: отчет нужно вернуть. Позже группа приняла решение.
2778,explanation_colon,strict_validator_rejected,Редактор заметил одно подпись отсутствует. Утром служба сверила данные.,Редактор заметил одно: подпись отсутствует. Утром служба сверила данные.
2779,explanation_colon,strict_validator_rejected,Команда решила одно отчет нужно вернуть. После совещания секретарь закрыл папку.,Команда решила одно: отчет нужно вернуть. После совещания секретарь закрыл папку.
2780,explanation_colon,strict_validator_rejected,Редактор заметил одно подпись отсутствует. Вечером специалист обновил запись.,Редактор заметил одно: подпись отсутствует. Вечером специалист обновил запись.
2781,explanation_colon,strict_validator_rejected,Команда решила одно отчет нужно вернуть. Затем редактор передал копию.,Команда решила одно: отчет нужно вернуть. Затем редактор передал копию.
2782,explanation_colon,strict_validator_rejected,Редактор заметил одно подпись отсутствует. Позже автор открыл таблицу.,Редактор заметил одно: подпись отсутствует. Позже автор открыл таблицу.
2783,explanation_colon,strict_validator_rejected,Команда решила одно отчет нужно вернуть. Утром комиссия согласовала дату.,Команда решила одно: отчет нужно вернуть. Утром комиссия согласовала дату.
2784,explanation_colon,strict_validator_rejected,Редактор заметил одно подпись отсутствует. После проверки отдел отправил ответ.,Редактор заметил одно: подпись отсутствует. После проверки отдел отправил ответ.
2785,explanation_colon,strict_validator_rejected,Команда решила одно отчет нужно вернуть. Вечером секретарь внес подпись.,Команда решила одно: отчет нужно вернуть. Вечером секретарь внес подпись.
2786,explanation_colon,strict_validator_rejected,Редактор заметил одно подпись отсутствует. Затем группа закрыла журнал.,Редактор заметил одно: подпись отсутствует. Затем группа закрыла журнал.
2787,explanation_colon,strict_validator_rejected,Команда решила одно отчет нужно вернуть. Позже служба уточнила маршрут.,Команда решила одно: отчет нужно вернуть. Позже служба уточнила маршрут.
2788,explanation_colon,strict_validator_rejected,Редактор заметил одно подпись отсутствует. Утром аналитик проверил сводку.,Редактор заметил одно: подпись отсутствует. Утром аналитик проверил сводку.
2789,explanation_colon,strict_validator_rejected,Команда решила одно отчет нужно вернуть. После обеда редактор принял письмо.,Команда решила одно: отчет нужно вернуть. После обеда редактор принял письмо.
2790,explanation_colon,strict_validator_rejected,Редактор заметил одно подпись отсутствует. Вечером отдел обновил список.,Редактор заметил одно: подпись отсутствует. Вечером отдел обновил список.
2791,explanation_colon,strict_validator_rejected,Команда решила одно отчет нужно вернуть. Затем автор сохранил документ.,Команда решила одно: отчет нужно вернуть. Затем автор сохранил документ.
2792,explanation_colon,strict_validator_rejected,Редактор заметил одно подпись отсутствует. Позже комиссия открыла протокол.,Редактор заметил одно: подпись отсутствует. Позже комиссия открыла протокол.
2793,explanation_colon,strict_validator_rejected,Команда решила одно отчет нужно вернуть. Утром секретарь отправил копию.,Команда решила одно: отчет нужно вернуть. Утром секретарь отправил копию.
2794,explanation_colon,strict_validator_rejected,Редактор заметил одно подпись отсутствует. После звонка специалист уточнил срок.,Редактор заметил одно: подпись отсутствует. После звонка специалист уточнил срок.
2795,explanation_colon,strict_validator_rejected,Команда решила одно отчет нужно вернуть. Вечером группа сверила даты.,Команда решила одно: отчет нужно вернуть. Вечером группа сверила даты.
2796,explanation_colon,strict_validator_rejected,Редактор заметил одно подпись отсутствует. Затем отдел принял письмо.,Редактор заметил одно: подпись отсутствует. Затем отдел принял письмо.
2797,explanation_colon,strict_validator_rejected,Команда решила одно отчет нужно вернуть. Позже редактор сохранил копию.,Команда решила одно: отчет нужно вернуть. Позже редактор сохранил копию.
2798,explanation_colon,strict_validator_rejected,Редактор заметил одно подпись отсутствует. Утром комиссия вернулась к письму.,Редактор заметил одно: подпись отсутствует. Утром комиссия вернулась к письму.
2799,explanation_colon,strict_validator_rejected,Команда решила одно отчет нужно вернуть. После встречи файл остался в архиве.,Команда решила одно: отчет нужно вернуть. После встречи файл остался в архиве.
2800,explanation_colon,strict_validator_rejected,Редактор заметил одно подпись отсутствует. Вечером автор обновил сводку.,Редактор заметил одно: подпись отсутствует. Вечером автор обновил сводку.
2801,explanation_colon,strict_validator_rejected,Команда решила одно отчет нужно вернуть. Затем группа сверила подписи.,Команда решила одно: отчет нужно вернуть. Затем группа сверила подписи.
2802,explanation_colon,strict_validator_rejected,Редактор заметил одно подпись отсутствует. Позже служба отправила ответ.,Редактор заметил одно: подпись отсутствует. Позже служба отправила ответ.
2803,explanation_colon,strict_validator_rejected,Команда решила одно отчет нужно вернуть. Утром секретарь открыл папку.,Команда решила одно: отчет нужно вернуть. Утром секретарь открыл папку.
2804,explanation_colon,strict_validator_rejected,Редактор заметил одно подпись отсутствует. После проверки список закрыли.,Редактор заметил одно: подпись отсутствует. После проверки список закрыли.
2805,explanation_colon,strict_validator_rejected,Команда решила одно отчет нужно вернуть. Вечером руководитель принял правки.,Команда решила одно: отчет нужно вернуть. Вечером руководитель принял правки.
2806,explanation_colon,strict_validator_rejected,Редактор заметил одно подпись отсутствует. Затем аналитик обновил запись.,Редактор заметил одно: подпись отсутствует. Затем аналитик обновил запись.
2807,explanation_colon,strict_validator_rejected,Команда решила одно отчет нужно вернуть. Позже отдел уточнил дату.,Команда решила одно: отчет нужно вернуть. Позже отдел уточнил дату.
2808,explanation_colon,strict_validator_rejected,Редактор заметил одно подпись отсутствует. Утром курьер принес копию.,Редактор заметил одно: подпись отсутствует. Утром курьер принес копию.
2809,explanation_colon,strict_validator_rejected,Команда решила одно отчет нужно вернуть. После обеда автор сверил данные.,Команда решила одно: отчет нужно вернуть. После обеда автор сверил данные.
2810,explanation_colon,strict_validator_rejected,Редактор заметил одно подпись отсутствует. Вечером секретарь закрыл журнал.,Редактор заметил одно: подпись отсутствует. Вечером секретарь закрыл журнал.
2811,explanation_colon,strict_validator_rejected,Команда решила одно отчет нужно вернуть. Затем комиссия перенесла встречу.,Команда решила одно: отчет нужно вернуть. Затем комиссия перенесла встречу.
2812,explanation_colon,strict_validator_rejected,Редактор заметил одно подпись отсутствует. Позже архивариус обновил карточку.,Редактор заметил одно: подпись отсутствует. Позже архивариус обновил карточку.
2813,explanation_colon,strict_validator_rejected,Команда решила одно отчет нужно вернуть. Утром дежурный проверил подписи.,Команда решила одно: отчет нужно вернуть. Утром дежурный проверил подписи.
2814,explanation_colon,strict_validator_rejected,Редактор заметил одно подпись отсутствует. После звонка редактор открыл файл.,Редактор заметил одно: подпись отсутствует. После звонка редактор открыл файл.
2815,explanation_colon,strict_validator_rejected,Команда решила одно отчет нужно вернуть. Вечером группа согласовала срок.,Команда решила одно: отчет нужно вернуть. Вечером группа согласовала срок.
2816,explanation_colon,strict_validator_rejected,Редактор заметил одно подпись отсутствует. Затем отдел отправил письмо.,Редактор заметил одно: подпись отсутствует. Затем отдел отправил письмо.
2817,explanation_colon,strict_validator_rejected,Команда решила одно отчет нужно вернуть. Позже автор поправил заголовок.,Команда решила одно: отчет нужно вернуть. Позже автор поправил заголовок.
2818,explanation_colon,strict_validator_rejected,Редактор заметил одно подпись отсутствует. Утром команда сверила список.,Редактор заметил одно: подпись отсутствует. Утром команда сверила список.
2819,explanation_colon,strict_validator_rejected,Команда решила одно отчет нужно вернуть. После совещания документ приняли.,Команда решила одно: отчет нужно вернуть. После совещания документ приняли.
2820,explanation_colon,strict_validator_rejected,Редактор заметил одно подпись отсутствует. Вечером сотрудник закрыл заявку.,Редактор заметил одно: подпись отсутствует. Вечером сотрудник закрыл заявку.
2821,explanation_colon,strict_validator_rejected,Команда решила одно отчет нужно вернуть. Затем редактор сохранил таблицу.,Команда решила одно: отчет нужно вернуть. Затем редактор сохранил таблицу.
2822,explanation_colon,strict_validator_rejected,Редактор заметил одно подпись отсутствует. Позже руководитель уточнил адрес.,Редактор заметил одно: подпись отсутствует. Позже руководитель уточнил адрес.
2823,explanation_colon,strict_validator_rejected,Команда решила одно отчет нужно вернуть. Утром специалист открыл журнал.,Команда решила одно: отчет нужно вернуть. Утром специалист открыл журнал.
2824,explanation_colon,strict_validator_rejected,Редактор заметил одно подпись отсутствует. После проверки данные совпали.,Редактор заметил одно: подпись отсутствует. После проверки данные совпали.
2825,explanation_colon,strict_validator_rejected,Команда решила одно отчет нужно вернуть. Вечером служба передала копию.,Команда решила одно: отчет нужно вернуть. Вечером служба передала копию.
2826,explanation_colon,strict_validator_rejected,Редактор заметил одно подпись отсутствует. Затем автор подписал лист.,Редактор заметил одно: подпись отсутствует. Затем автор подписал лист.
2827,explanation_colon,strict_validator_rejected,Команда решила одно отчет нужно вернуть. Позже комиссия вернула письмо.,Команда решила одно: отчет нужно вернуть. Позже комиссия вернула письмо.
2828,explanation_colon,strict_validator_rejected,Редактор заметил одно подпись отсутствует. Утром отдел принял заявку.,Редактор заметил одно: подпись отсутствует. Утром отдел принял заявку.
2829,explanation_colon,strict_validator_rejected,Команда решила одно отчет нужно вернуть. После обеда секретарь внес дату.,Команда решила одно: отчет нужно вернуть. После обеда секретарь внес дату.
2830,explanation_colon,strict_validator_rejected,Редактор заметил одно подпись отсутствует. Вечером редактор проверил список.,Редактор заметил одно: подпись отсутствует. Вечером редактор проверил список.
2831,explanation_colon,strict_validator_rejected,Команда решила одно отчет нужно вернуть. Затем курьер доставил пакет.,Команда решила одно: отчет нужно вернуть. Затем курьер доставил пакет.
2832,explanation_colon,strict_validator_rejected,Редактор заметил одно подпись отсутствует. Позже аналитик сверил отчет.,Редактор заметил одно: подпись отсутствует. Позже аналитик сверил отчет.
2833,explanation_colon,strict_validator_rejected,Команда решила одно отчет нужно вернуть. Утром группа открыла архив.,Команда решила одно: отчет нужно вернуть. Утром группа открыла архив.
2834,explanation_colon,strict_validator_rejected,Редактор заметил одно подпись отсутствует. После встречи автор добавил подпись.,Редактор заметил одно: подпись отсутствует. После встречи автор добавил подпись.
2835,explanation_colon,strict_validator_rejected,Команда решила одно отчет нужно вернуть. Вечером отдел закрыл вопрос.,Команда решила одно: отчет нужно вернуть. Вечером отдел закрыл вопрос.
2836,explanation_colon,strict_validator_rejected,Редактор заметил одно подпись отсутствует. Затем специалист отправил ответ.,Редактор заметил одно: подпись отсутствует. Затем специалист отправил ответ.
2837,explanation_colon,strict_validator_rejected,Команда решила одно отчет нужно вернуть. Позже секретарь подготовил копию.,Команда решила одно: отчет нужно вернуть. Позже секретарь подготовил копию.
2838,explanation_colon,strict_validator_rejected,Редактор заметил одно подпись отсутствует. Утром редактор проверил адрес.,Редактор заметил одно: подпись отсутствует. Утром редактор проверил адрес.
2839,explanation_colon,strict_validator_rejected,Команда решила одно отчет нужно вернуть. После звонка комиссия ждала письмо.,Команда решила одно: отчет нужно вернуть. После звонка комиссия ждала письмо.
2840,explanation_colon,strict_validator_rejected,Редактор заметил одно подпись отсутствует. Вечером автор уточнил срок.,Редактор заметил одно: подпись отсутствует. Вечером автор уточнил срок.
2841,explanation_colon,strict_validator_rejected,Команда решила одно отчет нужно вернуть. Затем отдел сохранил файл.,Команда решила одно: отчет нужно вернуть. Затем отдел сохранил файл.
2842,explanation_colon,strict_validator_rejected,Редактор заметил одно подпись отсутствует. Позже группа приняла решение.,Редактор заметил одно: подпись отсутствует. Позже группа приняла решение.
2843,explanation_colon,strict_validator_rejected,Команда решила одно отчет нужно вернуть. Утром служба сверила данные.,Команда решила одно: отчет нужно вернуть. Утром служба сверила данные.
2844,explanation_colon,strict_validator_rejected,Редактор заметил одно подпись отсутствует. После совещания секретарь закрыл папку.,Редактор заметил одно: подпись отсутствует. После совещания секретарь закрыл папку.
2845,explanation_colon,strict_validator_rejected,Команда решила одно отчет нужно вернуть. Вечером специалист обновил запись.,Команда решила одно: отчет нужно вернуть. Вечером специалист обновил запись.
2846,explanation_colon,strict_validator_rejected,Редактор заметил одно подпись отсутствует. Затем редактор передал копию.,Редактор заметил одно: подпись отсутствует. Затем редактор передал копию.
2847,explanation_colon,strict_validator_rejected,Команда решила одно отчет нужно вернуть. Позже автор открыл таблицу.,Команда решила одно: отчет нужно вернуть. Позже автор открыл таблицу.
2848,explanation_colon,strict_validator_rejected,Редактор заметил одно подпись отсутствует. Утром комиссия согласовала дату.,Редактор заметил одно: подпись отсутствует. Утром комиссия согласовала дату.
2849,explanation_colon,strict_validator_rejected,Команда решила одно отчет нужно вернуть. После проверки отдел отправил ответ.,Команда решила одно: отчет нужно вернуть. После проверки отдел отправил ответ.
2850,explanation_colon,strict_validator_rejected,Редактор заметил одно подпись отсутствует. Вечером секретарь внес подпись.,Редактор заметил одно: подпись отсутствует. Вечером секретарь внес подпись.
2851,explanation_colon,strict_validator_rejected,Команда решила одно отчет нужно вернуть. Затем группа закрыла журнал.,Команда решила одно: отчет нужно вернуть. Затем группа закрыла журнал.
2852,explanation_colon,strict_validator_rejected,Редактор заметил одно подпись отсутствует. Позже служба уточнила маршрут.,Редактор заметил одно: подпись отсутствует. Позже служба уточнила маршрут.
2853,explanation_colon,strict_validator_rejected,Команда решила одно отчет нужно вернуть. Утром аналитик проверил сводку.,Команда решила одно: отчет нужно вернуть. Утром аналитик проверил сводку.
2854,explanation_colon,strict_validator_rejected,Редактор заметил одно подпись отсутствует. После обеда редактор принял письмо.,Редактор заметил одно: подпись отсутствует. После обеда редактор принял письмо.
2855,explanation_colon,strict_validator_rejected,Команда решила одно отчет нужно вернуть. Вечером отдел обновил список.,Команда решила одно: отчет нужно вернуть. Вечером отдел обновил список.
2856,explanation_colon,strict_validator_rejected,Редактор заметил одно подпись отсутствует. Затем автор сохранил документ.,Редактор заметил одно: подпись отсутствует. Затем автор сохранил документ.
2857,explanation_colon,strict_validator_rejected,Команда решила одно отчет нужно вернуть. Позже комиссия открыла протокол.,Команда решила одно: отчет нужно вернуть. Позже комиссия открыла протокол.
2858,explanation_colon,strict_validator_rejected,Редактор заметил одно подпись отсутствует. Утром секретарь отправил копию.,Редактор заметил одно: подпись отсутствует. Утром секретарь отправил копию.
2859,explanation_colon,strict_validator_rejected,Команда решила одно отчет нужно вернуть. После звонка специалист уточнил срок.,Команда решила одно: отчет нужно вернуть. После звонка специалист уточнил срок.
2860,explanation_colon,strict_validator_rejected,Редактор заметил одно подпись отсутствует. Вечером группа сверила даты.,Редактор заметил одно: подпись отсутствует. Вечером группа сверила даты.
2861,explanation_colon,strict_validator_rejected,Команда решила одно отчет нужно вернуть. Затем отдел принял письмо.,Команда решила одно: отчет нужно вернуть. Затем отдел принял письмо.
3187,n_nn_adjective,target_quality_failed,"""Может упасть давление в кабине,- сказал он,- и это станет серьезнным препятствием для работы следующей экспедиции.","""Может упасть давление в кабине,- сказал он,- и это станет серьезным препятствием для работы следующей экспедиции."
3201,n_nn_deverbal_adjective,non_atomic_edit_count,Жаренный картофель остыл. Позже редактор сохранил копию.,Жареный картофель остыл. Позже редактор сохранил копию.
3202,n_nn_deverbal_adjective,non_atomic_edit_count,Раненный зверь лежал тихо. Утром комиссия вернулась к письму.,Раненый зверь лежал тихо. Утром комиссия вернулась к письму.
3203,n_nn_deverbal_adjective,non_atomic_edit_count,Жаренный картофель остыл. После встречи файл остался в архиве.,Жареный картофель остыл. После встречи файл остался в архиве.
3204,n_nn_deverbal_adjective,non_atomic_edit_count,Раненный зверь лежал тихо. Вечером автор обновил сводку.,Раненый зверь лежал тихо. Вечером автор обновил сводку.
3205,n_nn_deverbal_adjective,non_atomic_edit_count,Жаренный картофель остыл. Затем группа сверила подписи.,Жареный картофель остыл. Затем группа сверила подписи.
3206,n_nn_deverbal_adjective,non_atomic_edit_count,Раненный зверь лежал тихо. Позже служба отправила ответ.,Раненый зверь лежал тихо. Позже служба отправила ответ.
3207,n_nn_deverbal_adjective,non_atomic_edit_count,Жаренный картофель остыл. Утром секретарь открыл папку.,Жареный картофель остыл. Утром секретарь открыл папку.
3208,n_nn_deverbal_adjective,non_atomic_edit_count,Раненный зверь лежал тихо. После проверки список закрыли.,Раненый зверь лежал тихо. После проверки список закрыли.
3209,n_nn_deverbal_adjective,non_atomic_edit_count,Жаренный картофель остыл. Вечером руководитель принял правки.,Жареный картофель остыл. Вечером руководитель принял правки.
3210,n_nn_deverbal_adjective,non_atomic_edit_count,Раненный зверь лежал тихо. Затем аналитик обновил запись.,Раненый зверь лежал тихо. Затем аналитик обновил запись.
3211,n_nn_deverbal_adjective,non_atomic_edit_count,Жаренный картофель остыл. Позже отдел уточнил дату.,Жареный картофель остыл. Позже отдел уточнил дату.
3212,n_nn_deverbal_adjective,non_atomic_edit_count,Раненный зверь лежал тихо. Утром курьер принес копию.,Раненый зверь лежал тихо. Утром курьер принес копию.
3213,n_nn_deverbal_adjective,non_atomic_edit_count,Жаренный картофель остыл. После обеда автор сверил данные.,Жареный картофель остыл. После обеда автор сверил данные.
3214,n_nn_deverbal_adjective,non_atomic_edit_count,Раненный зверь лежал тихо. Вечером секретарь закрыл журнал.,Раненый зверь лежал тихо. Вечером секретарь закрыл журнал.
3215,n_nn_deverbal_adjective,non_atomic_edit_count,Жаренный картофель остыл. Затем комиссия перенесла встречу.,Жареный картофель остыл. Затем комиссия перенесла встречу.
3216,n_nn_deverbal_adjective,non_atomic_edit_count,Раненный зверь лежал тихо. Позже архивариус обновил карточку.,Раненый зверь лежал тихо. Позже архивариус обновил карточку.
3217,n_nn_deverbal_adjective,non_atomic_edit_count,Жаренный картофель остыл. Утром дежурный проверил подписи.,Жареный картофель остыл. Утром дежурный проверил подписи.
3218,n_nn_deverbal_adjective,non_atomic_edit_count,Раненный зверь лежал тихо. После звонка редактор открыл файл.,Раненый зверь лежал тихо. После звонка редактор открыл файл.
3219,n_nn_deverbal_adjective,non_atomic_edit_count,Жаренный картофель остыл. Вечером группа согласовала срок.,Жареный картофель остыл. Вечером группа согласовала срок.
3220,n_nn_deverbal_adjective,non_atomic_edit_count,Раненный зверь лежал тихо. Затем отдел отправил письмо.,Раненый зверь лежал тихо. Затем отдел отправил письмо.
3221,n_nn_deverbal_adjective,non_atomic_edit_count,Жаренный картофель остыл. Позже автор поправил заголовок.,Жареный картофель остыл. Позже автор поправил заголовок.
3222,n_nn_deverbal_adjective,non_atomic_edit_count,Раненный зверь лежал тихо. Утром команда сверила список.,Раненый зверь лежал тихо. Утром команда сверила список.
3223,n_nn_deverbal_adjective,non_atomic_edit_count,Жаренный картофель остыл. После совещания документ приняли.,Жареный картофель остыл. После совещания документ приняли.
3224,n_nn_deverbal_adjective,non_atomic_edit_count,Раненный зверь лежал тихо. Вечером сотрудник закрыл заявку.,Раненый зверь лежал тихо. Вечером сотрудник закрыл заявку.
3225,n_nn_deverbal_adjective,non_atomic_edit_count,Жаренный картофель остыл. Затем редактор сохранил таблицу.,Жареный картофель остыл. Затем редактор сохранил таблицу.
3226,n_nn_deverbal_adjective,non_atomic_edit_count,Раненный зверь лежал тихо. Позже руководитель уточнил адрес.,Раненый зверь лежал тихо. Позже руководитель уточнил адрес.
3227,n_nn_deverbal_adjective,non_atomic_edit_count,Жаренный картофель остыл. Утром специалист открыл журнал.,Жареный картофель остыл. Утром специалист открыл журнал.
3228,n_nn_deverbal_adjective,non_atomic_edit_count,Раненный зверь лежал тихо. После проверки данные совпали.,Раненый зверь лежал тихо. После проверки данные совпали.
3229,n_nn_deverbal_adjective,non_atomic_edit_count,Жаренный картофель остыл. Вечером служба передала копию.,Жареный картофель остыл. Вечером служба передала копию.
3230,n_nn_deverbal_adjective,non_atomic_edit_count,Раненный зверь лежал тихо. Затем автор подписал лист.,Раненый зверь лежал тихо. Затем автор подписал лист.
3231,n_nn_deverbal_adjective,non_atomic_edit_count,Жаренный картофель остыл. Позже комиссия вернула письмо.,Жареный картофель остыл. Позже комиссия вернула письмо.
3232,n_nn_deverbal_adjective,non_atomic_edit_count,Раненный зверь лежал тихо. Утром отдел принял заявку.,Раненый зверь лежал тихо. Утром отдел принял заявку.
3233,n_nn_deverbal_adjective,non_atomic_edit_count,Жаренный картофель остыл. После обеда секретарь внес дату.,Жареный картофель остыл. После обеда секретарь внес дату.
3234,n_nn_deverbal_adjective,non_atomic_edit_count,Раненный зверь лежал тихо. Вечером редактор проверил список.,Раненый зверь лежал тихо. Вечером редактор проверил список.
3235,n_nn_deverbal_adjective,non_atomic_edit_count,Жаренный картофель остыл. Затем курьер доставил пакет.,Жареный картофель остыл. Затем курьер доставил пакет.
3236,n_nn_deverbal_adjective,non_atomic_edit_count,Раненный зверь лежал тихо. Позже аналитик сверил отчет.,Раненый зверь лежал тихо. Позже аналитик сверил отчет.
3237,n_nn_deverbal_adjective,non_atomic_edit_count,Жаренный картофель остыл. Утром группа открыла архив.,Жареный картофель остыл. Утром группа открыла архив.
3238,n_nn_deverbal_adjective,non_atomic_edit_count,Раненный зверь лежал тихо. После встречи автор добавил подпись.,Раненый зверь лежал тихо. После встречи автор добавил подпись.
3239,n_nn_deverbal_adjective,non_atomic_edit_count,Жаренный картофель остыл. Вечером отдел закрыл вопрос.,Жареный картофель остыл. Вечером отдел закрыл вопрос.
3240,n_nn_deverbal_adjective,non_atomic_edit_count,Раненный зверь лежал тихо. Затем специалист отправил ответ.,Раненый зверь лежал тихо. Затем специалист отправил ответ.
3241,n_nn_deverbal_adjective,non_atomic_edit_count,Жаренный картофель остыл. Позже секретарь подготовил копию.,Жареный картофель остыл. Позже секретарь подготовил копию.
3242,n_nn_deverbal_adjective,non_atomic_edit_count,Раненный зверь лежал тихо. Утром редактор проверил адрес.,Раненый зверь лежал тихо. Утром редактор проверил адрес.
3243,n_nn_deverbal_adjective,non_atomic_edit_count,Жаренный картофель остыл. После звонка комиссия ждала письмо.,Жареный картофель остыл. После звонка комиссия ждала письмо.
3244,n_nn_deverbal_adjective,non_atomic_edit_count,Раненный зверь лежал тихо. Вечером автор уточнил срок.,Раненый зверь лежал тихо. Вечером автор уточнил срок.
3245,n_nn_deverbal_adjective,non_atomic_edit_count,Жаренный картофель остыл. Затем отдел сохранил файл.,Жареный картофель остыл. Затем отдел сохранил файл.
3246,n_nn_deverbal_adjective,non_atomic_edit_count,Раненный зверь лежал тихо. Позже группа приняла решение.,Раненый зверь лежал тихо. Позже группа приняла решение.
3247,n_nn_deverbal_adjective,non_atomic_edit_count,Жаренный картофель остыл. Утром служба сверила данные.,Жареный картофель остыл. Утром служба сверила данные.
3248,n_nn_deverbal_adjective,non_atomic_edit_count,Раненный зверь лежал тихо. После совещания секретарь закрыл папку.,Раненый зверь лежал тихо. После совещания секретарь закрыл папку.
3249,n_nn_deverbal_adjective,non_atomic_edit_count,Жаренный картофель остыл. Вечером специалист обновил запись.,Жареный картофель остыл. Вечером специалист обновил запись.
3250,n_nn_deverbal_adjective,non_atomic_edit_count,Раненный зверь лежал тихо. Затем редактор передал копию.,Раненый зверь лежал тихо. Затем редактор передал копию.
3251,n_nn_deverbal_adjective,non_atomic_edit_count,Жаренный картофель остыл. Позже автор открыл таблицу.,Жареный картофель остыл. Позже автор открыл таблицу.
3252,n_nn_deverbal_adjective,non_atomic_edit_count,Раненный зверь лежал тихо. Утром комиссия согласовала дату.,Раненый зверь лежал тихо. Утром комиссия согласовала дату.
3253,n_nn_deverbal_adjective,non_atomic_edit_count,Жаренный картофель остыл. После проверки отдел отправил ответ.,Жареный картофель остыл. После проверки отдел отправил ответ.
3254,n_nn_deverbal_adjective,non_atomic_edit_count,Раненный зверь лежал тихо. Вечером секретарь внес подпись.,Раненый зверь лежал тихо. Вечером секретарь внес подпись.
3255,n_nn_deverbal_adjective,non_atomic_edit_count,Жаренный картофель остыл. Затем группа закрыла журнал.,Жареный картофель остыл. Затем группа закрыла журнал.
3256,n_nn_deverbal_adjective,non_atomic_edit_count,Раненный зверь лежал тихо. Позже служба уточнила маршрут.,Раненый зверь лежал тихо. Позже служба уточнила маршрут.
3257,n_nn_deverbal_adjective,non_atomic_edit_count,Жаренный картофель остыл. Утром аналитик проверил сводку.,Жареный картофель остыл. Утром аналитик проверил сводку.
3258,n_nn_deverbal_adjective,non_atomic_edit_count,Раненный зверь лежал тихо. После обеда редактор принял письмо.,Раненый зверь лежал тихо. После обеда редактор принял письмо.
3259,n_nn_deverbal_adjective,non_atomic_edit_count,Жаренный картофель остыл. Вечером отдел обновил список.,Жареный картофель остыл. Вечером отдел обновил список.
3260,n_nn_deverbal_adjective,non_atomic_edit_count,Раненный зверь лежал тихо. Затем автор сохранил документ.,Раненый зверь лежал тихо. Затем автор сохранил документ.
3261,n_nn_deverbal_adjective,non_atomic_edit_count,Жаренный картофель остыл. Позже комиссия открыла протокол.,Жареный картофель остыл. Позже комиссия открыла протокол.
3262,n_nn_deverbal_adjective,non_atomic_edit_count,Раненный зверь лежал тихо. Утром секретарь отправил копию.,Раненый зверь лежал тихо. Утром секретарь отправил копию.
3263,n_nn_deverbal_adjective,non_atomic_edit_count,Жаренный картофель остыл. После звонка специалист уточнил срок.,Жареный картофель остыл. После звонка специалист уточнил срок.
3264,n_nn_deverbal_adjective,non_atomic_edit_count,Раненный зверь лежал тихо. Вечером группа сверила даты.,Раненый зверь лежал тихо. Вечером группа сверила даты.
3265,n_nn_deverbal_adjective,non_atomic_edit_count,Жаренный картофель остыл. Затем отдел принял письмо.,Жареный картофель остыл. Затем отдел принял письмо.
3266,n_nn_deverbal_adjective,non_atomic_edit_count,Раненный зверь лежал тихо. Позже редактор сохранил копию.,Раненый зверь лежал тихо. Позже редактор сохранил копию.
3267,n_nn_deverbal_adjective,non_atomic_edit_count,Жаренный картофель остыл. Утром комиссия вернулась к письму.,Жареный картофель остыл. Утром комиссия вернулась к письму.
3268,n_nn_deverbal_adjective,non_atomic_edit_count,Раненный зверь лежал тихо. После встречи файл остался в архиве.,Раненый зверь лежал тихо. После встречи файл остался в архиве.
3269,n_nn_deverbal_adjective,non_atomic_edit_count,Жаренный картофель остыл. Вечером автор обновил сводку.,Жареный картофель остыл. Вечером автор обновил сводку.
3270,n_nn_deverbal_adjective,non_atomic_edit_count,Раненный зверь лежал тихо. Затем группа сверила подписи.,Раненый зверь лежал тихо. Затем группа сверила подписи.
3271,n_nn_deverbal_adjective,non_atomic_edit_count,Жаренный картофель остыл. Позже служба отправила ответ.,Жареный картофель остыл. Позже служба отправила ответ.
3272,n_nn_deverbal_adjective,non_atomic_edit_count,Раненный зверь лежал тихо. Утром секретарь открыл папку.,Раненый зверь лежал тихо. Утром секретарь открыл папку.
3273,n_nn_deverbal_adjective,non_atomic_edit_count,Жаренный картофель остыл. После проверки список закрыли.,Жареный картофель остыл. После проверки список закрыли.
3274,n_nn_deverbal_adjective,non_atomic_edit_count,Раненный зверь лежал тихо. Вечером руководитель принял правки.,Раненый зверь лежал тихо. Вечером руководитель принял правки.
3275,n_nn_deverbal_adjective,non_atomic_edit_count,Жаренный картофель остыл. Затем аналитик обновил запись.,Жареный картофель остыл. Затем аналитик обновил запись.
3276,n_nn_deverbal_adjective,non_atomic_edit_count,Раненный зверь лежал тихо. Позже отдел уточнил дату.,Раненый зверь лежал тихо. Позже отдел уточнил дату.
3277,n_nn_deverbal_adjective,non_atomic_edit_count,Жаренный картофель остыл. Утром курьер принес копию.,Жареный картофель остыл. Утром курьер принес копию.
3278,n_nn_deverbal_adjective,non_atomic_edit_count,Раненный зверь лежал тихо. После обеда автор сверил данные.,Раненый зверь лежал тихо. После обеда автор сверил данные.
3279,n_nn_deverbal_adjective,non_atomic_edit_count,Жаренный картофель остыл. Вечером секретарь закрыл журнал.,Жареный картофель остыл. Вечером секретарь закрыл журнал.
3280,n_nn_deverbal_adjective,non_atomic_edit_count,Раненный зверь лежал тихо. Затем комиссия перенесла встречу.,Раненый зверь лежал тихо. Затем комиссия перенесла встречу.
3281,n_nn_deverbal_adjective,non_atomic_edit_count,Жаренный картофель остыл. Позже архивариус обновил карточку.,Жареный картофель остыл. Позже архивариус обновил карточку.
3282,n_nn_deverbal_adjective,non_atomic_edit_count,Раненный зверь лежал тихо. Утром дежурный проверил подписи.,Раненый зверь лежал тихо. Утром дежурный проверил подписи.
3283,n_nn_deverbal_adjective,non_atomic_edit_count,Жаренный картофель остыл. После звонка редактор открыл файл.,Жареный картофель остыл. После звонка редактор открыл файл.
3284,n_nn_deverbal_adjective,non_atomic_edit_count,Раненный зверь лежал тихо. Вечером группа согласовала срок.,Раненый зверь лежал тихо. Вечером группа согласовала срок.
3285,n_nn_deverbal_adjective,non_atomic_edit_count,Жаренный картофель остыл. Затем отдел отправил письмо.,Жареный картофель остыл. Затем отдел отправил письмо.
3286,n_nn_deverbal_adjective,non_atomic_edit_count,Раненный зверь лежал тихо. Позже автор поправил заголовок.,Раненый зверь лежал тихо. Позже автор поправил заголовок.
3287,n_nn_deverbal_adjective,non_atomic_edit_count,Жаренный картофель остыл. Утром команда сверила список.,Жареный картофель остыл. Утром команда сверила список.
3288,n_nn_deverbal_adjective,non_atomic_edit_count,Раненный зверь лежал тихо. После совещания документ приняли.,Раненый зверь лежал тихо. После совещания документ приняли.
3289,n_nn_deverbal_adjective,non_atomic_edit_count,Жаренный картофель остыл. Вечером сотрудник закрыл заявку.,Жареный картофель остыл. Вечером сотрудник закрыл заявку.
3290,n_nn_deverbal_adjective,non_atomic_edit_count,Раненный зверь лежал тихо. Затем редактор сохранил таблицу.,Раненый зверь лежал тихо. Затем редактор сохранил таблицу.
3291,n_nn_deverbal_adjective,non_atomic_edit_count,Жаренный картофель остыл. Позже руководитель уточнил адрес.,Жареный картофель остыл. Позже руководитель уточнил адрес.
3292,n_nn_deverbal_adjective,non_atomic_edit_count,Раненный зверь лежал тихо. Утром специалист открыл журнал.,Раненый зверь лежал тихо. Утром специалист открыл журнал.
3293,n_nn_deverbal_adjective,non_atomic_edit_count,Жаренный картофель остыл. После проверки данные совпали.,Жареный картофель остыл. После проверки данные совпали.
3294,n_nn_deverbal_adjective,non_atomic_edit_count,Раненный зверь лежал тихо. Вечером служба передала копию.,Раненый зверь лежал тихо. Вечером служба передала копию.
3295,n_nn_deverbal_adjective,non_atomic_edit_count,Жаренный картофель остыл. Затем автор подписал лист.,Жареный картофель остыл. Затем автор подписал лист.
3296,n_nn_deverbal_adjective,non_atomic_edit_count,Раненный зверь лежал тихо. Позже комиссия вернула письмо.,Раненый зверь лежал тихо. Позже комиссия вернула письмо.
3297,n_nn_deverbal_adjective,non_atomic_edit_count,Жаренный картофель остыл. Утром отдел принял заявку.,Жареный картофель остыл. Утром отдел принял заявку.
3298,n_nn_deverbal_adjective,non_atomic_edit_count,Раненный зверь лежал тихо. После обеда секретарь внес дату.,Раненый зверь лежал тихо. После обеда секретарь внес дату.
3299,n_nn_deverbal_adjective,non_atomic_edit_count,Жаренный картофель остыл. Вечером редактор проверил список.,Жареный картофель остыл. Вечером редактор проверил список.
3300,n_nn_deverbal_adjective,non_atomic_edit_count,Раненный зверь лежал тихо. Затем курьер доставил пакет.,Раненый зверь лежал тихо. Затем курьер доставил пакет.
3301,n_nn_deverbal_adjective,non_atomic_edit_count,Жаренный картофель остыл. Позже аналитик сверил отчет.,Жареный картофель остыл. Позже аналитик сверил отчет.
3302,n_nn_deverbal_adjective,non_atomic_edit_count,Раненный зверь лежал тихо. Утром группа открыла архив.,Раненый зверь лежал тихо. Утром группа открыла архив.
3303,n_nn_deverbal_adjective,non_atomic_edit_count,Жаренный картофель остыл. После встречи автор добавил подпись.,Жареный картофель остыл. После встречи автор добавил подпись.
3304,n_nn_deverbal_adjective,non_atomic_edit_count,Раненный зверь лежал тихо. Вечером отдел закрыл вопрос.,Раненый зверь лежал тихо. Вечером отдел закрыл вопрос.
3305,n_nn_deverbal_adjective,non_atomic_edit_count,Жаренный картофель остыл. Затем специалист отправил ответ.,Жареный картофель остыл. Затем специалист отправил ответ.
3306,n_nn_deverbal_adjective,non_atomic_edit_count,Раненный зверь лежал тихо. Позже секретарь подготовил копию.,Раненый зверь лежал тихо. Позже секретарь подготовил копию.
3307,n_nn_deverbal_adjective,non_atomic_edit_count,Жаренный картофель остыл. Утром редактор проверил адрес.,Жареный картофель остыл. Утром редактор проверил адрес.
3308,n_nn_deverbal_adjective,non_atomic_edit_count,Раненный зверь лежал тихо. После звонка комиссия ждала письмо.,Раненый зверь лежал тихо. После звонка комиссия ждала письмо.
3309,n_nn_deverbal_adjective,non_atomic_edit_count,Жаренный картофель остыл. Вечером автор уточнил срок.,Жареный картофель остыл. Вечером автор уточнил срок.
3310,n_nn_deverbal_adjective,non_atomic_edit_count,Раненный зверь лежал тихо. Затем отдел сохранил файл.,Раненый зверь лежал тихо. Затем отдел сохранил файл.
3311,n_nn_deverbal_adjective,non_atomic_edit_count,Жаренный картофель остыл. Позже группа приняла решение.,Жареный картофель остыл. Позже группа приняла решение.
3312,n_nn_deverbal_adjective,non_atomic_edit_count,Раненный зверь лежал тихо. Утром служба сверила данные.,Раненый зверь лежал тихо. Утром служба сверила данные.
3313,n_nn_deverbal_adjective,non_atomic_edit_count,Жаренный картофель остыл. После совещания секретарь закрыл папку.,Жареный картофель остыл. После совещания секретарь закрыл папку.
3314,n_nn_deverbal_adjective,non_atomic_edit_count,Раненный зверь лежал тихо. Вечером специалист обновил запись.,Раненый зверь лежал тихо. Вечером специалист обновил запись.
3315,n_nn_deverbal_adjective,non_atomic_edit_count,Жаренный картофель остыл. Затем редактор передал копию.,Жареный картофель остыл. Затем редактор передал копию.
3316,n_nn_deverbal_adjective,non_atomic_edit_count,Раненный зверь лежал тихо. Позже автор открыл таблицу.,Раненый зверь лежал тихо. Позже автор открыл таблицу.
3317,n_nn_deverbal_adjective,non_atomic_edit_count,Жаренный картофель остыл. Утром комиссия согласовала дату.,Жареный картофель остыл. Утром комиссия согласовала дату.
3318,n_nn_deverbal_adjective,non_atomic_edit_count,Раненный зверь лежал тихо. После проверки отдел отправил ответ.,Раненый зверь лежал тихо. После проверки отдел отправил ответ.
3319,n_nn_deverbal_adjective,non_atomic_edit_count,Жаренный картофель остыл. Вечером секретарь внес подпись.,Жареный картофель остыл. Вечером секретарь внес подпись.
3320,n_nn_deverbal_adjective,non_atomic_edit_count,Раненный зверь лежал тихо. Затем группа закрыла журнал.,Раненый зверь лежал тихо. Затем группа закрыла журнал.
3321,n_nn_deverbal_adjective,non_atomic_edit_count,Жаренный картофель остыл. Позже служба уточнила маршрут.,Жареный картофель остыл. Позже служба уточнила маршрут.
3322,n_nn_deverbal_adjective,non_atomic_edit_count,Раненный зверь лежал тихо. Утром аналитик проверил сводку.,Раненый зверь лежал тихо. Утром аналитик проверил сводку.
3323,n_nn_deverbal_adjective,non_atomic_edit_count,Жаренный картофель остыл. После обеда редактор принял письмо.,Жареный картофель остыл. После обеда редактор принял письмо.
3324,n_nn_deverbal_adjective,non_atomic_edit_count,Раненный зверь лежал тихо. Вечером отдел обновил список.,Раненый зверь лежал тихо. Вечером отдел обновил список.
3325,n_nn_deverbal_adjective,non_atomic_edit_count,Жаренный картофель остыл. Затем автор сохранил документ.,Жареный картофель остыл. Затем автор сохранил документ.
3326,n_nn_deverbal_adjective,non_atomic_edit_count,Раненный зверь лежал тихо. Позже комиссия открыла протокол.,Раненый зверь лежал тихо. Позже комиссия открыла протокол.
3327,n_nn_deverbal_adjective,non_atomic_edit_count,Жаренный картофель остыл. Утром секретарь отправил копию.,Жареный картофель остыл. Утром секретарь отправил копию.
3328,n_nn_deverbal_adjective,non_atomic_edit_count,Раненный зверь лежал тихо. После звонка специалист уточнил срок.,Раненый зверь лежал тихо. После звонка специалист уточнил срок.
3329,n_nn_deverbal_adjective,non_atomic_edit_count,Жаренный картофель остыл. Вечером группа сверила даты.,Жареный картофель остыл. Вечером группа сверила даты.
3330,n_nn_deverbal_adjective,non_atomic_edit_count,Раненный зверь лежал тихо. Затем отдел принял письмо.,Раненый зверь лежал тихо. Затем отдел принял письмо.
3343,n_nn_participle,non_atomic_edit_count,"США заплатили Китаю 4,5 миллиона долларов за ""ошибочную бомбардировку"" Соединненные Штаты заплатили Китаю 4,5 миллиона долларов в качестве компенсации за бомбардировку китайского посольства в Белграде.","США заплатили Китаю 4,5 миллиона долларов за ""ошибочную бомбардировку"" Соединенные Штаты заплатили Китаю 4,5 миллиона долларов в качестве компенсации за бомбардировку китайского посольства в Белграде."
3348,n_nn_participle,non_atomic_edit_count,"Восточный Тимор после референдума: анархия и стрельба Вооруженые отряды из проправительственной восточнотиморской милиции ""Аитарак"" (""Шип"") устроили сегодня стрельбу у штаб-квартиры Миссии ООН в Восточном Тиморе.","Восточный Тимор после референдума: анархия и стрельба Вооруженные отряды из проправительственной восточнотиморской милиции ""Аитарак"" (""Шип"") устроили сегодня стрельбу у штаб-квартиры Миссии ООН в Восточном Тиморе."
3350,n_nn_participle,non_atomic_edit_count,"Возвращеные колокола являются частью колокольной группы из семи колоколов, подаренных собору в 1888 году российским императором Александром Третьим.","Возвращенные колокола являются частью колокольной группы из семи колоколов, подаренных собору в 1888 году российским императором Александром Третьим."
3353,n_nn_participle,non_atomic_edit_count,Жареный на масле картофель остыл. Позже редактор сохранил копию.,Жаренный на масле картофель остыл. Позже редактор сохранил копию.
3354,n_nn_participle,non_atomic_edit_count,Раненый утром солдат вернулся. Утром комиссия вернулась к письму.,Раненный утром солдат вернулся. Утром комиссия вернулась к письму.
3355,n_nn_participle,non_atomic_edit_count,Жареный на масле картофель остыл. После встречи файл остался в архиве.,Жаренный на масле картофель остыл. После встречи файл остался в архиве.
3356,n_nn_participle,non_atomic_edit_count,Раненый утром солдат вернулся. Вечером автор обновил сводку.,Раненный утром солдат вернулся. Вечером автор обновил сводку.
3357,n_nn_participle,non_atomic_edit_count,Жареный на масле картофель остыл. Затем группа сверила подписи.,Жаренный на масле картофель остыл. Затем группа сверила подписи.
3358,n_nn_participle,non_atomic_edit_count,Раненый утром солдат вернулся. Позже служба отправила ответ.,Раненный утром солдат вернулся. Позже служба отправила ответ.
3359,n_nn_participle,non_atomic_edit_count,Жареный на масле картофель остыл. Утром секретарь открыл папку.,Жаренный на масле картофель остыл. Утром секретарь открыл папку.
3360,n_nn_participle,non_atomic_edit_count,Раненый утром солдат вернулся. После проверки список закрыли.,Раненный утром солдат вернулся. После проверки список закрыли.
3361,n_nn_participle,non_atomic_edit_count,Жареный на масле картофель остыл. Вечером руководитель принял правки.,Жаренный на масле картофель остыл. Вечером руководитель принял правки.
3362,n_nn_participle,non_atomic_edit_count,Раненый утром солдат вернулся. Затем аналитик обновил запись.,Раненный утром солдат вернулся. Затем аналитик обновил запись.
3363,n_nn_participle,non_atomic_edit_count,Жареный на масле картофель остыл. Позже отдел уточнил дату.,Жаренный на масле картофель остыл. Позже отдел уточнил дату.
3364,n_nn_participle,non_atomic_edit_count,Раненый утром солдат вернулся. Утром курьер принес копию.,Раненный утром солдат вернулся. Утром курьер принес копию.
3365,n_nn_participle,non_atomic_edit_count,Жареный на масле картофель остыл. После обеда автор сверил данные.,Жаренный на масле картофель остыл. После обеда автор сверил данные.
3366,n_nn_participle,non_atomic_edit_count,Раненый утром солдат вернулся. Вечером секретарь закрыл журнал.,Раненный утром солдат вернулся. Вечером секретарь закрыл журнал.
3367,n_nn_participle,non_atomic_edit_count,Жареный на масле картофель остыл. Затем комиссия перенесла встречу.,Жаренный на масле картофель остыл. Затем комиссия перенесла встречу.
3368,n_nn_participle,non_atomic_edit_count,Раненый утром солдат вернулся. Позже архивариус обновил карточку.,Раненный утром солдат вернулся. Позже архивариус обновил карточку.
3369,n_nn_participle,non_atomic_edit_count,Жареный на масле картофель остыл. Утром дежурный проверил подписи.,Жаренный на масле картофель остыл. Утром дежурный проверил подписи.
3370,n_nn_participle,non_atomic_edit_count,Раненый утром солдат вернулся. После звонка редактор открыл файл.,Раненный утром солдат вернулся. После звонка редактор открыл файл.
3371,n_nn_participle,non_atomic_edit_count,Жареный на масле картофель остыл. Вечером группа согласовала срок.,Жаренный на масле картофель остыл. Вечером группа согласовала срок.
3372,n_nn_participle,non_atomic_edit_count,Раненый утром солдат вернулся. Затем отдел отправил письмо.,Раненный утром солдат вернулся. Затем отдел отправил письмо.
3373,n_nn_participle,non_atomic_edit_count,Жареный на масле картофель остыл. Позже автор поправил заголовок.,Жаренный на масле картофель остыл. Позже автор поправил заголовок.
3374,n_nn_participle,non_atomic_edit_count,Раненый утром солдат вернулся. Утром команда сверила список.,Раненный утром солдат вернулся. Утром команда сверила список.
3375,n_nn_participle,non_atomic_edit_count,Жареный на масле картофель остыл. После совещания документ приняли.,Жаренный на масле картофель остыл. После совещания документ приняли.
3376,n_nn_participle,non_atomic_edit_count,Раненый утром солдат вернулся. Вечером сотрудник закрыл заявку.,Раненный утром солдат вернулся. Вечером сотрудник закрыл заявку.
3377,n_nn_participle,non_atomic_edit_count,Жареный на масле картофель остыл. Затем редактор сохранил таблицу.,Жаренный на масле картофель остыл. Затем редактор сохранил таблицу.
3378,n_nn_participle,non_atomic_edit_count,Раненый утром солдат вернулся. Позже руководитель уточнил адрес.,Раненный утром солдат вернулся. Позже руководитель уточнил адрес.
3379,n_nn_participle,non_atomic_edit_count,Жареный на масле картофель остыл. Утром специалист открыл журнал.,Жаренный на масле картофель остыл. Утром специалист открыл журнал.
3380,n_nn_participle,non_atomic_edit_count,Раненый утром солдат вернулся. После проверки данные совпали.,Раненный утром солдат вернулся. После проверки данные совпали.
3381,n_nn_participle,non_atomic_edit_count,Жареный на масле картофель остыл. Вечером служба передала копию.,Жаренный на масле картофель остыл. Вечером служба передала копию.
3382,n_nn_participle,non_atomic_edit_count,Раненый утром солдат вернулся. Затем автор подписал лист.,Раненный утром солдат вернулся. Затем автор подписал лист.
3383,n_nn_participle,non_atomic_edit_count,Жареный на масле картофель остыл. Позже комиссия вернула письмо.,Жаренный на масле картофель остыл. Позже комиссия вернула письмо.
3384,n_nn_participle,non_atomic_edit_count,Раненый утром солдат вернулся. Утром отдел принял заявку.,Раненный утром солдат вернулся. Утром отдел принял заявку.
3385,n_nn_participle,non_atomic_edit_count,Жареный на масле картофель остыл. После обеда секретарь внес дату.,Жаренный на масле картофель остыл. После обеда секретарь внес дату.
3386,n_nn_participle,non_atomic_edit_count,Раненый утром солдат вернулся. Вечером редактор проверил список.,Раненный утром солдат вернулся. Вечером редактор проверил список.
3387,n_nn_participle,non_atomic_edit_count,Жареный на масле картофель остыл. Затем курьер доставил пакет.,Жаренный на масле картофель остыл. Затем курьер доставил пакет.
3388,n_nn_participle,non_atomic_edit_count,Раненый утром солдат вернулся. Позже аналитик сверил отчет.,Раненный утром солдат вернулся. Позже аналитик сверил отчет.
3389,n_nn_participle,non_atomic_edit_count,Жареный на масле картофель остыл. Утром группа открыла архив.,Жаренный на масле картофель остыл. Утром группа открыла архив.
3390,n_nn_participle,non_atomic_edit_count,Раненый утром солдат вернулся. После встречи автор добавил подпись.,Раненный утром солдат вернулся. После встречи автор добавил подпись.
3391,n_nn_participle,non_atomic_edit_count,Жареный на масле картофель остыл. Вечером отдел закрыл вопрос.,Жаренный на масле картофель остыл. Вечером отдел закрыл вопрос.
3392,n_nn_participle,non_atomic_edit_count,Раненый утром солдат вернулся. Затем специалист отправил ответ.,Раненный утром солдат вернулся. Затем специалист отправил ответ.
3393,n_nn_participle,non_atomic_edit_count,Жареный на масле картофель остыл. Позже секретарь подготовил копию.,Жаренный на масле картофель остыл. Позже секретарь подготовил копию.
3394,n_nn_participle,non_atomic_edit_count,Раненый утром солдат вернулся. Утром редактор проверил адрес.,Раненный утром солдат вернулся. Утром редактор проверил адрес.
3395,n_nn_participle,non_atomic_edit_count,Жареный на масле картофель остыл. После звонка комиссия ждала письмо.,Жаренный на масле картофель остыл. После звонка комиссия ждала письмо.
3396,n_nn_participle,non_atomic_edit_count,Раненый утром солдат вернулся. Вечером автор уточнил срок.,Раненный утром солдат вернулся. Вечером автор уточнил срок.
3397,n_nn_participle,non_atomic_edit_count,Жареный на масле картофель остыл. Затем отдел сохранил файл.,Жаренный на масле картофель остыл. Затем отдел сохранил файл.
3398,n_nn_participle,non_atomic_edit_count,Раненый утром солдат вернулся. Позже группа приняла решение.,Раненный утром солдат вернулся. Позже группа приняла решение.
3399,n_nn_participle,non_atomic_edit_count,Жареный на масле картофель остыл. Утром служба сверила данные.,Жаренный на масле картофель остыл. Утром служба сверила данные.
3400,n_nn_participle,non_atomic_edit_count,Раненый утром солдат вернулся. После совещания секретарь закрыл папку.,Раненный утром солдат вернулся. После совещания секретарь закрыл папку.
3401,n_nn_participle,non_atomic_edit_count,Жареный на масле картофель остыл. Вечером специалист обновил запись.,Жаренный на масле картофель остыл. Вечером специалист обновил запись.
3402,n_nn_participle,non_atomic_edit_count,Раненый утром солдат вернулся. Затем редактор передал копию.,Раненный утром солдат вернулся. Затем редактор передал копию.
3403,n_nn_participle,non_atomic_edit_count,Жареный на масле картофель остыл. Позже автор открыл таблицу.,Жаренный на масле картофель остыл. Позже автор открыл таблицу.
3404,n_nn_participle,non_atomic_edit_count,Раненый утром солдат вернулся. Утром комиссия согласовала дату.,Раненный утром солдат вернулся. Утром комиссия согласовала дату.
3405,n_nn_participle,non_atomic_edit_count,Жареный на масле картофель остыл. После проверки отдел отправил ответ.,Жаренный на масле картофель остыл. После проверки отдел отправил ответ.
3406,n_nn_participle,non_atomic_edit_count,Раненый утром солдат вернулся. Вечером секретарь внес подпись.,Раненный утром солдат вернулся. Вечером секретарь внес подпись.
3407,n_nn_participle,non_atomic_edit_count,Жареный на масле картофель остыл. Затем группа закрыла журнал.,Жаренный на масле картофель остыл. Затем группа закрыла журнал.
3408,n_nn_participle,non_atomic_edit_count,Раненый утром солдат вернулся. Позже служба уточнила маршрут.,Раненный утром солдат вернулся. Позже служба уточнила маршрут.
3409,n_nn_participle,non_atomic_edit_count,Жареный на масле картофель остыл. Утром аналитик проверил сводку.,Жаренный на масле картофель остыл. Утром аналитик проверил сводку.
3410,n_nn_participle,non_atomic_edit_count,Раненый утром солдат вернулся. После обеда редактор принял письмо.,Раненный утром солдат вернулся. После обеда редактор принял письмо.
3411,n_nn_participle,non_atomic_edit_count,Жареный на масле картофель остыл. Вечером отдел обновил список.,Жаренный на масле картофель остыл. Вечером отдел обновил список.
3412,n_nn_participle,non_atomic_edit_count,Раненый утром солдат вернулся. Затем автор сохранил документ.,Раненный утром солдат вернулся. Затем автор сохранил документ.
3413,n_nn_participle,non_atomic_edit_count,Жареный на масле картофель остыл. Позже комиссия открыла протокол.,Жаренный на масле картофель остыл. Позже комиссия открыла протокол.
3414,n_nn_participle,non_atomic_edit_count,Раненый утром солдат вернулся. Утром секретарь отправил копию.,Раненный утром солдат вернулся. Утром секретарь отправил копию.
3415,n_nn_participle,non_atomic_edit_count,Жареный на масле картофель остыл. После звонка специалист уточнил срок.,Жаренный на масле картофель остыл. После звонка специалист уточнил срок.
3416,n_nn_participle,non_atomic_edit_count,Раненый утром солдат вернулся. Вечером группа сверила даты.,Раненный утром солдат вернулся. Вечером группа сверила даты.
3417,n_nn_participle,non_atomic_edit_count,Жареный на масле картофель остыл. Затем отдел принял письмо.,Жаренный на масле картофель остыл. Затем отдел принял письмо.
3418,n_nn_participle,non_atomic_edit_count,Раненый утром солдат вернулся. Позже редактор сохранил копию.,Раненный утром солдат вернулся. Позже редактор сохранил копию.
3419,n_nn_participle,non_atomic_edit_count,Жареный на масле картофель остыл. Утром комиссия вернулась к письму.,Жаренный на масле картофель остыл. Утром комиссия вернулась к письму.
3420,n_nn_participle,non_atomic_edit_count,Раненый утром солдат вернулся. После встречи файл остался в архиве.,Раненный утром солдат вернулся. После встречи файл остался в архиве.
3421,n_nn_participle,non_atomic_edit_count,Жареный на масле картофель остыл. Вечером автор обновил сводку.,Жаренный на масле картофель остыл. Вечером автор обновил сводку.
3422,n_nn_participle,non_atomic_edit_count,Раненый утром солдат вернулся. Затем группа сверила подписи.,Раненный утром солдат вернулся. Затем группа сверила подписи.
3423,n_nn_participle,non_atomic_edit_count,Жареный на масле картофель остыл. Позже служба отправила ответ.,Жаренный на масле картофель остыл. Позже служба отправила ответ.
3424,n_nn_participle,non_atomic_edit_count,Раненый утром солдат вернулся. Утром секретарь открыл папку.,Раненный утром солдат вернулся. Утром секретарь открыл папку.
3425,n_nn_participle,non_atomic_edit_count,Жареный на масле картофель остыл. После проверки список закрыли.,Жаренный на масле картофель остыл. После проверки список закрыли.
3426,n_nn_participle,non_atomic_edit_count,Раненый утром солдат вернулся. Вечером руководитель принял правки.,Раненный утром солдат вернулся. Вечером руководитель принял правки.
3427,n_nn_participle,non_atomic_edit_count,Жареный на масле картофель остыл. Затем аналитик обновил запись.,Жаренный на масле картофель остыл. Затем аналитик обновил запись.
3428,n_nn_participle,non_atomic_edit_count,Раненый утром солдат вернулся. Позже отдел уточнил дату.,Раненный утром солдат вернулся. Позже отдел уточнил дату.
3429,n_nn_participle,non_atomic_edit_count,Жареный на масле картофель остыл. Утром курьер принес копию.,Жаренный на масле картофель остыл. Утром курьер принес копию.
3430,n_nn_participle,non_atomic_edit_count,Раненый утром солдат вернулся. После обеда автор сверил данные.,Раненный утром солдат вернулся. После обеда автор сверил данные.
3431,n_nn_participle,non_atomic_edit_count,Жареный на масле картофель остыл. Вечером секретарь закрыл журнал.,Жаренный на масле картофель остыл. Вечером секретарь закрыл журнал.
3432,n_nn_participle,non_atomic_edit_count,Раненый утром солдат вернулся. Затем комиссия перенесла встречу.,Раненный утром солдат вернулся. Затем комиссия перенесла встречу.
3433,n_nn_participle,non_atomic_edit_count,Жареный на масле картофель остыл. Позже архивариус обновил карточку.,Жаренный на масле картофель остыл. Позже архивариус обновил карточку.
3434,n_nn_participle,non_atomic_edit_count,Раненый утром солдат вернулся. Утром дежурный проверил подписи.,Раненный утром солдат вернулся. Утром дежурный проверил подписи.
3435,n_nn_participle,non_atomic_edit_count,Жареный на масле картофель остыл. После звонка редактор открыл файл.,Жаренный на масле картофель остыл. После звонка редактор открыл файл.
3436,n_nn_participle,non_atomic_edit_count,Раненый утром солдат вернулся. Вечером группа согласовала срок.,Раненный утром солдат вернулся. Вечером группа согласовала срок.
3437,n_nn_participle,non_atomic_edit_count,Жареный на масле картофель остыл. Затем отдел отправил письмо.,Жаренный на масле картофель остыл. Затем отдел отправил письмо.
3438,n_nn_participle,non_atomic_edit_count,Раненый утром солдат вернулся. Позже автор поправил заголовок.,Раненный утром солдат вернулся. Позже автор поправил заголовок.
3439,n_nn_participle,non_atomic_edit_count,Жареный на масле картофель остыл. Утром команда сверила список.,Жаренный на масле картофель остыл. Утром команда сверила список.
3440,n_nn_participle,non_atomic_edit_count,Раненый утром солдат вернулся. После совещания документ приняли.,Раненный утром солдат вернулся. После совещания документ приняли.
3441,n_nn_participle,non_atomic_edit_count,Жареный на масле картофель остыл. Вечером сотрудник закрыл заявку.,Жаренный на масле картофель остыл. Вечером сотрудник закрыл заявку.
3442,n_nn_participle,non_atomic_edit_count,Раненый утром солдат вернулся. Затем редактор сохранил таблицу.,Раненный утром солдат вернулся. Затем редактор сохранил таблицу.
3443,n_nn_participle,non_atomic_edit_count,Жареный на масле картофель остыл. Позже руководитель уточнил адрес.,Жаренный на масле картофель остыл. Позже руководитель уточнил адрес.
3444,n_nn_participle,non_atomic_edit_count,Раненый утром солдат вернулся. Утром специалист открыл журнал.,Раненный утром солдат вернулся. Утром специалист открыл журнал.
3445,n_nn_participle,non_atomic_edit_count,Жареный на масле картофель остыл. После проверки данные совпали.,Жаренный на масле картофель остыл. После проверки данные совпали.
3446,n_nn_participle,non_atomic_edit_count,Раненый утром солдат вернулся. Вечером служба передала копию.,Раненный утром солдат вернулся. Вечером служба передала копию.
3447,n_nn_participle,non_atomic_edit_count,Жареный на масле картофель остыл. Затем автор подписал лист.,Жаренный на масле картофель остыл. Затем автор подписал лист.
3448,n_nn_participle,non_atomic_edit_count,Раненый утром солдат вернулся. Позже комиссия вернула письмо.,Раненный утром солдат вернулся. Позже комиссия вернула письмо.
3449,n_nn_participle,non_atomic_edit_count,Жареный на масле картофель остыл. Утром отдел принял заявку.,Жаренный на масле картофель остыл. Утром отдел принял заявку.
3450,n_nn_participle,non_atomic_edit_count,Раненый утром солдат вернулся. После обеда секретарь внес дату.,Раненный утром солдат вернулся. После обеда секретарь внес дату.
3451,n_nn_participle,non_atomic_edit_count,Жареный на масле картофель остыл. Вечером редактор проверил список.,Жаренный на масле картофель остыл. Вечером редактор проверил список.
3452,n_nn_participle,non_atomic_edit_count,Раненый утром солдат вернулся. Затем курьер доставил пакет.,Раненный утром солдат вернулся. Затем курьер доставил пакет.
3453,n_nn_participle,non_atomic_edit_count,Жареный на масле картофель остыл. Позже аналитик сверил отчет.,Жаренный на масле картофель остыл. Позже аналитик сверил отчет.
3454,n_nn_participle,non_atomic_edit_count,Раненый утром солдат вернулся. Утром группа открыла архив.,Раненный утром солдат вернулся. Утром группа открыла архив.
3455,n_nn_participle,non_atomic_edit_count,Жареный на масле картофель остыл. После встречи автор добавил подпись.,Жаренный на масле картофель остыл. После встречи автор добавил подпись.
3456,n_nn_participle,non_atomic_edit_count,Раненый утром солдат вернулся. Вечером отдел закрыл вопрос.,Раненный утром солдат вернулся. Вечером отдел закрыл вопрос.
3457,n_nn_participle,non_atomic_edit_count,Жареный на масле картофель остыл. Затем специалист отправил ответ.,Жаренный на масле картофель остыл. Затем специалист отправил ответ.
3458,n_nn_participle,non_atomic_edit_count,Раненый утром солдат вернулся. Позже секретарь подготовил копию.,Раненный утром солдат вернулся. Позже секретарь подготовил копию.
3459,n_nn_participle,non_atomic_edit_count,Жареный на масле картофель остыл. Утром редактор проверил адрес.,Жаренный на масле картофель остыл. Утром редактор проверил адрес.
3460,n_nn_participle,non_atomic_edit_count,Раненый утром солдат вернулся. После звонка комиссия ждала письмо.,Раненный утром солдат вернулся. После звонка комиссия ждала письмо.
3461,n_nn_participle,non_atomic_edit_count,Жареный на масле картофель остыл. Вечером автор уточнил срок.,Жаренный на масле картофель остыл. Вечером автор уточнил срок.
3462,n_nn_participle,non_atomic_edit_count,Раненый утром солдат вернулся. Затем отдел сохранил файл.,Раненный утром солдат вернулся. Затем отдел сохранил файл.
3463,n_nn_participle,non_atomic_edit_count,Жареный на масле картофель остыл. Позже группа приняла решение.,Жаренный на масле картофель остыл. Позже группа приняла решение.
3464,n_nn_participle,non_atomic_edit_count,Раненый утром солдат вернулся. Утром служба сверила данные.,Раненный утром солдат вернулся. Утром служба сверила данные.
3465,n_nn_participle,non_atomic_edit_count,Жареный на масле картофель остыл. После совещания секретарь закрыл папку.,Жаренный на масле картофель остыл. После совещания секретарь закрыл папку.
3466,n_nn_participle,non_atomic_edit_count,Раненый утром солдат вернулся. Вечером специалист обновил запись.,Раненный утром солдат вернулся. Вечером специалист обновил запись.
3467,n_nn_participle,non_atomic_edit_count,Жареный на масле картофель остыл. Затем редактор передал копию.,Жаренный на масле картофель остыл. Затем редактор передал копию.
3468,n_nn_participle,non_atomic_edit_count,Раненый утром солдат вернулся. Позже автор открыл таблицу.,Раненный утром солдат вернулся. Позже автор открыл таблицу.
3469,n_nn_participle,non_atomic_edit_count,Жареный на масле картофель остыл. Утром комиссия согласовала дату.,Жаренный на масле картофель остыл. Утром комиссия согласовала дату.
3470,n_nn_participle,non_atomic_edit_count,Раненый утром солдат вернулся. После проверки отдел отправил ответ.,Раненный утром солдат вернулся. После проверки отдел отправил ответ.
3471,n_nn_participle,non_atomic_edit_count,Жареный на масле картофель остыл. Вечером секретарь внес подпись.,Жаренный на масле картофель остыл. Вечером секретарь внес подпись.
3472,n_nn_participle,non_atomic_edit_count,Раненый утром солдат вернулся. Затем группа закрыла журнал.,Раненный утром солдат вернулся. Затем группа закрыла журнал.
3473,n_nn_participle,non_atomic_edit_count,Жареный на масле картофель остыл. Позже служба уточнила маршрут.,Жаренный на масле картофель остыл. Позже служба уточнила маршрут.
3474,n_nn_participle,non_atomic_edit_count,Раненый утром солдат вернулся. Утром аналитик проверил сводку.,Раненный утром солдат вернулся. Утром аналитик проверил сводку.
3475,n_nn_participle,non_atomic_edit_count,Жареный на масле картофель остыл. После обеда редактор принял письмо.,Жаренный на масле картофель остыл. После обеда редактор принял письмо.
3476,n_nn_participle,non_atomic_edit_count,Раненый утром солдат вернулся. Вечером отдел обновил список.,Раненный утром солдат вернулся. Вечером отдел обновил список.
3477,n_nn_participle,non_atomic_edit_count,Жареный на масле картофель остыл. Затем автор сохранил документ.,Жаренный на масле картофель остыл. Затем автор сохранил документ.
3478,n_nn_participle,non_atomic_edit_count,Раненый утром солдат вернулся. Позже комиссия открыла протокол.,Раненный утром солдат вернулся. Позже комиссия открыла протокол.
3479,n_nn_participle,non_atomic_edit_count,Жареный на масле картофель остыл. Утром секретарь отправил копию.,Жаренный на масле картофель остыл. Утром секретарь отправил копию.
3480,n_nn_participle,non_atomic_edit_count,Раненый утром солдат вернулся. После звонка специалист уточнил срок.,Раненный утром солдат вернулся. После звонка специалист уточнил срок.
3481,n_nn_participle,non_atomic_edit_count,Жареный на масле картофель остыл. Вечером группа сверила даты.,Жаренный на масле картофель остыл. Вечером группа сверила даты.
3482,n_nn_participle,non_atomic_edit_count,Раненый утром солдат вернулся. Затем отдел принял письмо.,Раненный утром солдат вернулся. Затем отдел принял письмо.
3486,n_nn_short_form,strict_validator_rejected,"За прошедшие сутки инженерными подразделениями обезвреженно29 мин, 18 артиллерийских снарядов, 1 авиабомба и 113 гранат.","За прошедшие сутки инженерными подразделениями обезврежено29 мин, 18 артиллерийских снарядов, 1 авиабомба и 113 гранат."
3488,n_nn_short_form,target_quality_failed,"Россия!"" разбрасывавших оттуда листовки, квалифицированны правоохранительными органами Украины как злостное хулиганство.","Россия!"" разбрасывавших оттуда листовки, квалифицированы правоохранительными органами Украины как злостное хулиганство."
3519,ne_adjective,strict_validator_rejected,Автор сделал неверный вывод утром. Утром комиссия вернулась к письму.,Автор сделал не верный вывод утром. Утром комиссия вернулась к письму.
3521,ne_adjective,strict_validator_rejected,Автор сделал неверный вывод утром. Вечером автор обновил сводку.,Автор сделал не верный вывод утром. Вечером автор обновил сводку.
3523,ne_adjective,strict_validator_rejected,Автор сделал неверный вывод утром. Позже служба отправила ответ.,Автор сделал не верный вывод утром. Позже служба отправила ответ.
3525,ne_adjective,strict_validator_rejected,Автор сделал неверный вывод утром. После проверки список закрыли.,Автор сделал не верный вывод утром. После проверки список закрыли.
3527,ne_adjective,strict_validator_rejected,Автор сделал неверный вывод утром. Затем аналитик обновил запись.,Автор сделал не верный вывод утром. Затем аналитик обновил запись.
3529,ne_adjective,strict_validator_rejected,Автор сделал неверный вывод утром. Утром курьер принес копию.,Автор сделал не верный вывод утром. Утром курьер принес копию.
3531,ne_adjective,strict_validator_rejected,Автор сделал неверный вывод утром. Вечером секретарь закрыл журнал.,Автор сделал не верный вывод утром. Вечером секретарь закрыл журнал.
3533,ne_adjective,strict_validator_rejected,Автор сделал неверный вывод утром. Позже архивариус обновил карточку.,Автор сделал не верный вывод утром. Позже архивариус обновил карточку.
3535,ne_adjective,strict_validator_rejected,Автор сделал неверный вывод утром. После звонка редактор открыл файл.,Автор сделал не верный вывод утром. После звонка редактор открыл файл.
3537,ne_adjective,strict_validator_rejected,Автор сделал неверный вывод утром. Затем отдел отправил письмо.,Автор сделал не верный вывод утром. Затем отдел отправил письмо.
3539,ne_adjective,strict_validator_rejected,Автор сделал неверный вывод утром. Утром команда сверила список.,Автор сделал не верный вывод утром. Утром команда сверила список.
3541,ne_adjective,strict_validator_rejected,Автор сделал неверный вывод утром. Вечером сотрудник закрыл заявку.,Автор сделал не верный вывод утром. Вечером сотрудник закрыл заявку.
3543,ne_adjective,strict_validator_rejected,Автор сделал неверный вывод утром. Позже руководитель уточнил адрес.,Автор сделал не верный вывод утром. Позже руководитель уточнил адрес.
3545,ne_adjective,strict_validator_rejected,Автор сделал неверный вывод утром. После проверки данные совпали.,Автор сделал не верный вывод утром. После проверки данные совпали.
3547,ne_adjective,strict_validator_rejected,Автор сделал неверный вывод утром. Затем автор подписал лист.,Автор сделал не верный вывод утром. Затем автор подписал лист.
3549,ne_adjective,strict_validator_rejected,Автор сделал неверный вывод утром. Утром отдел принял заявку.,Автор сделал не верный вывод утром. Утром отдел принял заявку.
3551,ne_adjective,strict_validator_rejected,Автор сделал неверный вывод утром. Вечером редактор проверил список.,Автор сделал не верный вывод утром. Вечером редактор проверил список.
3553,ne_adjective,strict_validator_rejected,Автор сделал неверный вывод утром. Позже аналитик сверил отчет.,Автор сделал не верный вывод утром. Позже аналитик сверил отчет.
3555,ne_adjective,strict_validator_rejected,Автор сделал неверный вывод утром. После встречи автор добавил подпись.,Автор сделал не верный вывод утром. После встречи автор добавил подпись.
3557,ne_adjective,strict_validator_rejected,Автор сделал неверный вывод утром. Затем специалист отправил ответ.,Автор сделал не верный вывод утром. Затем специалист отправил ответ.
3559,ne_adjective,strict_validator_rejected,Автор сделал неверный вывод утром. Утром редактор проверил адрес.,Автор сделал не верный вывод утром. Утром редактор проверил адрес.
3561,ne_adjective,strict_validator_rejected,Автор сделал неверный вывод утром. Вечером автор уточнил срок.,Автор сделал не верный вывод утром. Вечером автор уточнил срок.
3563,ne_adjective,strict_validator_rejected,Автор сделал неверный вывод утром. Позже группа приняла решение.,Автор сделал не верный вывод утром. Позже группа приняла решение.
3565,ne_adjective,strict_validator_rejected,Автор сделал неверный вывод утром. После совещания секретарь закрыл папку.,Автор сделал не верный вывод утром. После совещания секретарь закрыл папку.
3567,ne_adjective,strict_validator_rejected,Автор сделал неверный вывод утром. Затем редактор передал копию.,Автор сделал не верный вывод утром. Затем редактор передал копию.
3569,ne_adjective,strict_validator_rejected,Автор сделал неверный вывод утром. Утром комиссия согласовала дату.,Автор сделал не верный вывод утром. Утром комиссия согласовала дату.
3571,ne_adjective,strict_validator_rejected,Автор сделал неверный вывод утром. Вечером секретарь внес подпись.,Автор сделал не верный вывод утром. Вечером секретарь внес подпись.
3573,ne_adjective,strict_validator_rejected,Автор сделал неверный вывод утром. Позже служба уточнила маршрут.,Автор сделал не верный вывод утром. Позже служба уточнила маршрут.
3575,ne_adjective,strict_validator_rejected,Автор сделал неверный вывод утром. После обеда редактор принял письмо.,Автор сделал не верный вывод утром. После обеда редактор принял письмо.
3577,ne_adjective,strict_validator_rejected,Автор сделал неверный вывод утром. Затем автор сохранил документ.,Автор сделал не верный вывод утром. Затем автор сохранил документ.
3579,ne_adjective,strict_validator_rejected,Автор сделал неверный вывод утром. Утром секретарь отправил копию.,Автор сделал не верный вывод утром. Утром секретарь отправил копию.
3581,ne_adjective,strict_validator_rejected,Автор сделал неверный вывод утром. Вечером группа сверила даты.,Автор сделал не верный вывод утром. Вечером группа сверила даты.
3583,ne_adjective,strict_validator_rejected,Автор сделал неверный вывод утром. Позже редактор сохранил копию.,Автор сделал не верный вывод утром. Позже редактор сохранил копию.
3585,ne_adjective,strict_validator_rejected,Автор сделал неверный вывод утром. После встречи файл остался в архиве.,Автор сделал не верный вывод утром. После встречи файл остался в архиве.
3587,ne_adjective,strict_validator_rejected,Автор сделал неверный вывод утром. Затем группа сверила подписи.,Автор сделал не верный вывод утром. Затем группа сверила подписи.
3589,ne_adjective,strict_validator_rejected,Автор сделал неверный вывод утром. Утром секретарь открыл папку.,Автор сделал не верный вывод утром. Утром секретарь открыл папку.
3591,ne_adjective,strict_validator_rejected,Автор сделал неверный вывод утром. Вечером руководитель принял правки.,Автор сделал не верный вывод утром. Вечером руководитель принял правки.
3593,ne_adjective,strict_validator_rejected,Автор сделал неверный вывод утром. Позже отдел уточнил дату.,Автор сделал не верный вывод утром. Позже отдел уточнил дату.
3595,ne_adjective,strict_validator_rejected,Автор сделал неверный вывод утром. После обеда автор сверил данные.,Автор сделал не верный вывод утром. После обеда автор сверил данные.
3597,ne_adjective,strict_validator_rejected,Автор сделал неверный вывод утром. Затем комиссия перенесла встречу.,Автор сделал не верный вывод утром. Затем комиссия перенесла встречу.
3599,ne_adjective,strict_validator_rejected,Автор сделал неверный вывод утром. Утром дежурный проверил подписи.,Автор сделал не верный вывод утром. Утром дежурный проверил подписи.
3601,ne_adjective,strict_validator_rejected,Автор сделал неверный вывод утром. Вечером группа согласовала срок.,Автор сделал не верный вывод утром. Вечером группа согласовала срок.
3603,ne_adjective,strict_validator_rejected,Автор сделал неверный вывод утром. Позже автор поправил заголовок.,Автор сделал не верный вывод утром. Позже автор поправил заголовок.
3605,ne_adjective,strict_validator_rejected,Автор сделал неверный вывод утром. После совещания документ приняли.,Автор сделал не верный вывод утром. После совещания документ приняли.
3607,ne_adjective,strict_validator_rejected,Автор сделал неверный вывод утром. Затем редактор сохранил таблицу.,Автор сделал не верный вывод утром. Затем редактор сохранил таблицу.
3609,ne_adjective,strict_validator_rejected,Автор сделал неверный вывод утром. Утром специалист открыл журнал.,Автор сделал не верный вывод утром. Утром специалист открыл журнал.
3611,ne_adjective,strict_validator_rejected,Автор сделал неверный вывод утром. Вечером служба передала копию.,Автор сделал не верный вывод утром. Вечером служба передала копию.
3613,ne_adjective,strict_validator_rejected,Автор сделал неверный вывод утром. Позже комиссия вернула письмо.,Автор сделал не верный вывод утром. Позже комиссия вернула письмо.
3615,ne_adjective,strict_validator_rejected,Автор сделал неверный вывод утром. После обеда секретарь внес дату.,Автор сделал не верный вывод утром. После обеда секретарь внес дату.
3617,ne_adjective,strict_validator_rejected,Автор сделал неверный вывод утром. Затем курьер доставил пакет.,Автор сделал не верный вывод утром. Затем курьер доставил пакет.
3619,ne_adjective,strict_validator_rejected,Автор сделал неверный вывод утром. Утром группа открыла архив.,Автор сделал не верный вывод утром. Утром группа открыла архив.
3621,ne_adjective,strict_validator_rejected,Автор сделал неверный вывод утром. Вечером отдел закрыл вопрос.,Автор сделал не верный вывод утром. Вечером отдел закрыл вопрос.
3623,ne_adjective,strict_validator_rejected,Автор сделал неверный вывод утром. Позже секретарь подготовил копию.,Автор сделал не верный вывод утром. Позже секретарь подготовил копию.
3625,ne_adjective,strict_validator_rejected,Автор сделал неверный вывод утром. После звонка комиссия ждала письмо.,Автор сделал не верный вывод утром. После звонка комиссия ждала письмо.
3627,ne_adjective,strict_validator_rejected,Автор сделал неверный вывод утром. Затем отдел сохранил файл.,Автор сделал не верный вывод утром. Затем отдел сохранил файл.
3629,ne_adjective,strict_validator_rejected,Автор сделал неверный вывод утром. Утром служба сверила данные.,Автор сделал не верный вывод утром. Утром служба сверила данные.
3631,ne_adjective,strict_validator_rejected,Автор сделал неверный вывод утром. Вечером специалист обновил запись.,Автор сделал не верный вывод утром. Вечером специалист обновил запись.
3633,ne_adjective,strict_validator_rejected,Автор сделал неверный вывод утром. Позже автор открыл таблицу.,Автор сделал не верный вывод утром. Позже автор открыл таблицу.
3635,ne_adjective,strict_validator_rejected,Автор сделал неверный вывод утром. После проверки отдел отправил ответ.,Автор сделал не верный вывод утром. После проверки отдел отправил ответ.
3637,ne_adjective,strict_validator_rejected,Автор сделал неверный вывод утром. Затем группа закрыла журнал.,Автор сделал не верный вывод утром. Затем группа закрыла журнал.
3639,ne_adjective,strict_validator_rejected,Автор сделал неверный вывод утром. Утром аналитик проверил сводку.,Автор сделал не верный вывод утром. Утром аналитик проверил сводку.
3641,ne_adjective,strict_validator_rejected,Автор сделал неверный вывод утром. Вечером отдел обновил список.,Автор сделал не верный вывод утром. Вечером отдел обновил список.
3643,ne_adjective,strict_validator_rejected,Автор сделал неверный вывод утром. Позже комиссия открыла протокол.,Автор сделал не верный вывод утром. Позже комиссия открыла протокол.
3645,ne_adjective,strict_validator_rejected,Автор сделал неверный вывод утром. После звонка специалист уточнил срок.,Автор сделал не верный вывод утром. После звонка специалист уточнил срок.
3647,ne_adjective,strict_validator_rejected,Автор сделал неверный вывод утром. Затем отдел принял письмо.,Автор сделал не верный вывод утром. Затем отдел принял письмо.
3658,ne_adverb,strict_validator_rejected,Он сделал это не случайно. Позже редактор сохранил копию.,Он сделал это неслучайно. Позже редактор сохранил копию.
3660,ne_adverb,strict_validator_rejected,Он сделал это не случайно. После встречи файл остался в архиве.,Он сделал это неслучайно. После встречи файл остался в архиве.
3662,ne_adverb,strict_validator_rejected,Он сделал это не случайно. Затем группа сверила подписи.,Он сделал это неслучайно. Затем группа сверила подписи.
3664,ne_adverb,strict_validator_rejected,Он сделал это не случайно. Утром секретарь открыл папку.,Он сделал это неслучайно. Утром секретарь открыл папку.
3666,ne_adverb,strict_validator_rejected,Он сделал это не случайно. Вечером руководитель принял правки.,Он сделал это неслучайно. Вечером руководитель принял правки.
3668,ne_adverb,strict_validator_rejected,Он сделал это не случайно. Позже отдел уточнил дату.,Он сделал это неслучайно. Позже отдел уточнил дату.
3670,ne_adverb,strict_validator_rejected,Он сделал это не случайно. После обеда автор сверил данные.,Он сделал это неслучайно. После обеда автор сверил данные.
3672,ne_adverb,strict_validator_rejected,Он сделал это не случайно. Затем комиссия перенесла встречу.,Он сделал это неслучайно. Затем комиссия перенесла встречу.
3674,ne_adverb,strict_validator_rejected,Он сделал это не случайно. Утром дежурный проверил подписи.,Он сделал это неслучайно. Утром дежурный проверил подписи.
3676,ne_adverb,strict_validator_rejected,Он сделал это не случайно. Вечером группа согласовала срок.,Он сделал это неслучайно. Вечером группа согласовала срок.
3678,ne_adverb,strict_validator_rejected,Он сделал это не случайно. Позже автор поправил заголовок.,Он сделал это неслучайно. Позже автор поправил заголовок.
3680,ne_adverb,strict_validator_rejected,Он сделал это не случайно. После совещания документ приняли.,Он сделал это неслучайно. После совещания документ приняли.
3682,ne_adverb,strict_validator_rejected,Он сделал это не случайно. Затем редактор сохранил таблицу.,Он сделал это неслучайно. Затем редактор сохранил таблицу.
3684,ne_adverb,strict_validator_rejected,Он сделал это не случайно. Утром специалист открыл журнал.,Он сделал это неслучайно. Утром специалист открыл журнал.
3686,ne_adverb,strict_validator_rejected,Он сделал это не случайно. Вечером служба передала копию.,Он сделал это неслучайно. Вечером служба передала копию.
3688,ne_adverb,strict_validator_rejected,Он сделал это не случайно. Позже комиссия вернула письмо.,Он сделал это неслучайно. Позже комиссия вернула письмо.
3690,ne_adverb,strict_validator_rejected,Он сделал это не случайно. После обеда секретарь внес дату.,Он сделал это неслучайно. После обеда секретарь внес дату.
3692,ne_adverb,strict_validator_rejected,Он сделал это не случайно. Затем курьер доставил пакет.,Он сделал это неслучайно. Затем курьер доставил пакет.
3694,ne_adverb,strict_validator_rejected,Он сделал это не случайно. Утром группа открыла архив.,Он сделал это неслучайно. Утром группа открыла архив.
3696,ne_adverb,strict_validator_rejected,Он сделал это не случайно. Вечером отдел закрыл вопрос.,Он сделал это неслучайно. Вечером отдел закрыл вопрос.
3698,ne_adverb,strict_validator_rejected,Он сделал это не случайно. Позже секретарь подготовил копию.,Он сделал это неслучайно. Позже секретарь подготовил копию.
3700,ne_adverb,strict_validator_rejected,Он сделал это не случайно. После звонка комиссия ждала письмо.,Он сделал это неслучайно. После звонка комиссия ждала письмо.
3702,ne_adverb,strict_validator_rejected,Он сделал это не случайно. Затем отдел сохранил файл.,Он сделал это неслучайно. Затем отдел сохранил файл.
3704,ne_adverb,strict_validator_rejected,Он сделал это не случайно. Утром служба сверила данные.,Он сделал это неслучайно. Утром служба сверила данные.
3706,ne_adverb,strict_validator_rejected,Он сделал это не случайно. Вечером специалист обновил запись.,Он сделал это неслучайно. Вечером специалист обновил запись.
3708,ne_adverb,strict_validator_rejected,Он сделал это не случайно. Позже автор открыл таблицу.,Он сделал это неслучайно. Позже автор открыл таблицу.
3710,ne_adverb,strict_validator_rejected,Он сделал это не случайно. После проверки отдел отправил ответ.,Он сделал это неслучайно. После проверки отдел отправил ответ.
3712,ne_adverb,strict_validator_rejected,Он сделал это не случайно. Затем группа закрыла журнал.,Он сделал это неслучайно. Затем группа закрыла журнал.
3714,ne_adverb,strict_validator_rejected,Он сделал это не случайно. Утром аналитик проверил сводку.,Он сделал это неслучайно. Утром аналитик проверил сводку.
3716,ne_adverb,strict_validator_rejected,Он сделал это не случайно. Вечером отдел обновил список.,Он сделал это неслучайно. Вечером отдел обновил список.
3718,ne_adverb,strict_validator_rejected,Он сделал это не случайно. Позже комиссия открыла протокол.,Он сделал это неслучайно. Позже комиссия открыла протокол.
3720,ne_adverb,strict_validator_rejected,Он сделал это не случайно. После звонка специалист уточнил срок.,Он сделал это неслучайно. После звонка специалист уточнил срок.
3722,ne_adverb,strict_validator_rejected,Он сделал это не случайно. Затем отдел принял письмо.,Он сделал это неслучайно. Затем отдел принял письмо.
3724,ne_adverb,strict_validator_rejected,Он сделал это не случайно. Утром комиссия вернулась к письму.,Он сделал это неслучайно. Утром комиссия вернулась к письму.
3726,ne_adverb,strict_validator_rejected,Он сделал это не случайно. Вечером автор обновил сводку.,Он сделал это неслучайно. Вечером автор обновил сводку.
3728,ne_adverb,strict_validator_rejected,Он сделал это не случайно. Позже служба отправила ответ.,Он сделал это неслучайно. Позже служба отправила ответ.
3730,ne_adverb,strict_validator_rejected,Он сделал это не случайно. После проверки список закрыли.,Он сделал это неслучайно. После проверки список закрыли.
3732,ne_adverb,strict_validator_rejected,Он сделал это не случайно. Затем аналитик обновил запись.,Он сделал это неслучайно. Затем аналитик обновил запись.
3734,ne_adverb,strict_validator_rejected,Он сделал это не случайно. Утром курьер принес копию.,Он сделал это неслучайно. Утром курьер принес копию.
3736,ne_adverb,strict_validator_rejected,Он сделал это не случайно. Вечером секретарь закрыл журнал.,Он сделал это неслучайно. Вечером секретарь закрыл журнал.
3738,ne_adverb,strict_validator_rejected,Он сделал это не случайно. Позже архивариус обновил карточку.,Он сделал это неслучайно. Позже архивариус обновил карточку.
3740,ne_adverb,strict_validator_rejected,Он сделал это не случайно. После звонка редактор открыл файл.,Он сделал это неслучайно. После звонка редактор открыл файл.
3742,ne_adverb,strict_validator_rejected,Он сделал это не случайно. Затем отдел отправил письмо.,Он сделал это неслучайно. Затем отдел отправил письмо.
3744,ne_adverb,strict_validator_rejected,Он сделал это не случайно. Утром команда сверила список.,Он сделал это неслучайно. Утром команда сверила список.
3746,ne_adverb,strict_validator_rejected,Он сделал это не случайно. Вечером сотрудник закрыл заявку.,Он сделал это неслучайно. Вечером сотрудник закрыл заявку.
3748,ne_adverb,strict_validator_rejected,Он сделал это не случайно. Позже руководитель уточнил адрес.,Он сделал это неслучайно. Позже руководитель уточнил адрес.
3750,ne_adverb,strict_validator_rejected,Он сделал это не случайно. После проверки данные совпали.,Он сделал это неслучайно. После проверки данные совпали.
3752,ne_adverb,strict_validator_rejected,Он сделал это не случайно. Затем автор подписал лист.,Он сделал это неслучайно. Затем автор подписал лист.
3754,ne_adverb,strict_validator_rejected,Он сделал это не случайно. Утром отдел принял заявку.,Он сделал это неслучайно. Утром отдел принял заявку.
3756,ne_adverb,strict_validator_rejected,Он сделал это не случайно. Вечером редактор проверил список.,Он сделал это неслучайно. Вечером редактор проверил список.
3758,ne_adverb,strict_validator_rejected,Он сделал это не случайно. Позже аналитик сверил отчет.,Он сделал это неслучайно. Позже аналитик сверил отчет.
3760,ne_adverb,strict_validator_rejected,Он сделал это не случайно. После встречи автор добавил подпись.,Он сделал это неслучайно. После встречи автор добавил подпись.
3762,ne_adverb,strict_validator_rejected,Он сделал это не случайно. Затем специалист отправил ответ.,Он сделал это неслучайно. Затем специалист отправил ответ.
3764,ne_adverb,strict_validator_rejected,Он сделал это не случайно. Утром редактор проверил адрес.,Он сделал это неслучайно. Утром редактор проверил адрес.
3766,ne_adverb,strict_validator_rejected,Он сделал это не случайно. Вечером автор уточнил срок.,Он сделал это неслучайно. Вечером автор уточнил срок.
3768,ne_adverb,strict_validator_rejected,Он сделал это не случайно. Позже группа приняла решение.,Он сделал это неслучайно. Позже группа приняла решение.
3770,ne_adverb,strict_validator_rejected,Он сделал это не случайно. После совещания секретарь закрыл папку.,Он сделал это неслучайно. После совещания секретарь закрыл папку.
3772,ne_adverb,strict_validator_rejected,Он сделал это не случайно. Затем редактор передал копию.,Он сделал это неслучайно. Затем редактор передал копию.
3774,ne_adverb,strict_validator_rejected,Он сделал это не случайно. Утром комиссия согласовала дату.,Он сделал это неслучайно. Утром комиссия согласовала дату.
3776,ne_adverb,strict_validator_rejected,Он сделал это не случайно. Вечером секретарь внес подпись.,Он сделал это неслучайно. Вечером секретарь внес подпись.
3778,ne_adverb,strict_validator_rejected,Он сделал это не случайно. Позже служба уточнила маршрут.,Он сделал это неслучайно. Позже служба уточнила маршрут.
3780,ne_adverb,strict_validator_rejected,Он сделал это не случайно. После обеда редактор принял письмо.,Он сделал это неслучайно. После обеда редактор принял письмо.
3782,ne_adverb,strict_validator_rejected,Он сделал это не случайно. Затем автор сохранил документ.,Он сделал это неслучайно. Затем автор сохранил документ.
3784,ne_adverb,strict_validator_rejected,Он сделал это не случайно. Утром секретарь отправил копию.,Он сделал это неслучайно. Утром секретарь отправил копию.
3786,ne_adverb,strict_validator_rejected,Он сделал это не случайно. Вечером группа сверила даты.,Он сделал это неслучайно. Вечером группа сверила даты.
3789,ne_participle,strict_validator_rejected,"Столь резкое заявление объяснимо тем, что Исаков больше несвязан с КПРФ, а баллотируется в списке движения ""Отечество-Вся Россия"" по квоте Аграрной партии.","Столь резкое заявление объяснимо тем, что Исаков больше не связан с КПРФ, а баллотируется в списке движения ""Отечество-Вся Россия"" по квоте Аграрной партии."
3791,ne_participle,strict_validator_rejected,"Для организаций, нефинансируемых из соответствующих бюджетов, плата за пользование телефоном повышена с 110 до 165 рублей, установочная плата составит 6600 рублей.","Для организаций, не финансируемых из соответствующих бюджетов, плата за пользование телефоном повышена с 110 до 165 рублей, установочная плата составит 6600 рублей."
3925,ne_predicative,strict_validator_rejected,О потерях боевиков поканичего неизвестно.,О потерях боевиков поканичего не известно.
3929,ne_predicative,strict_validator_rejected,"Пока неизвестно, пострадал ли кто-нибудь при этом.","Пока не известно, пострадал ли кто-нибудь при этом."
4205,ne_verb,non_atomic_edit_count,"Небудет предъявлено никаких обвиненийфотографам-папарацци, преследовавшим ""Мерседес"" Дианы на мотоциклах.","Не будет предъявлено никаких обвиненийфотографам-папарацци, преследовавшим ""Мерседес"" Дианы на мотоциклах."
4228,ne_verb,target_quality_failed,"""Это не тот случай улучшения, из-за которого пользователи кричат: ""Ого, я раньше несобирался покупать такой компьютер, но теперь куплю!"", считает аналитик из CIBC Oppenheimer Джеймс Пойнер.","""Это не тот случай улучшения, из-за которого пользователи кричат: ""Ого, я раньше не собирался покупать такой компьютер, но теперь куплю!"", считает аналитик из CIBC Oppenheimer Джеймс Пойнер."
4235,ne_verb,target_quality_failed,"""Но ближайшее окружение президента нежелает объективного расследования.","""Но ближайшее окружение президента не желает объективного расследования."
4240,ne_verb,strict_validator_rejected,"Однако, вероятно, проблема задолженности здесь непри чем: в Грозном утверждают, что российские СМИ ""необъективно и искаженно отображают события в Чечне и на Северном Кавказе, обвиняя во всем негативном чеченцев"".","Однако, вероятно, проблема задолженности здесь не при чем: в Грозном утверждают, что российские СМИ ""необъективно и искаженно отображают события в Чечне и на Северном Кавказе, обвиняя во всем негативном чеченцев""."
4246,ne_verb,strict_validator_rejected,"""Это незначит, что мы снова начнем войну.","""Это не значит, что мы снова начнем войну."
4248,ne_verb,target_quality_failed,"Члены Курдской рабочей партии небудут слушать своих руководителей, если Оджалана убьют"", сказал он.","Члены Курдской рабочей партии не будут слушать своих руководителей, если Оджалана убьют"", сказал он."
4255,ne_verb,target_quality_failed,"На сегодняшний день они нам таких материалов непредоставили, хотя рабочие встречи были"", - заявил Николай Патрушев.","На сегодняшний день они нам таких материалов не предоставили, хотя рабочие встречи были"", - заявил Николай Патрушев."
4523,ni_stable_expression,unsupported_edit_type,Он не разу не ошибся в отчете. Позже редактор сохранил копию.,Он ни разу не ошибся в отчете. Позже редактор сохранил копию.
4524,ni_stable_expression,unsupported_edit_type,Не в коем случае не меняйте срок. Утром комиссия вернулась к письму.,Ни в коем случае не меняйте срок. Утром комиссия вернулась к письму.
4525,ni_stable_expression,unsupported_edit_type,Он не разу не ошибся в отчете. После встречи файл остался в архиве.,Он ни разу не ошибся в отчете. После встречи файл остался в архиве.
4526,ni_stable_expression,unsupported_edit_type,Не в коем случае не меняйте срок. Вечером автор обновил сводку.,Ни в коем случае не меняйте срок. Вечером автор обновил сводку.
4527,ni_stable_expression,unsupported_edit_type,Он не разу не ошибся в отчете. Затем группа сверила подписи.,Он ни разу не ошибся в отчете. Затем группа сверила подписи.
4528,ni_stable_expression,unsupported_edit_type,Не в коем случае не меняйте срок. Позже служба отправила ответ.,Ни в коем случае не меняйте срок. Позже служба отправила ответ.
4529,ni_stable_expression,unsupported_edit_type,Он не разу не ошибся в отчете. Утром секретарь открыл папку.,Он ни разу не ошибся в отчете. Утром секретарь открыл папку.
4530,ni_stable_expression,unsupported_edit_type,Не в коем случае не меняйте срок. После проверки список закрыли.,Ни в коем случае не меняйте срок. После проверки список закрыли.
4531,ni_stable_expression,unsupported_edit_type,Он не разу не ошибся в отчете. Вечером руководитель принял правки.,Он ни разу не ошибся в отчете. Вечером руководитель принял правки.
4532,ni_stable_expression,unsupported_edit_type,Не в коем случае не меняйте срок. Затем аналитик обновил запись.,Ни в коем случае не меняйте срок. Затем аналитик обновил запись.
4533,ni_stable_expression,unsupported_edit_type,Он не разу не ошибся в отчете. Позже отдел уточнил дату.,Он ни разу не ошибся в отчете. Позже отдел уточнил дату.
4534,ni_stable_expression,unsupported_edit_type,Не в коем случае не меняйте срок. Утром курьер принес копию.,Ни в коем случае не меняйте срок. Утром курьер принес копию.
4535,ni_stable_expression,unsupported_edit_type,Он не разу не ошибся в отчете. После обеда автор сверил данные.,Он ни разу не ошибся в отчете. После обеда автор сверил данные.
4536,ni_stable_expression,unsupported_edit_type,Не в коем случае не меняйте срок. Вечером секретарь закрыл журнал.,Ни в коем случае не меняйте срок. Вечером секретарь закрыл журнал.
4537,ni_stable_expression,unsupported_edit_type,Он не разу не ошибся в отчете. Затем комиссия перенесла встречу.,Он ни разу не ошибся в отчете. Затем комиссия перенесла встречу.
4538,ni_stable_expression,unsupported_edit_type,Не в коем случае не меняйте срок. Позже архивариус обновил карточку.,Ни в коем случае не меняйте срок. Позже архивариус обновил карточку.
4539,ni_stable_expression,unsupported_edit_type,Он не разу не ошибся в отчете. Утром дежурный проверил подписи.,Он ни разу не ошибся в отчете. Утром дежурный проверил подписи.
4540,ni_stable_expression,unsupported_edit_type,Не в коем случае не меняйте срок. После звонка редактор открыл файл.,Ни в коем случае не меняйте срок. После звонка редактор открыл файл.
4541,ni_stable_expression,unsupported_edit_type,Он не разу не ошибся в отчете. Вечером группа согласовала срок.,Он ни разу не ошибся в отчете. Вечером группа согласовала срок.
4542,ni_stable_expression,unsupported_edit_type,Не в коем случае не меняйте срок. Затем отдел отправил письмо.,Ни в коем случае не меняйте срок. Затем отдел отправил письмо.
4543,ni_stable_expression,unsupported_edit_type,Он не разу не ошибся в отчете. Позже автор поправил заголовок.,Он ни разу не ошибся в отчете. Позже автор поправил заголовок.
4544,ni_stable_expression,unsupported_edit_type,Не в коем случае не меняйте срок. Утром команда сверила список.,Ни в коем случае не меняйте срок. Утром команда сверила список.
4545,ni_stable_expression,unsupported_edit_type,Он не разу не ошибся в отчете. После совещания документ приняли.,Он ни разу не ошибся в отчете. После совещания документ приняли.
4546,ni_stable_expression,unsupported_edit_type,Не в коем случае не меняйте срок. Вечером сотрудник закрыл заявку.,Ни в коем случае не меняйте срок. Вечером сотрудник закрыл заявку.
4547,ni_stable_expression,unsupported_edit_type,Он не разу не ошибся в отчете. Затем редактор сохранил таблицу.,Он ни разу не ошибся в отчете. Затем редактор сохранил таблицу.
4548,ni_stable_expression,unsupported_edit_type,Не в коем случае не меняйте срок. Позже руководитель уточнил адрес.,Ни в коем случае не меняйте срок. Позже руководитель уточнил адрес.
4549,ni_stable_expression,unsupported_edit_type,Он не разу не ошибся в отчете. Утром специалист открыл журнал.,Он ни разу не ошибся в отчете. Утром специалист открыл журнал.
4550,ni_stable_expression,unsupported_edit_type,Не в коем случае не меняйте срок. После проверки данные совпали.,Ни в коем случае не меняйте срок. После проверки данные совпали.
4551,ni_stable_expression,unsupported_edit_type,Он не разу не ошибся в отчете. Вечером служба передала копию.,Он ни разу не ошибся в отчете. Вечером служба передала копию.
4552,ni_stable_expression,unsupported_edit_type,Не в коем случае не меняйте срок. Затем автор подписал лист.,Ни в коем случае не меняйте срок. Затем автор подписал лист.
4553,ni_stable_expression,unsupported_edit_type,Он не разу не ошибся в отчете. Позже комиссия вернула письмо.,Он ни разу не ошибся в отчете. Позже комиссия вернула письмо.
4554,ni_stable_expression,unsupported_edit_type,Не в коем случае не меняйте срок. Утром отдел принял заявку.,Ни в коем случае не меняйте срок. Утром отдел принял заявку.
4555,ni_stable_expression,unsupported_edit_type,Он не разу не ошибся в отчете. После обеда секретарь внес дату.,Он ни разу не ошибся в отчете. После обеда секретарь внес дату.
4556,ni_stable_expression,unsupported_edit_type,Не в коем случае не меняйте срок. Вечером редактор проверил список.,Ни в коем случае не меняйте срок. Вечером редактор проверил список.
4557,ni_stable_expression,unsupported_edit_type,Он не разу не ошибся в отчете. Затем курьер доставил пакет.,Он ни разу не ошибся в отчете. Затем курьер доставил пакет.
4558,ni_stable_expression,unsupported_edit_type,Не в коем случае не меняйте срок. Позже аналитик сверил отчет.,Ни в коем случае не меняйте срок. Позже аналитик сверил отчет.
4559,ni_stable_expression,unsupported_edit_type,Он не разу не ошибся в отчете. Утром группа открыла архив.,Он ни разу не ошибся в отчете. Утром группа открыла архив.
4560,ni_stable_expression,unsupported_edit_type,Не в коем случае не меняйте срок. После встречи автор добавил подпись.,Ни в коем случае не меняйте срок. После встречи автор добавил подпись.
4561,ni_stable_expression,unsupported_edit_type,Он не разу не ошибся в отчете. Вечером отдел закрыл вопрос.,Он ни разу не ошибся в отчете. Вечером отдел закрыл вопрос.
4562,ni_stable_expression,unsupported_edit_type,Не в коем случае не меняйте срок. Затем специалист отправил ответ.,Ни в коем случае не меняйте срок. Затем специалист отправил ответ.
4563,ni_stable_expression,unsupported_edit_type,Он не разу не ошибся в отчете. Позже секретарь подготовил копию.,Он ни разу не ошибся в отчете. Позже секретарь подготовил копию.
4564,ni_stable_expression,unsupported_edit_type,Не в коем случае не меняйте срок. Утром редактор проверил адрес.,Ни в коем случае не меняйте срок. Утром редактор проверил адрес.
4565,ni_stable_expression,unsupported_edit_type,Он не разу не ошибся в отчете. После звонка комиссия ждала письмо.,Он ни разу не ошибся в отчете. После звонка комиссия ждала письмо.
4566,ni_stable_expression,unsupported_edit_type,Не в коем случае не меняйте срок. Вечером автор уточнил срок.,Ни в коем случае не меняйте срок. Вечером автор уточнил срок.
4567,ni_stable_expression,unsupported_edit_type,Он не разу не ошибся в отчете. Затем отдел сохранил файл.,Он ни разу не ошибся в отчете. Затем отдел сохранил файл.
4568,ni_stable_expression,unsupported_edit_type,Не в коем случае не меняйте срок. Позже группа приняла решение.,Ни в коем случае не меняйте срок. Позже группа приняла решение.
4569,ni_stable_expression,unsupported_edit_type,Он не разу не ошибся в отчете. Утром служба сверила данные.,Он ни разу не ошибся в отчете. Утром служба сверила данные.
4570,ni_stable_expression,unsupported_edit_type,Не в коем случае не меняйте срок. После совещания секретарь закрыл папку.,Ни в коем случае не меняйте срок. После совещания секретарь закрыл папку.
4571,ni_stable_expression,unsupported_edit_type,Он не разу не ошибся в отчете. Вечером специалист обновил запись.,Он ни разу не ошибся в отчете. Вечером специалист обновил запись.
4572,ni_stable_expression,unsupported_edit_type,Не в коем случае не меняйте срок. Затем редактор передал копию.,Ни в коем случае не меняйте срок. Затем редактор передал копию.
4573,ni_stable_expression,unsupported_edit_type,Он не разу не ошибся в отчете. Позже автор открыл таблицу.,Он ни разу не ошибся в отчете. Позже автор открыл таблицу.
4574,ni_stable_expression,unsupported_edit_type,Не в коем случае не меняйте срок. Утром комиссия согласовала дату.,Ни в коем случае не меняйте срок. Утром комиссия согласовала дату.
4575,ni_stable_expression,unsupported_edit_type,Он не разу не ошибся в отчете. После проверки отдел отправил ответ.,Он ни разу не ошибся в отчете. После проверки отдел отправил ответ.
4576,ni_stable_expression,unsupported_edit_type,Не в коем случае не меняйте срок. Вечером секретарь внес подпись.,Ни в коем случае не меняйте срок. Вечером секретарь внес подпись.
4577,ni_stable_expression,unsupported_edit_type,Он не разу не ошибся в отчете. Затем группа закрыла журнал.,Он ни разу не ошибся в отчете. Затем группа закрыла журнал.
4578,ni_stable_expression,unsupported_edit_type,Не в коем случае не меняйте срок. Позже служба уточнила маршрут.,Ни в коем случае не меняйте срок. Позже служба уточнила маршрут.
4579,ni_stable_expression,unsupported_edit_type,Он не разу не ошибся в отчете. Утром аналитик проверил сводку.,Он ни разу не ошибся в отчете. Утром аналитик проверил сводку.
4580,ni_stable_expression,unsupported_edit_type,Не в коем случае не меняйте срок. После обеда редактор принял письмо.,Ни в коем случае не меняйте срок. После обеда редактор принял письмо.
4581,ni_stable_expression,unsupported_edit_type,Он не разу не ошибся в отчете. Вечером отдел обновил список.,Он ни разу не ошибся в отчете. Вечером отдел обновил список.
4582,ni_stable_expression,unsupported_edit_type,Не в коем случае не меняйте срок. Затем автор сохранил документ.,Ни в коем случае не меняйте срок. Затем автор сохранил документ.
4583,ni_stable_expression,unsupported_edit_type,Он не разу не ошибся в отчете. Позже комиссия открыла протокол.,Он ни разу не ошибся в отчете. Позже комиссия открыла протокол.
4584,ni_stable_expression,unsupported_edit_type,Не в коем случае не меняйте срок. Утром секретарь отправил копию.,Ни в коем случае не меняйте срок. Утром секретарь отправил копию.
4585,ni_stable_expression,unsupported_edit_type,Он не разу не ошибся в отчете. После звонка специалист уточнил срок.,Он ни разу не ошибся в отчете. После звонка специалист уточнил срок.
4586,ni_stable_expression,unsupported_edit_type,Не в коем случае не меняйте срок. Вечером группа сверила даты.,Ни в коем случае не меняйте срок. Вечером группа сверила даты.
4587,ni_stable_expression,unsupported_edit_type,Он не разу не ошибся в отчете. Затем отдел принял письмо.,Он ни разу не ошибся в отчете. Затем отдел принял письмо.
4588,ni_stable_expression,unsupported_edit_type,Не в коем случае не меняйте срок. Позже редактор сохранил копию.,Ни в коем случае не меняйте срок. Позже редактор сохранил копию.
4589,ni_stable_expression,unsupported_edit_type,Он не разу не ошибся в отчете. Утром комиссия вернулась к письму.,Он ни разу не ошибся в отчете. Утром комиссия вернулась к письму.
4590,ni_stable_expression,unsupported_edit_type,Не в коем случае не меняйте срок. После встречи файл остался в архиве.,Ни в коем случае не меняйте срок. После встречи файл остался в архиве.
4591,ni_stable_expression,unsupported_edit_type,Он не разу не ошибся в отчете. Вечером автор обновил сводку.,Он ни разу не ошибся в отчете. Вечером автор обновил сводку.
4592,ni_stable_expression,unsupported_edit_type,Не в коем случае не меняйте срок. Затем группа сверила подписи.,Ни в коем случае не меняйте срок. Затем группа сверила подписи.
4593,ni_stable_expression,unsupported_edit_type,Он не разу не ошибся в отчете. Позже служба отправила ответ.,Он ни разу не ошибся в отчете. Позже служба отправила ответ.
4594,ni_stable_expression,unsupported_edit_type,Не в коем случае не меняйте срок. Утром секретарь открыл папку.,Ни в коем случае не меняйте срок. Утром секретарь открыл папку.
4595,ni_stable_expression,unsupported_edit_type,Он не разу не ошибся в отчете. После проверки список закрыли.,Он ни разу не ошибся в отчете. После проверки список закрыли.
4596,ni_stable_expression,unsupported_edit_type,Не в коем случае не меняйте срок. Вечером руководитель принял правки.,Ни в коем случае не меняйте срок. Вечером руководитель принял правки.
4597,ni_stable_expression,unsupported_edit_type,Он не разу не ошибся в отчете. Затем аналитик обновил запись.,Он ни разу не ошибся в отчете. Затем аналитик обновил запись.
4598,ni_stable_expression,unsupported_edit_type,Не в коем случае не меняйте срок. Позже отдел уточнил дату.,Ни в коем случае не меняйте срок. Позже отдел уточнил дату.
4599,ni_stable_expression,unsupported_edit_type,Он не разу не ошибся в отчете. Утром курьер принес копию.,Он ни разу не ошибся в отчете. Утром курьер принес копию.
4600,ni_stable_expression,unsupported_edit_type,Не в коем случае не меняйте срок. После обеда автор сверил данные.,Ни в коем случае не меняйте срок. После обеда автор сверил данные.
4601,ni_stable_expression,unsupported_edit_type,Он не разу не ошибся в отчете. Вечером секретарь закрыл журнал.,Он ни разу не ошибся в отчете. Вечером секретарь закрыл журнал.
4602,ni_stable_expression,unsupported_edit_type,Не в коем случае не меняйте срок. Затем комиссия перенесла встречу.,Ни в коем случае не меняйте срок. Затем комиссия перенесла встречу.
4603,ni_stable_expression,unsupported_edit_type,Он не разу не ошибся в отчете. Позже архивариус обновил карточку.,Он ни разу не ошибся в отчете. Позже архивариус обновил карточку.
4604,ni_stable_expression,unsupported_edit_type,Не в коем случае не меняйте срок. Утром дежурный проверил подписи.,Ни в коем случае не меняйте срок. Утром дежурный проверил подписи.
4605,ni_stable_expression,unsupported_edit_type,Он не разу не ошибся в отчете. После звонка редактор открыл файл.,Он ни разу не ошибся в отчете. После звонка редактор открыл файл.
4606,ni_stable_expression,unsupported_edit_type,Не в коем случае не меняйте срок. Вечером группа согласовала срок.,Ни в коем случае не меняйте срок. Вечером группа согласовала срок.
4607,ni_stable_expression,unsupported_edit_type,Он не разу не ошибся в отчете. Затем отдел отправил письмо.,Он ни разу не ошибся в отчете. Затем отдел отправил письмо.
4608,ni_stable_expression,unsupported_edit_type,Не в коем случае не меняйте срок. Позже автор поправил заголовок.,Ни в коем случае не меняйте срок. Позже автор поправил заголовок.
4609,ni_stable_expression,unsupported_edit_type,Он не разу не ошибся в отчете. Утром команда сверила список.,Он ни разу не ошибся в отчете. Утром команда сверила список.
4610,ni_stable_expression,unsupported_edit_type,Не в коем случае не меняйте срок. После совещания документ приняли.,Ни в коем случае не меняйте срок. После совещания документ приняли.
4611,ni_stable_expression,unsupported_edit_type,Он не разу не ошибся в отчете. Вечером сотрудник закрыл заявку.,Он ни разу не ошибся в отчете. Вечером сотрудник закрыл заявку.
4612,ni_stable_expression,unsupported_edit_type,Не в коем случае не меняйте срок. Затем редактор сохранил таблицу.,Ни в коем случае не меняйте срок. Затем редактор сохранил таблицу.
4613,ni_stable_expression,unsupported_edit_type,Он не разу не ошибся в отчете. Позже руководитель уточнил адрес.,Он ни разу не ошибся в отчете. Позже руководитель уточнил адрес.
4614,ni_stable_expression,unsupported_edit_type,Не в коем случае не меняйте срок. Утром специалист открыл журнал.,Ни в коем случае не меняйте срок. Утром специалист открыл журнал.
4615,ni_stable_expression,unsupported_edit_type,Он не разу не ошибся в отчете. После проверки данные совпали.,Он ни разу не ошибся в отчете. После проверки данные совпали.
4616,ni_stable_expression,unsupported_edit_type,Не в коем случае не меняйте срок. Вечером служба передала копию.,Ни в коем случае не меняйте срок. Вечером служба передала копию.
4617,ni_stable_expression,unsupported_edit_type,Он не разу не ошибся в отчете. Затем автор подписал лист.,Он ни разу не ошибся в отчете. Затем автор подписал лист.
4618,ni_stable_expression,unsupported_edit_type,Не в коем случае не меняйте срок. Позже комиссия вернула письмо.,Ни в коем случае не меняйте срок. Позже комиссия вернула письмо.
4619,ni_stable_expression,unsupported_edit_type,Он не разу не ошибся в отчете. Утром отдел принял заявку.,Он ни разу не ошибся в отчете. Утром отдел принял заявку.
4620,ni_stable_expression,unsupported_edit_type,Не в коем случае не меняйте срок. После обеда секретарь внес дату.,Ни в коем случае не меняйте срок. После обеда секретарь внес дату.
4621,ni_stable_expression,unsupported_edit_type,Он не разу не ошибся в отчете. Вечером редактор проверил список.,Он ни разу не ошибся в отчете. Вечером редактор проверил список.
4622,ni_stable_expression,unsupported_edit_type,Не в коем случае не меняйте срок. Затем курьер доставил пакет.,Ни в коем случае не меняйте срок. Затем курьер доставил пакет.
4623,ni_stable_expression,unsupported_edit_type,Он не разу не ошибся в отчете. Позже аналитик сверил отчет.,Он ни разу не ошибся в отчете. Позже аналитик сверил отчет.
4624,ni_stable_expression,unsupported_edit_type,Не в коем случае не меняйте срок. Утром группа открыла архив.,Ни в коем случае не меняйте срок. Утром группа открыла архив.
4625,ni_stable_expression,unsupported_edit_type,Он не разу не ошибся в отчете. После встречи автор добавил подпись.,Он ни разу не ошибся в отчете. После встречи автор добавил подпись.
4626,ni_stable_expression,unsupported_edit_type,Не в коем случае не меняйте срок. Вечером отдел закрыл вопрос.,Ни в коем случае не меняйте срок. Вечером отдел закрыл вопрос.
4627,ni_stable_expression,unsupported_edit_type,Он не разу не ошибся в отчете. Затем специалист отправил ответ.,Он ни разу не ошибся в отчете. Затем специалист отправил ответ.
4628,ni_stable_expression,unsupported_edit_type,Не в коем случае не меняйте срок. Позже секретарь подготовил копию.,Ни в коем случае не меняйте срок. Позже секретарь подготовил копию.
4629,ni_stable_expression,unsupported_edit_type,Он не разу не ошибся в отчете. Утром редактор проверил адрес.,Он ни разу не ошибся в отчете. Утром редактор проверил адрес.
4630,ni_stable_expression,unsupported_edit_type,Не в коем случае не меняйте срок. После звонка комиссия ждала письмо.,Ни в коем случае не меняйте срок. После звонка комиссия ждала письмо.
4631,ni_stable_expression,unsupported_edit_type,Он не разу не ошибся в отчете. Вечером автор уточнил срок.,Он ни разу не ошибся в отчете. Вечером автор уточнил срок.
4632,ni_stable_expression,unsupported_edit_type,Не в коем случае не меняйте срок. Затем отдел сохранил файл.,Ни в коем случае не меняйте срок. Затем отдел сохранил файл.
4633,ni_stable_expression,unsupported_edit_type,Он не разу не ошибся в отчете. Позже группа приняла решение.,Он ни разу не ошибся в отчете. Позже группа приняла решение.
4634,ni_stable_expression,unsupported_edit_type,Не в коем случае не меняйте срок. Утром служба сверила данные.,Ни в коем случае не меняйте срок. Утром служба сверила данные.
4635,ni_stable_expression,unsupported_edit_type,Он не разу не ошибся в отчете. После совещания секретарь закрыл папку.,Он ни разу не ошибся в отчете. После совещания секретарь закрыл папку.
4636,ni_stable_expression,unsupported_edit_type,Не в коем случае не меняйте срок. Вечером специалист обновил запись.,Ни в коем случае не меняйте срок. Вечером специалист обновил запись.
4637,ni_stable_expression,unsupported_edit_type,Он не разу не ошибся в отчете. Затем редактор передал копию.,Он ни разу не ошибся в отчете. Затем редактор передал копию.
4638,ni_stable_expression,unsupported_edit_type,Не в коем случае не меняйте срок. Позже автор открыл таблицу.,Ни в коем случае не меняйте срок. Позже автор открыл таблицу.
4639,ni_stable_expression,unsupported_edit_type,Он не разу не ошибся в отчете. Утром комиссия согласовала дату.,Он ни разу не ошибся в отчете. Утром комиссия согласовала дату.
4640,ni_stable_expression,unsupported_edit_type,Не в коем случае не меняйте срок. После проверки отдел отправил ответ.,Ни в коем случае не меняйте срок. После проверки отдел отправил ответ.
4641,ni_stable_expression,unsupported_edit_type,Он не разу не ошибся в отчете. Вечером секретарь внес подпись.,Он ни разу не ошибся в отчете. Вечером секретарь внес подпись.
4642,ni_stable_expression,unsupported_edit_type,Не в коем случае не меняйте срок. Затем группа закрыла журнал.,Ни в коем случае не меняйте срок. Затем группа закрыла журнал.
4643,ni_stable_expression,unsupported_edit_type,Он не разу не ошибся в отчете. Позже служба уточнила маршрут.,Он ни разу не ошибся в отчете. Позже служба уточнила маршрут.
4644,ni_stable_expression,unsupported_edit_type,Не в коем случае не меняйте срок. Утром аналитик проверил сводку.,Ни в коем случае не меняйте срок. Утром аналитик проверил сводку.
4645,ni_stable_expression,unsupported_edit_type,Он не разу не ошибся в отчете. После обеда редактор принял письмо.,Он ни разу не ошибся в отчете. После обеда редактор принял письмо.
4646,ni_stable_expression,unsupported_edit_type,Не в коем случае не меняйте срок. Вечером отдел обновил список.,Ни в коем случае не меняйте срок. Вечером отдел обновил список.
4647,ni_stable_expression,unsupported_edit_type,Он не разу не ошибся в отчете. Затем автор сохранил документ.,Он ни разу не ошибся в отчете. Затем автор сохранил документ.
4648,ni_stable_expression,unsupported_edit_type,Не в коем случае не меняйте срок. Позже комиссия открыла протокол.,Ни в коем случае не меняйте срок. Позже комиссия открыла протокол.
4649,ni_stable_expression,unsupported_edit_type,Он не разу не ошибся в отчете. Утром секретарь отправил копию.,Он ни разу не ошибся в отчете. Утром секретарь отправил копию.
4650,ni_stable_expression,unsupported_edit_type,Не в коем случае не меняйте срок. После звонка специалист уточнил срок.,Ни в коем случае не меняйте срок. После звонка специалист уточнил срок.
4651,ni_stable_expression,unsupported_edit_type,Он не разу не ошибся в отчете. Вечером группа сверила даты.,Он ни разу не ошибся в отчете. Вечером группа сверила даты.
4652,ni_stable_expression,unsupported_edit_type,Не в коем случае не меняйте срок. Затем отдел принял письмо.,Ни в коем случае не меняйте срок. Затем отдел принял письмо.
4653,punctuation_delete_replace,candidate_missing,"Рабочий отчет,, готов. Позже редактор сохранил копию.","Рабочий отчет, готов. Позже редактор сохранил копию."
4654,punctuation_delete_replace,candidate_missing,Новый документ готов.. Утром комиссия вернулась к письму.,Новый документ готов. Утром комиссия вернулась к письму.
4655,punctuation_delete_replace,non_atomic_edit_count,Городской архив готов!!!! После встречи файл остался в архиве.,Городской архив готов! После встречи файл остался в архиве.
4656,punctuation_delete_replace,candidate_missing,"Утренний выпуск,, готов. Вечером автор обновил сводку.","Утренний выпуск, готов. Вечером автор обновил сводку."
4657,punctuation_delete_replace,candidate_missing,Важный договор готов.. Затем группа сверила подписи.,Важный договор готов. Затем группа сверила подписи.
4658,punctuation_delete_replace,non_atomic_edit_count,Короткая заметка готов!!!! Позже служба отправила ответ.,Короткая заметка готов! Позже служба отправила ответ.
4659,punctuation_delete_replace,candidate_missing,"Итоговая таблица,, готов. Утром секретарь открыл папку.","Итоговая таблица, готов. Утром секретарь открыл папку."
4660,punctuation_delete_replace,candidate_missing,Свежая сводка готов.. После проверки список закрыли.,Свежая сводка готов. После проверки список закрыли.
4661,punctuation_delete_replace,non_atomic_edit_count,Открытая заявка готов!!!! Вечером руководитель принял правки.,Открытая заявка готов! Вечером руководитель принял правки.
4662,punctuation_delete_replace,candidate_missing,"Письменный ответ,, готов. Затем аналитик обновил запись.","Письменный ответ, готов. Затем аналитик обновил запись."
4663,punctuation_delete_replace,candidate_missing,Районная комиссия готов.. Позже отдел уточнил дату.,Районная комиссия готов. Позже отдел уточнил дату.
4664,punctuation_delete_replace,non_atomic_edit_count,Финальный список готов!!!! Утром курьер принес копию.,Финальный список готов! Утром курьер принес копию.
4665,punctuation_delete_replace,candidate_missing,"Новая редакция,, готов. После обеда автор сверил данные.","Новая редакция, готов. После обеда автор сверил данные."
4666,punctuation_delete_replace,candidate_missing,Архивная запись готов.. Вечером секретарь закрыл журнал.,Архивная запись готов. Вечером секретарь закрыл журнал.
4667,punctuation_delete_replace,non_atomic_edit_count,Дежурный редактор готов!!!! Затем комиссия перенесла встречу.,Дежурный редактор готов! Затем комиссия перенесла встречу.
4668,punctuation_delete_replace,candidate_missing,"Общий график,, готов. Позже архивариус обновил карточку.","Общий график, готов. Позже архивариус обновил карточку."
4669,punctuation_delete_replace,candidate_missing,Плановая встреча готов.. Утром дежурный проверил подписи.,Плановая встреча готов. Утром дежурный проверил подписи.
4670,punctuation_delete_replace,non_atomic_edit_count,Осенняя проверка готов!!!! После звонка редактор открыл файл.,Осенняя проверка готов! После звонка редактор открыл файл.
4671,punctuation_delete_replace,candidate_missing,"Сводный отчет,, готов. Вечером группа согласовала срок.","Сводный отчет, готов. Вечером группа согласовала срок."
4672,punctuation_delete_replace,candidate_missing,Важная подпись готов.. Затем отдел отправил письмо.,Важная подпись готов. Затем отдел отправил письмо.
4673,punctuation_delete_replace,non_atomic_edit_count,Рабочая группа готов!!!! Позже автор поправил заголовок.,Рабочая группа готов! Позже автор поправил заголовок.
4674,punctuation_delete_replace,candidate_missing,"Городская служба,, готов. Утром команда сверила список.","Городская служба, готов. Утром команда сверила список."
4675,punctuation_delete_replace,candidate_missing,Новый раздел готов.. После совещания документ приняли.,Новый раздел готов. После совещания документ приняли.
4676,punctuation_delete_replace,non_atomic_edit_count,Учебная таблица готов!!!! Вечером сотрудник закрыл заявку.,Учебная таблица готов! Вечером сотрудник закрыл заявку.
4677,punctuation_delete_replace,candidate_missing,"Вечерний протокол,, готов. Затем редактор сохранил таблицу.","Вечерний протокол, готов. Затем редактор сохранил таблицу."
4678,punctuation_delete_replace,candidate_missing,Проверенный файл готов.. Позже руководитель уточнил адрес.,Проверенный файл готов. Позже руководитель уточнил адрес.
4679,punctuation_delete_replace,non_atomic_edit_count,Согласованный договор готов!!!! Утром специалист открыл журнал.,Согласованный договор готов! Утром специалист открыл журнал.
4680,punctuation_delete_replace,candidate_missing,"Подготовленный список,, готов. После проверки данные совпали.","Подготовленный список, готов. После проверки данные совпали."
4681,punctuation_delete_replace,candidate_missing,Закрытая заявка готов.. Вечером служба передала копию.,Закрытая заявка готов. Вечером служба передала копию.
4682,punctuation_delete_replace,non_atomic_edit_count,Длинная запись готов!!!! Затем автор подписал лист.,Длинная запись готов! Затем автор подписал лист.
4683,punctuation_delete_replace,candidate_missing,"Обновленный журнал,, готов. Позже комиссия вернула письмо.","Обновленный журнал, готов. Позже комиссия вернула письмо."
4684,punctuation_delete_replace,candidate_missing,Северный филиал готов.. Утром отдел принял заявку.,Северный филиал готов. Утром отдел принял заявку.
4685,punctuation_delete_replace,non_atomic_edit_count,Зимнее расписание готов!!!! После обеда секретарь внес дату.,Зимнее расписание готов! После обеда секретарь внес дату.
4686,punctuation_delete_replace,candidate_missing,"Летняя проверка,, готов. Вечером редактор проверил список.","Летняя проверка, готов. Вечером редактор проверил список."
4687,punctuation_delete_replace,candidate_missing,Районный протокол готов.. Затем курьер доставил пакет.,Районный протокол готов. Затем курьер доставил пакет.
4688,punctuation_delete_replace,non_atomic_edit_count,Входящее письмо готов!!!! Позже аналитик сверил отчет.,Входящее письмо готов! Позже аналитик сверил отчет.
4689,punctuation_delete_replace,candidate_missing,"Старый договор,, готов. Утром группа открыла архив.","Старый договор, готов. Утром группа открыла архив."
4690,punctuation_delete_replace,candidate_missing,Новая таблица готов.. После встречи автор добавил подпись.,Новая таблица готов. После встречи автор добавил подпись.
4691,punctuation_delete_replace,non_atomic_edit_count,Закрытый раздел готов!!!! Вечером отдел закрыл вопрос.,Закрытый раздел готов! Вечером отдел закрыл вопрос.
4692,punctuation_delete_replace,candidate_missing,"Утренний приказ,, готов. Затем специалист отправил ответ.","Утренний приказ, готов. Затем специалист отправил ответ."
4693,punctuation_delete_replace,candidate_missing,Служебная записка готов.. Позже секретарь подготовил копию.,Служебная записка готов. Позже секретарь подготовил копию.
4694,punctuation_delete_replace,non_atomic_edit_count,Городской проект готов!!!! Утром редактор проверил адрес.,Городской проект готов! Утром редактор проверил адрес.
4695,punctuation_delete_replace,candidate_missing,"Важное решение,, готов. После звонка комиссия ждала письмо.","Важное решение, готов. После звонка комиссия ждала письмо."
4696,punctuation_delete_replace,candidate_missing,Общий список готов.. Вечером автор уточнил срок.,Общий список готов. Вечером автор уточнил срок.
4697,punctuation_delete_replace,non_atomic_edit_count,Рабочий кабинет готов!!!! Затем отдел сохранил файл.,Рабочий кабинет готов! Затем отдел сохранил файл.
4698,punctuation_delete_replace,candidate_missing,"Архивный номер,, готов. Позже группа приняла решение.","Архивный номер, готов. Позже группа приняла решение."
4699,punctuation_delete_replace,candidate_missing,Открытый вопрос готов.. Утром служба сверила данные.,Открытый вопрос готов. Утром служба сверила данные.
4700,punctuation_delete_replace,non_atomic_edit_count,Плановый отчет готов!!!! После совещания секретарь закрыл папку.,Плановый отчет готов! После совещания секретарь закрыл папку.
4701,punctuation_delete_replace,candidate_missing,"Новый маршрут,, готов. Вечером специалист обновил запись.","Новый маршрут, готов. Вечером специалист обновил запись."
4702,punctuation_delete_replace,candidate_missing,Вечерняя смена готов.. Затем редактор передал копию.,Вечерняя смена готов. Затем редактор передал копию.
4703,punctuation_delete_replace,non_atomic_edit_count,Срочная заявка готов!!!! Позже автор открыл таблицу.,Срочная заявка готов! Позже автор открыл таблицу.
4704,punctuation_delete_replace,candidate_missing,"Письменная просьба,, готов. Утром комиссия согласовала дату.","Письменная просьба, готов. Утром комиссия согласовала дату."
4705,punctuation_delete_replace,candidate_missing,Короткий протокол готов.. После проверки отдел отправил ответ.,Короткий протокол готов. После проверки отдел отправил ответ.
4706,punctuation_delete_replace,non_atomic_edit_count,Дневной выпуск готов!!!! Вечером секретарь внес подпись.,Дневной выпуск готов! Вечером секретарь внес подпись.
4707,punctuation_delete_replace,candidate_missing,"Точная дата,, готов. Затем группа закрыла журнал.","Точная дата, готов. Затем группа закрыла журнал."
4708,punctuation_delete_replace,candidate_missing,Готовый макет готов.. Позже служба уточнила маршрут.,Готовый макет готов. Позже служба уточнила маршрут.
4709,punctuation_delete_replace,non_atomic_edit_count,Основной договор готов!!!! Утром аналитик проверил сводку.,Основной договор готов! Утром аналитик проверил сводку.
4710,punctuation_delete_replace,candidate_missing,"Временный график,, готов. После обеда редактор принял письмо.","Временный график, готов. После обеда редактор принял письмо."
4711,punctuation_delete_replace,candidate_missing,Дежурная группа готов.. Вечером отдел обновил список.,Дежурная группа готов. Вечером отдел обновил список.
4712,punctuation_delete_replace,non_atomic_edit_count,Финальная версия готов!!!! Затем автор сохранил документ.,Финальная версия готов! Затем автор сохранил документ.
4713,punctuation_delete_replace,candidate_missing,"Контрольная таблица,, готов. Позже комиссия открыла протокол.","Контрольная таблица, готов. Позже комиссия открыла протокол."
4714,punctuation_delete_replace,candidate_missing,Принятый отчет готов.. Утром секретарь отправил копию.,Принятый отчет готов. Утром секретарь отправил копию.
4715,punctuation_delete_replace,non_atomic_edit_count,Закрытое письмо готов!!!! После звонка специалист уточнил срок.,Закрытое письмо готов! После звонка специалист уточнил срок.
4716,punctuation_delete_replace,candidate_missing,"Служебный ответ,, готов. Вечером группа сверила даты.","Служебный ответ, готов. Вечером группа сверила даты."
4717,punctuation_delete_replace,candidate_missing,Городская программа готов.. Затем отдел принял письмо.,Городская программа готов. Затем отдел принял письмо.
4718,punctuation_delete_replace,non_atomic_edit_count,Рабочий отчет готов!!!! Позже редактор сохранил копию.,Рабочий отчет готов! Позже редактор сохранил копию.
4719,punctuation_delete_replace,candidate_missing,"Новый документ,, готов. Утром комиссия вернулась к письму.","Новый документ, готов. Утром комиссия вернулась к письму."
4720,punctuation_delete_replace,candidate_missing,Городской архив готов.. После встречи файл остался в архиве.,Городской архив готов. После встречи файл остался в архиве.
4721,punctuation_delete_replace,non_atomic_edit_count,Утренний выпуск готов!!!! Вечером автор обновил сводку.,Утренний выпуск готов! Вечером автор обновил сводку.
4722,punctuation_delete_replace,candidate_missing,"Важный договор,, готов. Затем группа сверила подписи.","Важный договор, готов. Затем группа сверила подписи."
4723,punctuation_delete_replace,candidate_missing,Короткая заметка готов.. Позже служба отправила ответ.,Короткая заметка готов. Позже служба отправила ответ.
4724,punctuation_delete_replace,non_atomic_edit_count,Итоговая таблица готов!!!! Утром секретарь открыл папку.,Итоговая таблица готов! Утром секретарь открыл папку.
4725,punctuation_delete_replace,candidate_missing,"Свежая сводка,, готов. После проверки список закрыли.","Свежая сводка, готов. После проверки список закрыли."
4726,punctuation_delete_replace,candidate_missing,Открытая заявка готов.. Вечером руководитель принял правки.,Открытая заявка готов. Вечером руководитель принял правки.
4727,punctuation_delete_replace,non_atomic_edit_count,Письменный ответ готов!!!! Затем аналитик обновил запись.,Письменный ответ готов! Затем аналитик обновил запись.
4728,punctuation_delete_replace,candidate_missing,"Районная комиссия,, готов. Позже отдел уточнил дату.","Районная комиссия, готов. Позже отдел уточнил дату."
4729,punctuation_delete_replace,candidate_missing,Финальный список готов.. Утром курьер принес копию.,Финальный список готов. Утром курьер принес копию.
4730,punctuation_delete_replace,non_atomic_edit_count,Новая редакция готов!!!! После обеда автор сверил данные.,Новая редакция готов! После обеда автор сверил данные.
4731,punctuation_delete_replace,candidate_missing,"Архивная запись,, готов. Вечером секретарь закрыл журнал.","Архивная запись, готов. Вечером секретарь закрыл журнал."
4732,punctuation_delete_replace,candidate_missing,Дежурный редактор готов.. Затем комиссия перенесла встречу.,Дежурный редактор готов. Затем комиссия перенесла встречу.
4733,punctuation_delete_replace,non_atomic_edit_count,Общий график готов!!!! Позже архивариус обновил карточку.,Общий график готов! Позже архивариус обновил карточку.
4734,punctuation_delete_replace,candidate_missing,"Плановая встреча,, готов. Утром дежурный проверил подписи.","Плановая встреча, готов. Утром дежурный проверил подписи."
4735,punctuation_delete_replace,candidate_missing,Осенняя проверка готов.. После звонка редактор открыл файл.,Осенняя проверка готов. После звонка редактор открыл файл.
4736,punctuation_delete_replace,non_atomic_edit_count,Сводный отчет готов!!!! Вечером группа согласовала срок.,Сводный отчет готов! Вечером группа согласовала срок.
4737,punctuation_delete_replace,candidate_missing,"Важная подпись,, готов. Затем отдел отправил письмо.","Важная подпись, готов. Затем отдел отправил письмо."
4738,punctuation_delete_replace,candidate_missing,Рабочая группа готов.. Позже автор поправил заголовок.,Рабочая группа готов. Позже автор поправил заголовок.
4739,punctuation_delete_replace,non_atomic_edit_count,Городская служба готов!!!! Утром команда сверила список.,Городская служба готов! Утром команда сверила список.
4740,punctuation_delete_replace,candidate_missing,"Новый раздел,, готов. После совещания документ приняли.","Новый раздел, готов. После совещания документ приняли."
4741,punctuation_delete_replace,candidate_missing,Учебная таблица готов.. Вечером сотрудник закрыл заявку.,Учебная таблица готов. Вечером сотрудник закрыл заявку.
4742,punctuation_delete_replace,non_atomic_edit_count,Вечерний протокол готов!!!! Затем редактор сохранил таблицу.,Вечерний протокол готов! Затем редактор сохранил таблицу.
4743,punctuation_delete_replace,candidate_missing,"Проверенный файл,, готов. Позже руководитель уточнил адрес.","Проверенный файл, готов. Позже руководитель уточнил адрес."
4744,punctuation_delete_replace,candidate_missing,Согласованный договор готов.. Утром специалист открыл журнал.,Согласованный договор готов. Утром специалист открыл журнал.
4745,punctuation_delete_replace,non_atomic_edit_count,Подготовленный список готов!!!! После проверки данные совпали.,Подготовленный список готов! После проверки данные совпали.
4746,punctuation_delete_replace,candidate_missing,"Закрытая заявка,, готов. Вечером служба передала копию.","Закрытая заявка, готов. Вечером служба передала копию."
4747,punctuation_delete_replace,candidate_missing,Длинная запись готов.. Затем автор подписал лист.,Длинная запись готов. Затем автор подписал лист.
4748,punctuation_delete_replace,non_atomic_edit_count,Обновленный журнал готов!!!! Позже комиссия вернула письмо.,Обновленный журнал готов! Позже комиссия вернула письмо.
4749,punctuation_delete_replace,candidate_missing,"Северный филиал,, готов. Утром отдел принял заявку.","Северный филиал, готов. Утром отдел принял заявку."
4750,punctuation_delete_replace,candidate_missing,Зимнее расписание готов.. После обеда секретарь внес дату.,Зимнее расписание готов. После обеда секретарь внес дату.
4751,punctuation_delete_replace,non_atomic_edit_count,Летняя проверка готов!!!! Вечером редактор проверил список.,Летняя проверка готов! Вечером редактор проверил список.
4752,punctuation_delete_replace,candidate_missing,"Районный протокол,, готов. Затем курьер доставил пакет.","Районный протокол, готов. Затем курьер доставил пакет."
4753,punctuation_delete_replace,candidate_missing,Входящее письмо готов.. Позже аналитик сверил отчет.,Входящее письмо готов. Позже аналитик сверил отчет.
4754,punctuation_delete_replace,non_atomic_edit_count,Старый договор готов!!!! Утром группа открыла архив.,Старый договор готов! Утром группа открыла архив.
4755,punctuation_delete_replace,candidate_missing,"Новая таблица,, готов. После встречи автор добавил подпись.","Новая таблица, готов. После встречи автор добавил подпись."
4756,punctuation_delete_replace,candidate_missing,Закрытый раздел готов.. Вечером отдел закрыл вопрос.,Закрытый раздел готов. Вечером отдел закрыл вопрос.
4757,punctuation_delete_replace,non_atomic_edit_count,Утренний приказ готов!!!! Затем специалист отправил ответ.,Утренний приказ готов! Затем специалист отправил ответ.
4758,punctuation_delete_replace,candidate_missing,"Служебная записка,, готов. Позже секретарь подготовил копию.","Служебная записка, готов. Позже секретарь подготовил копию."
4759,punctuation_delete_replace,candidate_missing,Городской проект готов.. Утром редактор проверил адрес.,Городской проект готов. Утром редактор проверил адрес.
4760,punctuation_delete_replace,non_atomic_edit_count,Важное решение готов!!!! После звонка комиссия ждала письмо.,Важное решение готов! После звонка комиссия ждала письмо.
4761,punctuation_delete_replace,candidate_missing,"Общий список,, готов. Вечером автор уточнил срок.","Общий список, готов. Вечером автор уточнил срок."
4762,punctuation_delete_replace,candidate_missing,Рабочий кабинет готов.. Затем отдел сохранил файл.,Рабочий кабинет готов. Затем отдел сохранил файл.
4763,punctuation_delete_replace,non_atomic_edit_count,Архивный номер готов!!!! Позже группа приняла решение.,Архивный номер готов! Позже группа приняла решение.
4764,punctuation_delete_replace,candidate_missing,"Открытый вопрос,, готов. Утром служба сверила данные.","Открытый вопрос, готов. Утром служба сверила данные."
4765,punctuation_delete_replace,candidate_missing,Плановый отчет готов.. После совещания секретарь закрыл папку.,Плановый отчет готов. После совещания секретарь закрыл папку.
4766,punctuation_delete_replace,non_atomic_edit_count,Новый маршрут готов!!!! Вечером специалист обновил запись.,Новый маршрут готов! Вечером специалист обновил запись.
4767,punctuation_delete_replace,candidate_missing,"Вечерняя смена,, готов. Затем редактор передал копию.","Вечерняя смена, готов. Затем редактор передал копию."
4768,punctuation_delete_replace,candidate_missing,Срочная заявка готов.. Позже автор открыл таблицу.,Срочная заявка готов. Позже автор открыл таблицу.
4769,punctuation_delete_replace,non_atomic_edit_count,Письменная просьба готов!!!! Утром комиссия согласовала дату.,Письменная просьба готов! Утром комиссия согласовала дату.
4770,punctuation_delete_replace,candidate_missing,"Короткий протокол,, готов. После проверки отдел отправил ответ.","Короткий протокол, готов. После проверки отдел отправил ответ."
4771,punctuation_delete_replace,candidate_missing,Дневной выпуск готов.. Вечером секретарь внес подпись.,Дневной выпуск готов. Вечером секретарь внес подпись.
4772,punctuation_delete_replace,non_atomic_edit_count,Точная дата готов!!!! Затем группа закрыла журнал.,Точная дата готов! Затем группа закрыла журнал.
4773,punctuation_delete_replace,candidate_missing,"Готовый макет,, готов. Позже служба уточнила маршрут.","Готовый макет, готов. Позже служба уточнила маршрут."
4774,punctuation_delete_replace,candidate_missing,Основной договор готов.. Утром аналитик проверил сводку.,Основной договор готов. Утром аналитик проверил сводку.
4775,punctuation_delete_replace,non_atomic_edit_count,Временный график готов!!!! После обеда редактор принял письмо.,Временный график готов! После обеда редактор принял письмо.
4776,punctuation_delete_replace,candidate_missing,"Дежурная группа,, готов. Вечером отдел обновил список.","Дежурная группа, готов. Вечером отдел обновил список."
4777,punctuation_delete_replace,candidate_missing,Финальная версия готов.. Затем автор сохранил документ.,Финальная версия готов. Затем автор сохранил документ.
4778,punctuation_delete_replace,non_atomic_edit_count,Контрольная таблица готов!!!! Позже комиссия открыла протокол.,Контрольная таблица готов! Позже комиссия открыла протокол.
4779,punctuation_delete_replace,candidate_missing,"Принятый отчет,, готов. Утром секретарь отправил копию.","Принятый отчет, готов. Утром секретарь отправил копию."
4780,punctuation_delete_replace,candidate_missing,Закрытое письмо готов.. После звонка специалист уточнил срок.,Закрытое письмо готов. После звонка специалист уточнил срок.
4781,punctuation_delete_replace,non_atomic_edit_count,Служебный ответ готов!!!! Вечером группа сверила даты.,Служебный ответ готов! Вечером группа сверила даты.
4782,punctuation_delete_replace,candidate_missing,"Городская программа,, готов. Затем отдел принял письмо.","Городская программа, готов. Затем отдел принял письмо."
4783,punctuation_delete_replace,candidate_missing,Рабочий отчет готов.. Позже редактор сохранил копию.,Рабочий отчет готов. Позже редактор сохранил копию.
4784,punctuation_delete_replace,non_atomic_edit_count,Новый документ готов!!!! Утром комиссия вернулась к письму.,Новый документ готов! Утром комиссия вернулась к письму.
4785,punctuation_delete_replace,candidate_missing,"Городской архив,, готов. После встречи файл остался в архиве.","Городской архив, готов. После встречи файл остался в архиве."
4786,punctuation_delete_replace,candidate_missing,Утренний выпуск готов.. Вечером автор обновил сводку.,Утренний выпуск готов. Вечером автор обновил сводку.
4787,punctuation_delete_replace,non_atomic_edit_count,Важный договор готов!!!! Затем группа сверила подписи.,Важный договор готов! Затем группа сверила подписи.
4788,punctuation_delete_replace,candidate_missing,"Короткая заметка,, готов. Позже служба отправила ответ.","Короткая заметка, готов. Позже служба отправила ответ."
4789,punctuation_delete_replace,candidate_missing,Итоговая таблица готов.. Утром секретарь открыл папку.,Итоговая таблица готов. Утром секретарь открыл папку.
4790,punctuation_delete_replace,non_atomic_edit_count,Свежая сводка готов!!!! После проверки список закрыли.,Свежая сводка готов! После проверки список закрыли.
4791,punctuation_delete_replace,candidate_missing,"Открытая заявка,, готов. Вечером руководитель принял правки.","Открытая заявка, готов. Вечером руководитель принял правки."
4792,punctuation_delete_replace,candidate_missing,Письменный ответ готов.. Затем аналитик обновил запись.,Письменный ответ готов. Затем аналитик обновил запись.
4793,punctuation_delete_replace,non_atomic_edit_count,Районная комиссия готов!!!! Позже отдел уточнил дату.,Районная комиссия готов! Позже отдел уточнил дату.
4794,punctuation_delete_replace,candidate_missing,"Финальный список,, готов. Утром курьер принес копию.","Финальный список, готов. Утром курьер принес копию."
4795,punctuation_delete_replace,candidate_missing,Новая редакция готов.. После обеда автор сверил данные.,Новая редакция готов. После обеда автор сверил данные.
4796,punctuation_delete_replace,non_atomic_edit_count,Архивная запись готов!!!! Вечером секретарь закрыл журнал.,Архивная запись готов! Вечером секретарь закрыл журнал.
4797,punctuation_delete_replace,candidate_missing,"Дежурный редактор,, готов. Затем комиссия перенесла встречу.","Дежурный редактор, готов. Затем комиссия перенесла встречу."
4798,punctuation_delete_replace,candidate_missing,Общий график готов.. Позже архивариус обновил карточку.,Общий график готов. Позже архивариус обновил карточку.
4799,punctuation_delete_replace,non_atomic_edit_count,Плановая встреча готов!!!! Утром дежурный проверил подписи.,Плановая встреча готов! Утром дежурный проверил подписи.
4800,punctuation_delete_replace,candidate_missing,"Осенняя проверка,, готов. После звонка редактор открыл файл.","Осенняя проверка, готов. После звонка редактор открыл файл."
4801,punctuation_delete_replace,candidate_missing,Сводный отчет готов.. Вечером группа согласовала срок.,Сводный отчет готов. Вечером группа согласовала срок.
4802,punctuation_delete_replace,non_atomic_edit_count,Важная подпись готов!!!! Затем отдел отправил письмо.,Важная подпись готов! Затем отдел отправил письмо.
4803,punctuation_delete_replace,candidate_missing,"Рабочая группа,, готов. Позже автор поправил заголовок.","Рабочая группа, готов. Позже автор поправил заголовок."
4804,punctuation_delete_replace,candidate_missing,Городская служба готов.. Утром команда сверила список.,Городская служба готов. Утром команда сверила список.
4805,punctuation_delete_replace,non_atomic_edit_count,Новый раздел готов!!!! После совещания документ приняли.,Новый раздел готов! После совещания документ приняли.
4806,punctuation_delete_replace,candidate_missing,"Учебная таблица,, готов. Вечером сотрудник закрыл заявку.","Учебная таблица, готов. Вечером сотрудник закрыл заявку."
4807,punctuation_delete_replace,candidate_missing,Вечерний протокол готов.. Затем редактор сохранил таблицу.,Вечерний протокол готов. Затем редактор сохранил таблицу.
4808,punctuation_delete_replace,non_atomic_edit_count,Проверенный файл готов!!!! Позже руководитель уточнил адрес.,Проверенный файл готов! Позже руководитель уточнил адрес.
4809,punctuation_delete_replace,candidate_missing,"Согласованный договор,, готов. Утром специалист открыл журнал.","Согласованный договор, готов. Утром специалист открыл журнал."
4810,punctuation_delete_replace,candidate_missing,Подготовленный список готов.. После проверки данные совпали.,Подготовленный список готов. После проверки данные совпали.
4811,punctuation_delete_replace,non_atomic_edit_count,Закрытая заявка готов!!!! Вечером служба передала копию.,Закрытая заявка готов! Вечером служба передала копию.
4812,punctuation_delete_replace,candidate_missing,"Длинная запись,, готов. Затем автор подписал лист.","Длинная запись, готов. Затем автор подписал лист."
4813,punctuation_delete_replace,candidate_missing,Обновленный журнал готов.. Позже комиссия вернула письмо.,Обновленный журнал готов. Позже комиссия вернула письмо.
4814,punctuation_delete_replace,non_atomic_edit_count,Северный филиал готов!!!! Утром отдел принял заявку.,Северный филиал готов! Утром отдел принял заявку.
4815,punctuation_delete_replace,candidate_missing,"Зимнее расписание,, готов. После обеда секретарь внес дату.","Зимнее расписание, готов. После обеда секретарь внес дату."
4816,punctuation_delete_replace,candidate_missing,Летняя проверка готов.. Вечером редактор проверил список.,Летняя проверка готов. Вечером редактор проверил список.
4817,punctuation_delete_replace,non_atomic_edit_count,Районный протокол готов!!!! Затем курьер доставил пакет.,Районный протокол готов! Затем курьер доставил пакет.
4818,punctuation_delete_replace,candidate_missing,"Входящее письмо,, готов. Позже аналитик сверил отчет.","Входящее письмо, готов. Позже аналитик сверил отчет."
4819,punctuation_delete_replace,candidate_missing,Старый договор готов.. Утром группа открыла архив.,Старый договор готов. Утром группа открыла архив.
4820,punctuation_delete_replace,non_atomic_edit_count,Новая таблица готов!!!! После встречи автор добавил подпись.,Новая таблица готов! После встречи автор добавил подпись.
4821,punctuation_delete_replace,candidate_missing,"Закрытый раздел,, готов. Вечером отдел закрыл вопрос.","Закрытый раздел, готов. Вечером отдел закрыл вопрос."
4822,punctuation_delete_replace,candidate_missing,Утренний приказ готов.. Затем специалист отправил ответ.,Утренний приказ готов. Затем специалист отправил ответ.
4823,punctuation_delete_replace,non_atomic_edit_count,Служебная записка готов!!!! Позже секретарь подготовил копию.,Служебная записка готов! Позже секретарь подготовил копию.
4824,punctuation_delete_replace,candidate_missing,"Городской проект,, готов. Утром редактор проверил адрес.","Городской проект, готов. Утром редактор проверил адрес."
4825,punctuation_delete_replace,candidate_missing,Важное решение готов.. После звонка комиссия ждала письмо.,Важное решение готов. После звонка комиссия ждала письмо.
4826,punctuation_delete_replace,non_atomic_edit_count,Общий список готов!!!! Вечером автор уточнил срок.,Общий список готов! Вечером автор уточнил срок.
4827,punctuation_delete_replace,candidate_missing,"Рабочий кабинет,, готов. Затем отдел сохранил файл.","Рабочий кабинет, готов. Затем отдел сохранил файл."
4828,punctuation_delete_replace,candidate_missing,Архивный номер готов.. Позже группа приняла решение.,Архивный номер готов. Позже группа приняла решение.
4829,punctuation_delete_replace,non_atomic_edit_count,Открытый вопрос готов!!!! Утром служба сверила данные.,Открытый вопрос готов! Утром служба сверила данные.
4830,punctuation_delete_replace,candidate_missing,"Плановый отчет,, готов. После совещания секретарь закрыл папку.","Плановый отчет, готов. После совещания секретарь закрыл папку."
4831,punctuation_delete_replace,candidate_missing,Новый маршрут готов.. Вечером специалист обновил запись.,Новый маршрут готов. Вечером специалист обновил запись.
4832,punctuation_delete_replace,non_atomic_edit_count,Вечерняя смена готов!!!! Затем редактор передал копию.,Вечерняя смена готов! Затем редактор передал копию.
4833,punctuation_delete_replace,candidate_missing,"Срочная заявка,, готов. Позже автор открыл таблицу.","Срочная заявка, готов. Позже автор открыл таблицу."
4834,punctuation_delete_replace,candidate_missing,Письменная просьба готов.. Утром комиссия согласовала дату.,Письменная просьба готов. Утром комиссия согласовала дату.
4835,punctuation_delete_replace,non_atomic_edit_count,Короткий протокол готов!!!! После проверки отдел отправил ответ.,Короткий протокол готов! После проверки отдел отправил ответ.
4836,punctuation_delete_replace,candidate_missing,"Дневной выпуск,, готов. Вечером секретарь внес подпись.","Дневной выпуск, готов. Вечером секретарь внес подпись."
4837,punctuation_delete_replace,candidate_missing,Точная дата готов.. Затем группа закрыла журнал.,Точная дата готов. Затем группа закрыла журнал.
4838,punctuation_delete_replace,non_atomic_edit_count,Готовый макет готов!!!! Позже служба уточнила маршрут.,Готовый макет готов! Позже служба уточнила маршрут.
4839,punctuation_delete_replace,candidate_missing,"Основной договор,, готов. Утром аналитик проверил сводку.","Основной договор, готов. Утром аналитик проверил сводку."
4840,punctuation_delete_replace,candidate_missing,Временный график готов.. После обеда редактор принял письмо.,Временный график готов. После обеда редактор принял письмо.
4841,punctuation_delete_replace,non_atomic_edit_count,Дежурная группа готов!!!! Вечером отдел обновил список.,Дежурная группа готов! Вечером отдел обновил список.
4842,punctuation_delete_replace,candidate_missing,"Финальная версия,, готов. Затем автор сохранил документ.","Финальная версия, готов. Затем автор сохранил документ."
4843,punctuation_delete_replace,candidate_missing,Контрольная таблица готов.. Позже комиссия открыла протокол.,Контрольная таблица готов. Позже комиссия открыла протокол.
4844,punctuation_delete_replace,non_atomic_edit_count,Принятый отчет готов!!!! Утром секретарь отправил копию.,Принятый отчет готов! Утром секретарь отправил копию.
4845,punctuation_delete_replace,candidate_missing,"Закрытое письмо,, готов. После звонка специалист уточнил срок.","Закрытое письмо, готов. После звонка специалист уточнил срок."
4846,punctuation_delete_replace,candidate_missing,Служебный ответ готов.. Вечером группа сверила даты.,Служебный ответ готов. Вечером группа сверила даты.
4847,punctuation_delete_replace,non_atomic_edit_count,Городская программа готов!!!! Затем отдел принял письмо.,Городская программа готов! Затем отдел принял письмо.
4848,quote_pair_balance,target_quality_failed,Редактор сказал: «рабочий отчет готов.,Редактор сказал: «рабочий отчет готов».
4849,quote_pair_balance,target_quality_failed,Редактор сказал: «городской архив готов.,Редактор сказал: «городской архив готов».
4850,quote_pair_balance,target_quality_failed,Редактор сказал: «важный договор готов.,Редактор сказал: «важный договор готов».
4851,quote_pair_balance,target_quality_failed,Редактор сказал: «итоговая таблица готов.,Редактор сказал: «итоговая таблица готов».
4852,quote_pair_balance,target_quality_failed,Редактор сказал: «открытая заявка готов.,Редактор сказал: «открытая заявка готов».
4853,quote_pair_balance,target_quality_failed,Редактор сказал: «районная комиссия готов.,Редактор сказал: «районная комиссия готов».
4854,quote_pair_balance,target_quality_failed,Редактор сказал: «новая редакция готов.,Редактор сказал: «новая редакция готов».
4855,quote_pair_balance,target_quality_failed,Редактор сказал: «дежурный редактор готов.,Редактор сказал: «дежурный редактор готов».
4856,quote_pair_balance,target_quality_failed,Редактор сказал: «плановая встреча готов.,Редактор сказал: «плановая встреча готов».
4857,quote_pair_balance,target_quality_failed,Редактор сказал: «сводный отчет готов.,Редактор сказал: «сводный отчет готов».
4858,quote_pair_balance,target_quality_failed,Редактор сказал: «рабочая группа готов.,Редактор сказал: «рабочая группа готов».
4859,quote_pair_balance,target_quality_failed,Редактор сказал: «новый раздел готов.,Редактор сказал: «новый раздел готов».
4860,quote_pair_balance,target_quality_failed,Редактор сказал: «вечерний протокол готов.,Редактор сказал: «вечерний протокол готов».
4861,quote_pair_balance,target_quality_failed,Редактор сказал: «согласованный договор готов.,Редактор сказал: «согласованный договор готов».
4862,quote_pair_balance,target_quality_failed,Редактор сказал: «закрытая заявка готов.,Редактор сказал: «закрытая заявка готов».
4863,quote_pair_balance,target_quality_failed,Редактор сказал: «обновленный журнал готов.,Редактор сказал: «обновленный журнал готов».
4864,quote_pair_balance,target_quality_failed,Редактор сказал: «зимнее расписание готов.,Редактор сказал: «зимнее расписание готов».
4865,quote_pair_balance,target_quality_failed,Редактор сказал: «районный протокол готов.,Редактор сказал: «районный протокол готов».
4866,quote_pair_balance,target_quality_failed,Редактор сказал: «старый договор готов.,Редактор сказал: «старый договор готов».
4867,quote_pair_balance,target_quality_failed,Редактор сказал: «закрытый раздел готов.,Редактор сказал: «закрытый раздел готов».
4868,quote_pair_balance,target_quality_failed,Редактор сказал: «служебная записка готов.,Редактор сказал: «служебная записка готов».
4869,quote_pair_balance,target_quality_failed,Редактор сказал: «важное решение готов.,Редактор сказал: «важное решение готов».
4870,quote_pair_balance,target_quality_failed,Редактор сказал: «рабочий кабинет готов.,Редактор сказал: «рабочий кабинет готов».
4871,quote_pair_balance,target_quality_failed,Редактор сказал: «открытый вопрос готов.,Редактор сказал: «открытый вопрос готов».
4872,quote_pair_balance,target_quality_failed,Редактор сказал: «новый маршрут готов.,Редактор сказал: «новый маршрут готов».
4873,quote_pair_balance,target_quality_failed,Редактор сказал: «срочная заявка готов.,Редактор сказал: «срочная заявка готов».
4874,quote_pair_balance,target_quality_failed,Редактор сказал: «короткий протокол готов.,Редактор сказал: «короткий протокол готов».
4875,quote_pair_balance,target_quality_failed,Редактор сказал: «точная дата готов.,Редактор сказал: «точная дата готов».
4876,quote_pair_balance,target_quality_failed,Редактор сказал: «основной договор готов.,Редактор сказал: «основной договор готов».
4877,quote_pair_balance,target_quality_failed,Редактор сказал: «дежурная группа готов.,Редактор сказал: «дежурная группа готов».
4878,quote_pair_balance,target_quality_failed,Редактор сказал: «контрольная таблица готов.,Редактор сказал: «контрольная таблица готов».
4879,quote_pair_balance,target_quality_failed,Редактор сказал: «закрытое письмо готов.,Редактор сказал: «закрытое письмо готов».
4880,quote_pair_balance,target_quality_failed,Редактор сказал: «городская программа готов.,Редактор сказал: «городская программа готов».
4881,quote_pair_balance,target_quality_failed,Редактор сказал: «новый документ готов.,Редактор сказал: «новый документ готов».
4882,quote_pair_balance,target_quality_failed,Редактор сказал: «утренний выпуск готов.,Редактор сказал: «утренний выпуск готов».
4883,quote_pair_balance,target_quality_failed,Редактор сказал: «короткая заметка готов.,Редактор сказал: «короткая заметка готов».
4884,quote_pair_balance,target_quality_failed,Редактор сказал: «свежая сводка готов.,Редактор сказал: «свежая сводка готов».
4885,quote_pair_balance,target_quality_failed,Редактор сказал: «письменный ответ готов.,Редактор сказал: «письменный ответ готов».
4886,quote_pair_balance,target_quality_failed,Редактор сказал: «финальный список готов.,Редактор сказал: «финальный список готов».
4887,quote_pair_balance,target_quality_failed,Редактор сказал: «архивная запись готов.,Редактор сказал: «архивная запись готов».
4888,quote_pair_balance,target_quality_failed,Редактор сказал: «общий график готов.,Редактор сказал: «общий график готов».
4889,quote_pair_balance,target_quality_failed,Редактор сказал: «осенняя проверка готов.,Редактор сказал: «осенняя проверка готов».
4890,quote_pair_balance,target_quality_failed,Редактор сказал: «важная подпись готов.,Редактор сказал: «важная подпись готов».
4891,quote_pair_balance,target_quality_failed,Редактор сказал: «городская служба готов.,Редактор сказал: «городская служба готов».
4892,quote_pair_balance,target_quality_failed,Редактор сказал: «учебная таблица готов.,Редактор сказал: «учебная таблица готов».
4893,quote_pair_balance,target_quality_failed,Редактор сказал: «проверенный файл готов.,Редактор сказал: «проверенный файл готов».
4894,quote_pair_balance,target_quality_failed,Редактор сказал: «подготовленный список готов.,Редактор сказал: «подготовленный список готов».
4895,quote_pair_balance,target_quality_failed,Редактор сказал: «длинная запись готов.,Редактор сказал: «длинная запись готов».
4896,quote_pair_balance,target_quality_failed,Редактор сказал: «северный филиал готов.,Редактор сказал: «северный филиал готов».
4897,quote_pair_balance,target_quality_failed,Редактор сказал: «летняя проверка готов.,Редактор сказал: «летняя проверка готов».
4898,quote_pair_balance,target_quality_failed,Редактор сказал: «входящее письмо готов.,Редактор сказал: «входящее письмо готов».
4899,quote_pair_balance,target_quality_failed,Редактор сказал: «новая таблица готов.,Редактор сказал: «новая таблица готов».
4900,quote_pair_balance,target_quality_failed,Редактор сказал: «утренний приказ готов.,Редактор сказал: «утренний приказ готов».
4901,quote_pair_balance,target_quality_failed,Редактор сказал: «городской проект готов.,Редактор сказал: «городской проект готов».
4902,quote_pair_balance,target_quality_failed,Редактор сказал: «общий список готов.,Редактор сказал: «общий список готов».
4903,quote_pair_balance,target_quality_failed,Редактор сказал: «архивный номер готов.,Редактор сказал: «архивный номер готов».
4904,quote_pair_balance,target_quality_failed,Редактор сказал: «плановый отчет готов.,Редактор сказал: «плановый отчет готов».
4905,quote_pair_balance,target_quality_failed,Редактор сказал: «вечерняя смена готов.,Редактор сказал: «вечерняя смена готов».
4906,quote_pair_balance,target_quality_failed,Редактор сказал: «письменная просьба готов.,Редактор сказал: «письменная просьба готов».
4907,quote_pair_balance,target_quality_failed,Редактор сказал: «дневной выпуск готов.,Редактор сказал: «дневной выпуск готов».
4908,quote_pair_balance,target_quality_failed,Редактор сказал: «готовый макет готов.,Редактор сказал: «готовый макет готов».
4909,quote_pair_balance,target_quality_failed,Редактор сказал: «временный график готов.,Редактор сказал: «временный график готов».
4910,quote_pair_balance,target_quality_failed,Редактор сказал: «финальная версия готов.,Редактор сказал: «финальная версия готов».
4911,quote_pair_balance,target_quality_failed,Редактор сказал: «принятый отчет готов.,Редактор сказал: «принятый отчет готов».
4912,quote_pair_balance,target_quality_failed,Редактор сказал: «служебный ответ готов.,Редактор сказал: «служебный ответ готов».
4913,semicolon,strict_validator_rejected,Документ готов отчет отправлен. Позже редактор сохранил копию.,Документ готов; отчет отправлен. Позже редактор сохранил копию.
4914,semicolon,strict_validator_rejected,Документ готов отчет отправлен. Утром комиссия вернулась к письму.,Документ готов; отчет отправлен. Утром комиссия вернулась к письму.
4915,semicolon,strict_validator_rejected,Документ готов отчет отправлен. После встречи файл остался в архиве.,Документ готов; отчет отправлен. После встречи файл остался в архиве.
4916,semicolon,strict_validator_rejected,Документ готов отчет отправлен. Вечером автор обновил сводку.,Документ готов; отчет отправлен. Вечером автор обновил сводку.
4917,semicolon,strict_validator_rejected,Документ готов отчет отправлен. Затем группа сверила подписи.,Документ готов; отчет отправлен. Затем группа сверила подписи.
4918,semicolon,strict_validator_rejected,Документ готов отчет отправлен. Позже служба отправила ответ.,Документ готов; отчет отправлен. Позже служба отправила ответ.
4919,semicolon,strict_validator_rejected,Документ готов отчет отправлен. Утром секретарь открыл папку.,Документ готов; отчет отправлен. Утром секретарь открыл папку.
4920,semicolon,strict_validator_rejected,Документ готов отчет отправлен. После проверки список закрыли.,Документ готов; отчет отправлен. После проверки список закрыли.
4921,semicolon,strict_validator_rejected,Документ готов отчет отправлен. Вечером руководитель принял правки.,Документ готов; отчет отправлен. Вечером руководитель принял правки.
4922,semicolon,strict_validator_rejected,Документ готов отчет отправлен. Затем аналитик обновил запись.,Документ готов; отчет отправлен. Затем аналитик обновил запись.
4923,semicolon,strict_validator_rejected,Документ готов отчет отправлен. Позже отдел уточнил дату.,Документ готов; отчет отправлен. Позже отдел уточнил дату.
4924,semicolon,strict_validator_rejected,Документ готов отчет отправлен. Утром курьер принес копию.,Документ готов; отчет отправлен. Утром курьер принес копию.
4925,semicolon,strict_validator_rejected,Документ готов отчет отправлен. После обеда автор сверил данные.,Документ готов; отчет отправлен. После обеда автор сверил данные.
4926,semicolon,strict_validator_rejected,Документ готов отчет отправлен. Вечером секретарь закрыл журнал.,Документ готов; отчет отправлен. Вечером секретарь закрыл журнал.
4927,semicolon,strict_validator_rejected,Документ готов отчет отправлен. Затем комиссия перенесла встречу.,Документ готов; отчет отправлен. Затем комиссия перенесла встречу.
4928,semicolon,strict_validator_rejected,Документ готов отчет отправлен. Позже архивариус обновил карточку.,Документ готов; отчет отправлен. Позже архивариус обновил карточку.
4929,semicolon,strict_validator_rejected,Документ готов отчет отправлен. Утром дежурный проверил подписи.,Документ готов; отчет отправлен. Утром дежурный проверил подписи.
4930,semicolon,strict_validator_rejected,Документ готов отчет отправлен. После звонка редактор открыл файл.,Документ готов; отчет отправлен. После звонка редактор открыл файл.
4931,semicolon,strict_validator_rejected,Документ готов отчет отправлен. Вечером группа согласовала срок.,Документ готов; отчет отправлен. Вечером группа согласовала срок.
4932,semicolon,strict_validator_rejected,Документ готов отчет отправлен. Затем отдел отправил письмо.,Документ готов; отчет отправлен. Затем отдел отправил письмо.
4933,semicolon,strict_validator_rejected,Документ готов отчет отправлен. Позже автор поправил заголовок.,Документ готов; отчет отправлен. Позже автор поправил заголовок.
4934,semicolon,strict_validator_rejected,Документ готов отчет отправлен. Утром команда сверила список.,Документ готов; отчет отправлен. Утром команда сверила список.
4935,semicolon,strict_validator_rejected,Документ готов отчет отправлен. После совещания документ приняли.,Документ готов; отчет отправлен. После совещания документ приняли.
4936,semicolon,strict_validator_rejected,Документ готов отчет отправлен. Вечером сотрудник закрыл заявку.,Документ готов; отчет отправлен. Вечером сотрудник закрыл заявку.
4937,semicolon,strict_validator_rejected,Документ готов отчет отправлен. Затем редактор сохранил таблицу.,Документ готов; отчет отправлен. Затем редактор сохранил таблицу.
4938,semicolon,strict_validator_rejected,Документ готов отчет отправлен. Позже руководитель уточнил адрес.,Документ готов; отчет отправлен. Позже руководитель уточнил адрес.
4939,semicolon,strict_validator_rejected,Документ готов отчет отправлен. Утром специалист открыл журнал.,Документ готов; отчет отправлен. Утром специалист открыл журнал.
4940,semicolon,strict_validator_rejected,Документ готов отчет отправлен. После проверки данные совпали.,Документ готов; отчет отправлен. После проверки данные совпали.
4941,semicolon,strict_validator_rejected,Документ готов отчет отправлен. Вечером служба передала копию.,Документ готов; отчет отправлен. Вечером служба передала копию.
4942,semicolon,strict_validator_rejected,Документ готов отчет отправлен. Затем автор подписал лист.,Документ готов; отчет отправлен. Затем автор подписал лист.
4943,semicolon,strict_validator_rejected,Документ готов отчет отправлен. Позже комиссия вернула письмо.,Документ готов; отчет отправлен. Позже комиссия вернула письмо.
4944,semicolon,strict_validator_rejected,Документ готов отчет отправлен. Утром отдел принял заявку.,Документ готов; отчет отправлен. Утром отдел принял заявку.
4945,semicolon,strict_validator_rejected,Документ готов отчет отправлен. После обеда секретарь внес дату.,Документ готов; отчет отправлен. После обеда секретарь внес дату.
4946,semicolon,strict_validator_rejected,Документ готов отчет отправлен. Вечером редактор проверил список.,Документ готов; отчет отправлен. Вечером редактор проверил список.
4947,semicolon,strict_validator_rejected,Документ готов отчет отправлен. Затем курьер доставил пакет.,Документ готов; отчет отправлен. Затем курьер доставил пакет.
4948,semicolon,strict_validator_rejected,Документ готов отчет отправлен. Позже аналитик сверил отчет.,Документ готов; отчет отправлен. Позже аналитик сверил отчет.
4949,semicolon,strict_validator_rejected,Документ готов отчет отправлен. Утром группа открыла архив.,Документ готов; отчет отправлен. Утром группа открыла архив.
4950,semicolon,strict_validator_rejected,Документ готов отчет отправлен. После встречи автор добавил подпись.,Документ готов; отчет отправлен. После встречи автор добавил подпись.
4951,semicolon,strict_validator_rejected,Документ готов отчет отправлен. Вечером отдел закрыл вопрос.,Документ готов; отчет отправлен. Вечером отдел закрыл вопрос.
4952,semicolon,strict_validator_rejected,Документ готов отчет отправлен. Затем специалист отправил ответ.,Документ готов; отчет отправлен. Затем специалист отправил ответ.
4953,semicolon,strict_validator_rejected,Документ готов отчет отправлен. Позже секретарь подготовил копию.,Документ готов; отчет отправлен. Позже секретарь подготовил копию.
4954,semicolon,strict_validator_rejected,Документ готов отчет отправлен. Утром редактор проверил адрес.,Документ готов; отчет отправлен. Утром редактор проверил адрес.
4955,semicolon,strict_validator_rejected,Документ готов отчет отправлен. После звонка комиссия ждала письмо.,Документ готов; отчет отправлен. После звонка комиссия ждала письмо.
4956,semicolon,strict_validator_rejected,Документ готов отчет отправлен. Вечером автор уточнил срок.,Документ готов; отчет отправлен. Вечером автор уточнил срок.
4957,semicolon,strict_validator_rejected,Документ готов отчет отправлен. Затем отдел сохранил файл.,Документ готов; отчет отправлен. Затем отдел сохранил файл.
4958,semicolon,strict_validator_rejected,Документ готов отчет отправлен. Позже группа приняла решение.,Документ готов; отчет отправлен. Позже группа приняла решение.
4959,semicolon,strict_validator_rejected,Документ готов отчет отправлен. Утром служба сверила данные.,Документ готов; отчет отправлен. Утром служба сверила данные.
4960,semicolon,strict_validator_rejected,Документ готов отчет отправлен. После совещания секретарь закрыл папку.,Документ готов; отчет отправлен. После совещания секретарь закрыл папку.
4961,semicolon,strict_validator_rejected,Документ готов отчет отправлен. Вечером специалист обновил запись.,Документ готов; отчет отправлен. Вечером специалист обновил запись.
4962,semicolon,strict_validator_rejected,Документ готов отчет отправлен. Затем редактор передал копию.,Документ готов; отчет отправлен. Затем редактор передал копию.
4963,semicolon,strict_validator_rejected,Документ готов отчет отправлен. Позже автор открыл таблицу.,Документ готов; отчет отправлен. Позже автор открыл таблицу.
4964,semicolon,strict_validator_rejected,Документ готов отчет отправлен. Утром комиссия согласовала дату.,Документ готов; отчет отправлен. Утром комиссия согласовала дату.
4965,semicolon,strict_validator_rejected,Документ готов отчет отправлен. После проверки отдел отправил ответ.,Документ готов; отчет отправлен. После проверки отдел отправил ответ.
4966,semicolon,strict_validator_rejected,Документ готов отчет отправлен. Вечером секретарь внес подпись.,Документ готов; отчет отправлен. Вечером секретарь внес подпись.
4967,semicolon,strict_validator_rejected,Документ готов отчет отправлен. Затем группа закрыла журнал.,Документ готов; отчет отправлен. Затем группа закрыла журнал.
4968,semicolon,strict_validator_rejected,Документ готов отчет отправлен. Позже служба уточнила маршрут.,Документ готов; отчет отправлен. Позже служба уточнила маршрут.
4969,semicolon,strict_validator_rejected,Документ готов отчет отправлен. Утром аналитик проверил сводку.,Документ готов; отчет отправлен. Утром аналитик проверил сводку.
4970,semicolon,strict_validator_rejected,Документ готов отчет отправлен. После обеда редактор принял письмо.,Документ готов; отчет отправлен. После обеда редактор принял письмо.
4971,semicolon,strict_validator_rejected,Документ готов отчет отправлен. Вечером отдел обновил список.,Документ готов; отчет отправлен. Вечером отдел обновил список.
4972,semicolon,strict_validator_rejected,Документ готов отчет отправлен. Затем автор сохранил документ.,Документ готов; отчет отправлен. Затем автор сохранил документ.
4973,semicolon,strict_validator_rejected,Документ готов отчет отправлен. Позже комиссия открыла протокол.,Документ готов; отчет отправлен. Позже комиссия открыла протокол.
4974,semicolon,strict_validator_rejected,Документ готов отчет отправлен. Утром секретарь отправил копию.,Документ готов; отчет отправлен. Утром секретарь отправил копию.
4975,semicolon,strict_validator_rejected,Документ готов отчет отправлен. После звонка специалист уточнил срок.,Документ готов; отчет отправлен. После звонка специалист уточнил срок.
4976,semicolon,strict_validator_rejected,Документ готов отчет отправлен. Вечером группа сверила даты.,Документ готов; отчет отправлен. Вечером группа сверила даты.
4977,semicolon,strict_validator_rejected,Документ готов отчет отправлен. Затем отдел принял письмо.,Документ готов; отчет отправлен. Затем отдел принял письмо.
4978,subject_predicate_dash,candidate_missing,Рабочий отчет это важный документ отдела. Позже редактор сохранил копию.,Рабочий отчет — это важный документ отдела. Позже редактор сохранил копию.
4979,subject_predicate_dash,candidate_missing,Проект это сложная задача для комиссии. Утром комиссия вернулась к письму.,Проект — это сложная задача для комиссии. Утром комиссия вернулась к письму.
4980,subject_predicate_dash,candidate_missing,Городской архив это важный документ отдела. После встречи файл остался в архиве.,Городской архив — это важный документ отдела. После встречи файл остался в архиве.
4981,subject_predicate_dash,candidate_missing,Проект это сложная задача для комиссии. Вечером автор обновил сводку.,Проект — это сложная задача для комиссии. Вечером автор обновил сводку.
4982,subject_predicate_dash,candidate_missing,Важный договор это важный документ отдела. Затем группа сверила подписи.,Важный договор — это важный документ отдела. Затем группа сверила подписи.
4983,subject_predicate_dash,candidate_missing,Проект это сложная задача для комиссии. Позже служба отправила ответ.,Проект — это сложная задача для комиссии. Позже служба отправила ответ.
4984,subject_predicate_dash,candidate_missing,Итоговая таблица это важный документ отдела. Утром секретарь открыл папку.,Итоговая таблица — это важный документ отдела. Утром секретарь открыл папку.
4985,subject_predicate_dash,candidate_missing,Проект это сложная задача для комиссии. После проверки список закрыли.,Проект — это сложная задача для комиссии. После проверки список закрыли.
4986,subject_predicate_dash,candidate_missing,Открытая заявка это важный документ отдела. Вечером руководитель принял правки.,Открытая заявка — это важный документ отдела. Вечером руководитель принял правки.
4987,subject_predicate_dash,candidate_missing,Проект это сложная задача для комиссии. Затем аналитик обновил запись.,Проект — это сложная задача для комиссии. Затем аналитик обновил запись.
4988,subject_predicate_dash,candidate_missing,Районная комиссия это важный документ отдела. Позже отдел уточнил дату.,Районная комиссия — это важный документ отдела. Позже отдел уточнил дату.
4989,subject_predicate_dash,candidate_missing,Проект это сложная задача для комиссии. Утром курьер принес копию.,Проект — это сложная задача для комиссии. Утром курьер принес копию.
4990,subject_predicate_dash,candidate_missing,Новая редакция это важный документ отдела. После обеда автор сверил данные.,Новая редакция — это важный документ отдела. После обеда автор сверил данные.
4991,subject_predicate_dash,candidate_missing,Проект это сложная задача для комиссии. Вечером секретарь закрыл журнал.,Проект — это сложная задача для комиссии. Вечером секретарь закрыл журнал.
4992,subject_predicate_dash,candidate_missing,Дежурный редактор это важный документ отдела. Затем комиссия перенесла встречу.,Дежурный редактор — это важный документ отдела. Затем комиссия перенесла встречу.
4993,subject_predicate_dash,candidate_missing,Проект это сложная задача для комиссии. Позже архивариус обновил карточку.,Проект — это сложная задача для комиссии. Позже архивариус обновил карточку.
4994,subject_predicate_dash,candidate_missing,Плановая встреча это важный документ отдела. Утром дежурный проверил подписи.,Плановая встреча — это важный документ отдела. Утром дежурный проверил подписи.
4995,subject_predicate_dash,candidate_missing,Проект это сложная задача для комиссии. После звонка редактор открыл файл.,Проект — это сложная задача для комиссии. После звонка редактор открыл файл.
4996,subject_predicate_dash,candidate_missing,Сводный отчет это важный документ отдела. Вечером группа согласовала срок.,Сводный отчет — это важный документ отдела. Вечером группа согласовала срок.
4997,subject_predicate_dash,candidate_missing,Проект это сложная задача для комиссии. Затем отдел отправил письмо.,Проект — это сложная задача для комиссии. Затем отдел отправил письмо.
4998,subject_predicate_dash,candidate_missing,Рабочая группа это важный документ отдела. Позже автор поправил заголовок.,Рабочая группа — это важный документ отдела. Позже автор поправил заголовок.
4999,subject_predicate_dash,candidate_missing,Проект это сложная задача для комиссии. Утром команда сверила список.,Проект — это сложная задача для комиссии. Утром команда сверила список.
5000,subject_predicate_dash,candidate_missing,Новый раздел это важный документ отдела. После совещания документ приняли.,Новый раздел — это важный документ отдела. После совещания документ приняли.
5001,subject_predicate_dash,candidate_missing,Проект это сложная задача для комиссии. Вечером сотрудник закрыл заявку.,Проект — это сложная задача для комиссии. Вечером сотрудник закрыл заявку.
5002,subject_predicate_dash,candidate_missing,Вечерний протокол это важный документ отдела. Затем редактор сохранил таблицу.,Вечерний протокол — это важный документ отдела. Затем редактор сохранил таблицу.
5003,subject_predicate_dash,candidate_missing,Проект это сложная задача для комиссии. Позже руководитель уточнил адрес.,Проект — это сложная задача для комиссии. Позже руководитель уточнил адрес.
5004,subject_predicate_dash,candidate_missing,Согласованный договор это важный документ отдела. Утром специалист открыл журнал.,Согласованный договор — это важный документ отдела. Утром специалист открыл журнал.
5005,subject_predicate_dash,candidate_missing,Проект это сложная задача для комиссии. После проверки данные совпали.,Проект — это сложная задача для комиссии. После проверки данные совпали.
5006,subject_predicate_dash,candidate_missing,Закрытая заявка это важный документ отдела. Вечером служба передала копию.,Закрытая заявка — это важный документ отдела. Вечером служба передала копию.
5007,subject_predicate_dash,candidate_missing,Проект это сложная задача для комиссии. Затем автор подписал лист.,Проект — это сложная задача для комиссии. Затем автор подписал лист.
5008,subject_predicate_dash,candidate_missing,Обновленный журнал это важный документ отдела. Позже комиссия вернула письмо.,Обновленный журнал — это важный документ отдела. Позже комиссия вернула письмо.
5009,subject_predicate_dash,candidate_missing,Проект это сложная задача для комиссии. Утром отдел принял заявку.,Проект — это сложная задача для комиссии. Утром отдел принял заявку.
5010,subject_predicate_dash,candidate_missing,Зимнее расписание это важный документ отдела. После обеда секретарь внес дату.,Зимнее расписание — это важный документ отдела. После обеда секретарь внес дату.
5011,subject_predicate_dash,candidate_missing,Проект это сложная задача для комиссии. Вечером редактор проверил список.,Проект — это сложная задача для комиссии. Вечером редактор проверил список.
5012,subject_predicate_dash,candidate_missing,Районный протокол это важный документ отдела. Затем курьер доставил пакет.,Районный протокол — это важный документ отдела. Затем курьер доставил пакет.
5013,subject_predicate_dash,candidate_missing,Проект это сложная задача для комиссии. Позже аналитик сверил отчет.,Проект — это сложная задача для комиссии. Позже аналитик сверил отчет.
5014,subject_predicate_dash,candidate_missing,Старый договор это важный документ отдела. Утром группа открыла архив.,Старый договор — это важный документ отдела. Утром группа открыла архив.
5015,subject_predicate_dash,candidate_missing,Проект это сложная задача для комиссии. После встречи автор добавил подпись.,Проект — это сложная задача для комиссии. После встречи автор добавил подпись.
5016,subject_predicate_dash,candidate_missing,Закрытый раздел это важный документ отдела. Вечером отдел закрыл вопрос.,Закрытый раздел — это важный документ отдела. Вечером отдел закрыл вопрос.
5017,subject_predicate_dash,candidate_missing,Проект это сложная задача для комиссии. Затем специалист отправил ответ.,Проект — это сложная задача для комиссии. Затем специалист отправил ответ.
5018,subject_predicate_dash,candidate_missing,Служебная записка это важный документ отдела. Позже секретарь подготовил копию.,Служебная записка — это важный документ отдела. Позже секретарь подготовил копию.
5019,subject_predicate_dash,candidate_missing,Проект это сложная задача для комиссии. Утром редактор проверил адрес.,Проект — это сложная задача для комиссии. Утром редактор проверил адрес.
5020,subject_predicate_dash,candidate_missing,Важное решение это важный документ отдела. После звонка комиссия ждала письмо.,Важное решение — это важный документ отдела. После звонка комиссия ждала письмо.
5021,subject_predicate_dash,candidate_missing,Проект это сложная задача для комиссии. Вечером автор уточнил срок.,Проект — это сложная задача для комиссии. Вечером автор уточнил срок.
5022,subject_predicate_dash,candidate_missing,Рабочий кабинет это важный документ отдела. Затем отдел сохранил файл.,Рабочий кабинет — это важный документ отдела. Затем отдел сохранил файл.
5023,subject_predicate_dash,candidate_missing,Проект это сложная задача для комиссии. Позже группа приняла решение.,Проект — это сложная задача для комиссии. Позже группа приняла решение.
5024,subject_predicate_dash,candidate_missing,Открытый вопрос это важный документ отдела. Утром служба сверила данные.,Открытый вопрос — это важный документ отдела. Утром служба сверила данные.
5025,subject_predicate_dash,candidate_missing,Проект это сложная задача для комиссии. После совещания секретарь закрыл папку.,Проект — это сложная задача для комиссии. После совещания секретарь закрыл папку.
5026,subject_predicate_dash,candidate_missing,Новый маршрут это важный документ отдела. Вечером специалист обновил запись.,Новый маршрут — это важный документ отдела. Вечером специалист обновил запись.
5027,subject_predicate_dash,candidate_missing,Проект это сложная задача для комиссии. Затем редактор передал копию.,Проект — это сложная задача для комиссии. Затем редактор передал копию.
5028,subject_predicate_dash,candidate_missing,Срочная заявка это важный документ отдела. Позже автор открыл таблицу.,Срочная заявка — это важный документ отдела. Позже автор открыл таблицу.
5029,subject_predicate_dash,candidate_missing,Проект это сложная задача для комиссии. Утром комиссия согласовала дату.,Проект — это сложная задача для комиссии. Утром комиссия согласовала дату.
5030,subject_predicate_dash,candidate_missing,Короткий протокол это важный документ отдела. После проверки отдел отправил ответ.,Короткий протокол — это важный документ отдела. После проверки отдел отправил ответ.
5031,subject_predicate_dash,candidate_missing,Проект это сложная задача для комиссии. Вечером секретарь внес подпись.,Проект — это сложная задача для комиссии. Вечером секретарь внес подпись.
5032,subject_predicate_dash,candidate_missing,Точная дата это важный документ отдела. Затем группа закрыла журнал.,Точная дата — это важный документ отдела. Затем группа закрыла журнал.
5033,subject_predicate_dash,candidate_missing,Проект это сложная задача для комиссии. Позже служба уточнила маршрут.,Проект — это сложная задача для комиссии. Позже служба уточнила маршрут.
5034,subject_predicate_dash,candidate_missing,Основной договор это важный документ отдела. Утром аналитик проверил сводку.,Основной договор — это важный документ отдела. Утром аналитик проверил сводку.
5035,subject_predicate_dash,candidate_missing,Проект это сложная задача для комиссии. После обеда редактор принял письмо.,Проект — это сложная задача для комиссии. После обеда редактор принял письмо.
5036,subject_predicate_dash,candidate_missing,Дежурная группа это важный документ отдела. Вечером отдел обновил список.,Дежурная группа — это важный документ отдела. Вечером отдел обновил список.
5037,subject_predicate_dash,candidate_missing,Проект это сложная задача для комиссии. Затем автор сохранил документ.,Проект — это сложная задача для комиссии. Затем автор сохранил документ.
5038,subject_predicate_dash,candidate_missing,Контрольная таблица это важный документ отдела. Позже комиссия открыла протокол.,Контрольная таблица — это важный документ отдела. Позже комиссия открыла протокол.
5039,subject_predicate_dash,candidate_missing,Проект это сложная задача для комиссии. Утром секретарь отправил копию.,Проект — это сложная задача для комиссии. Утром секретарь отправил копию.
5040,subject_predicate_dash,candidate_missing,Закрытое письмо это важный документ отдела. После звонка специалист уточнил срок.,Закрытое письмо — это важный документ отдела. После звонка специалист уточнил срок.
5041,subject_predicate_dash,candidate_missing,Проект это сложная задача для комиссии. Вечером группа сверила даты.,Проект — это сложная задача для комиссии. Вечером группа сверила даты.
5042,subject_predicate_dash,candidate_missing,Городская программа это важный документ отдела. Затем отдел принял письмо.,Городская программа — это важный документ отдела. Затем отдел принял письмо.
5043,subject_predicate_dash,candidate_missing,Проект это сложная задача для комиссии. Позже редактор сохранил копию.,Проект — это сложная задача для комиссии. Позже редактор сохранил копию.
5044,subject_predicate_dash,candidate_missing,Новый документ это важный документ отдела. Утром комиссия вернулась к письму.,Новый документ — это важный документ отдела. Утром комиссия вернулась к письму.
5045,subject_predicate_dash,candidate_missing,Проект это сложная задача для комиссии. После встречи файл остался в архиве.,Проект — это сложная задача для комиссии. После встречи файл остался в архиве.
5046,subject_predicate_dash,candidate_missing,Утренний выпуск это важный документ отдела. Вечером автор обновил сводку.,Утренний выпуск — это важный документ отдела. Вечером автор обновил сводку.
5047,subject_predicate_dash,candidate_missing,Проект это сложная задача для комиссии. Затем группа сверила подписи.,Проект — это сложная задача для комиссии. Затем группа сверила подписи.
5048,subject_predicate_dash,candidate_missing,Короткая заметка это важный документ отдела. Позже служба отправила ответ.,Короткая заметка — это важный документ отдела. Позже служба отправила ответ.
5049,subject_predicate_dash,candidate_missing,Проект это сложная задача для комиссии. Утром секретарь открыл папку.,Проект — это сложная задача для комиссии. Утром секретарь открыл папку.
5050,subject_predicate_dash,candidate_missing,Свежая сводка это важный документ отдела. После проверки список закрыли.,Свежая сводка — это важный документ отдела. После проверки список закрыли.
5051,subject_predicate_dash,candidate_missing,Проект это сложная задача для комиссии. Вечером руководитель принял правки.,Проект — это сложная задача для комиссии. Вечером руководитель принял правки.
5052,subject_predicate_dash,candidate_missing,Письменный ответ это важный документ отдела. Затем аналитик обновил запись.,Письменный ответ — это важный документ отдела. Затем аналитик обновил запись.
5053,subject_predicate_dash,candidate_missing,Проект это сложная задача для комиссии. Позже отдел уточнил дату.,Проект — это сложная задача для комиссии. Позже отдел уточнил дату.
5054,subject_predicate_dash,candidate_missing,Финальный список это важный документ отдела. Утром курьер принес копию.,Финальный список — это важный документ отдела. Утром курьер принес копию.
5055,subject_predicate_dash,candidate_missing,Проект это сложная задача для комиссии. После обеда автор сверил данные.,Проект — это сложная задача для комиссии. После обеда автор сверил данные.
5056,subject_predicate_dash,candidate_missing,Архивная запись это важный документ отдела. Вечером секретарь закрыл журнал.,Архивная запись — это важный документ отдела. Вечером секретарь закрыл журнал.
5057,subject_predicate_dash,candidate_missing,Проект это сложная задача для комиссии. Затем комиссия перенесла встречу.,Проект — это сложная задача для комиссии. Затем комиссия перенесла встречу.
5058,subject_predicate_dash,candidate_missing,Общий график это важный документ отдела. Позже архивариус обновил карточку.,Общий график — это важный документ отдела. Позже архивариус обновил карточку.
5059,subject_predicate_dash,candidate_missing,Проект это сложная задача для комиссии. Утром дежурный проверил подписи.,Проект — это сложная задача для комиссии. Утром дежурный проверил подписи.
5060,subject_predicate_dash,candidate_missing,Осенняя проверка это важный документ отдела. После звонка редактор открыл файл.,Осенняя проверка — это важный документ отдела. После звонка редактор открыл файл.
5061,subject_predicate_dash,candidate_missing,Проект это сложная задача для комиссии. Вечером группа согласовала срок.,Проект — это сложная задача для комиссии. Вечером группа согласовала срок.
5062,subject_predicate_dash,candidate_missing,Важная подпись это важный документ отдела. Затем отдел отправил письмо.,Важная подпись — это важный документ отдела. Затем отдел отправил письмо.
5063,subject_predicate_dash,candidate_missing,Проект это сложная задача для комиссии. Позже автор поправил заголовок.,Проект — это сложная задача для комиссии. Позже автор поправил заголовок.
5064,subject_predicate_dash,candidate_missing,Городская служба это важный документ отдела. Утром команда сверила список.,Городская служба — это важный документ отдела. Утром команда сверила список.
5065,subject_predicate_dash,candidate_missing,Проект это сложная задача для комиссии. После совещания документ приняли.,Проект — это сложная задача для комиссии. После совещания документ приняли.
5066,subject_predicate_dash,candidate_missing,Учебная таблица это важный документ отдела. Вечером сотрудник закрыл заявку.,Учебная таблица — это важный документ отдела. Вечером сотрудник закрыл заявку.
5067,subject_predicate_dash,candidate_missing,Проект это сложная задача для комиссии. Затем редактор сохранил таблицу.,Проект — это сложная задача для комиссии. Затем редактор сохранил таблицу.
5068,subject_predicate_dash,candidate_missing,Проверенный файл это важный документ отдела. Позже руководитель уточнил адрес.,Проверенный файл — это важный документ отдела. Позже руководитель уточнил адрес.
5069,subject_predicate_dash,candidate_missing,Проект это сложная задача для комиссии. Утром специалист открыл журнал.,Проект — это сложная задача для комиссии. Утром специалист открыл журнал.
5070,subject_predicate_dash,candidate_missing,Подготовленный список это важный документ отдела. После проверки данные совпали.,Подготовленный список — это важный документ отдела. После проверки данные совпали.
5071,subject_predicate_dash,candidate_missing,Проект это сложная задача для комиссии. Вечером служба передала копию.,Проект — это сложная задача для комиссии. Вечером служба передала копию.
5072,subject_predicate_dash,candidate_missing,Длинная запись это важный документ отдела. Затем автор подписал лист.,Длинная запись — это важный документ отдела. Затем автор подписал лист.
5073,subject_predicate_dash,candidate_missing,Проект это сложная задача для комиссии. Позже комиссия вернула письмо.,Проект — это сложная задача для комиссии. Позже комиссия вернула письмо.
5074,subject_predicate_dash,candidate_missing,Северный филиал это важный документ отдела. Утром отдел принял заявку.,Северный филиал — это важный документ отдела. Утром отдел принял заявку.
5075,subject_predicate_dash,candidate_missing,Проект это сложная задача для комиссии. После обеда секретарь внес дату.,Проект — это сложная задача для комиссии. После обеда секретарь внес дату.
5076,subject_predicate_dash,candidate_missing,Летняя проверка это важный документ отдела. Вечером редактор проверил список.,Летняя проверка — это важный документ отдела. Вечером редактор проверил список.
5077,subject_predicate_dash,candidate_missing,Проект это сложная задача для комиссии. Затем курьер доставил пакет.,Проект — это сложная задача для комиссии. Затем курьер доставил пакет.
5078,subject_predicate_dash,candidate_missing,Входящее письмо это важный документ отдела. Позже аналитик сверил отчет.,Входящее письмо — это важный документ отдела. Позже аналитик сверил отчет.
5079,subject_predicate_dash,candidate_missing,Проект это сложная задача для комиссии. Утром группа открыла архив.,Проект — это сложная задача для комиссии. Утром группа открыла архив.
5080,subject_predicate_dash,candidate_missing,Новая таблица это важный документ отдела. После встречи автор добавил подпись.,Новая таблица — это важный документ отдела. После встречи автор добавил подпись.
5081,subject_predicate_dash,candidate_missing,Проект это сложная задача для комиссии. Вечером отдел закрыл вопрос.,Проект — это сложная задача для комиссии. Вечером отдел закрыл вопрос.
5082,subject_predicate_dash,candidate_missing,Утренний приказ это важный документ отдела. Затем специалист отправил ответ.,Утренний приказ — это важный документ отдела. Затем специалист отправил ответ.
5083,subject_predicate_dash,candidate_missing,Проект это сложная задача для комиссии. Позже секретарь подготовил копию.,Проект — это сложная задача для комиссии. Позже секретарь подготовил копию.
5084,subject_predicate_dash,candidate_missing,Городской проект это важный документ отдела. Утром редактор проверил адрес.,Городской проект — это важный документ отдела. Утром редактор проверил адрес.
5085,subject_predicate_dash,candidate_missing,Проект это сложная задача для комиссии. После звонка комиссия ждала письмо.,Проект — это сложная задача для комиссии. После звонка комиссия ждала письмо.
5086,subject_predicate_dash,candidate_missing,Общий список это важный документ отдела. Вечером автор уточнил срок.,Общий список — это важный документ отдела. Вечером автор уточнил срок.
5087,subject_predicate_dash,candidate_missing,Проект это сложная задача для комиссии. Затем отдел сохранил файл.,Проект — это сложная задача для комиссии. Затем отдел сохранил файл.
5088,subject_predicate_dash,candidate_missing,Архивный номер это важный документ отдела. Позже группа приняла решение.,Архивный номер — это важный документ отдела. Позже группа приняла решение.
5089,subject_predicate_dash,candidate_missing,Проект это сложная задача для комиссии. Утром служба сверила данные.,Проект — это сложная задача для комиссии. Утром служба сверила данные.
5090,subject_predicate_dash,candidate_missing,Плановый отчет это важный документ отдела. После совещания секретарь закрыл папку.,Плановый отчет — это важный документ отдела. После совещания секретарь закрыл папку.
5091,subject_predicate_dash,candidate_missing,Проект это сложная задача для комиссии. Вечером специалист обновил запись.,Проект — это сложная задача для комиссии. Вечером специалист обновил запись.
5092,subject_predicate_dash,candidate_missing,Вечерняя смена это важный документ отдела. Затем редактор передал копию.,Вечерняя смена — это важный документ отдела. Затем редактор передал копию.
5093,subject_predicate_dash,candidate_missing,Проект это сложная задача для комиссии. Позже автор открыл таблицу.,Проект — это сложная задача для комиссии. Позже автор открыл таблицу.
5094,subject_predicate_dash,candidate_missing,Письменная просьба это важный документ отдела. Утром комиссия согласовала дату.,Письменная просьба — это важный документ отдела. Утром комиссия согласовала дату.
5095,subject_predicate_dash,candidate_missing,Проект это сложная задача для комиссии. После проверки отдел отправил ответ.,Проект — это сложная задача для комиссии. После проверки отдел отправил ответ.
5096,subject_predicate_dash,candidate_missing,Дневной выпуск это важный документ отдела. Вечером секретарь внес подпись.,Дневной выпуск — это важный документ отдела. Вечером секретарь внес подпись.
5097,subject_predicate_dash,candidate_missing,Проект это сложная задача для комиссии. Затем группа закрыла журнал.,Проект — это сложная задача для комиссии. Затем группа закрыла журнал.
5098,subject_predicate_dash,candidate_missing,Готовый макет это важный документ отдела. Позже служба уточнила маршрут.,Готовый макет — это важный документ отдела. Позже служба уточнила маршрут.
5099,subject_predicate_dash,candidate_missing,Проект это сложная задача для комиссии. Утром аналитик проверил сводку.,Проект — это сложная задача для комиссии. Утром аналитик проверил сводку.
5100,subject_predicate_dash,candidate_missing,Временный график это важный документ отдела. После обеда редактор принял письмо.,Временный график — это важный документ отдела. После обеда редактор принял письмо.
5101,subject_predicate_dash,candidate_missing,Проект это сложная задача для комиссии. Вечером отдел обновил список.,Проект — это сложная задача для комиссии. Вечером отдел обновил список.
5102,subject_predicate_dash,candidate_missing,Финальная версия это важный документ отдела. Затем автор сохранил документ.,Финальная версия — это важный документ отдела. Затем автор сохранил документ.
5103,subject_predicate_dash,candidate_missing,Проект это сложная задача для комиссии. Позже комиссия открыла протокол.,Проект — это сложная задача для комиссии. Позже комиссия открыла протокол.
5104,subject_predicate_dash,candidate_missing,Принятый отчет это важный документ отдела. Утром секретарь отправил копию.,Принятый отчет — это важный документ отдела. Утром секретарь отправил копию.
5105,subject_predicate_dash,candidate_missing,Проект это сложная задача для комиссии. После звонка специалист уточнил срок.,Проект — это сложная задача для комиссии. После звонка специалист уточнил срок.
5106,subject_predicate_dash,candidate_missing,Служебный ответ это важный документ отдела. Вечером группа сверила даты.,Служебный ответ — это важный документ отдела. Вечером группа сверила даты.
5107,subject_predicate_dash,candidate_missing,Проект это сложная задача для комиссии. Затем отдел принял письмо.,Проект — это сложная задача для комиссии. Затем отдел принял письмо.
5108,tsya_soft_delete,strict_validator_rejected,"Он прибыл в Токио во главе делегации для участия в заседании российско-японской межправительственной комиссии по торгово-экономическим вопросам, которое начнеться в среду в Токио.","Он прибыл в Токио во главе делегации для участия в заседании российско-японской межправительственной комиссии по торгово-экономическим вопросам, которое начнется в среду в Токио."
5109,tsya_soft_delete,strict_validator_rejected,Переговоры эти продляться еще несколько дней.,Переговоры эти продлятся еще несколько дней.
5110,tsya_soft_delete,strict_validator_rejected,C 1 сентября вводиться новая форма таможенной декларации С 1 сентября на всей территории России вводится новая форма таможенной декларации для физических лиц.,C 1 сентября вводится новая форма таможенной декларации С 1 сентября на всей территории России вводится новая форма таможенной декларации для физических лиц.
5111,tsya_soft_delete,strict_validator_rejected,Теперь она вводиться на всей территории страны.,Теперь она вводится на всей территории страны.
5112,tsya_soft_delete,strict_validator_rejected,"Как подчеркиваеться в сообщении, ""органам безопасности в решении данных проблем отведена особая роль"".","Как подчеркивается в сообщении, ""органам безопасности в решении данных проблем отведена особая роль""."
5113,tsya_soft_delete,strict_validator_rejected,"Подсчет голосов начнеться в среду, он будет анонимным.","Подсчет голосов начнется в среду, он будет анонимным."
5114,tsya_soft_delete,strict_validator_rejected,"Паколли: Дель Понти предлагала мне взятку Скандал по поводу ""отмывания денег русской мафии"", возникший первоначально вокруг американского Bank of New York, расходиться все более широкими кругами.","Паколли: Дель Понти предлагала мне взятку Скандал по поводу ""отмывания денег русской мафии"", возникший первоначально вокруг американского Bank of New York, расходится все более широкими кругами."
5115,tsya_soft_delete,strict_validator_rejected,"Белый дом потратил 40 миллионов долларов на создание информационного центра, призванного скоординировать усилия различных служб, которые столкнуться с различными проблемами при наступлении 2000 года.","Белый дом потратил 40 миллионов долларов на создание информационного центра, призванного скоординировать усилия различных служб, которые столкнутся с различными проблемами при наступлении 2000 года."
5116,tsya_soft_delete,strict_validator_rejected,"В заявлении подчеркиваеться, что ""МИД России серьезнообеспокоено продолжающимися в Косово массовыми преступлениями наэтнической основе"".","В заявлении подчеркивается, что ""МИД России серьезнообеспокоено продолжающимися в Косово массовыми преступлениями наэтнической основе""."
5117,tsya_soft_delete,strict_validator_rejected,Однако причина катастрофу по-прежнему остаеться неясной.,Однако причина катастрофу по-прежнему остается неясной.
5118,tsya_soft_delete,strict_validator_rejected,"Милиция блокировала все подъездные пути к штаб-квартире, где ведеться подсчет голосов референдума по вопросу о самоопределении этой бывшей индонезийской колонии.","Милиция блокировала все подъездные пути к штаб-квартире, где ведется подсчет голосов референдума по вопросу о самоопределении этой бывшей индонезийской колонии."
5119,tsya_soft_delete,strict_validator_rejected,"Об этом заявила в среду официальный представительминистерства финансов США, подчеркнувшая, что американскаяадминистрация стремиться проводить ""последовательную политику"" по данному вопросу.","Об этом заявила в среду официальный представительминистерства финансов США, подчеркнувшая, что американскаяадминистрация стремится проводить ""последовательную политику"" по данному вопросу."
5120,tsya_soft_delete,strict_validator_rejected,"Осман Оджалан обещает, что вывод войск завершиться за пять дней, однако пока курды вывели только четверть своих войск.","Осман Оджалан обещает, что вывод войск завершится за пять дней, однако пока курды вывели только четверть своих войск."
5121,tsya_soft_delete,strict_validator_rejected,Финальное решение о казни Оджалана остаеться за парламентом страны.,Финальное решение о казни Оджалана остается за парламентом страны.
5122,tsya_soft_delete,strict_validator_rejected,"На 100 жителей приходиться 50 телефонов МГТС, телефонизировано 96% квартир москвичей.","На 100 жителей приходится 50 телефонов МГТС, телефонизировано 96% квартир москвичей."
5123,tsya_soft_delete,strict_validator_rejected,"В зоне инфекции сегодня ведеться очистка подвалов жилых домови родника, в котором также обнаружен холерный вибрион.","В зоне инфекции сегодня ведется очистка подвалов жилых домови родника, в котором также обнаружен холерный вибрион."
5124,tsya_soft_delete,strict_validator_rejected,Он учиться каждый день. Позже редактор сохранил копию.,Он учится каждый день. Позже редактор сохранил копию.
5125,tsya_soft_delete,strict_validator_rejected,Проект готовиться к запуску. Утром комиссия вернулась к письму.,Проект готовится к запуску. Утром комиссия вернулась к письму.
5126,tsya_soft_delete,strict_validator_rejected,Он учиться каждый день. После встречи файл остался в архиве.,Он учится каждый день. После встречи файл остался в архиве.
5127,tsya_soft_delete,strict_validator_rejected,Проект готовиться к запуску. Вечером автор обновил сводку.,Проект готовится к запуску. Вечером автор обновил сводку.
5128,tsya_soft_delete,strict_validator_rejected,Он учиться каждый день. Затем группа сверила подписи.,Он учится каждый день. Затем группа сверила подписи.
5129,tsya_soft_delete,strict_validator_rejected,Проект готовиться к запуску. Позже служба отправила ответ.,Проект готовится к запуску. Позже служба отправила ответ.
5130,tsya_soft_delete,strict_validator_rejected,Он учиться каждый день. Утром секретарь открыл папку.,Он учится каждый день. Утром секретарь открыл папку.
5131,tsya_soft_delete,strict_validator_rejected,Проект готовиться к запуску. После проверки список закрыли.,Проект готовится к запуску. После проверки список закрыли.
5132,tsya_soft_delete,strict_validator_rejected,Он учиться каждый день. Вечером руководитель принял правки.,Он учится каждый день. Вечером руководитель принял правки.
5133,tsya_soft_delete,strict_validator_rejected,Проект готовиться к запуску. Затем аналитик обновил запись.,Проект готовится к запуску. Затем аналитик обновил запись.
5134,tsya_soft_delete,strict_validator_rejected,Он учиться каждый день. Позже отдел уточнил дату.,Он учится каждый день. Позже отдел уточнил дату.
5135,tsya_soft_delete,strict_validator_rejected,Проект готовиться к запуску. Утром курьер принес копию.,Проект готовится к запуску. Утром курьер принес копию.
5136,tsya_soft_delete,strict_validator_rejected,Он учиться каждый день. После обеда автор сверил данные.,Он учится каждый день. После обеда автор сверил данные.
5137,tsya_soft_delete,strict_validator_rejected,Проект готовиться к запуску. Вечером секретарь закрыл журнал.,Проект готовится к запуску. Вечером секретарь закрыл журнал.
5138,tsya_soft_delete,strict_validator_rejected,Он учиться каждый день. Затем комиссия перенесла встречу.,Он учится каждый день. Затем комиссия перенесла встречу.
5139,tsya_soft_delete,strict_validator_rejected,Проект готовиться к запуску. Позже архивариус обновил карточку.,Проект готовится к запуску. Позже архивариус обновил карточку.
5140,tsya_soft_delete,strict_validator_rejected,Он учиться каждый день. Утром дежурный проверил подписи.,Он учится каждый день. Утром дежурный проверил подписи.
5141,tsya_soft_delete,strict_validator_rejected,Проект готовиться к запуску. После звонка редактор открыл файл.,Проект готовится к запуску. После звонка редактор открыл файл.
5142,tsya_soft_delete,strict_validator_rejected,Он учиться каждый день. Вечером группа согласовала срок.,Он учится каждый день. Вечером группа согласовала срок.
5143,tsya_soft_delete,strict_validator_rejected,Проект готовиться к запуску. Затем отдел отправил письмо.,Проект готовится к запуску. Затем отдел отправил письмо.
5144,tsya_soft_delete,strict_validator_rejected,Он учиться каждый день. Позже автор поправил заголовок.,Он учится каждый день. Позже автор поправил заголовок.
5145,tsya_soft_delete,strict_validator_rejected,Проект готовиться к запуску. Утром команда сверила список.,Проект готовится к запуску. Утром команда сверила список.
5146,tsya_soft_delete,strict_validator_rejected,Он учиться каждый день. После совещания документ приняли.,Он учится каждый день. После совещания документ приняли.
5147,tsya_soft_delete,strict_validator_rejected,Проект готовиться к запуску. Вечером сотрудник закрыл заявку.,Проект готовится к запуску. Вечером сотрудник закрыл заявку.
5148,tsya_soft_delete,strict_validator_rejected,Он учиться каждый день. Затем редактор сохранил таблицу.,Он учится каждый день. Затем редактор сохранил таблицу.
5149,tsya_soft_delete,strict_validator_rejected,Проект готовиться к запуску. Позже руководитель уточнил адрес.,Проект готовится к запуску. Позже руководитель уточнил адрес.
5150,tsya_soft_delete,strict_validator_rejected,Он учиться каждый день. Утром специалист открыл журнал.,Он учится каждый день. Утром специалист открыл журнал.
5151,tsya_soft_delete,strict_validator_rejected,Проект готовиться к запуску. После проверки данные совпали.,Проект готовится к запуску. После проверки данные совпали.
5152,tsya_soft_delete,strict_validator_rejected,Он учиться каждый день. Вечером служба передала копию.,Он учится каждый день. Вечером служба передала копию.
5153,tsya_soft_delete,strict_validator_rejected,Проект готовиться к запуску. Затем автор подписал лист.,Проект готовится к запуску. Затем автор подписал лист.
5154,tsya_soft_delete,strict_validator_rejected,Он учиться каждый день. Позже комиссия вернула письмо.,Он учится каждый день. Позже комиссия вернула письмо.
5155,tsya_soft_delete,strict_validator_rejected,Проект готовиться к запуску. Утром отдел принял заявку.,Проект готовится к запуску. Утром отдел принял заявку.
5156,tsya_soft_delete,strict_validator_rejected,Он учиться каждый день. После обеда секретарь внес дату.,Он учится каждый день. После обеда секретарь внес дату.
5157,tsya_soft_delete,strict_validator_rejected,Проект готовиться к запуску. Вечером редактор проверил список.,Проект готовится к запуску. Вечером редактор проверил список.
5158,tsya_soft_delete,strict_validator_rejected,Он учиться каждый день. Затем курьер доставил пакет.,Он учится каждый день. Затем курьер доставил пакет.
5159,tsya_soft_delete,strict_validator_rejected,Проект готовиться к запуску. Позже аналитик сверил отчет.,Проект готовится к запуску. Позже аналитик сверил отчет.
5160,tsya_soft_delete,strict_validator_rejected,Он учиться каждый день. Утром группа открыла архив.,Он учится каждый день. Утром группа открыла архив.
5161,tsya_soft_delete,strict_validator_rejected,Проект готовиться к запуску. После встречи автор добавил подпись.,Проект готовится к запуску. После встречи автор добавил подпись.
5162,tsya_soft_delete,strict_validator_rejected,Он учиться каждый день. Вечером отдел закрыл вопрос.,Он учится каждый день. Вечером отдел закрыл вопрос.
5163,tsya_soft_delete,strict_validator_rejected,Проект готовиться к запуску. Затем специалист отправил ответ.,Проект готовится к запуску. Затем специалист отправил ответ.
5164,tsya_soft_delete,strict_validator_rejected,Он учиться каждый день. Позже секретарь подготовил копию.,Он учится каждый день. Позже секретарь подготовил копию.
5165,tsya_soft_delete,strict_validator_rejected,Проект готовиться к запуску. Утром редактор проверил адрес.,Проект готовится к запуску. Утром редактор проверил адрес.
5166,tsya_soft_delete,strict_validator_rejected,Он учиться каждый день. После звонка комиссия ждала письмо.,Он учится каждый день. После звонка комиссия ждала письмо.
5167,tsya_soft_delete,strict_validator_rejected,Проект готовиться к запуску. Вечером автор уточнил срок.,Проект готовится к запуску. Вечером автор уточнил срок.
5168,tsya_soft_delete,strict_validator_rejected,Он учиться каждый день. Затем отдел сохранил файл.,Он учится каждый день. Затем отдел сохранил файл.
5169,tsya_soft_delete,strict_validator_rejected,Проект готовиться к запуску. Позже группа приняла решение.,Проект готовится к запуску. Позже группа приняла решение.
5170,tsya_soft_delete,strict_validator_rejected,Он учиться каждый день. Утром служба сверила данные.,Он учится каждый день. Утром служба сверила данные.
5171,tsya_soft_delete,strict_validator_rejected,Проект готовиться к запуску. После совещания секретарь закрыл папку.,Проект готовится к запуску. После совещания секретарь закрыл папку.
5172,tsya_soft_delete,strict_validator_rejected,Он учиться каждый день. Вечером специалист обновил запись.,Он учится каждый день. Вечером специалист обновил запись.
5173,tsya_soft_delete,strict_validator_rejected,Проект готовиться к запуску. Затем редактор передал копию.,Проект готовится к запуску. Затем редактор передал копию.
5174,tsya_soft_delete,strict_validator_rejected,Он учиться каждый день. Позже автор открыл таблицу.,Он учится каждый день. Позже автор открыл таблицу.
5175,tsya_soft_delete,strict_validator_rejected,Проект готовиться к запуску. Утром комиссия согласовала дату.,Проект готовится к запуску. Утром комиссия согласовала дату.
5176,tsya_soft_delete,strict_validator_rejected,Он учиться каждый день. После проверки отдел отправил ответ.,Он учится каждый день. После проверки отдел отправил ответ.
5177,tsya_soft_delete,strict_validator_rejected,Проект готовиться к запуску. Вечером секретарь внес подпись.,Проект готовится к запуску. Вечером секретарь внес подпись.
5178,tsya_soft_delete,strict_validator_rejected,Он учиться каждый день. Затем группа закрыла журнал.,Он учится каждый день. Затем группа закрыла журнал.
5179,tsya_soft_delete,strict_validator_rejected,Проект готовиться к запуску. Позже служба уточнила маршрут.,Проект готовится к запуску. Позже служба уточнила маршрут.
5180,tsya_soft_delete,strict_validator_rejected,Он учиться каждый день. Утром аналитик проверил сводку.,Он учится каждый день. Утром аналитик проверил сводку.
5181,tsya_soft_delete,strict_validator_rejected,Проект готовиться к запуску. После обеда редактор принял письмо.,Проект готовится к запуску. После обеда редактор принял письмо.
5182,tsya_soft_delete,strict_validator_rejected,Он учиться каждый день. Вечером отдел обновил список.,Он учится каждый день. Вечером отдел обновил список.
5183,tsya_soft_delete,strict_validator_rejected,Проект готовиться к запуску. Затем автор сохранил документ.,Проект готовится к запуску. Затем автор сохранил документ.
5184,tsya_soft_delete,strict_validator_rejected,Он учиться каждый день. Позже комиссия открыла протокол.,Он учится каждый день. Позже комиссия открыла протокол.
5185,tsya_soft_delete,strict_validator_rejected,Проект готовиться к запуску. Утром секретарь отправил копию.,Проект готовится к запуску. Утром секретарь отправил копию.
5186,tsya_soft_delete,strict_validator_rejected,Он учиться каждый день. После звонка специалист уточнил срок.,Он учится каждый день. После звонка специалист уточнил срок.
5187,tsya_soft_delete,strict_validator_rejected,Проект готовиться к запуску. Вечером группа сверила даты.,Проект готовится к запуску. Вечером группа сверила даты.
5188,tsya_soft_delete,strict_validator_rejected,Он учиться каждый день. Затем отдел принял письмо.,Он учится каждый день. Затем отдел принял письмо.
5189,tsya_soft_delete,strict_validator_rejected,Проект готовиться к запуску. Позже редактор сохранил копию.,Проект готовится к запуску. Позже редактор сохранил копию.
5190,tsya_soft_delete,strict_validator_rejected,Он учиться каждый день. Утром комиссия вернулась к письму.,Он учится каждый день. Утром комиссия вернулась к письму.
5191,tsya_soft_delete,strict_validator_rejected,Проект готовиться к запуску. После встречи файл остался в архиве.,Проект готовится к запуску. После встречи файл остался в архиве.
5192,tsya_soft_delete,strict_validator_rejected,Он учиться каждый день. Вечером автор обновил сводку.,Он учится каждый день. Вечером автор обновил сводку.
5193,tsya_soft_delete,strict_validator_rejected,Проект готовиться к запуску. Затем группа сверила подписи.,Проект готовится к запуску. Затем группа сверила подписи.
5194,tsya_soft_delete,strict_validator_rejected,Он учиться каждый день. Позже служба отправила ответ.,Он учится каждый день. Позже служба отправила ответ.
5195,tsya_soft_delete,strict_validator_rejected,Проект готовиться к запуску. Утром секретарь открыл папку.,Проект готовится к запуску. Утром секретарь открыл папку.
5196,tsya_soft_delete,strict_validator_rejected,Он учиться каждый день. После проверки список закрыли.,Он учится каждый день. После проверки список закрыли.
5197,tsya_soft_delete,strict_validator_rejected,Проект готовиться к запуску. Вечером руководитель принял правки.,Проект готовится к запуску. Вечером руководитель принял правки.
5198,tsya_soft_delete,strict_validator_rejected,Он учиться каждый день. Затем аналитик обновил запись.,Он учится каждый день. Затем аналитик обновил запись.
5199,tsya_soft_delete,strict_validator_rejected,Проект готовиться к запуску. Позже отдел уточнил дату.,Проект готовится к запуску. Позже отдел уточнил дату.
5200,tsya_soft_delete,strict_validator_rejected,Он учиться каждый день. Утром курьер принес копию.,Он учится каждый день. Утром курьер принес копию.
5201,tsya_soft_delete,strict_validator_rejected,Проект готовиться к запуску. После обеда автор сверил данные.,Проект готовится к запуску. После обеда автор сверил данные.
5202,tsya_soft_delete,strict_validator_rejected,Он учиться каждый день. Вечером секретарь закрыл журнал.,Он учится каждый день. Вечером секретарь закрыл журнал.
5203,tsya_soft_delete,strict_validator_rejected,Проект готовиться к запуску. Затем комиссия перенесла встречу.,Проект готовится к запуску. Затем комиссия перенесла встречу.
5204,tsya_soft_delete,strict_validator_rejected,Он учиться каждый день. Позже архивариус обновил карточку.,Он учится каждый день. Позже архивариус обновил карточку.
5205,tsya_soft_delete,strict_validator_rejected,Проект готовиться к запуску. Утром дежурный проверил подписи.,Проект готовится к запуску. Утром дежурный проверил подписи.
5206,tsya_soft_delete,strict_validator_rejected,Он учиться каждый день. После звонка редактор открыл файл.,Он учится каждый день. После звонка редактор открыл файл.
5207,tsya_soft_delete,strict_validator_rejected,Проект готовиться к запуску. Вечером группа согласовала срок.,Проект готовится к запуску. Вечером группа согласовала срок.
5208,tsya_soft_delete,strict_validator_rejected,Он учиться каждый день. Затем отдел отправил письмо.,Он учится каждый день. Затем отдел отправил письмо.
5209,tsya_soft_delete,strict_validator_rejected,Проект готовиться к запуску. Позже автор поправил заголовок.,Проект готовится к запуску. Позже автор поправил заголовок.
5210,tsya_soft_delete,strict_validator_rejected,Он учиться каждый день. Утром команда сверила список.,Он учится каждый день. Утром команда сверила список.
5211,tsya_soft_delete,strict_validator_rejected,Проект готовиться к запуску. После совещания документ приняли.,Проект готовится к запуску. После совещания документ приняли.
5212,tsya_soft_delete,strict_validator_rejected,Он учиться каждый день. Вечером сотрудник закрыл заявку.,Он учится каждый день. Вечером сотрудник закрыл заявку.
5213,tsya_soft_delete,strict_validator_rejected,Проект готовиться к запуску. Затем редактор сохранил таблицу.,Проект готовится к запуску. Затем редактор сохранил таблицу.
5214,tsya_soft_delete,strict_validator_rejected,Он учиться каждый день. Позже руководитель уточнил адрес.,Он учится каждый день. Позже руководитель уточнил адрес.
5215,tsya_soft_delete,strict_validator_rejected,Проект готовиться к запуску. Утром специалист открыл журнал.,Проект готовится к запуску. Утром специалист открыл журнал.
5216,tsya_soft_delete,strict_validator_rejected,Он учиться каждый день. После проверки данные совпали.,Он учится каждый день. После проверки данные совпали.
5217,tsya_soft_delete,strict_validator_rejected,Проект готовиться к запуску. Вечером служба передала копию.,Проект готовится к запуску. Вечером служба передала копию.
5218,tsya_soft_delete,strict_validator_rejected,Он учиться каждый день. Затем автор подписал лист.,Он учится каждый день. Затем автор подписал лист.
5219,tsya_soft_delete,strict_validator_rejected,Проект готовиться к запуску. Позже комиссия вернула письмо.,Проект готовится к запуску. Позже комиссия вернула письмо.
5220,tsya_soft_delete,strict_validator_rejected,Он учиться каждый день. Утром отдел принял заявку.,Он учится каждый день. Утром отдел принял заявку.
5221,tsya_soft_delete,strict_validator_rejected,Проект готовиться к запуску. После обеда секретарь внес дату.,Проект готовится к запуску. После обеда секретарь внес дату.
5222,tsya_soft_delete,strict_validator_rejected,Он учиться каждый день. Вечером редактор проверил список.,Он учится каждый день. Вечером редактор проверил список.
5223,tsya_soft_delete,strict_validator_rejected,Проект готовиться к запуску. Затем курьер доставил пакет.,Проект готовится к запуску. Затем курьер доставил пакет.
5224,tsya_soft_delete,strict_validator_rejected,Он учиться каждый день. Позже аналитик сверил отчет.,Он учится каждый день. Позже аналитик сверил отчет.
5225,tsya_soft_delete,strict_validator_rejected,Проект готовиться к запуску. Утром группа открыла архив.,Проект готовится к запуску. Утром группа открыла архив.
5226,tsya_soft_delete,strict_validator_rejected,Он учиться каждый день. После встречи автор добавил подпись.,Он учится каждый день. После встречи автор добавил подпись.
5227,tsya_soft_delete,strict_validator_rejected,Проект готовиться к запуску. Вечером отдел закрыл вопрос.,Проект готовится к запуску. Вечером отдел закрыл вопрос.
5228,tsya_soft_delete,strict_validator_rejected,Он учиться каждый день. Затем специалист отправил ответ.,Он учится каждый день. Затем специалист отправил ответ.
5229,tsya_soft_delete,strict_validator_rejected,Проект готовиться к запуску. Позже секретарь подготовил копию.,Проект готовится к запуску. Позже секретарь подготовил копию.
5230,tsya_soft_delete,strict_validator_rejected,Он учиться каждый день. Утром редактор проверил адрес.,Он учится каждый день. Утром редактор проверил адрес.
5231,tsya_soft_delete,strict_validator_rejected,Проект готовиться к запуску. После звонка комиссия ждала письмо.,Проект готовится к запуску. После звонка комиссия ждала письмо.
5232,tsya_soft_delete,strict_validator_rejected,Он учиться каждый день. Вечером автор уточнил срок.,Он учится каждый день. Вечером автор уточнил срок.
5233,tsya_soft_delete,strict_validator_rejected,Проект готовиться к запуску. Затем отдел сохранил файл.,Проект готовится к запуску. Затем отдел сохранил файл.
5234,tsya_soft_delete,strict_validator_rejected,Он учиться каждый день. Позже группа приняла решение.,Он учится каждый день. Позже группа приняла решение.
5235,tsya_soft_delete,strict_validator_rejected,Проект готовиться к запуску. Утром служба сверила данные.,Проект готовится к запуску. Утром служба сверила данные.
5236,tsya_soft_delete,strict_validator_rejected,Он учиться каждый день. После совещания секретарь закрыл папку.,Он учится каждый день. После совещания секретарь закрыл папку.
5237,tsya_soft_delete,strict_validator_rejected,Проект готовиться к запуску. Вечером специалист обновил запись.,Проект готовится к запуску. Вечером специалист обновил запись.
5238,tsya_soft_delete,strict_validator_rejected,Он учиться каждый день. Затем редактор передал копию.,Он учится каждый день. Затем редактор передал копию.
5239,tsya_soft_delete,strict_validator_rejected,Проект готовиться к запуску. Позже автор открыл таблицу.,Проект готовится к запуску. Позже автор открыл таблицу.
5240,tsya_soft_delete,strict_validator_rejected,Он учиться каждый день. Утром комиссия согласовала дату.,Он учится каждый день. Утром комиссия согласовала дату.
5241,tsya_soft_delete,strict_validator_rejected,Проект готовиться к запуску. После проверки отдел отправил ответ.,Проект готовится к запуску. После проверки отдел отправил ответ.
5242,tsya_soft_delete,strict_validator_rejected,Он учиться каждый день. Вечером секретарь внес подпись.,Он учится каждый день. Вечером секретарь внес подпись.
5243,tsya_soft_delete,strict_validator_rejected,Проект готовиться к запуску. Затем группа закрыла журнал.,Проект готовится к запуску. Затем группа закрыла журнал.
5244,tsya_soft_delete,strict_validator_rejected,Он учиться каждый день. Позже служба уточнила маршрут.,Он учится каждый день. Позже служба уточнила маршрут.
5245,tsya_soft_delete,strict_validator_rejected,Проект готовиться к запуску. Утром аналитик проверил сводку.,Проект готовится к запуску. Утром аналитик проверил сводку.
5246,tsya_soft_delete,strict_validator_rejected,Он учиться каждый день. После обеда редактор принял письмо.,Он учится каждый день. После обеда редактор принял письмо.
5247,tsya_soft_delete,strict_validator_rejected,Проект готовиться к запуску. Вечером отдел обновил список.,Проект готовится к запуску. Вечером отдел обновил список.
5248,tsya_soft_delete,strict_validator_rejected,Он учиться каждый день. Затем автор сохранил документ.,Он учится каждый день. Затем автор сохранил документ.
5249,tsya_soft_delete,strict_validator_rejected,Проект готовиться к запуску. Позже комиссия открыла протокол.,Проект готовится к запуску. Позже комиссия открыла протокол.
5250,tsya_soft_delete,strict_validator_rejected,Он учиться каждый день. Утром секретарь отправил копию.,Он учится каждый день. Утром секретарь отправил копию.
5251,tsya_soft_delete,strict_validator_rejected,Проект готовиться к запуску. После звонка специалист уточнил срок.,Проект готовится к запуску. После звонка специалист уточнил срок.
5252,tsya_soft_delete,strict_validator_rejected,Он учиться каждый день. Вечером группа сверила даты.,Он учится каждый день. Вечером группа сверила даты.
5253,tsya_soft_delete,strict_validator_rejected,Проект готовиться к запуску. Затем отдел принял письмо.,Проект готовится к запуску. Затем отдел принял письмо.
5254,tsya_soft_insert,strict_validator_rejected,"Лейтенант бельгийской артиллерии, руководивший обороной одного из фортов Льежа, ни за что не хотел расстатся с своей собакой — бульдогом.","Лейтенант бельгийской артиллерии, руководивший обороной одного из фортов Льежа, ни за что не хотел расстаться с своей собакой — бульдогом."
5255,tsya_soft_insert,strict_validator_rejected,Конвойные «помогли» ему поднятся и вытянуться во фронт.,Конвойные «помогли» ему подняться и вытянуться во фронт.
5256,tsya_soft_insert,strict_validator_rejected,В ходе встречи будет обсуждатся ситуация в Карачаево-Черкесии.,В ходе встречи будет обсуждаться ситуация в Карачаево-Черкесии.
5257,tsya_soft_insert,strict_validator_rejected,"Наверное, Скуратов первый раз ошибся, когда позволил себе подчинится требованиям верховных звонков в том же деле о коробке из-под ксерокса.","Наверное, Скуратов первый раз ошибся, когда позволил себе подчиниться требованиям верховных звонков в том же деле о коробке из-под ксерокса."
5258,tsya_soft_insert,strict_validator_rejected,"Вместе с тем, до конца недели, как считают специалисты, колебания курса могут продолжится, при этом доллар может достичь отметки в 25,8 руб./$1.","Вместе с тем, до конца недели, как считают специалисты, колебания курса могут продолжиться, при этом доллар может достичь отметки в 25,8 руб./$1."
5259,tsya_soft_insert,strict_validator_rejected,"Power Mac G4 с частотой 400 MHz стоит сейчас $1,599 в США, более дорогие G4 c частотой 450 и 500 MHz должны появится на рынке в сентябре и октябре.","Power Mac G4 с частотой 400 MHz стоит сейчас $1,599 в США, более дорогие G4 c частотой 450 и 500 MHz должны появиться на рынке в сентябре и октябре."
5260,tsya_soft_insert,strict_validator_rejected,"В машины, пытающиеся приблизится к зданию, стреляют, бросают камни.","В машины, пытающиеся приблизиться к зданию, стреляют, бросают камни."
5261,tsya_soft_insert,strict_validator_rejected,"К вечеру сторонники независимости бывшей индонезийской колонии начали вооружатся ножами, мачете, металлическими прутьями.","К вечеру сторонники независимости бывшей индонезийской колонии начали вооружаться ножами, мачете, металлическими прутьями."
5262,tsya_soft_insert,strict_validator_rejected,"Видимо, теперь на окнах звонницы будут установлены решетки, чтобы подобное больше не могло повторится.","Видимо, теперь на окнах звонницы будут установлены решетки, чтобы подобное больше не могло повториться."
5263,tsya_soft_insert,strict_validator_rejected,"Отвечая на прямой вопрос, собирается лиВашингтон добиватся отсрочки решения по этой проблеме, онасказала: ""Нет"".","Отвечая на прямой вопрос, собирается лиВашингтон добиваться отсрочки решения по этой проблеме, онасказала: ""Нет""."
5264,tsya_soft_insert,strict_validator_rejected,Приговор будет повторно рассматриватся аппеляционным судом в октябре.,Приговор будет повторно рассматриваться аппеляционным судом в октябре.
5265,tsya_soft_insert,strict_validator_rejected,"Он же ""привык работать в полную силу"" и заниматся тем делом, которое знает - государственными финансами.","Он же ""привык работать в полную силу"" и заниматься тем делом, которое знает - государственными финансами."
5266,tsya_soft_insert,strict_validator_rejected,"И я готов этого добиватся в своей дальнейшей политической деятельности"".","И я готов этого добиваться в своей дальнейшей политической деятельности""."
5267,tsya_soft_insert,strict_validator_rejected,Они могут появится завтра. Позже редактор сохранил копию.,Они могут появиться завтра. Позже редактор сохранил копию.
5268,tsya_soft_insert,strict_validator_rejected,Нужно вернутся к отчету. Утром комиссия вернулась к письму.,Нужно вернуться к отчету. Утром комиссия вернулась к письму.
5269,tsya_soft_insert,strict_validator_rejected,Они могут появится завтра. После встречи файл остался в архиве.,Они могут появиться завтра. После встречи файл остался в архиве.
5270,tsya_soft_insert,strict_validator_rejected,Нужно вернутся к отчету. Вечером автор обновил сводку.,Нужно вернуться к отчету. Вечером автор обновил сводку.
5271,tsya_soft_insert,strict_validator_rejected,Они могут появится завтра. Затем группа сверила подписи.,Они могут появиться завтра. Затем группа сверила подписи.
5272,tsya_soft_insert,strict_validator_rejected,Нужно вернутся к отчету. Позже служба отправила ответ.,Нужно вернуться к отчету. Позже служба отправила ответ.
5273,tsya_soft_insert,strict_validator_rejected,Они могут появится завтра. Утром секретарь открыл папку.,Они могут появиться завтра. Утром секретарь открыл папку.
5274,tsya_soft_insert,strict_validator_rejected,Нужно вернутся к отчету. После проверки список закрыли.,Нужно вернуться к отчету. После проверки список закрыли.
5275,tsya_soft_insert,strict_validator_rejected,Они могут появится завтра. Вечером руководитель принял правки.,Они могут появиться завтра. Вечером руководитель принял правки.
5276,tsya_soft_insert,strict_validator_rejected,Нужно вернутся к отчету. Затем аналитик обновил запись.,Нужно вернуться к отчету. Затем аналитик обновил запись.
5277,tsya_soft_insert,strict_validator_rejected,Они могут появится завтра. Позже отдел уточнил дату.,Они могут появиться завтра. Позже отдел уточнил дату.
5278,tsya_soft_insert,strict_validator_rejected,Нужно вернутся к отчету. Утром курьер принес копию.,Нужно вернуться к отчету. Утром курьер принес копию.
5279,tsya_soft_insert,strict_validator_rejected,Они могут появится завтра. После обеда автор сверил данные.,Они могут появиться завтра. После обеда автор сверил данные.
5280,tsya_soft_insert,strict_validator_rejected,Нужно вернутся к отчету. Вечером секретарь закрыл журнал.,Нужно вернуться к отчету. Вечером секретарь закрыл журнал.
5281,tsya_soft_insert,strict_validator_rejected,Они могут появится завтра. Затем комиссия перенесла встречу.,Они могут появиться завтра. Затем комиссия перенесла встречу.
5282,tsya_soft_insert,strict_validator_rejected,Нужно вернутся к отчету. Позже архивариус обновил карточку.,Нужно вернуться к отчету. Позже архивариус обновил карточку.
5283,tsya_soft_insert,strict_validator_rejected,Они могут появится завтра. Утром дежурный проверил подписи.,Они могут появиться завтра. Утром дежурный проверил подписи.
5284,tsya_soft_insert,strict_validator_rejected,Нужно вернутся к отчету. После звонка редактор открыл файл.,Нужно вернуться к отчету. После звонка редактор открыл файл.
5285,tsya_soft_insert,strict_validator_rejected,Они могут появится завтра. Вечером группа согласовала срок.,Они могут появиться завтра. Вечером группа согласовала срок.
5286,tsya_soft_insert,strict_validator_rejected,Нужно вернутся к отчету. Затем отдел отправил письмо.,Нужно вернуться к отчету. Затем отдел отправил письмо.
5287,tsya_soft_insert,strict_validator_rejected,Они могут появится завтра. Позже автор поправил заголовок.,Они могут появиться завтра. Позже автор поправил заголовок.
5288,tsya_soft_insert,strict_validator_rejected,Нужно вернутся к отчету. Утром команда сверила список.,Нужно вернуться к отчету. Утром команда сверила список.
5289,tsya_soft_insert,strict_validator_rejected,Они могут появится завтра. После совещания документ приняли.,Они могут появиться завтра. После совещания документ приняли.
5290,tsya_soft_insert,strict_validator_rejected,Нужно вернутся к отчету. Вечером сотрудник закрыл заявку.,Нужно вернуться к отчету. Вечером сотрудник закрыл заявку.
5291,tsya_soft_insert,strict_validator_rejected,Они могут появится завтра. Затем редактор сохранил таблицу.,Они могут появиться завтра. Затем редактор сохранил таблицу.
5292,tsya_soft_insert,strict_validator_rejected,Нужно вернутся к отчету. Позже руководитель уточнил адрес.,Нужно вернуться к отчету. Позже руководитель уточнил адрес.
5293,tsya_soft_insert,strict_validator_rejected,Они могут появится завтра. Утром специалист открыл журнал.,Они могут появиться завтра. Утром специалист открыл журнал.
5294,tsya_soft_insert,strict_validator_rejected,Нужно вернутся к отчету. После проверки данные совпали.,Нужно вернуться к отчету. После проверки данные совпали.
5295,tsya_soft_insert,strict_validator_rejected,Они могут появится завтра. Вечером служба передала копию.,Они могут появиться завтра. Вечером служба передала копию.
5296,tsya_soft_insert,strict_validator_rejected,Нужно вернутся к отчету. Затем автор подписал лист.,Нужно вернуться к отчету. Затем автор подписал лист.
5297,tsya_soft_insert,strict_validator_rejected,Они могут появится завтра. Позже комиссия вернула письмо.,Они могут появиться завтра. Позже комиссия вернула письмо.
5298,tsya_soft_insert,strict_validator_rejected,Нужно вернутся к отчету. Утром отдел принял заявку.,Нужно вернуться к отчету. Утром отдел принял заявку.
5299,tsya_soft_insert,strict_validator_rejected,Они могут появится завтра. После обеда секретарь внес дату.,Они могут появиться завтра. После обеда секретарь внес дату.
5300,tsya_soft_insert,strict_validator_rejected,Нужно вернутся к отчету. Вечером редактор проверил список.,Нужно вернуться к отчету. Вечером редактор проверил список.
5301,tsya_soft_insert,strict_validator_rejected,Они могут появится завтра. Затем курьер доставил пакет.,Они могут появиться завтра. Затем курьер доставил пакет.
5302,tsya_soft_insert,strict_validator_rejected,Нужно вернутся к отчету. Позже аналитик сверил отчет.,Нужно вернуться к отчету. Позже аналитик сверил отчет.
5303,tsya_soft_insert,strict_validator_rejected,Они могут появится завтра. Утром группа открыла архив.,Они могут появиться завтра. Утром группа открыла архив.
5304,tsya_soft_insert,strict_validator_rejected,Нужно вернутся к отчету. После встречи автор добавил подпись.,Нужно вернуться к отчету. После встречи автор добавил подпись.
5305,tsya_soft_insert,strict_validator_rejected,Они могут появится завтра. Вечером отдел закрыл вопрос.,Они могут появиться завтра. Вечером отдел закрыл вопрос.
5306,tsya_soft_insert,strict_validator_rejected,Нужно вернутся к отчету. Затем специалист отправил ответ.,Нужно вернуться к отчету. Затем специалист отправил ответ.
5307,tsya_soft_insert,strict_validator_rejected,Они могут появится завтра. Позже секретарь подготовил копию.,Они могут появиться завтра. Позже секретарь подготовил копию.
5308,tsya_soft_insert,strict_validator_rejected,Нужно вернутся к отчету. Утром редактор проверил адрес.,Нужно вернуться к отчету. Утром редактор проверил адрес.
5309,tsya_soft_insert,strict_validator_rejected,Они могут появится завтра. После звонка комиссия ждала письмо.,Они могут появиться завтра. После звонка комиссия ждала письмо.
5310,tsya_soft_insert,strict_validator_rejected,Нужно вернутся к отчету. Вечером автор уточнил срок.,Нужно вернуться к отчету. Вечером автор уточнил срок.
5311,tsya_soft_insert,strict_validator_rejected,Они могут появится завтра. Затем отдел сохранил файл.,Они могут появиться завтра. Затем отдел сохранил файл.
5312,tsya_soft_insert,strict_validator_rejected,Нужно вернутся к отчету. Позже группа приняла решение.,Нужно вернуться к отчету. Позже группа приняла решение.
5313,tsya_soft_insert,strict_validator_rejected,Они могут появится завтра. Утром служба сверила данные.,Они могут появиться завтра. Утром служба сверила данные.
5314,tsya_soft_insert,strict_validator_rejected,Нужно вернутся к отчету. После совещания секретарь закрыл папку.,Нужно вернуться к отчету. После совещания секретарь закрыл папку.
5315,tsya_soft_insert,strict_validator_rejected,Они могут появится завтра. Вечером специалист обновил запись.,Они могут появиться завтра. Вечером специалист обновил запись.
5316,tsya_soft_insert,strict_validator_rejected,Нужно вернутся к отчету. Затем редактор передал копию.,Нужно вернуться к отчету. Затем редактор передал копию.
5317,tsya_soft_insert,strict_validator_rejected,Они могут появится завтра. Позже автор открыл таблицу.,Они могут появиться завтра. Позже автор открыл таблицу.
5318,tsya_soft_insert,strict_validator_rejected,Нужно вернутся к отчету. Утром комиссия согласовала дату.,Нужно вернуться к отчету. Утром комиссия согласовала дату.
5319,tsya_soft_insert,strict_validator_rejected,Они могут появится завтра. После проверки отдел отправил ответ.,Они могут появиться завтра. После проверки отдел отправил ответ.
5320,tsya_soft_insert,strict_validator_rejected,Нужно вернутся к отчету. Вечером секретарь внес подпись.,Нужно вернуться к отчету. Вечером секретарь внес подпись.
5321,tsya_soft_insert,strict_validator_rejected,Они могут появится завтра. Затем группа закрыла журнал.,Они могут появиться завтра. Затем группа закрыла журнал.
5322,tsya_soft_insert,strict_validator_rejected,Нужно вернутся к отчету. Позже служба уточнила маршрут.,Нужно вернуться к отчету. Позже служба уточнила маршрут.
5323,tsya_soft_insert,strict_validator_rejected,Они могут появится завтра. Утром аналитик проверил сводку.,Они могут появиться завтра. Утром аналитик проверил сводку.
5324,tsya_soft_insert,strict_validator_rejected,Нужно вернутся к отчету. После обеда редактор принял письмо.,Нужно вернуться к отчету. После обеда редактор принял письмо.
5325,tsya_soft_insert,strict_validator_rejected,Они могут появится завтра. Вечером отдел обновил список.,Они могут появиться завтра. Вечером отдел обновил список.
5326,tsya_soft_insert,strict_validator_rejected,Нужно вернутся к отчету. Затем автор сохранил документ.,Нужно вернуться к отчету. Затем автор сохранил документ.
5327,tsya_soft_insert,strict_validator_rejected,Они могут появится завтра. Позже комиссия открыла протокол.,Они могут появиться завтра. Позже комиссия открыла протокол.
5328,tsya_soft_insert,strict_validator_rejected,Нужно вернутся к отчету. Утром секретарь отправил копию.,Нужно вернуться к отчету. Утром секретарь отправил копию.
5329,tsya_soft_insert,strict_validator_rejected,Они могут появится завтра. После звонка специалист уточнил срок.,Они могут появиться завтра. После звонка специалист уточнил срок.
5330,tsya_soft_insert,strict_validator_rejected,Нужно вернутся к отчету. Вечером группа сверила даты.,Нужно вернуться к отчету. Вечером группа сверила даты.
5331,tsya_soft_insert,strict_validator_rejected,Они могут появится завтра. Затем отдел принял письмо.,Они могут появиться завтра. Затем отдел принял письмо.
5332,tsya_soft_insert,strict_validator_rejected,Нужно вернутся к отчету. Позже редактор сохранил копию.,Нужно вернуться к отчету. Позже редактор сохранил копию.
5333,tsya_soft_insert,strict_validator_rejected,Они могут появится завтра. Утром комиссия вернулась к письму.,Они могут появиться завтра. Утром комиссия вернулась к письму.
5334,tsya_soft_insert,strict_validator_rejected,Нужно вернутся к отчету. После встречи файл остался в архиве.,Нужно вернуться к отчету. После встречи файл остался в архиве.
5335,tsya_soft_insert,strict_validator_rejected,Они могут появится завтра. Вечером автор обновил сводку.,Они могут появиться завтра. Вечером автор обновил сводку.
5336,tsya_soft_insert,strict_validator_rejected,Нужно вернутся к отчету. Затем группа сверила подписи.,Нужно вернуться к отчету. Затем группа сверила подписи.
5337,tsya_soft_insert,strict_validator_rejected,Они могут появится завтра. Позже служба отправила ответ.,Они могут появиться завтра. Позже служба отправила ответ.
5338,tsya_soft_insert,strict_validator_rejected,Нужно вернутся к отчету. Утром секретарь открыл папку.,Нужно вернуться к отчету. Утром секретарь открыл папку.
5339,tsya_soft_insert,strict_validator_rejected,Они могут появится завтра. После проверки список закрыли.,Они могут появиться завтра. После проверки список закрыли.
5340,tsya_soft_insert,strict_validator_rejected,Нужно вернутся к отчету. Вечером руководитель принял правки.,Нужно вернуться к отчету. Вечером руководитель принял правки.
5341,tsya_soft_insert,strict_validator_rejected,Они могут появится завтра. Затем аналитик обновил запись.,Они могут появиться завтра. Затем аналитик обновил запись.
5342,tsya_soft_insert,strict_validator_rejected,Нужно вернутся к отчету. Позже отдел уточнил дату.,Нужно вернуться к отчету. Позже отдел уточнил дату.
5343,tsya_soft_insert,strict_validator_rejected,Они могут появится завтра. Утром курьер принес копию.,Они могут появиться завтра. Утром курьер принес копию.
5344,tsya_soft_insert,strict_validator_rejected,Нужно вернутся к отчету. После обеда автор сверил данные.,Нужно вернуться к отчету. После обеда автор сверил данные.
5345,tsya_soft_insert,strict_validator_rejected,Они могут появится завтра. Вечером секретарь закрыл журнал.,Они могут появиться завтра. Вечером секретарь закрыл журнал.
5346,tsya_soft_insert,strict_validator_rejected,Нужно вернутся к отчету. Затем комиссия перенесла встречу.,Нужно вернуться к отчету. Затем комиссия перенесла встречу.
5347,tsya_soft_insert,strict_validator_rejected,Они могут появится завтра. Позже архивариус обновил карточку.,Они могут появиться завтра. Позже архивариус обновил карточку.
5348,tsya_soft_insert,strict_validator_rejected,Нужно вернутся к отчету. Утром дежурный проверил подписи.,Нужно вернуться к отчету. Утром дежурный проверил подписи.
5349,tsya_soft_insert,strict_validator_rejected,Они могут появится завтра. После звонка редактор открыл файл.,Они могут появиться завтра. После звонка редактор открыл файл.
5350,tsya_soft_insert,strict_validator_rejected,Нужно вернутся к отчету. Вечером группа согласовала срок.,Нужно вернуться к отчету. Вечером группа согласовала срок.
5351,tsya_soft_insert,strict_validator_rejected,Они могут появится завтра. Затем отдел отправил письмо.,Они могут появиться завтра. Затем отдел отправил письмо.
5352,tsya_soft_insert,strict_validator_rejected,Нужно вернутся к отчету. Позже автор поправил заголовок.,Нужно вернуться к отчету. Позже автор поправил заголовок.
5353,tsya_soft_insert,strict_validator_rejected,Они могут появится завтра. Утром команда сверила список.,Они могут появиться завтра. Утром команда сверила список.
5354,tsya_soft_insert,strict_validator_rejected,Нужно вернутся к отчету. После совещания документ приняли.,Нужно вернуться к отчету. После совещания документ приняли.
5355,tsya_soft_insert,strict_validator_rejected,Они могут появится завтра. Вечером сотрудник закрыл заявку.,Они могут появиться завтра. Вечером сотрудник закрыл заявку.
5356,tsya_soft_insert,strict_validator_rejected,Нужно вернутся к отчету. Затем редактор сохранил таблицу.,Нужно вернуться к отчету. Затем редактор сохранил таблицу.
5357,tsya_soft_insert,strict_validator_rejected,Они могут появится завтра. Позже руководитель уточнил адрес.,Они могут появиться завтра. Позже руководитель уточнил адрес.
5358,tsya_soft_insert,strict_validator_rejected,Нужно вернутся к отчету. Утром специалист открыл журнал.,Нужно вернуться к отчету. Утром специалист открыл журнал.
5359,tsya_soft_insert,strict_validator_rejected,Они могут появится завтра. После проверки данные совпали.,Они могут появиться завтра. После проверки данные совпали.
5360,tsya_soft_insert,strict_validator_rejected,Нужно вернутся к отчету. Вечером служба передала копию.,Нужно вернуться к отчету. Вечером служба передала копию.
5361,tsya_soft_insert,strict_validator_rejected,Они могут появится завтра. Затем автор подписал лист.,Они могут появиться завтра. Затем автор подписал лист.
5362,tsya_soft_insert,strict_validator_rejected,Нужно вернутся к отчету. Позже комиссия вернула письмо.,Нужно вернуться к отчету. Позже комиссия вернула письмо.
5363,tsya_soft_insert,strict_validator_rejected,Они могут появится завтра. Утром отдел принял заявку.,Они могут появиться завтра. Утром отдел принял заявку.
5364,tsya_soft_insert,strict_validator_rejected,Нужно вернутся к отчету. После обеда секретарь внес дату.,Нужно вернуться к отчету. После обеда секретарь внес дату.
5365,tsya_soft_insert,strict_validator_rejected,Они могут появится завтра. Вечером редактор проверил список.,Они могут появиться завтра. Вечером редактор проверил список.
5366,tsya_soft_insert,strict_validator_rejected,Нужно вернутся к отчету. Затем курьер доставил пакет.,Нужно вернуться к отчету. Затем курьер доставил пакет.
5367,tsya_soft_insert,strict_validator_rejected,Они могут появится завтра. Позже аналитик сверил отчет.,Они могут появиться завтра. Позже аналитик сверил отчет.
5368,tsya_soft_insert,strict_validator_rejected,Нужно вернутся к отчету. Утром группа открыла архив.,Нужно вернуться к отчету. Утром группа открыла архив.
5369,tsya_soft_insert,strict_validator_rejected,Они могут появится завтра. После встречи автор добавил подпись.,Они могут появиться завтра. После встречи автор добавил подпись.
5370,tsya_soft_insert,strict_validator_rejected,Нужно вернутся к отчету. Вечером отдел закрыл вопрос.,Нужно вернуться к отчету. Вечером отдел закрыл вопрос.
5371,tsya_soft_insert,strict_validator_rejected,Они могут появится завтра. Затем специалист отправил ответ.,Они могут появиться завтра. Затем специалист отправил ответ.
5372,tsya_soft_insert,strict_validator_rejected,Нужно вернутся к отчету. Позже секретарь подготовил копию.,Нужно вернуться к отчету. Позже секретарь подготовил копию.
5373,tsya_soft_insert,strict_validator_rejected,Они могут появится завтра. Утром редактор проверил адрес.,Они могут появиться завтра. Утром редактор проверил адрес.
5374,tsya_soft_insert,strict_validator_rejected,Нужно вернутся к отчету. После звонка комиссия ждала письмо.,Нужно вернуться к отчету. После звонка комиссия ждала письмо.
5375,tsya_soft_insert,strict_validator_rejected,Они могут появится завтра. Вечером автор уточнил срок.,Они могут появиться завтра. Вечером автор уточнил срок.
5376,tsya_soft_insert,strict_validator_rejected,Нужно вернутся к отчету. Затем отдел сохранил файл.,Нужно вернуться к отчету. Затем отдел сохранил файл.
5377,tsya_soft_insert,strict_validator_rejected,Они могут появится завтра. Позже группа приняла решение.,Они могут появиться завтра. Позже группа приняла решение.
5378,tsya_soft_insert,strict_validator_rejected,Нужно вернутся к отчету. Утром служба сверила данные.,Нужно вернуться к отчету. Утром служба сверила данные.
5379,tsya_soft_insert,strict_validator_rejected,Они могут появится завтра. После совещания секретарь закрыл папку.,Они могут появиться завтра. После совещания секретарь закрыл папку.
5380,tsya_soft_insert,strict_validator_rejected,Нужно вернутся к отчету. Вечером специалист обновил запись.,Нужно вернуться к отчету. Вечером специалист обновил запись.
5381,tsya_soft_insert,strict_validator_rejected,Они могут появится завтра. Затем редактор передал копию.,Они могут появиться завтра. Затем редактор передал копию.
5382,tsya_soft_insert,strict_validator_rejected,Нужно вернутся к отчету. Позже автор открыл таблицу.,Нужно вернуться к отчету. Позже автор открыл таблицу.
5383,tsya_soft_insert,strict_validator_rejected,Они могут появится завтра. Утром комиссия согласовала дату.,Они могут появиться завтра. Утром комиссия согласовала дату.
5384,tsya_soft_insert,strict_validator_rejected,Нужно вернутся к отчету. После проверки отдел отправил ответ.,Нужно вернуться к отчету. После проверки отдел отправил ответ.
5385,tsya_soft_insert,strict_validator_rejected,Они могут появится завтра. Вечером секретарь внес подпись.,Они могут появиться завтра. Вечером секретарь внес подпись.
5386,tsya_soft_insert,strict_validator_rejected,Нужно вернутся к отчету. Затем группа закрыла журнал.,Нужно вернуться к отчету. Затем группа закрыла журнал.
5387,tsya_soft_insert,strict_validator_rejected,Они могут появится завтра. Позже служба уточнила маршрут.,Они могут появиться завтра. Позже служба уточнила маршрут.
5388,tsya_soft_insert,strict_validator_rejected,Нужно вернутся к отчету. Утром аналитик проверил сводку.,Нужно вернуться к отчету. Утром аналитик проверил сводку.
5389,tsya_soft_insert,strict_validator_rejected,Они могут появится завтра. После обеда редактор принял письмо.,Они могут появиться завтра. После обеда редактор принял письмо.
5390,tsya_soft_insert,strict_validator_rejected,Нужно вернутся к отчету. Вечером отдел обновил список.,Нужно вернуться к отчету. Вечером отдел обновил список.
5391,tsya_soft_insert,strict_validator_rejected,Они могут появится завтра. Затем автор сохранил документ.,Они могут появиться завтра. Затем автор сохранил документ.
5392,tsya_soft_insert,strict_validator_rejected,Нужно вернутся к отчету. Позже комиссия открыла протокол.,Нужно вернуться к отчету. Позже комиссия открыла протокол.
5393,tsya_soft_insert,strict_validator_rejected,Они могут появится завтра. Утром секретарь отправил копию.,Они могут появиться завтра. Утром секретарь отправил копию.
5394,tsya_soft_insert,strict_validator_rejected,Нужно вернутся к отчету. После звонка специалист уточнил срок.,Нужно вернуться к отчету. После звонка специалист уточнил срок.
5395,tsya_soft_insert,strict_validator_rejected,Они могут появится завтра. Вечером группа сверила даты.,Они могут появиться завтра. Вечером группа сверила даты.
5396,tsya_soft_insert,strict_validator_rejected,Нужно вернутся к отчету. Затем отдел принял письмо.,Нужно вернуться к отчету. Затем отдел принял письмо.
