row_id,source,replacement,edit_type,rule_id,status,reason,confidence
1,,",",punctuation_insert,detached_adverbial_comma,accepted,trusted bounded candidate,0.8941423296928406
7,небольшой,не большой,split_word,ne_adjective,accepted,trusted bounded candidate,0.9999860525131226
7,,",",punctuation_insert,comma_conjunction,accepted,trusted bounded candidate,0.9995322227478027
10,,",",punctuation_insert,comma_conjunction,accepted,trusted bounded candidate,0.9999477863311768
11,,.,final_punctuation,final_punctuation_default,accepted,trusted bounded candidate,0.9974330067634583
13,везда,въезда,spelling_replace,missing_hard_sign,accepted,trusted bounded candidate,0.8989503383636475
18,вобщем,в общем,split_word,frequent_error_exact,accepted,trusted bounded candidate,0.9416592717170715
19,,",",punctuation_insert,homogeneous_comma,accepted,trusted bounded candidate,0.8979653120040894
20,,",",punctuation_insert,address_comma,accepted,trusted bounded candidate,0.993629515171051
21,,.,final_punctuation,final_punctuation_default,accepted,trusted bounded candidate,0.9877184629440308
23,небольшой,не большой,split_word,ne_adjective,accepted,trusted bounded candidate,0.9999938011169434
23,,",",punctuation_insert,comma_conjunction,accepted,trusted bounded candidate,0.9997537732124329
27,всмысле,в смысле,split_word,frequent_error_exact,accepted,trusted bounded candidate,0.9453913569450378
29,,",",punctuation_insert,homogeneous_comma,accepted,trusted bounded candidate,0.9336757659912109
30,,.,final_punctuation,final_punctuation_default,accepted,trusted bounded candidate,0.9753912687301636
31,,",",punctuation_insert,address_comma,accepted,trusted bounded candidate,0.9738786816596985
32,,",",punctuation_insert,comma_subordinate,accepted,trusted bounded candidate,0.9986010193824768
36,,",",punctuation_insert,introductory_comma,accepted,trusted bounded candidate,0.9826165437698364
40,,",",punctuation_insert,introductory_comma,accepted,trusted bounded candidate,0.9999665021896362
42,,",",punctuation_insert,comma_subordinate,accepted,trusted bounded candidate,0.9784643650054932
43,,",",punctuation_insert,address_comma,accepted,trusted bounded candidate,0.9374447464942932
45,,.,final_punctuation,final_punctuation_default,accepted,trusted bounded candidate,0.9827065467834473
46,вообщем,в общем,split_word,frequent_error_exact,accepted,trusted bounded candidate,0.9590901136398315
47,небольшой,не большой,split_word,ne_adjective,accepted,trusted bounded candidate,0.9999792575836182
47,,",",punctuation_insert,comma_conjunction,accepted,trusted bounded candidate,0.999518632888794
49,,.,final_punctuation,final_punctuation_default,accepted,trusted bounded candidate,0.9968881011009216
50,,",",punctuation_insert,comma_conjunction,accepted,trusted bounded candidate,0.9999743700027466
51,,.,final_punctuation,final_punctuation_default,accepted,trusted bounded candidate,0.9985584616661072
52,,",",punctuation_insert,introductory_comma,accepted,trusted bounded candidate,0.9996204376220703
54,небольшой,не большой,split_word,ne_adjective,accepted,trusted bounded candidate,0.9999904632568359
54,,",",punctuation_insert,comma_conjunction,accepted,trusted bounded candidate,0.9995974898338318
58,,",",punctuation_insert,comma_subordinate,accepted,trusted bounded candidate,0.9988641738891602
59,,",",punctuation_insert,comma_subordinate,accepted,trusted bounded candidate,0.9990314245223999
64,,.,final_punctuation,final_punctuation_default,accepted,trusted bounded candidate,0.9958381652832031
67,всмысле,в смысле,split_word,frequent_error_exact,accepted,trusted bounded candidate,0.9516283869743347
69,вобщем,в общем,split_word,frequent_error_exact,accepted,trusted bounded candidate,0.9412685632705688
71,,.,final_punctuation,final_punctuation_default,accepted,trusted bounded candidate,0.9995744824409485
71,м,М,case_change,,accepted,allowed strict-scope edit,0.9
72,,:,punctuation_insert,enumeration_colon,accepted,trusted bounded candidate,0.9953578114509583
73,незнаю,не знаю,split_word,frequent_error_exact,accepted,trusted bounded candidate,0.9788370132446289
77,незнаю,не знаю,split_word,frequent_error_exact,accepted,trusted bounded candidate,0.9815052151679993
78,,:,punctuation_insert,enumeration_colon,accepted,trusted bounded candidate,0.9891648888587952
79,вообщем,в общем,split_word,frequent_error_exact,accepted,trusted bounded candidate,0.9605815410614014
84,,",",punctuation_insert,introductory_comma,accepted,trusted bounded candidate,0.9998061060905457
93,нашол,нашел,spelling_replace,frequent_error_exact,accepted,trusted bounded candidate,0.9803078770637512
94,,",",punctuation_insert,comma_subordinate,accepted,trusted bounded candidate,0.9712525010108948
101,,",",punctuation_insert,introductory_comma,accepted,trusted bounded candidate,0.9998487234115601
104,вобщем,в общем,split_word,frequent_error_exact,accepted,trusted bounded candidate,0.9370246529579163
105,,",",punctuation_insert,comma_subordinate,accepted,trusted bounded candidate,0.9979973435401917
108,,:,punctuation_insert,enumeration_colon,accepted,trusted bounded candidate,0.9920865893363953
110,вобщем,в общем,split_word,frequent_error_exact,accepted,trusted bounded candidate,0.9395853877067566
111,вообщем,в общем,split_word,frequent_error_exact,accepted,trusted bounded candidate,0.9634878635406494
114,,",",punctuation_insert,homogeneous_comma,accepted,trusted bounded candidate,0.9271657466888428
120,всмысле,в смысле,split_word,frequent_error_exact,accepted,trusted bounded candidate,0.952096700668335
123,,:,punctuation_insert,enumeration_colon,accepted,trusted bounded candidate,0.9564619064331055
124,,",",punctuation_insert,detached_adverbial_comma,accepted,trusted bounded candidate,0.9287241697311401
129,,",",punctuation_insert,address_comma,accepted,trusted bounded candidate,0.9568262696266174
130,,",",punctuation_insert,homogeneous_comma,accepted,trusted bounded candidate,0.8978780508041382
137,щястье,счастье,spelling_replace,frequent_error_exact,accepted,trusted bounded candidate,0.9238540530204773
141,,",",punctuation_insert,detached_adverbial_comma,accepted,trusted bounded candidate,0.9841551780700684
142,вобщем,в общем,split_word,frequent_error_exact,accepted,trusted bounded candidate,0.9388200640678406
143,,",",punctuation_insert,detached_adverbial_comma,accepted,trusted bounded candidate,0.9918637275695801
144,,—,punctuation_insert,direct_speech_dash,accepted,trusted bounded candidate,0.9999022483825684
145,,—,punctuation_insert,direct_speech_dash,accepted,trusted bounded candidate,0.9998452663421631
146,нашол,нашел,spelling_replace,frequent_error_exact,accepted,trusted bounded candidate,0.9809247851371765
149,серце,сердце,spelling_replace,frequent_error_exact,accepted,trusted bounded candidate,0.9404078125953674
150,,",",punctuation_insert,address_comma,accepted,trusted bounded candidate,0.9623960852622986
152,всмысле,в смысле,split_word,frequent_error_exact,accepted,trusted bounded candidate,0.9550715088844299
158,,.,final_punctuation,final_punctuation_default,accepted,trusted bounded candidate,0.9983386993408203
174,,:,punctuation_insert,enumeration_colon,accepted,trusted bounded candidate,0.9621076583862305
177,врядли,вряд ли,split_word,frequent_error_exact,accepted,trusted bounded candidate,0.9773226976394653
177,,.,final_punctuation,final_punctuation_default,accepted,trusted bounded candidate,0.994086742401123
179,,:,punctuation_insert,enumeration_colon,accepted,trusted bounded candidate,0.9996079802513123
184,,",",punctuation_insert,homogeneous_comma,accepted,trusted bounded candidate,0.8914082646369934
193,жолтый,желтый,spelling_replace,frequent_error_exact,accepted,trusted bounded candidate,0.945691704750061
195,вобщем,в общем,split_word,frequent_error_exact,accepted,trusted bounded candidate,0.9411689639091492
196,,.,final_punctuation,final_punctuation_default,accepted,trusted bounded candidate,0.9990615248680115
202,,.,final_punctuation,final_punctuation_default,accepted,trusted bounded candidate,0.9973354935646057
208,незнает,не знает,split_word,ne_verb,accepted,trusted bounded candidate,0.9136435389518738
213,всмысле,в смысле,split_word,frequent_error_exact,accepted,trusted bounded candidate,0.9416970610618591
216,,",",punctuation_insert,comma_conjunction,accepted,trusted bounded candidate,0.9999505281448364
220,серце,сердце,spelling_replace,frequent_error_exact,accepted,trusted bounded candidate,0.933422863483429
226,,—,punctuation_insert,direct_speech_dash,accepted,trusted bounded candidate,0.9998799562454224
233,,:,punctuation_insert,direct_speech_colon,accepted,trusted bounded candidate,0.9998148083686829
235,,:,punctuation_insert,enumeration_colon,accepted,trusted bounded candidate,0.9850237369537354
240,,.,final_punctuation,final_punctuation_default,accepted,trusted bounded candidate,0.9931913018226624
246,вобщем,в общем,split_word,frequent_error_exact,accepted,trusted bounded candidate,0.9469331502914429
253,вобщем,в общем,split_word,frequent_error_exact,accepted,trusted bounded candidate,0.9391793608665466
265,нашол,нашел,spelling_replace,frequent_error_exact,accepted,trusted bounded candidate,0.9784309267997742
266,шол,шел,spelling_replace,frequent_error_exact,accepted,trusted bounded candidate,0.9972208738327026
276,,.,final_punctuation,final_punctuation_default,accepted,trusted bounded candidate,0.9982597231864929
278,вообщем,в общем,split_word,frequent_error_exact,accepted,trusted bounded candidate,0.9602034091949463
282,незнаю,не знаю,split_word,frequent_error_exact,accepted,trusted bounded candidate,0.9807643294334412
291,вообщем,в общем,split_word,frequent_error_exact,accepted,trusted bounded candidate,0.959657609462738
294,всмысле,в смысле,split_word,frequent_error_exact,accepted,trusted bounded candidate,0.94837486743927
313,,.,final_punctuation,final_punctuation_default,accepted,trusted bounded candidate,0.9962818026542664
315,щястье,счастье,spelling_replace,frequent_error_exact,accepted,trusted bounded candidate,0.9318372011184692
324,щястье,счастье,spelling_replace,frequent_error_exact,accepted,trusted bounded candidate,0.9300589561462402
336,вобщем,в общем,split_word,frequent_error_exact,accepted,trusted bounded candidate,0.939578115940094
353,,",",punctuation_insert,detached_adverbial_comma,accepted,trusted bounded candidate,0.9242710471153259
359,незнаю,не знаю,split_word,frequent_error_exact,accepted,trusted bounded candidate,0.9815418720245361
370,незнаю,не знаю,split_word,frequent_error_exact,accepted,trusted bounded candidate,0.9800554513931274
389,незнаю,не знаю,split_word,frequent_error_exact,accepted,trusted bounded candidate,0.9783872365951538
403,неговорим,не говорим,split_word,ne_verb,accepted,trusted bounded candidate,0.9386654496192932
408,всмысле,в смысле,split_word,frequent_error_exact,accepted,trusted bounded candidate,0.9457364678382874
411,шол,шел,spelling_replace,frequent_error_exact,accepted,trusted bounded candidate,0.9980897307395935
420,вообщем,в общем,split_word,frequent_error_exact,accepted,trusted bounded candidate,0.9594894647598267
424,щюку,щуку,spelling_replace,pattern_щю_щу,accepted,trusted bounded candidate,0.9602779746055603
431,вобщем,в общем,split_word,frequent_error_exact,accepted,trusted bounded candidate,0.9427763223648071
433,нашол,нашел,spelling_replace,frequent_error_exact,accepted,trusted bounded candidate,0.9801170229911804
436,вообщем,в общем,split_word,frequent_error_exact,accepted,trusted bounded candidate,0.959747850894928
477,шол,шел,spelling_replace,frequent_error_exact,accepted,trusted bounded candidate,0.9976188540458679
482,всмысле,в смысле,split_word,frequent_error_exact,accepted,trusted bounded candidate,0.9506734013557434
488,вобщем,в общем,split_word,frequent_error_exact,accepted,trusted bounded candidate,0.9426056742668152
490,вообщем,в общем,split_word,frequent_error_exact,accepted,trusted bounded candidate,0.9627906084060669
493,,:,punctuation_insert,enumeration_colon,accepted,trusted bounded candidate,0.9566941261291504
494,шол,шел,spelling_replace,frequent_error_exact,accepted,trusted bounded candidate,0.9978330731391907
496,вобщем,в общем,split_word,frequent_error_exact,accepted,trusted bounded candidate,0.9869770407676697
497,харашо,хорошо,spelling_replace,frequent_error_exact,accepted,trusted bounded candidate,0.9159696698188782
502,всмысле,в смысле,split_word,frequent_error_exact,accepted,trusted bounded candidate,0.9512220025062561
508,вообщем,в общем,split_word,frequent_error_exact,accepted,trusted bounded candidate,0.9574751257896423
513,вообщем,в общем,split_word,frequent_error_exact,accepted,trusted bounded candidate,0.9637362360954285
514,всмысле,в смысле,split_word,frequent_error_exact,accepted,trusted bounded candidate,0.9530714750289917
516,незнаю,не знаю,split_word,frequent_error_exact,accepted,trusted bounded candidate,0.9790967106819153
519,щястье,счастье,spelling_replace,frequent_error_exact,accepted,trusted bounded candidate,0.9371665716171265
529,,.,final_punctuation,final_punctuation_default,accepted,trusted bounded candidate,0.9994745850563049
531,,",",punctuation_insert,comma_subordinate,accepted,trusted bounded candidate,0.9978620409965515
540,вообщем,в общем,split_word,frequent_error_exact,accepted,trusted bounded candidate,0.958453893661499
545,всмысле,в смысле,split_word,frequent_error_exact,accepted,trusted bounded candidate,0.9496175646781921
548,,",",punctuation_insert,comma_subordinate,accepted,trusted bounded candidate,0.9839178323745728
548,,.,final_punctuation,final_punctuation_default,accepted,trusted bounded candidate,0.9797772765159607
550,незнаю,не знаю,split_word,frequent_error_exact,accepted,trusted bounded candidate,0.9796428084373474
558,всмысле,в смысле,split_word,frequent_error_exact,accepted,trusted bounded candidate,0.9461168646812439
559,всмысле,в смысле,split_word,frequent_error_exact,accepted,trusted bounded candidate,0.9528733491897583
560,пишы,пиши,spelling_replace,pattern_шы_ши,accepted,trusted bounded candidate,0.9681788086891174
567,,",",punctuation_insert,homogeneous_comma,accepted,trusted bounded candidate,0.9358669519424438
569,вобщем,в общем,split_word,frequent_error_exact,accepted,trusted bounded candidate,0.9410423040390015
610,,.,final_punctuation,final_punctuation_default,accepted,trusted bounded candidate,0.9851242899894714
612,,.,final_punctuation,final_punctuation_default,accepted,trusted bounded candidate,0.9876362681388855
616,,.,final_punctuation,final_punctuation_default,accepted,trusted bounded candidate,0.99910968542099
630,поцыфровее,поцифровее,spelling_replace,pattern_цы_ци,accepted,trusted bounded candidate,0.9201889634132385
634,,",",punctuation_insert,comma_subordinate,accepted,trusted bounded candidate,0.9988020658493042
654,цырках,цирках,spelling_replace,pattern_цы_ци,accepted,trusted bounded candidate,0.941126823425293
664,,.,final_punctuation,final_punctuation_default,accepted,trusted bounded candidate,0.9966679215431213
669,нашол,нашел,spelling_replace,frequent_error_exact,accepted,trusted bounded candidate,0.9771720767021179
674,,.,final_punctuation,final_punctuation_default,accepted,trusted bounded candidate,0.9993495345115662
693,,",",punctuation_insert,comma_subordinate,accepted,trusted bounded candidate,0.9780306220054626
698,,",",punctuation_insert,detached_adverbial_comma,accepted,trusted bounded candidate,0.9827274680137634
702,,",",punctuation_insert,detached_adverbial_comma,accepted,trusted bounded candidate,0.9017705917358398
714,незнают,не знают,split_word,ne_verb,accepted,trusted bounded candidate,0.9576607346534729
719,,.,final_punctuation,final_punctuation_default,accepted,trusted bounded candidate,0.9972224235534668
744,,",",punctuation_insert,homogeneous_comma,accepted,trusted bounded candidate,0.9268395900726318
750,,.,final_punctuation,final_punctuation_default,accepted,trusted bounded candidate,0.9969385862350464
754,нечитал,не читал,split_word,ne_verb,accepted,trusted bounded candidate,0.9480238556861877
755,,",",punctuation_insert,detached_adverbial_comma,accepted,trusted bounded candidate,0.8966147899627686
756,,",",punctuation_insert,comma_conjunction,accepted,trusted bounded candidate,0.9999724626541138
766,несмотрю,не смотрю,split_word,ne_verb,accepted,trusted bounded candidate,0.9307349324226379
791,,.,final_punctuation,final_punctuation_default,accepted,trusted bounded candidate,0.9954485297203064
797,,.,final_punctuation,final_punctuation_default,accepted,trusted bounded candidate,0.9849221110343933
802,,",",punctuation_insert,address_comma,accepted,trusted bounded candidate,0.9468356966972351
808,,.,final_punctuation,final_punctuation_default,accepted,trusted bounded candidate,0.9995028972625732
812,,.,final_punctuation,final_punctuation_default,accepted,trusted bounded candidate,0.9890645742416382
817,,",",punctuation_insert,comma_subordinate,accepted,trusted bounded candidate,0.9897352457046509
817,,",",punctuation_insert,comma_subordinate,accepted,trusted bounded candidate,0.9897352457046509
817,,.,final_punctuation,final_punctuation_default,accepted,trusted bounded candidate,0.9870728254318237
828,,.,final_punctuation,final_punctuation_default,accepted,trusted bounded candidate,0.9994500279426575
831,небольшой,не большой,split_word,ne_adjective,accepted,trusted bounded candidate,0.9999868869781494
831,,",",punctuation_insert,comma_conjunction,accepted,trusted bounded candidate,0.9995477795600891
835,всмысле,в смысле,split_word,frequent_error_exact,accepted,trusted bounded candidate,0.9977819323539734
843,,.,final_punctuation,final_punctuation_default,accepted,trusted bounded candidate,0.998629093170166
856,,.,final_punctuation,final_punctuation_default,accepted,trusted bounded candidate,0.9992270469665527
858,,.,final_punctuation,final_punctuation_default,accepted,trusted bounded candidate,0.974232017993927
863,,",",punctuation_insert,comma_subordinate,accepted,trusted bounded candidate,0.9986298084259033
863,,.,final_punctuation,final_punctuation_default,accepted,trusted bounded candidate,0.9982702732086182
872,,.,final_punctuation,final_punctuation_default,accepted,trusted bounded candidate,0.9943472743034363
884,,.,final_punctuation,final_punctuation_default,accepted,trusted bounded candidate,0.9995972514152527
892,,",",punctuation_insert,homogeneous_comma,accepted,trusted bounded candidate,0.8960967659950256
895,,.,final_punctuation,final_punctuation_default,accepted,trusted bounded candidate,0.9997492432594299
924,,",",punctuation_insert,comma_conjunction,accepted,trusted bounded candidate,0.9999498128890991
927,,",",punctuation_insert,comma_subordinate,accepted,trusted bounded candidate,0.998997151851654
929,,",",punctuation_insert,address_comma,accepted,trusted bounded candidate,0.9524961709976196
933,нашол,нашел,spelling_replace,frequent_error_exact,accepted,trusted bounded candidate,0.9824549555778503
937,печон,печен,spelling_replace,pattern_чо_че,accepted,trusted bounded candidate,0.9553551077842712
946,,",",punctuation_insert,address_comma,accepted,trusted bounded candidate,0.9650124311447144
955,,.,final_punctuation,final_punctuation_default,accepted,trusted bounded candidate,0.9993311166763306
970,,.,final_punctuation,final_punctuation_default,accepted,trusted bounded candidate,0.99090975522995
973,,.,final_punctuation,final_punctuation_default,accepted,trusted bounded candidate,0.9816470742225647
980,,",",punctuation_insert,comma_subordinate,accepted,trusted bounded candidate,0.9990098476409912
987,,",",punctuation_insert,address_comma,accepted,trusted bounded candidate,0.975545346736908
992,,",",punctuation_insert,comma_subordinate,accepted,trusted bounded candidate,0.9986217021942139
995,,",",punctuation_insert,comma_subordinate,accepted,trusted bounded candidate,0.9979413151741028
996,,",",punctuation_insert,comma_subordinate,accepted,trusted bounded candidate,0.9988362193107605
1002,небольшой,не большой,split_word,ne_adjective,accepted,trusted bounded candidate,0.999993085861206
1002,,",",punctuation_insert,comma_conjunction,accepted,trusted bounded candidate,0.9996161460876465
1003,,",",punctuation_insert,detached_adverbial_comma,accepted,trusted bounded candidate,0.9831015467643738
1005,,.,final_punctuation,final_punctuation_default,accepted,trusted bounded candidate,0.9980970025062561
1007,,.,final_punctuation,final_punctuation_default,accepted,trusted bounded candidate,0.9919588565826416
1008,,",",punctuation_insert,comma_subordinate,accepted,trusted bounded candidate,0.9988228678703308
1010,,—,punctuation_insert,direct_speech_dash,accepted,trusted bounded candidate,0.99985671043396
1011,,",",punctuation_insert,comma_subordinate,accepted,trusted bounded candidate,0.9782586693763733
1011,,",",punctuation_insert,introductory_comma,accepted,trusted bounded candidate,0.9782586693763733
1011,,.,final_punctuation,final_punctuation_default,accepted,trusted bounded candidate,0.972701370716095
1011,,",",punctuation_insert,comma_conjunction,accepted,trusted bounded candidate,0.9983593821525574
1011,в,В,case_change,,accepted,allowed strict-scope edit,0.9
1012,,.,final_punctuation,final_punctuation_default,accepted,trusted bounded candidate,0.9618915319442749
1013,,",",punctuation_insert,comma_subordinate,accepted,trusted bounded candidate,0.963830828666687
1013,,.,final_punctuation,final_punctuation_default,accepted,trusted bounded candidate,0.9547563791275024
1014,,.,final_punctuation,final_punctuation_default,accepted,trusted bounded candidate,0.9802575707435608
1015,,",",punctuation_insert,introductory_comma,accepted,trusted bounded candidate,0.9998698234558105
1016,,.,final_punctuation,final_punctuation_default,accepted,trusted bounded candidate,0.9916768074035645
1019,,",",punctuation_insert,introductory_comma,accepted,trusted bounded candidate,0.9825482368469238
1021,,—,punctuation_insert,direct_speech_dash,accepted,trusted bounded candidate,0.9999043941497803
1023,,",",punctuation_insert,comma_conjunction,accepted,trusted bounded candidate,0.9999487400054932
1024,небольшой,не большой,split_word,ne_adjective,accepted,trusted bounded candidate,0.9999804496765137
1024,,",",punctuation_insert,comma_conjunction,accepted,trusted bounded candidate,0.9995087385177612
1025,,:,punctuation_insert,enumeration_colon,accepted,trusted bounded candidate,0.9938676953315735
1029,вобщем,в общем,split_word,frequent_error_exact,accepted,trusted bounded candidate,0.9420919418334961
1030,,:,punctuation_insert,direct_speech_colon,accepted,trusted bounded candidate,0.9998053908348083
1033,небольшой,не большой,split_word,ne_adjective,accepted,trusted bounded candidate,0.9999927282333374
1033,,",",punctuation_insert,comma_conjunction,accepted,trusted bounded candidate,0.9995841383934021
1036,,.,final_punctuation,final_punctuation_default,accepted,trusted bounded candidate,0.9848265647888184
1038,,.,final_punctuation,final_punctuation_default,accepted,trusted bounded candidate,0.9458168148994446
1039,,",",punctuation_insert,address_comma,accepted,trusted bounded candidate,0.9494413733482361
1040,,",",punctuation_insert,introductory_comma,accepted,trusted bounded candidate,0.999648928642273
1041,небольшой,не большой,split_word,ne_adjective,accepted,trusted bounded candidate,0.9999858140945435
1041,,",",punctuation_insert,comma_conjunction,accepted,trusted bounded candidate,0.9995558857917786
1043,,",",punctuation_insert,comma_subordinate,accepted,trusted bounded candidate,0.9978616833686829
1044,,",",punctuation_insert,comma_subordinate,accepted,trusted bounded candidate,0.9673856496810913
1048,,.,final_punctuation,final_punctuation_default,accepted,trusted bounded candidate,0.998433530330658
1049,,",",punctuation_insert,introductory_comma,accepted,trusted bounded candidate,0.9830420017242432
1052,,",",punctuation_insert,comma_subordinate,accepted,trusted bounded candidate,0.9769723415374756
1053,,",",punctuation_insert,comma_conjunction,accepted,trusted bounded candidate,0.9947063326835632
1053,,.,final_punctuation,final_punctuation_default,accepted,trusted bounded candidate,0.9933245778083801
1054,,",",punctuation_insert,comma_subordinate,accepted,trusted bounded candidate,0.999019980430603
1058,,.,final_punctuation,final_punctuation_default,accepted,trusted bounded candidate,0.9906833171844482
1058,,",",punctuation_insert,comma_conjunction,accepted,trusted bounded candidate,0.9995019435882568
1059,,.,final_punctuation,final_punctuation_default,accepted,trusted bounded candidate,0.9981774091720581
1064,вообщем,в общем,split_word,frequent_error_exact,accepted,trusted bounded candidate,0.9591891765594482
1066,,.,final_punctuation,final_punctuation_default,accepted,trusted bounded candidate,0.9732090830802917
1067,,",",punctuation_insert,comma_conjunction,accepted,trusted bounded candidate,0.9999744892120361
1070,,.,final_punctuation,final_punctuation_default,accepted,trusted bounded candidate,0.9971785545349121
1072,,:,punctuation_insert,enumeration_colon,accepted,trusted bounded candidate,0.9996922016143799
1074,,",",punctuation_insert,comma_subordinate,accepted,trusted bounded candidate,0.9990687966346741
1076,,",",punctuation_insert,comma_subordinate,accepted,trusted bounded candidate,0.999010443687439
1077,,",",punctuation_insert,homogeneous_comma,accepted,trusted bounded candidate,0.8973765969276428
1078,,.,final_punctuation,final_punctuation_default,accepted,trusted bounded candidate,0.9969922304153442
1079,,",",punctuation_insert,address_comma,accepted,trusted bounded candidate,0.9442647099494934
1081,,:,punctuation_insert,enumeration_colon,accepted,trusted bounded candidate,0.9886491298675537
1082,,",",punctuation_insert,comma_subordinate,accepted,trusted bounded candidate,0.9979339838027954
1084,,:,punctuation_insert,direct_speech_colon,accepted,trusted bounded candidate,0.9998248219490051
1085,вобщем,в общем,split_word,frequent_error_exact,accepted,trusted bounded candidate,0.9366410970687866
1086,,",",punctuation_insert,introductory_comma,accepted,trusted bounded candidate,0.9998492002487183
1087,,",",punctuation_insert,address_comma,accepted,trusted bounded candidate,0.9418625235557556
1088,небольшой,не большой,split_word,ne_adjective,accepted,trusted bounded candidate,0.9999945163726807
1088,,",",punctuation_insert,comma_conjunction,accepted,trusted bounded candidate,0.9995668530464172
1090,,",",punctuation_insert,homogeneous_comma,accepted,trusted bounded candidate,0.912100076675415
1091,,.,final_punctuation,final_punctuation_default,accepted,trusted bounded candidate,0.9872617125511169
1093,,.,final_punctuation,final_punctuation_default,accepted,trusted bounded candidate,0.9806886911392212
1094,всмысле,в смысле,split_word,frequent_error_exact,accepted,trusted bounded candidate,0.9485260844230652
1095,,",",punctuation_insert,homogeneous_comma,accepted,trusted bounded candidate,0.9379379153251648
1099,,",",punctuation_insert,comma_subordinate,accepted,trusted bounded candidate,0.9726187586784363
1101,,",",punctuation_insert,introductory_comma,accepted,trusted bounded candidate,0.983048677444458
1104,,—,punctuation_insert,direct_speech_dash,accepted,trusted bounded candidate,0.9998774528503418
1108,,",",punctuation_insert,address_comma,accepted,trusted bounded candidate,0.9367870092391968
1111,,",",punctuation_insert,detached_adverbial_comma,accepted,trusted bounded candidate,0.9066230654716492
1112,,",",punctuation_insert,address_comma,accepted,trusted bounded candidate,0.9157236218452454
1113,,—,punctuation_insert,direct_speech_dash,accepted,trusted bounded candidate,0.9998946189880371
1114,,",",punctuation_insert,comma_subordinate,accepted,trusted bounded candidate,0.9978845715522766
1119,вообщем,в общем,split_word,frequent_error_exact,accepted,trusted bounded candidate,0.9635035991668701
1120,,",",punctuation_insert,comma_conjunction,accepted,trusted bounded candidate,0.9999489784240723
1125,,",",punctuation_insert,homogeneous_comma,accepted,trusted bounded candidate,0.932946503162384
1130,,.,final_punctuation,final_punctuation_default,accepted,trusted bounded candidate,0.988725483417511
1131,,",",punctuation_insert,detached_adverbial_comma,accepted,trusted bounded candidate,0.9852611422538757
1133,,",",punctuation_insert,comma_subordinate,accepted,trusted bounded candidate,0.975933849811554
1139,,:,punctuation_insert,enumeration_colon,accepted,trusted bounded candidate,0.9602863192558289
1140,небольшой,не большой,split_word,ne_adjective,accepted,trusted bounded candidate,0.9999845027923584
1140,,",",punctuation_insert,comma_conjunction,accepted,trusted bounded candidate,0.9995736479759216
1143,харашо,хорошо,spelling_replace,frequent_error_exact,accepted,trusted bounded candidate,0.9166150689125061
1145,,.,final_punctuation,final_punctuation_default,accepted,trusted bounded candidate,0.9974918365478516
1146,,",",punctuation_insert,homogeneous_comma,accepted,trusted bounded candidate,0.9279106259346008
1147,,",",punctuation_insert,detached_adverbial_comma,accepted,trusted bounded candidate,0.901189386844635
1148,,",",punctuation_insert,homogeneous_comma,accepted,trusted bounded candidate,0.8877321481704712
1149,,",",punctuation_insert,comma_subordinate,accepted,trusted bounded candidate,0.9976268410682678
1150,,—,punctuation_insert,direct_speech_dash,accepted,trusted bounded candidate,0.999896764755249
1151,,",",punctuation_insert,comma_subordinate,accepted,trusted bounded candidate,0.9986673593521118
1153,,.,final_punctuation,final_punctuation_default,accepted,trusted bounded candidate,0.9963061809539795
1162,небольшой,не большой,split_word,ne_adjective,accepted,trusted bounded candidate,0.9999923706054688
1162,,",",punctuation_insert,comma_conjunction,accepted,trusted bounded candidate,0.9995317459106445
1163,небольшой,не большой,split_word,ne_adjective,accepted,trusted bounded candidate,0.9999855756759644
1163,,",",punctuation_insert,comma_conjunction,accepted,trusted bounded candidate,0.9995304346084595
1164,,.,final_punctuation,final_punctuation_default,accepted,trusted bounded candidate,0.9979415535926819
1168,щястье,счастье,spelling_replace,frequent_error_exact,accepted,trusted bounded candidate,0.9322873950004578
1170,,",",punctuation_insert,detached_adverbial_comma,accepted,trusted bounded candidate,0.9268021583557129
1171,,",",punctuation_insert,comma_subordinate,accepted,trusted bounded candidate,0.9700708389282227
1173,,.,final_punctuation,final_punctuation_default,accepted,trusted bounded candidate,0.9971345663070679
1174,,.,final_punctuation,final_punctuation_default,accepted,trusted bounded candidate,0.9900060296058655
1175,небольшой,не большой,split_word,ne_adjective,accepted,trusted bounded candidate,0.9999852180480957
1175,,",",punctuation_insert,comma_conjunction,accepted,trusted bounded candidate,0.999543309211731
1177,,",",punctuation_insert,introductory_comma,accepted,trusted bounded candidate,0.9998161196708679
1179,,.,final_punctuation,final_punctuation_default,accepted,trusted bounded candidate,0.9843308329582214
1180,,.,final_punctuation,final_punctuation_default,accepted,trusted bounded candidate,0.9663879871368408
1182,вообщем,в общем,split_word,frequent_error_exact,accepted,trusted bounded candidate,0.9630491733551025
1183,,—,punctuation_insert,direct_speech_dash,accepted,trusted bounded candidate,0.999847412109375
1189,,:,punctuation_insert,enumeration_colon,accepted,trusted bounded candidate,0.9857402443885803
1195,,",",punctuation_insert,detached_adverbial_comma,accepted,trusted bounded candidate,0.9222579002380371
1199,,",",punctuation_insert,homogeneous_comma,accepted,trusted bounded candidate,0.9316701292991638
1202,,",",punctuation_insert,introductory_comma,accepted,trusted bounded candidate,0.9800429344177246
1203,небольшой,не большой,split_word,ne_adjective,accepted,trusted bounded candidate,0.9999855756759644
1203,,",",punctuation_insert,comma_conjunction,accepted,trusted bounded candidate,0.9995810389518738
1208,,.,final_punctuation,final_punctuation_default,accepted,trusted bounded candidate,0.9739537239074707
1210,,",",punctuation_insert,comma_subordinate,accepted,trusted bounded candidate,0.9680818319320679
1212,небольшой,не большой,split_word,ne_adjective,accepted,trusted bounded candidate,0.9999923706054688
1212,,",",punctuation_insert,comma_conjunction,accepted,trusted bounded candidate,0.9995611310005188
1214,,.,final_punctuation,final_punctuation_default,accepted,trusted bounded candidate,0.9973370432853699
1217,,:,punctuation_insert,enumeration_colon,accepted,trusted bounded candidate,0.9653674960136414
1218,,",",punctuation_insert,detached_adverbial_comma,accepted,trusted bounded candidate,0.9837454557418823
1220,,",",punctuation_insert,comma_subordinate,accepted,trusted bounded candidate,0.9989687204360962
1223,,",",punctuation_insert,homogeneous_comma,accepted,trusted bounded candidate,0.9038278460502625
1225,,.,final_punctuation,final_punctuation_default,accepted,trusted bounded candidate,0.9778571128845215
1230,,",",punctuation_insert,homogeneous_comma,accepted,trusted bounded candidate,0.9066663980484009
1235,,",",punctuation_insert,introductory_comma,accepted,trusted bounded candidate,0.9998377561569214
1237,,",",punctuation_insert,introductory_comma,accepted,trusted bounded candidate,0.9998225569725037
1239,,",",punctuation_insert,introductory_comma,accepted,trusted bounded candidate,0.9998619556427002
1241,,",",punctuation_insert,detached_adverbial_comma,accepted,trusted bounded candidate,0.9042997360229492
1242,небольшой,не большой,split_word,ne_adjective,accepted,trusted bounded candidate,0.9999927282333374
1242,,",",punctuation_insert,comma_conjunction,accepted,trusted bounded candidate,0.9995613694190979
1245,,",",punctuation_insert,introductory_comma,accepted,trusted bounded candidate,0.9996176958084106
1246,,.,final_punctuation,final_punctuation_default,accepted,trusted bounded candidate,0.9905746579170227
1249,,:,punctuation_insert,enumeration_colon,accepted,trusted bounded candidate,0.9900864958763123
1250,небольшой,не большой,split_word,ne_adjective,accepted,trusted bounded candidate,0.999994158744812
1250,,",",punctuation_insert,comma_conjunction,accepted,trusted bounded candidate,0.9995315074920654
1251,,",",punctuation_insert,introductory_comma,accepted,trusted bounded candidate,0.9998518228530884
1253,,",",punctuation_insert,comma_subordinate,accepted,trusted bounded candidate,0.997444748878479
1259,серце,сердце,spelling_replace,frequent_error_exact,accepted,trusted bounded candidate,0.9406819939613342
1260,,.,final_punctuation,final_punctuation_default,accepted,trusted bounded candidate,0.9659024477005005
1261,небольшой,не большой,split_word,ne_adjective,accepted,trusted bounded candidate,0.9999818801879883
1261,,",",punctuation_insert,comma_conjunction,accepted,trusted bounded candidate,0.9996024966239929
1262,небольшой,не большой,split_word,ne_adjective,accepted,trusted bounded candidate,0.9999914169311523
1262,,",",punctuation_insert,comma_conjunction,accepted,trusted bounded candidate,0.9995274543762207
1265,,.,final_punctuation,final_punctuation_default,accepted,trusted bounded candidate,0.9805302619934082
1266,,",",punctuation_insert,introductory_comma,accepted,trusted bounded candidate,0.9999676942825317
1269,,",",punctuation_insert,comma_conjunction,accepted,trusted bounded candidate,0.999951958656311
1271,,",",punctuation_insert,comma_subordinate,accepted,trusted bounded candidate,0.9352998733520508
1272,,",",punctuation_insert,homogeneous_comma,accepted,trusted bounded candidate,0.8998359441757202
1276,,",",punctuation_insert,comma_subordinate,accepted,trusted bounded candidate,0.9985867738723755
1279,нашол,нашел,spelling_replace,frequent_error_exact,accepted,trusted bounded candidate,0.9782498478889465
1282,,",",punctuation_insert,comma_subordinate,accepted,trusted bounded candidate,0.9979259967803955
1288,,:,punctuation_insert,enumeration_colon,accepted,trusted bounded candidate,0.9953747391700745
1290,небольшой,не большой,split_word,ne_adjective,accepted,trusted bounded candidate,0.999985933303833
1290,,",",punctuation_insert,comma_conjunction,accepted,trusted bounded candidate,0.9995558857917786
1292,,",",punctuation_insert,comma_conjunction,accepted,trusted bounded candidate,0.9999450445175171
1295,,:,punctuation_insert,enumeration_colon,accepted,trusted bounded candidate,0.9997040629386902
1296,,",",punctuation_insert,comma_subordinate,accepted,trusted bounded candidate,0.9988011121749878
1297,,.,final_punctuation,final_punctuation_default,accepted,trusted bounded candidate,0.976550281047821
1298,,:,punctuation_insert,enumeration_colon,accepted,trusted bounded candidate,0.9882877469062805
1301,вообщем,в общем,split_word,frequent_error_exact,accepted,trusted bounded candidate,0.9632882475852966
1302,,",",punctuation_insert,comma_conjunction,accepted,trusted bounded candidate,0.9999730587005615
1303,,",",punctuation_insert,homogeneous_comma,accepted,trusted bounded candidate,0.9314647912979126
1304,,.,final_punctuation,final_punctuation_default,accepted,trusted bounded candidate,0.986223042011261
1307,,.,final_punctuation,final_punctuation_default,accepted,trusted bounded candidate,0.9960299134254456
1308,небольшой,не большой,split_word,ne_adjective,accepted,trusted bounded candidate,0.999984860420227
1308,,",",punctuation_insert,comma_conjunction,accepted,trusted bounded candidate,0.9995591044425964
1309,,.,final_punctuation,final_punctuation_default,accepted,trusted bounded candidate,0.996589183807373
1313,,.,final_punctuation,final_punctuation_default,accepted,trusted bounded candidate,0.9635107517242432
1314,,",",punctuation_insert,introductory_comma,accepted,trusted bounded candidate,0.9816036224365234
1315,,",",punctuation_insert,comma_subordinate,accepted,trusted bounded candidate,0.9990359544754028
1319,,",",punctuation_insert,comma_subordinate,accepted,trusted bounded candidate,0.9979236125946045
1321,,",",punctuation_insert,comma_subordinate,accepted,trusted bounded candidate,0.9771338105201721
1322,небольшой,не большой,split_word,ne_adjective,accepted,trusted bounded candidate,0.9999790191650391
1322,,",",punctuation_insert,comma_conjunction,accepted,trusted bounded candidate,0.999575674533844
1323,,",",punctuation_insert,introductory_comma,accepted,trusted bounded candidate,0.9998189806938171
1326,,",",punctuation_insert,introductory_comma,accepted,trusted bounded candidate,0.9998359680175781
1329,,",",punctuation_insert,comma_subordinate,accepted,trusted bounded candidate,0.9770082831382751
1330,харашо,хорошо,spelling_replace,frequent_error_exact,accepted,trusted bounded candidate,0.9174515604972839
1331,,—,punctuation_insert,direct_speech_dash,accepted,trusted bounded candidate,0.9998942613601685
1334,,:,punctuation_insert,enumeration_colon,accepted,trusted bounded candidate,0.9836091995239258
1336,,",",punctuation_insert,comma_subordinate,accepted,trusted bounded candidate,0.9990290403366089
1337,,",",punctuation_insert,homogeneous_comma,accepted,trusted bounded candidate,0.9072974324226379
1338,,",",punctuation_insert,introductory_comma,accepted,trusted bounded candidate,0.9996330738067627
1339,,",",punctuation_insert,comma_subordinate,accepted,trusted bounded candidate,0.9787584543228149
1340,,",",punctuation_insert,homogeneous_comma,accepted,trusted bounded candidate,0.8952323198318481
1341,,",",punctuation_insert,detached_adverbial_comma,accepted,trusted bounded candidate,0.9185335636138916
1342,,",",punctuation_insert,detached_adverbial_comma,accepted,trusted bounded candidate,0.902920663356781
1347,,",",punctuation_insert,comma_subordinate,accepted,trusted bounded candidate,0.9782479405403137
1350,,—,punctuation_insert,direct_speech_dash,accepted,trusted bounded candidate,0.9999014139175415
1352,,",",punctuation_insert,comma_subordinate,accepted,trusted bounded candidate,0.9742044806480408
1354,,",",punctuation_insert,comma_subordinate,accepted,trusted bounded candidate,0.998706579208374
1355,,",",punctuation_insert,introductory_comma,accepted,trusted bounded candidate,0.9998475313186646
1359,,.,final_punctuation,final_punctuation_default,accepted,trusted bounded candidate,0.9971323013305664
1363,,.,final_punctuation,final_punctuation_default,accepted,trusted bounded candidate,0.9746509194374084
1364,,:,punctuation_insert,enumeration_colon,accepted,trusted bounded candidate,0.9996992349624634
1366,,",",punctuation_insert,comma_subordinate,accepted,trusted bounded candidate,0.998762845993042
1367,,.,final_punctuation,final_punctuation_default,accepted,trusted bounded candidate,0.9856097102165222
1370,,",",punctuation_insert,introductory_comma,accepted,trusted bounded candidate,0.9811156988143921
1371,,",",punctuation_insert,comma_conjunction,accepted,trusted bounded candidate,0.9999539852142334
1379,,",",punctuation_insert,detached_adverbial_comma,accepted,trusted bounded candidate,0.9049562811851501
1380,,:,punctuation_insert,enumeration_colon,accepted,trusted bounded candidate,0.9997702240943909
1384,,.,final_punctuation,final_punctuation_default,accepted,trusted bounded candidate,0.9756942987442017
1385,вобщем,в общем,split_word,frequent_error_exact,accepted,trusted bounded candidate,0.9391807913780212
1386,,.,final_punctuation,final_punctuation_default,accepted,trusted bounded candidate,0.9877684712409973
1387,,.,final_punctuation,final_punctuation_default,accepted,trusted bounded candidate,0.9782763123512268
1388,,",",punctuation_insert,comma_subordinate,accepted,trusted bounded candidate,0.9986357092857361
1390,,",",punctuation_insert,comma_subordinate,accepted,trusted bounded candidate,0.9988376498222351
1391,вобщем,в общем,split_word,frequent_error_exact,accepted,trusted bounded candidate,0.9383504390716553
1393,,",",punctuation_insert,comma_conjunction,accepted,trusted bounded candidate,0.999969482421875
1394,,",",punctuation_insert,comma_subordinate,accepted,trusted bounded candidate,0.9975827932357788
1395,,",",punctuation_insert,homogeneous_comma,accepted,trusted bounded candidate,0.9088854193687439
1397,,",",punctuation_insert,detached_adverbial_comma,accepted,trusted bounded candidate,0.9401743412017822
1399,,.,final_punctuation,final_punctuation_default,accepted,trusted bounded candidate,0.9876407980918884
1402,небольшой,не большой,split_word,ne_adjective,accepted,trusted bounded candidate,0.9999812841415405
1402,,",",punctuation_insert,comma_conjunction,accepted,trusted bounded candidate,0.9995827078819275
1403,,",",punctuation_insert,introductory_comma,accepted,trusted bounded candidate,0.9998353719711304
1406,,",",punctuation_insert,comma_subordinate,accepted,trusted bounded candidate,0.9989894032478333
1407,,",",punctuation_insert,introductory_comma,accepted,trusted bounded candidate,0.9999715089797974
1409,,.,final_punctuation,final_punctuation_default,accepted,trusted bounded candidate,0.9958996176719666
1411,небольшой,не большой,split_word,ne_adjective,accepted,trusted bounded candidate,0.9999812841415405
1411,,",",punctuation_insert,comma_conjunction,accepted,trusted bounded candidate,0.9995797276496887
1413,шол,шел,spelling_replace,frequent_error_exact,accepted,trusted bounded candidate,0.9980916380882263
1415,,",",punctuation_insert,introductory_comma,accepted,trusted bounded candidate,0.9999707937240601
1416,,",",punctuation_insert,comma_conjunction,accepted,trusted bounded candidate,0.9999451637268066
1418,,",",punctuation_insert,detached_adverbial_comma,accepted,trusted bounded candidate,0.8964624404907227
1422,,",",punctuation_insert,comma_subordinate,accepted,trusted bounded candidate,0.9988962411880493
1425,,.,final_punctuation,final_punctuation_default,accepted,trusted bounded candidate,0.9867510199546814
1429,,",",punctuation_insert,comma_conjunction,accepted,trusted bounded candidate,0.9999727010726929
1431,,",",punctuation_insert,comma_subordinate,accepted,trusted bounded candidate,0.9986698627471924
1432,,",",punctuation_insert,detached_adverbial_comma,accepted,trusted bounded candidate,0.8973500728607178
1434,,",",punctuation_insert,comma_subordinate,accepted,trusted bounded candidate,0.9985477328300476
1435,,",",punctuation_insert,introductory_comma,accepted,trusted bounded candidate,0.9996059536933899
1437,,",",punctuation_insert,address_comma,accepted,trusted bounded candidate,0.9434919953346252
1441,,",",punctuation_insert,introductory_comma,accepted,trusted bounded candidate,0.9998070597648621
1442,вообщем,в общем,split_word,frequent_error_exact,accepted,trusted bounded candidate,0.9587277770042419
1443,,.,final_punctuation,final_punctuation_default,accepted,trusted bounded candidate,0.9799930453300476
1445,небольшой,не большой,split_word,ne_adjective,accepted,trusted bounded candidate,0.9999927282333374
1445,,",",punctuation_insert,comma_conjunction,accepted,trusted bounded candidate,0.9996516704559326
1449,,",",punctuation_insert,detached_adverbial_comma,accepted,trusted bounded candidate,0.8975122570991516
1450,,.,final_punctuation,final_punctuation_default,accepted,trusted bounded candidate,0.9918711185455322
1452,,",",punctuation_insert,comma_subordinate,accepted,trusted bounded candidate,0.9715596437454224
1454,,.,final_punctuation,final_punctuation_default,accepted,trusted bounded candidate,0.9865202903747559
1457,,:,punctuation_insert,direct_speech_colon,accepted,trusted bounded candidate,0.9998314380645752
1460,,:,punctuation_insert,enumeration_colon,accepted,trusted bounded candidate,0.995729386806488
1462,,",",punctuation_insert,introductory_comma,accepted,trusted bounded candidate,0.9998414516448975
1463,небольшой,не большой,split_word,ne_adjective,accepted,trusted bounded candidate,0.9999799728393555
1463,,",",punctuation_insert,comma_conjunction,accepted,trusted bounded candidate,0.9995972514152527
1465,,:,punctuation_insert,enumeration_colon,accepted,trusted bounded candidate,0.9997188448905945
1469,,:,punctuation_insert,enumeration_colon,accepted,trusted bounded candidate,0.9918650984764099
1474,,",",punctuation_insert,comma_conjunction,accepted,trusted bounded candidate,0.9999723434448242
1478,,.,final_punctuation,final_punctuation_default,accepted,trusted bounded candidate,0.9568960070610046
1479,,",",punctuation_insert,address_comma,accepted,trusted bounded candidate,0.9931092262268066
1480,,",",punctuation_insert,introductory_comma,accepted,trusted bounded candidate,0.9817792773246765
1481,,",",punctuation_insert,comma_subordinate,accepted,trusted bounded candidate,0.998991072177887
1483,,",",punctuation_insert,address_comma,accepted,trusted bounded candidate,0.9931663870811462
1486,,:,punctuation_insert,enumeration_colon,accepted,trusted bounded candidate,0.9996922016143799
1487,,",",punctuation_insert,comma_conjunction,accepted,trusted bounded candidate,0.9999485015869141
1489,,",",punctuation_insert,comma_subordinate,accepted,trusted bounded candidate,0.9986227750778198
1490,,",",punctuation_insert,comma_subordinate,accepted,trusted bounded candidate,0.915949285030365
1491,,",",punctuation_insert,comma_subordinate,accepted,trusted bounded candidate,0.998859167098999
1492,,",",punctuation_insert,comma_subordinate,accepted,trusted bounded candidate,0.9990099668502808
1493,,:,punctuation_insert,enumeration_colon,accepted,trusted bounded candidate,0.985590934753418
1494,,",",punctuation_insert,homogeneous_comma,accepted,trusted bounded candidate,0.92961585521698
1496,,",",punctuation_insert,comma_subordinate,accepted,trusted bounded candidate,0.9989804625511169
1498,,",",punctuation_insert,comma_conjunction,accepted,trusted bounded candidate,0.9999722242355347
1501,,.,final_punctuation,final_punctuation_default,accepted,trusted bounded candidate,0.9961885809898376
1504,,",",punctuation_insert,comma_subordinate,accepted,trusted bounded candidate,0.9689354300498962
1505,,:,punctuation_insert,enumeration_colon,accepted,trusted bounded candidate,0.9955534338951111
1507,,",",punctuation_insert,comma_conjunction,accepted,trusted bounded candidate,0.9999489784240723
1512,,",",punctuation_insert,detached_adverbial_comma,accepted,trusted bounded candidate,0.9057760238647461
1514,,.,final_punctuation,final_punctuation_default,accepted,trusted bounded candidate,0.9975296854972839
1515,,.,final_punctuation,final_punctuation_default,accepted,trusted bounded candidate,0.9815898537635803
1516,,.,final_punctuation,final_punctuation_default,accepted,trusted bounded candidate,0.9719160199165344
1519,,:,punctuation_insert,direct_speech_colon,accepted,trusted bounded candidate,0.9997937083244324
1520,,.,final_punctuation,final_punctuation_default,accepted,trusted bounded candidate,0.9722089767456055
1522,,",",punctuation_insert,comma_subordinate,accepted,trusted bounded candidate,0.9978737831115723
1525,,",",punctuation_insert,detached_adverbial_comma,accepted,trusted bounded candidate,0.9012764692306519
1526,небольшой,не большой,split_word,ne_adjective,accepted,trusted bounded candidate,0.9999862909317017
1526,,",",punctuation_insert,comma_conjunction,accepted,trusted bounded candidate,0.999556839466095
1529,,",",punctuation_insert,comma_subordinate,accepted,trusted bounded candidate,0.998945415019989
1530,,:,punctuation_insert,enumeration_colon,accepted,trusted bounded candidate,0.9848227500915527
1534,,.,final_punctuation,final_punctuation_default,accepted,trusted bounded candidate,0.9970775842666626
1536,вообщем,в общем,split_word,frequent_error_exact,accepted,trusted bounded candidate,0.9598498940467834
1538,,",",punctuation_insert,comma_subordinate,accepted,trusted bounded candidate,0.976164698600769
1539,,",",punctuation_insert,address_comma,accepted,trusted bounded candidate,0.9663082361221313
1542,,—,punctuation_insert,direct_speech_dash,accepted,trusted bounded candidate,0.9998836517333984
1543,,:,punctuation_insert,enumeration_colon,accepted,trusted bounded candidate,0.9897589683532715
1544,,",",punctuation_insert,address_comma,accepted,trusted bounded candidate,0.9551035761833191
1545,,:,punctuation_insert,enumeration_colon,accepted,trusted bounded candidate,0.9542402029037476
1546,,",",punctuation_insert,comma_subordinate,accepted,trusted bounded candidate,0.9985768795013428
1548,вообщем,в общем,split_word,frequent_error_exact,accepted,trusted bounded candidate,0.9582256078720093
1549,,:,punctuation_insert,direct_speech_colon,accepted,trusted bounded candidate,0.9997989535331726
1551,,—,punctuation_insert,direct_speech_dash,accepted,trusted bounded candidate,0.9999030828475952
1552,,",",punctuation_insert,comma_subordinate,accepted,trusted bounded candidate,0.9981158971786499
1557,,",",punctuation_insert,comma_conjunction,accepted,trusted bounded candidate,0.9999525547027588
1558,,:,punctuation_insert,enumeration_colon,accepted,trusted bounded candidate,0.993429958820343
1560,,",",punctuation_insert,homogeneous_comma,accepted,trusted bounded candidate,0.9071580767631531
1562,,",",punctuation_insert,detached_adverbial_comma,accepted,trusted bounded candidate,0.9817100167274475
1564,вобщем,в общем,split_word,frequent_error_exact,accepted,trusted bounded candidate,0.9406901597976685
1566,,",",punctuation_insert,comma_subordinate,accepted,trusted bounded candidate,0.9990346431732178
1568,,",",punctuation_insert,comma_subordinate,accepted,trusted bounded candidate,0.9989547729492188
1569,,",",punctuation_insert,comma_subordinate,accepted,trusted bounded candidate,0.9740967750549316
1570,,",",punctuation_insert,homogeneous_comma,accepted,trusted bounded candidate,0.9008740782737732
1571,,.,final_punctuation,final_punctuation_default,accepted,trusted bounded candidate,0.980722963809967
1573,,.,final_punctuation,final_punctuation_default,accepted,trusted bounded candidate,0.997719943523407
1578,,:,punctuation_insert,enumeration_colon,accepted,trusted bounded candidate,0.9498085975646973
1579,,",",punctuation_insert,comma_subordinate,accepted,trusted bounded candidate,0.9985044002532959
1583,,.,final_punctuation,final_punctuation_default,accepted,trusted bounded candidate,0.9638527631759644
1584,,.,final_punctuation,final_punctuation_default,accepted,trusted bounded candidate,0.9974343180656433
1586,,",",punctuation_insert,comma_conjunction,accepted,trusted bounded candidate,0.9999738931655884
1587,,",",punctuation_insert,address_comma,accepted,trusted bounded candidate,0.9435098171234131
1594,всмысле,в смысле,split_word,frequent_error_exact,accepted,trusted bounded candidate,0.9532467126846313
1596,,:,punctuation_insert,enumeration_colon,accepted,trusted bounded candidate,0.9742888808250427
1598,вообщем,в общем,split_word,frequent_error_exact,accepted,trusted bounded candidate,0.9600357413291931
1600,,",",punctuation_insert,address_comma,accepted,trusted bounded candidate,0.9677796959877014
1601,,",",punctuation_insert,homogeneous_comma,accepted,trusted bounded candidate,0.9083175659179688
1603,,:,punctuation_insert,enumeration_colon,accepted,trusted bounded candidate,0.9954873919487
1608,,",",punctuation_insert,comma_conjunction,accepted,trusted bounded candidate,0.9999508857727051
1609,,:,punctuation_insert,enumeration_colon,accepted,trusted bounded candidate,0.9924662709236145
1610,,",",punctuation_insert,detached_adverbial_comma,accepted,trusted bounded candidate,0.9808830618858337
1616,,",",punctuation_insert,introductory_comma,accepted,trusted bounded candidate,0.9996366500854492
1621,,",",punctuation_insert,comma_subordinate,accepted,trusted bounded candidate,0.9771172404289246
1623,,",",punctuation_insert,comma_subordinate,accepted,trusted bounded candidate,0.9976457953453064
1625,,",",punctuation_insert,comma_subordinate,accepted,trusted bounded candidate,0.9990102052688599
1626,незнаю,не знаю,split_word,frequent_error_exact,accepted,trusted bounded candidate,0.9794486165046692
1627,,:,punctuation_insert,enumeration_colon,accepted,trusted bounded candidate,0.9895303249359131
1631,,",",punctuation_insert,homogeneous_comma,accepted,trusted bounded candidate,0.9233834147453308
1632,,",",punctuation_insert,comma_conjunction,accepted,trusted bounded candidate,0.9999741315841675
1635,,",",punctuation_insert,comma_subordinate,accepted,trusted bounded candidate,0.9748085737228394
1636,,",",punctuation_insert,comma_subordinate,accepted,trusted bounded candidate,0.9986734390258789
1638,,.,final_punctuation,final_punctuation_default,accepted,trusted bounded candidate,0.9970011115074158
1640,,",",punctuation_insert,address_comma,accepted,trusted bounded candidate,0.9583786725997925
1642,,",",punctuation_insert,comma_subordinate,accepted,trusted bounded candidate,0.9978476762771606
1645,,.,final_punctuation,final_punctuation_default,accepted,trusted bounded candidate,0.9961724877357483
1646,,.,final_punctuation,final_punctuation_default,accepted,trusted bounded candidate,0.9797564148902893
1648,,",",punctuation_insert,comma_conjunction,accepted,trusted bounded candidate,0.9999734163284302
1650,,",",punctuation_insert,comma_subordinate,accepted,trusted bounded candidate,0.9989131689071655
1653,небольшой,не большой,split_word,ne_adjective,accepted,trusted bounded candidate,0.9999836683273315
1653,,",",punctuation_insert,comma_conjunction,accepted,trusted bounded candidate,0.9995274543762207
1665,,",",punctuation_insert,comma_subordinate,accepted,trusted bounded candidate,0.9979405999183655
1667,,",",punctuation_insert,homogeneous_comma,accepted,trusted bounded candidate,0.9086295366287231
1672,,",",punctuation_insert,comma_subordinate,accepted,trusted bounded candidate,0.9705745577812195
1676,,—,punctuation_insert,direct_speech_dash,accepted,trusted bounded candidate,0.99989914894104
1678,небольшой,не большой,split_word,ne_adjective,accepted,trusted bounded candidate,0.999992847442627
1678,,",",punctuation_insert,comma_conjunction,accepted,trusted bounded candidate,0.9995810389518738
1683,,.,final_punctuation,final_punctuation_default,accepted,trusted bounded candidate,0.9868525862693787
1684,,.,final_punctuation,final_punctuation_default,accepted,trusted bounded candidate,0.9974344372749329
1685,,.,final_punctuation,final_punctuation_default,accepted,trusted bounded candidate,0.9971430897712708
1687,,",",punctuation_insert,comma_subordinate,accepted,trusted bounded candidate,0.9990168809890747
1690,,:,punctuation_insert,enumeration_colon,accepted,trusted bounded candidate,0.9997183680534363
1692,небольшой,не большой,split_word,ne_adjective,accepted,trusted bounded candidate,0.9999809265136719
1692,,",",punctuation_insert,comma_conjunction,accepted,trusted bounded candidate,0.9995625615119934
1696,,:,punctuation_insert,enumeration_colon,accepted,trusted bounded candidate,0.9950768351554871
1697,,",",punctuation_insert,comma_subordinate,accepted,trusted bounded candidate,0.9985672235488892
1700,,",",punctuation_insert,comma_subordinate,accepted,trusted bounded candidate,0.9756069183349609
1701,,",",punctuation_insert,comma_subordinate,accepted,trusted bounded candidate,0.9987297654151917
1704,,",",punctuation_insert,introductory_comma,accepted,trusted bounded candidate,0.9998563528060913
1705,незнаю,не знаю,split_word,frequent_error_exact,accepted,trusted bounded candidate,0.9792739152908325
1706,небольшой,не большой,split_word,ne_adjective,accepted,trusted bounded candidate,0.9999847412109375
1706,,",",punctuation_insert,comma_conjunction,accepted,trusted bounded candidate,0.9994944334030151
1709,,:,punctuation_insert,direct_speech_colon,accepted,trusted bounded candidate,0.9997876286506653
1710,,.,final_punctuation,final_punctuation_default,accepted,trusted bounded candidate,0.9971302151679993
1711,,",",punctuation_insert,introductory_comma,accepted,trusted bounded candidate,0.9825389385223389
1715,,",",punctuation_insert,detached_adverbial_comma,accepted,trusted bounded candidate,0.9838003516197205
1716,,—,punctuation_insert,direct_speech_dash,accepted,trusted bounded candidate,0.999859094619751
1720,,.,final_punctuation,final_punctuation_default,accepted,trusted bounded candidate,0.9685064554214478
1721,,.,final_punctuation,final_punctuation_default,accepted,trusted bounded candidate,0.9971422553062439
1723,,.,final_punctuation,final_punctuation_default,accepted,trusted bounded candidate,0.9894304275512695
1724,,",",punctuation_insert,homogeneous_comma,accepted,trusted bounded candidate,0.8927187919616699
1726,,:,punctuation_insert,enumeration_colon,accepted,trusted bounded candidate,0.9997161030769348
1728,,",",punctuation_insert,comma_conjunction,accepted,trusted bounded candidate,0.9999417066574097
1731,,",",punctuation_insert,introductory_comma,accepted,trusted bounded candidate,0.9804064035415649
1733,,",",punctuation_insert,comma_subordinate,accepted,trusted bounded candidate,0.9732863306999207
1734,,",",punctuation_insert,detached_adverbial_comma,accepted,trusted bounded candidate,0.9286778569221497
1735,,.,final_punctuation,final_punctuation_default,accepted,trusted bounded candidate,0.9768379926681519
1737,,",",punctuation_insert,introductory_comma,accepted,trusted bounded candidate,0.9998152852058411
1738,,",",punctuation_insert,comma_conjunction,accepted,trusted bounded candidate,0.9999749660491943
1740,,",",punctuation_insert,comma_subordinate,accepted,trusted bounded candidate,0.9980459213256836
1743,,",",punctuation_insert,introductory_comma,accepted,trusted bounded candidate,0.9998212456703186
1744,,",",punctuation_insert,comma_subordinate,accepted,trusted bounded candidate,0.9988247752189636
1745,,.,final_punctuation,final_punctuation_default,accepted,trusted bounded candidate,0.9834716320037842
1746,,",",punctuation_insert,comma_subordinate,accepted,trusted bounded candidate,0.9985594153404236
1751,,",",punctuation_insert,comma_subordinate,accepted,trusted bounded candidate,0.9986156225204468
1752,,:,punctuation_insert,enumeration_colon,accepted,trusted bounded candidate,0.9581738710403442
1754,,",",punctuation_insert,detached_adverbial_comma,accepted,trusted bounded candidate,0.8943874835968018
1756,,.,final_punctuation,final_punctuation_default,accepted,trusted bounded candidate,0.9735004901885986
1759,,",",punctuation_insert,homogeneous_comma,accepted,trusted bounded candidate,0.9462323188781738
1761,,",",punctuation_insert,comma_subordinate,accepted,trusted bounded candidate,0.9745108485221863
1763,,",",punctuation_insert,comma_subordinate,accepted,trusted bounded candidate,0.9766904711723328
1767,,",",punctuation_insert,detached_adverbial_comma,accepted,trusted bounded candidate,0.9924112558364868
1768,,",",punctuation_insert,comma_subordinate,accepted,trusted bounded candidate,0.9726269841194153
1771,,:,punctuation_insert,direct_speech_colon,accepted,trusted bounded candidate,0.9997848868370056
1772,,",",punctuation_insert,comma_subordinate,accepted,trusted bounded candidate,0.9988521337509155
1773,,",",punctuation_insert,address_comma,accepted,trusted bounded candidate,0.9538235068321228
1776,небольшой,не большой,split_word,ne_adjective,accepted,trusted bounded candidate,0.9999799728393555
1776,,",",punctuation_insert,comma_conjunction,accepted,trusted bounded candidate,0.9996792078018188
1779,,",",punctuation_insert,homogeneous_comma,accepted,trusted bounded candidate,0.9080280065536499
1784,,.,final_punctuation,final_punctuation_default,accepted,trusted bounded candidate,0.9978849291801453
1785,,",",punctuation_insert,comma_subordinate,accepted,trusted bounded candidate,0.9978951215744019
1786,,",",punctuation_insert,introductory_comma,accepted,trusted bounded candidate,0.9999681711196899
1787,небольшой,не большой,split_word,ne_adjective,accepted,trusted bounded candidate,0.999984622001648
1787,,",",punctuation_insert,comma_conjunction,accepted,trusted bounded candidate,0.9995564818382263
1788,,",",punctuation_insert,comma_conjunction,accepted,trusted bounded candidate,0.9999486207962036
1790,,:,punctuation_insert,enumeration_colon,accepted,trusted bounded candidate,0.9460617899894714
1791,,",",punctuation_insert,comma_subordinate,accepted,trusted bounded candidate,0.9986494183540344
1793,,",",punctuation_insert,comma_subordinate,accepted,trusted bounded candidate,0.9986600875854492
1794,,:,punctuation_insert,enumeration_colon,accepted,trusted bounded candidate,0.9868401288986206
1796,,",",punctuation_insert,comma_subordinate,accepted,trusted bounded candidate,0.9986371397972107
1798,,",",punctuation_insert,comma_subordinate,accepted,trusted bounded candidate,0.9987840056419373
1803,,",",punctuation_insert,introductory_comma,accepted,trusted bounded candidate,0.999834418296814
1805,,",",punctuation_insert,address_comma,accepted,trusted bounded candidate,0.9724677801132202
1806,,",",punctuation_insert,introductory_comma,accepted,trusted bounded candidate,0.9996022582054138
1807,,",",punctuation_insert,introductory_comma,accepted,trusted bounded candidate,0.9998353719711304
1808,,",",punctuation_insert,homogeneous_comma,accepted,trusted bounded candidate,0.92598956823349
1809,,",",punctuation_insert,comma_subordinate,accepted,trusted bounded candidate,0.9748935699462891
1811,,",",punctuation_insert,introductory_comma,accepted,trusted bounded candidate,0.9998219609260559
1812,,.,final_punctuation,final_punctuation_default,accepted,trusted bounded candidate,0.9972754120826721
1814,,",",punctuation_insert,address_comma,accepted,trusted bounded candidate,0.934576690196991
1815,,",",punctuation_insert,comma_subordinate,accepted,trusted bounded candidate,0.9978541731834412
1816,,—,punctuation_insert,direct_speech_dash,accepted,trusted bounded candidate,0.9998853206634521
1817,,",",punctuation_insert,address_comma,accepted,trusted bounded candidate,0.952278733253479
1818,,",",punctuation_insert,comma_conjunction,accepted,trusted bounded candidate,0.9999486207962036
1821,,.,final_punctuation,final_punctuation_default,accepted,trusted bounded candidate,0.9762927293777466
1823,,.,final_punctuation,final_punctuation_default,accepted,trusted bounded candidate,0.9955348968505859
1825,,",",punctuation_insert,comma_subordinate,accepted,trusted bounded candidate,0.9318172931671143
1828,,",",punctuation_insert,address_comma,accepted,trusted bounded candidate,0.9592596888542175
1829,,:,punctuation_insert,enumeration_colon,accepted,trusted bounded candidate,0.9879492521286011
1830,,",",punctuation_insert,homogeneous_comma,accepted,trusted bounded candidate,0.9342882633209229
1834,,",",punctuation_insert,introductory_comma,accepted,trusted bounded candidate,0.9998199343681335
1835,,",",punctuation_insert,address_comma,accepted,trusted bounded candidate,0.9456788301467896
1838,,.,final_punctuation,final_punctuation_default,accepted,trusted bounded candidate,0.9880444407463074
1843,,",",punctuation_insert,homogeneous_comma,accepted,trusted bounded candidate,0.9050593972206116
1845,,:,punctuation_insert,enumeration_colon,accepted,trusted bounded candidate,0.9930103421211243
1846,,:,punctuation_insert,enumeration_colon,accepted,trusted bounded candidate,0.9774941802024841
1847,,",",punctuation_insert,introductory_comma,accepted,trusted bounded candidate,0.9999676942825317
1850,небольшой,не большой,split_word,ne_adjective,accepted,trusted bounded candidate,0.9999837875366211
1850,,",",punctuation_insert,comma_conjunction,accepted,trusted bounded candidate,0.9995970129966736
1851,,.,final_punctuation,final_punctuation_default,accepted,trusted bounded candidate,0.9977982044219971
1854,,",",punctuation_insert,comma_subordinate,accepted,trusted bounded candidate,0.9713197946548462
1858,,.,final_punctuation,final_punctuation_default,accepted,trusted bounded candidate,0.9958096742630005
1859,,",",punctuation_insert,address_comma,accepted,trusted bounded candidate,0.9082236289978027
1861,,",",punctuation_insert,comma_subordinate,accepted,trusted bounded candidate,0.9765266180038452
1862,,",",punctuation_insert,comma_subordinate,accepted,trusted bounded candidate,0.9305256605148315
1863,,",",punctuation_insert,address_comma,accepted,trusted bounded candidate,0.9393105506896973
1864,,",",punctuation_insert,comma_subordinate,accepted,trusted bounded candidate,0.9978557229042053
1865,незнаю,не знаю,split_word,frequent_error_exact,accepted,trusted bounded candidate,0.9801033139228821
1866,,.,final_punctuation,final_punctuation_default,accepted,trusted bounded candidate,0.9972749352455139
1867,,",",punctuation_insert,detached_adverbial_comma,accepted,trusted bounded candidate,0.9926847219467163
1870,всмысле,в смысле,split_word,frequent_error_exact,accepted,trusted bounded candidate,0.948395311832428
1872,,:,punctuation_insert,enumeration_colon,accepted,trusted bounded candidate,0.9847311973571777
1873,,",",punctuation_insert,comma_subordinate,accepted,trusted bounded candidate,0.9978805780410767
1874,,.,final_punctuation,final_punctuation_default,accepted,trusted bounded candidate,0.9959845542907715
1875,,",",punctuation_insert,comma_subordinate,accepted,trusted bounded candidate,0.9751685857772827
1879,небольшой,не большой,split_word,ne_adjective,accepted,trusted bounded candidate,0.9999920129776001
1879,,",",punctuation_insert,comma_conjunction,accepted,trusted bounded candidate,0.9996019005775452
1882,,",",punctuation_insert,introductory_comma,accepted,trusted bounded candidate,0.9996198415756226
1885,небольшой,не большой,split_word,ne_adjective,accepted,trusted bounded candidate,0.9999803304672241
1885,,",",punctuation_insert,comma_conjunction,accepted,trusted bounded candidate,0.9995717406272888
1886,,",",punctuation_insert,comma_subordinate,accepted,trusted bounded candidate,0.9974714517593384
1890,,",",punctuation_insert,comma_subordinate,accepted,trusted bounded candidate,0.9976080656051636
1894,,",",punctuation_insert,comma_subordinate,accepted,trusted bounded candidate,0.9673146605491638
1895,,.,final_punctuation,final_punctuation_default,accepted,trusted bounded candidate,0.9827249646186829
1897,вобщем,в общем,split_word,frequent_error_exact,accepted,trusted bounded candidate,0.948573887348175
1898,,",",punctuation_insert,introductory_comma,accepted,trusted bounded candidate,0.9998255372047424
1901,,",",punctuation_insert,homogeneous_comma,accepted,trusted bounded candidate,0.900148868560791
1903,,",",punctuation_insert,introductory_comma,accepted,trusted bounded candidate,0.9999713897705078
1906,,—,punctuation_insert,direct_speech_dash,accepted,trusted bounded candidate,0.9999140501022339
1908,,.,final_punctuation,final_punctuation_default,accepted,trusted bounded candidate,0.9832496047019958
1910,,",",punctuation_insert,comma_subordinate,accepted,trusted bounded candidate,0.9986059069633484
1911,,",",punctuation_insert,comma_subordinate,accepted,trusted bounded candidate,0.9712222814559937
1912,,",",punctuation_insert,introductory_comma,accepted,trusted bounded candidate,0.9996305704116821
1913,,",",punctuation_insert,detached_adverbial_comma,accepted,trusted bounded candidate,0.9278053045272827
1916,,:,punctuation_insert,enumeration_colon,accepted,trusted bounded candidate,0.9928115010261536
1918,,",",punctuation_insert,comma_subordinate,accepted,trusted bounded candidate,0.9986323714256287
1921,,",",punctuation_insert,address_comma,accepted,trusted bounded candidate,0.9609432816505432
1922,,",",punctuation_insert,homogeneous_comma,accepted,trusted bounded candidate,0.9112481474876404
1924,,",",punctuation_insert,detached_adverbial_comma,accepted,trusted bounded candidate,0.9921591281890869
1925,,—,punctuation_insert,direct_speech_dash,accepted,trusted bounded candidate,0.9998668432235718
1927,,",",punctuation_insert,comma_subordinate,accepted,trusted bounded candidate,0.9727059006690979
1928,,:,punctuation_insert,enumeration_colon,accepted,trusted bounded candidate,0.959771454334259
1930,вобщем,в общем,split_word,frequent_error_exact,accepted,trusted bounded candidate,0.9413430094718933
1931,,.,final_punctuation,final_punctuation_default,accepted,trusted bounded candidate,0.9901319742202759
1932,,",",punctuation_insert,detached_adverbial_comma,accepted,trusted bounded candidate,0.9373382329940796
1933,,.,final_punctuation,final_punctuation_default,accepted,trusted bounded candidate,0.9572942852973938
1935,,:,punctuation_insert,enumeration_colon,accepted,trusted bounded candidate,0.9936112761497498
1936,,:,punctuation_insert,enumeration_colon,accepted,trusted bounded candidate,0.9864689111709595
1939,,",",punctuation_insert,detached_adverbial_comma,accepted,trusted bounded candidate,0.9080982804298401
1941,вобщем,в общем,split_word,frequent_error_exact,accepted,trusted bounded candidate,0.9366207718849182
1942,,",",punctuation_insert,homogeneous_comma,accepted,trusted bounded candidate,0.9028899669647217
1943,,.,final_punctuation,final_punctuation_default,accepted,trusted bounded candidate,0.9954718351364136
1944,,.,final_punctuation,final_punctuation_default,accepted,trusted bounded candidate,0.9969745874404907
1946,,:,punctuation_insert,enumeration_colon,accepted,trusted bounded candidate,0.945957362651825
1948,,",",punctuation_insert,address_comma,accepted,trusted bounded candidate,0.9934918284416199
1949,небольшой,не большой,split_word,ne_adjective,accepted,trusted bounded candidate,0.9999909400939941
1949,,",",punctuation_insert,comma_conjunction,accepted,trusted bounded candidate,0.9995205402374268
1951,,.,final_punctuation,final_punctuation_default,accepted,trusted bounded candidate,0.9704241156578064
1952,,",",punctuation_insert,comma_conjunction,accepted,trusted bounded candidate,0.9999507665634155
1953,,",",punctuation_insert,homogeneous_comma,accepted,trusted bounded candidate,0.8996567130088806
1957,,",",punctuation_insert,comma_subordinate,accepted,trusted bounded candidate,0.9772337675094604
1958,,:,punctuation_insert,enumeration_colon,accepted,trusted bounded candidate,0.9932550191879272
1959,,",",punctuation_insert,homogeneous_comma,accepted,trusted bounded candidate,0.9401597380638123
1961,,",",punctuation_insert,homogeneous_comma,accepted,trusted bounded candidate,0.9358733296394348
1966,,",",punctuation_insert,comma_subordinate,accepted,trusted bounded candidate,0.998761773109436
1969,,",",punctuation_insert,comma_conjunction,accepted,trusted bounded candidate,0.999975323677063
1970,небольшой,не большой,split_word,ne_adjective,accepted,trusted bounded candidate,0.9999942779541016
1970,,",",punctuation_insert,comma_conjunction,accepted,trusted bounded candidate,0.999567449092865
1972,,",",punctuation_insert,comma_subordinate,accepted,trusted bounded candidate,0.9986364245414734
1975,небольшой,не большой,split_word,ne_adjective,accepted,trusted bounded candidate,0.9999880790710449
1975,,",",punctuation_insert,comma_conjunction,accepted,trusted bounded candidate,0.9995425939559937
1981,,:,punctuation_insert,enumeration_colon,accepted,trusted bounded candidate,0.9930474162101746
1983,,.,final_punctuation,final_punctuation_default,accepted,trusted bounded candidate,0.9965012073516846
1985,,",",punctuation_insert,comma_conjunction,accepted,trusted bounded candidate,0.999964714050293
1986,небольшой,не большой,split_word,ne_adjective,accepted,trusted bounded candidate,0.9999920129776001
1986,,",",punctuation_insert,comma_conjunction,accepted,trusted bounded candidate,0.9995773434638977
1990,,:,punctuation_insert,enumeration_colon,accepted,trusted bounded candidate,0.9946979284286499
1991,,",",punctuation_insert,homogeneous_comma,accepted,trusted bounded candidate,0.9023072719573975
1992,,",",punctuation_insert,comma_conjunction,accepted,trusted bounded candidate,0.9999473094940186
1994,,",",punctuation_insert,comma_subordinate,accepted,trusted bounded candidate,0.970852792263031
1996,,",",punctuation_insert,address_comma,accepted,trusted bounded candidate,0.9619926810264587
2003,,",",punctuation_insert,comma_subordinate,accepted,trusted bounded candidate,0.998988926410675
2009,,",",punctuation_insert,detached_adverbial_comma,accepted,trusted bounded candidate,0.9828510284423828
2013,,.,final_punctuation,final_punctuation_default,accepted,trusted bounded candidate,0.9962713718414307
2016,,:,punctuation_insert,enumeration_colon,accepted,trusted bounded candidate,0.9848883152008057
2017,,",",punctuation_insert,comma_subordinate,accepted,trusted bounded candidate,0.9989719390869141
2020,,",",punctuation_insert,comma_subordinate,accepted,trusted bounded candidate,0.9780845642089844
2021,,",",punctuation_insert,homogeneous_comma,accepted,trusted bounded candidate,0.931512713432312
2024,,.,final_punctuation,final_punctuation_default,accepted,trusted bounded candidate,0.9559815526008606
2025,вобщем,в общем,split_word,frequent_error_exact,accepted,trusted bounded candidate,0.9406142830848694
2028,,—,punctuation_insert,direct_speech_dash,accepted,trusted bounded candidate,0.99988853931427
2034,,",",punctuation_insert,introductory_comma,accepted,trusted bounded candidate,0.9996547698974609
2038,,",",punctuation_insert,detached_adverbial_comma,accepted,trusted bounded candidate,0.9896255135536194
2040,,",",punctuation_insert,comma_subordinate,accepted,trusted bounded candidate,0.9743165373802185
2041,нечитал,не читал,split_word,ne_verb,accepted,trusted bounded candidate,0.9474624395370483
2044,,",",punctuation_insert,introductory_comma,accepted,trusted bounded candidate,0.9999650716781616
2048,,:,punctuation_insert,enumeration_colon,accepted,trusted bounded candidate,0.9953232407569885
2049,,",",punctuation_insert,introductory_comma,accepted,trusted bounded candidate,0.9998217225074768
2050,,",",punctuation_insert,comma_subordinate,accepted,trusted bounded candidate,0.9789930582046509
2051,небольшой,не большой,split_word,ne_adjective,accepted,trusted bounded candidate,0.9999922513961792
2051,,",",punctuation_insert,comma_conjunction,accepted,trusted bounded candidate,0.9996084570884705
2054,небольшой,не большой,split_word,ne_adjective,accepted,trusted bounded candidate,0.9999963045120239
2054,,",",punctuation_insert,comma_conjunction,accepted,trusted bounded candidate,0.9997631907463074
2055,,",",punctuation_insert,homogeneous_comma,accepted,trusted bounded candidate,0.9957489967346191
2056,,",",punctuation_insert,comma_subordinate,accepted,trusted bounded candidate,0.9987583160400391
2058,,:,punctuation_insert,enumeration_colon,accepted,trusted bounded candidate,0.9867790937423706
2059,,.,final_punctuation,final_punctuation_default,accepted,trusted bounded candidate,0.9879760146141052
2061,,",",punctuation_insert,comma_conjunction,accepted,trusted bounded candidate,0.9999532699584961
2062,,",",punctuation_insert,comma_subordinate,accepted,trusted bounded candidate,0.9741945266723633
2064,небольшой,не большой,split_word,ne_adjective,accepted,trusted bounded candidate,0.9999934434890747
2064,,",",punctuation_insert,comma_conjunction,accepted,trusted bounded candidate,0.9995996356010437
2069,,.,final_punctuation,final_punctuation_default,accepted,trusted bounded candidate,0.978571355342865
2070,,:,punctuation_insert,enumeration_colon,accepted,trusted bounded candidate,0.9911600947380066
2074,,",",punctuation_insert,detached_adverbial_comma,accepted,trusted bounded candidate,0.9903752207756042
2075,,.,final_punctuation,final_punctuation_default,accepted,trusted bounded candidate,0.9702605605125427
2078,,",",punctuation_insert,comma_subordinate,accepted,trusted bounded candidate,0.9987621307373047
2079,,.,final_punctuation,final_punctuation_default,accepted,trusted bounded candidate,0.9974798560142517
2081,,.,final_punctuation,final_punctuation_default,accepted,trusted bounded candidate,0.9842022657394409
2082,небольшой,не большой,split_word,ne_adjective,accepted,trusted bounded candidate,0.9999922513961792
2082,,",",punctuation_insert,comma_conjunction,accepted,trusted bounded candidate,0.999605119228363
2083,небольшой,не большой,split_word,ne_adjective,accepted,trusted bounded candidate,0.999994158744812
2083,,",",punctuation_insert,comma_conjunction,accepted,trusted bounded candidate,0.9995637536048889
2085,вобщем,в общем,split_word,frequent_error_exact,accepted,trusted bounded candidate,0.939685583114624
2086,,",",punctuation_insert,comma_subordinate,accepted,trusted bounded candidate,0.9986132383346558
2087,,",",punctuation_insert,introductory_comma,accepted,trusted bounded candidate,0.9996472597122192
2088,,",",punctuation_insert,introductory_comma,accepted,trusted bounded candidate,0.9996587038040161
2090,,.,final_punctuation,final_punctuation_default,accepted,trusted bounded candidate,0.9960498213768005
2091,,",",punctuation_insert,comma_subordinate,accepted,trusted bounded candidate,0.9735196828842163
2092,,",",punctuation_insert,comma_conjunction,accepted,trusted bounded candidate,0.9999724626541138
2096,небольшой,не большой,split_word,ne_adjective,accepted,trusted bounded candidate,0.9999837875366211
2096,,",",punctuation_insert,comma_conjunction,accepted,trusted bounded candidate,0.9995487332344055
2099,,",",punctuation_insert,comma_subordinate,accepted,trusted bounded candidate,0.9986214637756348
2100,небольшой,не большой,split_word,ne_adjective,accepted,trusted bounded candidate,0.9999815225601196
2100,,",",punctuation_insert,comma_conjunction,accepted,trusted bounded candidate,0.999546229839325
2104,,",",punctuation_insert,address_comma,accepted,trusted bounded candidate,0.9934773445129395
2105,,",",punctuation_insert,comma_conjunction,accepted,trusted bounded candidate,0.9999451637268066
2106,,.,final_punctuation,final_punctuation_default,accepted,trusted bounded candidate,0.9975069165229797
2113,,",",punctuation_insert,detached_adverbial_comma,accepted,trusted bounded candidate,0.9927951693534851
2115,,",",punctuation_insert,introductory_comma,accepted,trusted bounded candidate,0.9998179078102112
2116,,.,final_punctuation,final_punctuation_default,accepted,trusted bounded candidate,0.9601077437400818
2119,,.,final_punctuation,final_punctuation_default,accepted,trusted bounded candidate,0.9958819150924683
2120,шол,шел,spelling_replace,frequent_error_exact,accepted,trusted bounded candidate,0.9979097247123718
2123,,.,final_punctuation,final_punctuation_default,accepted,trusted bounded candidate,0.9815670251846313
2124,небольшой,не большой,split_word,ne_adjective,accepted,trusted bounded candidate,0.9999841451644897
2124,,",",punctuation_insert,comma_conjunction,accepted,trusted bounded candidate,0.9995344877243042
2125,,",",punctuation_insert,comma_subordinate,accepted,trusted bounded candidate,0.9990310668945312
2126,небольшой,не большой,split_word,ne_adjective,accepted,trusted bounded candidate,0.9999936819076538
2126,,",",punctuation_insert,comma_conjunction,accepted,trusted bounded candidate,0.9995239973068237
2127,,",",punctuation_insert,comma_subordinate,accepted,trusted bounded candidate,0.9767875075340271
2129,небольшой,не большой,split_word,ne_adjective,accepted,trusted bounded candidate,0.9999881982803345
2129,,",",punctuation_insert,comma_conjunction,accepted,trusted bounded candidate,0.999491810798645
2130,,",",punctuation_insert,comma_conjunction,accepted,trusted bounded candidate,0.9999451637268066
2131,небольшой,не большой,split_word,ne_adjective,accepted,trusted bounded candidate,0.9999933242797852
2131,,",",punctuation_insert,comma_conjunction,accepted,trusted bounded candidate,0.9996206760406494
2132,,",",punctuation_insert,comma_subordinate,accepted,trusted bounded candidate,0.9768351316452026
2133,вобщем,в общем,split_word,frequent_error_exact,accepted,trusted bounded candidate,0.9375323057174683
2134,,.,final_punctuation,final_punctuation_default,accepted,trusted bounded candidate,0.9809845685958862
2136,,",",punctuation_insert,address_comma,accepted,trusted bounded candidate,0.9418521523475647
2137,,",",punctuation_insert,comma_subordinate,accepted,trusted bounded candidate,0.9987363219261169
2139,небольшой,не большой,split_word,ne_adjective,accepted,trusted bounded candidate,0.9999843835830688
2139,,",",punctuation_insert,comma_conjunction,accepted,trusted bounded candidate,0.9995686411857605
2140,вобщем,в общем,split_word,frequent_error_exact,accepted,trusted bounded candidate,0.9410130381584167
2142,небольшой,не большой,split_word,ne_adjective,accepted,trusted bounded candidate,0.9999936819076538
2142,,",",punctuation_insert,comma_conjunction,accepted,trusted bounded candidate,0.9996036887168884
2143,,.,final_punctuation,final_punctuation_default,accepted,trusted bounded candidate,0.9977317452430725
2146,всмысле,в смысле,split_word,frequent_error_exact,accepted,trusted bounded candidate,0.9458168745040894
2147,,",",punctuation_insert,detached_adverbial_comma,accepted,trusted bounded candidate,0.9902284145355225
2148,,",",punctuation_insert,comma_subordinate,accepted,trusted bounded candidate,0.9715269804000854
2149,,.,final_punctuation,final_punctuation_default,accepted,trusted bounded candidate,0.9979230761528015
2150,,",",punctuation_insert,address_comma,accepted,trusted bounded candidate,0.9532201290130615
2152,,",",punctuation_insert,comma_conjunction,accepted,trusted bounded candidate,0.9999778270721436
2154,,.,final_punctuation,final_punctuation_default,accepted,trusted bounded candidate,0.9750416278839111
2156,,",",punctuation_insert,detached_adverbial_comma,accepted,trusted bounded candidate,0.993212103843689
2158,,",",punctuation_insert,comma_subordinate,accepted,trusted bounded candidate,0.997883141040802
2160,,.,final_punctuation,final_punctuation_default,accepted,trusted bounded candidate,0.9594423770904541
2166,,.,final_punctuation,final_punctuation_default,accepted,trusted bounded candidate,0.9961672425270081
2169,,",",punctuation_insert,comma_subordinate,accepted,trusted bounded candidate,0.9734102487564087
2171,,",",punctuation_insert,comma_subordinate,accepted,trusted bounded candidate,0.9991087317466736
2172,,:,punctuation_insert,enumeration_colon,accepted,trusted bounded candidate,0.989890456199646
2174,,",",punctuation_insert,address_comma,accepted,trusted bounded candidate,0.9547933340072632
2175,,.,final_punctuation,final_punctuation_default,accepted,trusted bounded candidate,0.9977669715881348
2178,,—,punctuation_insert,direct_speech_dash,accepted,trusted bounded candidate,0.9998974800109863
2180,,",",punctuation_insert,comma_subordinate,accepted,trusted bounded candidate,0.997922956943512
2181,,",",punctuation_insert,address_comma,accepted,trusted bounded candidate,0.9611589312553406
2182,,:,punctuation_insert,direct_speech_colon,accepted,trusted bounded candidate,0.9998012185096741
2184,,",",punctuation_insert,detached_adverbial_comma,accepted,trusted bounded candidate,0.9396659135818481
2185,,",",punctuation_insert,detached_adverbial_comma,accepted,trusted bounded candidate,0.9198712110519409
2187,,",",punctuation_insert,homogeneous_comma,accepted,trusted bounded candidate,0.9380484223365784
2188,,",",punctuation_insert,comma_subordinate,accepted,trusted bounded candidate,0.9986798167228699
2191,,—,punctuation_insert,direct_speech_dash,accepted,trusted bounded candidate,0.9998575448989868
2192,,",",punctuation_insert,homogeneous_comma,accepted,trusted bounded candidate,0.9370982050895691
2193,,:,punctuation_insert,enumeration_colon,accepted,trusted bounded candidate,0.9951051473617554
2195,,.,final_punctuation,final_punctuation_default,accepted,trusted bounded candidate,0.9736456871032715
2196,,:,punctuation_insert,enumeration_colon,accepted,trusted bounded candidate,0.9869272112846375
2198,,.,final_punctuation,final_punctuation_default,accepted,trusted bounded candidate,0.9768171906471252
2199,,",",punctuation_insert,detached_adverbial_comma,accepted,trusted bounded candidate,0.8953717350959778
2200,,",",punctuation_insert,comma_conjunction,accepted,trusted bounded candidate,0.9999580383300781
2201,,",",punctuation_insert,comma_subordinate,accepted,trusted bounded candidate,0.9691605567932129
2202,,",",punctuation_insert,comma_subordinate,accepted,trusted bounded candidate,0.9979432225227356
2205,,",",punctuation_insert,comma_conjunction,accepted,trusted bounded candidate,0.9999473094940186
2207,,",",punctuation_insert,comma_subordinate,accepted,trusted bounded candidate,0.9690126776695251
2208,,",",punctuation_insert,homogeneous_comma,accepted,trusted bounded candidate,0.8987589478492737
2209,,.,final_punctuation,final_punctuation_default,accepted,trusted bounded candidate,0.9683346152305603
2210,,",",punctuation_insert,address_comma,accepted,trusted bounded candidate,0.9685006141662598
2212,,",",punctuation_insert,comma_conjunction,accepted,trusted bounded candidate,0.9999731779098511
2213,,",",punctuation_insert,homogeneous_comma,accepted,trusted bounded candidate,0.9295544624328613
2216,,—,punctuation_insert,direct_speech_dash,accepted,trusted bounded candidate,0.9998514652252197
2217,,",",punctuation_insert,address_comma,accepted,trusted bounded candidate,0.9928841590881348
2219,,",",punctuation_insert,comma_subordinate,accepted,trusted bounded candidate,0.9657530188560486
2221,,",",punctuation_insert,detached_adverbial_comma,accepted,trusted bounded candidate,0.983433723449707
2223,,.,final_punctuation,final_punctuation_default,accepted,trusted bounded candidate,0.9970177412033081
2224,,",",punctuation_insert,introductory_comma,accepted,trusted bounded candidate,0.9998558759689331
2225,,.,final_punctuation,final_punctuation_default,accepted,trusted bounded candidate,0.9839165806770325
2226,небольшой,не большой,split_word,ne_adjective,accepted,trusted bounded candidate,0.9999759197235107
2226,,",",punctuation_insert,comma_conjunction,accepted,trusted bounded candidate,0.999531626701355
2227,,.,final_punctuation,final_punctuation_default,accepted,trusted bounded candidate,0.9965786337852478
2228,,",",punctuation_insert,introductory_comma,accepted,trusted bounded candidate,0.9998488426208496
2230,,",",punctuation_insert,detached_adverbial_comma,accepted,trusted bounded candidate,0.9054226875305176
2231,небольшой,не большой,split_word,ne_adjective,accepted,trusted bounded candidate,0.999980092048645
2231,,",",punctuation_insert,comma_conjunction,accepted,trusted bounded candidate,0.9995361566543579
2233,,",",punctuation_insert,comma_subordinate,accepted,trusted bounded candidate,0.9990979433059692
2234,,",",punctuation_insert,comma_conjunction,accepted,trusted bounded candidate,0.9999734163284302
2237,,",",punctuation_insert,detached_adverbial_comma,accepted,trusted bounded candidate,0.897566020488739
2238,,",",punctuation_insert,comma_subordinate,accepted,trusted bounded candidate,0.9709513783454895
2241,,",",punctuation_insert,address_comma,accepted,trusted bounded candidate,0.9562558531761169
2243,,",",punctuation_insert,introductory_comma,accepted,trusted bounded candidate,0.9998225569725037
2244,вообщем,в общем,split_word,frequent_error_exact,accepted,trusted bounded candidate,0.958471417427063
2245,,:,punctuation_insert,enumeration_colon,accepted,trusted bounded candidate,0.9894883036613464
2247,,",",punctuation_insert,detached_adverbial_comma,accepted,trusted bounded candidate,0.982575535774231
2248,,:,punctuation_insert,enumeration_colon,accepted,trusted bounded candidate,0.9997132420539856
2251,,",",punctuation_insert,comma_subordinate,accepted,trusted bounded candidate,0.9987230896949768
2253,,.,final_punctuation,final_punctuation_default,accepted,trusted bounded candidate,0.9865745902061462
2255,серце,сердце,spelling_replace,frequent_error_exact,accepted,trusted bounded candidate,0.940730094909668
2256,,",",punctuation_insert,comma_subordinate,accepted,trusted bounded candidate,0.9742727279663086
2260,,",",punctuation_insert,comma_subordinate,accepted,trusted bounded candidate,0.9715257287025452
2261,,.,final_punctuation,final_punctuation_default,accepted,trusted bounded candidate,0.9965348243713379
2263,,",",punctuation_insert,introductory_comma,accepted,trusted bounded candidate,0.9822764992713928
2264,,",",punctuation_insert,address_comma,accepted,trusted bounded candidate,0.9528781175613403
2268,,",",punctuation_insert,comma_subordinate,accepted,trusted bounded candidate,0.9745169878005981
2269,,:,punctuation_insert,enumeration_colon,accepted,trusted bounded candidate,0.9563956260681152
2270,,",",punctuation_insert,detached_adverbial_comma,accepted,trusted bounded candidate,0.9872552156448364
2271,,",",punctuation_insert,comma_subordinate,accepted,trusted bounded candidate,0.9988853335380554
2274,,.,final_punctuation,final_punctuation_default,accepted,trusted bounded candidate,0.9685816764831543
2276,,",",punctuation_insert,comma_subordinate,accepted,trusted bounded candidate,0.9693999886512756
2277,,",",punctuation_insert,comma_subordinate,accepted,trusted bounded candidate,0.9980787038803101
2281,,.,final_punctuation,final_punctuation_default,accepted,trusted bounded candidate,0.9870132803916931
2283,,",",punctuation_insert,introductory_comma,accepted,trusted bounded candidate,0.9995885491371155
2284,,",",punctuation_insert,comma_subordinate,accepted,trusted bounded candidate,0.998621940612793
2285,небольшой,не большой,split_word,ne_adjective,accepted,trusted bounded candidate,0.9999850988388062
2285,,",",punctuation_insert,comma_conjunction,accepted,trusted bounded candidate,0.9995232820510864
2286,,",",punctuation_insert,introductory_comma,accepted,trusted bounded candidate,0.9828401803970337
2287,,",",punctuation_insert,comma_subordinate,accepted,trusted bounded candidate,0.9987214207649231
2288,небольшой,не большой,split_word,ne_adjective,accepted,trusted bounded candidate,0.9999775886535645
2288,,",",punctuation_insert,comma_conjunction,accepted,trusted bounded candidate,0.9995719790458679
2289,,",",punctuation_insert,introductory_comma,accepted,trusted bounded candidate,0.9844664335250854
2291,,:,punctuation_insert,direct_speech_colon,accepted,trusted bounded candidate,0.9997997879981995
2292,,",",punctuation_insert,comma_subordinate,accepted,trusted bounded candidate,0.9682687520980835
2293,,",",punctuation_insert,comma_subordinate,accepted,trusted bounded candidate,0.9990085959434509
2295,,:,punctuation_insert,enumeration_colon,accepted,trusted bounded candidate,0.9878785014152527
2298,,",",punctuation_insert,detached_adverbial_comma,accepted,trusted bounded candidate,0.9911566972732544
2299,вобщем,в общем,split_word,frequent_error_exact,accepted,trusted bounded candidate,0.9411842823028564
2300,,.,final_punctuation,final_punctuation_default,accepted,trusted bounded candidate,0.9958481788635254
2303,,",",punctuation_insert,homogeneous_comma,accepted,trusted bounded candidate,0.906500518321991
2307,,",",punctuation_insert,comma_subordinate,accepted,trusted bounded candidate,0.9987791180610657
2308,,",",punctuation_insert,comma_subordinate,accepted,trusted bounded candidate,0.9987006187438965
2310,всмысле,в смысле,split_word,frequent_error_exact,accepted,trusted bounded candidate,0.9416239857673645
2311,,",",punctuation_insert,comma_subordinate,accepted,trusted bounded candidate,0.9989253878593445
2313,,",",punctuation_insert,comma_subordinate,accepted,trusted bounded candidate,0.9987063407897949
2314,,",",punctuation_insert,introductory_comma,accepted,trusted bounded candidate,0.9997995495796204
2318,,",",punctuation_insert,introductory_comma,accepted,trusted bounded candidate,0.9801401495933533
2321,,",",punctuation_insert,comma_subordinate,accepted,trusted bounded candidate,0.9748764634132385
2322,,—,punctuation_insert,direct_speech_dash,accepted,trusted bounded candidate,0.999884843826294
2325,,",",punctuation_insert,homogeneous_comma,accepted,trusted bounded candidate,0.9059659838676453
2329,,",",punctuation_insert,introductory_comma,accepted,trusted bounded candidate,0.9998528957366943
2331,,.,final_punctuation,final_punctuation_default,accepted,trusted bounded candidate,0.9799095988273621
2333,,",",punctuation_insert,introductory_comma,accepted,trusted bounded candidate,0.9999680519104004
2335,,:,punctuation_insert,direct_speech_colon,accepted,trusted bounded candidate,0.9997887015342712
2336,,",",punctuation_insert,address_comma,accepted,trusted bounded candidate,0.9665810465812683
2337,,",",punctuation_insert,introductory_comma,accepted,trusted bounded candidate,0.9998642206192017
2341,,",",punctuation_insert,homogeneous_comma,accepted,trusted bounded candidate,0.9290714859962463
2342,,",",punctuation_insert,comma_subordinate,accepted,trusted bounded candidate,0.9986470341682434
2345,небольшой,не большой,split_word,ne_adjective,accepted,trusted bounded candidate,0.9999861717224121
2345,,",",punctuation_insert,comma_conjunction,accepted,trusted bounded candidate,0.9995467066764832
2346,,",",punctuation_insert,detached_adverbial_comma,accepted,trusted bounded candidate,0.9141648411750793
2347,,",",punctuation_insert,detached_adverbial_comma,accepted,trusted bounded candidate,0.9267702102661133
2348,вообщем,в общем,split_word,frequent_error_exact,accepted,trusted bounded candidate,0.960211992263794
2351,,:,punctuation_insert,enumeration_colon,accepted,trusted bounded candidate,0.9997001886367798
2353,небольшой,не большой,split_word,ne_adjective,accepted,trusted bounded candidate,0.9999804496765137
2353,,",",punctuation_insert,comma_conjunction,accepted,trusted bounded candidate,0.9995261430740356
2355,,:,punctuation_insert,enumeration_colon,accepted,trusted bounded candidate,0.9996882677078247
2359,,",",punctuation_insert,homogeneous_comma,accepted,trusted bounded candidate,0.8899140954017639
2360,,",",punctuation_insert,homogeneous_comma,accepted,trusted bounded candidate,0.9557539224624634
2362,,.,final_punctuation,final_punctuation_default,accepted,trusted bounded candidate,0.981857419013977
2363,,.,final_punctuation,final_punctuation_default,accepted,trusted bounded candidate,0.9872483611106873
2364,,",",punctuation_insert,comma_subordinate,accepted,trusted bounded candidate,0.9985718727111816
2367,,",",punctuation_insert,introductory_comma,accepted,trusted bounded candidate,0.9832459688186646
2368,,:,punctuation_insert,enumeration_colon,accepted,trusted bounded candidate,0.9933770298957825
2374,,",",punctuation_insert,introductory_comma,accepted,trusted bounded candidate,0.9996024966239929
2377,,",",punctuation_insert,comma_subordinate,accepted,trusted bounded candidate,0.9678800702095032
2379,,",",punctuation_insert,comma_subordinate,accepted,trusted bounded candidate,0.9982107877731323
2380,,",",punctuation_insert,comma_subordinate,accepted,trusted bounded candidate,0.9979288578033447
2381,,",",punctuation_insert,comma_subordinate,accepted,trusted bounded candidate,0.9984806180000305
2386,,",",punctuation_insert,comma_subordinate,accepted,trusted bounded candidate,0.9792221188545227
2387,,.,final_punctuation,final_punctuation_default,accepted,trusted bounded candidate,0.9811920523643494
2388,,.,final_punctuation,final_punctuation_default,accepted,trusted bounded candidate,0.9836370348930359
2390,,",",punctuation_insert,comma_subordinate,accepted,trusted bounded candidate,0.9988647699356079
2395,,",",punctuation_insert,comma_subordinate,accepted,trusted bounded candidate,0.9989399313926697
2398,небольшой,не большой,split_word,ne_adjective,accepted,trusted bounded candidate,0.9999805688858032
2398,,",",punctuation_insert,comma_conjunction,accepted,trusted bounded candidate,0.9994620680809021
2402,,.,final_punctuation,final_punctuation_default,accepted,trusted bounded candidate,0.9806666970252991
2403,вообщем,в общем,split_word,frequent_error_exact,accepted,trusted bounded candidate,0.960113525390625
2405,,:,punctuation_insert,enumeration_colon,accepted,trusted bounded candidate,0.9957506656646729
2408,,.,final_punctuation,final_punctuation_default,accepted,trusted bounded candidate,0.9978877902030945
2414,,",",punctuation_insert,comma_subordinate,accepted,trusted bounded candidate,0.9989069700241089
2415,,",",punctuation_insert,comma_conjunction,accepted,trusted bounded candidate,0.9999516010284424
2416,,",",punctuation_insert,introductory_comma,accepted,trusted bounded candidate,0.9999703168869019
2418,,.,final_punctuation,final_punctuation_default,accepted,trusted bounded candidate,0.9807418584823608
2419,,",",punctuation_insert,detached_adverbial_comma,accepted,trusted bounded candidate,0.980847954750061
2420,,",",punctuation_insert,comma_conjunction,accepted,trusted bounded candidate,0.9999734163284302
2423,,.,final_punctuation,final_punctuation_default,accepted,trusted bounded candidate,0.9678539633750916
2428,,",",punctuation_insert,homogeneous_comma,accepted,trusted bounded candidate,0.9310658574104309
2431,,",",punctuation_insert,homogeneous_comma,accepted,trusted bounded candidate,0.9058082699775696
2435,вообщем,в общем,split_word,frequent_error_exact,accepted,trusted bounded candidate,0.9594358801841736
2436,,",",punctuation_insert,comma_subordinate,accepted,trusted bounded candidate,0.9655107259750366
2437,,",",punctuation_insert,homogeneous_comma,accepted,trusted bounded candidate,0.9079878926277161
2439,всмысле,в смысле,split_word,frequent_error_exact,accepted,trusted bounded candidate,0.9504421353340149
2440,,",",punctuation_insert,comma_subordinate,accepted,trusted bounded candidate,0.974155843257904
2446,небольшой,не большой,split_word,ne_adjective,accepted,trusted bounded candidate,0.9999773502349854
2446,,",",punctuation_insert,comma_conjunction,accepted,trusted bounded candidate,0.9994884729385376
2448,,.,final_punctuation,final_punctuation_default,accepted,trusted bounded candidate,0.9779754877090454
2449,,.,final_punctuation,final_punctuation_default,accepted,trusted bounded candidate,0.981616735458374
2450,небольшой,не большой,split_word,ne_adjective,accepted,trusted bounded candidate,0.9999856948852539
2450,,",",punctuation_insert,comma_conjunction,accepted,trusted bounded candidate,0.9995144605636597
2451,,.,final_punctuation,final_punctuation_default,accepted,trusted bounded candidate,0.9778105020523071
2453,,",",punctuation_insert,homogeneous_comma,accepted,trusted bounded candidate,0.9588993787765503
2456,,.,final_punctuation,final_punctuation_default,accepted,trusted bounded candidate,0.9960808157920837
2458,вобщем,в общем,split_word,frequent_error_exact,accepted,trusted bounded candidate,0.9397479891777039
2459,,",",punctuation_insert,comma_subordinate,accepted,trusted bounded candidate,0.9985713958740234
2465,,",",punctuation_insert,comma_subordinate,accepted,trusted bounded candidate,0.9987726807594299
2467,,",",punctuation_insert,address_comma,accepted,trusted bounded candidate,0.9935500025749207
2468,,",",punctuation_insert,homogeneous_comma,accepted,trusted bounded candidate,0.9053263068199158
2470,,",",punctuation_insert,introductory_comma,accepted,trusted bounded candidate,0.9999638795852661
2471,вообщем,в общем,split_word,frequent_error_exact,accepted,trusted bounded candidate,0.9630155563354492
2473,,",",punctuation_insert,comma_subordinate,accepted,trusted bounded candidate,0.9747641682624817
2474,,",",punctuation_insert,comma_subordinate,accepted,trusted bounded candidate,0.9989442229270935
2477,,.,final_punctuation,final_punctuation_default,accepted,trusted bounded candidate,0.9948683977127075
2480,,",",punctuation_insert,detached_adverbial_comma,accepted,trusted bounded candidate,0.942889392375946
2481,,",",punctuation_insert,introductory_comma,accepted,trusted bounded candidate,0.9999642372131348
2483,,.,final_punctuation,final_punctuation_default,accepted,trusted bounded candidate,0.9965888261795044
2486,,",",punctuation_insert,comma_subordinate,accepted,trusted bounded candidate,0.9977942705154419
2487,,",",punctuation_insert,comma_conjunction,accepted,trusted bounded candidate,0.9999750852584839
2489,,:,punctuation_insert,direct_speech_colon,accepted,trusted bounded candidate,0.9998225569725037
2490,,",",punctuation_insert,comma_subordinate,accepted,trusted bounded candidate,0.9987062215805054
2493,,",",punctuation_insert,detached_adverbial_comma,accepted,trusted bounded candidate,0.9920729994773865
2497,,:,punctuation_insert,enumeration_colon,accepted,trusted bounded candidate,0.987057626247406
2501,,.,final_punctuation,final_punctuation_default,accepted,trusted bounded candidate,0.9866939187049866
2502,,",",punctuation_insert,comma_subordinate,accepted,trusted bounded candidate,0.9987118244171143
2504,,",",punctuation_insert,homogeneous_comma,accepted,trusted bounded candidate,0.8990206718444824
2506,,",",punctuation_insert,comma_subordinate,accepted,trusted bounded candidate,0.9781768321990967
2508,,.,final_punctuation,final_punctuation_default,accepted,trusted bounded candidate,0.9897245168685913
2509,,.,final_punctuation,final_punctuation_default,accepted,trusted bounded candidate,0.9849180579185486
2512,,",",punctuation_insert,comma_conjunction,accepted,trusted bounded candidate,0.9999741315841675
2513,,",",punctuation_insert,comma_subordinate,accepted,trusted bounded candidate,0.998802661895752
2514,,",",punctuation_insert,introductory_comma,accepted,trusted bounded candidate,0.9999650716781616
2515,незнаю,не знаю,split_word,frequent_error_exact,accepted,trusted bounded candidate,0.978735625743866
2517,незнаю,не знаю,split_word,frequent_error_exact,accepted,trusted bounded candidate,0.9782043695449829
2518,,:,punctuation_insert,enumeration_colon,accepted,trusted bounded candidate,0.98466956615448
2522,небольшой,не большой,split_word,ne_adjective,accepted,trusted bounded candidate,0.9999924898147583
2522,,",",punctuation_insert,comma_conjunction,accepted,trusted bounded candidate,0.9995519518852234
2524,,",",punctuation_insert,comma_conjunction,accepted,trusted bounded candidate,0.9999721050262451
2525,,.,final_punctuation,final_punctuation_default,accepted,trusted bounded candidate,0.9961000680923462
2528,вообщем,в общем,split_word,frequent_error_exact,accepted,trusted bounded candidate,0.9633991122245789
2529,,",",punctuation_insert,introductory_comma,accepted,trusted bounded candidate,0.9996441602706909
2530,,.,final_punctuation,final_punctuation_default,accepted,trusted bounded candidate,0.9810746312141418
2531,,",",punctuation_insert,homogeneous_comma,accepted,trusted bounded candidate,0.899158239364624
2532,,",",punctuation_insert,address_comma,accepted,trusted bounded candidate,0.9719458222389221
2533,небольшой,не большой,split_word,ne_adjective,accepted,trusted bounded candidate,0.9999959468841553
2533,,",",punctuation_insert,comma_conjunction,accepted,trusted bounded candidate,0.9996650218963623
2534,,.,final_punctuation,final_punctuation_default,accepted,trusted bounded candidate,0.9630615711212158
2535,,",",punctuation_insert,comma_subordinate,accepted,trusted bounded candidate,0.9778982996940613
2537,,—,punctuation_insert,direct_speech_dash,accepted,trusted bounded candidate,0.9998821020126343
2538,,",",punctuation_insert,introductory_comma,accepted,trusted bounded candidate,0.999964714050293
2539,,.,final_punctuation,final_punctuation_default,accepted,trusted bounded candidate,0.9798262715339661
2540,,:,punctuation_insert,enumeration_colon,accepted,trusted bounded candidate,0.9916547536849976
2541,,",",punctuation_insert,homogeneous_comma,accepted,trusted bounded candidate,0.9205026626586914
2543,,",",punctuation_insert,comma_subordinate,accepted,trusted bounded candidate,0.9990367889404297
2544,,.,final_punctuation,final_punctuation_default,accepted,trusted bounded candidate,0.9978058934211731
2545,вообщем,в общем,split_word,frequent_error_exact,accepted,trusted bounded candidate,0.9601283669471741
2550,,",",punctuation_insert,homogeneous_comma,accepted,trusted bounded candidate,0.8978113532066345
2551,,",",punctuation_insert,comma_subordinate,accepted,trusted bounded candidate,0.9988210797309875
2553,,",",punctuation_insert,address_comma,accepted,trusted bounded candidate,0.9124478101730347
2554,небольшой,не большой,split_word,ne_adjective,accepted,trusted bounded candidate,0.999977707862854
2554,,",",punctuation_insert,comma_conjunction,accepted,trusted bounded candidate,0.9995249509811401
2555,небольшой,не большой,split_word,ne_adjective,accepted,trusted bounded candidate,0.999982476234436
2555,,",",punctuation_insert,comma_conjunction,accepted,trusted bounded candidate,0.9995251893997192
2556,,:,punctuation_insert,enumeration_colon,accepted,trusted bounded candidate,0.9852568507194519
2558,,",",punctuation_insert,comma_subordinate,accepted,trusted bounded candidate,0.99915611743927
2559,,.,final_punctuation,final_punctuation_default,accepted,trusted bounded candidate,0.9659993648529053
2561,,.,final_punctuation,final_punctuation_default,accepted,trusted bounded candidate,0.9958963394165039
2562,небольшой,не большой,split_word,ne_adjective,accepted,trusted bounded candidate,0.999997615814209
2562,,",",punctuation_insert,comma_conjunction,accepted,trusted bounded candidate,0.9997623562812805
2563,,",",punctuation_insert,address_comma,accepted,trusted bounded candidate,0.9716230630874634
2566,,",",punctuation_insert,homogeneous_comma,accepted,trusted bounded candidate,0.8993688225746155
2568,,—,punctuation_insert,direct_speech_dash,accepted,trusted bounded candidate,0.999869704246521
2570,,.,final_punctuation,final_punctuation_default,accepted,trusted bounded candidate,0.9895018935203552
2571,,",",punctuation_insert,introductory_comma,accepted,trusted bounded candidate,0.9999698400497437
2572,,",",punctuation_insert,detached_adverbial_comma,accepted,trusted bounded candidate,0.9912687540054321
2576,,—,punctuation_insert,direct_speech_dash,accepted,trusted bounded candidate,0.9998509883880615
2577,,",",punctuation_insert,comma_subordinate,accepted,trusted bounded candidate,0.99873286485672
2578,небольшой,не большой,split_word,ne_adjective,accepted,trusted bounded candidate,0.9999911785125732
2578,,",",punctuation_insert,comma_conjunction,accepted,trusted bounded candidate,0.9996567964553833
2579,всмысле,в смысле,split_word,frequent_error_exact,accepted,trusted bounded candidate,0.9530432820320129
2581,небольшой,не большой,split_word,ne_adjective,accepted,trusted bounded candidate,0.9999816417694092
2581,,",",punctuation_insert,comma_conjunction,accepted,trusted bounded candidate,0.999556839466095
2582,,",",punctuation_insert,introductory_comma,accepted,trusted bounded candidate,0.9839710593223572
2583,,",",punctuation_insert,homogeneous_comma,accepted,trusted bounded candidate,0.9443970918655396
2585,,",",punctuation_insert,introductory_comma,accepted,trusted bounded candidate,0.9998490810394287
2586,,",",punctuation_insert,comma_conjunction,accepted,trusted bounded candidate,0.9999778270721436
2587,,",",punctuation_insert,address_comma,accepted,trusted bounded candidate,0.9541844725608826
2588,,",",punctuation_insert,introductory_comma,accepted,trusted bounded candidate,0.9999645948410034
2589,,.,final_punctuation,final_punctuation_default,accepted,trusted bounded candidate,0.9976022839546204
2593,,.,final_punctuation,final_punctuation_default,accepted,trusted bounded candidate,0.9711700081825256
2595,,",",punctuation_insert,homogeneous_comma,accepted,trusted bounded candidate,0.9337842464447021
2597,,.,final_punctuation,final_punctuation_default,accepted,trusted bounded candidate,0.9975078105926514
2598,,",",punctuation_insert,comma_subordinate,accepted,trusted bounded candidate,0.9990285634994507
2602,,",",punctuation_insert,comma_subordinate,accepted,trusted bounded candidate,0.9990480542182922
2603,,.,final_punctuation,final_punctuation_default,accepted,trusted bounded candidate,0.9672832489013672
2604,небольшой,не большой,split_word,ne_adjective,accepted,trusted bounded candidate,0.9999861717224121
2604,,",",punctuation_insert,comma_conjunction,accepted,trusted bounded candidate,0.9995895028114319
2606,,:,punctuation_insert,enumeration_colon,accepted,trusted bounded candidate,0.9952903985977173
2608,,.,final_punctuation,final_punctuation_default,accepted,trusted bounded candidate,0.9879970550537109
2609,,",",punctuation_insert,comma_subordinate,accepted,trusted bounded candidate,0.9764675498008728
2610,,.,final_punctuation,final_punctuation_default,accepted,trusted bounded candidate,0.9956082701683044
