row_index,split,source_length_chars,source_length_tokens,total_ms,candidate_generation_ms,dictionary_candidate_ms,punctuation_candidate_ms,syntax_ms,diff_alignment_ms,tokenizer_encode_ms,replacement_encoding_ms,label_build_ms,candidate_count,dictionary_candidate_count,punctuation_candidate_count,keep_candidate_count,rule_ids,slow_reason
0,test,54,9,4844.117200002074,4837.6108999946155,4828.593399986858,1.2424000015016645,0.0034999975468963385,2.1254000021144748,1.6909999976633117,1.8056999979307875,0.8705000000190921,12,0,1,9,capitalization_sentence_start|final_punctuation_default|frequent_error_exact,dictionary
1,test,29,5,27.681500003382098,24.822799998219125,19.261800007370766,0.29889999859733507,0.0023999964469112456,0.8993999945232645,0.26149999757763,1.1602000013226643,0.5276999945635907,8,1,1,5,capitalization_sentence_start|final_punctuation_default|missing_letter_candidate,dictionary
2,test,31,6,42.56850000092527,38.694099996064324,33.75470000173664,0.29429999995045364,0.001500004145782441,1.0851999977603555,0.5490000039571896,1.6163000036613084,0.6144000071799383,11,2,1,6,capitalization_sentence_start|final_punctuation_default|frequent_error_exact|keyboard_typo_candidate|missing_letter_candidate,dictionary
3,test,148,21,74.29659999615978,65.79690000216942,44.92319999553729,1.218099998368416,0.0016999983927235007,3.4555000020191073,0.5030999964219518,2.412099995126482,2.1188999962760136,16,2,2,21,capitalization_sentence_start|comma_conjunction|dictionary_fuzzy|final_punctuation_default|missing_letter_candidate,dictionary
4,test,71,12,18.24029999988852,12.658100000408012,1.224499981617555,0.47050000284798443,0.001700005668681115,1.9773000021814369,0.35879999632015824,2.1796000000904314,1.0559000002103858,16,2,2,12,capitalization_sentence_start|comma_subordinate|final_punctuation_default|frequent_error_exact|keyboard_typo_candidate|missing_letter_candidate,diff_alignment
5,test,41,6,30.12289999605855,26.68900000571739,21.834399994986597,0.3180999992764555,0.0013999961083754897,1.0249999977531843,0.27859999681822956,1.4980999985709786,0.6234999964362942,10,2,1,6,capitalization_sentence_start|double_consonant_candidate|final_punctuation_default|keyboard_typo_candidate,dictionary
6,test,79,12,76.02500000211876,70.51640000281623,60.717899999872316,0.42940000275848433,0.001400003384333104,1.8911000006482936,0.3460000007180497,2.131000001099892,1.1311000052955933,15,1,1,12,capitalization_sentence_start|final_punctuation_default|missing_letter_candidate,dictionary
7,test,44,7,59.92970000079367,56.036100002529565,49.113400011265185,0.3193000011378899,0.0012999953469261527,1.1483000052976422,0.3015000038431026,1.6590000013820827,0.7757999992463738,10,1,1,7,capitalization_sentence_start|double_consonant_candidate|final_punctuation_default,dictionary
8,test,30,7,13.711999999941327,9.868199995253235,3.1404999899677932,0.3068000005441718,0.001500004145782441,1.193699994473718,0.33519999851705506,1.672799997322727,0.6334999925456941,12,2,1,7,capitalization_sentence_start|dictionary_fuzzy|final_punctuation_default|frequent_error_exact,dictionary
9,test,58,11,48.51300000154879,43.29429999779677,35.38889998890227,0.4211000050418079,0.0014999968698248267,1.6733999946154654,0.3279999946244061,2.249199998914264,0.9588999964762479,16,3,1,11,capitalization_sentence_start|dictionary_fuzzy|final_punctuation_default|keyboard_typo_candidate,dictionary
10,test,142,17,83.89689999603434,76.18789999833098,57.974100003775675,0.5893999987165444,0.001400003384333104,2.8721000053337775,0.589900002523791,2.283599998918362,1.9538999986252747,16,2,1,17,capitalization_sentence_start|dictionary_fuzzy|final_punctuation_default,dictionary
11,test,45,6,119.92019999888726,116.17269999987911,107.61140000249725,0.35740000021178275,0.0012999953469261527,1.0623999987728894,0.27859999681822956,1.7005000045173801,0.6964000058360398,12,2,2,6,capitalization_sentence_start|comma_subordinate|context_chto_by|dictionary_fuzzy|final_punctuation_default|keyboard_typo_candidate,dictionary
12,test,56,10,53.63490000308957,49.01180000160821,42.60439999779919,0.3680000008898787,0.001600004907231778,1.5428999977302738,0.29879999783588573,1.899700000649318,0.8729999972274527,14,2,1,10,capitalization_sentence_start|dictionary_fuzzy|final_punctuation_default|missing_letter_candidate,dictionary
13,test,30,5,35.95849999692291,32.98440000071423,27.602000001934357,0.27830000180983916,0.001400003384333104,0.862199995026458,0.3832000002148561,1.185199995234143,0.5352999942260794,8,1,1,5,capitalization_sentence_start|final_punctuation_default|keyboard_typo_candidate,dictionary
14,test,76,14,68.45980000070995,62.42479999491479,50.41579999669921,0.5582999947364442,0.001400003384333104,2.2011000037309714,0.3443999958108179,2.2250000038184226,1.254099996003788,16,1,2,14,capitalization_sentence_start|comma_conjunction|dictionary_fuzzy|final_punctuation_default,dictionary
15,test,119,19,110.66130000108387,103.02709999814397,89.782799987006,0.5638000002363697,0.0020000006770715117,3.0731000006198883,0.45089999912306666,2.2099000052548945,1.8895000030170195,16,3,1,19,capitalization_sentence_start|final_punctuation_default|keyboard_typo_candidate|missing_letter_candidate|swapped_letters_candidate,dictionary
16,test,74,13,13.718000001972541,8.006800002476666,1.1144999953103252,0.490999998874031,0.001600004907231778,2.1017000035499223,0.3097000007983297,2.136299997800961,1.1553000076673925,16,0,2,13,capitalization_sentence_start|comma_subordinate|final_punctuation_default|frequent_error_exact,diff_alignment
17,test,52,7,37.37340000225231,33.16509999422124,27.876899992406834,0.33430000621592626,0.0016999983927235007,1.5303999971365556,0.3166999958921224,1.6316000037477352,0.7209000032162294,11,2,1,7,capitalization_sentence_start|double_consonant_candidate|final_punctuation_default|missing_letter_candidate,dictionary
18,test,79,13,27.808000006189104,22.093899999163114,12.332199992670212,0.48270000115735456,0.0015999976312741637,1.9672999987960793,0.4592000041157007,2.151599997887388,1.1269999959040433,16,1,2,13,capitalization_sentence_start|comma_subordinate|final_punctuation_default|missing_letter_candidate,dictionary
19,test,31,5,11.05470000038622,8.17559999995865,2.259599990793504,0.2528000040911138,0.001400003384333104,0.8602000016253442,0.2575999969849363,1.211999995575752,0.5418000000645407,9,2,1,5,capitalization_sentence_start|dictionary_fuzzy|final_punctuation_default|keyboard_typo_candidate,dictionary
20,test,29,5,6.201999996847007,3.3643999995547347,0.43030000233557075,0.21150000247871503,0.0011000010999850929,0.8312000063597225,0.24649999977555126,1.1191000012331642,0.6340000036288984,9,2,1,5,capitalization_sentence_start|dictionary_fuzzy|keyboard_typo_candidate|punctuation_delete_replace,diff_alignment
21,test,54,9,8.486500002618413,3.932899999199435,0.13300000864546746,0.39680000190855935,0.0008999995770864189,1.6840999960550107,0.23150000197347254,1.575900001625996,1.0538999995333143,12,0,1,9,capitalization_sentence_start|final_punctuation_default|frequent_error_exact,diff_alignment
22,test,29,5,5.189800001971889,2.3424999963026494,0.07980000373208895,0.2308999974047765,0.0011000010999850929,0.8919999963836744,0.21489999926416203,1.01120000181254,0.7223000066005625,8,1,1,5,capitalization_sentence_start|final_punctuation_default|missing_letter_candidate,diff_alignment
23,test,31,6,5.664299998898059,2.434200003335718,0.09199999476550147,0.24729999859118834,0.0012000018614344299,1.0437000019010156,0.22140000510262325,1.3300999999046326,0.6272999962675385,11,2,1,6,capitalization_sentence_start|final_punctuation_default|frequent_error_exact|keyboard_typo_candidate|missing_letter_candidate,diff_alignment
24,test,148,21,17.17369999823859,8.242199997766875,0.3232000090065412,0.6799000038881786,0.0012999953469261527,3.5391999990679324,0.41200000123353675,2.163100005418528,2.8076000016881153,16,2,2,21,capitalization_sentence_start|comma_conjunction|dictionary_fuzzy|final_punctuation_default|missing_letter_candidate,diff_alignment
25,test,71,12,10.400699997262564,4.796900000656024,0.19839999731630087,0.4361000028438866,0.001400003384333104,2.0392000005813316,0.29290000384207815,1.949500001501292,1.3138000067556277,16,2,2,12,capitalization_sentence_start|comma_subordinate|final_punctuation_default|frequent_error_exact|keyboard_typo_candidate|missing_letter_candidate,diff_alignment
26,test,41,6,5.650600003718864,2.53540000267094,0.12070000229869038,0.28440000460250303,0.0011999945854768157,1.0084999958053231,0.240100001974497,1.2223000012454577,0.6369999973685481,10,2,1,6,capitalization_sentence_start|double_consonant_candidate|final_punctuation_default|keyboard_typo_candidate,diff_alignment
27,test,79,12,10.930100004770793,4.534400002739858,0.17850000585895032,0.38979999953880906,0.0010000003385357559,1.9185999990440905,0.2668000015546568,2.905300003476441,1.297599999816157,15,1,1,12,capitalization_sentence_start|final_punctuation_default|missing_letter_candidate,diff_alignment
28,test,44,7,6.132200003776234,2.795400003378745,0.10050000855699182,0.2840000015567057,0.0012000018614344299,1.1379999996279366,0.2303000001120381,1.2489000000641681,0.7126999989850447,10,1,1,7,capitalization_sentence_start|double_consonant_candidate|final_punctuation_default,diff_alignment
29,test,30,7,6.457399998907931,2.9590999984066,0.0732999833417125,0.25859999732347205,0.0010000003385357559,1.2065000046277419,0.21090000518597662,1.4223000034689903,0.6513999978778884,12,2,1,7,capitalization_sentence_start|dictionary_fuzzy|final_punctuation_default|frequent_error_exact,diff_alignment
30,test,58,11,9.005399995658081,4.09879999642726,0.1224999941769056,0.3561999983503483,0.0029000002541579306,1.665399999183137,0.23939999664435163,1.841200006310828,1.15380000352161,16,3,1,11,capitalization_sentence_start|dictionary_fuzzy|final_punctuation_default|keyboard_typo_candidate,diff_alignment
31,test,142,17,13.628000000608154,6.443799997214228,0.3065999917453155,0.5348999984562397,0.0010999938240274787,2.8692999985651113,0.29850000282749534,1.8907999983639456,2.1183999997447245,16,2,1,17,capitalization_sentence_start|dictionary_fuzzy|final_punctuation_default,diff_alignment
32,test,45,6,6.634899997152388,3.0914000017219223,0.11559999984456226,0.29599999834317714,0.0010000003385357559,1.0624999995343387,0.21839999681105837,1.4807000043219887,0.774600004660897,12,2,2,6,capitalization_sentence_start|comma_subordinate|context_chto_by|dictionary_fuzzy|final_punctuation_default|keyboard_typo_candidate,diff_alignment
33,test,56,10,8.46099999762373,3.914599998097401,0.14560000272467732,0.32759999885456637,0.0008999995770864189,1.5740999951958656,0.22679999528918415,1.6613000043435022,1.0770000008051284,14,2,1,10,capitalization_sentence_start|dictionary_fuzzy|final_punctuation_default|missing_letter_candidate,diff_alignment
34,test,30,5,4.770999999891501,2.0810999994864687,0.07130000449251384,0.24080000002868474,0.0011000010999850929,0.8803999953670427,0.2060999977402389,0.9624000012991019,0.6347000016830862,8,1,1,5,capitalization_sentence_start|final_punctuation_default|keyboard_typo_candidate,diff_alignment
35,test,76,14,10.968000002321787,5.251200003840495,0.18009999621426687,0.4654000003938563,0.0010000003385357559,2.1166000005905516,0.27180000324733555,1.9774000029428862,1.3434000065899454,16,1,2,14,capitalization_sentence_start|comma_conjunction|dictionary_fuzzy|final_punctuation_default,diff_alignment
36,test,119,19,14.7205999965081,7.1160000006784685,0.3124000068055466,0.5326000027707778,0.0013000026228837669,3.121999994618818,0.31570000282954425,2.038799997535534,2.119499993568752,16,3,1,19,capitalization_sentence_start|final_punctuation_default|keyboard_typo_candidate|missing_letter_candidate|swapped_letters_candidate,diff_alignment
37,test,74,13,10.769599997729529,4.877999999735039,0.19189999147783965,0.45510000200010836,0.001400003384333104,2.1660999991581775,0.34700000105658546,1.955799998540897,1.4155000026221387,16,0,2,13,capitalization_sentence_start|comma_subordinate|final_punctuation_default|frequent_error_exact,diff_alignment
38,test,52,7,7.329899999604095,3.241900005377829,0.15369999164249748,0.2969999986817129,0.0010000003385357559,1.593900000443682,0.2308000039192848,1.3770000005024485,0.8789999992586672,11,2,1,7,capitalization_sentence_start|double_consonant_candidate|final_punctuation_default|missing_letter_candidate,diff_alignment
39,test,79,13,10.54889999795705,4.963699997460935,0.1953999963006936,0.4408000022522174,0.001400003384333104,1.9981999939773232,0.25379999715369195,2.008900002692826,1.3174000050639734,16,1,2,13,capitalization_sentence_start|comma_subordinate|final_punctuation_default|missing_letter_candidate,diff_alignment
40,test,31,5,5.249099995126016,2.300400003150571,0.09959999442799017,0.2575999969849363,0.0013000026228837669,0.8976000026450492,0.22330000501824543,1.1699000024236739,0.6498999937321059,9,2,1,5,capitalization_sentence_start|dictionary_fuzzy|final_punctuation_default|keyboard_typo_candidate,diff_alignment
41,test,29,5,5.016600000089966,2.1458000046550296,0.09309999586548656,0.21769999875687063,0.0011000010999850929,0.8780999996815808,0.23599999985890463,1.0830999963218346,0.6664999964414164,9,2,1,5,capitalization_sentence_start|dictionary_fuzzy|keyboard_typo_candidate|punctuation_delete_replace,diff_alignment
42,test,138,18,153.12519999861252,145.44149999710498,128.21829997119494,0.6093999982113019,0.0011999945854768157,3.098200002568774,0.5021999968448654,2.1641000057570636,1.9080000056419522,16,4,0,18,dictionary_fuzzy|extra_letter_candidate|missing_letter_candidate,dictionary
43,test,90,12,17.44219999818597,12.289199999941047,4.922000000078697,0.40559999615652487,0.0014999968698248267,1.8940000009024516,0.3645999968284741,1.6912999999476597,1.1969000042881817,13,1,0,12,missing_letter_candidate,dictionary
44,test,58,7,64.70809999882476,60.994299994490575,53.58489999343874,0.38779999886173755,0.0011000010999850929,1.2064999973517843,0.30949999927543104,1.4396000042324886,0.7503000015276484,10,1,1,7,capitalization_sentence_start|final_punctuation_default|missing_letter_candidate,dictionary
45,test,59,10,12.82290000381181,8.288500001071952,0.6538000088767149,0.36669999826699495,0.0013000026228837669,1.4317000022856519,0.49730000318959355,1.6277000031550415,0.9709999940241687,13,0,2,10,capitalization_sentence_start|comma_subordinate|final_punctuation_default,diff_alignment
46,test,190,27,59.49380000674864,49.48339999828022,28.15210001426749,0.8524999939254485,0.0011000010999850929,4.473299995879643,0.5472000048030168,2.1071000010124408,2.8742999929818325,16,2,1,27,context_tak_zhe|final_punctuation_default|missing_letter_candidate|n_nn_short_form,dictionary
47,test,277,40,80.84209999651648,69.80400000611553,42.28750000766013,1.0750000001280569,0.0013999961083754897,5.72680000186665,0.6377999961841851,2.1341999963624403,2.530799996748101,16,2,0,40,dictionary_fuzzy|missing_letter_candidate,dictionary
48,test,239,33,105.54540000157431,95.71870000218041,60.24999998771818,0.9587000022293068,0.0017999991541728377,4.976599993824493,0.5650000020978041,2.187899997807108,2.0885000049020164,16,2,0,33,context_tak_zhe|dictionary_fuzzy|missing_letter_candidate,dictionary
49,test,209,20,93.83689999958733,86.02059999975609,67.35830001707654,0.7323000027099624,0.001600004907231778,3.4451999963494018,0.5319999982020818,2.2679000030620955,1.5591999981552362,16,1,0,20,keyboard_typo_candidate|n_nn_short_form,dictionary
50,test,29,5,68.52630000503268,65.60040000476874,61.618899992026854,0.3808999972534366,0.001500004145782441,0.850600001285784,0.23830000282032415,1.2838000038755126,0.5451999968499877,9,1,3,5,comma_subordinate|missing_letter_candidate|subject_predicate_dash,dictionary
51,test,35,6,33.20269999676384,29.497100003936794,23.33330000692513,0.28309999470366165,0.001400003384333104,1.5327000000979751,0.2705000006244518,1.3102000011713244,0.5843999970238656,9,2,0,6,capitalization_sentence_start|double_consonant_candidate|keyboard_typo_candidate,dictionary
52,test,80,15,19.98079999611946,13.649799999257084,4.611300006217789,0.4685000021709129,0.0013000026228837669,2.5557999979355372,0.33880000410135835,2.0963999995728955,1.3316999975359067,16,2,0,15,capitalization_sentence_start|keyboard_typo_candidate|n_nn_short_form|swapped_letters_candidate,dictionary
53,test,78,13,15.543100002105348,10.068000003229827,1.9389000226510689,0.4402999984449707,0.0013000026228837669,2.0043999975314364,0.3376000022399239,1.833099995565135,1.2935000049765222,14,1,0,13,keyboard_typo_candidate,diff_alignment
54,test,88,16,56.875800000852905,50.59430000255816,38.808100020105485,0.5151000004843809,0.0011999945854768157,2.408200001809746,0.37770000199088827,2.1208000034675933,1.365000003715977,16,2,0,16,extra_letter_candidate|missing_letter_candidate,dictionary
55,test,67,8,60.26759999804199,56.27400000230409,50.184600011562,0.34420000156387687,0.0013000026228837669,1.3469999976223335,0.31489999673794955,1.5111000029719435,0.8128999979817308,10,2,0,8,dictionary_fuzzy|missing_letter_candidate,dictionary
56,test,99,14,34.16970000398578,27.86769999511307,15.933999973640312,0.5333000008249655,0.001400003384333104,2.2634000051766634,0.36019999970449135,2.120700002706144,1.549299995531328,16,1,1,14,comma_subordinate|keyboard_typo_candidate,dictionary
57,test,63,10,66.27190000290284,61.47019999480108,53.32389998511644,0.4105000043637119,0.0013999961083754897,1.6273000001092441,0.3010000000358559,1.7885000052046962,1.0766000050352886,13,2,1,10,comma_subordinate|dictionary_fuzzy|missing_letter_candidate,dictionary
58,test,28,5,46.56550000072457,43.78369999903953,39.544400009617675,0.27350000164005905,0.0013000026228837669,0.9124999996856786,0.26819999766303226,1.0633999991114251,0.5296000017551705,7,1,0,5,capitalization_sentence_start|keyboard_typo_candidate,dictionary
59,test,66,10,64.61529999796767,59.791100000438746,50.91780000657309,0.4076999975950457,0.0016999983927235007,1.5905999971437268,0.4307999988668598,1.8419000043650158,0.9519000013824552,13,2,0,10,capitalization_sentence_start|dictionary_fuzzy|keyboard_typo_candidate,dictionary
60,test,52,7,13.109500003338326,9.617700001399498,1.720100008242298,0.28670000028796494,0.0014999968698248267,1.21489999582991,0.29039999935775995,1.2545999998110346,0.7247000030474737,9,1,1,7,keyboard_typo_candidate|punctuation_delete_replace,dictionary
61,test,36,7,55.40130000008503,51.99220000213245,48.05190001206938,0.27209999825572595,0.0013000026228837669,1.0559000002103858,0.2592000018921681,1.4497000011033379,0.6371999988914467,10,2,0,7,capitalization_sentence_start|dictionary_fuzzy,dictionary
62,test,41,7,34.80609999678563,31.43409999756841,26.56879999267403,0.3020000003743917,0.0012999953469261527,1.0583000039332546,0.26390000130049884,1.4040000023669563,0.6382999999914318,10,2,1,7,double_consonant_candidate|final_punctuation_default|keyboard_typo_candidate,dictionary
63,test,57,10,28.57699999731267,24.22159999696305,11.882999999215826,0.36109999928157777,0.0012000018614344299,1.4948999960324727,0.294400000711903,1.6753000018070452,0.8837000059429556,13,2,1,10,final_punctuation_default|keyboard_typo_candidate|missing_letter_candidate,dictionary
64,test,42,6,102.01240000606049,98.51630000048317,94.6482000144897,0.29630000062752515,0.0011000010999850929,1.109699995140545,0.2651000031619333,1.4719000027980655,0.6409999914467335,10,4,0,6,dictionary_fuzzy|missing_letter_candidate,dictionary
65,test,35,8,53.459599999769125,49.93960000138031,43.87149999092799,0.3108000018983148,0.0013999961083754897,1.1798999985330738,0.26449999859323725,1.3951000000815839,0.6719000084558502,10,1,0,8,capitalization_sentence_start|dictionary_fuzzy,dictionary
66,test,47,9,52.92100000224309,48.48839999613119,42.838199995458126,0.3642999945441261,0.0013999961083754897,1.4814999958616681,0.35519999801181257,1.7630000002100132,0.8245999997598119,13,2,0,9,capitalization_sentence_start|dictionary_fuzzy|pattern_чя_ча,dictionary
67,test,33,5,63.80599999829428,61.0750999985612,56.20700000145007,0.29790000553475693,0.001400003384333104,0.8614000034867786,0.265199996647425,1.0756999981822446,0.5211000025155954,7,1,1,5,missing_letter_candidate|subject_predicate_dash,dictionary
68,test,40,7,9.602799997082911,6.055199999536853,0.4030999989481643,0.26529999740887433,0.0014999968698248267,1.2349999960861169,0.3519999954733066,1.3008999958401546,0.6532999977935106,10,2,0,7,dictionary_fuzzy|frequent_error_exact,diff_alignment
69,test,52,7,76.13229999697069,72.67750000028173,67.17180000123335,0.33489999623270705,0.0012000018614344299,1.1675999994622543,0.26559999969322234,1.3102000011713244,0.7045000020298176,9,1,1,7,final_punctuation_default|missing_letter_candidate,dictionary
70,test,56,9,43.10110000369605,38.722600002074614,33.22999997908482,0.3896999987773597,0.001400003384333104,1.3927000036346726,0.37929999962216243,1.7433999964850955,0.855400001455564,13,2,2,9,comma_subordinate|final_punctuation_default|keyboard_typo_candidate|missing_letter_candidate,dictionary
71,test,43,7,57.18929999420652,53.79190000530798,48.64179998548934,0.3152999997837469,0.0013000026228837669,1.139200001489371,0.26030000299215317,1.3035000010859221,0.6840999994892627,9,2,0,7,dictionary_fuzzy|missing_letter_candidate,dictionary
72,test,39,8,12.749200002872385,9.167199998046272,4.004800000984687,0.3530999965732917,0.0014999968698248267,1.1966000020038337,0.3547000014805235,1.3363999969442375,0.6873000020277686,10,1,1,8,final_punctuation_default|swapped_letters_candidate,dictionary
73,test,59,9,24.6666999955778,20.42559999972582,10.861600007046945,0.359499994374346,0.0013999961083754897,1.4450999951804988,0.3063000040128827,1.5694999965489842,0.912799994694069,12,1,1,9,capitalization_sentence_start|final_punctuation_default|missing_letter_candidate,dictionary
74,test,73,14,21.808599994983524,15.22349999868311,8.68070000433363,0.6941000028746203,0.0012000018614344299,2.71499999507796,0.3010000000358559,2.0183000015094876,1.5438999980688095,16,2,0,14,extra_letter_candidate|missing_letter_candidate,dictionary
75,test,45,7,92.37530000245897,88.40509999572532,83.52860000741202,0.38700000004610047,0.0010000003385357559,1.5610000045853667,0.2680999969015829,1.315599998633843,0.8188000065274537,9,2,0,7,dictionary_fuzzy,dictionary
76,test,47,6,67.6244000060251,63.999199999670964,57.959500001743436,0.33940000139409676,0.0012000018614344299,1.2859999987995252,0.3192000003764406,1.1832999953185208,0.8297999956994317,8,1,0,6,capitalization_sentence_start|missing_letter_candidate,dictionary
77,test,51,9,43.844400002853945,39.29449999850476,33.475399992312305,0.41849999979604036,0.0012000018614344299,1.6766999979154207,0.280100000964012,1.6201999969780445,0.9652999942773022,12,2,0,9,capitalization_sentence_start|double_consonant_candidate|keyboard_typo_candidate,dictionary
78,test,41,6,69.32429999869782,65.94410000252537,62.089999999443535,0.34920000325655565,0.0014999968698248267,1.240400000824593,0.2682999984244816,1.1446000062278472,0.7202000051620416,7,1,0,6,missing_letter_candidate,dictionary
79,test,30,5,7.640399999218062,4.945299995597452,1.7002000022330321,0.2507999961380847,0.0013999961083754897,0.808000004326459,0.26889999571722,1.1196999985259026,0.4920000064885244,8,2,1,5,final_punctuation_default|keyboard_typo_candidate|missing_letter_candidate,dictionary
80,test,51,7,62.566200002038386,58.760300002177246,52.89829998946516,0.32639999699313194,0.0010000003385357559,1.2765999999828637,0.25549999554641545,1.5531999961240217,0.712699991709087,11,2,1,7,capitalization_sentence_start|dictionary_fuzzy|extra_letter_candidate|final_punctuation_default,dictionary
81,test,44,6,52.97430000064196,49.68669999652775,44.09329999180045,0.2997999981744215,0.0012999953469261527,1.0467999964021146,0.26559999969322234,1.3438999958452769,0.6231999941519462,9,2,0,6,capitalization_sentence_start|extra_letter_candidate|swapped_letters_candidate,dictionary
82,test,29,5,51.729300001170486,48.88760000176262,43.6800000097719,0.2564999958849512,0.0013000026228837669,0.8637000064481981,0.25239999376935884,1.193500000226777,0.5240000027697533,8,2,0,5,capitalization_sentence_start|dictionary_fuzzy|missing_letter_candidate,dictionary
83,test,57,8,15.688899999076966,11.139800000819378,2.4638999821036123,0.31709999893791974,0.001400003384333104,1.3545000037993304,0.2902999985963106,2.1301999950082973,0.763700001698453,10,1,1,8,final_punctuation_default|missing_letter_candidate,dictionary
84,test,47,8,65.16739999642596,61.390999995637685,56.2076999922283,0.3107999946223572,0.0010999938240274787,1.2520000018412247,0.265800001216121,1.5339999954449013,0.7167000076151453,11,2,0,8,capitalization_sentence_start|dictionary_fuzzy|missing_letter_candidate,dictionary
85,test,62,8,60.64670000341721,56.40019999555079,49.650600005406886,0.3434999962337315,0.0013999961083754897,1.493899995693937,0.3345000004628673,1.44680000084918,0.9628999978303909,10,2,0,8,dictionary_fuzzy|missing_letter_candidate,dictionary
86,test,39,7,23.975600000994746,20.101599999179598,13.855500001227483,0.3097000007983297,0.001500004145782441,1.3834000055794604,0.28450000536395237,1.443299996026326,0.7551999951829202,10,2,0,7,extra_letter_candidate|frequent_error_exact|keyboard_typo_candidate,dictionary
87,test,91,14,116.625099995872,110.49820000334876,98.84250001050532,0.4613999990397133,0.0012999953469261527,2.1593999990727752,0.3580000047804788,2.229799996712245,1.3713999942410737,16,4,0,14,dictionary_fuzzy|keyboard_typo_candidate|missing_letter_candidate,dictionary
88,test,35,5,50.56970000441652,47.742999995534774,43.735600003856234,0.3223000021534972,0.001400003384333104,0.8634999976493418,0.26649999927030876,1.1305000007268973,0.5594000031123869,8,1,2,5,apposition_comma|dictionary_fuzzy|final_punctuation_default,dictionary
89,test,42,6,8.820499999274034,5.901999997149687,2.8141000075265765,0.24169999960577115,0.0011000010999850929,1.002899996819906,0.24539999867556617,1.0697000034269877,0.5938999966019765,8,1,1,6,missing_letter_candidate|punctuation_delete_replace,dictionary
90,test,79,11,95.88549999898532,90.55970000190428,80.39599999028724,0.4033999939565547,0.0010000003385357559,1.8483999956515618,0.4121000019949861,1.810599998862017,1.2471000009099953,13,2,0,11,dictionary_fuzzy|missing_letter_candidate,dictionary
91,test,60,7,36.436299997149035,32.70879999763565,26.62979999149684,0.3121999980066903,0.0012000018614344299,1.2200999990454875,0.29779999749735,1.413599995430559,0.7882999925641343,10,2,0,7,capitalization_sentence_start|keyboard_typo_candidate|missing_letter_candidate,dictionary
92,test,69,10,11.696900000970345,7.055699999909848,0.7689999911235645,0.33239999902434647,0.0011999945854768157,1.9299000050523318,0.302400003420189,1.539600001706276,0.8631000018795021,12,0,0,10,capitalization_sentence_start|n_nn_participle,diff_alignment
93,test,64,11,40.76519999944139,36.143400000582915,30.993399996077642,0.3859999997075647,0.0012000018614344299,1.6489999979967251,0.35849999403581023,1.6363999966415577,0.97079999250127,12,1,0,11,dictionary_fuzzy,dictionary
94,test,32,6,22.179700004926417,19.274199999927077,13.543599998229183,0.24890000349842012,0.0013999961083754897,0.9369999970658682,0.24030000349739566,1.1757000029319897,0.5457000006572343,9,2,0,6,capitalization_sentence_start|missing_letter_candidate,dictionary
95,test,29,6,52.895300003001466,49.78269999992335,43.997299995680805,0.28450000536395237,0.0011000010999850929,0.9591999987605959,0.33879999682540074,1.2489000000641681,0.5582000012509525,9,2,1,6,dictionary_fuzzy|final_punctuation_default|keyboard_typo_candidate,dictionary
96,test,49,8,48.56880000443198,44.8300999996718,41.34419999900274,0.2941999991890043,0.0011999945854768157,1.2130999966757372,0.26950000028591603,1.483899999584537,0.7650999978068285,11,2,0,8,capitalization_sentence_start|double_consonant_candidate|missing_letter_candidate,dictionary
97,test,102,19,30.513799996697344,23.888100004114676,12.052400001266506,0.5948999969405122,0.0010000003385357559,2.732300003117416,0.3447999988566153,1.9691999987117015,1.5723999968031421,16,2,1,19,final_punctuation_default|keyboard_typo_candidate,dictionary
98,test,52,8,26.780799998959992,23.107000000891276,17.924000007042196,0.32310000096913427,0.0011000010999850929,1.3107999984640628,0.29180000274209306,1.332400002866052,0.7317999989027157,10,2,0,8,dictionary_fuzzy|missing_letter_candidate,dictionary
99,test,36,7,8.255600005213637,5.062299998826347,2.053399999567773,0.26000000070780516,0.0010000003385357559,1.029200000630226,0.24410000332864001,1.287900005991105,0.6256999986362644,10,2,0,7,capitalization_sentence_start|missing_letter_candidate,dictionary
100,test,39,6,57.74189999647206,54.577399998379406,50.50439999467926,0.27129999944008887,0.0011000010999850929,1.0672999997041188,0.3246000051149167,1.1797999977716245,0.5856000061612576,8,2,0,6,dictionary_fuzzy|missing_letter_candidate,dictionary
101,test,59,11,33.97679999761749,29.170699999667704,23.832500010030344,0.4101999948034063,0.0011999945854768157,1.5673000016249716,0.2777999980025925,2.0504999993136153,0.901999999769032,16,2,2,11,comma_subordinate|context_chto_by|double_consonant_candidate|final_punctuation_default|keyboard_typo_candidate,dictionary
102,test,38,6,63.428399997064844,60.30950000422308,56.19589999696473,0.29969999741297215,0.0013000026228837669,0.9866999971563928,0.33989999792538583,1.193699994473718,0.5911999978707172,8,2,0,6,dictionary_fuzzy|missing_letter_candidate,dictionary
103,test,79,11,71.86840000213124,66.17790000018431,57.11090000113472,0.4121000019949861,0.001400003384333104,1.7097999952966347,0.3345000004628673,1.8617999958223663,1.7767999961506575,13,2,0,11,dictionary_fuzzy,dictionary
104,test,138,18,14.828300001681782,6.8718999973498285,0.31210000452119857,0.559599997359328,0.001400003384333104,3.25689999590395,0.35799999750452116,1.9515000021783635,2.382999999099411,16,4,0,18,dictionary_fuzzy|extra_letter_candidate|missing_letter_candidate,diff_alignment
105,test,90,12,9.63719999708701,4.5226000002003275,0.185500000952743,0.39710000419290736,0.0011000010999850929,1.9284000009065494,0.28169999859528616,1.5469999998458661,1.3515000027837232,13,1,0,12,missing_letter_candidate,diff_alignment
106,test,58,7,6.698399993183557,3.0859000034979545,0.112900001113303,0.3357999958097935,0.0010000003385357559,1.2212000001454726,0.2317000034963712,1.2789000029442832,0.8739000040804967,10,1,1,7,capitalization_sentence_start|final_punctuation_default|missing_letter_candidate,diff_alignment
107,test,59,10,7.793300006596837,3.725599999597762,0.11169999925186858,0.3587000028346665,0.0010000003385357559,1.4264999990700744,0.23580000561196357,1.5024000022094697,0.8963000000221655,13,0,2,10,capitalization_sentence_start|comma_subordinate|final_punctuation_default,diff_alignment
108,test,190,27,19.741500000236556,10.13970000349218,0.3793000214500353,0.7997000066097826,0.0012000018614344299,4.457300005014986,0.3462000022409484,1.8906999976024963,2.900499996030703,16,2,1,27,context_tak_zhe|final_punctuation_default|missing_letter_candidate|n_nn_short_form,diff_alignment
109,test,277,40,24.648899998283014,14.005999997607432,0.492600018333178,1.018400005705189,0.0012000018614344299,5.6181000036303885,0.4549000004772097,1.9077000033576041,2.6553000061539933,16,2,0,40,dictionary_fuzzy|missing_letter_candidate,diff_alignment
110,test,239,33,21.711299996240996,12.39979999809293,0.502600014442578,0.9152999991783872,0.0010000003385357559,4.800999995495658,0.36300000647315755,1.9188000005669892,2.221599999757018,16,2,0,33,context_tak_zhe|dictionary_fuzzy|missing_letter_candidate,diff_alignment
111,test,209,20,15.658199998142663,7.893800000601914,0.38989998574834317,0.6672000017715618,0.0009999930625781417,3.450099997280631,0.32789999386295676,2.0376000029500574,1.941900009114761,16,1,0,20,keyboard_typo_candidate|n_nn_short_form,diff_alignment
112,test,29,5,4.9549999966984615,2.2236000004340895,0.06010000652167946,0.3099000023212284,0.0011000010999850929,0.8321999994223006,0.22729999909643084,1.0913000005530193,0.5738000036217272,9,1,3,5,comma_subordinate|missing_letter_candidate|subject_predicate_dash,diff_alignment
113,test,35,6,6.4905999970505945,2.897600003052503,0.08940000407164916,0.23779999901307747,0.0008999995770864189,1.574300003994722,0.21540000307140872,1.1105000012321398,0.6862000009277835,9,2,0,6,capitalization_sentence_start|double_consonant_candidate|keyboard_typo_candidate,diff_alignment
114,test,80,15,11.88689999980852,5.898900002648588,0.16039999172789976,0.42920000123558566,0.0008999995770864189,2.5462999983574264,0.26330000400776044,1.8522999962442555,1.3188999946578406,16,2,0,15,capitalization_sentence_start|keyboard_typo_candidate|n_nn_short_form|swapped_letters_candidate,diff_alignment
115,test,78,13,9.76749999972526,4.8363000023528,0.2502000061213039,0.40050000097835436,0.0008999995770864189,1.9116000039502978,0.25350000214530155,1.6434999997727573,1.1168000055477023,14,1,0,13,keyboard_typo_candidate,diff_alignment
116,test,88,16,11.73249999555992,5.687299999408424,0.17759999172994867,0.4537999993772246,0.0011000010999850929,2.3314999998547137,0.26509999588597566,2.0348999969428405,1.4067000010982156,16,2,0,16,extra_letter_candidate|missing_letter_candidate,diff_alignment
117,test,67,8,7.087199999659788,3.2045999978436157,0.15279997751349583,0.3049000006285496,0.0011000010999850929,1.4020000016898848,0.25459999596932903,1.2332999976933934,0.9866999971563928,10,2,0,8,dictionary_fuzzy|missing_letter_candidate,diff_alignment
118,test,99,14,11.229200004891027,5.261699996481184,0.1452999931643717,0.4774999979417771,0.0010000003385357559,2.2257000018726103,0.27240000054007396,1.8677999978535809,1.5953000038280152,16,1,1,14,comma_subordinate|keyboard_typo_candidate,diff_alignment
119,test,63,10,8.179100004781503,3.7778999976580963,0.13240001135272905,0.35799999750452116,0.0011000010999850929,1.579299998411443,0.24059999850578606,1.5161000046646222,1.0588000004645437,13,2,1,10,comma_subordinate|dictionary_fuzzy|missing_letter_candidate,diff_alignment
120,test,28,5,4.435599999851547,2.031700001680292,0.07019999611657113,0.20729999960167333,0.0011000010999850929,0.8413999967160635,0.20959999528713524,0.8335000020451844,0.5126000105519779,7,1,0,5,capitalization_sentence_start|keyboard_typo_candidate,diff_alignment
121,test,66,10,8.057200000621378,3.8157999952090904,0.13639998360304162,0.39670000114711,0.0010000003385357559,1.5371999979834072,0.23979999969014898,1.5020999999251217,0.9556000004522502,13,2,0,10,capitalization_sentence_start|dictionary_fuzzy|keyboard_typo_candidate,diff_alignment
122,test,52,7,6.041299995558802,2.7958999999100342,0.1089000070351176,0.261799999861978,0.0011000010999850929,1.1719000031007454,0.22449999960372224,1.0511000000406057,0.7916000031400472,9,1,1,7,keyboard_typo_candidate|punctuation_delete_replace,diff_alignment
123,test,36,7,5.742399996961467,2.6463000031071715,0.09069999941857532,0.24429999757558107,0.0010000003385357559,1.0384999986854382,0.21689999994123355,1.170399998954963,0.6642000007559545,10,2,0,7,capitalization_sentence_start|dictionary_fuzzy,diff_alignment
124,test,41,7,5.867199994099792,2.6863999955821782,0.10409999958937988,0.26610000350046903,0.0010000003385357559,1.0484000013093464,0.21209999977145344,1.2515999987954274,0.662200000078883,10,2,1,7,double_consonant_candidate|final_punctuation_default|keyboard_typo_candidate,diff_alignment
125,test,57,10,10.02189999417169,5.864799997652881,0.13059999037068337,0.3580000047804788,0.0010000003385357559,1.4854000037303194,0.2508000034140423,1.5203000002657063,0.8936999947763979,13,2,1,10,final_punctuation_default|keyboard_typo_candidate|missing_letter_candidate,diff_alignment
126,test,42,6,5.5238000059034675,2.3981999984243885,0.09480000881012529,0.24329999723704532,0.0010000003385357559,1.0556000052019954,0.2204000047640875,1.1725000003934838,0.6706999993184581,10,4,0,6,dictionary_fuzzy|missing_letter_candidate,diff_alignment
127,test,35,8,6.182299999636598,2.93729999975767,0.08910000178730115,0.25090000417549163,0.0008999995770864189,1.1343000005581416,0.2125000028172508,1.1534000004758127,0.738800001272466,10,1,0,8,capitalization_sentence_start|dictionary_fuzzy,diff_alignment
128,test,47,9,7.589699998789001,3.5161999985575676,0.10850001126527786,0.3074999985983595,0.0010000003385357559,1.5017999976407737,0.22629999875789508,1.5054999967105687,0.8328999974764884,13,2,0,9,capitalization_sentence_start|dictionary_fuzzy|pattern_чя_ча,diff_alignment
129,test,33,5,4.465300000447314,2.0337999958428554,0.07059999916236848,0.24619999749120325,0.0010000003385357559,0.8395999975618906,0.20470000163186342,0.8401000013691373,0.541599998541642,7,1,1,5,missing_letter_candidate|subject_predicate_dash,diff_alignment
130,test,40,7,6.218900001840666,2.9023000024608336,0.10350000229664147,0.24899999698391184,0.0008999995770864189,1.2232999943080358,0.21660000493284315,1.1728999961633235,0.6974999996600673,10,2,0,7,dictionary_fuzzy|frequent_error_exact,diff_alignment
131,test,52,7,5.9374000047682784,2.77059999643825,0.12620000052265823,0.27659999614115804,0.0011000010999850929,1.1224999980186112,0.2747999969869852,1.0576999993645586,0.7054999950923957,9,1,1,7,final_punctuation_default|missing_letter_candidate,diff_alignment
132,test,56,9,7.303599995793775,3.3899999980349094,0.1280999931623228,0.33429999893996865,0.0010000003385357559,1.3648000021930784,0.21500000002561137,1.4758000033907592,0.851500008138828,13,2,2,9,comma_subordinate|final_punctuation_default|keyboard_typo_candidate|missing_letter_candidate,diff_alignment
133,test,43,7,5.799700003990438,2.6463999965926632,0.09499999578110874,0.2533000006224029,0.0010000003385357559,1.1081999982707202,0.21489999926416203,1.0810999956447631,0.7430999976349995,9,2,0,7,dictionary_fuzzy|missing_letter_candidate,diff_alignment
134,test,39,8,6.379799997375812,3.033799999684561,0.08859999798005447,0.2918999962275848,0.000900006853044033,1.1708000020007603,0.21580000611720607,1.2142999985371716,0.7390000027953647,10,1,1,8,final_punctuation_default|swapped_letters_candidate,diff_alignment
135,test,59,9,7.557899996754713,3.4438000002410263,0.13990001025376841,0.319799997669179,0.0010000003385357559,1.4315000007627532,0.25800000003073364,1.479899998230394,0.9377000023960136,12,1,1,9,capitalization_sentence_start|final_punctuation_default|missing_letter_candidate,diff_alignment
136,test,73,14,10.251399995468091,4.883699999481905,0.1199000034830533,0.4243000003043562,0.0008999995770864189,2.081999999063555,0.25009999808389693,1.8239999990328215,1.2051000012434088,16,2,0,14,extra_letter_candidate|missing_letter_candidate,diff_alignment
137,test,45,7,6.058700004359707,2.8230000025359914,0.10889999975915998,0.27799999952549115,0.0010000003385357559,1.2229999992996454,0.21489999926416203,1.079199995729141,0.712999993993435,9,2,0,7,dictionary_fuzzy,diff_alignment
138,test,47,6,5.274099996313453,2.4178000021493062,0.09419999696547166,0.240100001974497,0.0010000003385357559,1.0278999980073422,0.2150999935111031,0.9753999984241091,0.6318000014289282,8,1,0,6,capitalization_sentence_start|missing_letter_candidate,diff_alignment
139,test,51,9,7.190299998910632,3.381700000318233,0.11020000238204375,0.298099999781698,0.0010000003385357559,1.3583999971160665,0.225499999942258,1.3812000033794902,0.836900006106589,12,2,0,9,capitalization_sentence_start|double_consonant_candidate|keyboard_typo_candidate,diff_alignment
140,test,41,6,5.709999997634441,2.3846999974921346,0.09110000246437266,0.2548000047681853,0.0012000018614344299,0.9971000035875477,0.23329999385168776,0.8605999973951839,1.228800007083919,7,1,0,6,missing_letter_candidate,diff_alignment
141,test,30,5,4.603599998517893,2.0318999959272332,0.08450000314041972,0.23070000315783545,0.0010000003385357559,0.8203000033972785,0.21279999782564119,0.9788000024855137,0.55340000835713,8,2,1,5,final_punctuation_default|keyboard_typo_candidate|missing_letter_candidate,diff_alignment
142,test,51,7,6.758499999705236,3.259999997681007,0.115999995614402,0.2699000033317134,0.0010000003385357559,1.234100003784988,0.21320000087143853,1.3208000018494204,0.724000004993286,11,2,1,7,capitalization_sentence_start|dictionary_fuzzy|extra_letter_candidate|final_punctuation_default,diff_alignment
143,test,44,6,5.42929999937769,2.42650000291178,0.09170000703306869,0.24869999469956383,0.0008999995770864189,1.0229999970761128,0.2179000002797693,1.0708000045269728,0.6849000055808574,9,2,0,6,capitalization_sentence_start|extra_letter_candidate|swapped_letters_candidate,diff_alignment
144,test,29,5,4.6641000008094124,2.046699999482371,0.0703999976394698,0.20360000053187832,0.0008999995770864189,0.8535000015399419,0.2647000001161359,0.9732000035000965,0.519599998369813,8,2,0,5,capitalization_sentence_start|dictionary_fuzzy|missing_letter_candidate,diff_alignment
145,test,57,8,6.652099997154437,3.1787999978405423,0.14149998605716974,0.29380000341916457,0.0010000003385357559,1.291499997023493,0.2142000012099743,1.1847999994643033,0.7766999988234602,10,1,1,8,final_punctuation_default|missing_letter_candidate,diff_alignment
146,test,47,8,6.592500001715962,3.127799995127134,0.12040002184221521,0.2769999991869554,0.0008999995770864189,1.2218000047141686,0.22499999613501132,1.2941999957547523,0.7171999968704768,11,2,0,8,capitalization_sentence_start|dictionary_fuzzy|missing_letter_candidate,diff_alignment
147,test,62,8,7.317799994780216,3.2814000005600974,0.15740000526420772,0.3129999968223274,0.0008999995770864189,1.5684999962104484,0.23780000628903508,1.2872000006609596,0.9355000001960434,10,2,0,8,dictionary_fuzzy|missing_letter_candidate,diff_alignment
148,test,39,7,6.419800003641285,2.8480000037234277,0.08649999654153362,0.2851000026566908,0.001500004145782441,1.3706000027013943,0.23800000053597614,1.2231000000610948,0.7328000065172091,10,2,0,7,extra_letter_candidate|frequent_error_exact|keyboard_typo_candidate,diff_alignment
149,test,91,14,12.263000004168134,6.390599999576807,0.2474999928381294,0.43680000089807436,0.0013000026228837669,2.1557000000029802,0.2852000034181401,1.941199996508658,1.4823000019532628,16,4,0,14,dictionary_fuzzy|keyboard_typo_candidate|missing_letter_candidate,diff_alignment
150,test,35,5,4.85560000379337,2.2258000026340596,0.10299999121343717,0.2782000010483898,0.0012000018614344299,0.844000001961831,0.21720000222558156,0.9891000008792616,0.5731999990530312,8,1,2,5,apposition_comma|dictionary_fuzzy|final_punctuation_default,diff_alignment
151,test,42,6,5.389400001149625,2.4117000066326,0.09469999349676073,0.23289999808184803,0.0010000003385357559,1.0168000007979572,0.39339999784715474,0.9448999990127049,0.6164000005810522,8,1,1,6,missing_letter_candidate|punctuation_delete_replace,diff_alignment
152,test,79,11,8.91579999733949,4.110399997443892,0.17609999486012384,0.35689999640453607,0.000900006853044033,1.801700003852602,0.24929999926825985,1.537899996037595,1.2099999948986806,13,2,0,11,dictionary_fuzzy|missing_letter_candidate,diff_alignment
153,test,60,7,6.421600002795458,2.87910000042757,0.13179999950807542,0.2865999995265156,0.0011000010999850929,1.2219999989611097,0.22739999985788018,1.2916999985463917,0.7944999888422899,10,2,0,7,capitalization_sentence_start|keyboard_typo_candidate|missing_letter_candidate,diff_alignment
154,test,69,10,8.627399998658802,4.088200003025122,0.14030001329956576,0.33010000333888456,0.0011999945854768157,1.95240000175545,0.2505000011296943,1.4421000014408492,0.8879000088199973,12,0,0,10,capitalization_sentence_start|n_nn_participle,diff_alignment
155,test,64,11,8.377699996344745,4.052700001921039,0.137699993501883,0.378400000045076,0.0011000010999850929,1.648199999181088,0.2556000035838224,1.4159999991534278,0.9990000035031699,12,1,0,11,dictionary_fuzzy,diff_alignment
156,test,32,6,5.870500004675705,3.078900001128204,0.07700000423938036,0.22699999681208283,0.0010000003385357559,0.9353999994345941,0.21130000095581636,1.0775999980978668,0.5610000007436611,9,2,0,6,capitalization_sentence_start|missing_letter_candidate,diff_alignment
157,test,29,6,5.246900000202004,2.3571999990963377,0.07440000626957044,0.24050000502029434,0.0010000003385357559,0.9508000002824701,0.2858000007108785,1.0792000030050986,0.5674999993061647,9,2,1,6,dictionary_fuzzy|final_punctuation_default|keyboard_typo_candidate,diff_alignment
158,test,49,8,6.46499999857042,2.989199994772207,0.11660000745905563,0.27520000003278255,0.0010000003385357559,1.197000005049631,0.2198999936808832,1.2856000030296855,0.7667000027140602,11,2,0,8,capitalization_sentence_start|double_consonant_candidate|missing_letter_candidate,diff_alignment
159,test,102,19,13.452600003802218,7.083100004820153,0.21129999367985874,0.5687000011675991,0.0011000010999850929,2.7212999993935227,0.27350000164005905,1.8464999957359396,1.5214999948511831,16,2,1,19,final_punctuation_default|keyboard_typo_candidate,diff_alignment
160,test,52,8,6.807500001741573,3.2773999992059544,0.1075999898603186,0.3023000026587397,0.0010000003385357559,1.3230000040493906,0.22799999715061858,1.1897000003955327,0.7834000061848201,10,2,0,8,dictionary_fuzzy|missing_letter_candidate,diff_alignment
161,test,36,7,5.889499996555969,2.67129999701865,0.08860000525601208,0.24479999410687014,0.000900006853044033,1.0346999988541938,0.21729999571107328,1.2970000025234185,0.6627999973716214,10,2,0,7,capitalization_sentence_start|missing_letter_candidate,diff_alignment
162,test,39,6,5.409799996414222,2.4590999964857474,0.10910000855801627,0.24919999850681052,0.0011000010999850929,1.0848999954760075,0.21139999444130808,0.9831999996094964,0.6648999988101423,8,2,0,6,dictionary_fuzzy|missing_letter_candidate,diff_alignment
163,test,59,11,8.912400000554044,4.113499999220949,0.14900000678608194,0.3754999997909181,0.0011000010999850929,1.6068999975686893,0.23349999537458643,1.9064000007347204,1.0445000007166527,16,2,2,11,comma_subordinate|context_chto_by|double_consonant_candidate|final_punctuation_default|keyboard_typo_candidate,diff_alignment
164,test,38,6,5.144700000528246,2.369000001635868,0.07400000322377309,0.2606999987619929,0.0008999995770864189,0.9580000041751191,0.2204000047640875,0.9729000012157485,0.6183000004966743,8,2,0,6,dictionary_fuzzy|missing_letter_candidate,diff_alignment
165,test,79,11,8.874099999957252,4.2751000000862405,0.1740000006975606,0.3575000009732321,0.0008999995770864189,1.7437999995308928,0.2440999960526824,1.541700003144797,1.0635999933583662,13,2,0,11,dictionary_fuzzy,diff_alignment
166,test,34,6,46.91469999670517,43.77470000326866,38.6787999959779,0.3321000040159561,0.0012000018614344299,0.9752999976626597,0.2536999963922426,1.2895999971078709,0.6139000033726916,9,2,1,6,dictionary_fuzzy|final_punctuation_default|missing_letter_candidate,dictionary
167,test,67,10,66.37929999851622,61.69140000565676,50.566499994602054,0.4267999975127168,0.001400003384333104,1.5949999942677096,0.32169999758480117,1.7902999970829114,0.9730999954626895,13,2,1,10,dictionary_fuzzy|final_punctuation_default|missing_letter_candidate,dictionary
168,test,38,5,19.67769999464508,16.910699996515177,13.491500001691747,0.25289999757660553,0.001400003384333104,0.851099997817073,0.2530999990995042,1.1195999977644533,0.5364000026020221,8,2,1,5,final_punctuation_default|keyboard_typo_candidate|missing_letter_candidate,dictionary
169,test,55,7,73.69019999896409,70.22239999787416,67.4258000071859,0.3262999962316826,0.0010000003385357559,1.1195000042789616,0.2671999973244965,1.344699994660914,0.7291000001714565,9,1,1,7,final_punctuation_default|missing_letter_candidate,dictionary
170,test,128,13,30.0961000029929,23.334599994996097,4.782100004376844,0.4804999989573844,0.001400003384333104,2.4515000040992163,0.39909999759402126,2.093299997795839,1.8099000008078292,16,2,1,13,double_consonant_candidate|final_punctuation_default|keyboard_typo_candidate,dictionary
171,test,40,8,10.853099993255455,7.080800001858734,1.1720000038621947,0.31040000612847507,0.0011000010999850929,1.2034000028506853,0.24620000476716086,1.5831999990041368,0.7325999977183528,11,1,1,8,capitalization_sentence_start|final_punctuation_default|swapped_letters_candidate,diff_alignment
172,test,34,6,5.274299997836351,2.3985000007087365,0.08750000415602699,0.2638000005390495,0.0011000010999850929,0.950000001466833,0.21600000036414713,1.0894000006373972,0.6135000076028518,9,2,1,6,dictionary_fuzzy|final_punctuation_default|missing_letter_candidate,diff_alignment
173,test,67,10,8.108699999866076,3.7855999980820343,0.12740000238409266,0.36810000165132806,0.0011000010999850929,1.5666999970562756,0.2420999953756109,1.5101000026334077,0.9973999985959381,13,2,1,10,dictionary_fuzzy|final_punctuation_default|missing_letter_candidate,diff_alignment
174,test,38,5,4.7665999954915605,2.092900002025999,0.08940001134760678,0.23579999833600596,0.000900006853044033,0.8377999984077178,0.20710000535473228,0.9654999958002008,0.6568000026163645,8,2,1,5,final_punctuation_default|keyboard_typo_candidate|missing_letter_candidate,diff_alignment
175,test,55,7,5.932599997322541,2.7427000022726133,0.13800000306218863,0.29129999893484637,0.0008999995770864189,1.1072999986936338,0.21700000070268288,1.1159999994561076,0.7435999941662885,9,1,1,7,final_punctuation_default|missing_letter_candidate,diff_alignment
176,test,128,13,11.820100000477396,5.085099997813813,0.2624999906402081,0.4718000054708682,0.0010000003385357559,2.482299998519011,0.2688000022317283,1.8631999992066994,2.1139000018592924,16,2,1,13,double_consonant_candidate|final_punctuation_default|keyboard_typo_candidate,diff_alignment
177,test,40,8,6.605800001125317,3.0658000032417476,0.09010000212583691,0.2983999947900884,0.0011000010999850929,1.2092000033590011,0.22200000239536166,1.349300000583753,0.752799998736009,11,1,1,8,capitalization_sentence_start|final_punctuation_default|swapped_letters_candidate,diff_alignment
178,test,138,21,26.047100000141654,18.365700001595542,1.74280002102023,0.5662999974447303,0.0010000003385357559,3.050399995117914,0.40719999378779903,2.0394000021042302,2.176900001359172,16,0,1,21,capitalization_sentence_start|context_chto_by|context_tak_zhe|punctuation_delete_replace,diff_alignment
179,test,197,25,63.1573999999091,53.84329999651527,34.88529998867307,0.6786000012652948,0.0011000010999850929,4.032199998619035,0.49839999701362103,2.0469999944907613,2.728600004047621,16,2,1,25,missing_letter_candidate|ne_verb|punctuation_delete_replace,dictionary
180,test,72,12,14.772299997275695,9.34399999823654,0.9659000061219558,0.4679000048781745,0.0012000018614344299,1.6892999992705882,0.3007000050274655,2.358300000196323,1.0722000006353483,16,0,3,12,comma_subordinate|context_nesmotrya|detached_adverbial_comma|final_punctuation_default,diff_alignment
181,test,118,17,17.1732000017073,10.5390000026091,1.1916000075871125,0.5549999987124465,0.0010000003385357559,2.456899994285777,0.3802999999606982,2.0121999987168238,1.7782999930204824,16,0,2,17,comma_subordinate|final_punctuation_default,diff_alignment
182,test,93,10,16.1082000049646,11.25770000362536,1.3644000064232387,0.39090000063879415,0.0012000018614344299,1.832700007071253,0.3245000043534674,1.5918999997666106,1.0939999992842786,12,0,1,10,final_punctuation_default|hyphen_whitelist,diff_alignment
183,test,101,14,79.16739999927813,72.64070000383072,61.84410000423668,0.4980000012437813,0.0013999961083754897,2.1733000030508265,0.5811000009998679,2.4241999999503605,1.3403000048128888,16,1,1,14,final_punctuation_default|keyboard_typo_candidate,dictionary
184,test,199,23,33.89210000023013,25.99760000157403,2.8028999877278693,0.7107999990694225,0.001500004145782441,3.4989999985555187,0.47080000513233244,2.3567000025650486,1.5604000072926283,16,1,0,23,context_tak_zhe|missing_letter_candidate|ne_participle,diff_alignment
185,test,124,15,73.01860000006855,66.33449999935692,51.64440001681214,0.5623000033665448,0.0012000018614344299,2.5062999993679114,0.4341000021668151,2.1099000005051494,1.6251999986707233,16,1,1,15,capitalization_sentence_start|final_punctuation_default|missing_letter_candidate,dictionary
186,test,121,17,40.49459999805549,33.78089999750955,22.811900009401143,0.5074000000604428,0.001400003384333104,2.5984999956563115,0.4107999993721023,2.071099996101111,1.6225999934249558,16,2,0,17,capitalization_sentence_start|keyboard_typo_candidate|missing_letter_candidate,dictionary
187,test,130,14,89.22840000013821,82.55990000179736,65.95070000912528,0.6305999995674938,0.0012000018614344299,2.3814999949536286,0.42329999996582046,2.1637000027112663,1.6917999964789487,16,1,1,14,dictionary_fuzzy|homogeneous_comma,dictionary
188,test,138,21,15.88859999901615,7.558600002084859,0.2716999806580134,0.5630999949062243,0.0015999976312741637,3.074100000958424,1.119499997003004,1.9045000008190982,2.224199997726828,16,0,1,21,capitalization_sentence_start|context_chto_by|context_tak_zhe|punctuation_delete_replace,diff_alignment
189,test,197,25,18.28860000387067,9.219100000336766,0.37799999699927866,0.6522999974549748,0.0013000026228837669,4.006000002846122,0.3772999989450909,1.9133000023430213,2.7653000070131384,16,2,1,25,missing_letter_candidate|ne_verb|punctuation_delete_replace,diff_alignment
190,test,72,12,9.68289999582339,4.849800003285054,0.12459999561542645,0.628499998128973,0.0009999930625781417,1.6740999999456108,0.2451999971526675,1.8913000021711923,1.0144999978365377,16,0,3,12,comma_subordinate|context_nesmotrya|detached_adverbial_comma|final_punctuation_default,diff_alignment
191,test,118,17,12.741799997456837,6.190599997353274,0.23650001094210893,0.5426999996416271,0.0011000010999850929,2.489600003173109,0.34449999657226726,1.8749999944702722,1.8353999985265546,16,0,2,17,comma_subordinate|final_punctuation_default,diff_alignment
192,test,93,10,8.536599998478778,4.004599999461789,0.17639998259255663,0.4214000000501983,0.0010000003385357559,1.6957000043476,0.2630000017234124,1.4585999961127527,1.1081999982707202,12,0,1,10,final_punctuation_default|hyphen_whitelist,diff_alignment
193,test,101,14,10.947299997496884,5.222400002821814,0.22420000459533185,0.4608999952324666,0.0010000003385357559,2.191899999161251,0.2575000034994446,1.8707000053836964,1.3980000003357418,16,1,1,14,final_punctuation_default|keyboard_typo_candidate,diff_alignment
194,test,199,23,16.533500005607493,8.991700000478886,0.42219998431392014,0.7151999961934052,0.0013000026228837669,3.528799999912735,0.34669999877223745,2.0111000048927963,1.6479999976581894,16,1,0,23,context_tak_zhe|missing_letter_candidate|ne_participle,diff_alignment
195,test,124,15,12.606899996171705,6.1550000027637,0.2255999861517921,0.5117000036989339,0.0011000010999850929,2.516799999284558,0.2829000004567206,1.908899997943081,1.7360999991069548,16,1,1,15,capitalization_sentence_start|final_punctuation_default|missing_letter_candidate,diff_alignment
196,test,121,17,12.91029999993043,6.290799996349961,0.2817000058712438,0.4994999981136061,0.0013000026228837669,2.5973000010708347,0.4746999984490685,1.898299997264985,1.642199989873916,16,2,0,17,capitalization_sentence_start|keyboard_typo_candidate|missing_letter_candidate,diff_alignment
197,test,130,14,11.764800001401454,5.543599996599369,0.23379999038297683,0.5833000031998381,0.0011000010999850929,2.3469000007025898,0.30189999961294234,1.877399998193141,1.688500000454951,16,1,1,14,dictionary_fuzzy|homogeneous_comma,diff_alignment
198,test,17,3,3.6225000003469177,1.9107999978587031,0.2834999904735014,0.16950000281212851,0.0008999995770864189,0.4771000021719374,0.22199999511940405,0.6388999972841702,0.3674000035971403,5,0,1,3,abbreviation_case_protection|punctuation_delete_replace,diff_alignment
199,test,62,8,57.52500000380678,53.62279999826569,47.197899999446236,0.3059999944525771,0.0008999995770864189,1.2079000007361174,0.2782000010483898,1.519099998404272,0.8887999938451685,11,0,1,8,abbreviation_case_protection|capitalization_sentence_start|punctuation_delete_replace,dictionary
200,test,62,8,52.837600000202656,49.203599999600556,45.87159998482093,0.2784999960567802,0.0012999953469261527,1.1766000025090761,0.26360000629210845,1.3938999982201494,0.7925999962026253,11,0,1,8,abbreviation_case_protection|capitalization_sentence_start|punctuation_delete_replace,dictionary
201,test,62,8,54.00050000025658,50.295199995161965,46.459300006972626,0.3068000005441718,0.0008999995770864189,1.2057999992975965,0.24249999842140824,1.449599993065931,0.7991000020410866,11,0,1,8,abbreviation_case_protection|capitalization_sentence_start|punctuation_delete_replace,dictionary
202,test,62,8,53.53140000079293,49.62889999296749,46.10970000067027,0.29540000105043873,0.0013000026228837669,1.1827999987872317,0.2521999995224178,1.653699997405056,0.8059000028879382,11,0,1,8,abbreviation_case_protection|capitalization_sentence_start|punctuation_delete_replace,dictionary
203,test,62,8,53.23000000498723,49.56289999972796,46.1219000062556,0.29970000468892977,0.001500004145782441,1.175000004877802,0.2582000015536323,1.4377000043168664,0.7887000028858893,11,0,1,8,abbreviation_case_protection|capitalization_sentence_start|punctuation_delete_replace,dictionary
204,test,62,8,53.20679999567801,49.50109999481356,46.05209997680504,0.3060999952140264,0.0010999938240274787,1.196700002765283,0.2460999967297539,1.4584999953513034,0.7961000010254793,11,0,1,8,abbreviation_case_protection|capitalization_sentence_start|punctuation_delete_replace,dictionary
205,test,62,8,53.69559999962803,49.81620000035036,46.201699995435774,0.31409999792231247,0.0013000026228837669,1.2216999966767617,0.33039999834727496,1.502200000686571,0.8166000116034411,11,0,1,8,abbreviation_case_protection|capitalization_sentence_start|punctuation_delete_replace,dictionary
206,test,62,8,53.45839999790769,49.73919999611098,46.210799999244045,0.3079000016441569,0.0012999953469261527,1.1874000047100708,0.2773999949567951,1.4509000029647723,0.7947000049171038,11,0,1,8,abbreviation_case_protection|capitalization_sentence_start|punctuation_delete_replace,dictionary
207,test,62,8,53.62969999987399,49.84800000238465,46.36749999917811,0.3125000002910383,0.0012999953469261527,1.1970999985351227,0.2533000006224029,1.5137000009417534,0.8095000011962838,11,0,1,8,abbreviation_case_protection|capitalization_sentence_start|punctuation_delete_replace,dictionary
208,test,62,8,53.699000003689434,49.86240000289399,46.05359998822678,0.3065999990212731,0.001500004145782441,1.2234999958309345,0.3519000019878149,1.4540999982273206,0.7989000005181879,11,0,1,8,abbreviation_case_protection|capitalization_sentence_start|punctuation_delete_replace,dictionary
209,test,62,8,53.326799999922514,49.568500005989335,46.13750000135042,0.3141000051982701,0.0013999961083754897,1.196899997012224,0.2519999979995191,1.491900002292823,0.8088999966275878,11,0,1,8,abbreviation_case_protection|capitalization_sentence_start|punctuation_delete_replace,dictionary
210,test,62,8,53.043100000650156,49.360200006049126,46.01179999008309,0.2930000046035275,0.0013000026228837669,1.1783000009017996,0.25409999943803996,1.4210000008461066,0.821699999505654,11,0,1,8,abbreviation_case_protection|capitalization_sentence_start|punctuation_delete_replace,dictionary
211,test,62,8,54.02380000305129,50.26279999583494,46.955800004070625,0.28810000367229804,0.0012999953469261527,1.1841000014101155,0.34469999809516594,1.4350999990710989,0.789400000940077,11,0,1,8,abbreviation_case_protection|capitalization_sentence_start|punctuation_delete_replace,dictionary
212,test,62,8,52.745400003914256,49.136399997223634,45.84520001662895,0.28480000037234277,0.0011000010999850929,1.1689999955706298,0.24620000476716086,1.3998999929754063,0.7871000052546151,11,0,1,8,abbreviation_case_protection|capitalization_sentence_start|punctuation_delete_replace,dictionary
213,test,62,8,52.78800000087358,49.18069999985164,45.889100001659244,0.29779999749735,0.001400003384333104,1.170399998954963,0.24680000205989927,1.3897000026190653,0.792799997725524,11,0,1,8,abbreviation_case_protection|capitalization_sentence_start|punctuation_delete_replace,dictionary
214,test,62,8,52.79790000349749,49.11790000187466,45.82929999742191,0.30649999825982377,0.0013000026228837669,1.1689000020851381,0.31380000291392207,1.384800001687836,0.8054000063566491,11,0,1,8,abbreviation_case_protection|capitalization_sentence_start|punctuation_delete_replace,dictionary
215,test,62,8,52.630099999078084,49.026700005924795,45.78409999521682,0.2778999987640418,0.0011000010999850929,1.168299997516442,0.25940000341506675,1.3813000041409396,0.7869000037317164,11,0,1,8,abbreviation_case_protection|capitalization_sentence_start|punctuation_delete_replace,dictionary
216,test,62,8,52.59010000008857,49.01199999585515,45.764299989969004,0.27180000324733555,0.0011000010999850929,1.1649999942164868,0.2403999969828874,1.3808000003336929,0.7851000045775436,11,0,1,8,abbreviation_case_protection|capitalization_sentence_start|punctuation_delete_replace,dictionary
217,test,62,8,53.05260000022827,49.317100005282555,45.99370000505587,0.29159999394323677,0.0011000010999850929,1.1826999980257824,0.3214999960619025,1.431899996532593,0.7916999966255389,11,0,1,8,abbreviation_case_protection|capitalization_sentence_start|punctuation_delete_replace,dictionary
218,test,80,10,12.732700000924524,8.488600004056934,1.3956000038888305,0.35059999936493114,0.0013000026228837669,1.5065999978105538,0.32389999978477135,1.4307999954326078,0.9770999968168326,11,0,1,10,punctuation_delete_replace,diff_alignment
219,test,78,10,10.98949999868637,6.5961000000243075,1.300599986279849,0.3744999994523823,0.0012000018614344299,1.6279999981634319,0.3905000048689544,1.4071999976295047,0.9605999948689714,11,0,1,10,punctuation_delete_replace,diff_alignment
220,test,80,10,10.605800001940224,6.357799997203983,0.7724999959464185,0.3465999980107881,0.0011000010999850929,1.599700000951998,0.28639999800361693,1.3908999972045422,0.9651000073063187,11,0,1,10,punctuation_delete_replace,diff_alignment
221,test,82,10,11.16399999591522,6.949200003873557,0.5344000019249506,0.3668999997898936,0.0010999938240274787,1.531900001282338,0.2635000055306591,1.4357000036397949,0.9774000063771382,11,0,1,10,punctuation_delete_replace,diff_alignment
222,test,77,10,10.47639999887906,6.277299995417707,0.7200000181910582,0.3397999971639365,0.0008999995770864189,1.6042999995988794,0.2832000027410686,1.3736000037170015,0.9321999968960881,11,0,1,10,punctuation_delete_replace,diff_alignment
223,test,81,11,12.927199997648131,8.363400003872812,0.8151000074576586,0.36440000258153304,0.0011000010999850929,1.7602000007173046,0.280100000964012,1.484200001868885,1.0332999954698607,12,0,1,11,punctuation_delete_replace,diff_alignment
224,test,83,10,9.61269999970682,5.440499997348525,0.5478999955812469,0.35319999733474106,0.0009999930625781417,1.5493999962927774,0.2640000020619482,1.3627000007545575,0.9901999947032891,11,0,1,10,punctuation_delete_replace,diff_alignment
225,test,85,10,10.39689999743132,6.100500002503395,0.527199990756344,0.3490999952191487,0.0010999938240274787,1.6725000023143366,0.27319999935571104,1.3556999983848073,0.9891000008792616,11,0,1,10,punctuation_delete_replace,diff_alignment
226,test,86,11,10.955500001728069,6.361300002026837,0.6931999960215762,0.36550000368151814,0.0011000010999850929,1.7873999968287535,0.27129999944008887,1.4679999949294142,1.061499999195803,12,0,1,11,punctuation_delete_replace,diff_alignment
227,test,78,10,11.016500000550877,6.928999995579943,0.6512000109069049,0.3397999971639365,0.0011000010999850929,1.491600000008475,0.2718999967328273,1.3762000016868114,0.9420000060345046,11,0,1,10,punctuation_delete_replace,diff_alignment
228,test,80,10,9.04640000226209,4.812299994227942,0.5848000000696629,0.33999999868683517,0.0010000003385357559,1.6056000022217631,0.27599999884841964,1.357300003292039,0.9895999974105507,11,0,1,10,punctuation_delete_replace,diff_alignment
229,test,81,10,10.243699995044153,5.876399998669513,0.6676999983028509,0.36019999970449135,0.0011000010999850929,1.5347000007750466,0.381499994546175,1.3837000005878508,1.0604000053717755,11,0,1,10,punctuation_delete_replace,diff_alignment
230,test,80,10,12.49190000089584,8.123200001136865,1.061999995727092,0.374700000975281,0.0012000018614344299,1.6783999963081442,0.29999999969732016,1.4096000013523735,0.9740000023157336,11,0,1,10,punctuation_delete_replace,diff_alignment
231,test,83,10,9.59829999919748,5.382299998018425,0.4293000092729926,0.3504999986034818,0.0011999945854768157,1.5340999962063506,0.34500000037951395,1.3617000004160218,0.9693000029074028,11,0,1,10,punctuation_delete_replace,diff_alignment
232,test,85,10,11.323500002617948,7.133799997973256,0.5005000130040571,0.3647999983513728,0.0011000010999850929,1.5282999956980348,0.283499997749459,1.3895000010961667,0.9827999965636991,11,0,1,10,punctuation_delete_replace,diff_alignment
233,test,87,10,9.214199999405537,4.889299998467322,0.4839999965042807,0.3645999968284741,0.0010000003385357559,1.6586999990977347,0.276400001894217,1.3603000043076463,1.0235000008833595,11,0,1,10,punctuation_delete_replace,diff_alignment
234,test,87,10,10.371399999712594,6.173199995828327,0.6922000102349557,0.36579999868990853,0.0010000003385357559,1.5270000003511086,0.27639999461825937,1.3758999994024634,1.0130000009667128,11,0,1,10,punctuation_delete_replace,diff_alignment
235,test,80,10,10.628699994413182,6.364299995766487,0.6424000093829818,0.36189999809721485,0.0011000010999850929,1.631999999517575,0.2734000008786097,1.3829000017722137,0.9700000009615906,11,0,1,10,punctuation_delete_replace,diff_alignment
236,test,76,10,8.783199999015778,4.77330000285292,0.3974999999627471,0.3403000009711832,0.0010000003385357559,1.4572000000043772,0.2597999991849065,1.346400000329595,0.9408000041730702,11,0,1,10,punctuation_delete_replace,diff_alignment
237,test,77,10,10.453299997607246,6.325599999399856,0.5814999967697076,0.3428999989409931,0.0010000003385357559,1.4984000008553267,0.2626999994390644,1.3638000018545426,0.9970000028260984,11,0,1,10,punctuation_delete_replace,diff_alignment
238,test,84,11,13.124199998856056,8.486500002618413,0.6102999905124307,0.3704999980982393,0.0011000010999850929,1.7933000053744763,0.2758999980869703,1.4847999991616234,1.0778999931062572,12,0,1,11,punctuation_delete_replace,diff_alignment
239,test,80,10,11.998599999060389,7.7128000048105605,0.8592000012868084,0.3501999963191338,0.0011000010999850929,1.6277000031550415,0.28639999800361693,1.3865000000805594,0.979200005531311,11,0,1,10,punctuation_delete_replace,diff_alignment
240,test,76,10,8.523299999069422,4.288800002541393,0.499100009619724,0.3507000001263805,0.001400003384333104,1.5533000041614287,0.31379999563796446,1.404399998136796,0.9570000038365833,11,0,1,10,punctuation_delete_replace,diff_alignment
241,test,78,10,8.59179999679327,4.3957000016234815,0.5339000126696192,0.35010000283364207,0.0011000010999850929,1.5930000008665957,0.26619999698596075,1.370699996186886,0.9604000006220303,11,0,1,10,punctuation_delete_replace,diff_alignment
242,test,83,10,8.44669999787584,4.355200006102677,0.355099982698448,0.3452000019024126,0.0010000003385357559,1.5031000002636574,0.25599999935366213,1.3442999988910742,0.98230000003241,11,0,1,10,punctuation_delete_replace,diff_alignment
243,test,82,10,8.698900004674215,4.585099995892961,0.7192999692051671,0.34530000266386196,0.0010000003385357559,1.5125999998417683,0.26339999749325216,1.3330000001587905,0.9989000027417205,11,0,1,10,punctuation_delete_replace,diff_alignment
244,test,84,11,12.575099994137418,7.936800000607036,0.6349999966914766,0.3682999958982691,0.0010000003385357559,1.784599997336045,0.34050000249408185,1.4796999967074953,1.0274999949615449,12,0,1,11,punctuation_delete_replace,diff_alignment
245,test,76,10,9.879600002022926,5.722700007027015,0.6596999883186072,0.3432000012253411,0.0011000010999850929,1.5951000023051165,0.26149999757763,1.3604999985545874,0.9339000025647692,11,0,1,10,punctuation_delete_replace,diff_alignment
246,test,78,10,8.892600002582185,4.761399999551941,0.38229998608585447,0.3508000008878298,0.0010999938240274787,1.592799999343697,0.2538999979151413,1.3343000027816743,0.9444000097573735,11,0,1,10,punctuation_delete_replace,diff_alignment
247,test,89,11,9.914299997035414,5.449700001918245,0.5376999979489483,0.37010000232839957,0.0011000010999850929,1.6590999948675744,0.27010000485461205,1.467899994167965,1.061499999195803,12,0,1,11,punctuation_delete_replace,diff_alignment
248,test,76,10,9.035499999299645,4.928900001686998,0.3989000106230378,0.33909999910974875,0.0010000003385357559,1.5820999979041517,0.2598999999463558,1.3329999928828329,0.9258999998564832,11,0,1,10,punctuation_delete_replace,diff_alignment
249,test,86,10,11.064500002248678,6.794400003855117,0.5336000103852712,0.35539999953471124,0.0011000010999850929,1.5366000006906688,0.3467999995336868,1.382200003718026,0.9986000004573725,11,0,1,10,punctuation_delete_replace,diff_alignment
250,test,88,11,9.097900001506787,4.473200002394151,0.3859999997075647,0.3606000027502887,0.0010999938240274787,1.7779000045266002,0.276400001894217,1.4353000005939975,1.128900003095623,12,0,1,11,punctuation_delete_replace,diff_alignment
251,test,81,10,9.754499995324295,5.671699997037649,0.49780000699684024,0.35120000393362716,0.0011000010999850929,1.5357999945990741,0.2516999957151711,1.348199999483768,0.9414000014658086,11,0,1,10,punctuation_delete_replace,diff_alignment
252,test,74,10,9.105199998884927,4.943899999489076,0.4647000168915838,0.3397000036784448,0.0010000003385357559,1.5917999990051612,0.26480000087758526,1.3516999970306642,0.9472000019741245,11,0,1,10,punctuation_delete_replace,diff_alignment
253,test,79,10,9.541899999021553,5.481399995915126,0.7499000130337663,0.33830000029411167,0.0008999995770864189,1.4627999989897944,0.26780000189319253,1.3828000010107644,0.9411999999429099,11,0,1,10,punctuation_delete_replace,diff_alignment
254,test,86,10,10.081299995363224,5.768900002294686,0.32130000181496143,0.35229999775765464,0.0011000010999850929,1.6563999961363152,0.2615999983390793,1.3657000017701648,1.022900003590621,11,0,1,10,punctuation_delete_replace,diff_alignment
255,test,81,10,8.995800002594478,4.929699993226677,0.389000000723172,0.3584000005503185,0.0010000003385357559,1.4998999977251515,0.2578999992692843,1.33050000295043,0.9718000001157634,11,0,1,10,punctuation_delete_replace,diff_alignment
256,test,79,10,9.057600000232924,4.9629999994067475,0.523199989402201,0.3465999980107881,0.0010000003385357559,1.4768999972147867,0.334399999701418,1.3431999977910891,0.934299998334609,11,0,1,10,punctuation_delete_replace,diff_alignment
257,test,80,10,8.300999994389713,4.106699998374097,0.30190000688889995,0.3409999990253709,0.0010000003385357559,1.6556999980821274,0.25430000096093863,1.3293000010889955,0.9492999961366877,11,0,1,10,punctuation_delete_replace,diff_alignment
258,test,79,10,7.79060000058962,3.8110999958007596,0.18430000636726618,0.3358000030857511,0.0010000003385357559,1.4817999981460162,0.2443999983370304,1.2885999967693351,0.9591999987605959,11,0,1,10,punctuation_delete_replace,diff_alignment
259,test,87,12,10.70130000152858,5.9658999962266535,0.6290999881457537,0.3987000018241815,0.0010000003385357559,1.695599996310193,0.34509999386500567,1.5934999973978847,1.0954000026686117,13,0,1,12,punctuation_delete_replace,diff_alignment
260,test,80,10,9.463900001719594,5.208200003835373,0.5107999895699322,0.3512999974191189,0.0011000010999850929,1.6023999996832572,0.2714000002015382,1.3956999973743223,0.9804000001167879,11,0,1,10,punctuation_delete_replace,diff_alignment
261,test,78,10,9.285000000090804,4.989999993995298,0.4791000028490089,0.3434999962337315,0.0010000003385357559,1.5991000036592595,0.27969999791821465,1.4563000004272908,0.9540000028209761,11,0,1,10,punctuation_delete_replace,diff_alignment
262,test,86,10,9.047100000316277,4.79300000006333,0.5837999924551696,0.3639999995357357,0.0011999945854768157,1.5506999989156611,0.33429999893996865,1.349799997115042,1.013499997498002,11,0,1,10,punctuation_delete_replace,diff_alignment
263,test,78,10,7.768900002702139,3.802999999606982,0.18629999249242246,0.3330999970785342,0.0008999995770864189,1.4780999990762211,0.2494000000297092,1.2979999955859967,0.9343999918201007,11,0,1,10,punctuation_delete_replace,diff_alignment
264,test,77,10,10.665900001185946,6.4428999976371415,0.4453000074136071,0.34920000325655565,0.0008999995770864189,1.6256000017165206,0.2645999993546866,1.357000001007691,0.9703000032459386,11,0,1,10,punctuation_delete_replace,diff_alignment
265,test,125,15,58.39890000061132,52.29400000098394,46.36330001085298,0.4619999963324517,0.0031000017770566046,2.305599999090191,0.291000003926456,1.960900000995025,1.5398999967146665,16,0,1,15,capitalization_sentence_start|punctuation_delete_replace,dictionary
266,test,123,15,58.99550000322051,52.6458999956958,46.48829999496229,0.4820000031031668,0.0011000010999850929,2.413200003502425,0.29630000062752515,1.9730999993043952,1.6585000048507936,16,0,1,15,capitalization_sentence_start|punctuation_delete_replace,dictionary
267,test,125,15,58.77209999744082,52.41940000269096,46.29019999265438,0.4698999982792884,0.0013000026228837669,2.4271000002045184,0.30469999910565093,2.0080000031157397,1.6042999995988794,16,0,1,15,capitalization_sentence_start|punctuation_delete_replace,dictionary
268,test,127,15,58.622700002160855,52.343500006827526,46.30760000873124,0.4868000032729469,0.0013999961083754897,2.367599998251535,0.30949999927543104,2.0072999977855943,1.5862000072957017,16,0,1,15,capitalization_sentence_start|punctuation_delete_replace,dictionary
269,test,122,15,59.092299998155795,52.78849999740487,46.391099982429296,0.4545999981928617,0.001500004145782441,2.402600002824329,0.38869999843882397,1.976300001842901,1.5278000064427033,16,0,1,15,capitalization_sentence_start|punctuation_delete_replace,dictionary
270,test,126,16,59.33100000402192,52.760500002477784,46.38320003141416,0.5006999999750406,0.0013000026228837669,2.5788999992073514,0.3116000007139519,1.9947000037063845,1.676600004429929,16,0,1,16,capitalization_sentence_start|punctuation_delete_replace,dictionary
271,test,128,15,58.43690000619972,52.165499997499865,46.399100006965455,0.4588000010699034,0.0010000003385357559,2.3448000065400265,0.31039999885251746,1.9864999994751997,1.6222999984165654,16,0,1,15,capitalization_sentence_start|punctuation_delete_replace,dictionary
272,test,130,15,58.951999999408145,52.41050000040559,46.3800999787054,0.48859999515116215,0.0012999953469261527,2.4907000042730942,0.38270000368356705,2.009299998462666,1.6504000013810582,16,0,1,15,capitalization_sentence_start|punctuation_delete_replace,dictionary
273,test,131,16,60.51109999680193,53.793699997186195,46.804799989331514,0.5195000048843212,0.001400003384333104,2.6060999953188,0.3178999977535568,2.0431000011740252,1.7413000023225322,16,0,1,16,capitalization_sentence_start|punctuation_delete_replace,dictionary
274,test,123,15,58.68620000546798,52.464600004896056,46.47120000299765,0.4743999961647205,0.001400003384333104,2.276699997310061,0.32050000299932435,1.9742000004043803,1.6420999963884242,16,0,1,15,capitalization_sentence_start|punctuation_delete_replace,dictionary
275,test,125,15,58.954100000846665,52.43250000057742,46.533099994121585,0.46779999684076756,0.0012999953469261527,2.529199999116827,0.3077000001212582,2.0110999976168387,1.6658000022289343,16,0,1,15,capitalization_sentence_start|punctuation_delete_replace,dictionary
276,test,126,15,58.7491999976919,52.39959999744315,46.46369998954469,0.483900003018789,0.0011999945854768157,2.2943000003579073,0.32249999640043825,2.1227000033832155,1.6013999993447214,16,0,1,15,capitalization_sentence_start|punctuation_delete_replace,dictionary
277,test,125,15,60.69320000096923,54.24759999732487,47.287599998526275,0.46999999904073775,0.0012999953469261527,2.465099998516962,0.3203000014764257,2.0716999933938496,1.5801999979885295,16,0,1,15,capitalization_sentence_start|punctuation_delete_replace,dictionary
278,test,128,15,58.283899998059496,52.0747000045958,46.22430000745226,0.47700000141048804,0.0013000026228837669,2.3068000009516254,0.36869999894406646,1.9500999987940304,1.5763999981572852,16,0,1,15,capitalization_sentence_start|punctuation_delete_replace,dictionary
279,test,130,15,58.594299996912014,52.37449999549426,46.516599992173724,0.4793999978573993,0.0011000010999850929,2.33759999537142,0.29859999631298706,1.9542000009096228,1.6219000026467256,16,0,1,15,capitalization_sentence_start|punctuation_delete_replace,dictionary
280,test,132,15,58.74349999794504,52.286599995568395,46.346899995114654,0.4847000018344261,0.0012999953469261527,2.4487999980919994,0.37509999674512073,1.950100006069988,1.6760000071371906,16,0,1,15,capitalization_sentence_start|punctuation_delete_replace,dictionary
281,test,132,15,58.43109999841545,52.1085000000312,46.23380000703037,0.5260999969323166,0.0011000010999850929,2.3758999959682114,0.29880000511184335,1.9890999974450096,1.6507000036654063,16,0,1,15,capitalization_sentence_start|punctuation_delete_replace,dictionary
282,test,125,15,58.671200000389945,52.25330000394024,46.27829998207744,0.4937999983667396,0.0011000010999850929,2.437600000121165,0.3129999968223274,1.9893999997293577,1.669899997068569,16,0,1,15,capitalization_sentence_start|punctuation_delete_replace,dictionary
283,test,121,15,58.77460000192514,52.5366000001668,46.56309998972574,0.4941000006510876,0.0012999953469261527,2.272800003993325,0.3223000021534972,2.065799999400042,1.567299994349014,16,0,1,15,capitalization_sentence_start|punctuation_delete_replace,dictionary
284,test,122,15,58.31519999628654,52.11810000037076,46.25790000864072,0.48070000048028305,0.0013000026228837669,2.290100004756823,0.3112999984296039,2.0461000021896325,1.5407000028062612,16,0,1,15,capitalization_sentence_start|punctuation_delete_replace,dictionary
285,test,129,16,60.53070000052685,53.51620000146795,47.0194000081392,0.516200001584366,0.0012999953469261527,2.6346000013290904,0.3705000053741969,2.2549000059370883,1.7452999964007176,16,0,1,16,capitalization_sentence_start|punctuation_delete_replace,dictionary
286,test,125,15,59.55259999609552,53.11230000370415,46.60629999852972,0.49620000208960846,0.0016999983927235007,2.44580000435235,0.3291000030003488,2.0131999990553595,1.6430000032414682,16,0,1,15,capitalization_sentence_start|punctuation_delete_replace,dictionary
287,test,121,15,58.93339999602176,52.588600003218744,46.321900001203176,0.46839999413350597,0.0013000026228837669,2.3662000021431595,0.3139000036753714,1.982599998882506,1.6748000052757561,16,0,1,15,capitalization_sentence_start|punctuation_delete_replace,dictionary
288,test,123,15,59.35219999810215,52.90390000300249,46.40599998674588,0.5033999987062998,0.0012000018614344299,2.450900006806478,0.3249000001233071,2.0514000061666593,1.612200001545716,16,0,1,15,capitalization_sentence_start|punctuation_delete_replace,dictionary
289,test,128,15,59.32269999902928,52.84350000147242,46.61700001452118,0.4897999970125966,0.0012999953469261527,2.340400002140086,0.3224000029149465,2.155200003471691,1.6527000043424778,16,0,1,15,capitalization_sentence_start|punctuation_delete_replace,dictionary
290,test,127,15,58.24869999923976,51.86560000583995,46.17499998857966,0.4769000006490387,0.001400003384333104,2.31280000298284,0.40859999717213213,2.005399997869972,1.648500001465436,16,0,1,15,capitalization_sentence_start|punctuation_delete_replace,dictionary
291,test,129,16,58.6877999958233,52.15019999741344,46.015499996428844,0.49059999582823366,0.0013000026228837669,2.588200004538521,0.31060000037541613,1.95460000395542,1.6767000051913783,16,0,1,16,capitalization_sentence_start|punctuation_delete_replace,dictionary
292,test,121,15,60.25190000218572,53.975299997546244,48.15809999126941,0.4794000051333569,0.001400003384333104,2.3931999967317097,0.32810000266181305,1.997699997446034,1.549100001284387,16,0,1,15,capitalization_sentence_start|punctuation_delete_replace,dictionary
293,test,123,15,59.29380000452511,52.57089999940945,46.61350002425024,0.516500003868714,0.0012999953469261527,2.425099999527447,0.39760000072419643,2.3166000028140843,1.5738000001874752,16,0,1,15,capitalization_sentence_start|punctuation_delete_replace,dictionary
294,test,134,16,59.346599999116734,52.79309999605175,46.28329999104608,0.5115000021760352,0.0013999961083754897,2.4865000013960525,0.320099999953527,2.0411000004969537,1.6963000016403385,16,0,1,16,capitalization_sentence_start|punctuation_delete_replace,dictionary
295,test,121,15,58.92409999796655,52.547699997376185,46.525599995220546,0.49759999819798395,0.001500004145782441,2.4190999974962324,0.3283000041847117,2.048299997113645,1.571299995703157,16,0,1,15,capitalization_sentence_start|punctuation_delete_replace,dictionary
296,test,131,15,58.818799996515736,52.368799995747395,46.48850001831306,0.5141000001458451,0.0014999968698248267,2.331299998331815,0.4177000009804033,2.049500006251037,1.6421000036643818,16,0,1,15,capitalization_sentence_start|punctuation_delete_replace,dictionary
297,test,133,16,59.608099996694364,52.69899999984773,46.18100000516279,0.5101999995531514,0.0014999968698248267,2.638400001160335,0.3223999956389889,2.0915999994031154,1.8463999949744903,16,1,1,16,capitalization_sentence_start|dictionary_fuzzy|punctuation_delete_replace,dictionary
298,test,126,15,59.4448999981978,53.1669000047259,46.63869999058079,0.4971000016666949,0.0014999968698248267,2.3464000041713007,0.33239999902434647,2.0105000003241003,1.5790999968885444,16,0,1,15,capitalization_sentence_start|punctuation_delete_replace,dictionary
299,test,119,15,60.671600003843196,54.1220999948564,47.97279999911552,0.4952999952365644,0.0013000026228837669,2.4990000019897707,0.4030999989481643,2.036099998804275,1.6019000031519681,16,0,1,15,capitalization_sentence_start|punctuation_delete_replace,dictionary
300,test,124,15,58.1949000043096,52.030299993930385,46.22060001565842,0.4909000053885393,0.001400003384333104,2.274400001624599,0.31830000079935417,2.002000001084525,1.5610999980708584,16,0,1,15,capitalization_sentence_start|punctuation_delete_replace,dictionary
301,test,131,15,58.453199999348726,51.957399999082554,46.017000007850584,0.49640000361250713,0.0013999961083754897,2.47759999911068,0.3313999986858107,2.010599993809592,1.6673999998602085,16,0,1,15,capitalization_sentence_start|punctuation_delete_replace,dictionary
302,test,126,15,58.88470000354573,52.47830000007525,46.66820000420557,0.5057999951532111,0.0012000018614344299,2.3332999990088865,0.40520000038668513,2.0394000021042302,1.6195000061998144,16,0,1,15,capitalization_sentence_start|punctuation_delete_replace,dictionary
303,test,124,15,58.72490000183461,52.433600001677405,46.557599991501775,0.5018000010750256,0.0013999961083754897,2.3303999987547286,0.3221000006305985,2.042500003881287,1.586500002304092,16,0,1,15,capitalization_sentence_start|punctuation_delete_replace,dictionary
304,test,125,15,59.15350000577746,52.745799999684095,46.72519999439828,0.4904000015812926,0.001400003384333104,2.4517999991076067,0.3556000010576099,1.99350000184495,1.5955999988364056,16,0,1,15,capitalization_sentence_start|punctuation_delete_replace,dictionary
305,test,124,15,58.07919999642763,51.83319999923697,46.18889996345388,0.4517999987001531,0.0012000018614344299,2.3159000047598965,0.3983000060543418,1.9404999984544702,1.5839999978197739,16,0,1,15,capitalization_sentence_start|punctuation_delete_replace,dictionary
306,test,132,17,59.784199998830445,53.15410000184784,46.5959999783081,0.5184000037843361,0.0010999938240274787,2.5546000033500604,0.3279000011389144,2.0300000032875687,1.7093000060413033,16,0,1,17,capitalization_sentence_start|punctuation_delete_replace,dictionary
307,test,125,15,59.06880000111414,52.61690000043018,46.67759999574628,0.47839999751886353,0.0012999953469261527,2.461599993694108,0.3145000009681098,2.015800004301127,1.6519999990123324,16,0,1,15,capitalization_sentence_start|punctuation_delete_replace,dictionary
308,test,123,15,58.848000000580214,52.36300000251504,46.50830001628492,0.46799999836366624,0.001600004907231778,2.401699995971285,0.46470000233966857,1.972300000488758,1.6386000061174855,16,0,1,15,capitalization_sentence_start|punctuation_delete_replace,dictionary
309,test,131,15,59.075699995446485,52.559999996447004,46.31320000771666,0.5203000036999583,0.0012999953469261527,2.398099997662939,0.3107999946223572,2.084400002786424,1.7131999993580393,16,0,1,15,capitalization_sentence_start|punctuation_delete_replace,dictionary
310,test,123,15,58.789499998965766,52.549700005329214,46.66120000911178,0.4881999993813224,0.0012999953469261527,2.288099996803794,0.3521999969962053,2.0334000000730157,1.5533000041614287,16,0,1,15,capitalization_sentence_start|punctuation_delete_replace,dictionary
311,test,122,15,60.09050000284333,53.096800002094824,47.16540000663372,0.47199999971780926,0.0015999976312741637,2.4212999996962026,0.967200001468882,2.029199997195974,1.5679999996791594,16,0,1,15,capitalization_sentence_start|punctuation_delete_replace,dictionary
312,test,125,15,58.30630000127712,52.17870000342373,46.44749999715714,0.46770000335527584,0.0013000026228837669,2.2628000006079674,0.36759999784408137,1.9288999974378385,1.5604000000166707,16,0,1,15,capitalization_sentence_start|punctuation_delete_replace,dictionary
313,test,123,15,58.494000004429836,52.25330000394024,46.42620000959141,0.4558000000542961,0.0012000018614344299,2.3949999958858825,0.31210000452119857,1.924400006828364,1.6017999951145612,16,0,1,15,capitalization_sentence_start|punctuation_delete_replace,dictionary
314,test,125,15,58.7054000061471,52.28239999996731,46.13370000151917,0.4808000012417324,0.0012999953469261527,2.421599994704593,0.3924999982700683,1.9699000040418468,1.6313999949488789,16,0,1,15,capitalization_sentence_start|punctuation_delete_replace,dictionary
315,test,127,15,58.81999999837717,52.46619999525137,46.50490001949947,0.5079000038676895,0.001400003384333104,2.359199999773409,0.31769999623065814,2.0550999979604967,1.6126000045915134,16,0,1,15,capitalization_sentence_start|punctuation_delete_replace,dictionary
316,test,122,15,59.336300000722986,52.931999998691026,46.889899982488714,0.49679999938234687,0.0015999976312741637,2.457399998093024,0.33319999783998355,2.0380999994813465,1.5662000005249865,16,1,1,15,capitalization_sentence_start|dictionary_fuzzy|punctuation_delete_replace,dictionary
317,test,126,16,59.336199999961536,52.71080000238726,46.330700010003056,0.5064000069978647,0.0013999961083754897,2.572899997176137,0.40380000427830964,1.9842000037897378,1.6560000003664754,16,0,1,16,capitalization_sentence_start|punctuation_delete_replace,dictionary
318,test,128,15,58.734399994136766,52.38149999786401,46.46789999969769,0.49369999760529026,0.0013000026228837669,2.366799999435898,0.3352999992785044,1.9977000047219917,1.643700001295656,16,0,1,15,capitalization_sentence_start|punctuation_delete_replace,dictionary
319,test,130,15,58.50560000544647,52.06109999562614,46.11380001006182,0.48290000268025324,0.0012000018614344299,2.5176999988616444,0.31709999893791974,1.9643000050564297,1.6374999977415428,16,0,1,15,capitalization_sentence_start|punctuation_delete_replace,dictionary
320,test,131,16,59.48500000522472,52.68800000339979,46.35240000061458,0.5155999970156699,0.0012000018614344299,2.5968999980250373,0.43510000250535086,2.0545000006677583,1.7015999983414076,16,0,1,16,capitalization_sentence_start|punctuation_delete_replace,dictionary
321,test,123,15,66.75320000067586,60.55209999612998,54.66860000160523,0.49900000158231705,0.0013999961083754897,2.2753000012016855,0.323199994454626,2.0029000006616116,1.5903999956208281,16,0,1,15,capitalization_sentence_start|punctuation_delete_replace,dictionary
322,test,125,15,60.629899999185,53.909899994323496,47.49279998941347,0.5288999964250252,0.001400003384333104,2.5833000036072917,0.327199995808769,2.11459999991348,1.68419999681646,16,0,1,15,capitalization_sentence_start|punctuation_delete_replace,dictionary
323,test,126,15,59.89470000349684,53.422900004079565,47.23599999852013,0.5039999959990382,0.0017999991541728377,2.3413000017171726,0.4169000021647662,2.088999994157348,1.615400004084222,16,0,1,15,capitalization_sentence_start|punctuation_delete_replace,dictionary
324,test,125,15,59.4176000013249,52.98369999945862,46.919500004150905,0.4887999966740608,0.001400003384333104,2.477100002579391,0.33859999530250207,1.9859000021824613,1.622600007976871,16,0,1,15,capitalization_sentence_start|punctuation_delete_replace,dictionary
325,test,128,15,58.68880000343779,52.32300000352552,46.43380000197794,0.49709999439073727,0.001400003384333104,2.3564999937661923,0.3260000012232922,2.023299995926209,1.6513999944436364,16,0,1,15,capitalization_sentence_start|punctuation_delete_replace,dictionary
326,test,130,15,59.266299998853356,52.806400002737064,46.804299992800225,0.5028999948990531,0.0014999968698248267,2.349599999433849,0.43539999751374125,1.9983000020147301,1.6679000036674552,16,0,1,15,capitalization_sentence_start|punctuation_delete_replace,dictionary
327,test,132,15,67.09960000443971,60.074699998949654,53.75579997780733,0.6102999977883883,0.0014999968698248267,2.93470000178786,0.3389999983482994,2.0512999981292523,1.6895000007934868,16,0,1,15,capitalization_sentence_start|punctuation_delete_replace,dictionary
328,test,132,15,59.24860000232002,52.811499997915234,46.48950000409968,0.5208999937167391,0.0016999983927235007,2.38800000079209,0.33180000173160806,2.0524999999906868,1.6561000011279248,16,0,1,15,capitalization_sentence_start|punctuation_delete_replace,dictionary
329,test,125,15,58.97959999856539,52.38190000090981,46.384599976590835,0.505900003190618,0.001400003384333104,2.5045000002137385,0.4067999980179593,2.058299993223045,1.6197000004467554,16,0,1,15,capitalization_sentence_start|punctuation_delete_replace,dictionary
330,test,121,15,58.88319999939995,52.65769999823533,46.7317000075127,0.48860000242711976,0.0015999976312741637,2.270499993755948,0.3426999974180944,2.040400002442766,1.5593999924021773,16,0,1,15,capitalization_sentence_start|punctuation_delete_replace,dictionary
331,test,122,15,58.94350000016857,52.67129999992903,46.63569998956518,0.4929000060656108,0.0013999961083754897,2.3283000045921654,0.32249999640043825,2.0473999975365587,1.5649999913875945,16,0,1,15,capitalization_sentence_start|punctuation_delete_replace,dictionary
332,test,129,16,60.13640000310261,53.26190000050701,46.82860000320943,0.517000000400003,0.0014999968698248267,2.6556999946478754,0.43139999615959823,2.052600000752136,1.7258999941986986,16,0,1,16,capitalization_sentence_start|punctuation_delete_replace,dictionary
333,test,125,15,59.26160000672098,52.74699999426957,46.43640000722371,0.48830000014277175,0.001400003384333104,2.4868000036804006,0.31830000079935417,2.049599999736529,1.6508999979123473,16,0,1,15,capitalization_sentence_start|punctuation_delete_replace,dictionary
334,test,121,15,58.99869999848306,52.491200003714766,46.484000005875714,0.48860000242711976,0.0014999968698248267,2.404200000455603,0.3341999981785193,2.0523999992292374,1.7071999973268248,16,0,1,15,capitalization_sentence_start|punctuation_delete_replace,dictionary
335,test,123,15,69.34629999886965,62.92700000631157,56.94870000297669,0.508699995407369,0.0013000026228837669,2.451899999869056,0.3221000006305985,2.0282999976188876,1.6084000017144717,16,0,1,15,capitalization_sentence_start|punctuation_delete_replace,dictionary
336,test,128,15,58.39940000441857,52.07360000349581,46.30859999451786,0.4788999940501526,0.0012999953469261527,2.321799998753704,0.33350000012433156,2.018700004555285,1.6439000028185546,16,0,1,15,capitalization_sentence_start|punctuation_delete_replace,dictionary
337,test,127,15,58.55929999961518,52.25360000622459,46.36020000179997,0.48940000124275684,0.0012000018614344299,2.329700000700541,0.3082000039285049,2.014899997448083,1.6441999905509874,16,0,1,15,capitalization_sentence_start|punctuation_delete_replace,dictionary
338,test,129,16,59.25389999902109,52.58979999780422,46.25379999924917,0.5130999998073094,0.0013000026228837669,2.61540000064997,0.33650000113993883,2.030600000580307,1.6724000015528873,16,0,1,16,capitalization_sentence_start|punctuation_delete_replace,dictionary
339,test,121,15,58.639300004870165,52.34570000175154,46.47270000714343,0.4859000036958605,0.0012999953469261527,2.422999998088926,0.32110000029206276,1.9822000031126663,1.557400006277021,16,0,1,15,capitalization_sentence_start|punctuation_delete_replace,dictionary
340,test,123,15,59.10389999917243,52.615300002798904,46.53419999522157,0.5171000011614524,0.0012999953469261527,2.424400001473259,0.41110000165645033,2.0665000047301874,1.5774000057717785,16,0,1,15,capitalization_sentence_start|punctuation_delete_replace,dictionary
341,test,134,16,59.413700000732206,52.78289999841945,46.478099990054034,0.5204000044614077,0.0015999976312741637,2.5161000012303703,0.327600006130524,2.073800002108328,1.7034999982570298,16,0,1,16,capitalization_sentence_start|punctuation_delete_replace,dictionary
342,test,121,15,59.30809999699704,52.73959999612998,46.64849999244325,0.487299999804236,0.001600004907231778,2.4329000007128343,0.33180000173160806,2.0833999951719306,1.7105999941122718,16,0,1,15,capitalization_sentence_start|punctuation_delete_replace,dictionary
343,test,131,15,59.37940000148956,53.01240000699181,46.981300016341265,0.5275000003166497,0.001500004145782441,2.3567000025650486,0.3485999986878596,2.022100001340732,1.630900012969505,16,0,1,15,capitalization_sentence_start|punctuation_delete_replace,dictionary
344,test,133,16,59.39520000538323,52.741499996045604,46.490700013237074,0.49679999938234687,0.0014999968698248267,2.5674999997136183,0.33969999640248716,1.9429999956628308,1.7955000002984889,16,0,1,16,capitalization_sentence_start|punctuation_delete_replace,dictionary
345,test,126,15,60.140299996419344,53.631499999028165,47.0344999775989,0.4827999946428463,0.0012000018614344299,2.6265999986208044,0.2992000008816831,2.0043000040459447,1.570799999171868,16,0,1,15,capitalization_sentence_start|punctuation_delete_replace,dictionary
346,test,119,15,59.522300005482975,53.19269999745302,46.576699991419446,0.48070000048028305,0.001400003384333104,2.431499997328501,0.319799997669179,1.9998999996460043,1.5686999904573895,16,0,1,15,capitalization_sentence_start|punctuation_delete_replace,dictionary
347,test,124,15,58.361399998830166,52.26919999404345,46.16480001277523,0.45870000030845404,0.0012000018614344299,2.2753999946871772,0.31799999851500615,1.9541000001481734,1.5375000002677552,16,0,1,15,capitalization_sentence_start|punctuation_delete_replace,dictionary
348,test,131,15,58.92879999737488,52.347999997437,46.37419999926351,0.4830999969271943,0.0013000026228837669,2.4707999982638285,0.4117999997106381,1.9929000045522116,1.6976000042632222,16,0,1,15,capitalization_sentence_start|punctuation_delete_replace,dictionary
349,test,126,15,58.33659999916563,52.12279999977909,46.30160000670003,0.47649999760324135,0.0013000026228837669,2.3148000036599115,0.31409999792231247,1.9871000040438958,1.5902000086498447,16,0,1,15,capitalization_sentence_start|punctuation_delete_replace,dictionary
350,test,124,15,58.83439999888651,52.549699998053256,46.75840000709286,0.47340000310214236,0.0012000018614344299,2.3077999940142035,0.3193000011378899,1.9787999990512617,1.670800003921613,16,0,1,15,capitalization_sentence_start|punctuation_delete_replace,dictionary
351,test,125,15,59.1299000006984,52.733700002136175,46.63779999827966,0.4920999999740161,0.0011000010999850929,2.4486000038450584,0.31350000062957406,1.9885000001522712,1.6368000069633126,16,0,1,15,capitalization_sentence_start|punctuation_delete_replace,dictionary
352,test,124,15,58.5339000026579,52.189000001817476,46.27170000458136,0.49709999439073727,0.001600004907231778,2.317799997399561,0.3316000002087094,2.060300001176074,1.626199999009259,16,0,1,15,capitalization_sentence_start|punctuation_delete_replace,dictionary
353,test,132,17,59.496000001672655,52.907899997080676,46.397899990552105,0.5063999997219071,0.0013000026228837669,2.5194000045303255,0.34530000266386196,2.028700000664685,1.6868000020622276,16,0,1,17,capitalization_sentence_start|punctuation_delete_replace,dictionary
354,test,125,15,59.00090000068303,52.602700001443736,46.62390002340544,0.47980000090319663,0.0013000026228837669,2.3973999996087514,0.34669999877223745,2.028399998380337,1.6171999959624372,16,0,1,15,capitalization_sentence_start|punctuation_delete_replace,dictionary
355,test,123,15,58.37189999874681,52.14710000291234,46.20569999678992,0.4600000029313378,0.0012999953469261527,2.405600003839936,0.30669999978272244,1.941800001077354,1.5633000002708286,16,0,1,15,capitalization_sentence_start|punctuation_delete_replace,dictionary
356,test,131,15,58.47870000434341,52.0600999952876,46.183100013877265,0.4773999971803278,0.0012000018614344299,2.3531999977421947,0.39819999801693484,1.9772000014199875,1.6821000026538968,16,0,1,15,capitalization_sentence_start|punctuation_delete_replace,dictionary
357,test,123,15,58.73280000378145,52.49339999863878,46.38680000061868,0.4847000018344261,0.001600004907231778,2.2869000022183172,0.36610000097425655,2.0347000026958995,1.5426000027218834,16,0,1,15,capitalization_sentence_start|punctuation_delete_replace,dictionary
358,test,122,15,58.95450000389246,52.593499996874016,46.318099994095974,0.46930000098655,0.001500004145782441,2.4076999980024993,0.33519999851705506,2.0593000008375384,1.5514999977312982,16,0,1,15,capitalization_sentence_start|punctuation_delete_replace,dictionary
359,test,125,15,58.644999997341074,52.52920000202721,46.3811999943573,0.47849999828031287,0.0012999953469261527,2.2939999980735593,0.3060999952140264,1.9762000010814518,1.5313999974750914,16,0,1,15,capitalization_sentence_start|punctuation_delete_replace,dictionary
360,test,123,15,59.02440000500064,52.62930000026245,46.73089999414515,0.4851000048802234,0.001400003384333104,2.452500004437752,0.3295999995316379,2.0054000051459298,1.5984000056050718,16,0,1,15,capitalization_sentence_start|punctuation_delete_replace,dictionary
361,test,125,15,58.76249999710126,52.394600003026426,46.41210001136642,0.49920000310521573,0.0013000026228837669,2.444699995976407,0.3122000052826479,1.989500000490807,1.611700005014427,16,0,1,15,capitalization_sentence_start|punctuation_delete_replace,dictionary
362,test,127,15,58.51460000121733,52.281199998105876,46.23659999197116,0.47590000031050295,0.0014999968698248267,2.318600003491156,0.34410000080242753,1.963199996680487,1.599899995198939,16,0,1,15,capitalization_sentence_start|punctuation_delete_replace,dictionary
363,test,122,15,58.595500006049406,52.36750000040047,46.399000006204005,0.47310000081779435,0.0012000018614344299,2.3957999947015196,0.30140000308165327,1.9724999947356991,1.5497999993385747,16,0,1,15,capitalization_sentence_start|punctuation_delete_replace,dictionary
364,test,126,16,59.89469999622088,53.15689999406459,46.77400000218768,0.5205999987083487,0.001400003384333104,2.58429999666987,0.4092999952263199,2.0634999964386225,1.6714000012143515,16,0,1,16,capitalization_sentence_start|punctuation_delete_replace,dictionary
365,test,128,15,59.05039999925066,52.62809999840101,46.675899997353554,0.49679999938234687,0.0014999968698248267,2.3731000037514605,0.334399999701418,2.0387000040500425,1.6662999987602234,16,0,1,15,capitalization_sentence_start|punctuation_delete_replace,dictionary
366,test,130,15,59.30819999775849,52.80230000062147,46.71020000387216,0.4971000016666949,0.001500004145782441,2.498000001651235,0.3468000068096444,2.020500003709458,1.6313000014633872,16,0,1,15,capitalization_sentence_start|punctuation_delete_replace,dictionary
367,test,131,16,59.37390000326559,52.63669999840204,46.388899980229326,0.49030000081984326,0.0012999953469261527,2.6104999997187406,0.41290000081062317,1.9907999958377331,1.7147000035038218,16,0,1,16,capitalization_sentence_start|punctuation_delete_replace,dictionary
368,test,123,15,58.32620000001043,52.125199996226,46.34559999976773,0.48580000293441117,0.0013000026228837669,2.2943000003579073,0.3264999977545813,2.002799999900162,1.5686000042478554,16,0,1,15,capitalization_sentence_start|punctuation_delete_replace,dictionary
369,test,125,15,58.72419999650447,52.239900003769435,46.242100004747044,0.4896000027656555,0.0012000018614344299,2.4399999965680763,0.3148000032524578,2.053200005320832,1.6677000021445565,16,0,1,15,capitalization_sentence_start|punctuation_delete_replace,dictionary
370,test,126,15,58.2730999958585,51.935600000433624,46.14270001184195,0.4856000014115125,0.0012999953469261527,2.2912999993423,0.42180000309599563,2.015999998548068,1.6001000039977953,16,0,1,15,capitalization_sentence_start|punctuation_delete_replace,dictionary
371,test,125,15,58.33409999468131,51.97430000407621,46.047099989664275,0.4771999956574291,0.0011999945854768157,2.5575000036042184,0.3074000051128678,1.9305000023450702,1.556300005177036,16,0,1,15,capitalization_sentence_start|punctuation_delete_replace,dictionary
372,test,128,15,58.253099996363744,51.98260000179289,46.22820000076899,0.4838999957428314,0.0015999976312741637,2.318600003491156,0.36099999852012843,2.007000002777204,1.5727999998489395,16,0,1,15,capitalization_sentence_start|punctuation_delete_replace,dictionary
373,test,130,15,58.84749999677297,52.30419999861624,46.20530000102008,0.491300001158379,0.0013000026228837669,2.352999996219296,0.40409999928670004,2.148399995348882,1.6294999950332567,16,0,1,15,capitalization_sentence_start|punctuation_delete_replace,dictionary
374,test,132,15,59.86509999638656,53.362600003310945,47.40809998475015,0.4988000000594184,0.001400003384333104,2.5327999974251725,0.34920000325655565,1.9354999967617914,1.6762999948696233,16,0,1,15,capitalization_sentence_start|punctuation_delete_replace,dictionary
375,test,132,15,58.90870000439463,52.467300003627315,46.534700006304774,0.5371000006562099,0.0012999953469261527,2.39240000519203,0.3158000035909936,2.0504999993136153,1.6739999919082038,16,0,1,15,capitalization_sentence_start|punctuation_delete_replace,dictionary
376,test,125,15,59.5093999945675,52.73820000002161,46.70269998314325,0.5167999988771044,0.001400003384333104,2.5390999944647774,0.4226000019116327,2.028099996095989,1.77159999293508,16,0,1,15,capitalization_sentence_start|punctuation_delete_replace,dictionary
377,test,121,15,59.44230000022799,53.00969999370864,46.9952000057674,0.4991999958292581,0.001600004907231778,2.318799997738097,0.465600001916755,2.067599998554215,1.5710000006947666,16,0,1,15,capitalization_sentence_start|punctuation_delete_replace,dictionary
378,test,122,15,59.51179999829037,53.24370000016643,46.854599997459445,0.498500005051028,0.0014999968698248267,2.33499999740161,0.3269000008003786,2.040899998974055,1.55570000060834,16,0,1,15,capitalization_sentence_start|punctuation_delete_replace,dictionary
379,test,129,16,61.24699999782024,53.820100001757964,47.36160000175005,0.5047000013291836,0.001400003384333104,2.6378000038675964,0.9964999990188517,2.07090000185417,1.7124000005424023,16,0,1,16,capitalization_sentence_start|punctuation_delete_replace,dictionary
380,test,125,15,58.489700000791345,52.097599997068755,46.09499999060063,0.4789000013261102,0.001600004907231778,2.43909999699099,0.32529999589314684,2.002600005653221,1.6171000024769455,16,0,1,15,capitalization_sentence_start|punctuation_delete_replace,dictionary
381,test,121,15,58.288799998990726,51.926000000094064,46.04090000066208,0.47839999751886353,0.0013000026228837669,2.399700002570171,0.31399999716086313,2.0434000034583732,1.596699992660433,16,0,1,15,capitalization_sentence_start|punctuation_delete_replace,dictionary
382,test,123,15,58.88730000151554,52.36719999811612,46.405800014326815,0.5024999991292134,0.001400003384333104,2.457200003846083,0.41340000461786985,2.03200000396464,1.608500002475921,16,0,1,15,capitalization_sentence_start|punctuation_delete_replace,dictionary
383,test,128,15,58.487200003582984,52.155299999867566,46.29840000416152,0.48719999904278666,0.0013999961083754897,2.368099994782824,0.31850000232225284,2.009299998462666,1.6276999886031263,16,0,1,15,capitalization_sentence_start|punctuation_delete_replace,dictionary
384,test,127,15,58.77300000429386,52.19149999902584,46.1974000063492,0.549600001249928,0.0014999968698248267,2.319000006536953,0.3252000024076551,2.0031000021845102,1.9254000071668997,16,0,1,15,capitalization_sentence_start|punctuation_delete_replace,dictionary
385,test,129,16,61.743600002955645,54.74479999975301,48.21189998619957,0.5566000036196783,0.001400003384333104,2.6598000040394254,0.4661999992094934,2.1701000005123205,1.6916999957174994,16,0,1,16,capitalization_sentence_start|punctuation_delete_replace,dictionary
386,test,121,15,58.73979999887524,52.443699998548254,46.266299999842886,0.4790999955730513,0.0012999953469261527,2.4311000015586615,0.3234000032534823,1.9870999967679381,1.5453999949386343,16,0,1,15,capitalization_sentence_start|punctuation_delete_replace,dictionary
387,test,123,15,58.14219999592751,51.93190000136383,46.1269999796059,0.4805999997188337,0.001400003384333104,2.371599999605678,0.31659999513067305,1.9589000003179535,1.5559000021312386,16,0,1,15,capitalization_sentence_start|punctuation_delete_replace,dictionary
388,test,134,16,58.77429999964079,52.206100001058076,46.082499997282866,0.4915999961667694,0.0012999953469261527,2.486700002918951,0.4048999981023371,1.9648000015877187,1.7036999997799285,16,0,1,16,capitalization_sentence_start|punctuation_delete_replace,dictionary
389,test,121,15,58.19049999990966,51.93850000068778,46.048500000324566,0.4780000017490238,0.001500004145782441,2.39020000299206,0.29940000240458176,2.009399999224115,1.5446999968844466,16,0,1,15,capitalization_sentence_start|punctuation_delete_replace,dictionary
390,test,131,15,58.82009999913862,52.24879999877885,46.39019998285221,0.5175999976927415,0.0013999961083754897,2.416700001049321,0.3549999964889139,2.0806000029551797,1.7092999987653457,16,0,1,15,capitalization_sentence_start|punctuation_delete_replace,dictionary
391,test,133,16,59.417399999802,52.573799999663606,46.31489998428151,0.505299998621922,0.0014999968698248267,2.6276999997207895,0.4485000026761554,1.9705000013345852,1.7892999967443757,16,0,1,16,capitalization_sentence_start|punctuation_delete_replace,dictionary
392,test,126,15,58.145900002273265,51.979599993501324,46.246700003393926,0.47530000301776454,0.0013999961083754897,2.3168999978224747,0.3338999958941713,1.9568000061553903,1.5504999973927625,16,0,1,15,capitalization_sentence_start|punctuation_delete_replace,dictionary
393,test,119,15,58.47820000053616,52.16610000206856,46.177099997294135,0.4842999987886287,0.0011000010999850929,2.4048999985097907,0.3028999999514781,2.016800004639663,1.578300005348865,16,0,1,15,capitalization_sentence_start|punctuation_delete_replace,dictionary
394,test,124,15,59.26100000215229,53.068099994561635,47.370100022817496,0.4633999997167848,0.001500004145782441,2.261599998746533,0.42050000047311187,1.9581999949878082,1.5444000018760562,16,0,1,15,capitalization_sentence_start|punctuation_delete_replace,dictionary
395,test,131,15,58.41179999697488,51.98000000382308,46.18460000347113,0.47050000284798443,0.0013000026228837669,2.50170000072103,0.31320000562118366,1.9447000013315119,1.6643000053591095,16,0,1,15,capitalization_sentence_start|punctuation_delete_replace,dictionary
396,test,126,15,57.76190000324277,51.59709999861661,45.93760001444025,0.4808000012417324,0.0012000018614344299,2.3132000060286373,0.32110000029206276,1.9305000023450702,1.5925000043353066,16,0,1,15,capitalization_sentence_start|punctuation_delete_replace,dictionary
397,test,124,15,58.100000002013985,51.95010000170441,46.31310000695521,0.46129999827826396,0.0012000018614344299,2.282299996295478,0.3819999983534217,1.937799999723211,1.5407000028062612,16,0,1,15,capitalization_sentence_start|punctuation_delete_replace,dictionary
398,test,125,15,58.090400001674425,51.78359999990789,46.01680001360364,0.46300000394694507,0.0010999938240274787,2.40499999927124,0.3113999991910532,1.982599998882506,1.600000003236346,16,0,1,15,capitalization_sentence_start|punctuation_delete_replace,dictionary
399,test,124,15,58.13740000303369,51.960799995868,46.04689998086542,0.4927000045427121,0.0011999945854768157,2.3006999981589615,0.3028999999514781,1.97719999414403,1.5878999984124675,16,0,1,15,capitalization_sentence_start|punctuation_delete_replace,dictionary
400,test,132,17,59.52439999964554,52.82489999808604,46.44439999538008,0.5144000024301931,0.0013000026228837669,2.53800000064075,0.4465000019990839,2.005399997869972,1.7007999995257705,16,0,1,17,capitalization_sentence_start|punctuation_delete_replace,dictionary
401,test,125,15,58.31919999764068,51.93139999755658,46.092399999906775,0.473000000056345,0.0012999953469261527,2.4566000065533444,0.3071999963140115,1.9891000047209673,1.6269000043394044,16,0,1,15,capitalization_sentence_start|punctuation_delete_replace,dictionary
402,test,123,15,58.42159999883734,52.11960000451654,46.04980003205128,0.4675999953178689,0.0014999968698248267,2.417200004856568,0.3249000001233071,1.9769999998970889,1.574800000526011,16,0,1,15,capitalization_sentence_start|punctuation_delete_replace,dictionary
403,test,131,15,58.21250000008149,51.82000000058906,46.093700009805616,0.49389999912818894,0.0011000010999850929,2.3492000036640093,0.4014000005554408,1.9738999981200323,1.6608000005362555,16,0,1,15,capitalization_sentence_start|punctuation_delete_replace,dictionary
404,test,123,15,58.017999996081926,51.89850000169827,46.10120002325857,0.4673999937949702,0.0013000026228837669,2.2790000002714805,0.3243000028305687,1.9690999979502521,1.5389000036520883,16,0,1,15,capitalization_sentence_start|punctuation_delete_replace,dictionary
405,test,122,15,58.448600000701845,52.14459999842802,46.255099987320136,0.47479999921051785,0.0012000018614344299,2.4303000027430244,0.29550000181188807,2.0091000042157248,1.5584000066155568,16,0,1,15,capitalization_sentence_start|punctuation_delete_replace,dictionary
406,test,125,15,58.96129999746336,52.62349999975413,46.32290000154171,0.4878999970969744,0.001400003384333104,2.3325000001932494,0.40639999497216195,2.0266999999876134,1.5628999972250313,16,0,1,15,capitalization_sentence_start|punctuation_delete_replace,dictionary
407,test,123,15,59.2192000040086,52.89929999707965,46.522399999958,0.48129999777302146,0.0012999953469261527,2.4187000017263927,0.3171999996993691,1.9982999947387725,1.5771999969729222,16,0,1,15,capitalization_sentence_start|punctuation_delete_replace,dictionary
408,test,125,15,59.880699998757336,53.328800000599585,46.7142000052263,0.6243000025278889,0.001500004145782441,2.4749999938649125,0.3268000000389293,2.0293999987188727,1.7115999944508076,16,0,1,15,capitalization_sentence_start|punctuation_delete_replace,dictionary
409,test,127,15,59.43459999980405,53.04230000183452,46.470699991914444,0.5213999975239858,0.0018999999156221747,2.334000004339032,0.4122000027564354,2.041200001258403,1.5958000003593042,16,0,1,15,capitalization_sentence_start|punctuation_delete_replace,dictionary
410,test,122,15,58.90880000515608,52.55870000110008,46.15750000812113,0.48999999853549525,0.0013000026228837669,2.4747000061324798,0.32530000316910446,1.9857000006595626,1.555399998323992,16,0,1,15,capitalization_sentence_start|punctuation_delete_replace,dictionary
411,test,126,16,60.357200003636535,53.587900001730304,46.48649999580812,0.5209000009926967,0.001500004145782441,2.6580999983707443,0.4036999962409027,2.022900000156369,1.6751000002841465,16,0,1,16,capitalization_sentence_start|punctuation_delete_replace,dictionary
412,test,128,15,59.810700004163664,53.35700000432553,46.5978000065661,0.5104000010760501,0.001600004907231778,2.410100001725368,0.3432000012253411,2.037000005657319,1.6544000027352013,16,0,1,15,capitalization_sentence_start|punctuation_delete_replace,dictionary
413,test,130,15,60.66939999436727,54.13109999790322,47.57310000422876,0.5080999981146306,0.0012999953469261527,2.5421000027563423,0.32140000257641077,2.019699997617863,1.6460000042570755,16,0,1,15,capitalization_sentence_start|punctuation_delete_replace,dictionary
414,test,131,16,59.72040000051493,53.01080000208458,46.385700021346565,0.5040000032749958,0.0013999961083754897,2.64210000023013,0.3333999993628822,2.003300003707409,1.7221000016434118,16,0,1,16,capitalization_sentence_start|punctuation_delete_replace,dictionary
415,test,123,15,59.3111999987741,53.02809999557212,46.36590000882279,0.5137999978614971,0.0012000018614344299,2.30089999968186,0.33659999462543055,1.9751999934669584,1.661700000113342,16,0,1,15,capitalization_sentence_start|punctuation_delete_replace,dictionary
416,test,125,15,59.22179999470245,52.69219999900088,46.33409999223659,0.4920000064885244,0.001400003384333104,2.5236000001314096,0.3294000052846968,2.0087000011699274,1.658799999859184,16,0,1,15,capitalization_sentence_start|punctuation_delete_replace,dictionary
417,test,126,15,58.89269999897806,52.60430000635097,46.31620000145631,0.49500000022817403,0.001400003384333104,2.3431000008713454,0.3188999980920926,2.0284999991417862,1.5892000010353513,16,0,1,15,capitalization_sentence_start|punctuation_delete_replace,dictionary
418,test,125,15,59.45719999726862,52.88670000300044,46.43159998522606,0.49279999802820385,0.001400003384333104,2.532999998948071,0.40889999945648015,2.03719999990426,1.5826000017113984,16,0,1,15,capitalization_sentence_start|punctuation_delete_replace,dictionary
419,test,128,15,59.16889999934938,52.847899998596404,46.47929999191547,0.49559999752091244,0.001400003384333104,2.358899997489061,0.32500000088475645,2.033000004303176,1.594800007296726,16,0,1,15,capitalization_sentence_start|punctuation_delete_replace,dictionary
420,test,130,15,59.81249999604188,53.41190000035567,46.887200012861285,0.6286999996518716,0.001400003384333104,2.406300001894124,0.3335999936098233,2.037399994151201,1.6147999922395684,16,0,1,15,capitalization_sentence_start|punctuation_delete_replace,dictionary
421,test,132,15,59.919699997408316,53.28340000414755,46.55159999674652,0.5107999968458898,0.001400003384333104,2.5384000036865473,0.3148000032524578,2.0868999999947846,1.687200005108025,16,0,1,15,capitalization_sentence_start|punctuation_delete_replace,dictionary
422,test,132,15,59.10289999883389,52.622299997892696,46.407699992414564,0.5103000003146008,0.0012999953469261527,2.3580000051879324,0.33490000350866467,2.003800000238698,1.77570000232663,16,0,1,15,capitalization_sentence_start|punctuation_delete_replace,dictionary
423,test,125,15,59.38140000216663,52.94490000233054,46.62590000225464,0.4833999992115423,0.0012999953469261527,2.448500003083609,0.3597000031732023,2.015199999732431,1.6053000072133727,16,0,1,15,capitalization_sentence_start|punctuation_delete_replace,dictionary
424,test,121,15,58.57000000105472,52.40819999744417,46.24510000576265,0.4797000001417473,0.0012999953469261527,2.2606999991694465,0.32270000519929454,2.013700002862606,1.5562000044155866,16,0,1,15,capitalization_sentence_start|punctuation_delete_replace,dictionary
425,test,122,15,59.12979999993695,52.85670000012033,46.59660001198063,0.48519999836571515,0.0014999968698248267,2.3058000006130897,0.38440000207629055,2.035299999988638,1.538500000606291,16,0,1,15,capitalization_sentence_start|punctuation_delete_replace,dictionary
426,test,129,16,59.60650000633905,52.915000000211876,46.18729998037452,0.5020000025979243,0.0013000026228837669,2.632200004882179,0.3359000038472004,2.004900001338683,1.709899996058084,16,0,1,16,capitalization_sentence_start|punctuation_delete_replace,dictionary
427,test,125,15,59.4340999959968,52.870099993015174,46.41420001280494,0.6042999957571737,0.0013000026228837669,2.5674999997136183,0.3110999969067052,2.0315000001573935,1.6456000012112781,16,0,1,15,capitalization_sentence_start|punctuation_delete_replace,dictionary
428,test,121,15,60.8116000003065,52.72920000425074,46.09869998967042,0.49559999752091244,0.0013000026228837669,2.5727000029291958,0.32310000096913427,2.594800003862474,2.5811000014073215,16,0,1,15,capitalization_sentence_start|punctuation_delete_replace,dictionary
429,test,123,15,60.61119999503717,54.054699998232536,46.82619998493465,0.4976999989594333,0.0016999983927235007,2.4164999995264225,0.4186999940429814,2.123499994922895,1.5888999987510033,16,0,1,15,capitalization_sentence_start|punctuation_delete_replace,dictionary
430,test,128,15,101.38219999498688,89.56360000593122,82.66819999698782,0.8420000012847595,0.0013999961083754897,4.049400005897041,0.338700003339909,3.8428999978350475,3.5744999986491166,16,0,1,15,capitalization_sentence_start|punctuation_delete_replace,dictionary
431,test,127,15,76.64890000160085,70.02880000072764,59.76240000745747,0.5053999993833713,0.001600004907231778,2.369800000451505,0.44319999869912863,2.092100003210362,1.7056000069715083,16,0,1,15,capitalization_sentence_start|punctuation_delete_replace,dictionary
432,test,129,16,60.48539999756031,53.71459999878425,46.89080001844559,0.49959999887505546,0.0013999961083754897,2.6078000009874813,0.4245999953127466,2.0377000037115067,1.6919000045163557,16,0,1,16,capitalization_sentence_start|punctuation_delete_replace,dictionary
433,test,121,15,59.820000002218876,53.256000006513204,47.08009998284979,0.49649999709799886,0.0013000026228837669,2.437100003589876,0.4989000008208677,2.0447999995667487,1.5741000024718232,16,0,1,15,capitalization_sentence_start|punctuation_delete_replace,dictionary
434,test,123,15,59.62020000151824,53.19939999753842,46.965600005933084,0.5068000027677044,0.001600004907231778,2.433299996482674,0.334399999701418,2.055000004475005,1.5896000040811487,16,0,1,15,capitalization_sentence_start|punctuation_delete_replace,dictionary
435,test,134,16,60.53309999697376,53.943500002787914,46.905399991374,0.5194000041228719,0.001400003384333104,2.4843999999575317,0.33010000333888456,2.0432999954209663,1.7235999985132366,16,0,1,16,capitalization_sentence_start|punctuation_delete_replace,dictionary
436,test,121,15,59.10570000560256,52.78810000163503,46.52130000613397,0.47950000589480624,0.0013999961083754897,2.375600000959821,0.32890000147745013,2.0559000040520914,1.5490000005229376,16,0,1,15,capitalization_sentence_start|punctuation_delete_replace,dictionary
437,test,131,15,58.60170000232756,52.35339999489952,46.35530000086874,0.4884000009042211,0.001400003384333104,2.3140000048442744,0.3104999996139668,1.9948000044678338,1.6217000083997846,16,0,1,15,capitalization_sentence_start|punctuation_delete_replace,dictionary
438,test,133,16,59.854599996469915,52.96209999505663,46.55199999251636,0.5081999988760799,0.0013000026228837669,2.5896000006468967,0.32470000587636605,2.133200003299862,1.836900002672337,16,0,1,16,capitalization_sentence_start|punctuation_delete_replace,dictionary
439,test,126,15,58.64389999624109,52.4137000029441,46.434500014584046,0.4756999987876043,0.0013999961083754897,2.3392000002786517,0.31060000037541613,2.0141999993938953,1.5582999985781498,16,0,1,15,capitalization_sentence_start|punctuation_delete_replace,dictionary
440,test,119,15,60.577999996894505,53.54340000485536,46.74939999677008,0.4884000009042211,0.001600004907231778,2.4343000040971674,0.32780000037746504,2.0368000041344203,2.2264000072027557,16,0,1,15,capitalization_sentence_start|punctuation_delete_replace,dictionary
441,test,124,15,59.50039999879664,53.14329999964684,47.00030000822153,0.5077000023447908,0.0013000026228837669,2.329300004930701,0.3623999946285039,2.074500000162516,1.5818000028957613,16,0,1,15,capitalization_sentence_start|punctuation_delete_replace,dictionary
442,test,131,15,59.48730000091018,52.951799996662885,46.63869998330483,0.5010999957448803,0.0016999983927235007,2.4836999946273863,0.33799999800976366,2.0517000011750497,1.6526999970665202,16,0,1,15,capitalization_sentence_start|punctuation_delete_replace,dictionary
443,test,126,15,59.20760000299197,52.88089999521617,46.76599997765152,0.5006999999750406,0.001400003384333104,2.3251000020536594,0.39259999903151765,1.9986000042990781,1.6018000023905188,16,0,1,15,capitalization_sentence_start|punctuation_delete_replace,dictionary
444,test,124,15,59.33329999970738,53.05719999887515,46.95140000694664,0.502099996083416,0.001400003384333104,2.335900004254654,0.3316000002087094,2.0432000019354746,1.556199997139629,16,0,1,15,capitalization_sentence_start|punctuation_delete_replace,dictionary
445,test,125,15,59.13480000162963,52.78970000654226,46.624599999631755,0.48329999845009297,0.001500004145782441,2.439700001559686,0.31579999631503597,1.9979999997303821,1.5834000005270354,16,0,1,15,capitalization_sentence_start|punctuation_delete_replace,dictionary
446,test,124,15,58.96290000237059,52.63620000187075,46.57440000300994,0.49310000031255186,0.0014999968698248267,2.327400005015079,0.3578999967430718,2.028399998380337,1.6045999946072698,16,0,1,15,capitalization_sentence_start|punctuation_delete_replace,dictionary
447,test,132,17,59.60649999906309,52.96300000190968,46.28709999087732,0.6064000044716522,0.001400003384333104,2.5154999966616742,0.3219999998691492,2.092999995511491,1.7058000012184493,16,0,1,17,capitalization_sentence_start|punctuation_delete_replace,dictionary
448,test,125,15,60.0925000035204,53.730200001155026,47.585699991032016,0.4771000021719374,0.0012000018614344299,2.4200000043492764,0.32929999724728987,1.9868999952450395,1.6180999955395237,16,0,1,15,capitalization_sentence_start|punctuation_delete_replace,dictionary
449,test,123,15,59.83430000196677,53.396600000269245,47.31359999277629,0.4673000003094785,0.0013999961083754897,2.4590999964857474,0.31010000384412706,2.085500003886409,1.5750000020489097,16,0,1,15,capitalization_sentence_start|punctuation_delete_replace,dictionary
450,test,131,15,60.371500003384426,54.06500000390224,47.99330000241753,0.5013000045437366,0.0012000018614344299,2.342200001294259,0.3212000010535121,1.9954000017605722,1.6389000011258759,16,0,1,15,capitalization_sentence_start|punctuation_delete_replace,dictionary
451,test,123,15,60.41030000051251,54.16059999697609,47.485100010817405,0.48800000513438135,0.0013000026228837669,2.3027999995974824,0.3084999989368953,1.994300000660587,1.6352000093320385,16,0,1,15,capitalization_sentence_start|punctuation_delete_replace,dictionary
452,test,122,15,60.58320000011008,54.2187000028207,47.94590001256438,0.4900999992969446,0.0013000026228837669,2.473599997756537,0.3268000000389293,2.0022999960929155,1.5519000007770956,16,0,1,15,capitalization_sentence_start|punctuation_delete_replace,dictionary
453,test,125,15,59.76599999848986,53.573299999698065,47.44729997764807,0.49510000098962337,0.0015999976312741637,2.297500002896413,0.31800000579096377,2.036899997619912,1.5313000039895996,16,0,1,15,capitalization_sentence_start|punctuation_delete_replace,dictionary
454,test,123,15,59.41989999701036,52.8238999977475,46.5842000048724,0.4880999986198731,0.001500004145782441,2.411299996310845,0.6119000026956201,1.9734000015887432,1.5896999975666404,16,0,1,15,capitalization_sentence_start|punctuation_delete_replace,dictionary
455,test,125,15,59.368199996242765,52.926900003512856,46.79440000472823,0.484200005303137,0.001400003384333104,2.444699995976407,0.32169999758480117,2.0252000031177886,1.6404000052716583,16,0,1,15,capitalization_sentence_start|punctuation_delete_replace,dictionary
456,test,127,15,60.148900003696326,53.57460000232095,47.399299997778144,0.5088000034447759,0.001700005668681115,2.389299996139016,0.3372999999555759,2.227199998742435,1.611100000445731,16,0,1,15,capitalization_sentence_start|punctuation_delete_replace,dictionary
457,test,122,15,59.205600002314895,52.893599997332785,46.67019999760669,0.48909999895840883,0.0014999968698248267,2.4263000013888814,0.31659999513067305,2.0106000010855496,1.5501999951084144,16,0,1,15,capitalization_sentence_start|punctuation_delete_replace,dictionary
458,test,126,16,62.93610000284389,56.07400000008056,48.7389000118128,0.5197999998927116,0.0017999991541728377,2.5867000003927387,0.3921999959857203,2.2221000035642646,1.6513000082341023,16,0,1,16,capitalization_sentence_start|punctuation_delete_replace,dictionary
459,test,128,15,59.66049999551615,53.2591000010143,47.134400010691024,0.504999996337574,0.0012000018614344299,2.3747000013827346,0.32550000469200313,2.05199999618344,1.6400999957113527,16,0,1,15,capitalization_sentence_start|punctuation_delete_replace,dictionary
460,test,130,15,60.520600003656,53.62479999894276,47.18719999073073,0.5084000003989786,0.001500004145782441,2.844599999662023,0.3577999959816225,2.0656999986385927,1.6178000005311333,16,0,1,15,capitalization_sentence_start|punctuation_delete_replace,dictionary
461,test,131,16,60.396100001526065,53.62070000410313,46.71999999845866,0.5136999971000478,0.001400003384333104,2.595399993879255,0.41739999869605526,2.065300002868753,1.6882999989320524,16,0,1,16,capitalization_sentence_start|punctuation_delete_replace,dictionary
462,test,123,15,58.90029999864055,52.664199996797834,46.600300003774464,0.4820000031031668,0.0020000006770715117,2.2855999995954335,0.33859999530250207,2.0564000005833805,1.5467000048374757,16,0,1,15,capitalization_sentence_start|punctuation_delete_replace,dictionary
463,test,125,15,59.481600001163315,53.014400000392925,46.86549999314593,0.4853999998886138,0.0013000026228837669,2.4339999945368618,0.30890000198269263,2.069000001938548,1.646900003834162,16,0,1,15,capitalization_sentence_start|punctuation_delete_replace,dictionary
464,test,126,15,59.375199998612516,53.10619999363553,47.102300013648346,0.4791000028490089,0.0013999961083754897,2.298999999766238,0.3357999958097935,2.0520000034593977,1.5739999944344163,16,0,1,15,capitalization_sentence_start|punctuation_delete_replace,dictionary
465,test,125,15,59.716699994169176,53.316700003051665,46.492699984810315,0.4789000013261102,0.0011000010999850929,2.4956000052043237,0.31489999673794955,2.024699999310542,1.5575999932480045,16,0,1,15,capitalization_sentence_start|punctuation_delete_replace,dictionary
466,test,128,15,59.54629999905592,53.23379999754252,46.65609999210574,0.4867000025114976,0.001400003384333104,2.3538000023108907,0.33540000003995374,2.012299999478273,1.6023000061977655,16,0,1,15,capitalization_sentence_start|punctuation_delete_replace,dictionary
467,test,130,15,59.653899996192195,53.27950000355486,46.45540001365589,0.4993999973521568,0.0013000026228837669,2.3694000046816655,0.32950000604614615,2.03200000396464,1.6357000058633275,16,0,1,15,capitalization_sentence_start|punctuation_delete_replace,dictionary
468,test,132,15,59.19239999639103,52.6698999965447,46.447799999441486,0.5036000002291985,0.0013000026228837669,2.4743000030866824,0.33069999335566536,2.015800004301127,1.6932000071392395,16,0,1,15,capitalization_sentence_start|punctuation_delete_replace,dictionary
469,test,132,15,59.21959999977844,52.68919999798527,46.62350000580773,0.5053999993833713,0.0014999968698248267,2.3465999984182417,0.3571999986888841,2.179499999328982,1.6385000053560361,16,0,1,15,capitalization_sentence_start|punctuation_delete_replace,dictionary
470,test,125,15,60.37169999763137,53.9474999968661,47.74769997311523,0.49030000081984326,0.0013999961083754897,2.4479999992763624,0.33540000003995374,2.009900003031362,1.6229000029852614,16,0,1,15,capitalization_sentence_start|punctuation_delete_replace,dictionary
471,test,121,15,59.28979999589501,53.021799998532515,46.4944999985164,0.48349999997299165,0.0013000026228837669,2.2881999975652434,0.30479999986710027,1.9907000023522414,1.6758999990997836,16,0,1,15,capitalization_sentence_start|punctuation_delete_replace,dictionary
472,test,122,15,58.838299999479204,52.66300000221236,46.58890000428073,0.48409999726573005,0.0013000026228837669,2.32020000112243,0.31939999462338164,2.015999998548068,1.5106999999261461,16,0,1,15,capitalization_sentence_start|punctuation_delete_replace,dictionary
473,test,129,16,59.95940000138944,53.23620000126539,46.73430000548251,0.5191000018385239,0.0011999945854768157,2.6408999983686954,0.3226999979233369,2.0300000032875687,1.7202999952132814,16,0,1,16,capitalization_sentence_start|punctuation_delete_replace,dictionary
474,test,125,15,59.332099997845944,52.83909999707248,46.690800023498014,0.4826000003959052,0.0012999953469261527,2.4300000004586764,0.44830000115325674,1.9949000052292831,1.6115000034915283,16,0,1,15,capitalization_sentence_start|punctuation_delete_replace,dictionary
475,test,121,15,59.474000001500826,53.18699999770615,46.49390001577558,0.47849999828031287,0.0013000026228837669,2.3886999988462776,0.31099999614525586,2.0003999961772934,1.5784999923198484,16,0,1,15,capitalization_sentence_start|punctuation_delete_replace,dictionary
476,test,123,15,59.40540000301553,52.98490000132006,46.67479998897761,0.5089000042062253,0.0013000026228837669,2.4517999991076067,0.3260000012232922,2.014599995163735,1.6187999935937114,16,0,1,15,capitalization_sentence_start|punctuation_delete_replace,dictionary
477,test,128,15,59.26670000189915,52.932300000975374,46.84449999331264,0.49759999819798395,0.0013000026228837669,2.3380999991786666,0.32839999767020345,2.0080000031157397,1.6509999986737967,16,0,1,15,capitalization_sentence_start|punctuation_delete_replace,dictionary
478,test,127,15,59.51229999482166,53.174100001342595,46.937599989178125,0.49819999549072236,0.0013999961083754897,2.3204000026453286,0.3378000037628226,2.040100000158418,1.6313000014633872,16,0,1,15,capitalization_sentence_start|punctuation_delete_replace,dictionary
479,test,129,16,59.60709999635583,53.035800003272016,46.50560001755366,0.4973999966750853,0.0012000018614344299,2.5986000036937185,0.31540000054519624,1.9849000018439256,1.6641999973217025,16,0,1,16,capitalization_sentence_start|punctuation_delete_replace,dictionary
480,test,121,15,59.30119999538874,52.89389999961713,46.677800004545134,0.4755000045406632,0.0012000018614344299,2.4047999977483414,0.3262999962316826,2.1271000005071983,1.5397999959532171,16,0,1,15,capitalization_sentence_start|punctuation_delete_replace,dictionary
481,test,123,15,60.34489999728976,54.018999995605554,47.82690000865841,0.5017000003135763,0.001400003384333104,2.399400000285823,0.31370000215247273,2.0355000015115365,1.5681000004406087,16,0,1,15,capitalization_sentence_start|punctuation_delete_replace,dictionary
482,test,134,16,59.84149999858346,53.25479999737581,46.79139999643667,0.5118999979458749,0.001400003384333104,2.523500006645918,0.3452000019024126,2.0334000000730157,1.675699997576885,16,0,1,16,capitalization_sentence_start|punctuation_delete_replace,dictionary
483,test,121,15,60.03720000444446,53.55820000113454,46.83930001920089,0.4870999982813373,0.0014999968698248267,2.43429999682121,0.39510000351583585,2.095999996527098,1.5443999946000986,16,0,1,15,capitalization_sentence_start|punctuation_delete_replace,dictionary
484,test,131,15,59.757600000011735,53.31119999755174,46.63509998499649,0.5067999954917468,0.0014999968698248267,2.4296999981743284,0.338099998771213,2.0564000005833805,1.6131999946082942,16,0,1,15,capitalization_sentence_start|punctuation_delete_replace,dictionary
485,test,133,16,61.05579999712063,54.17670000315411,47.07249999046326,0.5077000023447908,0.0013999961083754897,2.602299995487556,0.3991999983554706,2.0541999983834103,1.8147000009776093,16,0,1,16,capitalization_sentence_start|punctuation_delete_replace,dictionary
486,test,126,15,61.29939999664202,54.64650000067195,47.6092000171775,0.5726000017602928,0.0013000026228837669,2.672599999641534,0.3367000026628375,2.038799997535534,1.5956000061123632,16,0,1,15,capitalization_sentence_start|punctuation_delete_replace,dictionary
487,test,119,15,60.822299994470086,54.473500000312924,47.10950001026504,0.47480000648647547,0.0013000026228837669,2.4197000020649284,0.3189999988535419,2.0182000007480383,1.5838000035728328,16,0,1,15,capitalization_sentence_start|punctuation_delete_replace,dictionary
488,test,124,15,59.42540000251029,53.260600005160086,46.68539998237975,0.4819000023417175,0.0013000026228837669,2.260900000692345,0.3360999980941415,2.0099999965168536,1.5493999962927774,16,0,1,15,capitalization_sentence_start|punctuation_delete_replace,dictionary
489,test,131,15,61.422300001140684,54.8793999987538,47.875899996142834,0.4932000010740012,0.001400003384333104,2.5655000063125044,0.31939999462338164,1.971000005141832,1.6774999967310578,16,0,1,15,capitalization_sentence_start|punctuation_delete_replace,dictionary
490,test,126,15,59.54059999930905,53.2935000010184,46.61790000682231,0.49679999938234687,0.0013000026228837669,2.3340999978245236,0.320099999953527,1.9869999960064888,1.5972999899531715,16,0,1,15,capitalization_sentence_start|punctuation_delete_replace,dictionary
491,test,124,15,59.95750000147382,53.631599999789614,46.85880000033649,0.5724000002373941,0.0012999953469261527,2.3424999963026494,0.31630000012228265,2.090699999826029,1.5668999985791743,16,0,1,15,capitalization_sentence_start|punctuation_delete_replace,dictionary
492,test,125,15,61.78320000617532,54.976899999019224,47.17390000587329,0.5597999988822266,0.0016999983927235007,2.688300002773758,0.37600000359816477,2.1022000000812113,1.6285999954561703,16,0,1,15,capitalization_sentence_start|punctuation_delete_replace,dictionary
493,test,124,15,60.94499999744585,54.581500000495,47.21480001171585,0.5028000014135614,0.0016999983927235007,2.3612000004504807,0.3264999977545813,2.0281000033719465,1.6386999996029772,16,0,1,15,capitalization_sentence_start|punctuation_delete_replace,dictionary
494,test,132,17,62.060600001132116,55.0364999944577,47.650400003476534,0.5457000006572343,0.001400003384333104,2.605299996503163,0.35660000139614567,2.251600002637133,1.800900005036965,16,0,1,17,capitalization_sentence_start|punctuation_delete_replace,dictionary
495,test,125,15,61.3800999999512,54.79210000339663,47.711699990031775,0.5037000009906478,0.0015999976312741637,2.494499996828381,0.3412000005482696,2.0847999985562637,1.6577999922446907,16,0,1,15,capitalization_sentence_start|punctuation_delete_replace,dictionary
496,test,123,15,59.92269999842392,53.45669999951497,46.56880001857644,0.490999998874031,0.0017999991541728377,2.4341999960597605,0.35010000283364207,2.052299998467788,1.6203000050154515,16,0,1,15,capitalization_sentence_start|punctuation_delete_replace,dictionary
497,test,131,15,60.97389999922598,54.26710000028834,47.38979999820003,0.5278999960864894,0.0014999968698248267,2.5088999973377213,0.3397999971639365,2.0755000005010515,1.7732999986037612,16,0,1,15,capitalization_sentence_start|punctuation_delete_replace,dictionary
498,test,123,15,60.77250000089407,54.44279999937862,47.61889999645064,0.4826000003959052,0.0016999983927235007,2.3031000018818304,0.39459999970858917,1.9968000051449053,1.62570000247797,16,0,1,15,capitalization_sentence_start|punctuation_delete_replace,dictionary
499,test,122,15,61.68020000040997,54.90019999706419,47.202900001138914,0.5271999980323017,0.0015999976312741637,2.700500001083128,0.4138999938732013,2.0581999997375533,1.5971999964676797,16,0,1,15,capitalization_sentence_start|punctuation_delete_replace,dictionary
