rule_id,proposed_source,proposed_target,reason,candidate_count,matching_candidate_found,generated_candidate_rule_ids
address_comma,Мария уточни рабочий отчет. После встречи файл остался в архиве.,"Мария, уточни рабочий отчет. После встречи файл остался в архиве.",no_supported_edit,10,False,[]
address_comma,Мария уточни новый документ. Вечером руководитель принял правки.,"Мария, уточни новый документ. Вечером руководитель принял правки.",no_supported_edit,8,False,[]
address_comma,Мария уточни точный план. Затем отдел подготовил справку.,"Мария, уточни точный план. Затем отдел подготовил справку.",no_supported_edit,8,False,[]
address_comma,Мария уточни городской архив. Позже группа обсудила договор.,"Мария, уточни городской архив. Позже группа обсудила договор.",no_supported_edit,8,False,[]
address_comma,Мария уточни утренний выпуск. Утром автор исправил дату.,"Мария, уточни утренний выпуск. Утром автор исправил дату.",no_supported_edit,8,False,[]
address_comma,Мария уточни важный договор. После обеда автор открыл журнал.,"Мария, уточни важный договор. После обеда автор открыл журнал.",no_supported_edit,9,False,[]
address_comma,Мария уточни короткая заметка. Вечером эксперт уточнил маршрут.,"Мария, уточни короткая заметка. Вечером эксперт уточнил маршрут.",no_supported_edit,8,False,[]
address_comma,Мария уточни итоговая таблица. Затем комиссия открыла раздел.,"Мария, уточни итоговая таблица. Затем комиссия открыла раздел.",no_supported_edit,8,False,[]
address_comma,Мария уточни свежая сводка. Позже эксперт согласовал таблицу.,"Мария, уточни свежая сводка. Позже эксперт согласовал таблицу.",no_supported_edit,8,False,[]
address_comma,Мария уточни открытая заявка. Утром секретарь проверил папку.,"Мария, уточни открытая заявка. Утром секретарь проверил папку.",no_supported_edit,8,False,[]
address_comma,Мария уточни письменный ответ. После встречи эксперт закрыл заявку.,"Мария, уточни письменный ответ. После встречи эксперт закрыл заявку.",no_supported_edit,9,False,[]
address_comma,Мария уточни подробная справка. Вечером аналитик сверил письмо.,"Мария, уточни подробная справка. Вечером аналитик сверил письмо.",no_supported_edit,8,False,[]
address_comma,Мария уточни районная комиссия. Затем эксперт согласовал список.,"Мария, уточни районная комиссия. Затем эксперт согласовал список.",no_supported_edit,8,False,[]
address_comma,Мария уточни финальный список. Позже аналитик отправил сводку.,"Мария, уточни финальный список. Позже аналитик отправил сводку.",no_supported_edit,8,False,[]
address_comma,Мария уточни новая редакция. Утром эксперт обновил протокол.,"Мария, уточни новая редакция. Утром эксперт обновил протокол.",no_supported_edit,8,False,[]
address_comma,Мария уточни архивная запись. После встречи служба приняла справку.,"Мария, уточни архивная запись. После встречи служба приняла справку.",no_supported_edit,9,False,[]
address_comma,Мария уточни дежурный редактор. Утром комиссия вернулась к письму.,"Мария, уточни дежурный редактор. Утром комиссия вернулась к письму.",no_supported_edit,9,False,[]
address_comma,Мария уточни общий график. После проверки список закрыли.,"Мария, уточни общий график. После проверки список закрыли.",no_supported_edit,8,False,[]
address_comma,Мария уточни плановая встреча. Вечером архивариус нашел копию.,"Мария, уточни плановая встреча. Вечером архивариус нашел копию.",no_supported_edit,8,False,[]
address_comma,Мария уточни осенняя проверка. Затем редактор отправил файл.,"Мария, уточни осенняя проверка. Затем редактор отправил файл.",no_supported_edit,8,False,[]
address_comma,Мария уточни сводный отчет. Позже редакция открыла архив.,"Мария, уточни сводный отчет. Позже редакция открыла архив.",no_supported_edit,8,False,[]
address_comma,Мария уточни важная подпись. Утром редактор принял отчет.,"Мария, уточни важная подпись. Утром редактор принял отчет.",no_supported_edit,8,False,[]
address_comma,Мария уточни рабочая группа. После встречи редактор сохранил таблицу.,"Мария, уточни рабочая группа. После встречи редактор сохранил таблицу.",no_supported_edit,9,False,[]
address_comma,Мария уточни городская служба. Вечером координатор принял ответ.,"Мария, уточни городская служба. Вечером координатор принял ответ.",no_supported_edit,8,False,[]
address_comma,Мария уточни новый раздел. Затем служба закрыла вопрос.,"Мария, уточни новый раздел. Затем служба закрыла вопрос.",no_supported_edit,8,False,[]
address_comma,Мария уточни учебная таблица. Позже комиссия сохранила решение.,"Мария, уточни учебная таблица. Позже комиссия сохранила решение.",no_supported_edit,8,False,[]
address_comma,Мария уточни вечерний протокол. Утром редакция сверила выпуск.,"Мария, уточни вечерний протокол. Утром редакция сверила выпуск.",no_supported_edit,8,False,[]
address_comma,Мария уточни проверенный файл. После обеда координатор принял протокол.,"Мария, уточни проверенный файл. После обеда координатор принял протокол.",no_supported_edit,9,False,[]
address_comma,Мария уточни согласованный договор. Вечером отдел открыл папку.,"Мария, уточни согласованный договор. Вечером отдел открыл папку.",no_supported_edit,8,False,[]
address_comma,Мария уточни подготовленный список. Затем секретарь закрыл раздел.,"Мария, уточни подготовленный список. Затем секретарь закрыл раздел.",no_supported_edit,8,False,[]
address_comma,Мария уточни закрытая заявка. Позже автор проверил подпись.,"Мария, уточни закрытая заявка. Позже автор проверил подпись.",no_supported_edit,8,False,[]
address_comma,Мария уточни длинная запись. Утром аналитик проверил заявку.,"Мария, уточни длинная запись. Утром аналитик проверил заявку.",no_supported_edit,8,False,[]
address_comma,Мария уточни обновленный журнал. Позже редактор сохранил копию.,"Мария, уточни обновленный журнал. Позже редактор сохранил копию.",no_supported_edit,8,False,[]
address_comma,Мария уточни северный филиал. Утром секретарь открыл папку.,"Мария, уточни северный филиал. Утром секретарь открыл папку.",no_supported_edit,8,False,[]
address_comma,Мария уточни зимнее расписание. После совещания команда сверила сроки.,"Мария, уточни зимнее расписание. После совещания команда сверила сроки.",no_supported_edit,9,False,[]
address_comma,Мария уточни летняя проверка. Вечером автор проверил таблицу.,"Мария, уточни летняя проверка. Вечером автор проверил таблицу.",no_supported_edit,8,False,[]
address_comma,Мария уточни районный протокол. Затем эксперт сверил данные.,"Мария, уточни районный протокол. Затем эксперт сверил данные.",no_supported_edit,8,False,[]
address_comma,Мария уточни входящее письмо. Позже аналитик проверил договор.,"Мария, уточни входящее письмо. Позже аналитик проверил договор.",no_supported_edit,8,False,[]
address_comma,Мария уточни старый договор. Утром группа закрыла протокол.,"Мария, уточни старый договор. Утром группа закрыла протокол.",no_supported_edit,8,False,[]
address_comma,Мария уточни новая таблица. После проверки отдел обновил график.,"Мария, уточни новая таблица. После проверки отдел обновил график.",no_supported_edit,9,False,[]
asyndetic_dash,Солнце село стало холодно. Позже редактор сохранил копию.,Солнце село — стало холодно. Позже редактор сохранил копию.,no_supported_edit,10,False,"[""asyndetic_dash"", ""missing_hard_sign""]"
asyndetic_dash,Солнце село город затих. Утром комиссия вернулась к письму.,Солнце село — город затих. Утром комиссия вернулась к письму.,no_supported_edit,11,False,"[""asyndetic_dash"", ""missing_hard_sign""]"
asyndetic_dash,Солнце село встреча закончилась. После встречи файл остался в архиве.,Солнце село — встреча закончилась. После встречи файл остался в архиве.,no_supported_edit,12,False,"[""asyndetic_dash"", ""missing_hard_sign""]"
asyndetic_dash,Солнце село стало холодно. Вечером автор обновил сводку.,Солнце село — стало холодно. Вечером автор обновил сводку.,no_supported_edit,10,False,"[""asyndetic_dash"", ""missing_hard_sign""]"
asyndetic_dash,Солнце село город затих. Затем группа сверила подписи.,Солнце село — город затих. Затем группа сверила подписи.,no_supported_edit,10,False,"[""asyndetic_dash"", ""missing_hard_sign""]"
asyndetic_dash,Солнце село встреча закончилась. Позже служба отправила ответ.,Солнце село — встреча закончилась. Позже служба отправила ответ.,no_supported_edit,10,False,"[""asyndetic_dash"", ""missing_hard_sign""]"
asyndetic_dash,Солнце село стало холодно. Утром секретарь открыл папку.,Солнце село — стало холодно. Утром секретарь открыл папку.,no_supported_edit,10,False,"[""asyndetic_dash"", ""missing_hard_sign""]"
asyndetic_dash,Солнце село город затих. После проверки список закрыли.,Солнце село — город затих. После проверки список закрыли.,no_supported_edit,10,False,"[""asyndetic_dash"", ""missing_hard_sign""]"
asyndetic_dash,Солнце село встреча закончилась. Вечером руководитель принял правки.,Солнце село — встреча закончилась. Вечером руководитель принял правки.,no_supported_edit,10,False,"[""asyndetic_dash"", ""missing_hard_sign""]"
asyndetic_dash,Солнце село стало холодно. Затем аналитик обновил запись.,Солнце село — стало холодно. Затем аналитик обновил запись.,no_supported_edit,10,False,"[""asyndetic_dash"", ""missing_hard_sign""]"
asyndetic_dash,Солнце село город затих. Позже юрист согласовал договор.,Солнце село — город затих. Позже юрист согласовал договор.,no_supported_edit,10,False,"[""asyndetic_dash"", ""missing_hard_sign""]"
asyndetic_dash,Солнце село встреча закончилась. Утром редакция выпустила заметку.,Солнце село — встреча закончилась. Утром редакция выпустила заметку.,no_supported_edit,10,False,"[""asyndetic_dash"", ""missing_hard_sign""]"
asyndetic_dash,Солнце село стало холодно. После совещания команда сверила сроки.,Солнце село — стало холодно. После совещания команда сверила сроки.,no_supported_edit,11,False,"[""asyndetic_dash"", ""missing_hard_sign""]"
asyndetic_dash,Солнце село город затих. Вечером архивариус нашел копию.,Солнце село — город затих. Вечером архивариус нашел копию.,no_supported_edit,10,False,"[""asyndetic_dash"", ""missing_hard_sign""]"
asyndetic_dash,Солнце село встреча закончилась. Затем отдел подготовил справку.,Солнце село — встреча закончилась. Затем отдел подготовил справку.,no_supported_edit,10,False,"[""asyndetic_dash"", ""missing_hard_sign""]"
asyndetic_dash,Солнце село стало холодно. Позже координатор закрыл заявку.,Солнце село — стало холодно. Позже координатор закрыл заявку.,no_supported_edit,10,False,"[""asyndetic_dash"", ""missing_hard_sign""]"
asyndetic_dash,Солнце село город затих. Утром эксперт прочитал письмо.,Солнце село — город затих. Утром эксперт прочитал письмо.,no_supported_edit,10,False,"[""asyndetic_dash"", ""missing_hard_sign""]"
asyndetic_dash,Солнце село встреча закончилась. После обеда комиссия уточнила вывод.,Солнце село — встреча закончилась. После обеда комиссия уточнила вывод.,no_supported_edit,11,False,"[""asyndetic_dash"", ""missing_hard_sign""]"
asyndetic_dash,Солнце село стало холодно. Вечером автор проверил таблицу.,Солнце село — стало холодно. Вечером автор проверил таблицу.,no_supported_edit,10,False,"[""asyndetic_dash"", ""missing_hard_sign""]"
asyndetic_dash,Солнце село город затих. Затем редактор отправил файл.,Солнце село — город затих. Затем редактор отправил файл.,no_supported_edit,10,False,"[""asyndetic_dash"", ""missing_hard_sign""]"
asyndetic_dash,Солнце село встреча закончилась. Позже группа обсудила договор.,Солнце село — встреча закончилась. Позже группа обсудила договор.,no_supported_edit,10,False,"[""asyndetic_dash"", ""missing_hard_sign""]"
asyndetic_dash,Солнце село стало холодно. Утром служба приняла заявку.,Солнце село — стало холодно. Утром служба приняла заявку.,no_supported_edit,10,False,"[""asyndetic_dash"", ""missing_hard_sign""]"
asyndetic_dash,Солнце село город затих. После проверки руководитель подписал лист.,Солнце село — город затих. После проверки руководитель подписал лист.,no_supported_edit,11,False,"[""asyndetic_dash"", ""missing_hard_sign""]"
asyndetic_dash,Солнце село встреча закончилась. Вечером секретарь обновил график.,Солнце село — встреча закончилась. Вечером секретарь обновил график.,no_supported_edit,10,False,"[""asyndetic_dash"", ""missing_hard_sign""]"
asyndetic_dash,Солнце село стало холодно. Затем эксперт сверил данные.,Солнце село — стало холодно. Затем эксперт сверил данные.,no_supported_edit,10,False,"[""asyndetic_dash"", ""missing_hard_sign""]"
asyndetic_dash,Солнце село город затих. Позже редакция открыла архив.,Солнце село — город затих. Позже редакция открыла архив.,no_supported_edit,10,False,"[""asyndetic_dash"", ""missing_hard_sign""]"
asyndetic_dash,Солнце село встреча закончилась. Утром автор исправил дату.,Солнце село — встреча закончилась. Утром автор исправил дату.,no_supported_edit,10,False,"[""asyndetic_dash"", ""missing_hard_sign""]"
asyndetic_dash,Солнце село стало холодно. После встречи отдел сохранил запись.,Солнце село — стало холодно. После встречи отдел сохранил запись.,no_supported_edit,11,False,"[""asyndetic_dash"", ""missing_hard_sign""]"
asyndetic_dash,Солнце село город затих. Вечером комиссия закрыла вопрос.,Солнце село — город затих. Вечером комиссия закрыла вопрос.,no_supported_edit,10,False,"[""asyndetic_dash"", ""missing_hard_sign""]"
asyndetic_dash,Солнце село встреча закончилась. Затем координатор отправил сводку.,Солнце село — встреча закончилась. Затем координатор отправил сводку.,no_supported_edit,10,False,"[""asyndetic_dash"", ""missing_hard_sign""]"
asyndetic_dash,Солнце село стало холодно. Позже аналитик проверил договор.,Солнце село — стало холодно. Позже аналитик проверил договор.,no_supported_edit,10,False,"[""asyndetic_dash"", ""missing_hard_sign""]"
asyndetic_dash,Солнце село город затих. Утром редактор принял отчет.,Солнце село — город затих. Утром редактор принял отчет.,no_supported_edit,10,False,"[""asyndetic_dash"", ""missing_hard_sign""]"
asyndetic_dash,Солнце село встреча закончилась. После обеда автор открыл журнал.,Солнце село — встреча закончилась. После обеда автор открыл журнал.,no_supported_edit,11,False,"[""asyndetic_dash"", ""missing_hard_sign""]"
asyndetic_dash,Солнце село стало холодно. Вечером отдел сверил ведомость.,Солнце село — стало холодно. Вечером отдел сверил ведомость.,no_supported_edit,10,False,"[""asyndetic_dash"", ""missing_hard_sign""]"
asyndetic_dash,Солнце село город затих. Затем юрист обновил папку.,Солнце село — город затих. Затем юрист обновил папку.,no_supported_edit,10,False,"[""asyndetic_dash"", ""missing_hard_sign""]"
asyndetic_dash,Солнце село встреча закончилась. Позже комиссия приняла справку.,Солнце село — встреча закончилась. Позже комиссия приняла справку.,no_supported_edit,10,False,"[""asyndetic_dash"", ""missing_hard_sign""]"
asyndetic_dash,Солнце село стало холодно. Утром группа закрыла протокол.,Солнце село — стало холодно. Утром группа закрыла протокол.,no_supported_edit,10,False,"[""asyndetic_dash"", ""missing_hard_sign""]"
asyndetic_dash,Солнце село город затих. После встречи редактор сохранил таблицу.,Солнце село — город затих. После встречи редактор сохранил таблицу.,no_supported_edit,11,False,"[""asyndetic_dash"", ""missing_hard_sign""]"
asyndetic_dash,Солнце село встреча закончилась. Вечером эксперт уточнил маршрут.,Солнце село — встреча закончилась. Вечером эксперт уточнил маршрут.,no_supported_edit,10,False,"[""asyndetic_dash"", ""missing_hard_sign""]"
asyndetic_dash,Солнце село стало холодно. Затем секретарь проверил журнал.,Солнце село — стало холодно. Затем секретарь проверил журнал.,no_supported_edit,10,False,"[""asyndetic_dash"", ""missing_hard_sign""]"
asyndetic_dash,Солнце село город затих. Позже служба согласовала заявку.,Солнце село — город затих. Позже служба согласовала заявку.,no_supported_edit,10,False,"[""asyndetic_dash"", ""missing_hard_sign""]"
asyndetic_dash,Солнце село встреча закончилась. Утром автор отправил письмо.,Солнце село — встреча закончилась. Утром автор отправил письмо.,no_supported_edit,10,False,"[""asyndetic_dash"", ""missing_hard_sign""]"
asyndetic_dash,Солнце село стало холодно. После проверки отдел обновил график.,Солнце село — стало холодно. После проверки отдел обновил график.,no_supported_edit,11,False,"[""asyndetic_dash"", ""missing_hard_sign""]"
asyndetic_dash,Солнце село город затих. Вечером координатор принял ответ.,Солнце село — город затих. Вечером координатор принял ответ.,no_supported_edit,10,False,"[""asyndetic_dash"", ""missing_hard_sign""]"
asyndetic_dash,Солнце село встреча закончилась. Затем комиссия открыла раздел.,Солнце село — встреча закончилась. Затем комиссия открыла раздел.,no_supported_edit,10,False,"[""asyndetic_dash"", ""missing_hard_sign""]"
asyndetic_dash,Солнце село стало холодно. Позже редактор сверил список.,Солнце село — стало холодно. Позже редактор сверил список.,no_supported_edit,10,False,"[""asyndetic_dash"", ""missing_hard_sign""]"
asyndetic_dash,Солнце село город затих. Утром аналитик сохранил отчет.,Солнце село — город затих. Утром аналитик сохранил отчет.,no_supported_edit,10,False,"[""asyndetic_dash"", ""missing_hard_sign""]"
asyndetic_dash,Солнце село встреча закончилась. После обеда юрист проверил подпись.,Солнце село — встреча закончилась. После обеда юрист проверил подпись.,no_supported_edit,11,False,"[""asyndetic_dash"", ""missing_hard_sign""]"
asyndetic_dash,Солнце село стало холодно. Вечером группа обновила запись.,Солнце село — стало холодно. Вечером группа обновила запись.,no_supported_edit,10,False,"[""asyndetic_dash"", ""missing_hard_sign""]"
asyndetic_dash,Солнце село город затих. Затем служба закрыла вопрос.,Солнце село — город затих. Затем служба закрыла вопрос.,no_supported_edit,10,False,"[""asyndetic_dash"", ""missing_hard_sign""]"
asyndetic_dash,Солнце село встреча закончилась. Позже эксперт согласовал таблицу.,Солнце село — встреча закончилась. Позже эксперт согласовал таблицу.,no_supported_edit,10,False,"[""asyndetic_dash"", ""missing_hard_sign""]"
asyndetic_dash,Солнце село стало холодно. Утром отдел отправил договор.,Солнце село — стало холодно. Утром отдел отправил договор.,no_supported_edit,10,False,"[""asyndetic_dash"", ""missing_hard_sign""]"
asyndetic_dash,Солнце село город затих. После совещания автор уточнил дату.,Солнце село — город затих. После совещания автор уточнил дату.,no_supported_edit,11,False,"[""asyndetic_dash"", ""missing_hard_sign""]"
asyndetic_dash,Солнце село встреча закончилась. Вечером редактор открыл протокол.,Солнце село — встреча закончилась. Вечером редактор открыл протокол.,no_supported_edit,10,False,"[""asyndetic_dash"", ""missing_hard_sign""]"
asyndetic_dash,Солнце село стало холодно. Затем координатор сверил журнал.,Солнце село — стало холодно. Затем координатор сверил журнал.,no_supported_edit,10,False,"[""asyndetic_dash"", ""missing_hard_sign""]"
asyndetic_dash,Солнце село город затих. Позже комиссия сохранила решение.,Солнце село — город затих. Позже комиссия сохранила решение.,no_supported_edit,10,False,"[""asyndetic_dash"", ""missing_hard_sign""]"
asyndetic_dash,Солнце село встреча закончилась. Утром секретарь проверил папку.,Солнце село — встреча закончилась. Утром секретарь проверил папку.,no_supported_edit,10,False,"[""asyndetic_dash"", ""missing_hard_sign""]"
asyndetic_dash,Солнце село стало холодно. После проверки аналитик принял сводку.,Солнце село — стало холодно. После проверки аналитик принял сводку.,no_supported_edit,11,False,"[""asyndetic_dash"", ""missing_hard_sign""]"
asyndetic_dash,Солнце село город затих. Вечером служба обновила список.,Солнце село — город затих. Вечером служба обновила список.,no_supported_edit,10,False,"[""asyndetic_dash"", ""missing_hard_sign""]"
asyndetic_dash,Солнце село встреча закончилась. Затем юрист отправил письмо.,Солнце село — встреча закончилась. Затем юрист отправил письмо.,no_supported_edit,10,False,"[""asyndetic_dash"", ""missing_hard_sign""]"
asyndetic_dash,Солнце село стало холодно. Позже отдел согласовал график.,Солнце село — стало холодно. Позже отдел согласовал график.,no_supported_edit,10,False,"[""asyndetic_dash"", ""missing_hard_sign""]"
asyndetic_dash,Солнце село город затих. Утром редакция сверила выпуск.,Солнце село — город затих. Утром редакция сверила выпуск.,no_supported_edit,10,False,"[""asyndetic_dash"", ""missing_hard_sign""]"
asyndetic_dash,Солнце село встреча закончилась. После встречи эксперт закрыл заявку.,Солнце село — встреча закончилась. После встречи эксперт закрыл заявку.,no_supported_edit,11,False,"[""asyndetic_dash"", ""missing_hard_sign""]"
asyndetic_dash,Солнце село стало холодно. Вечером автор сохранил раздел.,Солнце село — стало холодно. Вечером автор сохранил раздел.,no_supported_edit,10,False,"[""asyndetic_dash"", ""missing_hard_sign""]"
asyndetic_dash,Солнце село город затих. Затем группа проверила договор.,Солнце село — город затих. Затем группа проверила договор.,no_supported_edit,10,False,"[""asyndetic_dash"", ""missing_hard_sign""]"
asyndetic_dash,Солнце село встреча закончилась. Позже секретарь уточнил таблицу.,Солнце село — встреча закончилась. Позже секретарь уточнил таблицу.,no_supported_edit,10,False,"[""asyndetic_dash"", ""missing_hard_sign""]"
asyndetic_dash,Солнце село стало холодно. Утром комиссия открыла журнал.,Солнце село — стало холодно. Утром комиссия открыла журнал.,no_supported_edit,10,False,"[""asyndetic_dash"", ""missing_hard_sign""]"
asyndetic_dash,Солнце село город затих. После обеда координатор принял протокол.,Солнце село — город затих. После обеда координатор принял протокол.,no_supported_edit,11,False,"[""asyndetic_dash"", ""missing_hard_sign""]"
asyndetic_dash,Солнце село встреча закончилась. Вечером аналитик сверил письмо.,Солнце село — встреча закончилась. Вечером аналитик сверил письмо.,no_supported_edit,10,False,"[""asyndetic_dash"", ""missing_hard_sign""]"
asyndetic_dash,Солнце село стало холодно. Затем редактор обновил дату.,Солнце село — стало холодно. Затем редактор обновил дату.,no_supported_edit,10,False,"[""asyndetic_dash"", ""missing_hard_sign""]"
asyndetic_dash,Солнце село город затих. Позже служба проверила запись.,Солнце село — город затих. Позже служба проверила запись.,no_supported_edit,10,False,"[""asyndetic_dash"", ""missing_hard_sign""]"
asyndetic_dash,Солнце село встреча закончилась. Утром юрист сохранил справку.,Солнце село — встреча закончилась. Утром юрист сохранил справку.,no_supported_edit,10,False,"[""asyndetic_dash"", ""missing_hard_sign""]"
asyndetic_dash,Солнце село стало холодно. После проверки автор отправил отчет.,Солнце село — стало холодно. После проверки автор отправил отчет.,no_supported_edit,11,False,"[""asyndetic_dash"", ""missing_hard_sign""]"
asyndetic_dash,Солнце село город затих. Вечером отдел открыл папку.,Солнце село — город затих. Вечером отдел открыл папку.,no_supported_edit,10,False,"[""asyndetic_dash"", ""missing_hard_sign""]"
asyndetic_dash,Солнце село встреча закончилась. Затем эксперт согласовал список.,Солнце село — встреча закончилась. Затем эксперт согласовал список.,no_supported_edit,10,False,"[""asyndetic_dash"", ""missing_hard_sign""]"
asyndetic_dash,Солнце село стало холодно. Позже координатор обновил ведомость.,Солнце село — стало холодно. Позже координатор обновил ведомость.,no_supported_edit,10,False,"[""asyndetic_dash"", ""missing_hard_sign""]"
asyndetic_dash,Солнце село город затих. Утром группа приняла решение.,Солнце село — город затих. Утром группа приняла решение.,no_supported_edit,10,False,"[""asyndetic_dash"", ""missing_hard_sign""]"
asyndetic_dash,Солнце село встреча закончилась. После встречи редакция проверила маршрут.,Солнце село — встреча закончилась. После встречи редакция проверила маршрут.,no_supported_edit,11,False,"[""asyndetic_dash"", ""missing_hard_sign""]"
asyndetic_dash,Солнце село стало холодно. Вечером комиссия сохранила таблицу.,Солнце село — стало холодно. Вечером комиссия сохранила таблицу.,no_supported_edit,10,False,"[""asyndetic_dash"", ""missing_hard_sign""]"
asyndetic_dash,Солнце село город затих. Затем секретарь закрыл раздел.,Солнце село — город затих. Затем секретарь закрыл раздел.,no_supported_edit,10,False,"[""asyndetic_dash"", ""missing_hard_sign""]"
asyndetic_dash,Солнце село встреча закончилась. Позже аналитик отправил сводку.,Солнце село — встреча закончилась. Позже аналитик отправил сводку.,no_supported_edit,10,False,"[""asyndetic_dash"", ""missing_hard_sign""]"
asyndetic_dash,Солнце село стало холодно. Утром служба уточнила график.,Солнце село — стало холодно. Утром служба уточнила график.,no_supported_edit,10,False,"[""asyndetic_dash"", ""missing_hard_sign""]"
asyndetic_dash,Солнце село город затих. После обеда редактор принял письмо.,Солнце село — город затих. После обеда редактор принял письмо.,no_supported_edit,11,False,"[""asyndetic_dash"", ""missing_hard_sign""]"
asyndetic_dash,Солнце село встреча закончилась. Вечером юрист сверил договор.,Солнце село — встреча закончилась. Вечером юрист сверил договор.,no_supported_edit,10,False,"[""asyndetic_dash"", ""missing_hard_sign""]"
asyndetic_dash,Солнце село стало холодно. Затем отдел сохранил журнал.,Солнце село — стало холодно. Затем отдел сохранил журнал.,no_supported_edit,10,False,"[""asyndetic_dash"", ""missing_hard_sign""]"
asyndetic_dash,Солнце село город затих. Позже автор проверил подпись.,Солнце село — город затих. Позже автор проверил подпись.,no_supported_edit,10,False,"[""asyndetic_dash"", ""missing_hard_sign""]"
asyndetic_dash,Солнце село встреча закончилась. Утром эксперт обновил протокол.,Солнце село — встреча закончилась. Утром эксперт обновил протокол.,no_supported_edit,10,False,"[""asyndetic_dash"", ""missing_hard_sign""]"
asyndetic_dash,Солнце село стало холодно. После проверки комиссия отправила ответ.,Солнце село — стало холодно. После проверки комиссия отправила ответ.,no_supported_edit,11,False,"[""asyndetic_dash"", ""missing_hard_sign""]"
asyndetic_dash,Солнце село город затих. Вечером координатор открыл список.,Солнце село — город затих. Вечером координатор открыл список.,no_supported_edit,10,False,"[""asyndetic_dash"", ""missing_hard_sign""]"
asyndetic_dash,Солнце село встреча закончилась. Затем редакция согласовала выпуск.,Солнце село — встреча закончилась. Затем редакция согласовала выпуск.,no_supported_edit,10,False,"[""asyndetic_dash"", ""missing_hard_sign""]"
asyndetic_dash,Солнце село стало холодно. Позже группа сохранила папку.,Солнце село — стало холодно. Позже группа сохранила папку.,no_supported_edit,10,False,"[""asyndetic_dash"", ""missing_hard_sign""]"
asyndetic_dash,Солнце село город затих. Утром аналитик проверил заявку.,Солнце село — город затих. Утром аналитик проверил заявку.,no_supported_edit,10,False,"[""asyndetic_dash"", ""missing_hard_sign""]"
asyndetic_dash,Солнце село встреча закончилась. После встречи служба приняла справку.,Солнце село — встреча закончилась. После встречи служба приняла справку.,no_supported_edit,11,False,"[""asyndetic_dash"", ""missing_hard_sign""]"
asyndetic_dash,Солнце село стало холодно. Вечером секретарь отправил письмо.,Солнце село — стало холодно. Вечером секретарь отправил письмо.,no_supported_edit,10,False,"[""asyndetic_dash"", ""missing_hard_sign""]"
asyndetic_dash,Солнце село город затих. Затем юрист обновил решение.,Солнце село — город затих. Затем юрист обновил решение.,no_supported_edit,10,False,"[""asyndetic_dash"", ""missing_hard_sign""]"
asyndetic_dash,Солнце село встреча закончилась. Позже отдел сверил таблицу.,Солнце село — встреча закончилась. Позже отдел сверил таблицу.,no_supported_edit,10,False,"[""asyndetic_dash"", ""missing_hard_sign""]"
asyndetic_dash,Солнце село стало холодно. Утром автор закрыл вопрос.,Солнце село — стало холодно. Утром автор закрыл вопрос.,no_supported_edit,10,False,"[""asyndetic_dash"", ""missing_hard_sign""]"
asyndetic_dash,Солнце село город затих. Позже редактор сохранил копию.,Солнце село — город затих. Позже редактор сохранил копию.,no_supported_edit,10,False,"[""asyndetic_dash"", ""missing_hard_sign""]"
asyndetic_dash,Солнце село встреча закончилась. Утром комиссия вернулась к письму.,Солнце село — встреча закончилась. Утром комиссия вернулась к письму.,no_supported_edit,11,False,"[""asyndetic_dash"", ""missing_hard_sign""]"
asyndetic_dash,Солнце село стало холодно. После встречи файл остался в архиве.,Солнце село — стало холодно. После встречи файл остался в архиве.,no_supported_edit,12,False,"[""asyndetic_dash"", ""missing_hard_sign""]"
asyndetic_dash,Солнце село город затих. Вечером автор обновил сводку.,Солнце село — город затих. Вечером автор обновил сводку.,no_supported_edit,10,False,"[""asyndetic_dash"", ""missing_hard_sign""]"
asyndetic_dash,Солнце село встреча закончилась. Затем группа сверила подписи.,Солнце село — встреча закончилась. Затем группа сверила подписи.,no_supported_edit,10,False,"[""asyndetic_dash"", ""missing_hard_sign""]"
asyndetic_dash,Солнце село стало холодно. Позже служба отправила ответ.,Солнце село — стало холодно. Позже служба отправила ответ.,no_supported_edit,10,False,"[""asyndetic_dash"", ""missing_hard_sign""]"
asyndetic_dash,Солнце село город затих. Утром секретарь открыл папку.,Солнце село — город затих. Утром секретарь открыл папку.,no_supported_edit,10,False,"[""asyndetic_dash"", ""missing_hard_sign""]"
asyndetic_dash,Солнце село встреча закончилась. После проверки список закрыли.,Солнце село — встреча закончилась. После проверки список закрыли.,no_supported_edit,10,False,"[""asyndetic_dash"", ""missing_hard_sign""]"
asyndetic_dash,Солнце село стало холодно. Вечером руководитель принял правки.,Солнце село — стало холодно. Вечером руководитель принял правки.,no_supported_edit,10,False,"[""asyndetic_dash"", ""missing_hard_sign""]"
asyndetic_dash,Солнце село город затих. Затем аналитик обновил запись.,Солнце село — город затих. Затем аналитик обновил запись.,no_supported_edit,10,False,"[""asyndetic_dash"", ""missing_hard_sign""]"
asyndetic_dash,Солнце село встреча закончилась. Позже юрист согласовал договор.,Солнце село — встреча закончилась. Позже юрист согласовал договор.,no_supported_edit,10,False,"[""asyndetic_dash"", ""missing_hard_sign""]"
asyndetic_dash,Солнце село стало холодно. Утром редакция выпустила заметку.,Солнце село — стало холодно. Утром редакция выпустила заметку.,no_supported_edit,10,False,"[""asyndetic_dash"", ""missing_hard_sign""]"
asyndetic_dash,Солнце село город затих. После совещания команда сверила сроки.,Солнце село — город затих. После совещания команда сверила сроки.,no_supported_edit,11,False,"[""asyndetic_dash"", ""missing_hard_sign""]"
asyndetic_dash,Солнце село встреча закончилась. Вечером архивариус нашел копию.,Солнце село — встреча закончилась. Вечером архивариус нашел копию.,no_supported_edit,10,False,"[""asyndetic_dash"", ""missing_hard_sign""]"
asyndetic_dash,Солнце село стало холодно. Затем отдел подготовил справку.,Солнце село — стало холодно. Затем отдел подготовил справку.,no_supported_edit,10,False,"[""asyndetic_dash"", ""missing_hard_sign""]"
asyndetic_dash,Солнце село город затих. Позже координатор закрыл заявку.,Солнце село — город затих. Позже координатор закрыл заявку.,no_supported_edit,10,False,"[""asyndetic_dash"", ""missing_hard_sign""]"
asyndetic_dash,Солнце село встреча закончилась. Утром эксперт прочитал письмо.,Солнце село — встреча закончилась. Утром эксперт прочитал письмо.,no_supported_edit,10,False,"[""asyndetic_dash"", ""missing_hard_sign""]"
asyndetic_dash,Солнце село стало холодно. После обеда комиссия уточнила вывод.,Солнце село — стало холодно. После обеда комиссия уточнила вывод.,no_supported_edit,11,False,"[""asyndetic_dash"", ""missing_hard_sign""]"
asyndetic_dash,Солнце село город затих. Вечером автор проверил таблицу.,Солнце село — город затих. Вечером автор проверил таблицу.,no_supported_edit,10,False,"[""asyndetic_dash"", ""missing_hard_sign""]"
asyndetic_dash,Солнце село встреча закончилась. Затем редактор отправил файл.,Солнце село — встреча закончилась. Затем редактор отправил файл.,no_supported_edit,10,False,"[""asyndetic_dash"", ""missing_hard_sign""]"
asyndetic_dash,Солнце село стало холодно. Позже группа обсудила договор.,Солнце село — стало холодно. Позже группа обсудила договор.,no_supported_edit,10,False,"[""asyndetic_dash"", ""missing_hard_sign""]"
asyndetic_dash,Солнце село город затих. Утром служба приняла заявку.,Солнце село — город затих. Утром служба приняла заявку.,no_supported_edit,10,False,"[""asyndetic_dash"", ""missing_hard_sign""]"
asyndetic_dash,Солнце село встреча закончилась. После проверки руководитель подписал лист.,Солнце село — встреча закончилась. После проверки руководитель подписал лист.,no_supported_edit,11,False,"[""asyndetic_dash"", ""missing_hard_sign""]"
comma_subordinate,Если команда успеет то рабочий отчет отправят сегодня. После проверки список закрыли.,"Если команда успеет, то рабочий отчет отправят сегодня. После проверки список закрыли.",no_supported_edit,12,False,[]
comma_subordinate,Если команда успеет то новый документ отправят сегодня. Позже координатор закрыл заявку.,"Если команда успеет, то новый документ отправят сегодня. Позже координатор закрыл заявку.",no_supported_edit,12,False,[]
comma_subordinate,Если команда успеет то точный план отправят сегодня. Вечером секретарь обновил график.,"Если команда успеет, то точный план отправят сегодня. Вечером секретарь обновил график.",no_supported_edit,12,False,[]
comma_subordinate,Если команда успеет то городской архив отправят сегодня. Утром редактор принял отчет.,"Если команда успеет, то городской архив отправят сегодня. Утром редактор принял отчет.",no_supported_edit,12,False,[]
comma_subordinate,Если команда успеет то утренний выпуск отправят сегодня. Затем секретарь проверил журнал.,"Если команда успеет, то утренний выпуск отправят сегодня. Затем секретарь проверил журнал.",no_supported_edit,12,False,[]
comma_subordinate,Если команда успеет то важный договор отправят сегодня. После обеда юрист проверил подпись.,"Если команда успеет, то важный договор отправят сегодня. После обеда юрист проверил подпись.",no_supported_edit,13,False,[]
comma_subordinate,Если команда успеет то короткая заметка отправят сегодня. Позже комиссия сохранила решение.,"Если команда успеет, то короткая заметка отправят сегодня. Позже комиссия сохранила решение.",no_supported_edit,12,False,[]
comma_subordinate,Если команда успеет то итоговая таблица отправят сегодня. Вечером автор сохранил раздел.,"Если команда успеет, то итоговая таблица отправят сегодня. Вечером автор сохранил раздел.",no_supported_edit,12,False,[]
comma_subordinate,Если команда успеет то свежая сводка отправят сегодня. Утром юрист сохранил справку.,"Если команда успеет, то свежая сводка отправят сегодня. Утром юрист сохранил справку.",no_supported_edit,12,False,[]
comma_subordinate,Если команда успеет то открытая заявка отправят сегодня. Затем секретарь закрыл раздел.,"Если команда успеет, то открытая заявка отправят сегодня. Затем секретарь закрыл раздел.",no_supported_edit,12,False,[]
comma_subordinate,Если команда успеет то письменный ответ отправят сегодня. После проверки комиссия отправила ответ.,"Если команда успеет, то письменный ответ отправят сегодня. После проверки комиссия отправила ответ.",no_supported_edit,13,False,[]
comma_subordinate,Если команда успеет то подробная справка отправят сегодня. Позже отдел сверил таблицу.,"Если команда успеет, то подробная справка отправят сегодня. Позже отдел сверил таблицу.",no_supported_edit,12,False,[]
comma_subordinate,Если команда успеет то районная комиссия отправят сегодня. Утром секретарь открыл папку.,"Если команда успеет, то районная комиссия отправят сегодня. Утром секретарь открыл папку.",no_supported_edit,12,False,[]
comma_subordinate,Если команда успеет то финальный список отправят сегодня. Затем отдел подготовил справку.,"Если команда успеет, то финальный список отправят сегодня. Затем отдел подготовил справку.",no_supported_edit,12,False,[]
comma_subordinate,Если команда успеет то новая редакция отправят сегодня. После проверки руководитель подписал лист.,"Если команда успеет, то новая редакция отправят сегодня. После проверки руководитель подписал лист.",no_supported_edit,13,False,[]
comma_subordinate,Если команда успеет то архивная запись отправят сегодня. Позже аналитик проверил договор.,"Если команда успеет, то архивная запись отправят сегодня. Позже аналитик проверил договор.",no_supported_edit,12,False,[]
comma_subordinate,Если команда успеет то дежурный редактор отправят сегодня. Вечером эксперт уточнил маршрут.,"Если команда успеет, то дежурный редактор отправят сегодня. Вечером эксперт уточнил маршрут.",no_supported_edit,12,False,[]
comma_subordinate,Если команда успеет то общий график отправят сегодня. Утром аналитик сохранил отчет.,"Если команда успеет, то общий график отправят сегодня. Утром аналитик сохранил отчет.",no_supported_edit,12,False,[]
comma_subordinate,Если команда успеет то плановая встреча отправят сегодня. Затем координатор сверил журнал.,"Если команда успеет, то плановая встреча отправят сегодня. Затем координатор сверил журнал.",no_supported_edit,12,False,[]
comma_subordinate,Если команда успеет то осенняя проверка отправят сегодня. После встречи эксперт закрыл заявку.,"Если команда успеет, то осенняя проверка отправят сегодня. После встречи эксперт закрыл заявку.",no_supported_edit,13,False,[]
comma_subordinate,Если команда успеет то сводный отчет отправят сегодня. Позже служба проверила запись.,"Если команда успеет, то сводный отчет отправят сегодня. Позже служба проверила запись.",no_supported_edit,12,False,[]
comma_subordinate,Если команда успеет то важная подпись отправят сегодня. Вечером комиссия сохранила таблицу.,"Если команда успеет, то важная подпись отправят сегодня. Вечером комиссия сохранила таблицу.",no_supported_edit,12,False,[]
comma_subordinate,Если команда успеет то рабочая группа отправят сегодня. Утром эксперт обновил протокол.,"Если команда успеет, то рабочая группа отправят сегодня. Утром эксперт обновил протокол.",no_supported_edit,12,False,[]
comma_subordinate,Если команда успеет то городская служба отправят сегодня. Затем юрист обновил решение.,"Если команда успеет, то городская служба отправят сегодня. Затем юрист обновил решение.",no_supported_edit,12,False,[]
comma_subordinate,Если команда успеет то новый раздел отправят сегодня. Позже служба отправила ответ.,"Если команда успеет, то новый раздел отправят сегодня. Позже служба отправила ответ.",no_supported_edit,12,False,[]
comma_subordinate,Если команда успеет то учебная таблица отправят сегодня. Вечером архивариус нашел копию.,"Если команда успеет, то учебная таблица отправят сегодня. Вечером архивариус нашел копию.",no_supported_edit,12,False,[]
comma_subordinate,Если команда успеет то вечерний протокол отправят сегодня. Утром служба приняла заявку.,"Если команда успеет, то вечерний протокол отправят сегодня. Утром служба приняла заявку.",no_supported_edit,12,False,[]
comma_subordinate,Если команда успеет то проверенный файл отправят сегодня. Затем координатор отправил сводку.,"Если команда успеет, то проверенный файл отправят сегодня. Затем координатор отправил сводку.",no_supported_edit,12,False,[]
consequence_dash,Начался дождь мы остались дома. Позже редактор сохранил копию.,Начался дождь — мы остались дома. Позже редактор сохранил копию.,no_supported_edit,10,False,"[""consequence_dash""]"
consequence_dash,Начался дождь встречу перенесли утром. Утром комиссия вернулась к письму.,Начался дождь — встречу перенесли утром. Утром комиссия вернулась к письму.,no_supported_edit,11,False,"[""consequence_dash""]"
consequence_dash,Начался дождь команда закрыла окна. После встречи файл остался в архиве.,Начался дождь — команда закрыла окна. После встречи файл остался в архиве.,no_supported_edit,12,False,"[""consequence_dash""]"
consequence_dash,Начался дождь мы остались дома. Вечером автор обновил сводку.,Начался дождь — мы остались дома. Вечером автор обновил сводку.,no_supported_edit,10,False,"[""consequence_dash""]"
consequence_dash,Начался дождь встречу перенесли утром. Затем группа сверила подписи.,Начался дождь — встречу перенесли утром. Затем группа сверила подписи.,no_supported_edit,10,False,"[""consequence_dash""]"
consequence_dash,Начался дождь команда закрыла окна. Позже служба отправила ответ.,Начался дождь — команда закрыла окна. Позже служба отправила ответ.,no_supported_edit,10,False,"[""consequence_dash""]"
consequence_dash,Начался дождь мы остались дома. Утром секретарь открыл папку.,Начался дождь — мы остались дома. Утром секретарь открыл папку.,no_supported_edit,10,False,"[""consequence_dash""]"
consequence_dash,Начался дождь встречу перенесли утром. После проверки список закрыли.,Начался дождь — встречу перенесли утром. После проверки список закрыли.,no_supported_edit,10,False,"[""consequence_dash""]"
consequence_dash,Начался дождь команда закрыла окна. Вечером руководитель принял правки.,Начался дождь — команда закрыла окна. Вечером руководитель принял правки.,no_supported_edit,10,False,"[""consequence_dash""]"
consequence_dash,Начался дождь мы остались дома. Затем аналитик обновил запись.,Начался дождь — мы остались дома. Затем аналитик обновил запись.,no_supported_edit,10,False,"[""consequence_dash""]"
consequence_dash,Начался дождь встречу перенесли утром. Позже юрист согласовал договор.,Начался дождь — встречу перенесли утром. Позже юрист согласовал договор.,no_supported_edit,10,False,"[""consequence_dash""]"
consequence_dash,Начался дождь команда закрыла окна. Утром редакция выпустила заметку.,Начался дождь — команда закрыла окна. Утром редакция выпустила заметку.,no_supported_edit,10,False,"[""consequence_dash""]"
consequence_dash,Начался дождь мы остались дома. После совещания команда сверила сроки.,Начался дождь — мы остались дома. После совещания команда сверила сроки.,no_supported_edit,11,False,"[""consequence_dash""]"
consequence_dash,Начался дождь встречу перенесли утром. Вечером архивариус нашел копию.,Начался дождь — встречу перенесли утром. Вечером архивариус нашел копию.,no_supported_edit,10,False,"[""consequence_dash""]"
consequence_dash,Начался дождь команда закрыла окна. Затем отдел подготовил справку.,Начался дождь — команда закрыла окна. Затем отдел подготовил справку.,no_supported_edit,10,False,"[""consequence_dash""]"
consequence_dash,Начался дождь мы остались дома. Позже координатор закрыл заявку.,Начался дождь — мы остались дома. Позже координатор закрыл заявку.,no_supported_edit,10,False,"[""consequence_dash""]"
consequence_dash,Начался дождь встречу перенесли утром. Утром эксперт прочитал письмо.,Начался дождь — встречу перенесли утром. Утром эксперт прочитал письмо.,no_supported_edit,10,False,"[""consequence_dash""]"
consequence_dash,Начался дождь команда закрыла окна. После обеда комиссия уточнила вывод.,Начался дождь — команда закрыла окна. После обеда комиссия уточнила вывод.,no_supported_edit,11,False,"[""consequence_dash""]"
consequence_dash,Начался дождь мы остались дома. Вечером автор проверил таблицу.,Начался дождь — мы остались дома. Вечером автор проверил таблицу.,no_supported_edit,10,False,"[""consequence_dash""]"
consequence_dash,Начался дождь встречу перенесли утром. Затем редактор отправил файл.,Начался дождь — встречу перенесли утром. Затем редактор отправил файл.,no_supported_edit,10,False,"[""consequence_dash""]"
consequence_dash,Начался дождь команда закрыла окна. Позже группа обсудила договор.,Начался дождь — команда закрыла окна. Позже группа обсудила договор.,no_supported_edit,10,False,"[""consequence_dash""]"
consequence_dash,Начался дождь мы остались дома. Утром служба приняла заявку.,Начался дождь — мы остались дома. Утром служба приняла заявку.,no_supported_edit,10,False,"[""consequence_dash""]"
consequence_dash,Начался дождь встречу перенесли утром. После проверки руководитель подписал лист.,Начался дождь — встречу перенесли утром. После проверки руководитель подписал лист.,no_supported_edit,11,False,"[""consequence_dash""]"
consequence_dash,Начался дождь команда закрыла окна. Вечером секретарь обновил график.,Начался дождь — команда закрыла окна. Вечером секретарь обновил график.,no_supported_edit,10,False,"[""consequence_dash""]"
consequence_dash,Начался дождь мы остались дома. Затем эксперт сверил данные.,Начался дождь — мы остались дома. Затем эксперт сверил данные.,no_supported_edit,10,False,"[""consequence_dash""]"
consequence_dash,Начался дождь встречу перенесли утром. Позже редакция открыла архив.,Начался дождь — встречу перенесли утром. Позже редакция открыла архив.,no_supported_edit,10,False,"[""consequence_dash""]"
consequence_dash,Начался дождь команда закрыла окна. Утром автор исправил дату.,Начался дождь — команда закрыла окна. Утром автор исправил дату.,no_supported_edit,10,False,"[""consequence_dash""]"
consequence_dash,Начался дождь мы остались дома. После встречи отдел сохранил запись.,Начался дождь — мы остались дома. После встречи отдел сохранил запись.,no_supported_edit,11,False,"[""consequence_dash""]"
consequence_dash,Начался дождь встречу перенесли утром. Вечером комиссия закрыла вопрос.,Начался дождь — встречу перенесли утром. Вечером комиссия закрыла вопрос.,no_supported_edit,10,False,"[""consequence_dash""]"
consequence_dash,Начался дождь команда закрыла окна. Затем координатор отправил сводку.,Начался дождь — команда закрыла окна. Затем координатор отправил сводку.,no_supported_edit,10,False,"[""consequence_dash""]"
consequence_dash,Начался дождь мы остались дома. Позже аналитик проверил договор.,Начался дождь — мы остались дома. Позже аналитик проверил договор.,no_supported_edit,10,False,"[""consequence_dash""]"
consequence_dash,Начался дождь встречу перенесли утром. Утром редактор принял отчет.,Начался дождь — встречу перенесли утром. Утром редактор принял отчет.,no_supported_edit,10,False,"[""consequence_dash""]"
consequence_dash,Начался дождь команда закрыла окна. После обеда автор открыл журнал.,Начался дождь — команда закрыла окна. После обеда автор открыл журнал.,no_supported_edit,11,False,"[""consequence_dash""]"
consequence_dash,Начался дождь мы остались дома. Вечером отдел сверил ведомость.,Начался дождь — мы остались дома. Вечером отдел сверил ведомость.,no_supported_edit,10,False,"[""consequence_dash""]"
consequence_dash,Начался дождь встречу перенесли утром. Затем юрист обновил папку.,Начался дождь — встречу перенесли утром. Затем юрист обновил папку.,no_supported_edit,10,False,"[""consequence_dash""]"
consequence_dash,Начался дождь команда закрыла окна. Позже комиссия приняла справку.,Начался дождь — команда закрыла окна. Позже комиссия приняла справку.,no_supported_edit,10,False,"[""consequence_dash""]"
consequence_dash,Начался дождь мы остались дома. Утром группа закрыла протокол.,Начался дождь — мы остались дома. Утром группа закрыла протокол.,no_supported_edit,10,False,"[""consequence_dash""]"
consequence_dash,Начался дождь встречу перенесли утром. После встречи редактор сохранил таблицу.,Начался дождь — встречу перенесли утром. После встречи редактор сохранил таблицу.,no_supported_edit,11,False,"[""consequence_dash""]"
consequence_dash,Начался дождь команда закрыла окна. Вечером эксперт уточнил маршрут.,Начался дождь — команда закрыла окна. Вечером эксперт уточнил маршрут.,no_supported_edit,10,False,"[""consequence_dash""]"
consequence_dash,Начался дождь мы остались дома. Затем секретарь проверил журнал.,Начался дождь — мы остались дома. Затем секретарь проверил журнал.,no_supported_edit,10,False,"[""consequence_dash""]"
consequence_dash,Начался дождь встречу перенесли утром. Позже служба согласовала заявку.,Начался дождь — встречу перенесли утром. Позже служба согласовала заявку.,no_supported_edit,10,False,"[""consequence_dash""]"
consequence_dash,Начался дождь команда закрыла окна. Утром автор отправил письмо.,Начался дождь — команда закрыла окна. Утром автор отправил письмо.,no_supported_edit,10,False,"[""consequence_dash""]"
consequence_dash,Начался дождь мы остались дома. После проверки отдел обновил график.,Начался дождь — мы остались дома. После проверки отдел обновил график.,no_supported_edit,11,False,"[""consequence_dash""]"
consequence_dash,Начался дождь встречу перенесли утром. Вечером координатор принял ответ.,Начался дождь — встречу перенесли утром. Вечером координатор принял ответ.,no_supported_edit,10,False,"[""consequence_dash""]"
consequence_dash,Начался дождь команда закрыла окна. Затем комиссия открыла раздел.,Начался дождь — команда закрыла окна. Затем комиссия открыла раздел.,no_supported_edit,10,False,"[""consequence_dash""]"
consequence_dash,Начался дождь мы остались дома. Позже редактор сверил список.,Начался дождь — мы остались дома. Позже редактор сверил список.,no_supported_edit,10,False,"[""consequence_dash""]"
consequence_dash,Начался дождь встречу перенесли утром. Утром аналитик сохранил отчет.,Начался дождь — встречу перенесли утром. Утром аналитик сохранил отчет.,no_supported_edit,10,False,"[""consequence_dash""]"
consequence_dash,Начался дождь команда закрыла окна. После обеда юрист проверил подпись.,Начался дождь — команда закрыла окна. После обеда юрист проверил подпись.,no_supported_edit,11,False,"[""consequence_dash""]"
consequence_dash,Начался дождь мы остались дома. Вечером группа обновила запись.,Начался дождь — мы остались дома. Вечером группа обновила запись.,no_supported_edit,10,False,"[""consequence_dash""]"
consequence_dash,Начался дождь встречу перенесли утром. Затем служба закрыла вопрос.,Начался дождь — встречу перенесли утром. Затем служба закрыла вопрос.,no_supported_edit,10,False,"[""consequence_dash""]"
consequence_dash,Начался дождь команда закрыла окна. Позже эксперт согласовал таблицу.,Начался дождь — команда закрыла окна. Позже эксперт согласовал таблицу.,no_supported_edit,10,False,"[""consequence_dash""]"
consequence_dash,Начался дождь мы остались дома. Утром отдел отправил договор.,Начался дождь — мы остались дома. Утром отдел отправил договор.,no_supported_edit,10,False,"[""consequence_dash""]"
consequence_dash,Начался дождь встречу перенесли утром. После совещания автор уточнил дату.,Начался дождь — встречу перенесли утром. После совещания автор уточнил дату.,no_supported_edit,11,False,"[""consequence_dash""]"
consequence_dash,Начался дождь команда закрыла окна. Вечером редактор открыл протокол.,Начался дождь — команда закрыла окна. Вечером редактор открыл протокол.,no_supported_edit,10,False,"[""consequence_dash""]"
consequence_dash,Начался дождь мы остались дома. Затем координатор сверил журнал.,Начался дождь — мы остались дома. Затем координатор сверил журнал.,no_supported_edit,10,False,"[""consequence_dash""]"
consequence_dash,Начался дождь встречу перенесли утром. Позже комиссия сохранила решение.,Начался дождь — встречу перенесли утром. Позже комиссия сохранила решение.,no_supported_edit,10,False,"[""consequence_dash""]"
consequence_dash,Начался дождь команда закрыла окна. Утром секретарь проверил папку.,Начался дождь — команда закрыла окна. Утром секретарь проверил папку.,no_supported_edit,10,False,"[""consequence_dash""]"
consequence_dash,Начался дождь мы остались дома. После проверки аналитик принял сводку.,Начался дождь — мы остались дома. После проверки аналитик принял сводку.,no_supported_edit,11,False,"[""consequence_dash""]"
consequence_dash,Начался дождь встречу перенесли утром. Вечером служба обновила список.,Начался дождь — встречу перенесли утром. Вечером служба обновила список.,no_supported_edit,10,False,"[""consequence_dash""]"
consequence_dash,Начался дождь команда закрыла окна. Затем юрист отправил письмо.,Начался дождь — команда закрыла окна. Затем юрист отправил письмо.,no_supported_edit,10,False,"[""consequence_dash""]"
consequence_dash,Начался дождь мы остались дома. Позже отдел согласовал график.,Начался дождь — мы остались дома. Позже отдел согласовал график.,no_supported_edit,10,False,"[""consequence_dash""]"
consequence_dash,Начался дождь встречу перенесли утром. Утром редакция сверила выпуск.,Начался дождь — встречу перенесли утром. Утром редакция сверила выпуск.,no_supported_edit,10,False,"[""consequence_dash""]"
consequence_dash,Начался дождь команда закрыла окна. После встречи эксперт закрыл заявку.,Начался дождь — команда закрыла окна. После встречи эксперт закрыл заявку.,no_supported_edit,11,False,"[""consequence_dash""]"
consequence_dash,Начался дождь мы остались дома. Вечером автор сохранил раздел.,Начался дождь — мы остались дома. Вечером автор сохранил раздел.,no_supported_edit,10,False,"[""consequence_dash""]"
consequence_dash,Начался дождь встречу перенесли утром. Затем группа проверила договор.,Начался дождь — встречу перенесли утром. Затем группа проверила договор.,no_supported_edit,10,False,"[""consequence_dash""]"
consequence_dash,Начался дождь команда закрыла окна. Позже секретарь уточнил таблицу.,Начался дождь — команда закрыла окна. Позже секретарь уточнил таблицу.,no_supported_edit,10,False,"[""consequence_dash""]"
consequence_dash,Начался дождь мы остались дома. Утром комиссия открыла журнал.,Начался дождь — мы остались дома. Утром комиссия открыла журнал.,no_supported_edit,10,False,"[""consequence_dash""]"
consequence_dash,Начался дождь встречу перенесли утром. После обеда координатор принял протокол.,Начался дождь — встречу перенесли утром. После обеда координатор принял протокол.,no_supported_edit,11,False,"[""consequence_dash""]"
consequence_dash,Начался дождь команда закрыла окна. Вечером аналитик сверил письмо.,Начался дождь — команда закрыла окна. Вечером аналитик сверил письмо.,no_supported_edit,10,False,"[""consequence_dash""]"
consequence_dash,Начался дождь мы остались дома. Затем редактор обновил дату.,Начался дождь — мы остались дома. Затем редактор обновил дату.,no_supported_edit,10,False,"[""consequence_dash""]"
consequence_dash,Начался дождь встречу перенесли утром. Позже служба проверила запись.,Начался дождь — встречу перенесли утром. Позже служба проверила запись.,no_supported_edit,10,False,"[""consequence_dash""]"
consequence_dash,Начался дождь команда закрыла окна. Утром юрист сохранил справку.,Начался дождь — команда закрыла окна. Утром юрист сохранил справку.,no_supported_edit,10,False,"[""consequence_dash""]"
consequence_dash,Начался дождь мы остались дома. После проверки автор отправил отчет.,Начался дождь — мы остались дома. После проверки автор отправил отчет.,no_supported_edit,11,False,"[""consequence_dash""]"
consequence_dash,Начался дождь встречу перенесли утром. Вечером отдел открыл папку.,Начался дождь — встречу перенесли утром. Вечером отдел открыл папку.,no_supported_edit,10,False,"[""consequence_dash""]"
consequence_dash,Начался дождь команда закрыла окна. Затем эксперт согласовал список.,Начался дождь — команда закрыла окна. Затем эксперт согласовал список.,no_supported_edit,10,False,"[""consequence_dash""]"
consequence_dash,Начался дождь мы остались дома. Позже координатор обновил ведомость.,Начался дождь — мы остались дома. Позже координатор обновил ведомость.,no_supported_edit,10,False,"[""consequence_dash""]"
consequence_dash,Начался дождь встречу перенесли утром. Утром группа приняла решение.,Начался дождь — встречу перенесли утром. Утром группа приняла решение.,no_supported_edit,10,False,"[""consequence_dash""]"
consequence_dash,Начался дождь команда закрыла окна. После встречи редакция проверила маршрут.,Начался дождь — команда закрыла окна. После встречи редакция проверила маршрут.,no_supported_edit,11,False,"[""consequence_dash""]"
consequence_dash,Начался дождь мы остались дома. Вечером комиссия сохранила таблицу.,Начался дождь — мы остались дома. Вечером комиссия сохранила таблицу.,no_supported_edit,10,False,"[""consequence_dash""]"
consequence_dash,Начался дождь встречу перенесли утром. Затем секретарь закрыл раздел.,Начался дождь — встречу перенесли утром. Затем секретарь закрыл раздел.,no_supported_edit,10,False,"[""consequence_dash""]"
consequence_dash,Начался дождь команда закрыла окна. Позже аналитик отправил сводку.,Начался дождь — команда закрыла окна. Позже аналитик отправил сводку.,no_supported_edit,10,False,"[""consequence_dash""]"
consequence_dash,Начался дождь мы остались дома. Утром служба уточнила график.,Начался дождь — мы остались дома. Утром служба уточнила график.,no_supported_edit,10,False,"[""consequence_dash""]"
consequence_dash,Начался дождь встречу перенесли утром. После обеда редактор принял письмо.,Начался дождь — встречу перенесли утром. После обеда редактор принял письмо.,no_supported_edit,11,False,"[""consequence_dash""]"
consequence_dash,Начался дождь команда закрыла окна. Вечером юрист сверил договор.,Начался дождь — команда закрыла окна. Вечером юрист сверил договор.,no_supported_edit,10,False,"[""consequence_dash""]"
consequence_dash,Начался дождь мы остались дома. Затем отдел сохранил журнал.,Начался дождь — мы остались дома. Затем отдел сохранил журнал.,no_supported_edit,10,False,"[""consequence_dash""]"
consequence_dash,Начался дождь встречу перенесли утром. Позже автор проверил подпись.,Начался дождь — встречу перенесли утром. Позже автор проверил подпись.,no_supported_edit,10,False,"[""consequence_dash""]"
consequence_dash,Начался дождь команда закрыла окна. Утром эксперт обновил протокол.,Начался дождь — команда закрыла окна. Утром эксперт обновил протокол.,no_supported_edit,10,False,"[""consequence_dash""]"
consequence_dash,Начался дождь мы остались дома. После проверки комиссия отправила ответ.,Начался дождь — мы остались дома. После проверки комиссия отправила ответ.,no_supported_edit,11,False,"[""consequence_dash""]"
consequence_dash,Начался дождь встречу перенесли утром. Вечером координатор открыл список.,Начался дождь — встречу перенесли утром. Вечером координатор открыл список.,no_supported_edit,10,False,"[""consequence_dash""]"
consequence_dash,Начался дождь команда закрыла окна. Затем редакция согласовала выпуск.,Начался дождь — команда закрыла окна. Затем редакция согласовала выпуск.,no_supported_edit,10,False,"[""consequence_dash""]"
consequence_dash,Начался дождь мы остались дома. Позже группа сохранила папку.,Начался дождь — мы остались дома. Позже группа сохранила папку.,no_supported_edit,10,False,"[""consequence_dash""]"
consequence_dash,Начался дождь встречу перенесли утром. Утром аналитик проверил заявку.,Начался дождь — встречу перенесли утром. Утром аналитик проверил заявку.,no_supported_edit,10,False,"[""consequence_dash""]"
consequence_dash,Начался дождь команда закрыла окна. После встречи служба приняла справку.,Начался дождь — команда закрыла окна. После встречи служба приняла справку.,no_supported_edit,11,False,"[""consequence_dash""]"
consequence_dash,Начался дождь мы остались дома. Вечером секретарь отправил письмо.,Начался дождь — мы остались дома. Вечером секретарь отправил письмо.,no_supported_edit,10,False,"[""consequence_dash""]"
consequence_dash,Начался дождь встречу перенесли утром. Затем юрист обновил решение.,Начался дождь — встречу перенесли утром. Затем юрист обновил решение.,no_supported_edit,10,False,"[""consequence_dash""]"
consequence_dash,Начался дождь команда закрыла окна. Позже отдел сверил таблицу.,Начался дождь — команда закрыла окна. Позже отдел сверил таблицу.,no_supported_edit,10,False,"[""consequence_dash""]"
consequence_dash,Начался дождь мы остались дома. Утром автор закрыл вопрос.,Начался дождь — мы остались дома. Утром автор закрыл вопрос.,no_supported_edit,10,False,"[""consequence_dash""]"
consequence_dash,Начался дождь встречу перенесли утром. Позже редактор сохранил копию.,Начался дождь — встречу перенесли утром. Позже редактор сохранил копию.,no_supported_edit,10,False,"[""consequence_dash""]"
consequence_dash,Начался дождь команда закрыла окна. Утром комиссия вернулась к письму.,Начался дождь — команда закрыла окна. Утром комиссия вернулась к письму.,no_supported_edit,11,False,"[""consequence_dash""]"
consequence_dash,Начался дождь мы остались дома. После встречи файл остался в архиве.,Начался дождь — мы остались дома. После встречи файл остался в архиве.,no_supported_edit,12,False,"[""consequence_dash""]"
consequence_dash,Начался дождь встречу перенесли утром. Вечером автор обновил сводку.,Начался дождь — встречу перенесли утром. Вечером автор обновил сводку.,no_supported_edit,10,False,"[""consequence_dash""]"
consequence_dash,Начался дождь команда закрыла окна. Затем группа сверила подписи.,Начался дождь — команда закрыла окна. Затем группа сверила подписи.,no_supported_edit,10,False,"[""consequence_dash""]"
consequence_dash,Начался дождь мы остались дома. Позже служба отправила ответ.,Начался дождь — мы остались дома. Позже служба отправила ответ.,no_supported_edit,10,False,"[""consequence_dash""]"
consequence_dash,Начался дождь встречу перенесли утром. Утром секретарь открыл папку.,Начался дождь — встречу перенесли утром. Утром секретарь открыл папку.,no_supported_edit,10,False,"[""consequence_dash""]"
consequence_dash,Начался дождь команда закрыла окна. После проверки список закрыли.,Начался дождь — команда закрыла окна. После проверки список закрыли.,no_supported_edit,10,False,"[""consequence_dash""]"
consequence_dash,Начался дождь мы остались дома. Вечером руководитель принял правки.,Начался дождь — мы остались дома. Вечером руководитель принял правки.,no_supported_edit,10,False,"[""consequence_dash""]"
consequence_dash,Начался дождь встречу перенесли утром. Затем аналитик обновил запись.,Начался дождь — встречу перенесли утром. Затем аналитик обновил запись.,no_supported_edit,10,False,"[""consequence_dash""]"
consequence_dash,Начался дождь команда закрыла окна. Позже юрист согласовал договор.,Начался дождь — команда закрыла окна. Позже юрист согласовал договор.,no_supported_edit,10,False,"[""consequence_dash""]"
consequence_dash,Начался дождь мы остались дома. Утром редакция выпустила заметку.,Начался дождь — мы остались дома. Утром редакция выпустила заметку.,no_supported_edit,10,False,"[""consequence_dash""]"
consequence_dash,Начался дождь встречу перенесли утром. После совещания команда сверила сроки.,Начался дождь — встречу перенесли утром. После совещания команда сверила сроки.,no_supported_edit,11,False,"[""consequence_dash""]"
consequence_dash,Начался дождь команда закрыла окна. Вечером архивариус нашел копию.,Начался дождь — команда закрыла окна. Вечером архивариус нашел копию.,no_supported_edit,10,False,"[""consequence_dash""]"
consequence_dash,Начался дождь мы остались дома. Затем отдел подготовил справку.,Начался дождь — мы остались дома. Затем отдел подготовил справку.,no_supported_edit,10,False,"[""consequence_dash""]"
consequence_dash,Начался дождь встречу перенесли утром. Позже координатор закрыл заявку.,Начался дождь — встречу перенесли утром. Позже координатор закрыл заявку.,no_supported_edit,10,False,"[""consequence_dash""]"
consequence_dash,Начался дождь команда закрыла окна. Утром эксперт прочитал письмо.,Начался дождь — команда закрыла окна. Утром эксперт прочитал письмо.,no_supported_edit,10,False,"[""consequence_dash""]"
consequence_dash,Начался дождь мы остались дома. После обеда комиссия уточнила вывод.,Начался дождь — мы остались дома. После обеда комиссия уточнила вывод.,no_supported_edit,11,False,"[""consequence_dash""]"
consequence_dash,Начался дождь встречу перенесли утром. Вечером автор проверил таблицу.,Начался дождь — встречу перенесли утром. Вечером автор проверил таблицу.,no_supported_edit,10,False,"[""consequence_dash""]"
consequence_dash,Начался дождь команда закрыла окна. Затем редактор отправил файл.,Начался дождь — команда закрыла окна. Затем редактор отправил файл.,no_supported_edit,10,False,"[""consequence_dash""]"
consequence_dash,Начался дождь мы остались дома. Позже группа обсудила договор.,Начался дождь — мы остались дома. Позже группа обсудила договор.,no_supported_edit,10,False,"[""consequence_dash""]"
consequence_dash,Начался дождь встречу перенесли утром. Утром служба приняла заявку.,Начался дождь — встречу перенесли утром. Утром служба приняла заявку.,no_supported_edit,10,False,"[""consequence_dash""]"
consequence_dash,Начался дождь команда закрыла окна. После проверки руководитель подписал лист.,Начался дождь — команда закрыла окна. После проверки руководитель подписал лист.,no_supported_edit,11,False,"[""consequence_dash""]"
enumeration_colon,В отчете указаны три проблемы ошибки задержки и риски.,В отчете указаны три проблемы: ошибки задержки и риски.,no_existing_candidate_backed_pattern,9,False,[]
homogeneous_comma,Команда проверила отчеты письма и заявки.,"Команда проверила отчеты, письма и заявки.",no_existing_candidate_backed_pattern,6,False,[]
hyphen_whitelist,Он говорит по русски о документе. Позже редактор сохранил копию.,Он говорит по-русски о документе. Позже редактор сохранил копию.,no_existing_candidate_backed_pattern,14,False,"[""direct_speech_colon"", ""direct_speech_quotes"", ""hyphen_po_adverbs""]"
hyphen_whitelist,Кто нибудь отправит отчет утром. Утром комиссия вернулась к письму.,Кто-нибудь отправит отчет утром. Утром комиссия вернулась к письму.,no_existing_candidate_backed_pattern,11,False,"[""hyphen_particles""]"
hyphen_whitelist,Кое кто сохранил таблицу вечером. После встречи файл остался в архиве.,Кое-кто сохранил таблицу вечером. После встречи файл остался в архиве.,no_existing_candidate_backed_pattern,12,False,"[""hyphen_koe_koy""]"
hyphen_whitelist,Он говорит по русски о документе. Вечером автор обновил сводку.,Он говорит по-русски о документе. Вечером автор обновил сводку.,no_existing_candidate_backed_pattern,14,False,"[""direct_speech_colon"", ""direct_speech_quotes"", ""hyphen_po_adverbs""]"
hyphen_whitelist,Кто нибудь отправит отчет утром. Затем группа сверила подписи.,Кто-нибудь отправит отчет утром. Затем группа сверила подписи.,no_existing_candidate_backed_pattern,10,False,"[""hyphen_particles""]"
hyphen_whitelist,Кое кто сохранил таблицу вечером. Позже служба отправила ответ.,Кое-кто сохранил таблицу вечером. Позже служба отправила ответ.,no_existing_candidate_backed_pattern,10,False,"[""hyphen_koe_koy""]"
hyphen_whitelist,Он говорит по русски о документе. Утром секретарь открыл папку.,Он говорит по-русски о документе. Утром секретарь открыл папку.,no_existing_candidate_backed_pattern,14,False,"[""direct_speech_colon"", ""direct_speech_quotes"", ""hyphen_po_adverbs""]"
hyphen_whitelist,Кто нибудь отправит отчет утром. После проверки список закрыли.,Кто-нибудь отправит отчет утром. После проверки список закрыли.,no_existing_candidate_backed_pattern,10,False,"[""hyphen_particles""]"
hyphen_whitelist,Кое кто сохранил таблицу вечером. Вечером руководитель принял правки.,Кое-кто сохранил таблицу вечером. Вечером руководитель принял правки.,no_existing_candidate_backed_pattern,10,False,"[""hyphen_koe_koy""]"
hyphen_whitelist,Он говорит по русски о документе. Затем аналитик обновил запись.,Он говорит по-русски о документе. Затем аналитик обновил запись.,no_existing_candidate_backed_pattern,14,False,"[""direct_speech_colon"", ""direct_speech_quotes"", ""hyphen_po_adverbs""]"
hyphen_whitelist,Кто нибудь отправит отчет утром. Позже юрист согласовал договор.,Кто-нибудь отправит отчет утром. Позже юрист согласовал договор.,no_existing_candidate_backed_pattern,10,False,"[""hyphen_particles""]"
hyphen_whitelist,Кое кто сохранил таблицу вечером. Утром редакция выпустила заметку.,Кое-кто сохранил таблицу вечером. Утром редакция выпустила заметку.,no_existing_candidate_backed_pattern,10,False,"[""hyphen_koe_koy""]"
hyphen_whitelist,Он говорит по русски о документе. После совещания команда сверила сроки.,Он говорит по-русски о документе. После совещания команда сверила сроки.,no_existing_candidate_backed_pattern,15,False,"[""direct_speech_colon"", ""direct_speech_quotes"", ""hyphen_po_adverbs""]"
hyphen_whitelist,Кто нибудь отправит отчет утром. Вечером архивариус нашел копию.,Кто-нибудь отправит отчет утром. Вечером архивариус нашел копию.,no_existing_candidate_backed_pattern,10,False,"[""hyphen_particles""]"
hyphen_whitelist,Кое кто сохранил таблицу вечером. Затем отдел подготовил справку.,Кое-кто сохранил таблицу вечером. Затем отдел подготовил справку.,no_existing_candidate_backed_pattern,10,False,"[""hyphen_koe_koy""]"
hyphen_whitelist,Он говорит по русски о документе. Позже координатор закрыл заявку.,Он говорит по-русски о документе. Позже координатор закрыл заявку.,no_existing_candidate_backed_pattern,14,False,"[""direct_speech_colon"", ""direct_speech_quotes"", ""hyphen_po_adverbs""]"
hyphen_whitelist,Кто нибудь отправит отчет утром. Утром эксперт прочитал письмо.,Кто-нибудь отправит отчет утром. Утром эксперт прочитал письмо.,no_existing_candidate_backed_pattern,10,False,"[""hyphen_particles""]"
hyphen_whitelist,Кое кто сохранил таблицу вечером. После обеда комиссия уточнила вывод.,Кое-кто сохранил таблицу вечером. После обеда комиссия уточнила вывод.,no_existing_candidate_backed_pattern,11,False,"[""hyphen_koe_koy""]"
hyphen_whitelist,Он говорит по русски о документе. Вечером автор проверил таблицу.,Он говорит по-русски о документе. Вечером автор проверил таблицу.,no_existing_candidate_backed_pattern,14,False,"[""direct_speech_colon"", ""direct_speech_quotes"", ""hyphen_po_adverbs""]"
hyphen_whitelist,Кто нибудь отправит отчет утром. Затем редактор отправил файл.,Кто-нибудь отправит отчет утром. Затем редактор отправил файл.,no_existing_candidate_backed_pattern,10,False,"[""hyphen_particles""]"
hyphen_whitelist,Кое кто сохранил таблицу вечером. Позже группа обсудила договор.,Кое-кто сохранил таблицу вечером. Позже группа обсудила договор.,no_existing_candidate_backed_pattern,10,False,"[""hyphen_koe_koy""]"
hyphen_whitelist,Он говорит по русски о документе. Утром служба приняла заявку.,Он говорит по-русски о документе. Утром служба приняла заявку.,no_existing_candidate_backed_pattern,14,False,"[""direct_speech_colon"", ""direct_speech_quotes"", ""hyphen_po_adverbs""]"
hyphen_whitelist,Кто нибудь отправит отчет утром. После проверки руководитель подписал лист.,Кто-нибудь отправит отчет утром. После проверки руководитель подписал лист.,no_existing_candidate_backed_pattern,11,False,"[""hyphen_particles""]"
hyphen_whitelist,Кое кто сохранил таблицу вечером. Вечером секретарь обновил график.,Кое-кто сохранил таблицу вечером. Вечером секретарь обновил график.,no_existing_candidate_backed_pattern,10,False,"[""hyphen_koe_koy""]"
hyphen_whitelist,Он говорит по русски о документе. Затем эксперт сверил данные.,Он говорит по-русски о документе. Затем эксперт сверил данные.,no_existing_candidate_backed_pattern,14,False,"[""direct_speech_colon"", ""direct_speech_quotes"", ""hyphen_po_adverbs""]"
hyphen_whitelist,Кто нибудь отправит отчет утром. Позже редакция открыла архив.,Кто-нибудь отправит отчет утром. Позже редакция открыла архив.,no_existing_candidate_backed_pattern,10,False,"[""hyphen_particles""]"
hyphen_whitelist,Кое кто сохранил таблицу вечером. Утром автор исправил дату.,Кое-кто сохранил таблицу вечером. Утром автор исправил дату.,no_existing_candidate_backed_pattern,10,False,"[""hyphen_koe_koy""]"
hyphen_whitelist,Он говорит по русски о документе. После встречи отдел сохранил запись.,Он говорит по-русски о документе. После встречи отдел сохранил запись.,no_existing_candidate_backed_pattern,15,False,"[""direct_speech_colon"", ""direct_speech_quotes"", ""hyphen_po_adverbs""]"
hyphen_whitelist,Кто нибудь отправит отчет утром. Вечером комиссия закрыла вопрос.,Кто-нибудь отправит отчет утром. Вечером комиссия закрыла вопрос.,no_existing_candidate_backed_pattern,10,False,"[""hyphen_particles""]"
hyphen_whitelist,Кое кто сохранил таблицу вечером. Затем координатор отправил сводку.,Кое-кто сохранил таблицу вечером. Затем координатор отправил сводку.,no_existing_candidate_backed_pattern,10,False,"[""hyphen_koe_koy""]"
hyphen_whitelist,Он говорит по русски о документе. Позже аналитик проверил договор.,Он говорит по-русски о документе. Позже аналитик проверил договор.,no_existing_candidate_backed_pattern,14,False,"[""direct_speech_colon"", ""direct_speech_quotes"", ""hyphen_po_adverbs""]"
hyphen_whitelist,Кто нибудь отправит отчет утром. Утром редактор принял отчет.,Кто-нибудь отправит отчет утром. Утром редактор принял отчет.,no_existing_candidate_backed_pattern,10,False,"[""hyphen_particles""]"
hyphen_whitelist,Кое кто сохранил таблицу вечером. После обеда автор открыл журнал.,Кое-кто сохранил таблицу вечером. После обеда автор открыл журнал.,no_existing_candidate_backed_pattern,11,False,"[""hyphen_koe_koy""]"
hyphen_whitelist,Он говорит по русски о документе. Вечером отдел сверил ведомость.,Он говорит по-русски о документе. Вечером отдел сверил ведомость.,no_existing_candidate_backed_pattern,14,False,"[""direct_speech_colon"", ""direct_speech_quotes"", ""hyphen_po_adverbs""]"
hyphen_whitelist,Кто нибудь отправит отчет утром. Затем юрист обновил папку.,Кто-нибудь отправит отчет утром. Затем юрист обновил папку.,no_existing_candidate_backed_pattern,10,False,"[""hyphen_particles""]"
hyphen_whitelist,Кое кто сохранил таблицу вечером. Позже комиссия приняла справку.,Кое-кто сохранил таблицу вечером. Позже комиссия приняла справку.,no_existing_candidate_backed_pattern,10,False,"[""hyphen_koe_koy""]"
hyphen_whitelist,Он говорит по русски о документе. Утром группа закрыла протокол.,Он говорит по-русски о документе. Утром группа закрыла протокол.,no_existing_candidate_backed_pattern,14,False,"[""direct_speech_colon"", ""direct_speech_quotes"", ""hyphen_po_adverbs""]"
hyphen_whitelist,Кто нибудь отправит отчет утром. После встречи редактор сохранил таблицу.,Кто-нибудь отправит отчет утром. После встречи редактор сохранил таблицу.,no_existing_candidate_backed_pattern,11,False,"[""hyphen_particles""]"
hyphen_whitelist,Кое кто сохранил таблицу вечером. Вечером эксперт уточнил маршрут.,Кое-кто сохранил таблицу вечером. Вечером эксперт уточнил маршрут.,no_existing_candidate_backed_pattern,10,False,"[""hyphen_koe_koy""]"
hyphen_whitelist,Он говорит по русски о документе. Затем секретарь проверил журнал.,Он говорит по-русски о документе. Затем секретарь проверил журнал.,no_existing_candidate_backed_pattern,14,False,"[""direct_speech_colon"", ""direct_speech_quotes"", ""hyphen_po_adverbs""]"
hyphen_whitelist,Кто нибудь отправит отчет утром. Позже служба согласовала заявку.,Кто-нибудь отправит отчет утром. Позже служба согласовала заявку.,no_existing_candidate_backed_pattern,10,False,"[""hyphen_particles""]"
hyphen_whitelist,Кое кто сохранил таблицу вечером. Утром автор отправил письмо.,Кое-кто сохранил таблицу вечером. Утром автор отправил письмо.,no_existing_candidate_backed_pattern,10,False,"[""hyphen_koe_koy""]"
hyphen_whitelist,Он говорит по русски о документе. После проверки отдел обновил график.,Он говорит по-русски о документе. После проверки отдел обновил график.,no_existing_candidate_backed_pattern,15,False,"[""direct_speech_colon"", ""direct_speech_quotes"", ""hyphen_po_adverbs""]"
hyphen_whitelist,Кто нибудь отправит отчет утром. Вечером координатор принял ответ.,Кто-нибудь отправит отчет утром. Вечером координатор принял ответ.,no_existing_candidate_backed_pattern,10,False,"[""hyphen_particles""]"
hyphen_whitelist,Кое кто сохранил таблицу вечером. Затем комиссия открыла раздел.,Кое-кто сохранил таблицу вечером. Затем комиссия открыла раздел.,no_existing_candidate_backed_pattern,10,False,"[""hyphen_koe_koy""]"
hyphen_whitelist,Он говорит по русски о документе. Позже редактор сверил список.,Он говорит по-русски о документе. Позже редактор сверил список.,no_existing_candidate_backed_pattern,14,False,"[""direct_speech_colon"", ""direct_speech_quotes"", ""hyphen_po_adverbs""]"
hyphen_whitelist,Кто нибудь отправит отчет утром. Утром аналитик сохранил отчет.,Кто-нибудь отправит отчет утром. Утром аналитик сохранил отчет.,no_existing_candidate_backed_pattern,10,False,"[""hyphen_particles""]"
hyphen_whitelist,Кое кто сохранил таблицу вечером. После обеда юрист проверил подпись.,Кое-кто сохранил таблицу вечером. После обеда юрист проверил подпись.,no_existing_candidate_backed_pattern,11,False,"[""hyphen_koe_koy""]"
hyphen_whitelist,Он говорит по русски о документе. Вечером группа обновила запись.,Он говорит по-русски о документе. Вечером группа обновила запись.,no_existing_candidate_backed_pattern,14,False,"[""direct_speech_colon"", ""direct_speech_quotes"", ""hyphen_po_adverbs""]"
hyphen_whitelist,Кто нибудь отправит отчет утром. Затем служба закрыла вопрос.,Кто-нибудь отправит отчет утром. Затем служба закрыла вопрос.,no_existing_candidate_backed_pattern,10,False,"[""hyphen_particles""]"
hyphen_whitelist,Кое кто сохранил таблицу вечером. Позже эксперт согласовал таблицу.,Кое-кто сохранил таблицу вечером. Позже эксперт согласовал таблицу.,no_existing_candidate_backed_pattern,10,False,"[""hyphen_koe_koy""]"
hyphen_whitelist,Он говорит по русски о документе. Утром отдел отправил договор.,Он говорит по-русски о документе. Утром отдел отправил договор.,no_existing_candidate_backed_pattern,14,False,"[""direct_speech_colon"", ""direct_speech_quotes"", ""hyphen_po_adverbs""]"
hyphen_whitelist,Кто нибудь отправит отчет утром. После совещания автор уточнил дату.,Кто-нибудь отправит отчет утром. После совещания автор уточнил дату.,no_existing_candidate_backed_pattern,11,False,"[""hyphen_particles""]"
hyphen_whitelist,Кое кто сохранил таблицу вечером. Вечером редактор открыл протокол.,Кое-кто сохранил таблицу вечером. Вечером редактор открыл протокол.,no_existing_candidate_backed_pattern,10,False,"[""hyphen_koe_koy""]"
hyphen_whitelist,Он говорит по русски о документе. Затем координатор сверил журнал.,Он говорит по-русски о документе. Затем координатор сверил журнал.,no_existing_candidate_backed_pattern,14,False,"[""direct_speech_colon"", ""direct_speech_quotes"", ""hyphen_po_adverbs""]"
hyphen_whitelist,Кто нибудь отправит отчет утром. Позже комиссия сохранила решение.,Кто-нибудь отправит отчет утром. Позже комиссия сохранила решение.,no_existing_candidate_backed_pattern,10,False,"[""hyphen_particles""]"
hyphen_whitelist,Кое кто сохранил таблицу вечером. Утром секретарь проверил папку.,Кое-кто сохранил таблицу вечером. Утром секретарь проверил папку.,no_existing_candidate_backed_pattern,10,False,"[""hyphen_koe_koy""]"
hyphen_whitelist,Он говорит по русски о документе. После проверки аналитик принял сводку.,Он говорит по-русски о документе. После проверки аналитик принял сводку.,no_existing_candidate_backed_pattern,15,False,"[""direct_speech_colon"", ""direct_speech_quotes"", ""hyphen_po_adverbs""]"
hyphen_whitelist,Кто нибудь отправит отчет утром. Вечером служба обновила список.,Кто-нибудь отправит отчет утром. Вечером служба обновила список.,no_existing_candidate_backed_pattern,10,False,"[""hyphen_particles""]"
hyphen_whitelist,Кое кто сохранил таблицу вечером. Затем юрист отправил письмо.,Кое-кто сохранил таблицу вечером. Затем юрист отправил письмо.,no_existing_candidate_backed_pattern,10,False,"[""hyphen_koe_koy""]"
hyphen_whitelist,Он говорит по русски о документе. Позже отдел согласовал график.,Он говорит по-русски о документе. Позже отдел согласовал график.,no_existing_candidate_backed_pattern,14,False,"[""direct_speech_colon"", ""direct_speech_quotes"", ""hyphen_po_adverbs""]"
hyphen_whitelist,Кто нибудь отправит отчет утром. Утром редакция сверила выпуск.,Кто-нибудь отправит отчет утром. Утром редакция сверила выпуск.,no_existing_candidate_backed_pattern,10,False,"[""hyphen_particles""]"
hyphen_whitelist,Кое кто сохранил таблицу вечером. После встречи эксперт закрыл заявку.,Кое-кто сохранил таблицу вечером. После встречи эксперт закрыл заявку.,no_existing_candidate_backed_pattern,11,False,"[""hyphen_koe_koy""]"
hyphen_whitelist,Он говорит по русски о документе. Вечером автор сохранил раздел.,Он говорит по-русски о документе. Вечером автор сохранил раздел.,no_existing_candidate_backed_pattern,14,False,"[""direct_speech_colon"", ""direct_speech_quotes"", ""hyphen_po_adverbs""]"
hyphen_whitelist,Кто нибудь отправит отчет утром. Затем группа проверила договор.,Кто-нибудь отправит отчет утром. Затем группа проверила договор.,no_existing_candidate_backed_pattern,10,False,"[""hyphen_particles""]"
hyphen_whitelist,Кое кто сохранил таблицу вечером. Позже секретарь уточнил таблицу.,Кое-кто сохранил таблицу вечером. Позже секретарь уточнил таблицу.,no_existing_candidate_backed_pattern,10,False,"[""hyphen_koe_koy""]"
hyphen_whitelist,Он говорит по русски о документе. Утром комиссия открыла журнал.,Он говорит по-русски о документе. Утром комиссия открыла журнал.,no_existing_candidate_backed_pattern,14,False,"[""direct_speech_colon"", ""direct_speech_quotes"", ""hyphen_po_adverbs""]"
hyphen_whitelist,Кто нибудь отправит отчет утром. После обеда координатор принял протокол.,Кто-нибудь отправит отчет утром. После обеда координатор принял протокол.,no_existing_candidate_backed_pattern,11,False,"[""hyphen_particles""]"
hyphen_whitelist,Кое кто сохранил таблицу вечером. Вечером аналитик сверил письмо.,Кое-кто сохранил таблицу вечером. Вечером аналитик сверил письмо.,no_existing_candidate_backed_pattern,10,False,"[""hyphen_koe_koy""]"
hyphen_whitelist,Он говорит по русски о документе. Затем редактор обновил дату.,Он говорит по-русски о документе. Затем редактор обновил дату.,no_existing_candidate_backed_pattern,14,False,"[""direct_speech_colon"", ""direct_speech_quotes"", ""hyphen_po_adverbs""]"
hyphen_whitelist,Кто нибудь отправит отчет утром. Позже служба проверила запись.,Кто-нибудь отправит отчет утром. Позже служба проверила запись.,no_existing_candidate_backed_pattern,10,False,"[""hyphen_particles""]"
hyphen_whitelist,Кое кто сохранил таблицу вечером. Утром юрист сохранил справку.,Кое-кто сохранил таблицу вечером. Утром юрист сохранил справку.,no_existing_candidate_backed_pattern,10,False,"[""hyphen_koe_koy""]"
hyphen_whitelist,Он говорит по русски о документе. После проверки автор отправил отчет.,Он говорит по-русски о документе. После проверки автор отправил отчет.,no_existing_candidate_backed_pattern,15,False,"[""direct_speech_colon"", ""direct_speech_quotes"", ""hyphen_po_adverbs""]"
hyphen_whitelist,Кто нибудь отправит отчет утром. Вечером отдел открыл папку.,Кто-нибудь отправит отчет утром. Вечером отдел открыл папку.,no_existing_candidate_backed_pattern,10,False,"[""hyphen_particles""]"
hyphen_whitelist,Кое кто сохранил таблицу вечером. Затем эксперт согласовал список.,Кое-кто сохранил таблицу вечером. Затем эксперт согласовал список.,no_existing_candidate_backed_pattern,10,False,"[""hyphen_koe_koy""]"
hyphen_whitelist,Он говорит по русски о документе. Позже координатор обновил ведомость.,Он говорит по-русски о документе. Позже координатор обновил ведомость.,no_existing_candidate_backed_pattern,14,False,"[""direct_speech_colon"", ""direct_speech_quotes"", ""hyphen_po_adverbs""]"
hyphen_whitelist,Кто нибудь отправит отчет утром. Утром группа приняла решение.,Кто-нибудь отправит отчет утром. Утром группа приняла решение.,no_existing_candidate_backed_pattern,10,False,"[""hyphen_particles""]"
hyphen_whitelist,Кое кто сохранил таблицу вечером. После встречи редакция проверила маршрут.,Кое-кто сохранил таблицу вечером. После встречи редакция проверила маршрут.,no_existing_candidate_backed_pattern,11,False,"[""hyphen_koe_koy""]"
hyphen_whitelist,Он говорит по русски о документе. Вечером комиссия сохранила таблицу.,Он говорит по-русски о документе. Вечером комиссия сохранила таблицу.,no_existing_candidate_backed_pattern,14,False,"[""direct_speech_colon"", ""direct_speech_quotes"", ""hyphen_po_adverbs""]"
hyphen_whitelist,Кто нибудь отправит отчет утром. Затем секретарь закрыл раздел.,Кто-нибудь отправит отчет утром. Затем секретарь закрыл раздел.,no_existing_candidate_backed_pattern,10,False,"[""hyphen_particles""]"
hyphen_whitelist,Кое кто сохранил таблицу вечером. Позже аналитик отправил сводку.,Кое-кто сохранил таблицу вечером. Позже аналитик отправил сводку.,no_existing_candidate_backed_pattern,10,False,"[""hyphen_koe_koy""]"
hyphen_whitelist,Он говорит по русски о документе. Утром служба уточнила график.,Он говорит по-русски о документе. Утром служба уточнила график.,no_existing_candidate_backed_pattern,14,False,"[""direct_speech_colon"", ""direct_speech_quotes"", ""hyphen_po_adverbs""]"
hyphen_whitelist,Кто нибудь отправит отчет утром. После обеда редактор принял письмо.,Кто-нибудь отправит отчет утром. После обеда редактор принял письмо.,no_existing_candidate_backed_pattern,11,False,"[""hyphen_particles""]"
hyphen_whitelist,Кое кто сохранил таблицу вечером. Вечером юрист сверил договор.,Кое-кто сохранил таблицу вечером. Вечером юрист сверил договор.,no_existing_candidate_backed_pattern,10,False,"[""hyphen_koe_koy""]"
hyphen_whitelist,Он говорит по русски о документе. Затем отдел сохранил журнал.,Он говорит по-русски о документе. Затем отдел сохранил журнал.,no_existing_candidate_backed_pattern,14,False,"[""direct_speech_colon"", ""direct_speech_quotes"", ""hyphen_po_adverbs""]"
hyphen_whitelist,Кто нибудь отправит отчет утром. Позже автор проверил подпись.,Кто-нибудь отправит отчет утром. Позже автор проверил подпись.,no_existing_candidate_backed_pattern,10,False,"[""hyphen_particles""]"
hyphen_whitelist,Кое кто сохранил таблицу вечером. Утром эксперт обновил протокол.,Кое-кто сохранил таблицу вечером. Утром эксперт обновил протокол.,no_existing_candidate_backed_pattern,10,False,"[""hyphen_koe_koy""]"
hyphen_whitelist,Он говорит по русски о документе. После проверки комиссия отправила ответ.,Он говорит по-русски о документе. После проверки комиссия отправила ответ.,no_existing_candidate_backed_pattern,15,False,"[""direct_speech_colon"", ""direct_speech_quotes"", ""hyphen_po_adverbs""]"
hyphen_whitelist,Кто нибудь отправит отчет утром. Вечером координатор открыл список.,Кто-нибудь отправит отчет утром. Вечером координатор открыл список.,no_existing_candidate_backed_pattern,10,False,"[""hyphen_particles""]"
hyphen_whitelist,Кое кто сохранил таблицу вечером. Затем редакция согласовала выпуск.,Кое-кто сохранил таблицу вечером. Затем редакция согласовала выпуск.,no_existing_candidate_backed_pattern,10,False,"[""hyphen_koe_koy""]"
hyphen_whitelist,Он говорит по русски о документе. Позже группа сохранила папку.,Он говорит по-русски о документе. Позже группа сохранила папку.,no_existing_candidate_backed_pattern,14,False,"[""direct_speech_colon"", ""direct_speech_quotes"", ""hyphen_po_adverbs""]"
hyphen_whitelist,Кто нибудь отправит отчет утром. Утром аналитик проверил заявку.,Кто-нибудь отправит отчет утром. Утром аналитик проверил заявку.,no_existing_candidate_backed_pattern,10,False,"[""hyphen_particles""]"
hyphen_whitelist,Кое кто сохранил таблицу вечером. После встречи служба приняла справку.,Кое-кто сохранил таблицу вечером. После встречи служба приняла справку.,no_existing_candidate_backed_pattern,11,False,"[""hyphen_koe_koy""]"
hyphen_whitelist,Он говорит по русски о документе. Вечером секретарь отправил письмо.,Он говорит по-русски о документе. Вечером секретарь отправил письмо.,no_existing_candidate_backed_pattern,14,False,"[""direct_speech_colon"", ""direct_speech_quotes"", ""hyphen_po_adverbs""]"
hyphen_whitelist,Кто нибудь отправит отчет утром. Затем юрист обновил решение.,Кто-нибудь отправит отчет утром. Затем юрист обновил решение.,no_existing_candidate_backed_pattern,10,False,"[""hyphen_particles""]"
hyphen_whitelist,Кое кто сохранил таблицу вечером. Позже отдел сверил таблицу.,Кое-кто сохранил таблицу вечером. Позже отдел сверил таблицу.,no_existing_candidate_backed_pattern,10,False,"[""hyphen_koe_koy""]"
hyphen_whitelist,Он говорит по русски о документе. Утром автор закрыл вопрос.,Он говорит по-русски о документе. Утром автор закрыл вопрос.,no_existing_candidate_backed_pattern,14,False,"[""direct_speech_colon"", ""direct_speech_quotes"", ""hyphen_po_adverbs""]"
hyphen_whitelist,Кто нибудь отправит отчет утром. Позже редактор сохранил копию.,Кто-нибудь отправит отчет утром. Позже редактор сохранил копию.,no_existing_candidate_backed_pattern,10,False,"[""hyphen_particles""]"
hyphen_whitelist,Кое кто сохранил таблицу вечером. Утром комиссия вернулась к письму.,Кое-кто сохранил таблицу вечером. Утром комиссия вернулась к письму.,no_existing_candidate_backed_pattern,11,False,"[""hyphen_koe_koy""]"
hyphen_whitelist,Он говорит по русски о документе. После встречи файл остался в архиве.,Он говорит по-русски о документе. После встречи файл остался в архиве.,no_existing_candidate_backed_pattern,16,False,"[""direct_speech_colon"", ""direct_speech_quotes"", ""hyphen_po_adverbs""]"
hyphen_whitelist,Кто нибудь отправит отчет утром. Вечером автор обновил сводку.,Кто-нибудь отправит отчет утром. Вечером автор обновил сводку.,no_existing_candidate_backed_pattern,10,False,"[""hyphen_particles""]"
hyphen_whitelist,Кое кто сохранил таблицу вечером. Затем группа сверила подписи.,Кое-кто сохранил таблицу вечером. Затем группа сверила подписи.,no_existing_candidate_backed_pattern,10,False,"[""hyphen_koe_koy""]"
hyphen_whitelist,Он говорит по русски о документе. Позже служба отправила ответ.,Он говорит по-русски о документе. Позже служба отправила ответ.,no_existing_candidate_backed_pattern,14,False,"[""direct_speech_colon"", ""direct_speech_quotes"", ""hyphen_po_adverbs""]"
hyphen_whitelist,Кто нибудь отправит отчет утром. Утром секретарь открыл папку.,Кто-нибудь отправит отчет утром. Утром секретарь открыл папку.,no_existing_candidate_backed_pattern,10,False,"[""hyphen_particles""]"
hyphen_whitelist,Кое кто сохранил таблицу вечером. После проверки список закрыли.,Кое-кто сохранил таблицу вечером. После проверки список закрыли.,no_existing_candidate_backed_pattern,10,False,"[""hyphen_koe_koy""]"
hyphen_whitelist,Он говорит по русски о документе. Вечером руководитель принял правки.,Он говорит по-русски о документе. Вечером руководитель принял правки.,no_existing_candidate_backed_pattern,14,False,"[""direct_speech_colon"", ""direct_speech_quotes"", ""hyphen_po_adverbs""]"
hyphen_whitelist,Кто нибудь отправит отчет утром. Затем аналитик обновил запись.,Кто-нибудь отправит отчет утром. Затем аналитик обновил запись.,no_existing_candidate_backed_pattern,10,False,"[""hyphen_particles""]"
hyphen_whitelist,Кое кто сохранил таблицу вечером. Позже юрист согласовал договор.,Кое-кто сохранил таблицу вечером. Позже юрист согласовал договор.,no_existing_candidate_backed_pattern,10,False,"[""hyphen_koe_koy""]"
hyphen_whitelist,Он говорит по русски о документе. Утром редакция выпустила заметку.,Он говорит по-русски о документе. Утром редакция выпустила заметку.,no_existing_candidate_backed_pattern,14,False,"[""direct_speech_colon"", ""direct_speech_quotes"", ""hyphen_po_adverbs""]"
hyphen_whitelist,Кто нибудь отправит отчет утром. После совещания команда сверила сроки.,Кто-нибудь отправит отчет утром. После совещания команда сверила сроки.,no_existing_candidate_backed_pattern,11,False,"[""hyphen_particles""]"
hyphen_whitelist,Кое кто сохранил таблицу вечером. Вечером архивариус нашел копию.,Кое-кто сохранил таблицу вечером. Вечером архивариус нашел копию.,no_existing_candidate_backed_pattern,10,False,"[""hyphen_koe_koy""]"
hyphen_whitelist,Он говорит по русски о документе. Затем отдел подготовил справку.,Он говорит по-русски о документе. Затем отдел подготовил справку.,no_existing_candidate_backed_pattern,14,False,"[""direct_speech_colon"", ""direct_speech_quotes"", ""hyphen_po_adverbs""]"
hyphen_whitelist,Кто нибудь отправит отчет утром. Позже координатор закрыл заявку.,Кто-нибудь отправит отчет утром. Позже координатор закрыл заявку.,no_existing_candidate_backed_pattern,10,False,"[""hyphen_particles""]"
hyphen_whitelist,Кое кто сохранил таблицу вечером. Утром эксперт прочитал письмо.,Кое-кто сохранил таблицу вечером. Утром эксперт прочитал письмо.,no_existing_candidate_backed_pattern,10,False,"[""hyphen_koe_koy""]"
hyphen_whitelist,Он говорит по русски о документе. После обеда комиссия уточнила вывод.,Он говорит по-русски о документе. После обеда комиссия уточнила вывод.,no_existing_candidate_backed_pattern,15,False,"[""direct_speech_colon"", ""direct_speech_quotes"", ""hyphen_po_adverbs""]"
hyphen_whitelist,Кто нибудь отправит отчет утром. Вечером автор проверил таблицу.,Кто-нибудь отправит отчет утром. Вечером автор проверил таблицу.,no_existing_candidate_backed_pattern,10,False,"[""hyphen_particles""]"
hyphen_whitelist,Кое кто сохранил таблицу вечером. Затем редактор отправил файл.,Кое-кто сохранил таблицу вечером. Затем редактор отправил файл.,no_existing_candidate_backed_pattern,10,False,"[""hyphen_koe_koy""]"
hyphen_whitelist,Он говорит по русски о документе. Позже группа обсудила договор.,Он говорит по-русски о документе. Позже группа обсудила договор.,no_existing_candidate_backed_pattern,14,False,"[""direct_speech_colon"", ""direct_speech_quotes"", ""hyphen_po_adverbs""]"
hyphen_whitelist,Кто нибудь отправит отчет утром. Утром служба приняла заявку.,Кто-нибудь отправит отчет утром. Утром служба приняла заявку.,no_existing_candidate_backed_pattern,10,False,"[""hyphen_particles""]"
hyphen_whitelist,Кое кто сохранил таблицу вечером. После проверки руководитель подписал лист.,Кое-кто сохранил таблицу вечером. После проверки руководитель подписал лист.,no_existing_candidate_backed_pattern,11,False,"[""hyphen_koe_koy""]"
introductory_comma,По-видимому рабочий отчет изменился вечером. Вечером автор обновил сводку.,"По-видимому, рабочий отчет изменился вечером. Вечером автор обновил сводку.",no_supported_edit,9,False,[]
introductory_comma,По-видимому новый документ изменился вечером. Затем аналитик обновил запись.,"По-видимому, новый документ изменился вечером. Затем аналитик обновил запись.",no_supported_edit,9,False,[]
introductory_comma,По-видимому точный план изменился вечером. Позже координатор закрыл заявку.,"По-видимому, точный план изменился вечером. Позже координатор закрыл заявку.",no_supported_edit,9,False,[]
introductory_comma,По-видимому городской архив изменился вечером. Утром служба приняла заявку.,"По-видимому, городской архив изменился вечером. Утром служба приняла заявку.",no_supported_edit,9,False,[]
introductory_comma,По-видимому утренний выпуск изменился вечером. После встречи отдел сохранил запись.,"По-видимому, утренний выпуск изменился вечером. После встречи отдел сохранил запись.",no_supported_edit,10,False,[]
introductory_comma,По-видимому важный договор изменился вечером. Вечером отдел сверил ведомость.,"По-видимому, важный договор изменился вечером. Вечером отдел сверил ведомость.",no_supported_edit,9,False,[]
introductory_comma,По-видимому короткая заметка изменился вечером. Затем секретарь проверил журнал.,"По-видимому, короткая заметка изменился вечером. Затем секретарь проверил журнал.",no_supported_edit,9,False,[]
introductory_comma,По-видимому итоговая таблица изменился вечером. Позже редактор сверил список.,"По-видимому, итоговая таблица изменился вечером. Позже редактор сверил список.",no_supported_edit,9,False,[]
introductory_comma,По-видимому свежая сводка изменился вечером. Утром отдел отправил договор.,"По-видимому, свежая сводка изменился вечером. Утром отдел отправил договор.",no_supported_edit,9,False,[]
introductory_comma,По-видимому открытая заявка изменился вечером. После проверки аналитик принял сводку.,"По-видимому, открытая заявка изменился вечером. После проверки аналитик принял сводку.",no_supported_edit,10,False,[]
introductory_comma,По-видимому письменный ответ изменился вечером. Вечером автор сохранил раздел.,"По-видимому, письменный ответ изменился вечером. Вечером автор сохранил раздел.",no_supported_edit,9,False,[]
introductory_comma,По-видимому подробная справка изменился вечером. Затем редактор обновил дату.,"По-видимому, подробная справка изменился вечером. Затем редактор обновил дату.",no_supported_edit,9,False,[]
introductory_comma,По-видимому районная комиссия изменился вечером. Позже координатор обновил ведомость.,"По-видимому, районная комиссия изменился вечером. Позже координатор обновил ведомость.",no_supported_edit,9,False,[]
introductory_comma,По-видимому финальный список изменился вечером. Утром служба уточнила график.,"По-видимому, финальный список изменился вечером. Утром служба уточнила график.",no_supported_edit,9,False,[]
introductory_comma,По-видимому новая редакция изменился вечером. После проверки комиссия отправила ответ.,"По-видимому, новая редакция изменился вечером. После проверки комиссия отправила ответ.",no_supported_edit,10,False,[]
introductory_comma,По-видимому архивная запись изменился вечером. Вечером секретарь отправил письмо.,"По-видимому, архивная запись изменился вечером. Вечером секретарь отправил письмо.",no_supported_edit,9,False,[]
introductory_comma,По-видимому дежурный редактор изменился вечером. После встречи файл остался в архиве.,"По-видимому, дежурный редактор изменился вечером. После встречи файл остался в архиве.",no_supported_edit,11,False,[]
introductory_comma,По-видимому общий график изменился вечером. Вечером руководитель принял правки.,"По-видимому, общий график изменился вечером. Вечером руководитель принял правки.",no_supported_edit,9,False,[]
introductory_comma,По-видимому плановая встреча изменился вечером. Затем отдел подготовил справку.,"По-видимому, плановая встреча изменился вечером. Затем отдел подготовил справку.",no_supported_edit,9,False,[]
introductory_comma,По-видимому осенняя проверка изменился вечером. Позже группа обсудила договор.,"По-видимому, осенняя проверка изменился вечером. Позже группа обсудила договор.",no_supported_edit,9,False,[]
introductory_comma,По-видимому сводный отчет изменился вечером. Утром автор исправил дату.,"По-видимому, сводный отчет изменился вечером. Утром автор исправил дату.",no_supported_edit,9,False,[]
introductory_comma,По-видимому важная подпись изменился вечером. После обеда автор открыл журнал.,"По-видимому, важная подпись изменился вечером. После обеда автор открыл журнал.",no_supported_edit,10,False,[]
introductory_comma,По-видимому рабочая группа изменился вечером. Вечером эксперт уточнил маршрут.,"По-видимому, рабочая группа изменился вечером. Вечером эксперт уточнил маршрут.",no_supported_edit,9,False,[]
introductory_comma,По-видимому городская служба изменился вечером. Затем комиссия открыла раздел.,"По-видимому, городская служба изменился вечером. Затем комиссия открыла раздел.",no_supported_edit,9,False,[]
introductory_comma,По-видимому новый раздел изменился вечером. Позже эксперт согласовал таблицу.,"По-видимому, новый раздел изменился вечером. Позже эксперт согласовал таблицу.",no_supported_edit,9,False,[]
introductory_comma,По-видимому учебная таблица изменился вечером. Утром секретарь проверил папку.,"По-видимому, учебная таблица изменился вечером. Утром секретарь проверил папку.",no_supported_edit,9,False,[]
introductory_comma,По-видимому вечерний протокол изменился вечером. После встречи эксперт закрыл заявку.,"По-видимому, вечерний протокол изменился вечером. После встречи эксперт закрыл заявку.",no_supported_edit,10,False,[]
introductory_comma,По-видимому проверенный файл изменился вечером. Вечером аналитик сверил письмо.,"По-видимому, проверенный файл изменился вечером. Вечером аналитик сверил письмо.",no_supported_edit,9,False,[]
introductory_comma,По-видимому согласованный договор изменился вечером. Затем эксперт согласовал список.,"По-видимому, согласованный договор изменился вечером. Затем эксперт согласовал список.",no_supported_edit,9,False,[]
introductory_comma,По-видимому подготовленный список изменился вечером. Позже аналитик отправил сводку.,"По-видимому, подготовленный список изменился вечером. Позже аналитик отправил сводку.",no_supported_edit,9,False,[]
introductory_comma,По-видимому закрытая заявка изменился вечером. Утром эксперт обновил протокол.,"По-видимому, закрытая заявка изменился вечером. Утром эксперт обновил протокол.",no_supported_edit,9,False,[]
introductory_comma,По-видимому длинная запись изменился вечером. После встречи служба приняла справку.,"По-видимому, длинная запись изменился вечером. После встречи служба приняла справку.",no_supported_edit,10,False,[]
introductory_comma,По-видимому обновленный журнал изменился вечером. Утром комиссия вернулась к письму.,"По-видимому, обновленный журнал изменился вечером. Утром комиссия вернулась к письму.",no_supported_edit,10,False,[]
introductory_comma,По-видимому северный филиал изменился вечером. После проверки список закрыли.,"По-видимому, северный филиал изменился вечером. После проверки список закрыли.",no_supported_edit,9,False,[]
introductory_comma,По-видимому зимнее расписание изменился вечером. Вечером архивариус нашел копию.,"По-видимому, зимнее расписание изменился вечером. Вечером архивариус нашел копию.",no_supported_edit,9,False,[]
introductory_comma,По-видимому летняя проверка изменился вечером. Затем редактор отправил файл.,"По-видимому, летняя проверка изменился вечером. Затем редактор отправил файл.",no_supported_edit,9,False,[]
introductory_comma,По-видимому районный протокол изменился вечером. Позже редакция открыла архив.,"По-видимому, районный протокол изменился вечером. Позже редакция открыла архив.",no_supported_edit,9,False,[]
introductory_comma,По-видимому входящее письмо изменился вечером. Утром редактор принял отчет.,"По-видимому, входящее письмо изменился вечером. Утром редактор принял отчет.",no_supported_edit,9,False,[]
introductory_comma,По-видимому старый договор изменился вечером. После встречи редактор сохранил таблицу.,"По-видимому, старый договор изменился вечером. После встречи редактор сохранил таблицу.",no_supported_edit,10,False,[]
introductory_comma,По-видимому новая таблица изменился вечером. Вечером координатор принял ответ.,"По-видимому, новая таблица изменился вечером. Вечером координатор принял ответ.",no_supported_edit,9,False,[]
missing_hard_sign,"Редактор проверил обявление, когда готовил рабочий отчет.","Редактор проверил объявление, когда готовил рабочий отчет.",no_existing_candidate_backed_pattern,8,False,"[""frequent_error_exact""]"
missing_hard_sign,Команда внесла подезд в рабочий отчет перед встречей.,Команда внесла подъезд в рабочий отчет перед встречей.,no_existing_candidate_backed_pattern,9,False,"[""frequent_error_exact""]"
missing_hard_sign,"Редактор проверил обявление, когда готовил новый документ.","Редактор проверил объявление, когда готовил новый документ.",no_existing_candidate_backed_pattern,8,False,"[""frequent_error_exact""]"
missing_hard_sign,Команда внесла подезд в новый документ перед встречей.,Команда внесла подъезд в новый документ перед встречей.,no_existing_candidate_backed_pattern,9,False,"[""frequent_error_exact""]"
missing_hard_sign,"Редактор проверил обявление, когда готовил точный план.","Редактор проверил объявление, когда готовил точный план.",no_existing_candidate_backed_pattern,8,False,"[""frequent_error_exact""]"
missing_hard_sign,Команда внесла подезд в точный план перед встречей.,Команда внесла подъезд в точный план перед встречей.,no_existing_candidate_backed_pattern,9,False,"[""frequent_error_exact""]"
missing_hard_sign,"Редактор проверил обявление, когда готовил городской архив.","Редактор проверил объявление, когда готовил городской архив.",no_existing_candidate_backed_pattern,8,False,"[""frequent_error_exact""]"
missing_hard_sign,Команда внесла подезд в городской архив перед встречей.,Команда внесла подъезд в городской архив перед встречей.,no_existing_candidate_backed_pattern,9,False,"[""frequent_error_exact""]"
missing_hard_sign,"Редактор проверил обявление, когда готовил утренний выпуск.","Редактор проверил объявление, когда готовил утренний выпуск.",no_existing_candidate_backed_pattern,8,False,"[""frequent_error_exact""]"
missing_hard_sign,Команда внесла подезд в утренний выпуск перед встречей.,Команда внесла подъезд в утренний выпуск перед встречей.,no_existing_candidate_backed_pattern,9,False,"[""frequent_error_exact""]"
missing_hard_sign,"Редактор проверил обявление, когда готовил важный договор.","Редактор проверил объявление, когда готовил важный договор.",no_existing_candidate_backed_pattern,8,False,"[""frequent_error_exact""]"
missing_hard_sign,Команда внесла подезд в важный договор перед встречей.,Команда внесла подъезд в важный договор перед встречей.,no_existing_candidate_backed_pattern,9,False,"[""frequent_error_exact""]"
missing_hard_sign,"Редактор проверил обявление, когда готовил короткая заметка.","Редактор проверил объявление, когда готовил короткая заметка.",no_existing_candidate_backed_pattern,8,False,"[""frequent_error_exact""]"
missing_hard_sign,Команда внесла подезд в короткая заметка перед встречей.,Команда внесла подъезд в короткая заметка перед встречей.,no_existing_candidate_backed_pattern,9,False,"[""frequent_error_exact""]"
missing_hard_sign,"Редактор проверил обявление, когда готовил итоговая таблица.","Редактор проверил объявление, когда готовил итоговая таблица.",no_existing_candidate_backed_pattern,8,False,"[""frequent_error_exact""]"
missing_hard_sign,Команда внесла подезд в итоговая таблица перед встречей.,Команда внесла подъезд в итоговая таблица перед встречей.,no_existing_candidate_backed_pattern,9,False,"[""frequent_error_exact""]"
missing_hard_sign,"Редактор проверил обявление, когда готовил свежая сводка.","Редактор проверил объявление, когда готовил свежая сводка.",no_existing_candidate_backed_pattern,8,False,"[""frequent_error_exact""]"
missing_hard_sign,Команда внесла подезд в свежая сводка перед встречей.,Команда внесла подъезд в свежая сводка перед встречей.,no_existing_candidate_backed_pattern,9,False,"[""frequent_error_exact""]"
missing_hard_sign,"Редактор проверил обявление, когда готовил открытая заявка.","Редактор проверил объявление, когда готовил открытая заявка.",no_existing_candidate_backed_pattern,8,False,"[""frequent_error_exact""]"
missing_hard_sign,Команда внесла подезд в открытая заявка перед встречей.,Команда внесла подъезд в открытая заявка перед встречей.,no_existing_candidate_backed_pattern,9,False,"[""frequent_error_exact""]"
missing_hard_sign,"Редактор проверил обявление, когда готовил письменный ответ.","Редактор проверил объявление, когда готовил письменный ответ.",no_existing_candidate_backed_pattern,8,False,"[""frequent_error_exact""]"
missing_hard_sign,Команда внесла подезд в письменный ответ перед встречей.,Команда внесла подъезд в письменный ответ перед встречей.,no_existing_candidate_backed_pattern,9,False,"[""frequent_error_exact""]"
missing_hard_sign,"Редактор проверил обявление, когда готовил подробная справка.","Редактор проверил объявление, когда готовил подробная справка.",no_existing_candidate_backed_pattern,8,False,"[""frequent_error_exact""]"
missing_hard_sign,Команда внесла подезд в подробная справка перед встречей.,Команда внесла подъезд в подробная справка перед встречей.,no_existing_candidate_backed_pattern,9,False,"[""frequent_error_exact""]"
missing_hard_sign,"Редактор проверил обявление, когда готовил районная комиссия.","Редактор проверил объявление, когда готовил районная комиссия.",no_existing_candidate_backed_pattern,8,False,"[""frequent_error_exact""]"
missing_hard_sign,Команда внесла подезд в районная комиссия перед встречей.,Команда внесла подъезд в районная комиссия перед встречей.,no_existing_candidate_backed_pattern,9,False,"[""frequent_error_exact""]"
missing_hard_sign,"Редактор проверил обявление, когда готовил финальный список.","Редактор проверил объявление, когда готовил финальный список.",no_existing_candidate_backed_pattern,8,False,"[""frequent_error_exact""]"
missing_hard_sign,Команда внесла подезд в финальный список перед встречей.,Команда внесла подъезд в финальный список перед встречей.,no_existing_candidate_backed_pattern,9,False,"[""frequent_error_exact""]"
missing_hard_sign,"Редактор проверил обявление, когда готовил новая редакция.","Редактор проверил объявление, когда готовил новая редакция.",no_existing_candidate_backed_pattern,8,False,"[""frequent_error_exact""]"
missing_hard_sign,Команда внесла подезд в новая редакция перед встречей.,Команда внесла подъезд в новая редакция перед встречей.,no_existing_candidate_backed_pattern,9,False,"[""frequent_error_exact""]"
missing_hard_sign,"Редактор проверил обявление, когда готовил архивная запись.","Редактор проверил объявление, когда готовил архивная запись.",no_existing_candidate_backed_pattern,8,False,"[""frequent_error_exact""]"
missing_hard_sign,Команда внесла подезд в архивная запись перед встречей.,Команда внесла подъезд в архивная запись перед встречей.,no_existing_candidate_backed_pattern,9,False,"[""frequent_error_exact""]"
missing_hard_sign,"Редактор проверил обявление, когда готовил дежурный редактор.","Редактор проверил объявление, когда готовил дежурный редактор.",no_existing_candidate_backed_pattern,8,False,"[""frequent_error_exact""]"
missing_hard_sign,Команда внесла подезд в дежурный редактор перед встречей.,Команда внесла подъезд в дежурный редактор перед встречей.,no_existing_candidate_backed_pattern,9,False,"[""frequent_error_exact""]"
missing_hard_sign,"Редактор проверил обявление, когда готовил общий график.","Редактор проверил объявление, когда готовил общий график.",no_existing_candidate_backed_pattern,8,False,"[""frequent_error_exact""]"
missing_hard_sign,Команда внесла подезд в общий график перед встречей.,Команда внесла подъезд в общий график перед встречей.,no_existing_candidate_backed_pattern,9,False,"[""frequent_error_exact""]"
missing_hard_sign,"Редактор проверил обявление, когда готовил плановая встреча.","Редактор проверил объявление, когда готовил плановая встреча.",no_existing_candidate_backed_pattern,8,False,"[""frequent_error_exact""]"
missing_hard_sign,Команда внесла подезд в плановая встреча перед встречей.,Команда внесла подъезд в плановая встреча перед встречей.,no_existing_candidate_backed_pattern,9,False,"[""frequent_error_exact""]"
missing_hard_sign,"Редактор проверил обявление, когда готовил осенняя проверка.","Редактор проверил объявление, когда готовил осенняя проверка.",no_existing_candidate_backed_pattern,8,False,"[""frequent_error_exact""]"
missing_hard_sign,Команда внесла подезд в осенняя проверка перед встречей.,Команда внесла подъезд в осенняя проверка перед встречей.,no_existing_candidate_backed_pattern,9,False,"[""frequent_error_exact""]"
missing_hard_sign,"Редактор проверил обявление, когда готовил сводный отчет.","Редактор проверил объявление, когда готовил сводный отчет.",no_existing_candidate_backed_pattern,8,False,"[""frequent_error_exact""]"
missing_hard_sign,Команда внесла подезд в сводный отчет перед встречей.,Команда внесла подъезд в сводный отчет перед встречей.,no_existing_candidate_backed_pattern,9,False,"[""frequent_error_exact""]"
missing_hard_sign,"Редактор проверил обявление, когда готовил важная подпись.","Редактор проверил объявление, когда готовил важная подпись.",no_existing_candidate_backed_pattern,8,False,"[""frequent_error_exact""]"
missing_hard_sign,Команда внесла подезд в важная подпись перед встречей.,Команда внесла подъезд в важная подпись перед встречей.,no_existing_candidate_backed_pattern,9,False,"[""frequent_error_exact""]"
missing_hard_sign,"Редактор проверил обявление, когда готовил рабочая группа.","Редактор проверил объявление, когда готовил рабочая группа.",no_existing_candidate_backed_pattern,8,False,"[""frequent_error_exact""]"
missing_hard_sign,Команда внесла подезд в рабочая группа перед встречей.,Команда внесла подъезд в рабочая группа перед встречей.,no_existing_candidate_backed_pattern,9,False,"[""frequent_error_exact""]"
missing_hard_sign,"Редактор проверил обявление, когда готовил городская служба.","Редактор проверил объявление, когда готовил городская служба.",no_existing_candidate_backed_pattern,8,False,"[""frequent_error_exact""]"
missing_hard_sign,Команда внесла подезд в городская служба перед встречей.,Команда внесла подъезд в городская служба перед встречей.,no_existing_candidate_backed_pattern,9,False,"[""frequent_error_exact""]"
missing_hard_sign,"Редактор проверил обявление, когда готовил новый раздел.","Редактор проверил объявление, когда готовил новый раздел.",no_existing_candidate_backed_pattern,8,False,"[""frequent_error_exact""]"
missing_hard_sign,Команда внесла подезд в новый раздел перед встречей.,Команда внесла подъезд в новый раздел перед встречей.,no_existing_candidate_backed_pattern,9,False,"[""frequent_error_exact""]"
missing_hard_sign,"Редактор проверил обявление, когда готовил учебная таблица.","Редактор проверил объявление, когда готовил учебная таблица.",no_existing_candidate_backed_pattern,8,False,"[""frequent_error_exact""]"
missing_hard_sign,Команда внесла подезд в учебная таблица перед встречей.,Команда внесла подъезд в учебная таблица перед встречей.,no_existing_candidate_backed_pattern,9,False,"[""frequent_error_exact""]"
missing_hard_sign,"Редактор проверил обявление, когда готовил вечерний протокол.","Редактор проверил объявление, когда готовил вечерний протокол.",no_existing_candidate_backed_pattern,8,False,"[""frequent_error_exact""]"
missing_hard_sign,Команда внесла подезд в вечерний протокол перед встречей.,Команда внесла подъезд в вечерний протокол перед встречей.,no_existing_candidate_backed_pattern,9,False,"[""frequent_error_exact""]"
missing_hard_sign,"Редактор проверил обявление, когда готовил проверенный файл.","Редактор проверил объявление, когда готовил проверенный файл.",no_existing_candidate_backed_pattern,8,False,"[""frequent_error_exact""]"
missing_hard_sign,Команда внесла подезд в проверенный файл перед встречей.,Команда внесла подъезд в проверенный файл перед встречей.,no_existing_candidate_backed_pattern,9,False,"[""frequent_error_exact""]"
missing_hard_sign,"Редактор проверил обявление, когда готовил согласованный договор.","Редактор проверил объявление, когда готовил согласованный договор.",no_existing_candidate_backed_pattern,8,False,"[""frequent_error_exact""]"
missing_hard_sign,Команда внесла подезд в согласованный договор перед встречей.,Команда внесла подъезд в согласованный договор перед встречей.,no_existing_candidate_backed_pattern,9,False,"[""frequent_error_exact""]"
missing_hard_sign,"Редактор проверил обявление, когда готовил подготовленный список.","Редактор проверил объявление, когда готовил подготовленный список.",no_existing_candidate_backed_pattern,8,False,"[""frequent_error_exact""]"
missing_hard_sign,Команда внесла подезд в подготовленный список перед встречей.,Команда внесла подъезд в подготовленный список перед встречей.,no_existing_candidate_backed_pattern,9,False,"[""frequent_error_exact""]"
missing_hard_sign,"Редактор проверил обявление, когда готовил закрытая заявка.","Редактор проверил объявление, когда готовил закрытая заявка.",no_existing_candidate_backed_pattern,8,False,"[""frequent_error_exact""]"
missing_hard_sign,Команда внесла подезд в закрытая заявка перед встречей.,Команда внесла подъезд в закрытая заявка перед встречей.,no_existing_candidate_backed_pattern,9,False,"[""frequent_error_exact""]"
missing_hard_sign,"Редактор проверил обявление, когда готовил длинная запись.","Редактор проверил объявление, когда готовил длинная запись.",no_existing_candidate_backed_pattern,8,False,"[""frequent_error_exact""]"
missing_hard_sign,Команда внесла подезд в длинная запись перед встречей.,Команда внесла подъезд в длинная запись перед встречей.,no_existing_candidate_backed_pattern,9,False,"[""frequent_error_exact""]"
missing_hard_sign,"Редактор проверил обявление, когда готовил обновленный журнал.","Редактор проверил объявление, когда готовил обновленный журнал.",no_existing_candidate_backed_pattern,8,False,"[""frequent_error_exact""]"
missing_hard_sign,Команда внесла подезд в обновленный журнал перед встречей.,Команда внесла подъезд в обновленный журнал перед встречей.,no_existing_candidate_backed_pattern,9,False,"[""frequent_error_exact""]"
missing_hard_sign,"Редактор проверил обявление, когда готовил северный филиал.","Редактор проверил объявление, когда готовил северный филиал.",no_existing_candidate_backed_pattern,8,False,"[""frequent_error_exact""]"
missing_hard_sign,Команда внесла подезд в северный филиал перед встречей.,Команда внесла подъезд в северный филиал перед встречей.,no_existing_candidate_backed_pattern,9,False,"[""frequent_error_exact""]"
missing_hard_sign,"Редактор проверил обявление, когда готовил зимнее расписание.","Редактор проверил объявление, когда готовил зимнее расписание.",no_existing_candidate_backed_pattern,8,False,"[""frequent_error_exact""]"
missing_hard_sign,Команда внесла подезд в зимнее расписание перед встречей.,Команда внесла подъезд в зимнее расписание перед встречей.,no_existing_candidate_backed_pattern,9,False,"[""frequent_error_exact""]"
missing_hard_sign,"Редактор проверил обявление, когда готовил летняя проверка.","Редактор проверил объявление, когда готовил летняя проверка.",no_existing_candidate_backed_pattern,8,False,"[""frequent_error_exact""]"
missing_hard_sign,Команда внесла подезд в летняя проверка перед встречей.,Команда внесла подъезд в летняя проверка перед встречей.,no_existing_candidate_backed_pattern,9,False,"[""frequent_error_exact""]"
missing_hard_sign,"Редактор проверил обявление, когда готовил районный протокол.","Редактор проверил объявление, когда готовил районный протокол.",no_existing_candidate_backed_pattern,8,False,"[""frequent_error_exact""]"
missing_hard_sign,Команда внесла подезд в районный протокол перед встречей.,Команда внесла подъезд в районный протокол перед встречей.,no_existing_candidate_backed_pattern,9,False,"[""frequent_error_exact""]"
missing_hard_sign,"Редактор проверил обявление, когда готовил входящее письмо.","Редактор проверил объявление, когда готовил входящее письмо.",no_existing_candidate_backed_pattern,8,False,"[""frequent_error_exact""]"
missing_hard_sign,Команда внесла подезд в входящее письмо перед встречей.,Команда внесла подъезд в входящее письмо перед встречей.,no_existing_candidate_backed_pattern,9,False,"[""frequent_error_exact""]"
missing_hard_sign,"Редактор проверил обявление, когда готовил старый договор.","Редактор проверил объявление, когда готовил старый договор.",no_existing_candidate_backed_pattern,8,False,"[""frequent_error_exact""]"
missing_hard_sign,Команда внесла подезд в старый договор перед встречей.,Команда внесла подъезд в старый договор перед встречей.,no_existing_candidate_backed_pattern,9,False,"[""frequent_error_exact""]"
missing_hard_sign,"Редактор проверил обявление, когда готовил новая таблица.","Редактор проверил объявление, когда готовил новая таблица.",no_existing_candidate_backed_pattern,8,False,"[""frequent_error_exact""]"
missing_hard_sign,Команда внесла подезд в новая таблица перед встречей.,Команда внесла подъезд в новая таблица перед встречей.,no_existing_candidate_backed_pattern,9,False,"[""frequent_error_exact""]"
missing_hard_sign,"Редактор проверил обявление, когда готовил закрытый раздел.","Редактор проверил объявление, когда готовил закрытый раздел.",no_existing_candidate_backed_pattern,8,False,"[""frequent_error_exact""]"
missing_hard_sign,Команда внесла подезд в закрытый раздел перед встречей.,Команда внесла подъезд в закрытый раздел перед встречей.,no_existing_candidate_backed_pattern,9,False,"[""frequent_error_exact""]"
missing_hard_sign,"Редактор проверил обявление, когда готовил утренний приказ.","Редактор проверил объявление, когда готовил утренний приказ.",no_existing_candidate_backed_pattern,8,False,"[""frequent_error_exact""]"
missing_hard_sign,Команда внесла подезд в утренний приказ перед встречей.,Команда внесла подъезд в утренний приказ перед встречей.,no_existing_candidate_backed_pattern,9,False,"[""frequent_error_exact""]"
missing_hard_sign,"Редактор проверил обявление, когда готовил служебная записка.","Редактор проверил объявление, когда готовил служебная записка.",no_existing_candidate_backed_pattern,8,False,"[""frequent_error_exact""]"
missing_hard_sign,Команда внесла подезд в служебная записка перед встречей.,Команда внесла подъезд в служебная записка перед встречей.,no_existing_candidate_backed_pattern,9,False,"[""frequent_error_exact""]"
missing_hard_sign,"Редактор проверил обявление, когда готовил городской проект.","Редактор проверил объявление, когда готовил городской проект.",no_existing_candidate_backed_pattern,8,False,"[""frequent_error_exact""]"
missing_hard_sign,Команда внесла подезд в городской проект перед встречей.,Команда внесла подъезд в городской проект перед встречей.,no_existing_candidate_backed_pattern,9,False,"[""frequent_error_exact""]"
missing_hard_sign,"Редактор проверил обявление, когда готовил важное решение.","Редактор проверил объявление, когда готовил важное решение.",no_existing_candidate_backed_pattern,8,False,"[""frequent_error_exact""]"
missing_hard_sign,Команда внесла подезд в важное решение перед встречей.,Команда внесла подъезд в важное решение перед встречей.,no_existing_candidate_backed_pattern,9,False,"[""frequent_error_exact""]"
missing_hard_sign,"Редактор проверил обявление, когда готовил общий список.","Редактор проверил объявление, когда готовил общий список.",no_existing_candidate_backed_pattern,8,False,"[""frequent_error_exact""]"
missing_hard_sign,Команда внесла подезд в общий список перед встречей.,Команда внесла подъезд в общий список перед встречей.,no_existing_candidate_backed_pattern,9,False,"[""frequent_error_exact""]"
missing_hard_sign,"Редактор проверил обявление, когда готовил рабочий кабинет.","Редактор проверил объявление, когда готовил рабочий кабинет.",no_existing_candidate_backed_pattern,8,False,"[""frequent_error_exact""]"
missing_hard_sign,Команда внесла подезд в рабочий кабинет перед встречей.,Команда внесла подъезд в рабочий кабинет перед встречей.,no_existing_candidate_backed_pattern,9,False,"[""frequent_error_exact""]"
missing_hard_sign,"Редактор проверил обявление, когда готовил архивный номер.","Редактор проверил объявление, когда готовил архивный номер.",no_existing_candidate_backed_pattern,8,False,"[""frequent_error_exact""]"
missing_hard_sign,Команда внесла подезд в архивный номер перед встречей.,Команда внесла подъезд в архивный номер перед встречей.,no_existing_candidate_backed_pattern,9,False,"[""frequent_error_exact""]"
missing_hard_sign,"Редактор проверил обявление, когда готовил открытый вопрос.","Редактор проверил объявление, когда готовил открытый вопрос.",no_existing_candidate_backed_pattern,8,False,"[""frequent_error_exact""]"
missing_hard_sign,Команда внесла подезд в открытый вопрос перед встречей.,Команда внесла подъезд в открытый вопрос перед встречей.,no_existing_candidate_backed_pattern,9,False,"[""frequent_error_exact""]"
missing_hard_sign,"Редактор проверил обявление, когда готовил плановый отчет.","Редактор проверил объявление, когда готовил плановый отчет.",no_existing_candidate_backed_pattern,8,False,"[""frequent_error_exact""]"
missing_hard_sign,Команда внесла подезд в плановый отчет перед встречей.,Команда внесла подъезд в плановый отчет перед встречей.,no_existing_candidate_backed_pattern,9,False,"[""frequent_error_exact""]"
n_nn_adjective,"Секретарь сохранил юный, потому что рабочий отчет был важенн.","Секретарь сохранил юный, потому что рабочий отчет был важен.",no_existing_candidate_backed_pattern,10,False,"[""n_nn_short_form""]"
n_nn_adjective,"Секретарь сохранил ценный, потому что точный план был важенн.","Секретарь сохранил ценный, потому что точный план был важен.",no_existing_candidate_backed_pattern,10,False,"[""n_nn_short_form""]"
n_nn_adjective,"Секретарь сохранил юный, потому что городской архив был важенн.","Секретарь сохранил юный, потому что городской архив был важен.",no_existing_candidate_backed_pattern,10,False,"[""n_nn_short_form""]"
n_nn_adjective,"Секретарь сохранил ценный, потому что важный договор был важенн.","Секретарь сохранил ценный, потому что важный договор был важен.",no_existing_candidate_backed_pattern,10,False,"[""n_nn_short_form""]"
n_nn_adjective,"Секретарь сохранил юный, потому что короткая заметка был важенн.","Секретарь сохранил юный, потому что короткая заметка был важен.",no_existing_candidate_backed_pattern,10,False,"[""n_nn_short_form""]"
n_nn_adjective,"Секретарь сохранил ценный, потому что свежая сводка был важенн.","Секретарь сохранил ценный, потому что свежая сводка был важен.",no_existing_candidate_backed_pattern,10,False,"[""n_nn_short_form""]"
n_nn_adjective,"Секретарь сохранил юный, потому что открытая заявка был важенн.","Секретарь сохранил юный, потому что открытая заявка был важен.",no_existing_candidate_backed_pattern,10,False,"[""n_nn_short_form""]"
n_nn_adjective,"Секретарь сохранил ценный, потому что подробная справка был важенн.","Секретарь сохранил ценный, потому что подробная справка был важен.",no_existing_candidate_backed_pattern,10,False,"[""n_nn_short_form""]"
n_nn_adjective,"Секретарь сохранил юный, потому что районная комиссия был важенн.","Секретарь сохранил юный, потому что районная комиссия был важен.",no_existing_candidate_backed_pattern,10,False,"[""n_nn_short_form""]"
n_nn_adjective,"Секретарь сохранил ценный, потому что новая редакция был важенн.","Секретарь сохранил ценный, потому что новая редакция был важен.",no_existing_candidate_backed_pattern,10,False,"[""n_nn_short_form""]"
n_nn_adjective,"Секретарь сохранил юный, потому что архивная запись был важенн.","Секретарь сохранил юный, потому что архивная запись был важен.",no_existing_candidate_backed_pattern,10,False,"[""n_nn_short_form""]"
n_nn_adjective,"Секретарь сохранил ценный, потому что общий график был важенн.","Секретарь сохранил ценный, потому что общий график был важен.",no_existing_candidate_backed_pattern,10,False,"[""n_nn_short_form""]"
n_nn_adjective,"Секретарь сохранил юный, потому что плановая встреча был важенн.","Секретарь сохранил юный, потому что плановая встреча был важен.",no_existing_candidate_backed_pattern,10,False,"[""n_nn_short_form""]"
n_nn_adjective,"Секретарь сохранил ценный, потому что сводный отчет был важенн.","Секретарь сохранил ценный, потому что сводный отчет был важен.",no_existing_candidate_backed_pattern,10,False,"[""n_nn_short_form""]"
n_nn_adjective,"Секретарь сохранил юный, потому что важная подпись был важенн.","Секретарь сохранил юный, потому что важная подпись был важен.",no_existing_candidate_backed_pattern,10,False,"[""n_nn_short_form""]"
n_nn_adjective,"Секретарь сохранил ценный, потому что городская служба был важенн.","Секретарь сохранил ценный, потому что городская служба был важен.",no_existing_candidate_backed_pattern,10,False,"[""n_nn_short_form""]"
n_nn_adjective,"Секретарь сохранил юный, потому что новый раздел был важенн.","Секретарь сохранил юный, потому что новый раздел был важен.",no_existing_candidate_backed_pattern,10,False,"[""n_nn_short_form""]"
n_nn_adjective,"Секретарь сохранил ценный, потому что вечерний протокол был важенн.","Секретарь сохранил ценный, потому что вечерний протокол был важен.",no_existing_candidate_backed_pattern,10,False,"[""n_nn_short_form""]"
n_nn_adjective,"Секретарь сохранил юный, потому что проверенный файл был важенн.","Секретарь сохранил юный, потому что проверенный файл был важен.",no_existing_candidate_backed_pattern,10,False,"[""n_nn_short_form""]"
pattern_жо_же,"Редактор проверил жолтый, когда готовил рабочий отчет.","Редактор проверил желтый, когда готовил рабочий отчет.",no_existing_candidate_backed_pattern,8,False,"[""frequent_error_exact""]"
pattern_жо_же,"Эксперт отметил жолтый, когда читал новый документ.","Эксперт отметил желтый, когда читал новый документ.",no_existing_candidate_backed_pattern,8,False,"[""frequent_error_exact""]"
pattern_жо_же,Автор увидел жолтый и открыл точный план утром.,Автор увидел желтый и открыл точный план утром.,no_existing_candidate_backed_pattern,9,False,"[""frequent_error_exact""]"
pattern_жо_же,"Редактор проверил жолтый, когда готовил городской архив.","Редактор проверил желтый, когда готовил городской архив.",no_existing_candidate_backed_pattern,8,False,"[""frequent_error_exact""]"
pattern_жо_же,"Эксперт отметил жолтый, когда читал утренний выпуск.","Эксперт отметил желтый, когда читал утренний выпуск.",no_existing_candidate_backed_pattern,8,False,"[""frequent_error_exact""]"
pattern_жо_же,Автор увидел жолтый и открыл важный договор утром.,Автор увидел желтый и открыл важный договор утром.,no_existing_candidate_backed_pattern,9,False,"[""frequent_error_exact""]"
pattern_жо_же,"Редактор проверил жолтый, когда готовил короткая заметка.","Редактор проверил желтый, когда готовил короткая заметка.",no_existing_candidate_backed_pattern,8,False,"[""frequent_error_exact""]"
pattern_жо_же,"Эксперт отметил жолтый, когда читал итоговая таблица.","Эксперт отметил желтый, когда читал итоговая таблица.",no_existing_candidate_backed_pattern,8,False,"[""frequent_error_exact""]"
pattern_жо_же,Автор увидел жолтый и открыл свежая сводка утром.,Автор увидел желтый и открыл свежая сводка утром.,no_existing_candidate_backed_pattern,9,False,"[""frequent_error_exact""]"
pattern_жо_же,"Редактор проверил жолтый, когда готовил открытая заявка.","Редактор проверил желтый, когда готовил открытая заявка.",no_existing_candidate_backed_pattern,8,False,"[""frequent_error_exact""]"
pattern_жо_же,"Эксперт отметил жолтый, когда читал письменный ответ.","Эксперт отметил желтый, когда читал письменный ответ.",no_existing_candidate_backed_pattern,8,False,"[""frequent_error_exact""]"
pattern_жо_же,Автор увидел жолтый и открыл подробная справка утром.,Автор увидел желтый и открыл подробная справка утром.,no_existing_candidate_backed_pattern,9,False,"[""frequent_error_exact""]"
pattern_жо_же,"Редактор проверил жолтый, когда готовил районная комиссия.","Редактор проверил желтый, когда готовил районная комиссия.",no_existing_candidate_backed_pattern,8,False,"[""frequent_error_exact""]"
pattern_жо_же,"Эксперт отметил жолтый, когда читал финальный список.","Эксперт отметил желтый, когда читал финальный список.",no_existing_candidate_backed_pattern,8,False,"[""frequent_error_exact""]"
pattern_жо_же,Автор увидел жолтый и открыл новая редакция утром.,Автор увидел желтый и открыл новая редакция утром.,no_existing_candidate_backed_pattern,9,False,"[""frequent_error_exact""]"
pattern_жо_же,"Редактор проверил жолтый, когда готовил архивная запись.","Редактор проверил желтый, когда готовил архивная запись.",no_existing_candidate_backed_pattern,8,False,"[""frequent_error_exact""]"
pattern_жо_же,"Эксперт отметил жолтый, когда читал дежурный редактор.","Эксперт отметил желтый, когда читал дежурный редактор.",no_existing_candidate_backed_pattern,8,False,"[""frequent_error_exact""]"
pattern_жо_же,Автор увидел жолтый и открыл общий график утром.,Автор увидел желтый и открыл общий график утром.,no_existing_candidate_backed_pattern,9,False,"[""frequent_error_exact""]"
pattern_жо_же,"Редактор проверил жолтый, когда готовил плановая встреча.","Редактор проверил желтый, когда готовил плановая встреча.",no_existing_candidate_backed_pattern,8,False,"[""frequent_error_exact""]"
pattern_жо_же,"Эксперт отметил жолтый, когда читал осенняя проверка.","Эксперт отметил желтый, когда читал осенняя проверка.",no_existing_candidate_backed_pattern,8,False,"[""frequent_error_exact""]"
pattern_жо_же,Автор увидел жолтый и открыл сводный отчет утром.,Автор увидел желтый и открыл сводный отчет утром.,no_existing_candidate_backed_pattern,9,False,"[""frequent_error_exact""]"
pattern_жо_же,"Редактор проверил жолтый, когда готовил важная подпись.","Редактор проверил желтый, когда готовил важная подпись.",no_existing_candidate_backed_pattern,8,False,"[""frequent_error_exact""]"
pattern_жо_же,"Эксперт отметил жолтый, когда читал рабочая группа.","Эксперт отметил желтый, когда читал рабочая группа.",no_existing_candidate_backed_pattern,8,False,"[""frequent_error_exact""]"
pattern_жо_же,Автор увидел жолтый и открыл городская служба утром.,Автор увидел желтый и открыл городская служба утром.,no_existing_candidate_backed_pattern,9,False,"[""frequent_error_exact""]"
pattern_жо_же,"Редактор проверил жолтый, когда готовил новый раздел.","Редактор проверил желтый, когда готовил новый раздел.",no_existing_candidate_backed_pattern,8,False,"[""frequent_error_exact""]"
pattern_жо_же,"Эксперт отметил жолтый, когда читал учебная таблица.","Эксперт отметил желтый, когда читал учебная таблица.",no_existing_candidate_backed_pattern,8,False,"[""frequent_error_exact""]"
pattern_жо_же,Автор увидел жолтый и открыл вечерний протокол утром.,Автор увидел желтый и открыл вечерний протокол утром.,no_existing_candidate_backed_pattern,9,False,"[""frequent_error_exact""]"
pattern_жо_же,"Редактор проверил жолтый, когда готовил проверенный файл.","Редактор проверил желтый, когда готовил проверенный файл.",no_existing_candidate_backed_pattern,8,False,"[""frequent_error_exact""]"
pattern_жо_же,"Эксперт отметил жолтый, когда читал согласованный договор.","Эксперт отметил желтый, когда читал согласованный договор.",no_existing_candidate_backed_pattern,8,False,"[""frequent_error_exact""]"
pattern_жо_же,Автор увидел жолтый и открыл подготовленный список утром.,Автор увидел желтый и открыл подготовленный список утром.,no_existing_candidate_backed_pattern,9,False,"[""frequent_error_exact""]"
pattern_жо_же,"Редактор проверил жолтый, когда готовил закрытая заявка.","Редактор проверил желтый, когда готовил закрытая заявка.",no_existing_candidate_backed_pattern,8,False,"[""frequent_error_exact""]"
pattern_жо_же,"Эксперт отметил жолтый, когда читал длинная запись.","Эксперт отметил желтый, когда читал длинная запись.",no_existing_candidate_backed_pattern,8,False,"[""frequent_error_exact""]"
pattern_жо_же,Автор увидел жолтый и открыл обновленный журнал утром.,Автор увидел желтый и открыл обновленный журнал утром.,no_existing_candidate_backed_pattern,9,False,"[""frequent_error_exact""]"
pattern_жо_же,"Редактор проверил жолтый, когда готовил северный филиал.","Редактор проверил желтый, когда готовил северный филиал.",no_existing_candidate_backed_pattern,8,False,"[""frequent_error_exact""]"
pattern_жо_же,"Эксперт отметил жолтый, когда читал зимнее расписание.","Эксперт отметил желтый, когда читал зимнее расписание.",no_existing_candidate_backed_pattern,8,False,"[""frequent_error_exact""]"
pattern_жо_же,Автор увидел жолтый и открыл летняя проверка утром.,Автор увидел желтый и открыл летняя проверка утром.,no_existing_candidate_backed_pattern,9,False,"[""frequent_error_exact""]"
pattern_жо_же,"Редактор проверил жолтый, когда готовил районный протокол.","Редактор проверил желтый, когда готовил районный протокол.",no_existing_candidate_backed_pattern,8,False,"[""frequent_error_exact""]"
pattern_жо_же,"Эксперт отметил жолтый, когда читал входящее письмо.","Эксперт отметил желтый, когда читал входящее письмо.",no_existing_candidate_backed_pattern,8,False,"[""frequent_error_exact""]"
pattern_жо_же,Автор увидел жолтый и открыл старый договор утром.,Автор увидел желтый и открыл старый договор утром.,no_existing_candidate_backed_pattern,9,False,"[""frequent_error_exact""]"
pattern_жо_же,"Редактор проверил жолтый, когда готовил новая таблица.","Редактор проверил желтый, когда готовил новая таблица.",no_existing_candidate_backed_pattern,8,False,"[""frequent_error_exact""]"
pattern_жо_же,"Эксперт отметил жолтый, когда читал закрытый раздел.","Эксперт отметил желтый, когда читал закрытый раздел.",no_existing_candidate_backed_pattern,8,False,"[""frequent_error_exact""]"
pattern_жо_же,Автор увидел жолтый и открыл утренний приказ утром.,Автор увидел желтый и открыл утренний приказ утром.,no_existing_candidate_backed_pattern,9,False,"[""frequent_error_exact""]"
pattern_жо_же,"Редактор проверил жолтый, когда готовил служебная записка.","Редактор проверил желтый, когда готовил служебная записка.",no_existing_candidate_backed_pattern,8,False,"[""frequent_error_exact""]"
pattern_жо_же,"Эксперт отметил жолтый, когда читал городской проект.","Эксперт отметил желтый, когда читал городской проект.",no_existing_candidate_backed_pattern,8,False,"[""frequent_error_exact""]"
pattern_жо_же,Автор увидел жолтый и открыл важное решение утром.,Автор увидел желтый и открыл важное решение утром.,no_existing_candidate_backed_pattern,9,False,"[""frequent_error_exact""]"
pattern_жо_же,"Редактор проверил жолтый, когда готовил общий список.","Редактор проверил желтый, когда готовил общий список.",no_existing_candidate_backed_pattern,8,False,"[""frequent_error_exact""]"
pattern_жо_же,"Эксперт отметил жолтый, когда читал рабочий кабинет.","Эксперт отметил желтый, когда читал рабочий кабинет.",no_existing_candidate_backed_pattern,8,False,"[""frequent_error_exact""]"
pattern_жо_же,Автор увидел жолтый и открыл архивный номер утром.,Автор увидел желтый и открыл архивный номер утром.,no_existing_candidate_backed_pattern,9,False,"[""frequent_error_exact""]"
pattern_жо_же,"Редактор проверил жолтый, когда готовил открытый вопрос.","Редактор проверил желтый, когда готовил открытый вопрос.",no_existing_candidate_backed_pattern,8,False,"[""frequent_error_exact""]"
pattern_жо_же,"Эксперт отметил жолтый, когда читал плановый отчет.","Эксперт отметил желтый, когда читал плановый отчет.",no_existing_candidate_backed_pattern,8,False,"[""frequent_error_exact""]"
pattern_жо_же,Автор увидел жолтый и открыл новый маршрут утром.,Автор увидел желтый и открыл новый маршрут утром.,no_existing_candidate_backed_pattern,9,False,"[""frequent_error_exact""]"
pattern_жо_же,"Редактор проверил жолтый, когда готовил вечерняя смена.","Редактор проверил желтый, когда готовил вечерняя смена.",no_existing_candidate_backed_pattern,9,False,"[""frequent_error_exact"", ""n_nn_short_form""]"
pattern_жо_же,"Эксперт отметил жолтый, когда читал срочная заявка.","Эксперт отметил желтый, когда читал срочная заявка.",no_existing_candidate_backed_pattern,8,False,"[""frequent_error_exact""]"
pattern_жо_же,Автор увидел жолтый и открыл письменная просьба утром.,Автор увидел желтый и открыл письменная просьба утром.,no_existing_candidate_backed_pattern,9,False,"[""frequent_error_exact""]"
pattern_жы_жи,"Редактор проверил жызнь, когда готовил рабочий отчет.","Редактор проверил жизнь, когда готовил рабочий отчет.",no_existing_candidate_backed_pattern,8,False,"[""frequent_error_exact""]"
pattern_жы_жи,"Секретарь сохранил жывотное, потому что рабочий отчет был важен.","Секретарь сохранил животное, потому что рабочий отчет был важен.",no_existing_candidate_backed_pattern,10,False,"[""frequent_error_exact""]"
pattern_жы_жи,"Эксперт отметил жызнь, когда читал новый документ.","Эксперт отметил жизнь, когда читал новый документ.",no_existing_candidate_backed_pattern,8,False,"[""frequent_error_exact""]"
pattern_жы_жи,Команда внесла жывотное в новый документ перед встречей.,Команда внесла животное в новый документ перед встречей.,no_existing_candidate_backed_pattern,9,False,"[""frequent_error_exact""]"
pattern_жы_жи,Автор увидел жызнь и открыл точный план утром.,Автор увидел жизнь и открыл точный план утром.,no_existing_candidate_backed_pattern,9,False,"[""frequent_error_exact""]"
pattern_жы_жи,Аналитик записал жывотное и обновил точный план вечером.,Аналитик записал животное и обновил точный план вечером.,no_existing_candidate_backed_pattern,9,False,"[""frequent_error_exact""]"
pattern_жы_жи,"Редактор проверил жызнь, когда готовил городской архив.","Редактор проверил жизнь, когда готовил городской архив.",no_existing_candidate_backed_pattern,8,False,"[""frequent_error_exact""]"
pattern_жы_жи,"Секретарь сохранил жывотное, потому что городской архив был важен.","Секретарь сохранил животное, потому что городской архив был важен.",no_existing_candidate_backed_pattern,10,False,"[""frequent_error_exact""]"
pattern_жы_жи,"Эксперт отметил жызнь, когда читал утренний выпуск.","Эксперт отметил жизнь, когда читал утренний выпуск.",no_existing_candidate_backed_pattern,8,False,"[""frequent_error_exact""]"
pattern_жы_жи,Команда внесла жывотное в утренний выпуск перед встречей.,Команда внесла животное в утренний выпуск перед встречей.,no_existing_candidate_backed_pattern,9,False,"[""frequent_error_exact""]"
pattern_жы_жи,Автор увидел жызнь и открыл важный договор утром.,Автор увидел жизнь и открыл важный договор утром.,no_existing_candidate_backed_pattern,9,False,"[""frequent_error_exact""]"
pattern_жы_жи,Аналитик записал жывотное и обновил важный договор вечером.,Аналитик записал животное и обновил важный договор вечером.,no_existing_candidate_backed_pattern,9,False,"[""frequent_error_exact""]"
pattern_жы_жи,"Редактор проверил жызнь, когда готовил короткая заметка.","Редактор проверил жизнь, когда готовил короткая заметка.",no_existing_candidate_backed_pattern,8,False,"[""frequent_error_exact""]"
pattern_жы_жи,"Секретарь сохранил жывотное, потому что короткая заметка был важен.","Секретарь сохранил животное, потому что короткая заметка был важен.",no_existing_candidate_backed_pattern,10,False,"[""frequent_error_exact""]"
pattern_жы_жи,"Эксперт отметил жызнь, когда читал итоговая таблица.","Эксперт отметил жизнь, когда читал итоговая таблица.",no_existing_candidate_backed_pattern,8,False,"[""frequent_error_exact""]"
pattern_жы_жи,Команда внесла жывотное в итоговая таблица перед встречей.,Команда внесла животное в итоговая таблица перед встречей.,no_existing_candidate_backed_pattern,9,False,"[""frequent_error_exact""]"
pattern_жы_жи,Автор увидел жызнь и открыл свежая сводка утром.,Автор увидел жизнь и открыл свежая сводка утром.,no_existing_candidate_backed_pattern,9,False,"[""frequent_error_exact""]"
pattern_жы_жи,Аналитик записал жывотное и обновил свежая сводка вечером.,Аналитик записал животное и обновил свежая сводка вечером.,no_existing_candidate_backed_pattern,9,False,"[""frequent_error_exact""]"
pattern_жы_жи,"Редактор проверил жызнь, когда готовил открытая заявка.","Редактор проверил жизнь, когда готовил открытая заявка.",no_existing_candidate_backed_pattern,8,False,"[""frequent_error_exact""]"
pattern_жы_жи,"Секретарь сохранил жывотное, потому что открытая заявка был важен.","Секретарь сохранил животное, потому что открытая заявка был важен.",no_existing_candidate_backed_pattern,10,False,"[""frequent_error_exact""]"
pattern_жы_жи,"Эксперт отметил жызнь, когда читал письменный ответ.","Эксперт отметил жизнь, когда читал письменный ответ.",no_existing_candidate_backed_pattern,8,False,"[""frequent_error_exact""]"
pattern_жы_жи,Команда внесла жывотное в письменный ответ перед встречей.,Команда внесла животное в письменный ответ перед встречей.,no_existing_candidate_backed_pattern,9,False,"[""frequent_error_exact""]"
pattern_жы_жи,Автор увидел жызнь и открыл подробная справка утром.,Автор увидел жизнь и открыл подробная справка утром.,no_existing_candidate_backed_pattern,9,False,"[""frequent_error_exact""]"
pattern_жы_жи,Аналитик записал жывотное и обновил подробная справка вечером.,Аналитик записал животное и обновил подробная справка вечером.,no_existing_candidate_backed_pattern,9,False,"[""frequent_error_exact""]"
pattern_жы_жи,"Редактор проверил жызнь, когда готовил районная комиссия.","Редактор проверил жизнь, когда готовил районная комиссия.",no_existing_candidate_backed_pattern,8,False,"[""frequent_error_exact""]"
pattern_жы_жи,"Секретарь сохранил жывотное, потому что районная комиссия был важен.","Секретарь сохранил животное, потому что районная комиссия был важен.",no_existing_candidate_backed_pattern,10,False,"[""frequent_error_exact""]"
pattern_жы_жи,"Эксперт отметил жызнь, когда читал финальный список.","Эксперт отметил жизнь, когда читал финальный список.",no_existing_candidate_backed_pattern,8,False,"[""frequent_error_exact""]"
pattern_жы_жи,Команда внесла жывотное в финальный список перед встречей.,Команда внесла животное в финальный список перед встречей.,no_existing_candidate_backed_pattern,9,False,"[""frequent_error_exact""]"
pattern_жы_жи,Автор увидел жызнь и открыл новая редакция утром.,Автор увидел жизнь и открыл новая редакция утром.,no_existing_candidate_backed_pattern,9,False,"[""frequent_error_exact""]"
pattern_жы_жи,Аналитик записал жывотное и обновил новая редакция вечером.,Аналитик записал животное и обновил новая редакция вечером.,no_existing_candidate_backed_pattern,9,False,"[""frequent_error_exact""]"
pattern_жы_жи,"Редактор проверил жызнь, когда готовил архивная запись.","Редактор проверил жизнь, когда готовил архивная запись.",no_existing_candidate_backed_pattern,8,False,"[""frequent_error_exact""]"
pattern_жы_жи,"Секретарь сохранил жывотное, потому что архивная запись был важен.","Секретарь сохранил животное, потому что архивная запись был важен.",no_existing_candidate_backed_pattern,10,False,"[""frequent_error_exact""]"
pattern_жы_жи,"Эксперт отметил жызнь, когда читал дежурный редактор.","Эксперт отметил жизнь, когда читал дежурный редактор.",no_existing_candidate_backed_pattern,8,False,"[""frequent_error_exact""]"
pattern_жы_жи,Команда внесла жывотное в дежурный редактор перед встречей.,Команда внесла животное в дежурный редактор перед встречей.,no_existing_candidate_backed_pattern,9,False,"[""frequent_error_exact""]"
pattern_жы_жи,Автор увидел жызнь и открыл общий график утром.,Автор увидел жизнь и открыл общий график утром.,no_existing_candidate_backed_pattern,9,False,"[""frequent_error_exact""]"
pattern_жы_жи,Аналитик записал жывотное и обновил общий график вечером.,Аналитик записал животное и обновил общий график вечером.,no_existing_candidate_backed_pattern,9,False,"[""frequent_error_exact""]"
pattern_жы_жи,"Редактор проверил жызнь, когда готовил плановая встреча.","Редактор проверил жизнь, когда готовил плановая встреча.",no_existing_candidate_backed_pattern,8,False,"[""frequent_error_exact""]"
pattern_жы_жи,"Секретарь сохранил жывотное, потому что плановая встреча был важен.","Секретарь сохранил животное, потому что плановая встреча был важен.",no_existing_candidate_backed_pattern,10,False,"[""frequent_error_exact""]"
pattern_жы_жи,"Эксперт отметил жызнь, когда читал осенняя проверка.","Эксперт отметил жизнь, когда читал осенняя проверка.",no_existing_candidate_backed_pattern,8,False,"[""frequent_error_exact""]"
pattern_жы_жи,Команда внесла жывотное в осенняя проверка перед встречей.,Команда внесла животное в осенняя проверка перед встречей.,no_existing_candidate_backed_pattern,9,False,"[""frequent_error_exact""]"
pattern_жы_жи,Автор увидел жызнь и открыл сводный отчет утром.,Автор увидел жизнь и открыл сводный отчет утром.,no_existing_candidate_backed_pattern,9,False,"[""frequent_error_exact""]"
pattern_жы_жи,Аналитик записал жывотное и обновил сводный отчет вечером.,Аналитик записал животное и обновил сводный отчет вечером.,no_existing_candidate_backed_pattern,9,False,"[""frequent_error_exact""]"
pattern_жы_жи,"Редактор проверил жызнь, когда готовил важная подпись.","Редактор проверил жизнь, когда готовил важная подпись.",no_existing_candidate_backed_pattern,8,False,"[""frequent_error_exact""]"
pattern_жы_жи,"Секретарь сохранил жывотное, потому что важная подпись был важен.","Секретарь сохранил животное, потому что важная подпись был важен.",no_existing_candidate_backed_pattern,10,False,"[""frequent_error_exact""]"
pattern_жы_жи,"Эксперт отметил жызнь, когда читал рабочая группа.","Эксперт отметил жизнь, когда читал рабочая группа.",no_existing_candidate_backed_pattern,8,False,"[""frequent_error_exact""]"
pattern_жы_жи,Команда внесла жывотное в рабочая группа перед встречей.,Команда внесла животное в рабочая группа перед встречей.,no_existing_candidate_backed_pattern,9,False,"[""frequent_error_exact""]"
pattern_жы_жи,Автор увидел жызнь и открыл городская служба утром.,Автор увидел жизнь и открыл городская служба утром.,no_existing_candidate_backed_pattern,9,False,"[""frequent_error_exact""]"
pattern_жы_жи,Аналитик записал жывотное и обновил городская служба вечером.,Аналитик записал животное и обновил городская служба вечером.,no_existing_candidate_backed_pattern,9,False,"[""frequent_error_exact""]"
pattern_жы_жи,"Редактор проверил жызнь, когда готовил новый раздел.","Редактор проверил жизнь, когда готовил новый раздел.",no_existing_candidate_backed_pattern,8,False,"[""frequent_error_exact""]"
pattern_жы_жи,"Секретарь сохранил жывотное, потому что новый раздел был важен.","Секретарь сохранил животное, потому что новый раздел был важен.",no_existing_candidate_backed_pattern,10,False,"[""frequent_error_exact""]"
pattern_жы_жи,"Эксперт отметил жызнь, когда читал учебная таблица.","Эксперт отметил жизнь, когда читал учебная таблица.",no_existing_candidate_backed_pattern,8,False,"[""frequent_error_exact""]"
pattern_жы_жи,Команда внесла жывотное в учебная таблица перед встречей.,Команда внесла животное в учебная таблица перед встречей.,no_existing_candidate_backed_pattern,9,False,"[""frequent_error_exact""]"
pattern_жы_жи,Автор увидел жызнь и открыл вечерний протокол утром.,Автор увидел жизнь и открыл вечерний протокол утром.,no_existing_candidate_backed_pattern,9,False,"[""frequent_error_exact""]"
pattern_жы_жи,Аналитик записал жывотное и обновил вечерний протокол вечером.,Аналитик записал животное и обновил вечерний протокол вечером.,no_existing_candidate_backed_pattern,9,False,"[""frequent_error_exact""]"
pattern_жы_жи,"Редактор проверил жызнь, когда готовил проверенный файл.","Редактор проверил жизнь, когда готовил проверенный файл.",no_existing_candidate_backed_pattern,8,False,"[""frequent_error_exact""]"
pattern_жы_жи,"Секретарь сохранил жывотное, потому что проверенный файл был важен.","Секретарь сохранил животное, потому что проверенный файл был важен.",no_existing_candidate_backed_pattern,10,False,"[""frequent_error_exact""]"
pattern_жы_жи,"Эксперт отметил жызнь, когда читал согласованный договор.","Эксперт отметил жизнь, когда читал согласованный договор.",no_existing_candidate_backed_pattern,8,False,"[""frequent_error_exact""]"
pattern_жы_жи,Команда внесла жывотное в согласованный договор перед встречей.,Команда внесла животное в согласованный договор перед встречей.,no_existing_candidate_backed_pattern,9,False,"[""frequent_error_exact""]"
pattern_жы_жи,Автор увидел жызнь и открыл подготовленный список утром.,Автор увидел жизнь и открыл подготовленный список утром.,no_existing_candidate_backed_pattern,9,False,"[""frequent_error_exact""]"
pattern_жы_жи,Аналитик записал жывотное и обновил подготовленный список вечером.,Аналитик записал животное и обновил подготовленный список вечером.,no_existing_candidate_backed_pattern,9,False,"[""frequent_error_exact""]"
pattern_жы_жи,"Редактор проверил жызнь, когда готовил закрытая заявка.","Редактор проверил жизнь, когда готовил закрытая заявка.",no_existing_candidate_backed_pattern,8,False,"[""frequent_error_exact""]"
pattern_жы_жи,"Секретарь сохранил жывотное, потому что закрытая заявка был важен.","Секретарь сохранил животное, потому что закрытая заявка был важен.",no_existing_candidate_backed_pattern,10,False,"[""frequent_error_exact""]"
pattern_жы_жи,"Эксперт отметил жызнь, когда читал длинная запись.","Эксперт отметил жизнь, когда читал длинная запись.",no_existing_candidate_backed_pattern,8,False,"[""frequent_error_exact""]"
pattern_жы_жи,Команда внесла жывотное в длинная запись перед встречей.,Команда внесла животное в длинная запись перед встречей.,no_existing_candidate_backed_pattern,9,False,"[""frequent_error_exact""]"
pattern_жы_жи,Автор увидел жызнь и открыл обновленный журнал утром.,Автор увидел жизнь и открыл обновленный журнал утром.,no_existing_candidate_backed_pattern,9,False,"[""frequent_error_exact""]"
pattern_жы_жи,Аналитик записал жывотное и обновил обновленный журнал вечером.,Аналитик записал животное и обновил обновленный журнал вечером.,no_existing_candidate_backed_pattern,9,False,"[""frequent_error_exact""]"
pattern_жы_жи,"Редактор проверил жызнь, когда готовил северный филиал.","Редактор проверил жизнь, когда готовил северный филиал.",no_existing_candidate_backed_pattern,8,False,"[""frequent_error_exact""]"
pattern_жы_жи,"Секретарь сохранил жывотное, потому что северный филиал был важен.","Секретарь сохранил животное, потому что северный филиал был важен.",no_existing_candidate_backed_pattern,10,False,"[""frequent_error_exact""]"
pattern_жы_жи,"Эксперт отметил жызнь, когда читал зимнее расписание.","Эксперт отметил жизнь, когда читал зимнее расписание.",no_existing_candidate_backed_pattern,8,False,"[""frequent_error_exact""]"
pattern_жы_жи,Команда внесла жывотное в зимнее расписание перед встречей.,Команда внесла животное в зимнее расписание перед встречей.,no_existing_candidate_backed_pattern,9,False,"[""frequent_error_exact""]"
pattern_жы_жи,Автор увидел жызнь и открыл летняя проверка утром.,Автор увидел жизнь и открыл летняя проверка утром.,no_existing_candidate_backed_pattern,9,False,"[""frequent_error_exact""]"
pattern_жы_жи,Аналитик записал жывотное и обновил летняя проверка вечером.,Аналитик записал животное и обновил летняя проверка вечером.,no_existing_candidate_backed_pattern,9,False,"[""frequent_error_exact""]"
pattern_жы_жи,"Редактор проверил жызнь, когда готовил районный протокол.","Редактор проверил жизнь, когда готовил районный протокол.",no_existing_candidate_backed_pattern,8,False,"[""frequent_error_exact""]"
pattern_жы_жи,"Секретарь сохранил жывотное, потому что районный протокол был важен.","Секретарь сохранил животное, потому что районный протокол был важен.",no_existing_candidate_backed_pattern,10,False,"[""frequent_error_exact""]"
pattern_жы_жи,"Эксперт отметил жызнь, когда читал входящее письмо.","Эксперт отметил жизнь, когда читал входящее письмо.",no_existing_candidate_backed_pattern,8,False,"[""frequent_error_exact""]"
pattern_жы_жи,Команда внесла жывотное в входящее письмо перед встречей.,Команда внесла животное в входящее письмо перед встречей.,no_existing_candidate_backed_pattern,9,False,"[""frequent_error_exact""]"
pattern_жы_жи,Автор увидел жызнь и открыл старый договор утром.,Автор увидел жизнь и открыл старый договор утром.,no_existing_candidate_backed_pattern,9,False,"[""frequent_error_exact""]"
pattern_жы_жи,Аналитик записал жывотное и обновил старый договор вечером.,Аналитик записал животное и обновил старый договор вечером.,no_existing_candidate_backed_pattern,9,False,"[""frequent_error_exact""]"
pattern_жы_жи,"Редактор проверил жызнь, когда готовил новая таблица.","Редактор проверил жизнь, когда готовил новая таблица.",no_existing_candidate_backed_pattern,8,False,"[""frequent_error_exact""]"
pattern_жы_жи,"Секретарь сохранил жывотное, потому что новая таблица был важен.","Секретарь сохранил животное, потому что новая таблица был важен.",no_existing_candidate_backed_pattern,10,False,"[""frequent_error_exact""]"
pattern_жы_жи,"Эксперт отметил жызнь, когда читал закрытый раздел.","Эксперт отметил жизнь, когда читал закрытый раздел.",no_existing_candidate_backed_pattern,8,False,"[""frequent_error_exact""]"
pattern_жы_жи,Команда внесла жывотное в закрытый раздел перед встречей.,Команда внесла животное в закрытый раздел перед встречей.,no_existing_candidate_backed_pattern,9,False,"[""frequent_error_exact""]"
pattern_жы_жи,Автор увидел жызнь и открыл утренний приказ утром.,Автор увидел жизнь и открыл утренний приказ утром.,no_existing_candidate_backed_pattern,9,False,"[""frequent_error_exact""]"
pattern_жы_жи,Аналитик записал жывотное и обновил утренний приказ вечером.,Аналитик записал животное и обновил утренний приказ вечером.,no_existing_candidate_backed_pattern,9,False,"[""frequent_error_exact""]"
pattern_жы_жи,"Редактор проверил жызнь, когда готовил служебная записка.","Редактор проверил жизнь, когда готовил служебная записка.",no_existing_candidate_backed_pattern,8,False,"[""frequent_error_exact""]"
pattern_жы_жи,"Секретарь сохранил жывотное, потому что служебная записка был важен.","Секретарь сохранил животное, потому что служебная записка был важен.",no_existing_candidate_backed_pattern,10,False,"[""frequent_error_exact""]"
pattern_жы_жи,"Эксперт отметил жызнь, когда читал городской проект.","Эксперт отметил жизнь, когда читал городской проект.",no_existing_candidate_backed_pattern,8,False,"[""frequent_error_exact""]"
pattern_жы_жи,Команда внесла жывотное в городской проект перед встречей.,Команда внесла животное в городской проект перед встречей.,no_existing_candidate_backed_pattern,9,False,"[""frequent_error_exact""]"
pattern_жы_жи,Автор увидел жызнь и открыл важное решение утром.,Автор увидел жизнь и открыл важное решение утром.,no_existing_candidate_backed_pattern,9,False,"[""frequent_error_exact""]"
pattern_жы_жи,Аналитик записал жывотное и обновил важное решение вечером.,Аналитик записал животное и обновил важное решение вечером.,no_existing_candidate_backed_pattern,9,False,"[""frequent_error_exact""]"
pattern_жы_жи,"Редактор проверил жызнь, когда готовил общий список.","Редактор проверил жизнь, когда готовил общий список.",no_existing_candidate_backed_pattern,8,False,"[""frequent_error_exact""]"
pattern_жы_жи,"Секретарь сохранил жывотное, потому что общий список был важен.","Секретарь сохранил животное, потому что общий список был важен.",no_existing_candidate_backed_pattern,10,False,"[""frequent_error_exact""]"
pattern_жы_жи,"Эксперт отметил жызнь, когда читал рабочий кабинет.","Эксперт отметил жизнь, когда читал рабочий кабинет.",no_existing_candidate_backed_pattern,8,False,"[""frequent_error_exact""]"
pattern_жы_жи,Команда внесла жывотное в рабочий кабинет перед встречей.,Команда внесла животное в рабочий кабинет перед встречей.,no_existing_candidate_backed_pattern,9,False,"[""frequent_error_exact""]"
pattern_жы_жи,Автор увидел жызнь и открыл архивный номер утром.,Автор увидел жизнь и открыл архивный номер утром.,no_existing_candidate_backed_pattern,9,False,"[""frequent_error_exact""]"
pattern_жы_жи,Аналитик записал жывотное и обновил архивный номер вечером.,Аналитик записал животное и обновил архивный номер вечером.,no_existing_candidate_backed_pattern,9,False,"[""frequent_error_exact""]"
pattern_жы_жи,"Редактор проверил жызнь, когда готовил открытый вопрос.","Редактор проверил жизнь, когда готовил открытый вопрос.",no_existing_candidate_backed_pattern,8,False,"[""frequent_error_exact""]"
pattern_жы_жи,"Секретарь сохранил жывотное, потому что открытый вопрос был важен.","Секретарь сохранил животное, потому что открытый вопрос был важен.",no_existing_candidate_backed_pattern,10,False,"[""frequent_error_exact""]"
pattern_жы_жи,"Эксперт отметил жызнь, когда читал плановый отчет.","Эксперт отметил жизнь, когда читал плановый отчет.",no_existing_candidate_backed_pattern,8,False,"[""frequent_error_exact""]"
pattern_жы_жи,Команда внесла жывотное в плановый отчет перед встречей.,Команда внесла животное в плановый отчет перед встречей.,no_existing_candidate_backed_pattern,9,False,"[""frequent_error_exact""]"
pattern_жы_жи,Автор увидел жызнь и открыл новый маршрут утром.,Автор увидел жизнь и открыл новый маршрут утром.,no_existing_candidate_backed_pattern,9,False,"[""frequent_error_exact""]"
pattern_жы_жи,Аналитик записал жывотное и обновил новый маршрут вечером.,Аналитик записал животное и обновил новый маршрут вечером.,no_existing_candidate_backed_pattern,9,False,"[""frequent_error_exact""]"
pattern_жы_жи,"Редактор проверил жызнь, когда готовил вечерняя смена.","Редактор проверил жизнь, когда готовил вечерняя смена.",no_existing_candidate_backed_pattern,9,False,"[""frequent_error_exact"", ""n_nn_short_form""]"
pattern_жы_жи,"Секретарь сохранил жывотное, потому что вечерняя смена был важен.","Секретарь сохранил животное, потому что вечерняя смена был важен.",no_existing_candidate_backed_pattern,11,False,"[""frequent_error_exact"", ""n_nn_short_form""]"
pattern_жы_жи,"Эксперт отметил жызнь, когда читал срочная заявка.","Эксперт отметил жизнь, когда читал срочная заявка.",no_existing_candidate_backed_pattern,8,False,"[""frequent_error_exact""]"
pattern_жы_жи,Команда внесла жывотное в срочная заявка перед встречей.,Команда внесла животное в срочная заявка перед встречей.,no_existing_candidate_backed_pattern,9,False,"[""frequent_error_exact""]"
pattern_жы_жи,Автор увидел жызнь и открыл письменная просьба утром.,Автор увидел жизнь и открыл письменная просьба утром.,no_existing_candidate_backed_pattern,9,False,"[""frequent_error_exact""]"
pattern_жы_жи,Аналитик записал жывотное и обновил письменная просьба вечером.,Аналитик записал животное и обновил письменная просьба вечером.,no_existing_candidate_backed_pattern,9,False,"[""frequent_error_exact""]"
pattern_жы_жи,"Редактор проверил жызнь, когда готовил короткий протокол.","Редактор проверил жизнь, когда готовил короткий протокол.",no_existing_candidate_backed_pattern,8,False,"[""frequent_error_exact""]"
pattern_жы_жи,"Секретарь сохранил жывотное, потому что короткий протокол был важен.","Секретарь сохранил животное, потому что короткий протокол был важен.",no_existing_candidate_backed_pattern,10,False,"[""frequent_error_exact""]"
pattern_жы_жи,"Эксперт отметил жызнь, когда читал дневной выпуск.","Эксперт отметил жизнь, когда читал дневной выпуск.",no_existing_candidate_backed_pattern,8,False,"[""frequent_error_exact""]"
pattern_жы_жи,Команда внесла жывотное в дневной выпуск перед встречей.,Команда внесла животное в дневной выпуск перед встречей.,no_existing_candidate_backed_pattern,9,False,"[""frequent_error_exact""]"
pattern_жы_жи,Автор увидел жызнь и открыл точная дата утром.,Автор увидел жизнь и открыл точная дата утром.,no_existing_candidate_backed_pattern,9,False,"[""frequent_error_exact""]"
pattern_жы_жи,Аналитик записал жывотное и обновил точная дата вечером.,Аналитик записал животное и обновил точная дата вечером.,no_existing_candidate_backed_pattern,9,False,"[""frequent_error_exact""]"
pattern_жы_жи,"Редактор проверил жызнь, когда готовил готовый макет.","Редактор проверил жизнь, когда готовил готовый макет.",no_existing_candidate_backed_pattern,8,False,"[""frequent_error_exact""]"
pattern_жы_жи,"Секретарь сохранил жывотное, потому что готовый макет был важен.","Секретарь сохранил животное, потому что готовый макет был важен.",no_existing_candidate_backed_pattern,10,False,"[""frequent_error_exact""]"
pattern_жы_жи,"Эксперт отметил жызнь, когда читал основной договор.","Эксперт отметил жизнь, когда читал основной договор.",no_existing_candidate_backed_pattern,8,False,"[""frequent_error_exact""]"
pattern_жы_жи,Команда внесла жывотное в основной договор перед встречей.,Команда внесла животное в основной договор перед встречей.,no_existing_candidate_backed_pattern,9,False,"[""frequent_error_exact""]"
pattern_жы_жи,Автор увидел жызнь и открыл временный график утром.,Автор увидел жизнь и открыл временный график утром.,no_existing_candidate_backed_pattern,9,False,"[""frequent_error_exact""]"
pattern_жы_жи,Аналитик записал жывотное и обновил временный график вечером.,Аналитик записал животное и обновил временный график вечером.,no_existing_candidate_backed_pattern,9,False,"[""frequent_error_exact""]"
pattern_жы_жи,"Редактор проверил жызнь, когда готовил дежурная группа.","Редактор проверил жизнь, когда готовил дежурная группа.",no_existing_candidate_backed_pattern,8,False,"[""frequent_error_exact""]"
pattern_жы_жи,"Секретарь сохранил жывотное, потому что дежурная группа был важен.","Секретарь сохранил животное, потому что дежурная группа был важен.",no_existing_candidate_backed_pattern,10,False,"[""frequent_error_exact""]"
pattern_жы_жи,"Эксперт отметил жызнь, когда читал финальная версия.","Эксперт отметил жизнь, когда читал финальная версия.",no_existing_candidate_backed_pattern,8,False,"[""frequent_error_exact""]"
pattern_жы_жи,Команда внесла жывотное в финальная версия перед встречей.,Команда внесла животное в финальная версия перед встречей.,no_existing_candidate_backed_pattern,9,False,"[""frequent_error_exact""]"
pattern_жы_жи,Автор увидел жызнь и открыл контрольная таблица утром.,Автор увидел жизнь и открыл контрольная таблица утром.,no_existing_candidate_backed_pattern,9,False,"[""frequent_error_exact""]"
pattern_жы_жи,Аналитик записал жывотное и обновил контрольная таблица вечером.,Аналитик записал животное и обновил контрольная таблица вечером.,no_existing_candidate_backed_pattern,9,False,"[""frequent_error_exact""]"
pattern_жы_жи,"Редактор проверил жызнь, когда готовил принятый отчет.","Редактор проверил жизнь, когда готовил принятый отчет.",no_existing_candidate_backed_pattern,8,False,"[""frequent_error_exact""]"
pattern_жы_жи,"Секретарь сохранил жывотное, потому что принятый отчет был важен.","Секретарь сохранил животное, потому что принятый отчет был важен.",no_existing_candidate_backed_pattern,10,False,"[""frequent_error_exact""]"
pattern_жы_жи,"Эксперт отметил жызнь, когда читал закрытое письмо.","Эксперт отметил жизнь, когда читал закрытое письмо.",no_existing_candidate_backed_pattern,8,False,"[""frequent_error_exact""]"
pattern_жы_жи,Команда внесла жывотное в закрытое письмо перед встречей.,Команда внесла животное в закрытое письмо перед встречей.,no_existing_candidate_backed_pattern,9,False,"[""frequent_error_exact""]"
pattern_жы_жи,Автор увидел жызнь и открыл служебный ответ утром.,Автор увидел жизнь и открыл служебный ответ утром.,no_existing_candidate_backed_pattern,9,False,"[""frequent_error_exact""]"
pattern_жы_жи,Аналитик записал жывотное и обновил служебный ответ вечером.,Аналитик записал животное и обновил служебный ответ вечером.,no_existing_candidate_backed_pattern,9,False,"[""frequent_error_exact""]"
pattern_жы_жи,"Редактор проверил жызнь, когда готовил городская программа.","Редактор проверил жизнь, когда готовил городская программа.",no_existing_candidate_backed_pattern,8,False,"[""frequent_error_exact""]"
pattern_жы_жи,"Секретарь сохранил жывотное, потому что городская программа был важен.","Секретарь сохранил животное, потому что городская программа был важен.",no_existing_candidate_backed_pattern,10,False,"[""frequent_error_exact""]"
pattern_жы_жи,"Эксперт отметил жызнь, когда читал важная поправка.","Эксперт отметил жизнь, когда читал важная поправка.",no_existing_candidate_backed_pattern,8,False,"[""frequent_error_exact""]"
pattern_жы_жи,Команда внесла жывотное в важная поправка перед встречей.,Команда внесла животное в важная поправка перед встречей.,no_existing_candidate_backed_pattern,9,False,"[""frequent_error_exact""]"
pattern_жы_жи,Автор увидел жызнь и открыл новый порядок утром.,Автор увидел жизнь и открыл новый порядок утром.,no_existing_candidate_backed_pattern,9,False,"[""frequent_error_exact""]"
pattern_жы_жи,Аналитик записал жывотное и обновил новый порядок вечером.,Аналитик записал животное и обновил новый порядок вечером.,no_existing_candidate_backed_pattern,9,False,"[""frequent_error_exact""]"
pattern_жы_жи,"Редактор проверил жызнь, когда готовил итоговый документ.","Редактор проверил жизнь, когда готовил итоговый документ.",no_existing_candidate_backed_pattern,8,False,"[""frequent_error_exact""]"
pattern_жы_жи,"Секретарь сохранил жывотное, потому что итоговый документ был важен.","Секретарь сохранил животное, потому что итоговый документ был важен.",no_existing_candidate_backed_pattern,10,False,"[""frequent_error_exact""]"
pattern_жы_жи,"Эксперт отметил жызнь, когда читал отдельная папка.","Эксперт отметил жизнь, когда читал отдельная папка.",no_existing_candidate_backed_pattern,8,False,"[""frequent_error_exact""]"
pattern_жы_жи,Команда внесла жывотное в отдельная папка перед встречей.,Команда внесла животное в отдельная папка перед встречей.,no_existing_candidate_backed_pattern,9,False,"[""frequent_error_exact""]"
pattern_жы_жи,Автор увидел жызнь и открыл рабочая переписка утром.,Автор увидел жизнь и открыл рабочая переписка утром.,no_existing_candidate_backed_pattern,9,False,"[""frequent_error_exact""]"
pattern_жы_жи,Аналитик записал жывотное и обновил рабочая переписка вечером.,Аналитик записал животное и обновил рабочая переписка вечером.,no_existing_candidate_backed_pattern,9,False,"[""frequent_error_exact""]"
pattern_жы_жи,"Редактор проверил жызнь, когда готовил городской журнал.","Редактор проверил жизнь, когда готовил городской журнал.",no_existing_candidate_backed_pattern,8,False,"[""frequent_error_exact""]"
pattern_жы_жи,"Секретарь сохранил жывотное, потому что городской журнал был важен.","Секретарь сохранил животное, потому что городской журнал был важен.",no_existing_candidate_backed_pattern,10,False,"[""frequent_error_exact""]"
pattern_жы_жи,"Эксперт отметил жызнь, когда читал основная сводка.","Эксперт отметил жизнь, когда читал основная сводка.",no_existing_candidate_backed_pattern,8,False,"[""frequent_error_exact""]"
pattern_жы_жи,Команда внесла жывотное в основная сводка перед встречей.,Команда внесла животное в основная сводка перед встречей.,no_existing_candidate_backed_pattern,9,False,"[""frequent_error_exact""]"
pattern_жы_жи,Автор увидел жызнь и открыл ранний выпуск утром.,Автор увидел жизнь и открыл ранний выпуск утром.,no_existing_candidate_backed_pattern,9,False,"[""frequent_error_exact""]"
pattern_жы_жи,Аналитик записал жывотное и обновил ранний выпуск вечером.,Аналитик записал животное и обновил ранний выпуск вечером.,no_existing_candidate_backed_pattern,9,False,"[""frequent_error_exact""]"
pattern_жы_жи,"Редактор проверил жызнь, когда готовил новая заявка.","Редактор проверил жизнь, когда готовил новая заявка.",no_existing_candidate_backed_pattern,8,False,"[""frequent_error_exact""]"
pattern_жы_жи,"Секретарь сохранил жывотное, потому что новая заявка был важен.","Секретарь сохранил животное, потому что новая заявка был важен.",no_existing_candidate_backed_pattern,10,False,"[""frequent_error_exact""]"
pattern_жы_жи,"Эксперт отметил жызнь, когда читал закрытый протокол.","Эксперт отметил жизнь, когда читал закрытый протокол.",no_existing_candidate_backed_pattern,8,False,"[""frequent_error_exact""]"
pattern_жы_жи,Команда внесла жывотное в закрытый протокол перед встречей.,Команда внесла животное в закрытый протокол перед встречей.,no_existing_candidate_backed_pattern,9,False,"[""frequent_error_exact""]"
pattern_жы_жи,Автор увидел жызнь и открыл письменный договор утром.,Автор увидел жизнь и открыл письменный договор утром.,no_existing_candidate_backed_pattern,9,False,"[""frequent_error_exact""]"
pattern_жы_жи,Аналитик записал жывотное и обновил письменный договор вечером.,Аналитик записал животное и обновил письменный договор вечером.,no_existing_candidate_backed_pattern,9,False,"[""frequent_error_exact""]"
pattern_жы_жи,"Редактор проверил жызнь, когда готовил дежурный список.","Редактор проверил жизнь, когда готовил дежурный список.",no_existing_candidate_backed_pattern,8,False,"[""frequent_error_exact""]"
pattern_жы_жи,"Секретарь сохранил жывотное, потому что дежурный список был важен.","Секретарь сохранил животное, потому что дежурный список был важен.",no_existing_candidate_backed_pattern,10,False,"[""frequent_error_exact""]"
pattern_жы_жи,"Эксперт отметил жызнь, когда читал точный маршрут.","Эксперт отметил жизнь, когда читал точный маршрут.",no_existing_candidate_backed_pattern,8,False,"[""frequent_error_exact""]"
pattern_жы_жи,Команда внесла жывотное в точный маршрут перед встречей.,Команда внесла животное в точный маршрут перед встречей.,no_existing_candidate_backed_pattern,9,False,"[""frequent_error_exact""]"
pattern_жы_жи,Автор увидел жызнь и открыл служебный журнал утром.,Автор увидел жизнь и открыл служебный журнал утром.,no_existing_candidate_backed_pattern,9,False,"[""frequent_error_exact""]"
pattern_жы_жи,Аналитик записал жывотное и обновил служебный журнал вечером.,Аналитик записал животное и обновил служебный журнал вечером.,no_existing_candidate_backed_pattern,9,False,"[""frequent_error_exact""]"
pattern_жы_жи,"Редактор проверил жызнь, когда готовил важный раздел.","Редактор проверил жизнь, когда готовил важный раздел.",no_existing_candidate_backed_pattern,8,False,"[""frequent_error_exact""]"
pattern_жы_жи,"Секретарь сохранил жывотное, потому что важный раздел был важен.","Секретарь сохранил животное, потому что важный раздел был важен.",no_existing_candidate_backed_pattern,10,False,"[""frequent_error_exact""]"
pattern_жы_жи,"Эксперт отметил жызнь, когда читал рабочий приказ.","Эксперт отметил жизнь, когда читал рабочий приказ.",no_existing_candidate_backed_pattern,8,False,"[""frequent_error_exact""]"
pattern_жы_жи,Команда внесла жывотное в рабочий приказ перед встречей.,Команда внесла животное в рабочий приказ перед встречей.,no_existing_candidate_backed_pattern,9,False,"[""frequent_error_exact""]"
pattern_жы_жи,Автор увидел жызнь и открыл архивная таблица утром.,Автор увидел жизнь и открыл архивная таблица утром.,no_existing_candidate_backed_pattern,9,False,"[""frequent_error_exact""]"
pattern_жы_жи,Аналитик записал жывотное и обновил архивная таблица вечером.,Аналитик записал животное и обновил архивная таблица вечером.,no_existing_candidate_backed_pattern,9,False,"[""frequent_error_exact""]"
pattern_жы_жи,"Редактор проверил жызнь, когда готовил общая справка.","Редактор проверил жизнь, когда готовил общая справка.",no_existing_candidate_backed_pattern,8,False,"[""frequent_error_exact""]"
pattern_жы_жи,"Секретарь сохранил жывотное, потому что общая справка был важен.","Секретарь сохранил животное, потому что общая справка был важен.",no_existing_candidate_backed_pattern,10,False,"[""frequent_error_exact""]"
pattern_жы_жи,"Эксперт отметил жызнь, когда читал принятая заявка.","Эксперт отметил жизнь, когда читал принятая заявка.",no_existing_candidate_backed_pattern,8,False,"[""frequent_error_exact""]"
pattern_жы_жи,Команда внесла жывотное в принятая заявка перед встречей.,Команда внесла животное в принятая заявка перед встречей.,no_existing_candidate_backed_pattern,9,False,"[""frequent_error_exact""]"
pattern_жы_жи,Автор увидел жызнь и открыл вечерний отчет утром.,Автор увидел жизнь и открыл вечерний отчет утром.,no_existing_candidate_backed_pattern,9,False,"[""frequent_error_exact""]"
pattern_жы_жи,Аналитик записал жывотное и обновил вечерний отчет вечером.,Аналитик записал животное и обновил вечерний отчет вечером.,no_existing_candidate_backed_pattern,9,False,"[""frequent_error_exact""]"
pattern_жы_жи,"Редактор проверил жызнь, когда готовил короткий договор.","Редактор проверил жизнь, когда готовил короткий договор.",no_existing_candidate_backed_pattern,8,False,"[""frequent_error_exact""]"
pattern_жы_жи,"Секретарь сохранил жывотное, потому что короткий договор был важен.","Секретарь сохранил животное, потому что короткий договор был важен.",no_existing_candidate_backed_pattern,10,False,"[""frequent_error_exact""]"
pattern_жы_жи,"Эксперт отметил жызнь, когда читал осенний график.","Эксперт отметил жизнь, когда читал осенний график.",no_existing_candidate_backed_pattern,8,False,"[""frequent_error_exact""]"
pattern_жы_жи,Команда внесла жывотное в осенний график перед встречей.,Команда внесла животное в осенний график перед встречей.,no_existing_candidate_backed_pattern,9,False,"[""frequent_error_exact""]"
pattern_жы_жи,Автор увидел жызнь и открыл проверенная запись утром.,Автор увидел жизнь и открыл проверенная запись утром.,no_existing_candidate_backed_pattern,9,False,"[""frequent_error_exact""]"
pattern_жы_жи,Аналитик записал жывотное и обновил проверенная запись вечером.,Аналитик записал животное и обновил проверенная запись вечером.,no_existing_candidate_backed_pattern,9,False,"[""frequent_error_exact""]"
pattern_жы_жи,"Редактор проверил жызнь, когда готовил срочный ответ.","Редактор проверил жизнь, когда готовил срочный ответ.",no_existing_candidate_backed_pattern,8,False,"[""frequent_error_exact""]"
pattern_жы_жи,"Секретарь сохранил жывотное, потому что срочный ответ был важен.","Секретарь сохранил животное, потому что срочный ответ был важен.",no_existing_candidate_backed_pattern,10,False,"[""frequent_error_exact""]"
pattern_жы_жи,"Эксперт отметил жызнь, когда читал финальная подпись.","Эксперт отметил жизнь, когда читал финальная подпись.",no_existing_candidate_backed_pattern,8,False,"[""frequent_error_exact""]"
pattern_жы_жи,Команда внесла жывотное в финальная подпись перед встречей.,Команда внесла животное в финальная подпись перед встречей.,no_existing_candidate_backed_pattern,9,False,"[""frequent_error_exact""]"
pattern_жы_жи,Автор увидел жызнь и открыл рабочий отчет утром.,Автор увидел жизнь и открыл рабочий отчет утром.,no_existing_candidate_backed_pattern,9,False,"[""frequent_error_exact""]"
pattern_жы_жи,Аналитик записал жывотное и обновил рабочий отчет вечером.,Аналитик записал животное и обновил рабочий отчет вечером.,no_existing_candidate_backed_pattern,9,False,"[""frequent_error_exact""]"
pattern_жы_жи,"Редактор проверил жызнь, когда готовил новый документ.","Редактор проверил жизнь, когда готовил новый документ.",no_existing_candidate_backed_pattern,8,False,"[""frequent_error_exact""]"
pattern_жы_жи,"Секретарь сохранил жывотное, потому что новый документ был важен.","Секретарь сохранил животное, потому что новый документ был важен.",no_existing_candidate_backed_pattern,10,False,"[""frequent_error_exact""]"
pattern_жы_жи,"Эксперт отметил жызнь, когда читал точный план.","Эксперт отметил жизнь, когда читал точный план.",no_existing_candidate_backed_pattern,8,False,"[""frequent_error_exact""]"
pattern_цы_ци,"Редактор проверил цыфра, когда готовил рабочий отчет.","Редактор проверил цифра, когда готовил рабочий отчет.",no_existing_candidate_backed_pattern,8,False,"[""frequent_error_exact""]"
pattern_цы_ци,Команда внесла цырк в рабочий отчет перед встречей.,Команда внесла цирк в рабочий отчет перед встречей.,no_existing_candidate_backed_pattern,9,False,"[""frequent_error_exact""]"
pattern_цы_ци,Автор увидел цытата и открыл рабочий отчет утром.,Автор увидел цитата и открыл рабочий отчет утром.,no_existing_candidate_backed_pattern,9,False,"[""frequent_error_exact""]"
pattern_цы_ци,"Эксперт отметил цыфра, когда читал новый документ.","Эксперт отметил цифра, когда читал новый документ.",no_existing_candidate_backed_pattern,8,False,"[""frequent_error_exact""]"
pattern_цы_ци,Аналитик записал цырк и обновил новый документ вечером.,Аналитик записал цирк и обновил новый документ вечером.,no_existing_candidate_backed_pattern,9,False,"[""frequent_error_exact""]"
pattern_цы_ци,"Редактор проверил цытата, когда готовил новый документ.","Редактор проверил цитата, когда готовил новый документ.",no_existing_candidate_backed_pattern,8,False,"[""frequent_error_exact""]"
pattern_цы_ци,Автор увидел цыфра и открыл точный план утром.,Автор увидел цифра и открыл точный план утром.,no_existing_candidate_backed_pattern,9,False,"[""frequent_error_exact""]"
pattern_цы_ци,"Секретарь сохранил цырк, потому что точный план был важен.","Секретарь сохранил цирк, потому что точный план был важен.",no_existing_candidate_backed_pattern,10,False,"[""frequent_error_exact""]"
pattern_цы_ци,"Эксперт отметил цытата, когда читал точный план.","Эксперт отметил цитата, когда читал точный план.",no_existing_candidate_backed_pattern,8,False,"[""frequent_error_exact""]"
pattern_цы_ци,"Редактор проверил цыфра, когда готовил городской архив.","Редактор проверил цифра, когда готовил городской архив.",no_existing_candidate_backed_pattern,8,False,"[""frequent_error_exact""]"
pattern_цы_ци,Команда внесла цырк в городской архив перед встречей.,Команда внесла цирк в городской архив перед встречей.,no_existing_candidate_backed_pattern,9,False,"[""frequent_error_exact""]"
pattern_цы_ци,Автор увидел цытата и открыл городской архив утром.,Автор увидел цитата и открыл городской архив утром.,no_existing_candidate_backed_pattern,9,False,"[""frequent_error_exact""]"
pattern_цы_ци,"Эксперт отметил цыфра, когда читал утренний выпуск.","Эксперт отметил цифра, когда читал утренний выпуск.",no_existing_candidate_backed_pattern,8,False,"[""frequent_error_exact""]"
pattern_цы_ци,Аналитик записал цырк и обновил утренний выпуск вечером.,Аналитик записал цирк и обновил утренний выпуск вечером.,no_existing_candidate_backed_pattern,9,False,"[""frequent_error_exact""]"
pattern_цы_ци,"Редактор проверил цытата, когда готовил утренний выпуск.","Редактор проверил цитата, когда готовил утренний выпуск.",no_existing_candidate_backed_pattern,8,False,"[""frequent_error_exact""]"
pattern_цы_ци,Автор увидел цыфра и открыл важный договор утром.,Автор увидел цифра и открыл важный договор утром.,no_existing_candidate_backed_pattern,9,False,"[""frequent_error_exact""]"
pattern_цы_ци,"Секретарь сохранил цырк, потому что важный договор был важен.","Секретарь сохранил цирк, потому что важный договор был важен.",no_existing_candidate_backed_pattern,10,False,"[""frequent_error_exact""]"
pattern_цы_ци,"Эксперт отметил цытата, когда читал важный договор.","Эксперт отметил цитата, когда читал важный договор.",no_existing_candidate_backed_pattern,8,False,"[""frequent_error_exact""]"
pattern_цы_ци,"Редактор проверил цыфра, когда готовил короткая заметка.","Редактор проверил цифра, когда готовил короткая заметка.",no_existing_candidate_backed_pattern,8,False,"[""frequent_error_exact""]"
pattern_цы_ци,Команда внесла цырк в короткая заметка перед встречей.,Команда внесла цирк в короткая заметка перед встречей.,no_existing_candidate_backed_pattern,9,False,"[""frequent_error_exact""]"
pattern_цы_ци,Автор увидел цытата и открыл короткая заметка утром.,Автор увидел цитата и открыл короткая заметка утром.,no_existing_candidate_backed_pattern,9,False,"[""frequent_error_exact""]"
pattern_цы_ци,"Эксперт отметил цыфра, когда читал итоговая таблица.","Эксперт отметил цифра, когда читал итоговая таблица.",no_existing_candidate_backed_pattern,8,False,"[""frequent_error_exact""]"
pattern_цы_ци,Аналитик записал цырк и обновил итоговая таблица вечером.,Аналитик записал цирк и обновил итоговая таблица вечером.,no_existing_candidate_backed_pattern,9,False,"[""frequent_error_exact""]"
pattern_цы_ци,"Редактор проверил цытата, когда готовил итоговая таблица.","Редактор проверил цитата, когда готовил итоговая таблица.",no_existing_candidate_backed_pattern,8,False,"[""frequent_error_exact""]"
pattern_цы_ци,Автор увидел цыфра и открыл свежая сводка утром.,Автор увидел цифра и открыл свежая сводка утром.,no_existing_candidate_backed_pattern,9,False,"[""frequent_error_exact""]"
pattern_цы_ци,"Секретарь сохранил цырк, потому что свежая сводка был важен.","Секретарь сохранил цирк, потому что свежая сводка был важен.",no_existing_candidate_backed_pattern,10,False,"[""frequent_error_exact""]"
pattern_цы_ци,"Эксперт отметил цытата, когда читал свежая сводка.","Эксперт отметил цитата, когда читал свежая сводка.",no_existing_candidate_backed_pattern,8,False,"[""frequent_error_exact""]"
pattern_цы_ци,"Редактор проверил цыфра, когда готовил открытая заявка.","Редактор проверил цифра, когда готовил открытая заявка.",no_existing_candidate_backed_pattern,8,False,"[""frequent_error_exact""]"
pattern_цы_ци,Команда внесла цырк в открытая заявка перед встречей.,Команда внесла цирк в открытая заявка перед встречей.,no_existing_candidate_backed_pattern,9,False,"[""frequent_error_exact""]"
pattern_цы_ци,Автор увидел цытата и открыл открытая заявка утром.,Автор увидел цитата и открыл открытая заявка утром.,no_existing_candidate_backed_pattern,9,False,"[""frequent_error_exact""]"
pattern_цы_ци,"Эксперт отметил цыфра, когда читал письменный ответ.","Эксперт отметил цифра, когда читал письменный ответ.",no_existing_candidate_backed_pattern,8,False,"[""frequent_error_exact""]"
pattern_цы_ци,Аналитик записал цырк и обновил письменный ответ вечером.,Аналитик записал цирк и обновил письменный ответ вечером.,no_existing_candidate_backed_pattern,9,False,"[""frequent_error_exact""]"
pattern_цы_ци,"Редактор проверил цытата, когда готовил письменный ответ.","Редактор проверил цитата, когда готовил письменный ответ.",no_existing_candidate_backed_pattern,8,False,"[""frequent_error_exact""]"
pattern_цы_ци,Автор увидел цыфра и открыл подробная справка утром.,Автор увидел цифра и открыл подробная справка утром.,no_existing_candidate_backed_pattern,9,False,"[""frequent_error_exact""]"
pattern_цы_ци,"Секретарь сохранил цырк, потому что подробная справка был важен.","Секретарь сохранил цирк, потому что подробная справка был важен.",no_existing_candidate_backed_pattern,10,False,"[""frequent_error_exact""]"
pattern_цы_ци,"Эксперт отметил цытата, когда читал подробная справка.","Эксперт отметил цитата, когда читал подробная справка.",no_existing_candidate_backed_pattern,8,False,"[""frequent_error_exact""]"
pattern_цы_ци,"Редактор проверил цыфра, когда готовил районная комиссия.","Редактор проверил цифра, когда готовил районная комиссия.",no_existing_candidate_backed_pattern,8,False,"[""frequent_error_exact""]"
pattern_цы_ци,Команда внесла цырк в районная комиссия перед встречей.,Команда внесла цирк в районная комиссия перед встречей.,no_existing_candidate_backed_pattern,9,False,"[""frequent_error_exact""]"
pattern_цы_ци,Автор увидел цытата и открыл районная комиссия утром.,Автор увидел цитата и открыл районная комиссия утром.,no_existing_candidate_backed_pattern,9,False,"[""frequent_error_exact""]"
pattern_цы_ци,"Эксперт отметил цыфра, когда читал финальный список.","Эксперт отметил цифра, когда читал финальный список.",no_existing_candidate_backed_pattern,8,False,"[""frequent_error_exact""]"
pattern_цы_ци,Аналитик записал цырк и обновил финальный список вечером.,Аналитик записал цирк и обновил финальный список вечером.,no_existing_candidate_backed_pattern,9,False,"[""frequent_error_exact""]"
pattern_цы_ци,"Редактор проверил цытата, когда готовил финальный список.","Редактор проверил цитата, когда готовил финальный список.",no_existing_candidate_backed_pattern,8,False,"[""frequent_error_exact""]"
pattern_цы_ци,Автор увидел цыфра и открыл новая редакция утром.,Автор увидел цифра и открыл новая редакция утром.,no_existing_candidate_backed_pattern,9,False,"[""frequent_error_exact""]"
pattern_цы_ци,"Секретарь сохранил цырк, потому что новая редакция был важен.","Секретарь сохранил цирк, потому что новая редакция был важен.",no_existing_candidate_backed_pattern,10,False,"[""frequent_error_exact""]"
pattern_цы_ци,"Эксперт отметил цытата, когда читал новая редакция.","Эксперт отметил цитата, когда читал новая редакция.",no_existing_candidate_backed_pattern,8,False,"[""frequent_error_exact""]"
pattern_цы_ци,"Редактор проверил цыфра, когда готовил архивная запись.","Редактор проверил цифра, когда готовил архивная запись.",no_existing_candidate_backed_pattern,8,False,"[""frequent_error_exact""]"
pattern_цы_ци,Команда внесла цырк в архивная запись перед встречей.,Команда внесла цирк в архивная запись перед встречей.,no_existing_candidate_backed_pattern,9,False,"[""frequent_error_exact""]"
pattern_цы_ци,Автор увидел цытата и открыл архивная запись утром.,Автор увидел цитата и открыл архивная запись утром.,no_existing_candidate_backed_pattern,9,False,"[""frequent_error_exact""]"
pattern_цы_ци,"Эксперт отметил цыфра, когда читал дежурный редактор.","Эксперт отметил цифра, когда читал дежурный редактор.",no_existing_candidate_backed_pattern,8,False,"[""frequent_error_exact""]"
pattern_цы_ци,Аналитик записал цырк и обновил дежурный редактор вечером.,Аналитик записал цирк и обновил дежурный редактор вечером.,no_existing_candidate_backed_pattern,9,False,"[""frequent_error_exact""]"
pattern_цы_ци,"Редактор проверил цытата, когда готовил дежурный редактор.","Редактор проверил цитата, когда готовил дежурный редактор.",no_existing_candidate_backed_pattern,8,False,"[""frequent_error_exact""]"
pattern_цы_ци,Автор увидел цыфра и открыл общий график утром.,Автор увидел цифра и открыл общий график утром.,no_existing_candidate_backed_pattern,9,False,"[""frequent_error_exact""]"
pattern_цы_ци,"Секретарь сохранил цырк, потому что общий график был важен.","Секретарь сохранил цирк, потому что общий график был важен.",no_existing_candidate_backed_pattern,10,False,"[""frequent_error_exact""]"
pattern_цы_ци,"Эксперт отметил цытата, когда читал общий график.","Эксперт отметил цитата, когда читал общий график.",no_existing_candidate_backed_pattern,8,False,"[""frequent_error_exact""]"
pattern_цы_ци,"Редактор проверил цыфра, когда готовил плановая встреча.","Редактор проверил цифра, когда готовил плановая встреча.",no_existing_candidate_backed_pattern,8,False,"[""frequent_error_exact""]"
pattern_цы_ци,Команда внесла цырк в плановая встреча перед встречей.,Команда внесла цирк в плановая встреча перед встречей.,no_existing_candidate_backed_pattern,9,False,"[""frequent_error_exact""]"
pattern_цы_ци,Автор увидел цытата и открыл плановая встреча утром.,Автор увидел цитата и открыл плановая встреча утром.,no_existing_candidate_backed_pattern,9,False,"[""frequent_error_exact""]"
pattern_цы_ци,"Эксперт отметил цыфра, когда читал осенняя проверка.","Эксперт отметил цифра, когда читал осенняя проверка.",no_existing_candidate_backed_pattern,8,False,"[""frequent_error_exact""]"
pattern_цы_ци,Аналитик записал цырк и обновил осенняя проверка вечером.,Аналитик записал цирк и обновил осенняя проверка вечером.,no_existing_candidate_backed_pattern,9,False,"[""frequent_error_exact""]"
pattern_цы_ци,"Редактор проверил цытата, когда готовил осенняя проверка.","Редактор проверил цитата, когда готовил осенняя проверка.",no_existing_candidate_backed_pattern,8,False,"[""frequent_error_exact""]"
pattern_цы_ци,Автор увидел цыфра и открыл сводный отчет утром.,Автор увидел цифра и открыл сводный отчет утром.,no_existing_candidate_backed_pattern,9,False,"[""frequent_error_exact""]"
pattern_цы_ци,"Секретарь сохранил цырк, потому что сводный отчет был важен.","Секретарь сохранил цирк, потому что сводный отчет был важен.",no_existing_candidate_backed_pattern,10,False,"[""frequent_error_exact""]"
pattern_цы_ци,"Эксперт отметил цытата, когда читал сводный отчет.","Эксперт отметил цитата, когда читал сводный отчет.",no_existing_candidate_backed_pattern,8,False,"[""frequent_error_exact""]"
pattern_цы_ци,"Редактор проверил цыфра, когда готовил важная подпись.","Редактор проверил цифра, когда готовил важная подпись.",no_existing_candidate_backed_pattern,8,False,"[""frequent_error_exact""]"
pattern_цы_ци,Команда внесла цырк в важная подпись перед встречей.,Команда внесла цирк в важная подпись перед встречей.,no_existing_candidate_backed_pattern,9,False,"[""frequent_error_exact""]"
pattern_цы_ци,Автор увидел цытата и открыл важная подпись утром.,Автор увидел цитата и открыл важная подпись утром.,no_existing_candidate_backed_pattern,9,False,"[""frequent_error_exact""]"
pattern_цы_ци,"Эксперт отметил цыфра, когда читал рабочая группа.","Эксперт отметил цифра, когда читал рабочая группа.",no_existing_candidate_backed_pattern,8,False,"[""frequent_error_exact""]"
pattern_цы_ци,Аналитик записал цырк и обновил рабочая группа вечером.,Аналитик записал цирк и обновил рабочая группа вечером.,no_existing_candidate_backed_pattern,9,False,"[""frequent_error_exact""]"
pattern_цы_ци,"Редактор проверил цытата, когда готовил рабочая группа.","Редактор проверил цитата, когда готовил рабочая группа.",no_existing_candidate_backed_pattern,8,False,"[""frequent_error_exact""]"
pattern_цы_ци,Автор увидел цыфра и открыл городская служба утром.,Автор увидел цифра и открыл городская служба утром.,no_existing_candidate_backed_pattern,9,False,"[""frequent_error_exact""]"
pattern_цы_ци,"Секретарь сохранил цырк, потому что городская служба был важен.","Секретарь сохранил цирк, потому что городская служба был важен.",no_existing_candidate_backed_pattern,10,False,"[""frequent_error_exact""]"
pattern_цы_ци,"Эксперт отметил цытата, когда читал городская служба.","Эксперт отметил цитата, когда читал городская служба.",no_existing_candidate_backed_pattern,8,False,"[""frequent_error_exact""]"
pattern_цы_ци,"Редактор проверил цыфра, когда готовил новый раздел.","Редактор проверил цифра, когда готовил новый раздел.",no_existing_candidate_backed_pattern,8,False,"[""frequent_error_exact""]"
pattern_цы_ци,Команда внесла цырк в новый раздел перед встречей.,Команда внесла цирк в новый раздел перед встречей.,no_existing_candidate_backed_pattern,9,False,"[""frequent_error_exact""]"
pattern_цы_ци,Автор увидел цытата и открыл новый раздел утром.,Автор увидел цитата и открыл новый раздел утром.,no_existing_candidate_backed_pattern,9,False,"[""frequent_error_exact""]"
pattern_цы_ци,"Эксперт отметил цыфра, когда читал учебная таблица.","Эксперт отметил цифра, когда читал учебная таблица.",no_existing_candidate_backed_pattern,8,False,"[""frequent_error_exact""]"
pattern_цы_ци,Аналитик записал цырк и обновил учебная таблица вечером.,Аналитик записал цирк и обновил учебная таблица вечером.,no_existing_candidate_backed_pattern,9,False,"[""frequent_error_exact""]"
pattern_цы_ци,"Редактор проверил цытата, когда готовил учебная таблица.","Редактор проверил цитата, когда готовил учебная таблица.",no_existing_candidate_backed_pattern,8,False,"[""frequent_error_exact""]"
pattern_цы_ци,Автор увидел цыфра и открыл вечерний протокол утром.,Автор увидел цифра и открыл вечерний протокол утром.,no_existing_candidate_backed_pattern,9,False,"[""frequent_error_exact""]"
pattern_цы_ци,"Секретарь сохранил цырк, потому что вечерний протокол был важен.","Секретарь сохранил цирк, потому что вечерний протокол был важен.",no_existing_candidate_backed_pattern,10,False,"[""frequent_error_exact""]"
pattern_цы_ци,"Эксперт отметил цытата, когда читал вечерний протокол.","Эксперт отметил цитата, когда читал вечерний протокол.",no_existing_candidate_backed_pattern,8,False,"[""frequent_error_exact""]"
pattern_цы_ци,"Редактор проверил цыфра, когда готовил проверенный файл.","Редактор проверил цифра, когда готовил проверенный файл.",no_existing_candidate_backed_pattern,8,False,"[""frequent_error_exact""]"
pattern_цы_ци,Команда внесла цырк в проверенный файл перед встречей.,Команда внесла цирк в проверенный файл перед встречей.,no_existing_candidate_backed_pattern,9,False,"[""frequent_error_exact""]"
pattern_цы_ци,Автор увидел цытата и открыл проверенный файл утром.,Автор увидел цитата и открыл проверенный файл утром.,no_existing_candidate_backed_pattern,9,False,"[""frequent_error_exact""]"
pattern_цы_ци,"Эксперт отметил цыфра, когда читал согласованный договор.","Эксперт отметил цифра, когда читал согласованный договор.",no_existing_candidate_backed_pattern,8,False,"[""frequent_error_exact""]"
pattern_цы_ци,Аналитик записал цырк и обновил согласованный договор вечером.,Аналитик записал цирк и обновил согласованный договор вечером.,no_existing_candidate_backed_pattern,9,False,"[""frequent_error_exact""]"
pattern_цы_ци,"Редактор проверил цытата, когда готовил согласованный договор.","Редактор проверил цитата, когда готовил согласованный договор.",no_existing_candidate_backed_pattern,8,False,"[""frequent_error_exact""]"
pattern_цы_ци,Автор увидел цыфра и открыл подготовленный список утром.,Автор увидел цифра и открыл подготовленный список утром.,no_existing_candidate_backed_pattern,9,False,"[""frequent_error_exact""]"
pattern_цы_ци,"Секретарь сохранил цырк, потому что подготовленный список был важен.","Секретарь сохранил цирк, потому что подготовленный список был важен.",no_existing_candidate_backed_pattern,10,False,"[""frequent_error_exact""]"
pattern_цы_ци,"Эксперт отметил цытата, когда читал подготовленный список.","Эксперт отметил цитата, когда читал подготовленный список.",no_existing_candidate_backed_pattern,8,False,"[""frequent_error_exact""]"
pattern_цы_ци,"Редактор проверил цыфра, когда готовил закрытая заявка.","Редактор проверил цифра, когда готовил закрытая заявка.",no_existing_candidate_backed_pattern,8,False,"[""frequent_error_exact""]"
pattern_цы_ци,Команда внесла цырк в закрытая заявка перед встречей.,Команда внесла цирк в закрытая заявка перед встречей.,no_existing_candidate_backed_pattern,9,False,"[""frequent_error_exact""]"
pattern_цы_ци,Автор увидел цытата и открыл закрытая заявка утром.,Автор увидел цитата и открыл закрытая заявка утром.,no_existing_candidate_backed_pattern,9,False,"[""frequent_error_exact""]"
pattern_цы_ци,"Эксперт отметил цыфра, когда читал длинная запись.","Эксперт отметил цифра, когда читал длинная запись.",no_existing_candidate_backed_pattern,8,False,"[""frequent_error_exact""]"
pattern_цы_ци,Аналитик записал цырк и обновил длинная запись вечером.,Аналитик записал цирк и обновил длинная запись вечером.,no_existing_candidate_backed_pattern,9,False,"[""frequent_error_exact""]"
pattern_цы_ци,"Редактор проверил цытата, когда готовил длинная запись.","Редактор проверил цитата, когда готовил длинная запись.",no_existing_candidate_backed_pattern,8,False,"[""frequent_error_exact""]"
pattern_цы_ци,Автор увидел цыфра и открыл обновленный журнал утром.,Автор увидел цифра и открыл обновленный журнал утром.,no_existing_candidate_backed_pattern,9,False,"[""frequent_error_exact""]"
pattern_цы_ци,"Секретарь сохранил цырк, потому что обновленный журнал был важен.","Секретарь сохранил цирк, потому что обновленный журнал был важен.",no_existing_candidate_backed_pattern,10,False,"[""frequent_error_exact""]"
pattern_цы_ци,"Эксперт отметил цытата, когда читал обновленный журнал.","Эксперт отметил цитата, когда читал обновленный журнал.",no_existing_candidate_backed_pattern,8,False,"[""frequent_error_exact""]"
pattern_цы_ци,"Редактор проверил цыфра, когда готовил северный филиал.","Редактор проверил цифра, когда готовил северный филиал.",no_existing_candidate_backed_pattern,8,False,"[""frequent_error_exact""]"
pattern_цы_ци,Команда внесла цырк в северный филиал перед встречей.,Команда внесла цирк в северный филиал перед встречей.,no_existing_candidate_backed_pattern,9,False,"[""frequent_error_exact""]"
pattern_цы_ци,Автор увидел цытата и открыл северный филиал утром.,Автор увидел цитата и открыл северный филиал утром.,no_existing_candidate_backed_pattern,9,False,"[""frequent_error_exact""]"
pattern_цы_ци,"Эксперт отметил цыфра, когда читал зимнее расписание.","Эксперт отметил цифра, когда читал зимнее расписание.",no_existing_candidate_backed_pattern,8,False,"[""frequent_error_exact""]"
pattern_цы_ци,Аналитик записал цырк и обновил зимнее расписание вечером.,Аналитик записал цирк и обновил зимнее расписание вечером.,no_existing_candidate_backed_pattern,9,False,"[""frequent_error_exact""]"
pattern_цы_ци,"Редактор проверил цытата, когда готовил зимнее расписание.","Редактор проверил цитата, когда готовил зимнее расписание.",no_existing_candidate_backed_pattern,8,False,"[""frequent_error_exact""]"
pattern_цы_ци,Автор увидел цыфра и открыл летняя проверка утром.,Автор увидел цифра и открыл летняя проверка утром.,no_existing_candidate_backed_pattern,9,False,"[""frequent_error_exact""]"
pattern_цы_ци,"Секретарь сохранил цырк, потому что летняя проверка был важен.","Секретарь сохранил цирк, потому что летняя проверка был важен.",no_existing_candidate_backed_pattern,10,False,"[""frequent_error_exact""]"
pattern_цы_ци,"Эксперт отметил цытата, когда читал летняя проверка.","Эксперт отметил цитата, когда читал летняя проверка.",no_existing_candidate_backed_pattern,8,False,"[""frequent_error_exact""]"
pattern_цы_ци,"Редактор проверил цыфра, когда готовил районный протокол.","Редактор проверил цифра, когда готовил районный протокол.",no_existing_candidate_backed_pattern,8,False,"[""frequent_error_exact""]"
pattern_цы_ци,Команда внесла цырк в районный протокол перед встречей.,Команда внесла цирк в районный протокол перед встречей.,no_existing_candidate_backed_pattern,9,False,"[""frequent_error_exact""]"
pattern_цы_ци,Автор увидел цытата и открыл районный протокол утром.,Автор увидел цитата и открыл районный протокол утром.,no_existing_candidate_backed_pattern,9,False,"[""frequent_error_exact""]"
pattern_цы_ци,"Эксперт отметил цыфра, когда читал входящее письмо.","Эксперт отметил цифра, когда читал входящее письмо.",no_existing_candidate_backed_pattern,8,False,"[""frequent_error_exact""]"
pattern_цы_ци,Аналитик записал цырк и обновил входящее письмо вечером.,Аналитик записал цирк и обновил входящее письмо вечером.,no_existing_candidate_backed_pattern,9,False,"[""frequent_error_exact""]"
pattern_цы_ци,"Редактор проверил цытата, когда готовил входящее письмо.","Редактор проверил цитата, когда готовил входящее письмо.",no_existing_candidate_backed_pattern,8,False,"[""frequent_error_exact""]"
pattern_цы_ци,Автор увидел цыфра и открыл старый договор утром.,Автор увидел цифра и открыл старый договор утром.,no_existing_candidate_backed_pattern,9,False,"[""frequent_error_exact""]"
pattern_цы_ци,"Секретарь сохранил цырк, потому что старый договор был важен.","Секретарь сохранил цирк, потому что старый договор был важен.",no_existing_candidate_backed_pattern,10,False,"[""frequent_error_exact""]"
pattern_цы_ци,"Эксперт отметил цытата, когда читал старый договор.","Эксперт отметил цитата, когда читал старый договор.",no_existing_candidate_backed_pattern,8,False,"[""frequent_error_exact""]"
pattern_цы_ци,"Редактор проверил цыфра, когда готовил новая таблица.","Редактор проверил цифра, когда готовил новая таблица.",no_existing_candidate_backed_pattern,8,False,"[""frequent_error_exact""]"
pattern_цы_ци,Команда внесла цырк в новая таблица перед встречей.,Команда внесла цирк в новая таблица перед встречей.,no_existing_candidate_backed_pattern,9,False,"[""frequent_error_exact""]"
pattern_цы_ци,Автор увидел цытата и открыл новая таблица утром.,Автор увидел цитата и открыл новая таблица утром.,no_existing_candidate_backed_pattern,9,False,"[""frequent_error_exact""]"
pattern_цы_ци,"Эксперт отметил цыфра, когда читал закрытый раздел.","Эксперт отметил цифра, когда читал закрытый раздел.",no_existing_candidate_backed_pattern,8,False,"[""frequent_error_exact""]"
pattern_цы_ци,Аналитик записал цырк и обновил закрытый раздел вечером.,Аналитик записал цирк и обновил закрытый раздел вечером.,no_existing_candidate_backed_pattern,9,False,"[""frequent_error_exact""]"
pattern_цы_ци,"Редактор проверил цытата, когда готовил закрытый раздел.","Редактор проверил цитата, когда готовил закрытый раздел.",no_existing_candidate_backed_pattern,8,False,"[""frequent_error_exact""]"
pattern_цы_ци,Автор увидел цыфра и открыл утренний приказ утром.,Автор увидел цифра и открыл утренний приказ утром.,no_existing_candidate_backed_pattern,9,False,"[""frequent_error_exact""]"
pattern_цы_ци,"Секретарь сохранил цырк, потому что утренний приказ был важен.","Секретарь сохранил цирк, потому что утренний приказ был важен.",no_existing_candidate_backed_pattern,10,False,"[""frequent_error_exact""]"
pattern_цы_ци,"Эксперт отметил цытата, когда читал утренний приказ.","Эксперт отметил цитата, когда читал утренний приказ.",no_existing_candidate_backed_pattern,8,False,"[""frequent_error_exact""]"
pattern_цы_ци,"Редактор проверил цыфра, когда готовил служебная записка.","Редактор проверил цифра, когда готовил служебная записка.",no_existing_candidate_backed_pattern,8,False,"[""frequent_error_exact""]"
pattern_цы_ци,Команда внесла цырк в служебная записка перед встречей.,Команда внесла цирк в служебная записка перед встречей.,no_existing_candidate_backed_pattern,9,False,"[""frequent_error_exact""]"
pattern_цы_ци,Автор увидел цытата и открыл служебная записка утром.,Автор увидел цитата и открыл служебная записка утром.,no_existing_candidate_backed_pattern,9,False,"[""frequent_error_exact""]"
pattern_цы_ци,"Эксперт отметил цыфра, когда читал городской проект.","Эксперт отметил цифра, когда читал городской проект.",no_existing_candidate_backed_pattern,8,False,"[""frequent_error_exact""]"
pattern_цы_ци,Аналитик записал цырк и обновил городской проект вечером.,Аналитик записал цирк и обновил городской проект вечером.,no_existing_candidate_backed_pattern,9,False,"[""frequent_error_exact""]"
pattern_цы_ци,"Редактор проверил цытата, когда готовил городской проект.","Редактор проверил цитата, когда готовил городской проект.",no_existing_candidate_backed_pattern,8,False,"[""frequent_error_exact""]"
pattern_цы_ци,Автор увидел цыфра и открыл важное решение утром.,Автор увидел цифра и открыл важное решение утром.,no_existing_candidate_backed_pattern,9,False,"[""frequent_error_exact""]"
pattern_цы_ци,"Секретарь сохранил цырк, потому что важное решение был важен.","Секретарь сохранил цирк, потому что важное решение был важен.",no_existing_candidate_backed_pattern,10,False,"[""frequent_error_exact""]"
pattern_цы_ци,"Эксперт отметил цытата, когда читал важное решение.","Эксперт отметил цитата, когда читал важное решение.",no_existing_candidate_backed_pattern,8,False,"[""frequent_error_exact""]"
pattern_цы_ци,"Редактор проверил цыфра, когда готовил общий список.","Редактор проверил цифра, когда готовил общий список.",no_existing_candidate_backed_pattern,8,False,"[""frequent_error_exact""]"
pattern_цы_ци,Команда внесла цырк в общий список перед встречей.,Команда внесла цирк в общий список перед встречей.,no_existing_candidate_backed_pattern,9,False,"[""frequent_error_exact""]"
pattern_цы_ци,Автор увидел цытата и открыл общий список утром.,Автор увидел цитата и открыл общий список утром.,no_existing_candidate_backed_pattern,9,False,"[""frequent_error_exact""]"
pattern_цы_ци,"Эксперт отметил цыфра, когда читал рабочий кабинет.","Эксперт отметил цифра, когда читал рабочий кабинет.",no_existing_candidate_backed_pattern,8,False,"[""frequent_error_exact""]"
pattern_цы_ци,Аналитик записал цырк и обновил рабочий кабинет вечером.,Аналитик записал цирк и обновил рабочий кабинет вечером.,no_existing_candidate_backed_pattern,9,False,"[""frequent_error_exact""]"
pattern_цы_ци,"Редактор проверил цытата, когда готовил рабочий кабинет.","Редактор проверил цитата, когда готовил рабочий кабинет.",no_existing_candidate_backed_pattern,8,False,"[""frequent_error_exact""]"
pattern_цы_ци,Автор увидел цыфра и открыл архивный номер утром.,Автор увидел цифра и открыл архивный номер утром.,no_existing_candidate_backed_pattern,9,False,"[""frequent_error_exact""]"
pattern_цы_ци,"Секретарь сохранил цырк, потому что архивный номер был важен.","Секретарь сохранил цирк, потому что архивный номер был важен.",no_existing_candidate_backed_pattern,10,False,"[""frequent_error_exact""]"
pattern_цы_ци,"Эксперт отметил цытата, когда читал архивный номер.","Эксперт отметил цитата, когда читал архивный номер.",no_existing_candidate_backed_pattern,8,False,"[""frequent_error_exact""]"
pattern_цы_ци,"Редактор проверил цыфра, когда готовил открытый вопрос.","Редактор проверил цифра, когда готовил открытый вопрос.",no_existing_candidate_backed_pattern,8,False,"[""frequent_error_exact""]"
pattern_цы_ци,Команда внесла цырк в открытый вопрос перед встречей.,Команда внесла цирк в открытый вопрос перед встречей.,no_existing_candidate_backed_pattern,9,False,"[""frequent_error_exact""]"
pattern_цы_ци,Автор увидел цытата и открыл открытый вопрос утром.,Автор увидел цитата и открыл открытый вопрос утром.,no_existing_candidate_backed_pattern,9,False,"[""frequent_error_exact""]"
pattern_цы_ци,"Эксперт отметил цыфра, когда читал плановый отчет.","Эксперт отметил цифра, когда читал плановый отчет.",no_existing_candidate_backed_pattern,8,False,"[""frequent_error_exact""]"
pattern_цы_ци,Аналитик записал цырк и обновил плановый отчет вечером.,Аналитик записал цирк и обновил плановый отчет вечером.,no_existing_candidate_backed_pattern,9,False,"[""frequent_error_exact""]"
pattern_цы_ци,"Редактор проверил цытата, когда готовил плановый отчет.","Редактор проверил цитата, когда готовил плановый отчет.",no_existing_candidate_backed_pattern,8,False,"[""frequent_error_exact""]"
pattern_цы_ци,Автор увидел цыфра и открыл новый маршрут утром.,Автор увидел цифра и открыл новый маршрут утром.,no_existing_candidate_backed_pattern,9,False,"[""frequent_error_exact""]"
pattern_цы_ци,"Секретарь сохранил цырк, потому что новый маршрут был важен.","Секретарь сохранил цирк, потому что новый маршрут был важен.",no_existing_candidate_backed_pattern,10,False,"[""frequent_error_exact""]"
pattern_цы_ци,"Эксперт отметил цытата, когда читал новый маршрут.","Эксперт отметил цитата, когда читал новый маршрут.",no_existing_candidate_backed_pattern,8,False,"[""frequent_error_exact""]"
pattern_цы_ци,"Редактор проверил цыфра, когда готовил вечерняя смена.","Редактор проверил цифра, когда готовил вечерняя смена.",no_existing_candidate_backed_pattern,9,False,"[""frequent_error_exact"", ""n_nn_short_form""]"
pattern_цы_ци,Команда внесла цырк в вечерняя смена перед встречей.,Команда внесла цирк в вечерняя смена перед встречей.,no_existing_candidate_backed_pattern,10,False,"[""frequent_error_exact"", ""n_nn_short_form""]"
pattern_цы_ци,Автор увидел цытата и открыл вечерняя смена утром.,Автор увидел цитата и открыл вечерняя смена утром.,no_existing_candidate_backed_pattern,10,False,"[""frequent_error_exact"", ""n_nn_short_form""]"
pattern_цы_ци,"Эксперт отметил цыфра, когда читал срочная заявка.","Эксперт отметил цифра, когда читал срочная заявка.",no_existing_candidate_backed_pattern,8,False,"[""frequent_error_exact""]"
pattern_цы_ци,Аналитик записал цырк и обновил срочная заявка вечером.,Аналитик записал цирк и обновил срочная заявка вечером.,no_existing_candidate_backed_pattern,9,False,"[""frequent_error_exact""]"
pattern_цы_ци,"Редактор проверил цытата, когда готовил срочная заявка.","Редактор проверил цитата, когда готовил срочная заявка.",no_existing_candidate_backed_pattern,8,False,"[""frequent_error_exact""]"
pattern_цы_ци,Автор увидел цыфра и открыл письменная просьба утром.,Автор увидел цифра и открыл письменная просьба утром.,no_existing_candidate_backed_pattern,9,False,"[""frequent_error_exact""]"
pattern_цы_ци,"Секретарь сохранил цырк, потому что письменная просьба был важен.","Секретарь сохранил цирк, потому что письменная просьба был важен.",no_existing_candidate_backed_pattern,10,False,"[""frequent_error_exact""]"
pattern_цы_ци,"Эксперт отметил цытата, когда читал письменная просьба.","Эксперт отметил цитата, когда читал письменная просьба.",no_existing_candidate_backed_pattern,8,False,"[""frequent_error_exact""]"
pattern_цы_ци,"Редактор проверил цыфра, когда готовил короткий протокол.","Редактор проверил цифра, когда готовил короткий протокол.",no_existing_candidate_backed_pattern,8,False,"[""frequent_error_exact""]"
pattern_цы_ци,Команда внесла цырк в короткий протокол перед встречей.,Команда внесла цирк в короткий протокол перед встречей.,no_existing_candidate_backed_pattern,9,False,"[""frequent_error_exact""]"
pattern_цы_ци,Автор увидел цытата и открыл короткий протокол утром.,Автор увидел цитата и открыл короткий протокол утром.,no_existing_candidate_backed_pattern,9,False,"[""frequent_error_exact""]"
pattern_цы_ци,"Эксперт отметил цыфра, когда читал дневной выпуск.","Эксперт отметил цифра, когда читал дневной выпуск.",no_existing_candidate_backed_pattern,8,False,"[""frequent_error_exact""]"
pattern_цы_ци,Аналитик записал цырк и обновил дневной выпуск вечером.,Аналитик записал цирк и обновил дневной выпуск вечером.,no_existing_candidate_backed_pattern,9,False,"[""frequent_error_exact""]"
pattern_цы_ци,"Редактор проверил цытата, когда готовил дневной выпуск.","Редактор проверил цитата, когда готовил дневной выпуск.",no_existing_candidate_backed_pattern,8,False,"[""frequent_error_exact""]"
pattern_цы_ци,Автор увидел цыфра и открыл точная дата утром.,Автор увидел цифра и открыл точная дата утром.,no_existing_candidate_backed_pattern,9,False,"[""frequent_error_exact""]"
pattern_цы_ци,"Секретарь сохранил цырк, потому что точная дата был важен.","Секретарь сохранил цирк, потому что точная дата был важен.",no_existing_candidate_backed_pattern,10,False,"[""frequent_error_exact""]"
pattern_цы_ци,"Эксперт отметил цытата, когда читал точная дата.","Эксперт отметил цитата, когда читал точная дата.",no_existing_candidate_backed_pattern,8,False,"[""frequent_error_exact""]"
pattern_цы_ци,"Редактор проверил цыфра, когда готовил готовый макет.","Редактор проверил цифра, когда готовил готовый макет.",no_existing_candidate_backed_pattern,8,False,"[""frequent_error_exact""]"
pattern_цы_ци,Команда внесла цырк в готовый макет перед встречей.,Команда внесла цирк в готовый макет перед встречей.,no_existing_candidate_backed_pattern,9,False,"[""frequent_error_exact""]"
pattern_цы_ци,Автор увидел цытата и открыл готовый макет утром.,Автор увидел цитата и открыл готовый макет утром.,no_existing_candidate_backed_pattern,9,False,"[""frequent_error_exact""]"
pattern_цы_ци,"Эксперт отметил цыфра, когда читал основной договор.","Эксперт отметил цифра, когда читал основной договор.",no_existing_candidate_backed_pattern,8,False,"[""frequent_error_exact""]"
pattern_цы_ци,Аналитик записал цырк и обновил основной договор вечером.,Аналитик записал цирк и обновил основной договор вечером.,no_existing_candidate_backed_pattern,9,False,"[""frequent_error_exact""]"
pattern_цы_ци,"Редактор проверил цытата, когда готовил основной договор.","Редактор проверил цитата, когда готовил основной договор.",no_existing_candidate_backed_pattern,8,False,"[""frequent_error_exact""]"
pattern_цы_ци,Автор увидел цыфра и открыл временный график утром.,Автор увидел цифра и открыл временный график утром.,no_existing_candidate_backed_pattern,9,False,"[""frequent_error_exact""]"
pattern_цы_ци,"Секретарь сохранил цырк, потому что временный график был важен.","Секретарь сохранил цирк, потому что временный график был важен.",no_existing_candidate_backed_pattern,10,False,"[""frequent_error_exact""]"
pattern_цы_ци,"Эксперт отметил цытата, когда читал временный график.","Эксперт отметил цитата, когда читал временный график.",no_existing_candidate_backed_pattern,8,False,"[""frequent_error_exact""]"
pattern_цы_ци,"Редактор проверил цыфра, когда готовил дежурная группа.","Редактор проверил цифра, когда готовил дежурная группа.",no_existing_candidate_backed_pattern,8,False,"[""frequent_error_exact""]"
pattern_цы_ци,Команда внесла цырк в дежурная группа перед встречей.,Команда внесла цирк в дежурная группа перед встречей.,no_existing_candidate_backed_pattern,9,False,"[""frequent_error_exact""]"
pattern_цы_ци,Автор увидел цытата и открыл дежурная группа утром.,Автор увидел цитата и открыл дежурная группа утром.,no_existing_candidate_backed_pattern,9,False,"[""frequent_error_exact""]"
pattern_цы_ци,"Эксперт отметил цыфра, когда читал финальная версия.","Эксперт отметил цифра, когда читал финальная версия.",no_existing_candidate_backed_pattern,8,False,"[""frequent_error_exact""]"
pattern_цы_ци,Аналитик записал цырк и обновил финальная версия вечером.,Аналитик записал цирк и обновил финальная версия вечером.,no_existing_candidate_backed_pattern,9,False,"[""frequent_error_exact""]"
pattern_цы_ци,"Редактор проверил цытата, когда готовил финальная версия.","Редактор проверил цитата, когда готовил финальная версия.",no_existing_candidate_backed_pattern,8,False,"[""frequent_error_exact""]"
pattern_цы_ци,Автор увидел цыфра и открыл контрольная таблица утром.,Автор увидел цифра и открыл контрольная таблица утром.,no_existing_candidate_backed_pattern,9,False,"[""frequent_error_exact""]"
pattern_цы_ци,"Секретарь сохранил цырк, потому что контрольная таблица был важен.","Секретарь сохранил цирк, потому что контрольная таблица был важен.",no_existing_candidate_backed_pattern,10,False,"[""frequent_error_exact""]"
pattern_цы_ци,"Эксперт отметил цытата, когда читал контрольная таблица.","Эксперт отметил цитата, когда читал контрольная таблица.",no_existing_candidate_backed_pattern,8,False,"[""frequent_error_exact""]"
pattern_цы_ци,"Редактор проверил цыфра, когда готовил принятый отчет.","Редактор проверил цифра, когда готовил принятый отчет.",no_existing_candidate_backed_pattern,8,False,"[""frequent_error_exact""]"
pattern_цы_ци,Команда внесла цырк в принятый отчет перед встречей.,Команда внесла цирк в принятый отчет перед встречей.,no_existing_candidate_backed_pattern,9,False,"[""frequent_error_exact""]"
pattern_цы_ци,Автор увидел цытата и открыл принятый отчет утром.,Автор увидел цитата и открыл принятый отчет утром.,no_existing_candidate_backed_pattern,9,False,"[""frequent_error_exact""]"
pattern_цы_ци,"Эксперт отметил цыфра, когда читал закрытое письмо.","Эксперт отметил цифра, когда читал закрытое письмо.",no_existing_candidate_backed_pattern,8,False,"[""frequent_error_exact""]"
pattern_цы_ци,Аналитик записал цырк и обновил закрытое письмо вечером.,Аналитик записал цирк и обновил закрытое письмо вечером.,no_existing_candidate_backed_pattern,9,False,"[""frequent_error_exact""]"
pattern_цы_ци,"Редактор проверил цытата, когда готовил закрытое письмо.","Редактор проверил цитата, когда готовил закрытое письмо.",no_existing_candidate_backed_pattern,8,False,"[""frequent_error_exact""]"
pattern_цы_ци,Автор увидел цыфра и открыл служебный ответ утром.,Автор увидел цифра и открыл служебный ответ утром.,no_existing_candidate_backed_pattern,9,False,"[""frequent_error_exact""]"
pattern_цы_ци,"Секретарь сохранил цырк, потому что служебный ответ был важен.","Секретарь сохранил цирк, потому что служебный ответ был важен.",no_existing_candidate_backed_pattern,10,False,"[""frequent_error_exact""]"
pattern_цы_ци,"Эксперт отметил цытата, когда читал служебный ответ.","Эксперт отметил цитата, когда читал служебный ответ.",no_existing_candidate_backed_pattern,8,False,"[""frequent_error_exact""]"
pattern_цы_ци,"Редактор проверил цыфра, когда готовил городская программа.","Редактор проверил цифра, когда готовил городская программа.",no_existing_candidate_backed_pattern,8,False,"[""frequent_error_exact""]"
pattern_цы_ци,Команда внесла цырк в городская программа перед встречей.,Команда внесла цирк в городская программа перед встречей.,no_existing_candidate_backed_pattern,9,False,"[""frequent_error_exact""]"
pattern_цы_ци,Автор увидел цытата и открыл городская программа утром.,Автор увидел цитата и открыл городская программа утром.,no_existing_candidate_backed_pattern,9,False,"[""frequent_error_exact""]"
pattern_цы_ци,"Эксперт отметил цыфра, когда читал важная поправка.","Эксперт отметил цифра, когда читал важная поправка.",no_existing_candidate_backed_pattern,8,False,"[""frequent_error_exact""]"
pattern_цы_ци,Аналитик записал цырк и обновил важная поправка вечером.,Аналитик записал цирк и обновил важная поправка вечером.,no_existing_candidate_backed_pattern,9,False,"[""frequent_error_exact""]"
pattern_цы_ци,"Редактор проверил цытата, когда готовил важная поправка.","Редактор проверил цитата, когда готовил важная поправка.",no_existing_candidate_backed_pattern,8,False,"[""frequent_error_exact""]"
pattern_цы_ци,Автор увидел цыфра и открыл новый порядок утром.,Автор увидел цифра и открыл новый порядок утром.,no_existing_candidate_backed_pattern,9,False,"[""frequent_error_exact""]"
pattern_цы_ци,"Секретарь сохранил цырк, потому что новый порядок был важен.","Секретарь сохранил цирк, потому что новый порядок был важен.",no_existing_candidate_backed_pattern,10,False,"[""frequent_error_exact""]"
pattern_цы_ци,"Эксперт отметил цытата, когда читал новый порядок.","Эксперт отметил цитата, когда читал новый порядок.",no_existing_candidate_backed_pattern,8,False,"[""frequent_error_exact""]"
pattern_цы_ци,"Редактор проверил цыфра, когда готовил итоговый документ.","Редактор проверил цифра, когда готовил итоговый документ.",no_existing_candidate_backed_pattern,8,False,"[""frequent_error_exact""]"
pattern_цы_ци,Команда внесла цырк в итоговый документ перед встречей.,Команда внесла цирк в итоговый документ перед встречей.,no_existing_candidate_backed_pattern,9,False,"[""frequent_error_exact""]"
pattern_цы_ци,Автор увидел цытата и открыл итоговый документ утром.,Автор увидел цитата и открыл итоговый документ утром.,no_existing_candidate_backed_pattern,9,False,"[""frequent_error_exact""]"
pattern_цы_ци,"Эксперт отметил цыфра, когда читал отдельная папка.","Эксперт отметил цифра, когда читал отдельная папка.",no_existing_candidate_backed_pattern,8,False,"[""frequent_error_exact""]"
pattern_цы_ци,Аналитик записал цырк и обновил отдельная папка вечером.,Аналитик записал цирк и обновил отдельная папка вечером.,no_existing_candidate_backed_pattern,9,False,"[""frequent_error_exact""]"
pattern_цы_ци,"Редактор проверил цытата, когда готовил отдельная папка.","Редактор проверил цитата, когда готовил отдельная папка.",no_existing_candidate_backed_pattern,8,False,"[""frequent_error_exact""]"
pattern_цы_ци,Автор увидел цыфра и открыл рабочая переписка утром.,Автор увидел цифра и открыл рабочая переписка утром.,no_existing_candidate_backed_pattern,9,False,"[""frequent_error_exact""]"
pattern_цы_ци,"Секретарь сохранил цырк, потому что рабочая переписка был важен.","Секретарь сохранил цирк, потому что рабочая переписка был важен.",no_existing_candidate_backed_pattern,10,False,"[""frequent_error_exact""]"
pattern_цы_ци,"Эксперт отметил цытата, когда читал рабочая переписка.","Эксперт отметил цитата, когда читал рабочая переписка.",no_existing_candidate_backed_pattern,8,False,"[""frequent_error_exact""]"
pattern_цы_ци,"Редактор проверил цыфра, когда готовил городской журнал.","Редактор проверил цифра, когда готовил городской журнал.",no_existing_candidate_backed_pattern,8,False,"[""frequent_error_exact""]"
pattern_цы_ци,Команда внесла цырк в городской журнал перед встречей.,Команда внесла цирк в городской журнал перед встречей.,no_existing_candidate_backed_pattern,9,False,"[""frequent_error_exact""]"
pattern_цы_ци,Автор увидел цытата и открыл городской журнал утром.,Автор увидел цитата и открыл городской журнал утром.,no_existing_candidate_backed_pattern,9,False,"[""frequent_error_exact""]"
pattern_цы_ци,"Эксперт отметил цыфра, когда читал основная сводка.","Эксперт отметил цифра, когда читал основная сводка.",no_existing_candidate_backed_pattern,8,False,"[""frequent_error_exact""]"
pattern_цы_ци,Аналитик записал цырк и обновил основная сводка вечером.,Аналитик записал цирк и обновил основная сводка вечером.,no_existing_candidate_backed_pattern,9,False,"[""frequent_error_exact""]"
pattern_цы_ци,"Редактор проверил цытата, когда готовил основная сводка.","Редактор проверил цитата, когда готовил основная сводка.",no_existing_candidate_backed_pattern,8,False,"[""frequent_error_exact""]"
pattern_цы_ци,Автор увидел цыфра и открыл ранний выпуск утром.,Автор увидел цифра и открыл ранний выпуск утром.,no_existing_candidate_backed_pattern,9,False,"[""frequent_error_exact""]"
pattern_цы_ци,"Секретарь сохранил цырк, потому что ранний выпуск был важен.","Секретарь сохранил цирк, потому что ранний выпуск был важен.",no_existing_candidate_backed_pattern,10,False,"[""frequent_error_exact""]"
pattern_цы_ци,"Эксперт отметил цытата, когда читал ранний выпуск.","Эксперт отметил цитата, когда читал ранний выпуск.",no_existing_candidate_backed_pattern,8,False,"[""frequent_error_exact""]"
pattern_цы_ци,"Редактор проверил цыфра, когда готовил новая заявка.","Редактор проверил цифра, когда готовил новая заявка.",no_existing_candidate_backed_pattern,8,False,"[""frequent_error_exact""]"
pattern_цы_ци,Команда внесла цырк в новая заявка перед встречей.,Команда внесла цирк в новая заявка перед встречей.,no_existing_candidate_backed_pattern,9,False,"[""frequent_error_exact""]"
pattern_цы_ци,Автор увидел цытата и открыл новая заявка утром.,Автор увидел цитата и открыл новая заявка утром.,no_existing_candidate_backed_pattern,9,False,"[""frequent_error_exact""]"
pattern_цы_ци,"Эксперт отметил цыфра, когда читал закрытый протокол.","Эксперт отметил цифра, когда читал закрытый протокол.",no_existing_candidate_backed_pattern,8,False,"[""frequent_error_exact""]"
pattern_цы_ци,Аналитик записал цырк и обновил закрытый протокол вечером.,Аналитик записал цирк и обновил закрытый протокол вечером.,no_existing_candidate_backed_pattern,9,False,"[""frequent_error_exact""]"
pattern_цы_ци,"Редактор проверил цытата, когда готовил закрытый протокол.","Редактор проверил цитата, когда готовил закрытый протокол.",no_existing_candidate_backed_pattern,8,False,"[""frequent_error_exact""]"
pattern_цы_ци,Автор увидел цыфра и открыл письменный договор утром.,Автор увидел цифра и открыл письменный договор утром.,no_existing_candidate_backed_pattern,9,False,"[""frequent_error_exact""]"
pattern_цы_ци,"Секретарь сохранил цырк, потому что письменный договор был важен.","Секретарь сохранил цирк, потому что письменный договор был важен.",no_existing_candidate_backed_pattern,10,False,"[""frequent_error_exact""]"
pattern_цы_ци,"Эксперт отметил цытата, когда читал письменный договор.","Эксперт отметил цитата, когда читал письменный договор.",no_existing_candidate_backed_pattern,8,False,"[""frequent_error_exact""]"
pattern_цы_ци,"Редактор проверил цыфра, когда готовил дежурный список.","Редактор проверил цифра, когда готовил дежурный список.",no_existing_candidate_backed_pattern,8,False,"[""frequent_error_exact""]"
pattern_цы_ци,Команда внесла цырк в дежурный список перед встречей.,Команда внесла цирк в дежурный список перед встречей.,no_existing_candidate_backed_pattern,9,False,"[""frequent_error_exact""]"
pattern_цы_ци,Автор увидел цытата и открыл дежурный список утром.,Автор увидел цитата и открыл дежурный список утром.,no_existing_candidate_backed_pattern,9,False,"[""frequent_error_exact""]"
pattern_цы_ци,"Эксперт отметил цыфра, когда читал точный маршрут.","Эксперт отметил цифра, когда читал точный маршрут.",no_existing_candidate_backed_pattern,8,False,"[""frequent_error_exact""]"
pattern_цы_ци,Аналитик записал цырк и обновил точный маршрут вечером.,Аналитик записал цирк и обновил точный маршрут вечером.,no_existing_candidate_backed_pattern,9,False,"[""frequent_error_exact""]"
pattern_цы_ци,"Редактор проверил цытата, когда готовил точный маршрут.","Редактор проверил цитата, когда готовил точный маршрут.",no_existing_candidate_backed_pattern,8,False,"[""frequent_error_exact""]"
pattern_цы_ци,Автор увидел цыфра и открыл служебный журнал утром.,Автор увидел цифра и открыл служебный журнал утром.,no_existing_candidate_backed_pattern,9,False,"[""frequent_error_exact""]"
pattern_цы_ци,"Секретарь сохранил цырк, потому что служебный журнал был важен.","Секретарь сохранил цирк, потому что служебный журнал был важен.",no_existing_candidate_backed_pattern,10,False,"[""frequent_error_exact""]"
pattern_цы_ци,"Эксперт отметил цытата, когда читал служебный журнал.","Эксперт отметил цитата, когда читал служебный журнал.",no_existing_candidate_backed_pattern,8,False,"[""frequent_error_exact""]"
pattern_цы_ци,"Редактор проверил цыфра, когда готовил важный раздел.","Редактор проверил цифра, когда готовил важный раздел.",no_existing_candidate_backed_pattern,8,False,"[""frequent_error_exact""]"
pattern_цы_ци,Команда внесла цырк в важный раздел перед встречей.,Команда внесла цирк в важный раздел перед встречей.,no_existing_candidate_backed_pattern,9,False,"[""frequent_error_exact""]"
pattern_цы_ци,Автор увидел цытата и открыл важный раздел утром.,Автор увидел цитата и открыл важный раздел утром.,no_existing_candidate_backed_pattern,9,False,"[""frequent_error_exact""]"
pattern_цы_ци,"Эксперт отметил цыфра, когда читал рабочий приказ.","Эксперт отметил цифра, когда читал рабочий приказ.",no_existing_candidate_backed_pattern,8,False,"[""frequent_error_exact""]"
pattern_цы_ци,Аналитик записал цырк и обновил рабочий приказ вечером.,Аналитик записал цирк и обновил рабочий приказ вечером.,no_existing_candidate_backed_pattern,9,False,"[""frequent_error_exact""]"
pattern_цы_ци,"Редактор проверил цытата, когда готовил рабочий приказ.","Редактор проверил цитата, когда готовил рабочий приказ.",no_existing_candidate_backed_pattern,8,False,"[""frequent_error_exact""]"
pattern_цы_ци,Автор увидел цыфра и открыл архивная таблица утром.,Автор увидел цифра и открыл архивная таблица утром.,no_existing_candidate_backed_pattern,9,False,"[""frequent_error_exact""]"
pattern_цы_ци,"Секретарь сохранил цырк, потому что архивная таблица был важен.","Секретарь сохранил цирк, потому что архивная таблица был важен.",no_existing_candidate_backed_pattern,10,False,"[""frequent_error_exact""]"
pattern_цы_ци,"Эксперт отметил цытата, когда читал архивная таблица.","Эксперт отметил цитата, когда читал архивная таблица.",no_existing_candidate_backed_pattern,8,False,"[""frequent_error_exact""]"
pattern_цы_ци,"Редактор проверил цыфра, когда готовил общая справка.","Редактор проверил цифра, когда готовил общая справка.",no_existing_candidate_backed_pattern,8,False,"[""frequent_error_exact""]"
pattern_цы_ци,Команда внесла цырк в общая справка перед встречей.,Команда внесла цирк в общая справка перед встречей.,no_existing_candidate_backed_pattern,9,False,"[""frequent_error_exact""]"
pattern_цы_ци,Автор увидел цытата и открыл общая справка утром.,Автор увидел цитата и открыл общая справка утром.,no_existing_candidate_backed_pattern,9,False,"[""frequent_error_exact""]"
pattern_цы_ци,"Эксперт отметил цыфра, когда читал принятая заявка.","Эксперт отметил цифра, когда читал принятая заявка.",no_existing_candidate_backed_pattern,8,False,"[""frequent_error_exact""]"
pattern_цы_ци,Аналитик записал цырк и обновил принятая заявка вечером.,Аналитик записал цирк и обновил принятая заявка вечером.,no_existing_candidate_backed_pattern,9,False,"[""frequent_error_exact""]"
pattern_цы_ци,"Редактор проверил цытата, когда готовил принятая заявка.","Редактор проверил цитата, когда готовил принятая заявка.",no_existing_candidate_backed_pattern,8,False,"[""frequent_error_exact""]"
pattern_цы_ци,Автор увидел цыфра и открыл вечерний отчет утром.,Автор увидел цифра и открыл вечерний отчет утром.,no_existing_candidate_backed_pattern,9,False,"[""frequent_error_exact""]"
pattern_цы_ци,"Секретарь сохранил цырк, потому что вечерний отчет был важен.","Секретарь сохранил цирк, потому что вечерний отчет был важен.",no_existing_candidate_backed_pattern,10,False,"[""frequent_error_exact""]"
pattern_цы_ци,"Эксперт отметил цытата, когда читал вечерний отчет.","Эксперт отметил цитата, когда читал вечерний отчет.",no_existing_candidate_backed_pattern,8,False,"[""frequent_error_exact""]"
pattern_цы_ци,"Редактор проверил цыфра, когда готовил короткий договор.","Редактор проверил цифра, когда готовил короткий договор.",no_existing_candidate_backed_pattern,8,False,"[""frequent_error_exact""]"
pattern_цы_ци,Команда внесла цырк в короткий договор перед встречей.,Команда внесла цирк в короткий договор перед встречей.,no_existing_candidate_backed_pattern,9,False,"[""frequent_error_exact""]"
pattern_цы_ци,Автор увидел цытата и открыл короткий договор утром.,Автор увидел цитата и открыл короткий договор утром.,no_existing_candidate_backed_pattern,9,False,"[""frequent_error_exact""]"
pattern_цы_ци,"Эксперт отметил цыфра, когда читал осенний график.","Эксперт отметил цифра, когда читал осенний график.",no_existing_candidate_backed_pattern,8,False,"[""frequent_error_exact""]"
pattern_цы_ци,Аналитик записал цырк и обновил осенний график вечером.,Аналитик записал цирк и обновил осенний график вечером.,no_existing_candidate_backed_pattern,9,False,"[""frequent_error_exact""]"
pattern_цы_ци,"Редактор проверил цытата, когда готовил осенний график.","Редактор проверил цитата, когда готовил осенний график.",no_existing_candidate_backed_pattern,8,False,"[""frequent_error_exact""]"
pattern_цы_ци,Автор увидел цыфра и открыл проверенная запись утром.,Автор увидел цифра и открыл проверенная запись утром.,no_existing_candidate_backed_pattern,9,False,"[""frequent_error_exact""]"
pattern_цы_ци,"Секретарь сохранил цырк, потому что проверенная запись был важен.","Секретарь сохранил цирк, потому что проверенная запись был важен.",no_existing_candidate_backed_pattern,10,False,"[""frequent_error_exact""]"
pattern_цы_ци,"Эксперт отметил цытата, когда читал проверенная запись.","Эксперт отметил цитата, когда читал проверенная запись.",no_existing_candidate_backed_pattern,8,False,"[""frequent_error_exact""]"
pattern_цы_ци,"Редактор проверил цыфра, когда готовил срочный ответ.","Редактор проверил цифра, когда готовил срочный ответ.",no_existing_candidate_backed_pattern,8,False,"[""frequent_error_exact""]"
pattern_цы_ци,Команда внесла цырк в срочный ответ перед встречей.,Команда внесла цирк в срочный ответ перед встречей.,no_existing_candidate_backed_pattern,9,False,"[""frequent_error_exact""]"
pattern_цы_ци,Автор увидел цытата и открыл срочный ответ утром.,Автор увидел цитата и открыл срочный ответ утром.,no_existing_candidate_backed_pattern,9,False,"[""frequent_error_exact""]"
pattern_цы_ци,"Эксперт отметил цыфра, когда читал финальная подпись.","Эксперт отметил цифра, когда читал финальная подпись.",no_existing_candidate_backed_pattern,8,False,"[""frequent_error_exact""]"
pattern_цы_ци,Аналитик записал цырк и обновил финальная подпись вечером.,Аналитик записал цирк и обновил финальная подпись вечером.,no_existing_candidate_backed_pattern,9,False,"[""frequent_error_exact""]"
pattern_цы_ци,"Редактор проверил цытата, когда готовил финальная подпись.","Редактор проверил цитата, когда готовил финальная подпись.",no_existing_candidate_backed_pattern,8,False,"[""frequent_error_exact""]"
pattern_цы_ци,Автор увидел цыфра и открыл рабочий отчет утром.,Автор увидел цифра и открыл рабочий отчет утром.,no_existing_candidate_backed_pattern,9,False,"[""frequent_error_exact""]"
pattern_цы_ци,"Секретарь сохранил цырк, потому что рабочий отчет был важен.","Секретарь сохранил цирк, потому что рабочий отчет был важен.",no_existing_candidate_backed_pattern,10,False,"[""frequent_error_exact""]"
pattern_цы_ци,"Эксперт отметил цытата, когда читал рабочий отчет.","Эксперт отметил цитата, когда читал рабочий отчет.",no_existing_candidate_backed_pattern,8,False,"[""frequent_error_exact""]"
pattern_цы_ци,"Редактор проверил цыфра, когда готовил новый документ.","Редактор проверил цифра, когда готовил новый документ.",no_existing_candidate_backed_pattern,8,False,"[""frequent_error_exact""]"
pattern_цы_ци,Команда внесла цырк в новый документ перед встречей.,Команда внесла цирк в новый документ перед встречей.,no_existing_candidate_backed_pattern,9,False,"[""frequent_error_exact""]"
pattern_цы_ци,Автор увидел цытата и открыл новый документ утром.,Автор увидел цитата и открыл новый документ утром.,no_existing_candidate_backed_pattern,9,False,"[""frequent_error_exact""]"
pattern_цы_ци,"Эксперт отметил цыфра, когда читал точный план.","Эксперт отметил цифра, когда читал точный план.",no_existing_candidate_backed_pattern,8,False,"[""frequent_error_exact""]"
pattern_цы_ци,Аналитик записал цырк и обновил точный план вечером.,Аналитик записал цирк и обновил точный план вечером.,no_existing_candidate_backed_pattern,9,False,"[""frequent_error_exact""]"
pattern_цы_ци,"Редактор проверил цытата, когда готовил точный план.","Редактор проверил цитата, когда готовил точный план.",no_existing_candidate_backed_pattern,8,False,"[""frequent_error_exact""]"
pattern_цы_ци,Автор увидел цыфра и открыл городской архив утром.,Автор увидел цифра и открыл городской архив утром.,no_existing_candidate_backed_pattern,9,False,"[""frequent_error_exact""]"
pattern_цы_ци,"Секретарь сохранил цырк, потому что городской архив был важен.","Секретарь сохранил цирк, потому что городской архив был важен.",no_existing_candidate_backed_pattern,10,False,"[""frequent_error_exact""]"
pattern_цы_ци,"Эксперт отметил цытата, когда читал городской архив.","Эксперт отметил цитата, когда читал городской архив.",no_existing_candidate_backed_pattern,8,False,"[""frequent_error_exact""]"
pattern_цы_ци,"Редактор проверил цыфра, когда готовил утренний выпуск.","Редактор проверил цифра, когда готовил утренний выпуск.",no_existing_candidate_backed_pattern,8,False,"[""frequent_error_exact""]"
pattern_цы_ци,Команда внесла цырк в утренний выпуск перед встречей.,Команда внесла цирк в утренний выпуск перед встречей.,no_existing_candidate_backed_pattern,9,False,"[""frequent_error_exact""]"
pattern_цы_ци,Автор увидел цытата и открыл утренний выпуск утром.,Автор увидел цитата и открыл утренний выпуск утром.,no_existing_candidate_backed_pattern,9,False,"[""frequent_error_exact""]"
pattern_цы_ци,"Эксперт отметил цыфра, когда читал важный договор.","Эксперт отметил цифра, когда читал важный договор.",no_existing_candidate_backed_pattern,8,False,"[""frequent_error_exact""]"
pattern_цы_ци,Аналитик записал цырк и обновил важный договор вечером.,Аналитик записал цирк и обновил важный договор вечером.,no_existing_candidate_backed_pattern,9,False,"[""frequent_error_exact""]"
pattern_цы_ци,"Редактор проверил цытата, когда готовил важный договор.","Редактор проверил цитата, когда готовил важный договор.",no_existing_candidate_backed_pattern,8,False,"[""frequent_error_exact""]"
pattern_цы_ци,Автор увидел цыфра и открыл короткая заметка утром.,Автор увидел цифра и открыл короткая заметка утром.,no_existing_candidate_backed_pattern,9,False,"[""frequent_error_exact""]"
pattern_цы_ци,"Секретарь сохранил цырк, потому что короткая заметка был важен.","Секретарь сохранил цирк, потому что короткая заметка был важен.",no_existing_candidate_backed_pattern,10,False,"[""frequent_error_exact""]"
pattern_цы_ци,"Эксперт отметил цытата, когда читал короткая заметка.","Эксперт отметил цитата, когда читал короткая заметка.",no_existing_candidate_backed_pattern,8,False,"[""frequent_error_exact""]"
pattern_цы_ци,"Редактор проверил цыфра, когда готовил итоговая таблица.","Редактор проверил цифра, когда готовил итоговая таблица.",no_existing_candidate_backed_pattern,8,False,"[""frequent_error_exact""]"
pattern_цы_ци,Команда внесла цырк в итоговая таблица перед встречей.,Команда внесла цирк в итоговая таблица перед встречей.,no_existing_candidate_backed_pattern,9,False,"[""frequent_error_exact""]"
pattern_цы_ци,Автор увидел цытата и открыл итоговая таблица утром.,Автор увидел цитата и открыл итоговая таблица утром.,no_existing_candidate_backed_pattern,9,False,"[""frequent_error_exact""]"
pattern_цы_ци,"Эксперт отметил цыфра, когда читал свежая сводка.","Эксперт отметил цифра, когда читал свежая сводка.",no_existing_candidate_backed_pattern,8,False,"[""frequent_error_exact""]"
pattern_цы_ци,Аналитик записал цырк и обновил свежая сводка вечером.,Аналитик записал цирк и обновил свежая сводка вечером.,no_existing_candidate_backed_pattern,9,False,"[""frequent_error_exact""]"
pattern_цы_ци,"Редактор проверил цытата, когда готовил свежая сводка.","Редактор проверил цитата, когда готовил свежая сводка.",no_existing_candidate_backed_pattern,8,False,"[""frequent_error_exact""]"
pattern_цы_ци,Автор увидел цыфра и открыл открытая заявка утром.,Автор увидел цифра и открыл открытая заявка утром.,no_existing_candidate_backed_pattern,9,False,"[""frequent_error_exact""]"
pattern_цы_ци,"Секретарь сохранил цырк, потому что открытая заявка был важен.","Секретарь сохранил цирк, потому что открытая заявка был важен.",no_existing_candidate_backed_pattern,10,False,"[""frequent_error_exact""]"
pattern_цы_ци,"Эксперт отметил цытата, когда читал открытая заявка.","Эксперт отметил цитата, когда читал открытая заявка.",no_existing_candidate_backed_pattern,8,False,"[""frequent_error_exact""]"
pattern_цы_ци,"Редактор проверил цыфра, когда готовил письменный ответ.","Редактор проверил цифра, когда готовил письменный ответ.",no_existing_candidate_backed_pattern,8,False,"[""frequent_error_exact""]"
pattern_цы_ци,Команда внесла цырк в письменный ответ перед встречей.,Команда внесла цирк в письменный ответ перед встречей.,no_existing_candidate_backed_pattern,9,False,"[""frequent_error_exact""]"
pattern_цы_ци,Автор увидел цытата и открыл письменный ответ утром.,Автор увидел цитата и открыл письменный ответ утром.,no_existing_candidate_backed_pattern,9,False,"[""frequent_error_exact""]"
pattern_цы_ци,"Эксперт отметил цыфра, когда читал подробная справка.","Эксперт отметил цифра, когда читал подробная справка.",no_existing_candidate_backed_pattern,8,False,"[""frequent_error_exact""]"
pattern_цы_ци,Аналитик записал цырк и обновил подробная справка вечером.,Аналитик записал цирк и обновил подробная справка вечером.,no_existing_candidate_backed_pattern,9,False,"[""frequent_error_exact""]"
pattern_цы_ци,"Редактор проверил цытата, когда готовил подробная справка.","Редактор проверил цитата, когда готовил подробная справка.",no_existing_candidate_backed_pattern,8,False,"[""frequent_error_exact""]"
pattern_цы_ци,Автор увидел цыфра и открыл районная комиссия утром.,Автор увидел цифра и открыл районная комиссия утром.,no_existing_candidate_backed_pattern,9,False,"[""frequent_error_exact""]"
pattern_цы_ци,"Секретарь сохранил цырк, потому что районная комиссия был важен.","Секретарь сохранил цирк, потому что районная комиссия был важен.",no_existing_candidate_backed_pattern,10,False,"[""frequent_error_exact""]"
pattern_цы_ци,"Эксперт отметил цытата, когда читал районная комиссия.","Эксперт отметил цитата, когда читал районная комиссия.",no_existing_candidate_backed_pattern,8,False,"[""frequent_error_exact""]"
pattern_цы_ци,"Редактор проверил цыфра, когда готовил финальный список.","Редактор проверил цифра, когда готовил финальный список.",no_existing_candidate_backed_pattern,8,False,"[""frequent_error_exact""]"
pattern_цы_ци,Команда внесла цырк в финальный список перед встречей.,Команда внесла цирк в финальный список перед встречей.,no_existing_candidate_backed_pattern,9,False,"[""frequent_error_exact""]"
pattern_цы_ци,Автор увидел цытата и открыл финальный список утром.,Автор увидел цитата и открыл финальный список утром.,no_existing_candidate_backed_pattern,9,False,"[""frequent_error_exact""]"
pattern_цы_ци,"Эксперт отметил цыфра, когда читал новая редакция.","Эксперт отметил цифра, когда читал новая редакция.",no_existing_candidate_backed_pattern,8,False,"[""frequent_error_exact""]"
pattern_цы_ци,Аналитик записал цырк и обновил новая редакция вечером.,Аналитик записал цирк и обновил новая редакция вечером.,no_existing_candidate_backed_pattern,9,False,"[""frequent_error_exact""]"
pattern_цы_ци,"Редактор проверил цытата, когда готовил новая редакция.","Редактор проверил цитата, когда готовил новая редакция.",no_existing_candidate_backed_pattern,8,False,"[""frequent_error_exact""]"
pattern_цы_ци,Автор увидел цыфра и открыл архивная запись утром.,Автор увидел цифра и открыл архивная запись утром.,no_existing_candidate_backed_pattern,9,False,"[""frequent_error_exact""]"
pattern_цы_ци,"Секретарь сохранил цырк, потому что архивная запись был важен.","Секретарь сохранил цирк, потому что архивная запись был важен.",no_existing_candidate_backed_pattern,10,False,"[""frequent_error_exact""]"
pattern_цы_ци,"Эксперт отметил цытата, когда читал архивная запись.","Эксперт отметил цитата, когда читал архивная запись.",no_existing_candidate_backed_pattern,8,False,"[""frequent_error_exact""]"
pattern_цы_ци,"Редактор проверил цыфра, когда готовил дежурный редактор.","Редактор проверил цифра, когда готовил дежурный редактор.",no_existing_candidate_backed_pattern,8,False,"[""frequent_error_exact""]"
pattern_цы_ци,Команда внесла цырк в дежурный редактор перед встречей.,Команда внесла цирк в дежурный редактор перед встречей.,no_existing_candidate_backed_pattern,9,False,"[""frequent_error_exact""]"
pattern_цы_ци,Автор увидел цытата и открыл дежурный редактор утром.,Автор увидел цитата и открыл дежурный редактор утром.,no_existing_candidate_backed_pattern,9,False,"[""frequent_error_exact""]"
pattern_цы_ци,"Эксперт отметил цыфра, когда читал общий график.","Эксперт отметил цифра, когда читал общий график.",no_existing_candidate_backed_pattern,8,False,"[""frequent_error_exact""]"
pattern_цы_ци,Аналитик записал цырк и обновил общий график вечером.,Аналитик записал цирк и обновил общий график вечером.,no_existing_candidate_backed_pattern,9,False,"[""frequent_error_exact""]"
pattern_цы_ци,"Редактор проверил цытата, когда готовил общий график.","Редактор проверил цитата, когда готовил общий график.",no_existing_candidate_backed_pattern,8,False,"[""frequent_error_exact""]"
pattern_цы_ци,Автор увидел цыфра и открыл плановая встреча утром.,Автор увидел цифра и открыл плановая встреча утром.,no_existing_candidate_backed_pattern,9,False,"[""frequent_error_exact""]"
pattern_цы_ци,"Секретарь сохранил цырк, потому что плановая встреча был важен.","Секретарь сохранил цирк, потому что плановая встреча был важен.",no_existing_candidate_backed_pattern,10,False,"[""frequent_error_exact""]"
pattern_цы_ци,"Эксперт отметил цытата, когда читал плановая встреча.","Эксперт отметил цитата, когда читал плановая встреча.",no_existing_candidate_backed_pattern,8,False,"[""frequent_error_exact""]"
pattern_цы_ци,"Редактор проверил цыфра, когда готовил осенняя проверка.","Редактор проверил цифра, когда готовил осенняя проверка.",no_existing_candidate_backed_pattern,8,False,"[""frequent_error_exact""]"
pattern_цы_ци,Команда внесла цырк в осенняя проверка перед встречей.,Команда внесла цирк в осенняя проверка перед встречей.,no_existing_candidate_backed_pattern,9,False,"[""frequent_error_exact""]"
pattern_цы_ци,Автор увидел цытата и открыл осенняя проверка утром.,Автор увидел цитата и открыл осенняя проверка утром.,no_existing_candidate_backed_pattern,9,False,"[""frequent_error_exact""]"
pattern_цы_ци,"Эксперт отметил цыфра, когда читал сводный отчет.","Эксперт отметил цифра, когда читал сводный отчет.",no_existing_candidate_backed_pattern,8,False,"[""frequent_error_exact""]"
pattern_цы_ци,Аналитик записал цырк и обновил сводный отчет вечером.,Аналитик записал цирк и обновил сводный отчет вечером.,no_existing_candidate_backed_pattern,9,False,"[""frequent_error_exact""]"
pattern_цы_ци,"Редактор проверил цытата, когда готовил сводный отчет.","Редактор проверил цитата, когда готовил сводный отчет.",no_existing_candidate_backed_pattern,8,False,"[""frequent_error_exact""]"
pattern_цы_ци,Автор увидел цыфра и открыл важная подпись утром.,Автор увидел цифра и открыл важная подпись утром.,no_existing_candidate_backed_pattern,9,False,"[""frequent_error_exact""]"
pattern_цы_ци,"Секретарь сохранил цырк, потому что важная подпись был важен.","Секретарь сохранил цирк, потому что важная подпись был важен.",no_existing_candidate_backed_pattern,10,False,"[""frequent_error_exact""]"
pattern_цы_ци,"Эксперт отметил цытата, когда читал важная подпись.","Эксперт отметил цитата, когда читал важная подпись.",no_existing_candidate_backed_pattern,8,False,"[""frequent_error_exact""]"
pattern_цы_ци,"Редактор проверил цыфра, когда готовил рабочая группа.","Редактор проверил цифра, когда готовил рабочая группа.",no_existing_candidate_backed_pattern,8,False,"[""frequent_error_exact""]"
pattern_цы_ци,Команда внесла цырк в рабочая группа перед встречей.,Команда внесла цирк в рабочая группа перед встречей.,no_existing_candidate_backed_pattern,9,False,"[""frequent_error_exact""]"
pattern_цы_ци,Автор увидел цытата и открыл рабочая группа утром.,Автор увидел цитата и открыл рабочая группа утром.,no_existing_candidate_backed_pattern,9,False,"[""frequent_error_exact""]"
pattern_цы_ци,"Эксперт отметил цыфра, когда читал городская служба.","Эксперт отметил цифра, когда читал городская служба.",no_existing_candidate_backed_pattern,8,False,"[""frequent_error_exact""]"
pattern_цы_ци,Аналитик записал цырк и обновил городская служба вечером.,Аналитик записал цирк и обновил городская служба вечером.,no_existing_candidate_backed_pattern,9,False,"[""frequent_error_exact""]"
pattern_цы_ци,"Редактор проверил цытата, когда готовил городская служба.","Редактор проверил цитата, когда готовил городская служба.",no_existing_candidate_backed_pattern,8,False,"[""frequent_error_exact""]"
pattern_цы_ци,Автор увидел цыфра и открыл новый раздел утром.,Автор увидел цифра и открыл новый раздел утром.,no_existing_candidate_backed_pattern,9,False,"[""frequent_error_exact""]"
pattern_цы_ци,"Секретарь сохранил цырк, потому что новый раздел был важен.","Секретарь сохранил цирк, потому что новый раздел был важен.",no_existing_candidate_backed_pattern,10,False,"[""frequent_error_exact""]"
pattern_цы_ци,"Эксперт отметил цытата, когда читал новый раздел.","Эксперт отметил цитата, когда читал новый раздел.",no_existing_candidate_backed_pattern,8,False,"[""frequent_error_exact""]"
pattern_цы_ци,"Редактор проверил цыфра, когда готовил учебная таблица.","Редактор проверил цифра, когда готовил учебная таблица.",no_existing_candidate_backed_pattern,8,False,"[""frequent_error_exact""]"
pattern_цы_ци,Команда внесла цырк в учебная таблица перед встречей.,Команда внесла цирк в учебная таблица перед встречей.,no_existing_candidate_backed_pattern,9,False,"[""frequent_error_exact""]"
pattern_цы_ци,Автор увидел цытата и открыл учебная таблица утром.,Автор увидел цитата и открыл учебная таблица утром.,no_existing_candidate_backed_pattern,9,False,"[""frequent_error_exact""]"
pattern_цы_ци,"Эксперт отметил цыфра, когда читал вечерний протокол.","Эксперт отметил цифра, когда читал вечерний протокол.",no_existing_candidate_backed_pattern,8,False,"[""frequent_error_exact""]"
pattern_цы_ци,Аналитик записал цырк и обновил вечерний протокол вечером.,Аналитик записал цирк и обновил вечерний протокол вечером.,no_existing_candidate_backed_pattern,9,False,"[""frequent_error_exact""]"
pattern_цы_ци,"Редактор проверил цытата, когда готовил вечерний протокол.","Редактор проверил цитата, когда готовил вечерний протокол.",no_existing_candidate_backed_pattern,8,False,"[""frequent_error_exact""]"
pattern_цы_ци,Автор увидел цыфра и открыл проверенный файл утром.,Автор увидел цифра и открыл проверенный файл утром.,no_existing_candidate_backed_pattern,9,False,"[""frequent_error_exact""]"
pattern_цы_ци,"Секретарь сохранил цырк, потому что проверенный файл был важен.","Секретарь сохранил цирк, потому что проверенный файл был важен.",no_existing_candidate_backed_pattern,10,False,"[""frequent_error_exact""]"
pattern_цы_ци,"Эксперт отметил цытата, когда читал проверенный файл.","Эксперт отметил цитата, когда читал проверенный файл.",no_existing_candidate_backed_pattern,8,False,"[""frequent_error_exact""]"
pattern_цы_ци,"Редактор проверил цыфра, когда готовил согласованный договор.","Редактор проверил цифра, когда готовил согласованный договор.",no_existing_candidate_backed_pattern,8,False,"[""frequent_error_exact""]"
pattern_цы_ци,Команда внесла цырк в согласованный договор перед встречей.,Команда внесла цирк в согласованный договор перед встречей.,no_existing_candidate_backed_pattern,9,False,"[""frequent_error_exact""]"
pattern_цы_ци,Автор увидел цытата и открыл согласованный договор утром.,Автор увидел цитата и открыл согласованный договор утром.,no_existing_candidate_backed_pattern,9,False,"[""frequent_error_exact""]"
pattern_цы_ци,"Эксперт отметил цыфра, когда читал подготовленный список.","Эксперт отметил цифра, когда читал подготовленный список.",no_existing_candidate_backed_pattern,8,False,"[""frequent_error_exact""]"
pattern_цы_ци,Аналитик записал цырк и обновил подготовленный список вечером.,Аналитик записал цирк и обновил подготовленный список вечером.,no_existing_candidate_backed_pattern,9,False,"[""frequent_error_exact""]"
pattern_цы_ци,"Редактор проверил цытата, когда готовил подготовленный список.","Редактор проверил цитата, когда готовил подготовленный список.",no_existing_candidate_backed_pattern,8,False,"[""frequent_error_exact""]"
pattern_цы_ци,Автор увидел цыфра и открыл закрытая заявка утром.,Автор увидел цифра и открыл закрытая заявка утром.,no_existing_candidate_backed_pattern,9,False,"[""frequent_error_exact""]"
pattern_цы_ци,"Секретарь сохранил цырк, потому что закрытая заявка был важен.","Секретарь сохранил цирк, потому что закрытая заявка был важен.",no_existing_candidate_backed_pattern,10,False,"[""frequent_error_exact""]"
pattern_цы_ци,"Эксперт отметил цытата, когда читал закрытая заявка.","Эксперт отметил цитата, когда читал закрытая заявка.",no_existing_candidate_backed_pattern,8,False,"[""frequent_error_exact""]"
pattern_цы_ци,"Редактор проверил цыфра, когда готовил длинная запись.","Редактор проверил цифра, когда готовил длинная запись.",no_existing_candidate_backed_pattern,8,False,"[""frequent_error_exact""]"
pattern_цы_ци,Команда внесла цырк в длинная запись перед встречей.,Команда внесла цирк в длинная запись перед встречей.,no_existing_candidate_backed_pattern,9,False,"[""frequent_error_exact""]"
pattern_цы_ци,Автор увидел цытата и открыл длинная запись утром.,Автор увидел цитата и открыл длинная запись утром.,no_existing_candidate_backed_pattern,9,False,"[""frequent_error_exact""]"
pattern_цы_ци,"Эксперт отметил цыфра, когда читал обновленный журнал.","Эксперт отметил цифра, когда читал обновленный журнал.",no_existing_candidate_backed_pattern,8,False,"[""frequent_error_exact""]"
pattern_цы_ци,Аналитик записал цырк и обновил обновленный журнал вечером.,Аналитик записал цирк и обновил обновленный журнал вечером.,no_existing_candidate_backed_pattern,9,False,"[""frequent_error_exact""]"
pattern_цы_ци,"Редактор проверил цытата, когда готовил обновленный журнал.","Редактор проверил цитата, когда готовил обновленный журнал.",no_existing_candidate_backed_pattern,8,False,"[""frequent_error_exact""]"
pattern_цы_ци,Автор увидел цыфра и открыл северный филиал утром.,Автор увидел цифра и открыл северный филиал утром.,no_existing_candidate_backed_pattern,9,False,"[""frequent_error_exact""]"
pattern_цы_ци,"Секретарь сохранил цырк, потому что северный филиал был важен.","Секретарь сохранил цирк, потому что северный филиал был важен.",no_existing_candidate_backed_pattern,10,False,"[""frequent_error_exact""]"
pattern_цы_ци,"Эксперт отметил цытата, когда читал северный филиал.","Эксперт отметил цитата, когда читал северный филиал.",no_existing_candidate_backed_pattern,8,False,"[""frequent_error_exact""]"
pattern_цы_ци,"Редактор проверил цыфра, когда готовил зимнее расписание.","Редактор проверил цифра, когда готовил зимнее расписание.",no_existing_candidate_backed_pattern,8,False,"[""frequent_error_exact""]"
pattern_цы_ци,Команда внесла цырк в зимнее расписание перед встречей.,Команда внесла цирк в зимнее расписание перед встречей.,no_existing_candidate_backed_pattern,9,False,"[""frequent_error_exact""]"
pattern_цы_ци,Автор увидел цытата и открыл зимнее расписание утром.,Автор увидел цитата и открыл зимнее расписание утром.,no_existing_candidate_backed_pattern,9,False,"[""frequent_error_exact""]"
pattern_цы_ци,"Эксперт отметил цыфра, когда читал летняя проверка.","Эксперт отметил цифра, когда читал летняя проверка.",no_existing_candidate_backed_pattern,8,False,"[""frequent_error_exact""]"
pattern_цы_ци,Аналитик записал цырк и обновил летняя проверка вечером.,Аналитик записал цирк и обновил летняя проверка вечером.,no_existing_candidate_backed_pattern,9,False,"[""frequent_error_exact""]"
pattern_цы_ци,"Редактор проверил цытата, когда готовил летняя проверка.","Редактор проверил цитата, когда готовил летняя проверка.",no_existing_candidate_backed_pattern,8,False,"[""frequent_error_exact""]"
pattern_цы_ци,Автор увидел цыфра и открыл районный протокол утром.,Автор увидел цифра и открыл районный протокол утром.,no_existing_candidate_backed_pattern,9,False,"[""frequent_error_exact""]"
pattern_цы_ци,"Секретарь сохранил цырк, потому что районный протокол был важен.","Секретарь сохранил цирк, потому что районный протокол был важен.",no_existing_candidate_backed_pattern,10,False,"[""frequent_error_exact""]"
pattern_цы_ци,"Эксперт отметил цытата, когда читал районный протокол.","Эксперт отметил цитата, когда читал районный протокол.",no_existing_candidate_backed_pattern,8,False,"[""frequent_error_exact""]"
pattern_цы_ци,"Редактор проверил цыфра, когда готовил входящее письмо.","Редактор проверил цифра, когда готовил входящее письмо.",no_existing_candidate_backed_pattern,8,False,"[""frequent_error_exact""]"
pattern_цы_ци,Команда внесла цырк в входящее письмо перед встречей.,Команда внесла цирк в входящее письмо перед встречей.,no_existing_candidate_backed_pattern,9,False,"[""frequent_error_exact""]"
pattern_цы_ци,Автор увидел цытата и открыл входящее письмо утром.,Автор увидел цитата и открыл входящее письмо утром.,no_existing_candidate_backed_pattern,9,False,"[""frequent_error_exact""]"
pattern_цы_ци,"Эксперт отметил цыфра, когда читал старый договор.","Эксперт отметил цифра, когда читал старый договор.",no_existing_candidate_backed_pattern,8,False,"[""frequent_error_exact""]"
pattern_цы_ци,Аналитик записал цырк и обновил старый договор вечером.,Аналитик записал цирк и обновил старый договор вечером.,no_existing_candidate_backed_pattern,9,False,"[""frequent_error_exact""]"
pattern_цы_ци,"Редактор проверил цытата, когда готовил старый договор.","Редактор проверил цитата, когда готовил старый договор.",no_existing_candidate_backed_pattern,8,False,"[""frequent_error_exact""]"
pattern_цы_ци,Автор увидел цыфра и открыл новая таблица утром.,Автор увидел цифра и открыл новая таблица утром.,no_existing_candidate_backed_pattern,9,False,"[""frequent_error_exact""]"
pattern_цы_ци,"Секретарь сохранил цырк, потому что новая таблица был важен.","Секретарь сохранил цирк, потому что новая таблица был важен.",no_existing_candidate_backed_pattern,10,False,"[""frequent_error_exact""]"
pattern_цы_ци,"Эксперт отметил цытата, когда читал новая таблица.","Эксперт отметил цитата, когда читал новая таблица.",no_existing_candidate_backed_pattern,8,False,"[""frequent_error_exact""]"
pattern_цы_ци,"Редактор проверил цыфра, когда готовил закрытый раздел.","Редактор проверил цифра, когда готовил закрытый раздел.",no_existing_candidate_backed_pattern,8,False,"[""frequent_error_exact""]"
pattern_цы_ци,Команда внесла цырк в закрытый раздел перед встречей.,Команда внесла цирк в закрытый раздел перед встречей.,no_existing_candidate_backed_pattern,9,False,"[""frequent_error_exact""]"
pattern_цы_ци,Автор увидел цытата и открыл закрытый раздел утром.,Автор увидел цитата и открыл закрытый раздел утром.,no_existing_candidate_backed_pattern,9,False,"[""frequent_error_exact""]"
pattern_цы_ци,"Эксперт отметил цыфра, когда читал утренний приказ.","Эксперт отметил цифра, когда читал утренний приказ.",no_existing_candidate_backed_pattern,8,False,"[""frequent_error_exact""]"
pattern_цы_ци,Аналитик записал цырк и обновил утренний приказ вечером.,Аналитик записал цирк и обновил утренний приказ вечером.,no_existing_candidate_backed_pattern,9,False,"[""frequent_error_exact""]"
pattern_цы_ци,"Редактор проверил цытата, когда готовил утренний приказ.","Редактор проверил цитата, когда готовил утренний приказ.",no_existing_candidate_backed_pattern,8,False,"[""frequent_error_exact""]"
pattern_цы_ци,Автор увидел цыфра и открыл служебная записка утром.,Автор увидел цифра и открыл служебная записка утром.,no_existing_candidate_backed_pattern,9,False,"[""frequent_error_exact""]"
pattern_цы_ци,"Секретарь сохранил цырк, потому что служебная записка был важен.","Секретарь сохранил цирк, потому что служебная записка был важен.",no_existing_candidate_backed_pattern,10,False,"[""frequent_error_exact""]"
pattern_цы_ци,"Эксперт отметил цытата, когда читал служебная записка.","Эксперт отметил цитата, когда читал служебная записка.",no_existing_candidate_backed_pattern,8,False,"[""frequent_error_exact""]"
pattern_цы_ци,"Редактор проверил цыфра, когда готовил городской проект.","Редактор проверил цифра, когда готовил городской проект.",no_existing_candidate_backed_pattern,8,False,"[""frequent_error_exact""]"
pattern_цы_ци,Команда внесла цырк в городской проект перед встречей.,Команда внесла цирк в городской проект перед встречей.,no_existing_candidate_backed_pattern,9,False,"[""frequent_error_exact""]"
pattern_цы_ци,Автор увидел цытата и открыл городской проект утром.,Автор увидел цитата и открыл городской проект утром.,no_existing_candidate_backed_pattern,9,False,"[""frequent_error_exact""]"
pattern_цы_ци,"Эксперт отметил цыфра, когда читал важное решение.","Эксперт отметил цифра, когда читал важное решение.",no_existing_candidate_backed_pattern,8,False,"[""frequent_error_exact""]"
pattern_цы_ци,Аналитик записал цырк и обновил важное решение вечером.,Аналитик записал цирк и обновил важное решение вечером.,no_existing_candidate_backed_pattern,9,False,"[""frequent_error_exact""]"
pattern_цы_ци,"Редактор проверил цытата, когда готовил важное решение.","Редактор проверил цитата, когда готовил важное решение.",no_existing_candidate_backed_pattern,8,False,"[""frequent_error_exact""]"
pattern_цы_ци,Автор увидел цыфра и открыл общий список утром.,Автор увидел цифра и открыл общий список утром.,no_existing_candidate_backed_pattern,9,False,"[""frequent_error_exact""]"
pattern_цы_ци,"Секретарь сохранил цырк, потому что общий список был важен.","Секретарь сохранил цирк, потому что общий список был важен.",no_existing_candidate_backed_pattern,10,False,"[""frequent_error_exact""]"
pattern_цы_ци,"Эксперт отметил цытата, когда читал общий список.","Эксперт отметил цитата, когда читал общий список.",no_existing_candidate_backed_pattern,8,False,"[""frequent_error_exact""]"
pattern_цы_ци,"Редактор проверил цыфра, когда готовил рабочий кабинет.","Редактор проверил цифра, когда готовил рабочий кабинет.",no_existing_candidate_backed_pattern,8,False,"[""frequent_error_exact""]"
pattern_цы_ци,Команда внесла цырк в рабочий кабинет перед встречей.,Команда внесла цирк в рабочий кабинет перед встречей.,no_existing_candidate_backed_pattern,9,False,"[""frequent_error_exact""]"
pattern_цы_ци,Автор увидел цытата и открыл рабочий кабинет утром.,Автор увидел цитата и открыл рабочий кабинет утром.,no_existing_candidate_backed_pattern,9,False,"[""frequent_error_exact""]"
pattern_цы_ци,"Эксперт отметил цыфра, когда читал архивный номер.","Эксперт отметил цифра, когда читал архивный номер.",no_existing_candidate_backed_pattern,8,False,"[""frequent_error_exact""]"
pattern_цы_ци,Аналитик записал цырк и обновил архивный номер вечером.,Аналитик записал цирк и обновил архивный номер вечером.,no_existing_candidate_backed_pattern,9,False,"[""frequent_error_exact""]"
pattern_цы_ци,"Редактор проверил цытата, когда готовил архивный номер.","Редактор проверил цитата, когда готовил архивный номер.",no_existing_candidate_backed_pattern,8,False,"[""frequent_error_exact""]"
pattern_цы_ци,Автор увидел цыфра и открыл открытый вопрос утром.,Автор увидел цифра и открыл открытый вопрос утром.,no_existing_candidate_backed_pattern,9,False,"[""frequent_error_exact""]"
pattern_цы_ци,"Секретарь сохранил цырк, потому что открытый вопрос был важен.","Секретарь сохранил цирк, потому что открытый вопрос был важен.",no_existing_candidate_backed_pattern,10,False,"[""frequent_error_exact""]"
pattern_цы_ци,"Эксперт отметил цытата, когда читал открытый вопрос.","Эксперт отметил цитата, когда читал открытый вопрос.",no_existing_candidate_backed_pattern,8,False,"[""frequent_error_exact""]"
pattern_цы_ци,"Редактор проверил цыфра, когда готовил плановый отчет.","Редактор проверил цифра, когда готовил плановый отчет.",no_existing_candidate_backed_pattern,8,False,"[""frequent_error_exact""]"
pattern_цы_ци,Команда внесла цырк в плановый отчет перед встречей.,Команда внесла цирк в плановый отчет перед встречей.,no_existing_candidate_backed_pattern,9,False,"[""frequent_error_exact""]"
pattern_цы_ци,Автор увидел цытата и открыл плановый отчет утром.,Автор увидел цитата и открыл плановый отчет утром.,no_existing_candidate_backed_pattern,9,False,"[""frequent_error_exact""]"
pattern_цы_ци,"Эксперт отметил цыфра, когда читал новый маршрут.","Эксперт отметил цифра, когда читал новый маршрут.",no_existing_candidate_backed_pattern,8,False,"[""frequent_error_exact""]"
pattern_цы_ци,Аналитик записал цырк и обновил новый маршрут вечером.,Аналитик записал цирк и обновил новый маршрут вечером.,no_existing_candidate_backed_pattern,9,False,"[""frequent_error_exact""]"
pattern_цы_ци,"Редактор проверил цытата, когда готовил новый маршрут.","Редактор проверил цитата, когда готовил новый маршрут.",no_existing_candidate_backed_pattern,8,False,"[""frequent_error_exact""]"
pattern_цы_ци,Автор увидел цыфра и открыл вечерняя смена утром.,Автор увидел цифра и открыл вечерняя смена утром.,no_existing_candidate_backed_pattern,10,False,"[""frequent_error_exact"", ""n_nn_short_form""]"
pattern_цы_ци,"Секретарь сохранил цырк, потому что вечерняя смена был важен.","Секретарь сохранил цирк, потому что вечерняя смена был важен.",no_existing_candidate_backed_pattern,11,False,"[""frequent_error_exact"", ""n_nn_short_form""]"
pattern_цы_ци,"Эксперт отметил цытата, когда читал вечерняя смена.","Эксперт отметил цитата, когда читал вечерняя смена.",no_existing_candidate_backed_pattern,9,False,"[""frequent_error_exact"", ""n_nn_short_form""]"
pattern_цы_ци,"Редактор проверил цыфра, когда готовил срочная заявка.","Редактор проверил цифра, когда готовил срочная заявка.",no_existing_candidate_backed_pattern,8,False,"[""frequent_error_exact""]"
pattern_цы_ци,Команда внесла цырк в срочная заявка перед встречей.,Команда внесла цирк в срочная заявка перед встречей.,no_existing_candidate_backed_pattern,9,False,"[""frequent_error_exact""]"
pattern_цы_ци,Автор увидел цытата и открыл срочная заявка утром.,Автор увидел цитата и открыл срочная заявка утром.,no_existing_candidate_backed_pattern,9,False,"[""frequent_error_exact""]"
pattern_цы_ци,"Эксперт отметил цыфра, когда читал письменная просьба.","Эксперт отметил цифра, когда читал письменная просьба.",no_existing_candidate_backed_pattern,8,False,"[""frequent_error_exact""]"
pattern_цы_ци,Аналитик записал цырк и обновил письменная просьба вечером.,Аналитик записал цирк и обновил письменная просьба вечером.,no_existing_candidate_backed_pattern,9,False,"[""frequent_error_exact""]"
pattern_цы_ци,"Редактор проверил цытата, когда готовил письменная просьба.","Редактор проверил цитата, когда готовил письменная просьба.",no_existing_candidate_backed_pattern,8,False,"[""frequent_error_exact""]"
pattern_цы_ци,Автор увидел цыфра и открыл короткий протокол утром.,Автор увидел цифра и открыл короткий протокол утром.,no_existing_candidate_backed_pattern,9,False,"[""frequent_error_exact""]"
pattern_цы_ци,"Секретарь сохранил цырк, потому что короткий протокол был важен.","Секретарь сохранил цирк, потому что короткий протокол был важен.",no_existing_candidate_backed_pattern,10,False,"[""frequent_error_exact""]"
pattern_цы_ци,"Эксперт отметил цытата, когда читал короткий протокол.","Эксперт отметил цитата, когда читал короткий протокол.",no_existing_candidate_backed_pattern,8,False,"[""frequent_error_exact""]"
pattern_цы_ци,"Редактор проверил цыфра, когда готовил дневной выпуск.","Редактор проверил цифра, когда готовил дневной выпуск.",no_existing_candidate_backed_pattern,8,False,"[""frequent_error_exact""]"
pattern_цы_ци,Команда внесла цырк в дневной выпуск перед встречей.,Команда внесла цирк в дневной выпуск перед встречей.,no_existing_candidate_backed_pattern,9,False,"[""frequent_error_exact""]"
pattern_цы_ци,Автор увидел цытата и открыл дневной выпуск утром.,Автор увидел цитата и открыл дневной выпуск утром.,no_existing_candidate_backed_pattern,9,False,"[""frequent_error_exact""]"
pattern_цы_ци,"Эксперт отметил цыфра, когда читал точная дата.","Эксперт отметил цифра, когда читал точная дата.",no_existing_candidate_backed_pattern,8,False,"[""frequent_error_exact""]"
pattern_цы_ци,Аналитик записал цырк и обновил точная дата вечером.,Аналитик записал цирк и обновил точная дата вечером.,no_existing_candidate_backed_pattern,9,False,"[""frequent_error_exact""]"
pattern_цы_ци,"Редактор проверил цытата, когда готовил точная дата.","Редактор проверил цитата, когда готовил точная дата.",no_existing_candidate_backed_pattern,8,False,"[""frequent_error_exact""]"
pattern_цы_ци,Автор увидел цыфра и открыл готовый макет утром.,Автор увидел цифра и открыл готовый макет утром.,no_existing_candidate_backed_pattern,9,False,"[""frequent_error_exact""]"
pattern_цы_ци,"Секретарь сохранил цырк, потому что готовый макет был важен.","Секретарь сохранил цирк, потому что готовый макет был важен.",no_existing_candidate_backed_pattern,10,False,"[""frequent_error_exact""]"
pattern_цы_ци,"Эксперт отметил цытата, когда читал готовый макет.","Эксперт отметил цитата, когда читал готовый макет.",no_existing_candidate_backed_pattern,8,False,"[""frequent_error_exact""]"
pattern_цы_ци,"Редактор проверил цыфра, когда готовил основной договор.","Редактор проверил цифра, когда готовил основной договор.",no_existing_candidate_backed_pattern,8,False,"[""frequent_error_exact""]"
pattern_цы_ци,Команда внесла цырк в основной договор перед встречей.,Команда внесла цирк в основной договор перед встречей.,no_existing_candidate_backed_pattern,9,False,"[""frequent_error_exact""]"
pattern_цы_ци,Автор увидел цытата и открыл основной договор утром.,Автор увидел цитата и открыл основной договор утром.,no_existing_candidate_backed_pattern,9,False,"[""frequent_error_exact""]"
pattern_цы_ци,"Эксперт отметил цыфра, когда читал временный график.","Эксперт отметил цифра, когда читал временный график.",no_existing_candidate_backed_pattern,8,False,"[""frequent_error_exact""]"
pattern_цы_ци,Аналитик записал цырк и обновил временный график вечером.,Аналитик записал цирк и обновил временный график вечером.,no_existing_candidate_backed_pattern,9,False,"[""frequent_error_exact""]"
pattern_цы_ци,"Редактор проверил цытата, когда готовил временный график.","Редактор проверил цитата, когда готовил временный график.",no_existing_candidate_backed_pattern,8,False,"[""frequent_error_exact""]"
pattern_цы_ци,Автор увидел цыфра и открыл дежурная группа утром.,Автор увидел цифра и открыл дежурная группа утром.,no_existing_candidate_backed_pattern,9,False,"[""frequent_error_exact""]"
pattern_цы_ци,"Секретарь сохранил цырк, потому что дежурная группа был важен.","Секретарь сохранил цирк, потому что дежурная группа был важен.",no_existing_candidate_backed_pattern,10,False,"[""frequent_error_exact""]"
pattern_цы_ци,"Эксперт отметил цытата, когда читал дежурная группа.","Эксперт отметил цитата, когда читал дежурная группа.",no_existing_candidate_backed_pattern,8,False,"[""frequent_error_exact""]"
pattern_цы_ци,"Редактор проверил цыфра, когда готовил финальная версия.","Редактор проверил цифра, когда готовил финальная версия.",no_existing_candidate_backed_pattern,8,False,"[""frequent_error_exact""]"
pattern_цы_ци,Команда внесла цырк в финальная версия перед встречей.,Команда внесла цирк в финальная версия перед встречей.,no_existing_candidate_backed_pattern,9,False,"[""frequent_error_exact""]"
pattern_цы_ци,Автор увидел цытата и открыл финальная версия утром.,Автор увидел цитата и открыл финальная версия утром.,no_existing_candidate_backed_pattern,9,False,"[""frequent_error_exact""]"
pattern_цы_ци,"Эксперт отметил цыфра, когда читал контрольная таблица.","Эксперт отметил цифра, когда читал контрольная таблица.",no_existing_candidate_backed_pattern,8,False,"[""frequent_error_exact""]"
pattern_цы_ци,Аналитик записал цырк и обновил контрольная таблица вечером.,Аналитик записал цирк и обновил контрольная таблица вечером.,no_existing_candidate_backed_pattern,9,False,"[""frequent_error_exact""]"
pattern_цы_ци,"Редактор проверил цытата, когда готовил контрольная таблица.","Редактор проверил цитата, когда готовил контрольная таблица.",no_existing_candidate_backed_pattern,8,False,"[""frequent_error_exact""]"
pattern_цы_ци,Автор увидел цыфра и открыл принятый отчет утром.,Автор увидел цифра и открыл принятый отчет утром.,no_existing_candidate_backed_pattern,9,False,"[""frequent_error_exact""]"
pattern_цы_ци,"Секретарь сохранил цырк, потому что принятый отчет был важен.","Секретарь сохранил цирк, потому что принятый отчет был важен.",no_existing_candidate_backed_pattern,10,False,"[""frequent_error_exact""]"
pattern_цы_ци,"Эксперт отметил цытата, когда читал принятый отчет.","Эксперт отметил цитата, когда читал принятый отчет.",no_existing_candidate_backed_pattern,8,False,"[""frequent_error_exact""]"
pattern_цы_ци,"Редактор проверил цыфра, когда готовил закрытое письмо.","Редактор проверил цифра, когда готовил закрытое письмо.",no_existing_candidate_backed_pattern,8,False,"[""frequent_error_exact""]"
pattern_цы_ци,Команда внесла цырк в закрытое письмо перед встречей.,Команда внесла цирк в закрытое письмо перед встречей.,no_existing_candidate_backed_pattern,9,False,"[""frequent_error_exact""]"
pattern_цы_ци,Автор увидел цытата и открыл закрытое письмо утром.,Автор увидел цитата и открыл закрытое письмо утром.,no_existing_candidate_backed_pattern,9,False,"[""frequent_error_exact""]"
pattern_цы_ци,"Эксперт отметил цыфра, когда читал служебный ответ.","Эксперт отметил цифра, когда читал служебный ответ.",no_existing_candidate_backed_pattern,8,False,"[""frequent_error_exact""]"
pattern_цы_ци,Аналитик записал цырк и обновил служебный ответ вечером.,Аналитик записал цирк и обновил служебный ответ вечером.,no_existing_candidate_backed_pattern,9,False,"[""frequent_error_exact""]"
pattern_цы_ци,"Редактор проверил цытата, когда готовил служебный ответ.","Редактор проверил цитата, когда готовил служебный ответ.",no_existing_candidate_backed_pattern,8,False,"[""frequent_error_exact""]"
pattern_цы_ци,Автор увидел цыфра и открыл городская программа утром.,Автор увидел цифра и открыл городская программа утром.,no_existing_candidate_backed_pattern,9,False,"[""frequent_error_exact""]"
pattern_цы_ци,"Секретарь сохранил цырк, потому что городская программа был важен.","Секретарь сохранил цирк, потому что городская программа был важен.",no_existing_candidate_backed_pattern,10,False,"[""frequent_error_exact""]"
pattern_цы_ци,"Эксперт отметил цытата, когда читал городская программа.","Эксперт отметил цитата, когда читал городская программа.",no_existing_candidate_backed_pattern,8,False,"[""frequent_error_exact""]"
pattern_цы_ци,"Редактор проверил цыфра, когда готовил важная поправка.","Редактор проверил цифра, когда готовил важная поправка.",no_existing_candidate_backed_pattern,8,False,"[""frequent_error_exact""]"
pattern_цы_ци,Команда внесла цырк в важная поправка перед встречей.,Команда внесла цирк в важная поправка перед встречей.,no_existing_candidate_backed_pattern,9,False,"[""frequent_error_exact""]"
pattern_цы_ци,Автор увидел цытата и открыл важная поправка утром.,Автор увидел цитата и открыл важная поправка утром.,no_existing_candidate_backed_pattern,9,False,"[""frequent_error_exact""]"
pattern_цы_ци,"Эксперт отметил цыфра, когда читал новый порядок.","Эксперт отметил цифра, когда читал новый порядок.",no_existing_candidate_backed_pattern,8,False,"[""frequent_error_exact""]"
pattern_цы_ци,Аналитик записал цырк и обновил новый порядок вечером.,Аналитик записал цирк и обновил новый порядок вечером.,no_existing_candidate_backed_pattern,9,False,"[""frequent_error_exact""]"
pattern_цы_ци,"Редактор проверил цытата, когда готовил новый порядок.","Редактор проверил цитата, когда готовил новый порядок.",no_existing_candidate_backed_pattern,8,False,"[""frequent_error_exact""]"
pattern_цы_ци,Автор увидел цыфра и открыл итоговый документ утром.,Автор увидел цифра и открыл итоговый документ утром.,no_existing_candidate_backed_pattern,9,False,"[""frequent_error_exact""]"
pattern_цы_ци,"Секретарь сохранил цырк, потому что итоговый документ был важен.","Секретарь сохранил цирк, потому что итоговый документ был важен.",no_existing_candidate_backed_pattern,10,False,"[""frequent_error_exact""]"
pattern_цы_ци,"Эксперт отметил цытата, когда читал итоговый документ.","Эксперт отметил цитата, когда читал итоговый документ.",no_existing_candidate_backed_pattern,8,False,"[""frequent_error_exact""]"
pattern_цы_ци,"Редактор проверил цыфра, когда готовил отдельная папка.","Редактор проверил цифра, когда готовил отдельная папка.",no_existing_candidate_backed_pattern,8,False,"[""frequent_error_exact""]"
pattern_цы_ци,Команда внесла цырк в отдельная папка перед встречей.,Команда внесла цирк в отдельная папка перед встречей.,no_existing_candidate_backed_pattern,9,False,"[""frequent_error_exact""]"
pattern_цы_ци,Автор увидел цытата и открыл отдельная папка утром.,Автор увидел цитата и открыл отдельная папка утром.,no_existing_candidate_backed_pattern,9,False,"[""frequent_error_exact""]"
pattern_цы_ци,"Эксперт отметил цыфра, когда читал рабочая переписка.","Эксперт отметил цифра, когда читал рабочая переписка.",no_existing_candidate_backed_pattern,8,False,"[""frequent_error_exact""]"
pattern_цы_ци,Аналитик записал цырк и обновил рабочая переписка вечером.,Аналитик записал цирк и обновил рабочая переписка вечером.,no_existing_candidate_backed_pattern,9,False,"[""frequent_error_exact""]"
pattern_цы_ци,"Редактор проверил цытата, когда готовил рабочая переписка.","Редактор проверил цитата, когда готовил рабочая переписка.",no_existing_candidate_backed_pattern,8,False,"[""frequent_error_exact""]"
pattern_цы_ци,Автор увидел цыфра и открыл городской журнал утром.,Автор увидел цифра и открыл городской журнал утром.,no_existing_candidate_backed_pattern,9,False,"[""frequent_error_exact""]"
pattern_цы_ци,"Секретарь сохранил цырк, потому что городской журнал был важен.","Секретарь сохранил цирк, потому что городской журнал был важен.",no_existing_candidate_backed_pattern,10,False,"[""frequent_error_exact""]"
pattern_цы_ци,"Эксперт отметил цытата, когда читал городской журнал.","Эксперт отметил цитата, когда читал городской журнал.",no_existing_candidate_backed_pattern,8,False,"[""frequent_error_exact""]"
pattern_цы_ци,"Редактор проверил цыфра, когда готовил основная сводка.","Редактор проверил цифра, когда готовил основная сводка.",no_existing_candidate_backed_pattern,8,False,"[""frequent_error_exact""]"
pattern_цы_ци,Команда внесла цырк в основная сводка перед встречей.,Команда внесла цирк в основная сводка перед встречей.,no_existing_candidate_backed_pattern,9,False,"[""frequent_error_exact""]"
pattern_цы_ци,Автор увидел цытата и открыл основная сводка утром.,Автор увидел цитата и открыл основная сводка утром.,no_existing_candidate_backed_pattern,9,False,"[""frequent_error_exact""]"
pattern_цы_ци,"Эксперт отметил цыфра, когда читал ранний выпуск.","Эксперт отметил цифра, когда читал ранний выпуск.",no_existing_candidate_backed_pattern,8,False,"[""frequent_error_exact""]"
pattern_цы_ци,Аналитик записал цырк и обновил ранний выпуск вечером.,Аналитик записал цирк и обновил ранний выпуск вечером.,no_existing_candidate_backed_pattern,9,False,"[""frequent_error_exact""]"
pattern_чо_че,"Редактор проверил чорный, когда готовил рабочий отчет.","Редактор проверил черный, когда готовил рабочий отчет.",no_existing_candidate_backed_pattern,8,False,"[""frequent_error_exact""]"
pattern_чо_че,"Эксперт отметил чорный, когда читал новый документ.","Эксперт отметил черный, когда читал новый документ.",no_existing_candidate_backed_pattern,8,False,"[""frequent_error_exact""]"
pattern_чо_че,Автор увидел чорный и открыл точный план утром.,Автор увидел черный и открыл точный план утром.,no_existing_candidate_backed_pattern,9,False,"[""frequent_error_exact""]"
pattern_чо_че,"Редактор проверил чорный, когда готовил городской архив.","Редактор проверил черный, когда готовил городской архив.",no_existing_candidate_backed_pattern,8,False,"[""frequent_error_exact""]"
pattern_чо_че,"Эксперт отметил чорный, когда читал утренний выпуск.","Эксперт отметил черный, когда читал утренний выпуск.",no_existing_candidate_backed_pattern,8,False,"[""frequent_error_exact""]"
pattern_чо_че,Автор увидел чорный и открыл важный договор утром.,Автор увидел черный и открыл важный договор утром.,no_existing_candidate_backed_pattern,9,False,"[""frequent_error_exact""]"
pattern_чо_че,"Редактор проверил чорный, когда готовил короткая заметка.","Редактор проверил черный, когда готовил короткая заметка.",no_existing_candidate_backed_pattern,8,False,"[""frequent_error_exact""]"
pattern_чо_че,"Эксперт отметил чорный, когда читал итоговая таблица.","Эксперт отметил черный, когда читал итоговая таблица.",no_existing_candidate_backed_pattern,8,False,"[""frequent_error_exact""]"
pattern_чо_че,Автор увидел чорный и открыл свежая сводка утром.,Автор увидел черный и открыл свежая сводка утром.,no_existing_candidate_backed_pattern,9,False,"[""frequent_error_exact""]"
pattern_чо_че,"Редактор проверил чорный, когда готовил открытая заявка.","Редактор проверил черный, когда готовил открытая заявка.",no_existing_candidate_backed_pattern,8,False,"[""frequent_error_exact""]"
pattern_чо_че,"Эксперт отметил чорный, когда читал письменный ответ.","Эксперт отметил черный, когда читал письменный ответ.",no_existing_candidate_backed_pattern,8,False,"[""frequent_error_exact""]"
pattern_чо_че,Автор увидел чорный и открыл подробная справка утром.,Автор увидел черный и открыл подробная справка утром.,no_existing_candidate_backed_pattern,9,False,"[""frequent_error_exact""]"
pattern_чо_че,"Редактор проверил чорный, когда готовил районная комиссия.","Редактор проверил черный, когда готовил районная комиссия.",no_existing_candidate_backed_pattern,8,False,"[""frequent_error_exact""]"
pattern_чо_че,"Эксперт отметил чорный, когда читал финальный список.","Эксперт отметил черный, когда читал финальный список.",no_existing_candidate_backed_pattern,8,False,"[""frequent_error_exact""]"
pattern_чо_че,Автор увидел чорный и открыл новая редакция утром.,Автор увидел черный и открыл новая редакция утром.,no_existing_candidate_backed_pattern,9,False,"[""frequent_error_exact""]"
pattern_чо_че,"Редактор проверил чорный, когда готовил архивная запись.","Редактор проверил черный, когда готовил архивная запись.",no_existing_candidate_backed_pattern,8,False,"[""frequent_error_exact""]"
pattern_чо_че,"Эксперт отметил чорный, когда читал дежурный редактор.","Эксперт отметил черный, когда читал дежурный редактор.",no_existing_candidate_backed_pattern,8,False,"[""frequent_error_exact""]"
pattern_чо_че,Автор увидел чорный и открыл общий график утром.,Автор увидел черный и открыл общий график утром.,no_existing_candidate_backed_pattern,9,False,"[""frequent_error_exact""]"
pattern_чо_че,"Редактор проверил чорный, когда готовил плановая встреча.","Редактор проверил черный, когда готовил плановая встреча.",no_existing_candidate_backed_pattern,8,False,"[""frequent_error_exact""]"
pattern_чо_че,"Эксперт отметил чорный, когда читал осенняя проверка.","Эксперт отметил черный, когда читал осенняя проверка.",no_existing_candidate_backed_pattern,8,False,"[""frequent_error_exact""]"
pattern_чо_че,Автор увидел чорный и открыл сводный отчет утром.,Автор увидел черный и открыл сводный отчет утром.,no_existing_candidate_backed_pattern,9,False,"[""frequent_error_exact""]"
pattern_чо_че,"Редактор проверил чорный, когда готовил важная подпись.","Редактор проверил черный, когда готовил важная подпись.",no_existing_candidate_backed_pattern,8,False,"[""frequent_error_exact""]"
pattern_чо_че,"Эксперт отметил чорный, когда читал рабочая группа.","Эксперт отметил черный, когда читал рабочая группа.",no_existing_candidate_backed_pattern,8,False,"[""frequent_error_exact""]"
pattern_чо_че,Автор увидел чорный и открыл городская служба утром.,Автор увидел черный и открыл городская служба утром.,no_existing_candidate_backed_pattern,9,False,"[""frequent_error_exact""]"
pattern_чо_че,"Редактор проверил чорный, когда готовил новый раздел.","Редактор проверил черный, когда готовил новый раздел.",no_existing_candidate_backed_pattern,8,False,"[""frequent_error_exact""]"
pattern_чо_че,"Эксперт отметил чорный, когда читал учебная таблица.","Эксперт отметил черный, когда читал учебная таблица.",no_existing_candidate_backed_pattern,8,False,"[""frequent_error_exact""]"
pattern_чо_че,Автор увидел чорный и открыл вечерний протокол утром.,Автор увидел черный и открыл вечерний протокол утром.,no_existing_candidate_backed_pattern,9,False,"[""frequent_error_exact""]"
pattern_чо_че,"Редактор проверил чорный, когда готовил проверенный файл.","Редактор проверил черный, когда готовил проверенный файл.",no_existing_candidate_backed_pattern,8,False,"[""frequent_error_exact""]"
pattern_чо_че,"Эксперт отметил чорный, когда читал согласованный договор.","Эксперт отметил черный, когда читал согласованный договор.",no_existing_candidate_backed_pattern,8,False,"[""frequent_error_exact""]"
pattern_чо_че,Автор увидел чорный и открыл подготовленный список утром.,Автор увидел черный и открыл подготовленный список утром.,no_existing_candidate_backed_pattern,9,False,"[""frequent_error_exact""]"
pattern_чо_че,"Редактор проверил чорный, когда готовил закрытая заявка.","Редактор проверил черный, когда готовил закрытая заявка.",no_existing_candidate_backed_pattern,8,False,"[""frequent_error_exact""]"
pattern_чо_че,"Эксперт отметил чорный, когда читал длинная запись.","Эксперт отметил черный, когда читал длинная запись.",no_existing_candidate_backed_pattern,8,False,"[""frequent_error_exact""]"
pattern_чо_че,Автор увидел чорный и открыл обновленный журнал утром.,Автор увидел черный и открыл обновленный журнал утром.,no_existing_candidate_backed_pattern,9,False,"[""frequent_error_exact""]"
pattern_чо_че,"Редактор проверил чорный, когда готовил северный филиал.","Редактор проверил черный, когда готовил северный филиал.",no_existing_candidate_backed_pattern,8,False,"[""frequent_error_exact""]"
pattern_чо_че,"Эксперт отметил чорный, когда читал зимнее расписание.","Эксперт отметил черный, когда читал зимнее расписание.",no_existing_candidate_backed_pattern,8,False,"[""frequent_error_exact""]"
pattern_чо_че,Автор увидел чорный и открыл летняя проверка утром.,Автор увидел черный и открыл летняя проверка утром.,no_existing_candidate_backed_pattern,9,False,"[""frequent_error_exact""]"
pattern_чо_че,"Редактор проверил чорный, когда готовил районный протокол.","Редактор проверил черный, когда готовил районный протокол.",no_existing_candidate_backed_pattern,8,False,"[""frequent_error_exact""]"
pattern_чо_че,"Эксперт отметил чорный, когда читал входящее письмо.","Эксперт отметил черный, когда читал входящее письмо.",no_existing_candidate_backed_pattern,8,False,"[""frequent_error_exact""]"
pattern_чо_че,Автор увидел чорный и открыл старый договор утром.,Автор увидел черный и открыл старый договор утром.,no_existing_candidate_backed_pattern,9,False,"[""frequent_error_exact""]"
pattern_чо_че,"Редактор проверил чорный, когда готовил новая таблица.","Редактор проверил черный, когда готовил новая таблица.",no_existing_candidate_backed_pattern,8,False,"[""frequent_error_exact""]"
pattern_чо_че,"Эксперт отметил чорный, когда читал закрытый раздел.","Эксперт отметил черный, когда читал закрытый раздел.",no_existing_candidate_backed_pattern,8,False,"[""frequent_error_exact""]"
pattern_чо_че,Автор увидел чорный и открыл утренний приказ утром.,Автор увидел черный и открыл утренний приказ утром.,no_existing_candidate_backed_pattern,9,False,"[""frequent_error_exact""]"
pattern_чо_че,"Редактор проверил чорный, когда готовил служебная записка.","Редактор проверил черный, когда готовил служебная записка.",no_existing_candidate_backed_pattern,8,False,"[""frequent_error_exact""]"
pattern_чю_чу,"Редактор проверил чюдо, когда готовил рабочий отчет.","Редактор проверил чудо, когда готовил рабочий отчет.",no_existing_candidate_backed_pattern,8,False,"[""frequent_error_exact""]"
pattern_чю_чу,Команда внесла чювство в рабочий отчет перед встречей.,Команда внесла чувство в рабочий отчет перед встречей.,no_existing_candidate_backed_pattern,9,False,"[""frequent_error_exact""]"
pattern_чю_чу,"Эксперт отметил чюдо, когда читал новый документ.","Эксперт отметил чудо, когда читал новый документ.",no_existing_candidate_backed_pattern,8,False,"[""frequent_error_exact""]"
pattern_чю_чу,Аналитик записал чювство и обновил новый документ вечером.,Аналитик записал чувство и обновил новый документ вечером.,no_existing_candidate_backed_pattern,9,False,"[""frequent_error_exact""]"
pattern_чю_чу,Автор увидел чюдо и открыл точный план утром.,Автор увидел чудо и открыл точный план утром.,no_existing_candidate_backed_pattern,9,False,"[""frequent_error_exact""]"
pattern_чю_чу,"Секретарь сохранил чювство, потому что точный план был важен.","Секретарь сохранил чувство, потому что точный план был важен.",no_existing_candidate_backed_pattern,10,False,"[""frequent_error_exact""]"
pattern_чю_чу,"Редактор проверил чюдо, когда готовил городской архив.","Редактор проверил чудо, когда готовил городской архив.",no_existing_candidate_backed_pattern,8,False,"[""frequent_error_exact""]"
pattern_чю_чу,Команда внесла чювство в городской архив перед встречей.,Команда внесла чувство в городской архив перед встречей.,no_existing_candidate_backed_pattern,9,False,"[""frequent_error_exact""]"
pattern_чю_чу,"Эксперт отметил чюдо, когда читал утренний выпуск.","Эксперт отметил чудо, когда читал утренний выпуск.",no_existing_candidate_backed_pattern,8,False,"[""frequent_error_exact""]"
pattern_чю_чу,Аналитик записал чювство и обновил утренний выпуск вечером.,Аналитик записал чувство и обновил утренний выпуск вечером.,no_existing_candidate_backed_pattern,9,False,"[""frequent_error_exact""]"
pattern_чю_чу,Автор увидел чюдо и открыл важный договор утром.,Автор увидел чудо и открыл важный договор утром.,no_existing_candidate_backed_pattern,9,False,"[""frequent_error_exact""]"
pattern_чю_чу,"Секретарь сохранил чювство, потому что важный договор был важен.","Секретарь сохранил чувство, потому что важный договор был важен.",no_existing_candidate_backed_pattern,10,False,"[""frequent_error_exact""]"
pattern_чю_чу,"Редактор проверил чюдо, когда готовил короткая заметка.","Редактор проверил чудо, когда готовил короткая заметка.",no_existing_candidate_backed_pattern,8,False,"[""frequent_error_exact""]"
pattern_чю_чу,Команда внесла чювство в короткая заметка перед встречей.,Команда внесла чувство в короткая заметка перед встречей.,no_existing_candidate_backed_pattern,9,False,"[""frequent_error_exact""]"
pattern_чю_чу,"Эксперт отметил чюдо, когда читал итоговая таблица.","Эксперт отметил чудо, когда читал итоговая таблица.",no_existing_candidate_backed_pattern,8,False,"[""frequent_error_exact""]"
pattern_чю_чу,Аналитик записал чювство и обновил итоговая таблица вечером.,Аналитик записал чувство и обновил итоговая таблица вечером.,no_existing_candidate_backed_pattern,9,False,"[""frequent_error_exact""]"
pattern_чю_чу,Автор увидел чюдо и открыл свежая сводка утром.,Автор увидел чудо и открыл свежая сводка утром.,no_existing_candidate_backed_pattern,9,False,"[""frequent_error_exact""]"
pattern_чю_чу,"Секретарь сохранил чювство, потому что свежая сводка был важен.","Секретарь сохранил чувство, потому что свежая сводка был важен.",no_existing_candidate_backed_pattern,10,False,"[""frequent_error_exact""]"
pattern_чю_чу,"Редактор проверил чюдо, когда готовил открытая заявка.","Редактор проверил чудо, когда готовил открытая заявка.",no_existing_candidate_backed_pattern,8,False,"[""frequent_error_exact""]"
pattern_чю_чу,Команда внесла чювство в открытая заявка перед встречей.,Команда внесла чувство в открытая заявка перед встречей.,no_existing_candidate_backed_pattern,9,False,"[""frequent_error_exact""]"
pattern_чю_чу,"Эксперт отметил чюдо, когда читал письменный ответ.","Эксперт отметил чудо, когда читал письменный ответ.",no_existing_candidate_backed_pattern,8,False,"[""frequent_error_exact""]"
pattern_чю_чу,Аналитик записал чювство и обновил письменный ответ вечером.,Аналитик записал чувство и обновил письменный ответ вечером.,no_existing_candidate_backed_pattern,9,False,"[""frequent_error_exact""]"
pattern_чю_чу,Автор увидел чюдо и открыл подробная справка утром.,Автор увидел чудо и открыл подробная справка утром.,no_existing_candidate_backed_pattern,9,False,"[""frequent_error_exact""]"
pattern_чю_чу,"Секретарь сохранил чювство, потому что подробная справка был важен.","Секретарь сохранил чувство, потому что подробная справка был важен.",no_existing_candidate_backed_pattern,10,False,"[""frequent_error_exact""]"
pattern_чю_чу,"Редактор проверил чюдо, когда готовил районная комиссия.","Редактор проверил чудо, когда готовил районная комиссия.",no_existing_candidate_backed_pattern,8,False,"[""frequent_error_exact""]"
pattern_чю_чу,Команда внесла чювство в районная комиссия перед встречей.,Команда внесла чувство в районная комиссия перед встречей.,no_existing_candidate_backed_pattern,9,False,"[""frequent_error_exact""]"
pattern_чю_чу,"Эксперт отметил чюдо, когда читал финальный список.","Эксперт отметил чудо, когда читал финальный список.",no_existing_candidate_backed_pattern,8,False,"[""frequent_error_exact""]"
pattern_чю_чу,Аналитик записал чювство и обновил финальный список вечером.,Аналитик записал чувство и обновил финальный список вечером.,no_existing_candidate_backed_pattern,9,False,"[""frequent_error_exact""]"
pattern_чю_чу,Автор увидел чюдо и открыл новая редакция утром.,Автор увидел чудо и открыл новая редакция утром.,no_existing_candidate_backed_pattern,9,False,"[""frequent_error_exact""]"
pattern_чю_чу,"Секретарь сохранил чювство, потому что новая редакция был важен.","Секретарь сохранил чувство, потому что новая редакция был важен.",no_existing_candidate_backed_pattern,10,False,"[""frequent_error_exact""]"
pattern_чю_чу,"Редактор проверил чюдо, когда готовил архивная запись.","Редактор проверил чудо, когда готовил архивная запись.",no_existing_candidate_backed_pattern,8,False,"[""frequent_error_exact""]"
pattern_чю_чу,Команда внесла чювство в архивная запись перед встречей.,Команда внесла чувство в архивная запись перед встречей.,no_existing_candidate_backed_pattern,9,False,"[""frequent_error_exact""]"
pattern_чю_чу,"Эксперт отметил чюдо, когда читал дежурный редактор.","Эксперт отметил чудо, когда читал дежурный редактор.",no_existing_candidate_backed_pattern,8,False,"[""frequent_error_exact""]"
pattern_чю_чу,Аналитик записал чювство и обновил дежурный редактор вечером.,Аналитик записал чувство и обновил дежурный редактор вечером.,no_existing_candidate_backed_pattern,9,False,"[""frequent_error_exact""]"
pattern_чю_чу,Автор увидел чюдо и открыл общий график утром.,Автор увидел чудо и открыл общий график утром.,no_existing_candidate_backed_pattern,9,False,"[""frequent_error_exact""]"
pattern_чю_чу,"Секретарь сохранил чювство, потому что общий график был важен.","Секретарь сохранил чувство, потому что общий график был важен.",no_existing_candidate_backed_pattern,10,False,"[""frequent_error_exact""]"
pattern_чю_чу,"Редактор проверил чюдо, когда готовил плановая встреча.","Редактор проверил чудо, когда готовил плановая встреча.",no_existing_candidate_backed_pattern,8,False,"[""frequent_error_exact""]"
pattern_чю_чу,Команда внесла чювство в плановая встреча перед встречей.,Команда внесла чувство в плановая встреча перед встречей.,no_existing_candidate_backed_pattern,9,False,"[""frequent_error_exact""]"
pattern_чю_чу,"Эксперт отметил чюдо, когда читал осенняя проверка.","Эксперт отметил чудо, когда читал осенняя проверка.",no_existing_candidate_backed_pattern,8,False,"[""frequent_error_exact""]"
pattern_чю_чу,Аналитик записал чювство и обновил осенняя проверка вечером.,Аналитик записал чувство и обновил осенняя проверка вечером.,no_existing_candidate_backed_pattern,9,False,"[""frequent_error_exact""]"
pattern_чю_чу,Автор увидел чюдо и открыл сводный отчет утром.,Автор увидел чудо и открыл сводный отчет утром.,no_existing_candidate_backed_pattern,9,False,"[""frequent_error_exact""]"
pattern_чю_чу,"Секретарь сохранил чювство, потому что сводный отчет был важен.","Секретарь сохранил чувство, потому что сводный отчет был важен.",no_existing_candidate_backed_pattern,10,False,"[""frequent_error_exact""]"
pattern_чю_чу,"Редактор проверил чюдо, когда готовил важная подпись.","Редактор проверил чудо, когда готовил важная подпись.",no_existing_candidate_backed_pattern,8,False,"[""frequent_error_exact""]"
pattern_чю_чу,Команда внесла чювство в важная подпись перед встречей.,Команда внесла чувство в важная подпись перед встречей.,no_existing_candidate_backed_pattern,9,False,"[""frequent_error_exact""]"
pattern_чю_чу,"Эксперт отметил чюдо, когда читал рабочая группа.","Эксперт отметил чудо, когда читал рабочая группа.",no_existing_candidate_backed_pattern,8,False,"[""frequent_error_exact""]"
pattern_чю_чу,Аналитик записал чювство и обновил рабочая группа вечером.,Аналитик записал чувство и обновил рабочая группа вечером.,no_existing_candidate_backed_pattern,9,False,"[""frequent_error_exact""]"
pattern_чю_чу,Автор увидел чюдо и открыл городская служба утром.,Автор увидел чудо и открыл городская служба утром.,no_existing_candidate_backed_pattern,9,False,"[""frequent_error_exact""]"
pattern_чю_чу,"Секретарь сохранил чювство, потому что городская служба был важен.","Секретарь сохранил чувство, потому что городская служба был важен.",no_existing_candidate_backed_pattern,10,False,"[""frequent_error_exact""]"
pattern_чю_чу,"Редактор проверил чюдо, когда готовил новый раздел.","Редактор проверил чудо, когда готовил новый раздел.",no_existing_candidate_backed_pattern,8,False,"[""frequent_error_exact""]"
pattern_чю_чу,Команда внесла чювство в новый раздел перед встречей.,Команда внесла чувство в новый раздел перед встречей.,no_existing_candidate_backed_pattern,9,False,"[""frequent_error_exact""]"
pattern_чю_чу,"Эксперт отметил чюдо, когда читал учебная таблица.","Эксперт отметил чудо, когда читал учебная таблица.",no_existing_candidate_backed_pattern,8,False,"[""frequent_error_exact""]"
pattern_чю_чу,Аналитик записал чювство и обновил учебная таблица вечером.,Аналитик записал чувство и обновил учебная таблица вечером.,no_existing_candidate_backed_pattern,9,False,"[""frequent_error_exact""]"
pattern_чю_чу,Автор увидел чюдо и открыл вечерний протокол утром.,Автор увидел чудо и открыл вечерний протокол утром.,no_existing_candidate_backed_pattern,9,False,"[""frequent_error_exact""]"
pattern_чю_чу,"Секретарь сохранил чювство, потому что вечерний протокол был важен.","Секретарь сохранил чувство, потому что вечерний протокол был важен.",no_existing_candidate_backed_pattern,10,False,"[""frequent_error_exact""]"
pattern_чю_чу,"Редактор проверил чюдо, когда готовил проверенный файл.","Редактор проверил чудо, когда готовил проверенный файл.",no_existing_candidate_backed_pattern,8,False,"[""frequent_error_exact""]"
pattern_чю_чу,Команда внесла чювство в проверенный файл перед встречей.,Команда внесла чувство в проверенный файл перед встречей.,no_existing_candidate_backed_pattern,9,False,"[""frequent_error_exact""]"
pattern_чю_чу,"Эксперт отметил чюдо, когда читал согласованный договор.","Эксперт отметил чудо, когда читал согласованный договор.",no_existing_candidate_backed_pattern,8,False,"[""frequent_error_exact""]"
pattern_чю_чу,Аналитик записал чювство и обновил согласованный договор вечером.,Аналитик записал чувство и обновил согласованный договор вечером.,no_existing_candidate_backed_pattern,9,False,"[""frequent_error_exact""]"
pattern_чю_чу,Автор увидел чюдо и открыл подготовленный список утром.,Автор увидел чудо и открыл подготовленный список утром.,no_existing_candidate_backed_pattern,9,False,"[""frequent_error_exact""]"
pattern_чю_чу,"Секретарь сохранил чювство, потому что подготовленный список был важен.","Секретарь сохранил чувство, потому что подготовленный список был важен.",no_existing_candidate_backed_pattern,10,False,"[""frequent_error_exact""]"
pattern_чю_чу,"Редактор проверил чюдо, когда готовил закрытая заявка.","Редактор проверил чудо, когда готовил закрытая заявка.",no_existing_candidate_backed_pattern,8,False,"[""frequent_error_exact""]"
pattern_чю_чу,Команда внесла чювство в закрытая заявка перед встречей.,Команда внесла чувство в закрытая заявка перед встречей.,no_existing_candidate_backed_pattern,9,False,"[""frequent_error_exact""]"
pattern_чю_чу,"Эксперт отметил чюдо, когда читал длинная запись.","Эксперт отметил чудо, когда читал длинная запись.",no_existing_candidate_backed_pattern,8,False,"[""frequent_error_exact""]"
pattern_чю_чу,Аналитик записал чювство и обновил длинная запись вечером.,Аналитик записал чувство и обновил длинная запись вечером.,no_existing_candidate_backed_pattern,9,False,"[""frequent_error_exact""]"
pattern_чю_чу,Автор увидел чюдо и открыл обновленный журнал утром.,Автор увидел чудо и открыл обновленный журнал утром.,no_existing_candidate_backed_pattern,9,False,"[""frequent_error_exact""]"
pattern_чю_чу,"Секретарь сохранил чювство, потому что обновленный журнал был важен.","Секретарь сохранил чувство, потому что обновленный журнал был важен.",no_existing_candidate_backed_pattern,10,False,"[""frequent_error_exact""]"
pattern_чю_чу,"Редактор проверил чюдо, когда готовил северный филиал.","Редактор проверил чудо, когда готовил северный филиал.",no_existing_candidate_backed_pattern,8,False,"[""frequent_error_exact""]"
pattern_чю_чу,Команда внесла чювство в северный филиал перед встречей.,Команда внесла чувство в северный филиал перед встречей.,no_existing_candidate_backed_pattern,9,False,"[""frequent_error_exact""]"
pattern_чю_чу,"Эксперт отметил чюдо, когда читал зимнее расписание.","Эксперт отметил чудо, когда читал зимнее расписание.",no_existing_candidate_backed_pattern,8,False,"[""frequent_error_exact""]"
pattern_чю_чу,Аналитик записал чювство и обновил зимнее расписание вечером.,Аналитик записал чувство и обновил зимнее расписание вечером.,no_existing_candidate_backed_pattern,9,False,"[""frequent_error_exact""]"
pattern_чю_чу,Автор увидел чюдо и открыл летняя проверка утром.,Автор увидел чудо и открыл летняя проверка утром.,no_existing_candidate_backed_pattern,9,False,"[""frequent_error_exact""]"
pattern_чю_чу,"Секретарь сохранил чювство, потому что летняя проверка был важен.","Секретарь сохранил чувство, потому что летняя проверка был важен.",no_existing_candidate_backed_pattern,10,False,"[""frequent_error_exact""]"
pattern_чю_чу,"Редактор проверил чюдо, когда готовил районный протокол.","Редактор проверил чудо, когда готовил районный протокол.",no_existing_candidate_backed_pattern,8,False,"[""frequent_error_exact""]"
pattern_чю_чу,Команда внесла чювство в районный протокол перед встречей.,Команда внесла чувство в районный протокол перед встречей.,no_existing_candidate_backed_pattern,9,False,"[""frequent_error_exact""]"
pattern_чю_чу,"Эксперт отметил чюдо, когда читал входящее письмо.","Эксперт отметил чудо, когда читал входящее письмо.",no_existing_candidate_backed_pattern,8,False,"[""frequent_error_exact""]"
pattern_чю_чу,Аналитик записал чювство и обновил входящее письмо вечером.,Аналитик записал чувство и обновил входящее письмо вечером.,no_existing_candidate_backed_pattern,9,False,"[""frequent_error_exact""]"
pattern_чю_чу,Автор увидел чюдо и открыл старый договор утром.,Автор увидел чудо и открыл старый договор утром.,no_existing_candidate_backed_pattern,9,False,"[""frequent_error_exact""]"
pattern_чю_чу,"Секретарь сохранил чювство, потому что старый договор был важен.","Секретарь сохранил чувство, потому что старый договор был важен.",no_existing_candidate_backed_pattern,10,False,"[""frequent_error_exact""]"
pattern_чю_чу,"Редактор проверил чюдо, когда готовил новая таблица.","Редактор проверил чудо, когда готовил новая таблица.",no_existing_candidate_backed_pattern,8,False,"[""frequent_error_exact""]"
pattern_чю_чу,Команда внесла чювство в новая таблица перед встречей.,Команда внесла чувство в новая таблица перед встречей.,no_existing_candidate_backed_pattern,9,False,"[""frequent_error_exact""]"
pattern_чю_чу,"Эксперт отметил чюдо, когда читал закрытый раздел.","Эксперт отметил чудо, когда читал закрытый раздел.",no_existing_candidate_backed_pattern,8,False,"[""frequent_error_exact""]"
pattern_чю_чу,Аналитик записал чювство и обновил закрытый раздел вечером.,Аналитик записал чувство и обновил закрытый раздел вечером.,no_existing_candidate_backed_pattern,9,False,"[""frequent_error_exact""]"
pattern_чю_чу,Автор увидел чюдо и открыл утренний приказ утром.,Автор увидел чудо и открыл утренний приказ утром.,no_existing_candidate_backed_pattern,9,False,"[""frequent_error_exact""]"
pattern_чю_чу,"Секретарь сохранил чювство, потому что утренний приказ был важен.","Секретарь сохранил чувство, потому что утренний приказ был важен.",no_existing_candidate_backed_pattern,10,False,"[""frequent_error_exact""]"
pattern_чю_чу,"Редактор проверил чюдо, когда готовил служебная записка.","Редактор проверил чудо, когда готовил служебная записка.",no_existing_candidate_backed_pattern,8,False,"[""frequent_error_exact""]"
pattern_чю_чу,Команда внесла чювство в служебная записка перед встречей.,Команда внесла чувство в служебная записка перед встречей.,no_existing_candidate_backed_pattern,9,False,"[""frequent_error_exact""]"
pattern_чю_чу,"Эксперт отметил чюдо, когда читал городской проект.","Эксперт отметил чудо, когда читал городской проект.",no_existing_candidate_backed_pattern,8,False,"[""frequent_error_exact""]"
pattern_чю_чу,Аналитик записал чювство и обновил городской проект вечером.,Аналитик записал чувство и обновил городской проект вечером.,no_existing_candidate_backed_pattern,9,False,"[""frequent_error_exact""]"
pattern_чю_чу,Автор увидел чюдо и открыл важное решение утром.,Автор увидел чудо и открыл важное решение утром.,no_existing_candidate_backed_pattern,9,False,"[""frequent_error_exact""]"
pattern_чю_чу,"Секретарь сохранил чювство, потому что важное решение был важен.","Секретарь сохранил чувство, потому что важное решение был важен.",no_existing_candidate_backed_pattern,10,False,"[""frequent_error_exact""]"
pattern_чю_чу,"Редактор проверил чюдо, когда готовил общий список.","Редактор проверил чудо, когда готовил общий список.",no_existing_candidate_backed_pattern,8,False,"[""frequent_error_exact""]"
pattern_чю_чу,Команда внесла чювство в общий список перед встречей.,Команда внесла чувство в общий список перед встречей.,no_existing_candidate_backed_pattern,9,False,"[""frequent_error_exact""]"
pattern_чю_чу,"Эксперт отметил чюдо, когда читал рабочий кабинет.","Эксперт отметил чудо, когда читал рабочий кабинет.",no_existing_candidate_backed_pattern,8,False,"[""frequent_error_exact""]"
pattern_чю_чу,Аналитик записал чювство и обновил рабочий кабинет вечером.,Аналитик записал чувство и обновил рабочий кабинет вечером.,no_existing_candidate_backed_pattern,9,False,"[""frequent_error_exact""]"
pattern_чю_чу,Автор увидел чюдо и открыл архивный номер утром.,Автор увидел чудо и открыл архивный номер утром.,no_existing_candidate_backed_pattern,9,False,"[""frequent_error_exact""]"
pattern_чю_чу,"Секретарь сохранил чювство, потому что архивный номер был важен.","Секретарь сохранил чувство, потому что архивный номер был важен.",no_existing_candidate_backed_pattern,10,False,"[""frequent_error_exact""]"
pattern_чю_чу,"Редактор проверил чюдо, когда готовил открытый вопрос.","Редактор проверил чудо, когда готовил открытый вопрос.",no_existing_candidate_backed_pattern,8,False,"[""frequent_error_exact""]"
pattern_чю_чу,Команда внесла чювство в открытый вопрос перед встречей.,Команда внесла чувство в открытый вопрос перед встречей.,no_existing_candidate_backed_pattern,9,False,"[""frequent_error_exact""]"
pattern_чю_чу,"Эксперт отметил чюдо, когда читал плановый отчет.","Эксперт отметил чудо, когда читал плановый отчет.",no_existing_candidate_backed_pattern,8,False,"[""frequent_error_exact""]"
pattern_чю_чу,Аналитик записал чювство и обновил плановый отчет вечером.,Аналитик записал чувство и обновил плановый отчет вечером.,no_existing_candidate_backed_pattern,9,False,"[""frequent_error_exact""]"
pattern_чю_чу,Автор увидел чюдо и открыл новый маршрут утром.,Автор увидел чудо и открыл новый маршрут утром.,no_existing_candidate_backed_pattern,9,False,"[""frequent_error_exact""]"
pattern_чю_чу,"Секретарь сохранил чювство, потому что новый маршрут был важен.","Секретарь сохранил чувство, потому что новый маршрут был важен.",no_existing_candidate_backed_pattern,10,False,"[""frequent_error_exact""]"
pattern_чю_чу,"Редактор проверил чюдо, когда готовил вечерняя смена.","Редактор проверил чудо, когда готовил вечерняя смена.",no_existing_candidate_backed_pattern,9,False,"[""frequent_error_exact"", ""n_nn_short_form""]"
pattern_чю_чу,Команда внесла чювство в вечерняя смена перед встречей.,Команда внесла чувство в вечерняя смена перед встречей.,no_existing_candidate_backed_pattern,10,False,"[""frequent_error_exact"", ""n_nn_short_form""]"
pattern_чю_чу,"Эксперт отметил чюдо, когда читал срочная заявка.","Эксперт отметил чудо, когда читал срочная заявка.",no_existing_candidate_backed_pattern,8,False,"[""frequent_error_exact""]"
pattern_чю_чу,Аналитик записал чювство и обновил срочная заявка вечером.,Аналитик записал чувство и обновил срочная заявка вечером.,no_existing_candidate_backed_pattern,9,False,"[""frequent_error_exact""]"
pattern_чю_чу,Автор увидел чюдо и открыл письменная просьба утром.,Автор увидел чудо и открыл письменная просьба утром.,no_existing_candidate_backed_pattern,9,False,"[""frequent_error_exact""]"
pattern_чю_чу,"Секретарь сохранил чювство, потому что письменная просьба был важен.","Секретарь сохранил чувство, потому что письменная просьба был важен.",no_existing_candidate_backed_pattern,10,False,"[""frequent_error_exact""]"
pattern_чю_чу,"Редактор проверил чюдо, когда готовил короткий протокол.","Редактор проверил чудо, когда готовил короткий протокол.",no_existing_candidate_backed_pattern,8,False,"[""frequent_error_exact""]"
pattern_чю_чу,Команда внесла чювство в короткий протокол перед встречей.,Команда внесла чувство в короткий протокол перед встречей.,no_existing_candidate_backed_pattern,9,False,"[""frequent_error_exact""]"
pattern_чю_чу,"Эксперт отметил чюдо, когда читал дневной выпуск.","Эксперт отметил чудо, когда читал дневной выпуск.",no_existing_candidate_backed_pattern,8,False,"[""frequent_error_exact""]"
pattern_чю_чу,Аналитик записал чювство и обновил дневной выпуск вечером.,Аналитик записал чувство и обновил дневной выпуск вечером.,no_existing_candidate_backed_pattern,9,False,"[""frequent_error_exact""]"
pattern_чю_чу,Автор увидел чюдо и открыл точная дата утром.,Автор увидел чудо и открыл точная дата утром.,no_existing_candidate_backed_pattern,9,False,"[""frequent_error_exact""]"
pattern_чю_чу,"Секретарь сохранил чювство, потому что точная дата был важен.","Секретарь сохранил чувство, потому что точная дата был важен.",no_existing_candidate_backed_pattern,10,False,"[""frequent_error_exact""]"
pattern_чю_чу,"Редактор проверил чюдо, когда готовил готовый макет.","Редактор проверил чудо, когда готовил готовый макет.",no_existing_candidate_backed_pattern,8,False,"[""frequent_error_exact""]"
pattern_чю_чу,Команда внесла чювство в готовый макет перед встречей.,Команда внесла чувство в готовый макет перед встречей.,no_existing_candidate_backed_pattern,9,False,"[""frequent_error_exact""]"
pattern_чю_чу,"Эксперт отметил чюдо, когда читал основной договор.","Эксперт отметил чудо, когда читал основной договор.",no_existing_candidate_backed_pattern,8,False,"[""frequent_error_exact""]"
pattern_чю_чу,Аналитик записал чювство и обновил основной договор вечером.,Аналитик записал чувство и обновил основной договор вечером.,no_existing_candidate_backed_pattern,9,False,"[""frequent_error_exact""]"
pattern_чю_чу,Автор увидел чюдо и открыл временный график утром.,Автор увидел чудо и открыл временный график утром.,no_existing_candidate_backed_pattern,9,False,"[""frequent_error_exact""]"
pattern_чю_чу,"Секретарь сохранил чювство, потому что временный график был важен.","Секретарь сохранил чувство, потому что временный график был важен.",no_existing_candidate_backed_pattern,10,False,"[""frequent_error_exact""]"
pattern_чю_чу,"Редактор проверил чюдо, когда готовил дежурная группа.","Редактор проверил чудо, когда готовил дежурная группа.",no_existing_candidate_backed_pattern,8,False,"[""frequent_error_exact""]"
pattern_чю_чу,Команда внесла чювство в дежурная группа перед встречей.,Команда внесла чувство в дежурная группа перед встречей.,no_existing_candidate_backed_pattern,9,False,"[""frequent_error_exact""]"
pattern_чю_чу,"Эксперт отметил чюдо, когда читал финальная версия.","Эксперт отметил чудо, когда читал финальная версия.",no_existing_candidate_backed_pattern,8,False,"[""frequent_error_exact""]"
pattern_чю_чу,Аналитик записал чювство и обновил финальная версия вечером.,Аналитик записал чувство и обновил финальная версия вечером.,no_existing_candidate_backed_pattern,9,False,"[""frequent_error_exact""]"
pattern_чю_чу,Автор увидел чюдо и открыл контрольная таблица утром.,Автор увидел чудо и открыл контрольная таблица утром.,no_existing_candidate_backed_pattern,9,False,"[""frequent_error_exact""]"
pattern_чю_чу,"Секретарь сохранил чювство, потому что контрольная таблица был важен.","Секретарь сохранил чувство, потому что контрольная таблица был важен.",no_existing_candidate_backed_pattern,10,False,"[""frequent_error_exact""]"
pattern_чю_чу,"Редактор проверил чюдо, когда готовил принятый отчет.","Редактор проверил чудо, когда готовил принятый отчет.",no_existing_candidate_backed_pattern,8,False,"[""frequent_error_exact""]"
pattern_чю_чу,Команда внесла чювство в принятый отчет перед встречей.,Команда внесла чувство в принятый отчет перед встречей.,no_existing_candidate_backed_pattern,9,False,"[""frequent_error_exact""]"
pattern_чю_чу,"Эксперт отметил чюдо, когда читал закрытое письмо.","Эксперт отметил чудо, когда читал закрытое письмо.",no_existing_candidate_backed_pattern,8,False,"[""frequent_error_exact""]"
pattern_чю_чу,Аналитик записал чювство и обновил закрытое письмо вечером.,Аналитик записал чувство и обновил закрытое письмо вечером.,no_existing_candidate_backed_pattern,9,False,"[""frequent_error_exact""]"
pattern_чю_чу,Автор увидел чюдо и открыл служебный ответ утром.,Автор увидел чудо и открыл служебный ответ утром.,no_existing_candidate_backed_pattern,9,False,"[""frequent_error_exact""]"
pattern_чю_чу,"Секретарь сохранил чювство, потому что служебный ответ был важен.","Секретарь сохранил чувство, потому что служебный ответ был важен.",no_existing_candidate_backed_pattern,10,False,"[""frequent_error_exact""]"
pattern_чю_чу,"Редактор проверил чюдо, когда готовил городская программа.","Редактор проверил чудо, когда готовил городская программа.",no_existing_candidate_backed_pattern,8,False,"[""frequent_error_exact""]"
pattern_чю_чу,Команда внесла чювство в городская программа перед встречей.,Команда внесла чувство в городская программа перед встречей.,no_existing_candidate_backed_pattern,9,False,"[""frequent_error_exact""]"
pattern_чю_чу,"Эксперт отметил чюдо, когда читал важная поправка.","Эксперт отметил чудо, когда читал важная поправка.",no_existing_candidate_backed_pattern,8,False,"[""frequent_error_exact""]"
pattern_чю_чу,Аналитик записал чювство и обновил важная поправка вечером.,Аналитик записал чувство и обновил важная поправка вечером.,no_existing_candidate_backed_pattern,9,False,"[""frequent_error_exact""]"
pattern_чю_чу,Автор увидел чюдо и открыл новый порядок утром.,Автор увидел чудо и открыл новый порядок утром.,no_existing_candidate_backed_pattern,9,False,"[""frequent_error_exact""]"
pattern_чю_чу,"Секретарь сохранил чювство, потому что новый порядок был важен.","Секретарь сохранил чувство, потому что новый порядок был важен.",no_existing_candidate_backed_pattern,10,False,"[""frequent_error_exact""]"
pattern_чю_чу,"Редактор проверил чюдо, когда готовил итоговый документ.","Редактор проверил чудо, когда готовил итоговый документ.",no_existing_candidate_backed_pattern,8,False,"[""frequent_error_exact""]"
pattern_чю_чу,Команда внесла чювство в итоговый документ перед встречей.,Команда внесла чувство в итоговый документ перед встречей.,no_existing_candidate_backed_pattern,9,False,"[""frequent_error_exact""]"
pattern_чю_чу,"Эксперт отметил чюдо, когда читал отдельная папка.","Эксперт отметил чудо, когда читал отдельная папка.",no_existing_candidate_backed_pattern,8,False,"[""frequent_error_exact""]"
pattern_чю_чу,Аналитик записал чювство и обновил отдельная папка вечером.,Аналитик записал чувство и обновил отдельная папка вечером.,no_existing_candidate_backed_pattern,9,False,"[""frequent_error_exact""]"
pattern_чю_чу,Автор увидел чюдо и открыл рабочая переписка утром.,Автор увидел чудо и открыл рабочая переписка утром.,no_existing_candidate_backed_pattern,9,False,"[""frequent_error_exact""]"
pattern_чю_чу,"Секретарь сохранил чювство, потому что рабочая переписка был важен.","Секретарь сохранил чувство, потому что рабочая переписка был важен.",no_existing_candidate_backed_pattern,10,False,"[""frequent_error_exact""]"
pattern_чю_чу,"Редактор проверил чюдо, когда готовил городской журнал.","Редактор проверил чудо, когда готовил городской журнал.",no_existing_candidate_backed_pattern,8,False,"[""frequent_error_exact""]"
pattern_чю_чу,Команда внесла чювство в городской журнал перед встречей.,Команда внесла чувство в городской журнал перед встречей.,no_existing_candidate_backed_pattern,9,False,"[""frequent_error_exact""]"
pattern_чю_чу,"Эксперт отметил чюдо, когда читал основная сводка.","Эксперт отметил чудо, когда читал основная сводка.",no_existing_candidate_backed_pattern,8,False,"[""frequent_error_exact""]"
pattern_чю_чу,Аналитик записал чювство и обновил основная сводка вечером.,Аналитик записал чувство и обновил основная сводка вечером.,no_existing_candidate_backed_pattern,9,False,"[""frequent_error_exact""]"
pattern_чю_чу,Автор увидел чюдо и открыл ранний выпуск утром.,Автор увидел чудо и открыл ранний выпуск утром.,no_existing_candidate_backed_pattern,9,False,"[""frequent_error_exact""]"
pattern_чю_чу,"Секретарь сохранил чювство, потому что ранний выпуск был важен.","Секретарь сохранил чувство, потому что ранний выпуск был важен.",no_existing_candidate_backed_pattern,10,False,"[""frequent_error_exact""]"
pattern_чю_чу,"Редактор проверил чюдо, когда готовил новая заявка.","Редактор проверил чудо, когда готовил новая заявка.",no_existing_candidate_backed_pattern,8,False,"[""frequent_error_exact""]"
pattern_чю_чу,Команда внесла чювство в новая заявка перед встречей.,Команда внесла чувство в новая заявка перед встречей.,no_existing_candidate_backed_pattern,9,False,"[""frequent_error_exact""]"
pattern_чю_чу,"Эксперт отметил чюдо, когда читал закрытый протокол.","Эксперт отметил чудо, когда читал закрытый протокол.",no_existing_candidate_backed_pattern,8,False,"[""frequent_error_exact""]"
pattern_чю_чу,Аналитик записал чювство и обновил закрытый протокол вечером.,Аналитик записал чувство и обновил закрытый протокол вечером.,no_existing_candidate_backed_pattern,9,False,"[""frequent_error_exact""]"
pattern_чю_чу,Автор увидел чюдо и открыл письменный договор утром.,Автор увидел чудо и открыл письменный договор утром.,no_existing_candidate_backed_pattern,9,False,"[""frequent_error_exact""]"
pattern_чю_чу,"Секретарь сохранил чювство, потому что письменный договор был важен.","Секретарь сохранил чувство, потому что письменный договор был важен.",no_existing_candidate_backed_pattern,10,False,"[""frequent_error_exact""]"
pattern_чю_чу,"Редактор проверил чюдо, когда готовил дежурный список.","Редактор проверил чудо, когда готовил дежурный список.",no_existing_candidate_backed_pattern,8,False,"[""frequent_error_exact""]"
pattern_чю_чу,Команда внесла чювство в дежурный список перед встречей.,Команда внесла чувство в дежурный список перед встречей.,no_existing_candidate_backed_pattern,9,False,"[""frequent_error_exact""]"
pattern_чю_чу,"Эксперт отметил чюдо, когда читал точный маршрут.","Эксперт отметил чудо, когда читал точный маршрут.",no_existing_candidate_backed_pattern,8,False,"[""frequent_error_exact""]"
pattern_чю_чу,Аналитик записал чювство и обновил точный маршрут вечером.,Аналитик записал чувство и обновил точный маршрут вечером.,no_existing_candidate_backed_pattern,9,False,"[""frequent_error_exact""]"
pattern_чю_чу,Автор увидел чюдо и открыл служебный журнал утром.,Автор увидел чудо и открыл служебный журнал утром.,no_existing_candidate_backed_pattern,9,False,"[""frequent_error_exact""]"
pattern_чю_чу,"Секретарь сохранил чювство, потому что служебный журнал был важен.","Секретарь сохранил чувство, потому что служебный журнал был важен.",no_existing_candidate_backed_pattern,10,False,"[""frequent_error_exact""]"
pattern_чю_чу,"Редактор проверил чюдо, когда готовил важный раздел.","Редактор проверил чудо, когда готовил важный раздел.",no_existing_candidate_backed_pattern,8,False,"[""frequent_error_exact""]"
pattern_чю_чу,Команда внесла чювство в важный раздел перед встречей.,Команда внесла чувство в важный раздел перед встречей.,no_existing_candidate_backed_pattern,9,False,"[""frequent_error_exact""]"
pattern_чю_чу,"Эксперт отметил чюдо, когда читал рабочий приказ.","Эксперт отметил чудо, когда читал рабочий приказ.",no_existing_candidate_backed_pattern,8,False,"[""frequent_error_exact""]"
pattern_чю_чу,Аналитик записал чювство и обновил рабочий приказ вечером.,Аналитик записал чувство и обновил рабочий приказ вечером.,no_existing_candidate_backed_pattern,9,False,"[""frequent_error_exact""]"
pattern_чю_чу,Автор увидел чюдо и открыл архивная таблица утром.,Автор увидел чудо и открыл архивная таблица утром.,no_existing_candidate_backed_pattern,9,False,"[""frequent_error_exact""]"
pattern_чю_чу,"Секретарь сохранил чювство, потому что архивная таблица был важен.","Секретарь сохранил чувство, потому что архивная таблица был важен.",no_existing_candidate_backed_pattern,10,False,"[""frequent_error_exact""]"
pattern_чю_чу,"Редактор проверил чюдо, когда готовил общая справка.","Редактор проверил чудо, когда готовил общая справка.",no_existing_candidate_backed_pattern,8,False,"[""frequent_error_exact""]"
pattern_чю_чу,Команда внесла чювство в общая справка перед встречей.,Команда внесла чувство в общая справка перед встречей.,no_existing_candidate_backed_pattern,9,False,"[""frequent_error_exact""]"
pattern_чю_чу,"Эксперт отметил чюдо, когда читал принятая заявка.","Эксперт отметил чудо, когда читал принятая заявка.",no_existing_candidate_backed_pattern,8,False,"[""frequent_error_exact""]"
pattern_чю_чу,Аналитик записал чювство и обновил принятая заявка вечером.,Аналитик записал чувство и обновил принятая заявка вечером.,no_existing_candidate_backed_pattern,9,False,"[""frequent_error_exact""]"
pattern_чю_чу,Автор увидел чюдо и открыл вечерний отчет утром.,Автор увидел чудо и открыл вечерний отчет утром.,no_existing_candidate_backed_pattern,9,False,"[""frequent_error_exact""]"
pattern_чю_чу,"Секретарь сохранил чювство, потому что вечерний отчет был важен.","Секретарь сохранил чувство, потому что вечерний отчет был важен.",no_existing_candidate_backed_pattern,10,False,"[""frequent_error_exact""]"
pattern_чю_чу,"Редактор проверил чюдо, когда готовил короткий договор.","Редактор проверил чудо, когда готовил короткий договор.",no_existing_candidate_backed_pattern,8,False,"[""frequent_error_exact""]"
pattern_чю_чу,Команда внесла чювство в короткий договор перед встречей.,Команда внесла чувство в короткий договор перед встречей.,no_existing_candidate_backed_pattern,9,False,"[""frequent_error_exact""]"
pattern_чю_чу,"Эксперт отметил чюдо, когда читал осенний график.","Эксперт отметил чудо, когда читал осенний график.",no_existing_candidate_backed_pattern,8,False,"[""frequent_error_exact""]"
pattern_чю_чу,Аналитик записал чювство и обновил осенний график вечером.,Аналитик записал чувство и обновил осенний график вечером.,no_existing_candidate_backed_pattern,9,False,"[""frequent_error_exact""]"
pattern_чю_чу,Автор увидел чюдо и открыл проверенная запись утром.,Автор увидел чудо и открыл проверенная запись утром.,no_existing_candidate_backed_pattern,9,False,"[""frequent_error_exact""]"
pattern_чю_чу,"Секретарь сохранил чювство, потому что проверенная запись был важен.","Секретарь сохранил чувство, потому что проверенная запись был важен.",no_existing_candidate_backed_pattern,10,False,"[""frequent_error_exact""]"
pattern_чю_чу,"Редактор проверил чюдо, когда готовил срочный ответ.","Редактор проверил чудо, когда готовил срочный ответ.",no_existing_candidate_backed_pattern,8,False,"[""frequent_error_exact""]"
pattern_чю_чу,Команда внесла чювство в срочный ответ перед встречей.,Команда внесла чувство в срочный ответ перед встречей.,no_existing_candidate_backed_pattern,9,False,"[""frequent_error_exact""]"
pattern_чю_чу,"Эксперт отметил чюдо, когда читал финальная подпись.","Эксперт отметил чудо, когда читал финальная подпись.",no_existing_candidate_backed_pattern,8,False,"[""frequent_error_exact""]"
pattern_чю_чу,Аналитик записал чювство и обновил финальная подпись вечером.,Аналитик записал чувство и обновил финальная подпись вечером.,no_existing_candidate_backed_pattern,9,False,"[""frequent_error_exact""]"
pattern_чю_чу,Автор увидел чюдо и открыл рабочий отчет утром.,Автор увидел чудо и открыл рабочий отчет утром.,no_existing_candidate_backed_pattern,9,False,"[""frequent_error_exact""]"
pattern_чю_чу,"Секретарь сохранил чювство, потому что рабочий отчет был важен.","Секретарь сохранил чувство, потому что рабочий отчет был важен.",no_existing_candidate_backed_pattern,10,False,"[""frequent_error_exact""]"
pattern_чю_чу,"Редактор проверил чюдо, когда готовил новый документ.","Редактор проверил чудо, когда готовил новый документ.",no_existing_candidate_backed_pattern,8,False,"[""frequent_error_exact""]"
pattern_чю_чу,Команда внесла чювство в новый документ перед встречей.,Команда внесла чувство в новый документ перед встречей.,no_existing_candidate_backed_pattern,9,False,"[""frequent_error_exact""]"
pattern_чю_чу,"Эксперт отметил чюдо, когда читал точный план.","Эксперт отметил чудо, когда читал точный план.",no_existing_candidate_backed_pattern,8,False,"[""frequent_error_exact""]"
pattern_чю_чу,Аналитик записал чювство и обновил точный план вечером.,Аналитик записал чувство и обновил точный план вечером.,no_existing_candidate_backed_pattern,9,False,"[""frequent_error_exact""]"
pattern_чю_чу,Автор увидел чюдо и открыл городской архив утром.,Автор увидел чудо и открыл городской архив утром.,no_existing_candidate_backed_pattern,9,False,"[""frequent_error_exact""]"
pattern_чю_чу,"Секретарь сохранил чювство, потому что городской архив был важен.","Секретарь сохранил чувство, потому что городской архив был важен.",no_existing_candidate_backed_pattern,10,False,"[""frequent_error_exact""]"
pattern_чю_чу,"Редактор проверил чюдо, когда готовил утренний выпуск.","Редактор проверил чудо, когда готовил утренний выпуск.",no_existing_candidate_backed_pattern,8,False,"[""frequent_error_exact""]"
pattern_чю_чу,Команда внесла чювство в утренний выпуск перед встречей.,Команда внесла чувство в утренний выпуск перед встречей.,no_existing_candidate_backed_pattern,9,False,"[""frequent_error_exact""]"
pattern_чю_чу,"Эксперт отметил чюдо, когда читал важный договор.","Эксперт отметил чудо, когда читал важный договор.",no_existing_candidate_backed_pattern,8,False,"[""frequent_error_exact""]"
pattern_чю_чу,Аналитик записал чювство и обновил важный договор вечером.,Аналитик записал чувство и обновил важный договор вечером.,no_existing_candidate_backed_pattern,9,False,"[""frequent_error_exact""]"
pattern_чю_чу,Автор увидел чюдо и открыл короткая заметка утром.,Автор увидел чудо и открыл короткая заметка утром.,no_existing_candidate_backed_pattern,9,False,"[""frequent_error_exact""]"
pattern_чю_чу,"Секретарь сохранил чювство, потому что короткая заметка был важен.","Секретарь сохранил чувство, потому что короткая заметка был важен.",no_existing_candidate_backed_pattern,10,False,"[""frequent_error_exact""]"
pattern_шы_ши,"Редактор проверил машына, когда готовил рабочий отчет.","Редактор проверил машина, когда готовил рабочий отчет.",no_existing_candidate_backed_pattern,8,False,"[""frequent_error_exact""]"
pattern_шы_ши,Команда внесла шырина в рабочий отчет перед встречей.,Команда внесла ширина в рабочий отчет перед встречей.,no_existing_candidate_backed_pattern,9,False,"[""frequent_error_exact""]"
pattern_шы_ши,"Эксперт отметил машына, когда читал новый документ.","Эксперт отметил машина, когда читал новый документ.",no_existing_candidate_backed_pattern,8,False,"[""frequent_error_exact""]"
pattern_шы_ши,Аналитик записал шырина и обновил новый документ вечером.,Аналитик записал ширина и обновил новый документ вечером.,no_existing_candidate_backed_pattern,9,False,"[""frequent_error_exact""]"
pattern_шы_ши,Автор увидел машына и открыл точный план утром.,Автор увидел машина и открыл точный план утром.,no_existing_candidate_backed_pattern,9,False,"[""frequent_error_exact""]"
pattern_шы_ши,"Секретарь сохранил шырина, потому что точный план был важен.","Секретарь сохранил ширина, потому что точный план был важен.",no_existing_candidate_backed_pattern,10,False,"[""frequent_error_exact""]"
pattern_шы_ши,"Редактор проверил машына, когда готовил городской архив.","Редактор проверил машина, когда готовил городской архив.",no_existing_candidate_backed_pattern,8,False,"[""frequent_error_exact""]"
pattern_шы_ши,Команда внесла шырина в городской архив перед встречей.,Команда внесла ширина в городской архив перед встречей.,no_existing_candidate_backed_pattern,9,False,"[""frequent_error_exact""]"
pattern_шы_ши,"Эксперт отметил машына, когда читал утренний выпуск.","Эксперт отметил машина, когда читал утренний выпуск.",no_existing_candidate_backed_pattern,8,False,"[""frequent_error_exact""]"
pattern_шы_ши,Аналитик записал шырина и обновил утренний выпуск вечером.,Аналитик записал ширина и обновил утренний выпуск вечером.,no_existing_candidate_backed_pattern,9,False,"[""frequent_error_exact""]"
pattern_шы_ши,Автор увидел машына и открыл важный договор утром.,Автор увидел машина и открыл важный договор утром.,no_existing_candidate_backed_pattern,9,False,"[""frequent_error_exact""]"
pattern_шы_ши,"Секретарь сохранил шырина, потому что важный договор был важен.","Секретарь сохранил ширина, потому что важный договор был важен.",no_existing_candidate_backed_pattern,10,False,"[""frequent_error_exact""]"
pattern_шы_ши,"Редактор проверил машына, когда готовил короткая заметка.","Редактор проверил машина, когда готовил короткая заметка.",no_existing_candidate_backed_pattern,8,False,"[""frequent_error_exact""]"
pattern_шы_ши,Команда внесла шырина в короткая заметка перед встречей.,Команда внесла ширина в короткая заметка перед встречей.,no_existing_candidate_backed_pattern,9,False,"[""frequent_error_exact""]"
pattern_шы_ши,"Эксперт отметил машына, когда читал итоговая таблица.","Эксперт отметил машина, когда читал итоговая таблица.",no_existing_candidate_backed_pattern,8,False,"[""frequent_error_exact""]"
pattern_шы_ши,Аналитик записал шырина и обновил итоговая таблица вечером.,Аналитик записал ширина и обновил итоговая таблица вечером.,no_existing_candidate_backed_pattern,9,False,"[""frequent_error_exact""]"
pattern_шы_ши,Автор увидел машына и открыл свежая сводка утром.,Автор увидел машина и открыл свежая сводка утром.,no_existing_candidate_backed_pattern,9,False,"[""frequent_error_exact""]"
pattern_шы_ши,"Секретарь сохранил шырина, потому что свежая сводка был важен.","Секретарь сохранил ширина, потому что свежая сводка был важен.",no_existing_candidate_backed_pattern,10,False,"[""frequent_error_exact""]"
pattern_шы_ши,"Редактор проверил машына, когда готовил открытая заявка.","Редактор проверил машина, когда готовил открытая заявка.",no_existing_candidate_backed_pattern,8,False,"[""frequent_error_exact""]"
pattern_шы_ши,Команда внесла шырина в открытая заявка перед встречей.,Команда внесла ширина в открытая заявка перед встречей.,no_existing_candidate_backed_pattern,9,False,"[""frequent_error_exact""]"
pattern_шы_ши,"Эксперт отметил машына, когда читал письменный ответ.","Эксперт отметил машина, когда читал письменный ответ.",no_existing_candidate_backed_pattern,8,False,"[""frequent_error_exact""]"
pattern_шы_ши,Аналитик записал шырина и обновил письменный ответ вечером.,Аналитик записал ширина и обновил письменный ответ вечером.,no_existing_candidate_backed_pattern,9,False,"[""frequent_error_exact""]"
pattern_шы_ши,Автор увидел машына и открыл подробная справка утром.,Автор увидел машина и открыл подробная справка утром.,no_existing_candidate_backed_pattern,9,False,"[""frequent_error_exact""]"
pattern_шы_ши,"Секретарь сохранил шырина, потому что подробная справка был важен.","Секретарь сохранил ширина, потому что подробная справка был важен.",no_existing_candidate_backed_pattern,10,False,"[""frequent_error_exact""]"
pattern_шы_ши,"Редактор проверил машына, когда готовил районная комиссия.","Редактор проверил машина, когда готовил районная комиссия.",no_existing_candidate_backed_pattern,8,False,"[""frequent_error_exact""]"
pattern_шы_ши,Команда внесла шырина в районная комиссия перед встречей.,Команда внесла ширина в районная комиссия перед встречей.,no_existing_candidate_backed_pattern,9,False,"[""frequent_error_exact""]"
pattern_шы_ши,"Эксперт отметил машына, когда читал финальный список.","Эксперт отметил машина, когда читал финальный список.",no_existing_candidate_backed_pattern,8,False,"[""frequent_error_exact""]"
pattern_шы_ши,Аналитик записал шырина и обновил финальный список вечером.,Аналитик записал ширина и обновил финальный список вечером.,no_existing_candidate_backed_pattern,9,False,"[""frequent_error_exact""]"
pattern_шы_ши,Автор увидел машына и открыл новая редакция утром.,Автор увидел машина и открыл новая редакция утром.,no_existing_candidate_backed_pattern,9,False,"[""frequent_error_exact""]"
pattern_шы_ши,"Секретарь сохранил шырина, потому что новая редакция был важен.","Секретарь сохранил ширина, потому что новая редакция был важен.",no_existing_candidate_backed_pattern,10,False,"[""frequent_error_exact""]"
pattern_шы_ши,"Редактор проверил машына, когда готовил архивная запись.","Редактор проверил машина, когда готовил архивная запись.",no_existing_candidate_backed_pattern,8,False,"[""frequent_error_exact""]"
pattern_шы_ши,Команда внесла шырина в архивная запись перед встречей.,Команда внесла ширина в архивная запись перед встречей.,no_existing_candidate_backed_pattern,9,False,"[""frequent_error_exact""]"
pattern_шы_ши,"Эксперт отметил машына, когда читал дежурный редактор.","Эксперт отметил машина, когда читал дежурный редактор.",no_existing_candidate_backed_pattern,8,False,"[""frequent_error_exact""]"
pattern_шы_ши,Аналитик записал шырина и обновил дежурный редактор вечером.,Аналитик записал ширина и обновил дежурный редактор вечером.,no_existing_candidate_backed_pattern,9,False,"[""frequent_error_exact""]"
pattern_шы_ши,Автор увидел машына и открыл общий график утром.,Автор увидел машина и открыл общий график утром.,no_existing_candidate_backed_pattern,9,False,"[""frequent_error_exact""]"
pattern_шы_ши,"Секретарь сохранил шырина, потому что общий график был важен.","Секретарь сохранил ширина, потому что общий график был важен.",no_existing_candidate_backed_pattern,10,False,"[""frequent_error_exact""]"
pattern_шы_ши,"Редактор проверил машына, когда готовил плановая встреча.","Редактор проверил машина, когда готовил плановая встреча.",no_existing_candidate_backed_pattern,8,False,"[""frequent_error_exact""]"
pattern_шы_ши,Команда внесла шырина в плановая встреча перед встречей.,Команда внесла ширина в плановая встреча перед встречей.,no_existing_candidate_backed_pattern,9,False,"[""frequent_error_exact""]"
pattern_шы_ши,"Эксперт отметил машына, когда читал осенняя проверка.","Эксперт отметил машина, когда читал осенняя проверка.",no_existing_candidate_backed_pattern,8,False,"[""frequent_error_exact""]"
pattern_шы_ши,Аналитик записал шырина и обновил осенняя проверка вечером.,Аналитик записал ширина и обновил осенняя проверка вечером.,no_existing_candidate_backed_pattern,9,False,"[""frequent_error_exact""]"
pattern_шы_ши,Автор увидел машына и открыл сводный отчет утром.,Автор увидел машина и открыл сводный отчет утром.,no_existing_candidate_backed_pattern,9,False,"[""frequent_error_exact""]"
pattern_шы_ши,"Секретарь сохранил шырина, потому что сводный отчет был важен.","Секретарь сохранил ширина, потому что сводный отчет был важен.",no_existing_candidate_backed_pattern,10,False,"[""frequent_error_exact""]"
pattern_шы_ши,"Редактор проверил машына, когда готовил важная подпись.","Редактор проверил машина, когда готовил важная подпись.",no_existing_candidate_backed_pattern,8,False,"[""frequent_error_exact""]"
pattern_шы_ши,Команда внесла шырина в важная подпись перед встречей.,Команда внесла ширина в важная подпись перед встречей.,no_existing_candidate_backed_pattern,9,False,"[""frequent_error_exact""]"
pattern_шы_ши,"Эксперт отметил машына, когда читал рабочая группа.","Эксперт отметил машина, когда читал рабочая группа.",no_existing_candidate_backed_pattern,8,False,"[""frequent_error_exact""]"
pattern_шы_ши,Аналитик записал шырина и обновил рабочая группа вечером.,Аналитик записал ширина и обновил рабочая группа вечером.,no_existing_candidate_backed_pattern,9,False,"[""frequent_error_exact""]"
pattern_шы_ши,Автор увидел машына и открыл городская служба утром.,Автор увидел машина и открыл городская служба утром.,no_existing_candidate_backed_pattern,9,False,"[""frequent_error_exact""]"
pattern_шы_ши,"Секретарь сохранил шырина, потому что городская служба был важен.","Секретарь сохранил ширина, потому что городская служба был важен.",no_existing_candidate_backed_pattern,10,False,"[""frequent_error_exact""]"
pattern_шы_ши,"Редактор проверил машына, когда готовил новый раздел.","Редактор проверил машина, когда готовил новый раздел.",no_existing_candidate_backed_pattern,8,False,"[""frequent_error_exact""]"
pattern_шы_ши,Команда внесла шырина в новый раздел перед встречей.,Команда внесла ширина в новый раздел перед встречей.,no_existing_candidate_backed_pattern,9,False,"[""frequent_error_exact""]"
pattern_шы_ши,"Эксперт отметил машына, когда читал учебная таблица.","Эксперт отметил машина, когда читал учебная таблица.",no_existing_candidate_backed_pattern,8,False,"[""frequent_error_exact""]"
pattern_шы_ши,Аналитик записал шырина и обновил учебная таблица вечером.,Аналитик записал ширина и обновил учебная таблица вечером.,no_existing_candidate_backed_pattern,9,False,"[""frequent_error_exact""]"
pattern_шы_ши,Автор увидел машына и открыл вечерний протокол утром.,Автор увидел машина и открыл вечерний протокол утром.,no_existing_candidate_backed_pattern,9,False,"[""frequent_error_exact""]"
pattern_шы_ши,"Секретарь сохранил шырина, потому что вечерний протокол был важен.","Секретарь сохранил ширина, потому что вечерний протокол был важен.",no_existing_candidate_backed_pattern,10,False,"[""frequent_error_exact""]"
pattern_шы_ши,"Редактор проверил машына, когда готовил проверенный файл.","Редактор проверил машина, когда готовил проверенный файл.",no_existing_candidate_backed_pattern,8,False,"[""frequent_error_exact""]"
pattern_шы_ши,Команда внесла шырина в проверенный файл перед встречей.,Команда внесла ширина в проверенный файл перед встречей.,no_existing_candidate_backed_pattern,9,False,"[""frequent_error_exact""]"
pattern_шы_ши,"Эксперт отметил машына, когда читал согласованный договор.","Эксперт отметил машина, когда читал согласованный договор.",no_existing_candidate_backed_pattern,8,False,"[""frequent_error_exact""]"
pattern_шы_ши,Аналитик записал шырина и обновил согласованный договор вечером.,Аналитик записал ширина и обновил согласованный договор вечером.,no_existing_candidate_backed_pattern,9,False,"[""frequent_error_exact""]"
pattern_шы_ши,Автор увидел машына и открыл подготовленный список утром.,Автор увидел машина и открыл подготовленный список утром.,no_existing_candidate_backed_pattern,9,False,"[""frequent_error_exact""]"
pattern_шы_ши,"Секретарь сохранил шырина, потому что подготовленный список был важен.","Секретарь сохранил ширина, потому что подготовленный список был важен.",no_existing_candidate_backed_pattern,10,False,"[""frequent_error_exact""]"
pattern_шы_ши,"Редактор проверил машына, когда готовил закрытая заявка.","Редактор проверил машина, когда готовил закрытая заявка.",no_existing_candidate_backed_pattern,8,False,"[""frequent_error_exact""]"
pattern_шы_ши,Команда внесла шырина в закрытая заявка перед встречей.,Команда внесла ширина в закрытая заявка перед встречей.,no_existing_candidate_backed_pattern,9,False,"[""frequent_error_exact""]"
pattern_шы_ши,"Эксперт отметил машына, когда читал длинная запись.","Эксперт отметил машина, когда читал длинная запись.",no_existing_candidate_backed_pattern,8,False,"[""frequent_error_exact""]"
pattern_шы_ши,Аналитик записал шырина и обновил длинная запись вечером.,Аналитик записал ширина и обновил длинная запись вечером.,no_existing_candidate_backed_pattern,9,False,"[""frequent_error_exact""]"
pattern_шы_ши,Автор увидел машына и открыл обновленный журнал утром.,Автор увидел машина и открыл обновленный журнал утром.,no_existing_candidate_backed_pattern,9,False,"[""frequent_error_exact""]"
pattern_шы_ши,"Секретарь сохранил шырина, потому что обновленный журнал был важен.","Секретарь сохранил ширина, потому что обновленный журнал был важен.",no_existing_candidate_backed_pattern,10,False,"[""frequent_error_exact""]"
pattern_шы_ши,"Редактор проверил машына, когда готовил северный филиал.","Редактор проверил машина, когда готовил северный филиал.",no_existing_candidate_backed_pattern,8,False,"[""frequent_error_exact""]"
pattern_шы_ши,Команда внесла шырина в северный филиал перед встречей.,Команда внесла ширина в северный филиал перед встречей.,no_existing_candidate_backed_pattern,9,False,"[""frequent_error_exact""]"
pattern_шы_ши,"Эксперт отметил машына, когда читал зимнее расписание.","Эксперт отметил машина, когда читал зимнее расписание.",no_existing_candidate_backed_pattern,8,False,"[""frequent_error_exact""]"
pattern_шы_ши,Аналитик записал шырина и обновил зимнее расписание вечером.,Аналитик записал ширина и обновил зимнее расписание вечером.,no_existing_candidate_backed_pattern,9,False,"[""frequent_error_exact""]"
pattern_шы_ши,Автор увидел машына и открыл летняя проверка утром.,Автор увидел машина и открыл летняя проверка утром.,no_existing_candidate_backed_pattern,9,False,"[""frequent_error_exact""]"
pattern_шы_ши,"Секретарь сохранил шырина, потому что летняя проверка был важен.","Секретарь сохранил ширина, потому что летняя проверка был важен.",no_existing_candidate_backed_pattern,10,False,"[""frequent_error_exact""]"
pattern_шы_ши,"Редактор проверил машына, когда готовил районный протокол.","Редактор проверил машина, когда готовил районный протокол.",no_existing_candidate_backed_pattern,8,False,"[""frequent_error_exact""]"
pattern_шы_ши,Команда внесла шырина в районный протокол перед встречей.,Команда внесла ширина в районный протокол перед встречей.,no_existing_candidate_backed_pattern,9,False,"[""frequent_error_exact""]"
pattern_шы_ши,"Эксперт отметил машына, когда читал входящее письмо.","Эксперт отметил машина, когда читал входящее письмо.",no_existing_candidate_backed_pattern,8,False,"[""frequent_error_exact""]"
pattern_шы_ши,Аналитик записал шырина и обновил входящее письмо вечером.,Аналитик записал ширина и обновил входящее письмо вечером.,no_existing_candidate_backed_pattern,9,False,"[""frequent_error_exact""]"
pattern_шы_ши,Автор увидел машына и открыл старый договор утром.,Автор увидел машина и открыл старый договор утром.,no_existing_candidate_backed_pattern,9,False,"[""frequent_error_exact""]"
pattern_шы_ши,"Секретарь сохранил шырина, потому что старый договор был важен.","Секретарь сохранил ширина, потому что старый договор был важен.",no_existing_candidate_backed_pattern,10,False,"[""frequent_error_exact""]"
pattern_шы_ши,"Редактор проверил машына, когда готовил новая таблица.","Редактор проверил машина, когда готовил новая таблица.",no_existing_candidate_backed_pattern,8,False,"[""frequent_error_exact""]"
pattern_шы_ши,Команда внесла шырина в новая таблица перед встречей.,Команда внесла ширина в новая таблица перед встречей.,no_existing_candidate_backed_pattern,9,False,"[""frequent_error_exact""]"
pattern_шы_ши,"Эксперт отметил машына, когда читал закрытый раздел.","Эксперт отметил машина, когда читал закрытый раздел.",no_existing_candidate_backed_pattern,8,False,"[""frequent_error_exact""]"
pattern_шы_ши,Аналитик записал шырина и обновил закрытый раздел вечером.,Аналитик записал ширина и обновил закрытый раздел вечером.,no_existing_candidate_backed_pattern,9,False,"[""frequent_error_exact""]"
pattern_шы_ши,Автор увидел машына и открыл утренний приказ утром.,Автор увидел машина и открыл утренний приказ утром.,no_existing_candidate_backed_pattern,9,False,"[""frequent_error_exact""]"
pattern_шы_ши,"Секретарь сохранил шырина, потому что утренний приказ был важен.","Секретарь сохранил ширина, потому что утренний приказ был важен.",no_existing_candidate_backed_pattern,10,False,"[""frequent_error_exact""]"
pattern_шы_ши,"Редактор проверил машына, когда готовил служебная записка.","Редактор проверил машина, когда готовил служебная записка.",no_existing_candidate_backed_pattern,8,False,"[""frequent_error_exact""]"
pattern_шы_ши,Команда внесла шырина в служебная записка перед встречей.,Команда внесла ширина в служебная записка перед встречей.,no_existing_candidate_backed_pattern,9,False,"[""frequent_error_exact""]"
pattern_шы_ши,"Эксперт отметил машына, когда читал городской проект.","Эксперт отметил машина, когда читал городской проект.",no_existing_candidate_backed_pattern,8,False,"[""frequent_error_exact""]"
pattern_шы_ши,Аналитик записал шырина и обновил городской проект вечером.,Аналитик записал ширина и обновил городской проект вечером.,no_existing_candidate_backed_pattern,9,False,"[""frequent_error_exact""]"
pattern_шы_ши,Автор увидел машына и открыл важное решение утром.,Автор увидел машина и открыл важное решение утром.,no_existing_candidate_backed_pattern,9,False,"[""frequent_error_exact""]"
pattern_шы_ши,"Секретарь сохранил шырина, потому что важное решение был важен.","Секретарь сохранил ширина, потому что важное решение был важен.",no_existing_candidate_backed_pattern,10,False,"[""frequent_error_exact""]"
pattern_шы_ши,"Редактор проверил машына, когда готовил общий список.","Редактор проверил машина, когда готовил общий список.",no_existing_candidate_backed_pattern,8,False,"[""frequent_error_exact""]"
pattern_шы_ши,Команда внесла шырина в общий список перед встречей.,Команда внесла ширина в общий список перед встречей.,no_existing_candidate_backed_pattern,9,False,"[""frequent_error_exact""]"
pattern_шы_ши,"Эксперт отметил машына, когда читал рабочий кабинет.","Эксперт отметил машина, когда читал рабочий кабинет.",no_existing_candidate_backed_pattern,8,False,"[""frequent_error_exact""]"
pattern_шы_ши,Аналитик записал шырина и обновил рабочий кабинет вечером.,Аналитик записал ширина и обновил рабочий кабинет вечером.,no_existing_candidate_backed_pattern,9,False,"[""frequent_error_exact""]"
pattern_шы_ши,Автор увидел машына и открыл архивный номер утром.,Автор увидел машина и открыл архивный номер утром.,no_existing_candidate_backed_pattern,9,False,"[""frequent_error_exact""]"
pattern_шы_ши,"Секретарь сохранил шырина, потому что архивный номер был важен.","Секретарь сохранил ширина, потому что архивный номер был важен.",no_existing_candidate_backed_pattern,10,False,"[""frequent_error_exact""]"
pattern_шы_ши,"Редактор проверил машына, когда готовил открытый вопрос.","Редактор проверил машина, когда готовил открытый вопрос.",no_existing_candidate_backed_pattern,8,False,"[""frequent_error_exact""]"
pattern_шы_ши,Команда внесла шырина в открытый вопрос перед встречей.,Команда внесла ширина в открытый вопрос перед встречей.,no_existing_candidate_backed_pattern,9,False,"[""frequent_error_exact""]"
pattern_шы_ши,"Эксперт отметил машына, когда читал плановый отчет.","Эксперт отметил машина, когда читал плановый отчет.",no_existing_candidate_backed_pattern,8,False,"[""frequent_error_exact""]"
pattern_шы_ши,Аналитик записал шырина и обновил плановый отчет вечером.,Аналитик записал ширина и обновил плановый отчет вечером.,no_existing_candidate_backed_pattern,9,False,"[""frequent_error_exact""]"
pattern_шы_ши,Автор увидел машына и открыл новый маршрут утром.,Автор увидел машина и открыл новый маршрут утром.,no_existing_candidate_backed_pattern,9,False,"[""frequent_error_exact""]"
pattern_шы_ши,"Секретарь сохранил шырина, потому что новый маршрут был важен.","Секретарь сохранил ширина, потому что новый маршрут был важен.",no_existing_candidate_backed_pattern,10,False,"[""frequent_error_exact""]"
pattern_шы_ши,"Редактор проверил машына, когда готовил вечерняя смена.","Редактор проверил машина, когда готовил вечерняя смена.",no_existing_candidate_backed_pattern,9,False,"[""frequent_error_exact"", ""n_nn_short_form""]"
pattern_шы_ши,Команда внесла шырина в вечерняя смена перед встречей.,Команда внесла ширина в вечерняя смена перед встречей.,no_existing_candidate_backed_pattern,10,False,"[""frequent_error_exact"", ""n_nn_short_form""]"
pattern_шы_ши,"Эксперт отметил машына, когда читал срочная заявка.","Эксперт отметил машина, когда читал срочная заявка.",no_existing_candidate_backed_pattern,8,False,"[""frequent_error_exact""]"
pattern_шы_ши,Аналитик записал шырина и обновил срочная заявка вечером.,Аналитик записал ширина и обновил срочная заявка вечером.,no_existing_candidate_backed_pattern,9,False,"[""frequent_error_exact""]"
pattern_шы_ши,Автор увидел машына и открыл письменная просьба утром.,Автор увидел машина и открыл письменная просьба утром.,no_existing_candidate_backed_pattern,9,False,"[""frequent_error_exact""]"
pattern_шы_ши,"Секретарь сохранил шырина, потому что письменная просьба был важен.","Секретарь сохранил ширина, потому что письменная просьба был важен.",no_existing_candidate_backed_pattern,10,False,"[""frequent_error_exact""]"
pattern_шы_ши,"Редактор проверил машына, когда готовил короткий протокол.","Редактор проверил машина, когда готовил короткий протокол.",no_existing_candidate_backed_pattern,8,False,"[""frequent_error_exact""]"
pattern_шы_ши,Команда внесла шырина в короткий протокол перед встречей.,Команда внесла ширина в короткий протокол перед встречей.,no_existing_candidate_backed_pattern,9,False,"[""frequent_error_exact""]"
pattern_шы_ши,"Эксперт отметил машына, когда читал дневной выпуск.","Эксперт отметил машина, когда читал дневной выпуск.",no_existing_candidate_backed_pattern,8,False,"[""frequent_error_exact""]"
pattern_шы_ши,Аналитик записал шырина и обновил дневной выпуск вечером.,Аналитик записал ширина и обновил дневной выпуск вечером.,no_existing_candidate_backed_pattern,9,False,"[""frequent_error_exact""]"
pattern_шы_ши,Автор увидел машына и открыл точная дата утром.,Автор увидел машина и открыл точная дата утром.,no_existing_candidate_backed_pattern,9,False,"[""frequent_error_exact""]"
pattern_шы_ши,"Секретарь сохранил шырина, потому что точная дата был важен.","Секретарь сохранил ширина, потому что точная дата был важен.",no_existing_candidate_backed_pattern,10,False,"[""frequent_error_exact""]"
pattern_шы_ши,"Редактор проверил машына, когда готовил готовый макет.","Редактор проверил машина, когда готовил готовый макет.",no_existing_candidate_backed_pattern,8,False,"[""frequent_error_exact""]"
pattern_шы_ши,Команда внесла шырина в готовый макет перед встречей.,Команда внесла ширина в готовый макет перед встречей.,no_existing_candidate_backed_pattern,9,False,"[""frequent_error_exact""]"
pattern_шы_ши,"Эксперт отметил машына, когда читал основной договор.","Эксперт отметил машина, когда читал основной договор.",no_existing_candidate_backed_pattern,8,False,"[""frequent_error_exact""]"
pattern_шы_ши,Аналитик записал шырина и обновил основной договор вечером.,Аналитик записал ширина и обновил основной договор вечером.,no_existing_candidate_backed_pattern,9,False,"[""frequent_error_exact""]"
pattern_шы_ши,Автор увидел машына и открыл временный график утром.,Автор увидел машина и открыл временный график утром.,no_existing_candidate_backed_pattern,9,False,"[""frequent_error_exact""]"
pattern_шы_ши,"Секретарь сохранил шырина, потому что временный график был важен.","Секретарь сохранил ширина, потому что временный график был важен.",no_existing_candidate_backed_pattern,10,False,"[""frequent_error_exact""]"
pattern_шы_ши,"Редактор проверил машына, когда готовил дежурная группа.","Редактор проверил машина, когда готовил дежурная группа.",no_existing_candidate_backed_pattern,8,False,"[""frequent_error_exact""]"
pattern_шы_ши,Команда внесла шырина в дежурная группа перед встречей.,Команда внесла ширина в дежурная группа перед встречей.,no_existing_candidate_backed_pattern,9,False,"[""frequent_error_exact""]"
pattern_шы_ши,"Эксперт отметил машына, когда читал финальная версия.","Эксперт отметил машина, когда читал финальная версия.",no_existing_candidate_backed_pattern,8,False,"[""frequent_error_exact""]"
pattern_шы_ши,Аналитик записал шырина и обновил финальная версия вечером.,Аналитик записал ширина и обновил финальная версия вечером.,no_existing_candidate_backed_pattern,9,False,"[""frequent_error_exact""]"
pattern_шы_ши,Автор увидел машына и открыл контрольная таблица утром.,Автор увидел машина и открыл контрольная таблица утром.,no_existing_candidate_backed_pattern,9,False,"[""frequent_error_exact""]"
pattern_шы_ши,"Секретарь сохранил шырина, потому что контрольная таблица был важен.","Секретарь сохранил ширина, потому что контрольная таблица был важен.",no_existing_candidate_backed_pattern,10,False,"[""frequent_error_exact""]"
pattern_шы_ши,"Редактор проверил машына, когда готовил принятый отчет.","Редактор проверил машина, когда готовил принятый отчет.",no_existing_candidate_backed_pattern,8,False,"[""frequent_error_exact""]"
pattern_шы_ши,Команда внесла шырина в принятый отчет перед встречей.,Команда внесла ширина в принятый отчет перед встречей.,no_existing_candidate_backed_pattern,9,False,"[""frequent_error_exact""]"
pattern_шы_ши,"Эксперт отметил машына, когда читал закрытое письмо.","Эксперт отметил машина, когда читал закрытое письмо.",no_existing_candidate_backed_pattern,8,False,"[""frequent_error_exact""]"
pattern_шы_ши,Аналитик записал шырина и обновил закрытое письмо вечером.,Аналитик записал ширина и обновил закрытое письмо вечером.,no_existing_candidate_backed_pattern,9,False,"[""frequent_error_exact""]"
pattern_шы_ши,Автор увидел машына и открыл служебный ответ утром.,Автор увидел машина и открыл служебный ответ утром.,no_existing_candidate_backed_pattern,9,False,"[""frequent_error_exact""]"
pattern_шы_ши,"Секретарь сохранил шырина, потому что служебный ответ был важен.","Секретарь сохранил ширина, потому что служебный ответ был важен.",no_existing_candidate_backed_pattern,10,False,"[""frequent_error_exact""]"
pattern_шы_ши,"Редактор проверил машына, когда готовил городская программа.","Редактор проверил машина, когда готовил городская программа.",no_existing_candidate_backed_pattern,8,False,"[""frequent_error_exact""]"
pattern_шы_ши,Команда внесла шырина в городская программа перед встречей.,Команда внесла ширина в городская программа перед встречей.,no_existing_candidate_backed_pattern,9,False,"[""frequent_error_exact""]"
pattern_шы_ши,"Эксперт отметил машына, когда читал важная поправка.","Эксперт отметил машина, когда читал важная поправка.",no_existing_candidate_backed_pattern,8,False,"[""frequent_error_exact""]"
pattern_шы_ши,Аналитик записал шырина и обновил важная поправка вечером.,Аналитик записал ширина и обновил важная поправка вечером.,no_existing_candidate_backed_pattern,9,False,"[""frequent_error_exact""]"
pattern_шы_ши,Автор увидел машына и открыл новый порядок утром.,Автор увидел машина и открыл новый порядок утром.,no_existing_candidate_backed_pattern,9,False,"[""frequent_error_exact""]"
pattern_шы_ши,"Секретарь сохранил шырина, потому что новый порядок был важен.","Секретарь сохранил ширина, потому что новый порядок был важен.",no_existing_candidate_backed_pattern,10,False,"[""frequent_error_exact""]"
pattern_шы_ши,"Редактор проверил машына, когда готовил итоговый документ.","Редактор проверил машина, когда готовил итоговый документ.",no_existing_candidate_backed_pattern,8,False,"[""frequent_error_exact""]"
pattern_шы_ши,Команда внесла шырина в итоговый документ перед встречей.,Команда внесла ширина в итоговый документ перед встречей.,no_existing_candidate_backed_pattern,9,False,"[""frequent_error_exact""]"
pattern_шы_ши,"Эксперт отметил машына, когда читал отдельная папка.","Эксперт отметил машина, когда читал отдельная папка.",no_existing_candidate_backed_pattern,8,False,"[""frequent_error_exact""]"
pattern_шы_ши,Аналитик записал шырина и обновил отдельная папка вечером.,Аналитик записал ширина и обновил отдельная папка вечером.,no_existing_candidate_backed_pattern,9,False,"[""frequent_error_exact""]"
pattern_шы_ши,Автор увидел машына и открыл рабочая переписка утром.,Автор увидел машина и открыл рабочая переписка утром.,no_existing_candidate_backed_pattern,9,False,"[""frequent_error_exact""]"
pattern_шы_ши,"Секретарь сохранил шырина, потому что рабочая переписка был важен.","Секретарь сохранил ширина, потому что рабочая переписка был важен.",no_existing_candidate_backed_pattern,10,False,"[""frequent_error_exact""]"
pattern_шы_ши,"Редактор проверил машына, когда готовил городской журнал.","Редактор проверил машина, когда готовил городской журнал.",no_existing_candidate_backed_pattern,8,False,"[""frequent_error_exact""]"
pattern_шы_ши,Команда внесла шырина в городской журнал перед встречей.,Команда внесла ширина в городской журнал перед встречей.,no_existing_candidate_backed_pattern,9,False,"[""frequent_error_exact""]"
pattern_шы_ши,"Эксперт отметил машына, когда читал основная сводка.","Эксперт отметил машина, когда читал основная сводка.",no_existing_candidate_backed_pattern,8,False,"[""frequent_error_exact""]"
pattern_шы_ши,Аналитик записал шырина и обновил основная сводка вечером.,Аналитик записал ширина и обновил основная сводка вечером.,no_existing_candidate_backed_pattern,9,False,"[""frequent_error_exact""]"
pattern_шы_ши,Автор увидел машына и открыл ранний выпуск утром.,Автор увидел машина и открыл ранний выпуск утром.,no_existing_candidate_backed_pattern,9,False,"[""frequent_error_exact""]"
pattern_шы_ши,"Секретарь сохранил шырина, потому что ранний выпуск был важен.","Секретарь сохранил ширина, потому что ранний выпуск был важен.",no_existing_candidate_backed_pattern,10,False,"[""frequent_error_exact""]"
pattern_шы_ши,"Редактор проверил машына, когда готовил новая заявка.","Редактор проверил машина, когда готовил новая заявка.",no_existing_candidate_backed_pattern,8,False,"[""frequent_error_exact""]"
pattern_шы_ши,Команда внесла шырина в новая заявка перед встречей.,Команда внесла ширина в новая заявка перед встречей.,no_existing_candidate_backed_pattern,9,False,"[""frequent_error_exact""]"
pattern_шы_ши,"Эксперт отметил машына, когда читал закрытый протокол.","Эксперт отметил машина, когда читал закрытый протокол.",no_existing_candidate_backed_pattern,8,False,"[""frequent_error_exact""]"
pattern_шы_ши,Аналитик записал шырина и обновил закрытый протокол вечером.,Аналитик записал ширина и обновил закрытый протокол вечером.,no_existing_candidate_backed_pattern,9,False,"[""frequent_error_exact""]"
pattern_шы_ши,Автор увидел машына и открыл письменный договор утром.,Автор увидел машина и открыл письменный договор утром.,no_existing_candidate_backed_pattern,9,False,"[""frequent_error_exact""]"
pattern_шы_ши,"Секретарь сохранил шырина, потому что письменный договор был важен.","Секретарь сохранил ширина, потому что письменный договор был важен.",no_existing_candidate_backed_pattern,10,False,"[""frequent_error_exact""]"
pattern_шы_ши,"Редактор проверил машына, когда готовил дежурный список.","Редактор проверил машина, когда готовил дежурный список.",no_existing_candidate_backed_pattern,8,False,"[""frequent_error_exact""]"
pattern_шы_ши,Команда внесла шырина в дежурный список перед встречей.,Команда внесла ширина в дежурный список перед встречей.,no_existing_candidate_backed_pattern,9,False,"[""frequent_error_exact""]"
pattern_шы_ши,"Эксперт отметил машына, когда читал точный маршрут.","Эксперт отметил машина, когда читал точный маршрут.",no_existing_candidate_backed_pattern,8,False,"[""frequent_error_exact""]"
pattern_шы_ши,Аналитик записал шырина и обновил точный маршрут вечером.,Аналитик записал ширина и обновил точный маршрут вечером.,no_existing_candidate_backed_pattern,9,False,"[""frequent_error_exact""]"
pattern_шы_ши,Автор увидел машына и открыл служебный журнал утром.,Автор увидел машина и открыл служебный журнал утром.,no_existing_candidate_backed_pattern,9,False,"[""frequent_error_exact""]"
pattern_шы_ши,"Секретарь сохранил шырина, потому что служебный журнал был важен.","Секретарь сохранил ширина, потому что служебный журнал был важен.",no_existing_candidate_backed_pattern,10,False,"[""frequent_error_exact""]"
pattern_шы_ши,"Редактор проверил машына, когда готовил важный раздел.","Редактор проверил машина, когда готовил важный раздел.",no_existing_candidate_backed_pattern,8,False,"[""frequent_error_exact""]"
pattern_шы_ши,Команда внесла шырина в важный раздел перед встречей.,Команда внесла ширина в важный раздел перед встречей.,no_existing_candidate_backed_pattern,9,False,"[""frequent_error_exact""]"
pattern_шы_ши,"Эксперт отметил машына, когда читал рабочий приказ.","Эксперт отметил машина, когда читал рабочий приказ.",no_existing_candidate_backed_pattern,8,False,"[""frequent_error_exact""]"
pattern_шы_ши,Аналитик записал шырина и обновил рабочий приказ вечером.,Аналитик записал ширина и обновил рабочий приказ вечером.,no_existing_candidate_backed_pattern,9,False,"[""frequent_error_exact""]"
pattern_шы_ши,Автор увидел машына и открыл архивная таблица утром.,Автор увидел машина и открыл архивная таблица утром.,no_existing_candidate_backed_pattern,9,False,"[""frequent_error_exact""]"
pattern_шы_ши,"Секретарь сохранил шырина, потому что архивная таблица был важен.","Секретарь сохранил ширина, потому что архивная таблица был важен.",no_existing_candidate_backed_pattern,10,False,"[""frequent_error_exact""]"
pattern_шы_ши,"Редактор проверил машына, когда готовил общая справка.","Редактор проверил машина, когда готовил общая справка.",no_existing_candidate_backed_pattern,8,False,"[""frequent_error_exact""]"
pattern_шы_ши,Команда внесла шырина в общая справка перед встречей.,Команда внесла ширина в общая справка перед встречей.,no_existing_candidate_backed_pattern,9,False,"[""frequent_error_exact""]"
pattern_шы_ши,"Эксперт отметил машына, когда читал принятая заявка.","Эксперт отметил машина, когда читал принятая заявка.",no_existing_candidate_backed_pattern,8,False,"[""frequent_error_exact""]"
pattern_шы_ши,Аналитик записал шырина и обновил принятая заявка вечером.,Аналитик записал ширина и обновил принятая заявка вечером.,no_existing_candidate_backed_pattern,9,False,"[""frequent_error_exact""]"
pattern_шы_ши,Автор увидел машына и открыл вечерний отчет утром.,Автор увидел машина и открыл вечерний отчет утром.,no_existing_candidate_backed_pattern,9,False,"[""frequent_error_exact""]"
pattern_шы_ши,"Секретарь сохранил шырина, потому что вечерний отчет был важен.","Секретарь сохранил ширина, потому что вечерний отчет был важен.",no_existing_candidate_backed_pattern,10,False,"[""frequent_error_exact""]"
pattern_шы_ши,"Редактор проверил машына, когда готовил короткий договор.","Редактор проверил машина, когда готовил короткий договор.",no_existing_candidate_backed_pattern,8,False,"[""frequent_error_exact""]"
pattern_шы_ши,Команда внесла шырина в короткий договор перед встречей.,Команда внесла ширина в короткий договор перед встречей.,no_existing_candidate_backed_pattern,9,False,"[""frequent_error_exact""]"
pattern_шы_ши,"Эксперт отметил машына, когда читал осенний график.","Эксперт отметил машина, когда читал осенний график.",no_existing_candidate_backed_pattern,8,False,"[""frequent_error_exact""]"
pattern_шы_ши,Аналитик записал шырина и обновил осенний график вечером.,Аналитик записал ширина и обновил осенний график вечером.,no_existing_candidate_backed_pattern,9,False,"[""frequent_error_exact""]"
pattern_шы_ши,Автор увидел машына и открыл проверенная запись утром.,Автор увидел машина и открыл проверенная запись утром.,no_existing_candidate_backed_pattern,9,False,"[""frequent_error_exact""]"
pattern_шы_ши,"Секретарь сохранил шырина, потому что проверенная запись был важен.","Секретарь сохранил ширина, потому что проверенная запись был важен.",no_existing_candidate_backed_pattern,10,False,"[""frequent_error_exact""]"
pattern_шы_ши,"Редактор проверил машына, когда готовил срочный ответ.","Редактор проверил машина, когда готовил срочный ответ.",no_existing_candidate_backed_pattern,8,False,"[""frequent_error_exact""]"
pattern_шы_ши,Команда внесла шырина в срочный ответ перед встречей.,Команда внесла ширина в срочный ответ перед встречей.,no_existing_candidate_backed_pattern,9,False,"[""frequent_error_exact""]"
pattern_шы_ши,"Эксперт отметил машына, когда читал финальная подпись.","Эксперт отметил машина, когда читал финальная подпись.",no_existing_candidate_backed_pattern,8,False,"[""frequent_error_exact""]"
pattern_шы_ши,Аналитик записал шырина и обновил финальная подпись вечером.,Аналитик записал ширина и обновил финальная подпись вечером.,no_existing_candidate_backed_pattern,9,False,"[""frequent_error_exact""]"
pattern_шы_ши,Автор увидел машына и открыл рабочий отчет утром.,Автор увидел машина и открыл рабочий отчет утром.,no_existing_candidate_backed_pattern,9,False,"[""frequent_error_exact""]"
pattern_шы_ши,"Секретарь сохранил шырина, потому что рабочий отчет был важен.","Секретарь сохранил ширина, потому что рабочий отчет был важен.",no_existing_candidate_backed_pattern,10,False,"[""frequent_error_exact""]"
pattern_шы_ши,"Редактор проверил машына, когда готовил новый документ.","Редактор проверил машина, когда готовил новый документ.",no_existing_candidate_backed_pattern,8,False,"[""frequent_error_exact""]"
pattern_шы_ши,Команда внесла шырина в новый документ перед встречей.,Команда внесла ширина в новый документ перед встречей.,no_existing_candidate_backed_pattern,9,False,"[""frequent_error_exact""]"
pattern_шы_ши,"Эксперт отметил машына, когда читал точный план.","Эксперт отметил машина, когда читал точный план.",no_existing_candidate_backed_pattern,8,False,"[""frequent_error_exact""]"
pattern_шы_ши,Аналитик записал шырина и обновил точный план вечером.,Аналитик записал ширина и обновил точный план вечером.,no_existing_candidate_backed_pattern,9,False,"[""frequent_error_exact""]"
pattern_шы_ши,Автор увидел машына и открыл городской архив утром.,Автор увидел машина и открыл городской архив утром.,no_existing_candidate_backed_pattern,9,False,"[""frequent_error_exact""]"
pattern_шы_ши,"Секретарь сохранил шырина, потому что городской архив был важен.","Секретарь сохранил ширина, потому что городской архив был важен.",no_existing_candidate_backed_pattern,10,False,"[""frequent_error_exact""]"
pattern_шы_ши,"Редактор проверил машына, когда готовил утренний выпуск.","Редактор проверил машина, когда готовил утренний выпуск.",no_existing_candidate_backed_pattern,8,False,"[""frequent_error_exact""]"
pattern_шы_ши,Команда внесла шырина в утренний выпуск перед встречей.,Команда внесла ширина в утренний выпуск перед встречей.,no_existing_candidate_backed_pattern,9,False,"[""frequent_error_exact""]"
pattern_шы_ши,"Эксперт отметил машына, когда читал важный договор.","Эксперт отметил машина, когда читал важный договор.",no_existing_candidate_backed_pattern,8,False,"[""frequent_error_exact""]"
pattern_шы_ши,Аналитик записал шырина и обновил важный договор вечером.,Аналитик записал ширина и обновил важный договор вечером.,no_existing_candidate_backed_pattern,9,False,"[""frequent_error_exact""]"
pattern_шы_ши,Автор увидел машына и открыл короткая заметка утром.,Автор увидел машина и открыл короткая заметка утром.,no_existing_candidate_backed_pattern,9,False,"[""frequent_error_exact""]"
pattern_шы_ши,"Секретарь сохранил шырина, потому что короткая заметка был важен.","Секретарь сохранил ширина, потому что короткая заметка был важен.",no_existing_candidate_backed_pattern,10,False,"[""frequent_error_exact""]"
pattern_шы_ши,"Редактор проверил машына, когда готовил итоговая таблица.","Редактор проверил машина, когда готовил итоговая таблица.",no_existing_candidate_backed_pattern,8,False,"[""frequent_error_exact""]"
pattern_шы_ши,Команда внесла шырина в итоговая таблица перед встречей.,Команда внесла ширина в итоговая таблица перед встречей.,no_existing_candidate_backed_pattern,9,False,"[""frequent_error_exact""]"
pattern_щю_щу,"Редактор проверил щюка, когда готовил рабочий отчет.","Редактор проверил щука, когда готовил рабочий отчет.",no_existing_candidate_backed_pattern,8,False,"[""frequent_error_exact""]"
pattern_щю_щу,"Эксперт отметил щюка, когда читал новый документ.","Эксперт отметил щука, когда читал новый документ.",no_existing_candidate_backed_pattern,8,False,"[""frequent_error_exact""]"
pattern_щю_щу,Автор увидел щюка и открыл точный план утром.,Автор увидел щука и открыл точный план утром.,no_existing_candidate_backed_pattern,9,False,"[""frequent_error_exact""]"
pattern_щю_щу,"Редактор проверил щюка, когда готовил городской архив.","Редактор проверил щука, когда готовил городской архив.",no_existing_candidate_backed_pattern,8,False,"[""frequent_error_exact""]"
pattern_щю_щу,"Эксперт отметил щюка, когда читал утренний выпуск.","Эксперт отметил щука, когда читал утренний выпуск.",no_existing_candidate_backed_pattern,8,False,"[""frequent_error_exact""]"
pattern_щю_щу,Автор увидел щюка и открыл важный договор утром.,Автор увидел щука и открыл важный договор утром.,no_existing_candidate_backed_pattern,9,False,"[""frequent_error_exact""]"
pattern_щю_щу,"Редактор проверил щюка, когда готовил короткая заметка.","Редактор проверил щука, когда готовил короткая заметка.",no_existing_candidate_backed_pattern,8,False,"[""frequent_error_exact""]"
pattern_щю_щу,"Эксперт отметил щюка, когда читал итоговая таблица.","Эксперт отметил щука, когда читал итоговая таблица.",no_existing_candidate_backed_pattern,8,False,"[""frequent_error_exact""]"
pattern_щю_щу,Автор увидел щюка и открыл свежая сводка утром.,Автор увидел щука и открыл свежая сводка утром.,no_existing_candidate_backed_pattern,9,False,"[""frequent_error_exact""]"
pattern_щю_щу,"Редактор проверил щюка, когда готовил открытая заявка.","Редактор проверил щука, когда готовил открытая заявка.",no_existing_candidate_backed_pattern,8,False,"[""frequent_error_exact""]"
pattern_щю_щу,"Эксперт отметил щюка, когда читал письменный ответ.","Эксперт отметил щука, когда читал письменный ответ.",no_existing_candidate_backed_pattern,8,False,"[""frequent_error_exact""]"
pattern_щю_щу,Автор увидел щюка и открыл подробная справка утром.,Автор увидел щука и открыл подробная справка утром.,no_existing_candidate_backed_pattern,9,False,"[""frequent_error_exact""]"
pattern_щю_щу,"Редактор проверил щюка, когда готовил районная комиссия.","Редактор проверил щука, когда готовил районная комиссия.",no_existing_candidate_backed_pattern,8,False,"[""frequent_error_exact""]"
pattern_щю_щу,"Эксперт отметил щюка, когда читал финальный список.","Эксперт отметил щука, когда читал финальный список.",no_existing_candidate_backed_pattern,8,False,"[""frequent_error_exact""]"
pattern_щю_щу,Автор увидел щюка и открыл новая редакция утром.,Автор увидел щука и открыл новая редакция утром.,no_existing_candidate_backed_pattern,9,False,"[""frequent_error_exact""]"
pattern_щю_щу,"Редактор проверил щюка, когда готовил архивная запись.","Редактор проверил щука, когда готовил архивная запись.",no_existing_candidate_backed_pattern,8,False,"[""frequent_error_exact""]"
pattern_щю_щу,"Эксперт отметил щюка, когда читал дежурный редактор.","Эксперт отметил щука, когда читал дежурный редактор.",no_existing_candidate_backed_pattern,8,False,"[""frequent_error_exact""]"
pattern_щю_щу,Автор увидел щюка и открыл общий график утром.,Автор увидел щука и открыл общий график утром.,no_existing_candidate_backed_pattern,9,False,"[""frequent_error_exact""]"
pattern_щю_щу,"Редактор проверил щюка, когда готовил плановая встреча.","Редактор проверил щука, когда готовил плановая встреча.",no_existing_candidate_backed_pattern,8,False,"[""frequent_error_exact""]"
pattern_щю_щу,"Эксперт отметил щюка, когда читал осенняя проверка.","Эксперт отметил щука, когда читал осенняя проверка.",no_existing_candidate_backed_pattern,8,False,"[""frequent_error_exact""]"
pattern_щю_щу,Автор увидел щюка и открыл сводный отчет утром.,Автор увидел щука и открыл сводный отчет утром.,no_existing_candidate_backed_pattern,9,False,"[""frequent_error_exact""]"
pattern_щю_щу,"Редактор проверил щюка, когда готовил важная подпись.","Редактор проверил щука, когда готовил важная подпись.",no_existing_candidate_backed_pattern,8,False,"[""frequent_error_exact""]"
pattern_щю_щу,"Эксперт отметил щюка, когда читал рабочая группа.","Эксперт отметил щука, когда читал рабочая группа.",no_existing_candidate_backed_pattern,8,False,"[""frequent_error_exact""]"
pattern_щю_щу,Автор увидел щюка и открыл городская служба утром.,Автор увидел щука и открыл городская служба утром.,no_existing_candidate_backed_pattern,9,False,"[""frequent_error_exact""]"
pattern_щю_щу,"Редактор проверил щюка, когда готовил новый раздел.","Редактор проверил щука, когда готовил новый раздел.",no_existing_candidate_backed_pattern,8,False,"[""frequent_error_exact""]"
pattern_щю_щу,"Эксперт отметил щюка, когда читал учебная таблица.","Эксперт отметил щука, когда читал учебная таблица.",no_existing_candidate_backed_pattern,8,False,"[""frequent_error_exact""]"
pattern_щю_щу,Автор увидел щюка и открыл вечерний протокол утром.,Автор увидел щука и открыл вечерний протокол утром.,no_existing_candidate_backed_pattern,9,False,"[""frequent_error_exact""]"
pattern_щю_щу,"Редактор проверил щюка, когда готовил проверенный файл.","Редактор проверил щука, когда готовил проверенный файл.",no_existing_candidate_backed_pattern,8,False,"[""frequent_error_exact""]"
pattern_щю_щу,"Эксперт отметил щюка, когда читал согласованный договор.","Эксперт отметил щука, когда читал согласованный договор.",no_existing_candidate_backed_pattern,8,False,"[""frequent_error_exact""]"
pattern_щю_щу,Автор увидел щюка и открыл подготовленный список утром.,Автор увидел щука и открыл подготовленный список утром.,no_existing_candidate_backed_pattern,9,False,"[""frequent_error_exact""]"
pattern_щю_щу,"Редактор проверил щюка, когда готовил закрытая заявка.","Редактор проверил щука, когда готовил закрытая заявка.",no_existing_candidate_backed_pattern,8,False,"[""frequent_error_exact""]"
pattern_щю_щу,"Эксперт отметил щюка, когда читал длинная запись.","Эксперт отметил щука, когда читал длинная запись.",no_existing_candidate_backed_pattern,8,False,"[""frequent_error_exact""]"
pattern_щю_щу,Автор увидел щюка и открыл обновленный журнал утром.,Автор увидел щука и открыл обновленный журнал утром.,no_existing_candidate_backed_pattern,9,False,"[""frequent_error_exact""]"
pattern_щю_щу,"Редактор проверил щюка, когда готовил северный филиал.","Редактор проверил щука, когда готовил северный филиал.",no_existing_candidate_backed_pattern,8,False,"[""frequent_error_exact""]"
pattern_щю_щу,"Эксперт отметил щюка, когда читал зимнее расписание.","Эксперт отметил щука, когда читал зимнее расписание.",no_existing_candidate_backed_pattern,8,False,"[""frequent_error_exact""]"
pattern_щю_щу,Автор увидел щюка и открыл летняя проверка утром.,Автор увидел щука и открыл летняя проверка утром.,no_existing_candidate_backed_pattern,9,False,"[""frequent_error_exact""]"
pattern_щю_щу,"Редактор проверил щюка, когда готовил районный протокол.","Редактор проверил щука, когда готовил районный протокол.",no_existing_candidate_backed_pattern,8,False,"[""frequent_error_exact""]"
pattern_щю_щу,"Эксперт отметил щюка, когда читал входящее письмо.","Эксперт отметил щука, когда читал входящее письмо.",no_existing_candidate_backed_pattern,8,False,"[""frequent_error_exact""]"
pattern_щю_щу,Автор увидел щюка и открыл старый договор утром.,Автор увидел щука и открыл старый договор утром.,no_existing_candidate_backed_pattern,9,False,"[""frequent_error_exact""]"
pattern_щю_щу,"Редактор проверил щюка, когда готовил новая таблица.","Редактор проверил щука, когда готовил новая таблица.",no_existing_candidate_backed_pattern,8,False,"[""frequent_error_exact""]"
pattern_щю_щу,"Эксперт отметил щюка, когда читал закрытый раздел.","Эксперт отметил щука, когда читал закрытый раздел.",no_existing_candidate_backed_pattern,8,False,"[""frequent_error_exact""]"
pattern_щю_щу,Автор увидел щюка и открыл утренний приказ утром.,Автор увидел щука и открыл утренний приказ утром.,no_existing_candidate_backed_pattern,9,False,"[""frequent_error_exact""]"
pattern_щю_щу,"Редактор проверил щюка, когда готовил служебная записка.","Редактор проверил щука, когда готовил служебная записка.",no_existing_candidate_backed_pattern,8,False,"[""frequent_error_exact""]"
pattern_щю_щу,"Эксперт отметил щюка, когда читал городской проект.","Эксперт отметил щука, когда читал городской проект.",no_existing_candidate_backed_pattern,8,False,"[""frequent_error_exact""]"
pattern_щю_щу,Автор увидел щюка и открыл важное решение утром.,Автор увидел щука и открыл важное решение утром.,no_existing_candidate_backed_pattern,9,False,"[""frequent_error_exact""]"
pattern_щю_щу,"Редактор проверил щюка, когда готовил общий список.","Редактор проверил щука, когда готовил общий список.",no_existing_candidate_backed_pattern,8,False,"[""frequent_error_exact""]"
pattern_щю_щу,"Эксперт отметил щюка, когда читал рабочий кабинет.","Эксперт отметил щука, когда читал рабочий кабинет.",no_existing_candidate_backed_pattern,8,False,"[""frequent_error_exact""]"
pattern_щю_щу,Автор увидел щюка и открыл архивный номер утром.,Автор увидел щука и открыл архивный номер утром.,no_existing_candidate_backed_pattern,9,False,"[""frequent_error_exact""]"
pattern_щю_щу,"Редактор проверил щюка, когда готовил открытый вопрос.","Редактор проверил щука, когда готовил открытый вопрос.",no_existing_candidate_backed_pattern,8,False,"[""frequent_error_exact""]"
pattern_щю_щу,"Эксперт отметил щюка, когда читал плановый отчет.","Эксперт отметил щука, когда читал плановый отчет.",no_existing_candidate_backed_pattern,8,False,"[""frequent_error_exact""]"
pattern_щю_щу,Автор увидел щюка и открыл новый маршрут утром.,Автор увидел щука и открыл новый маршрут утром.,no_existing_candidate_backed_pattern,9,False,"[""frequent_error_exact""]"
pattern_щю_щу,"Редактор проверил щюка, когда готовил вечерняя смена.","Редактор проверил щука, когда готовил вечерняя смена.",no_existing_candidate_backed_pattern,9,False,"[""frequent_error_exact"", ""n_nn_short_form""]"
pattern_щю_щу,"Эксперт отметил щюка, когда читал срочная заявка.","Эксперт отметил щука, когда читал срочная заявка.",no_existing_candidate_backed_pattern,8,False,"[""frequent_error_exact""]"
pattern_щю_щу,Автор увидел щюка и открыл письменная просьба утром.,Автор увидел щука и открыл письменная просьба утром.,no_existing_candidate_backed_pattern,9,False,"[""frequent_error_exact""]"
pattern_щю_щу,"Редактор проверил щюка, когда готовил короткий протокол.","Редактор проверил щука, когда готовил короткий протокол.",no_existing_candidate_backed_pattern,8,False,"[""frequent_error_exact""]"
pattern_щю_щу,"Эксперт отметил щюка, когда читал дневной выпуск.","Эксперт отметил щука, когда читал дневной выпуск.",no_existing_candidate_backed_pattern,8,False,"[""frequent_error_exact""]"
pattern_щю_щу,Автор увидел щюка и открыл точная дата утром.,Автор увидел щука и открыл точная дата утром.,no_existing_candidate_backed_pattern,9,False,"[""frequent_error_exact""]"
pattern_щю_щу,"Редактор проверил щюка, когда готовил готовый макет.","Редактор проверил щука, когда готовил готовый макет.",no_existing_candidate_backed_pattern,8,False,"[""frequent_error_exact""]"
pattern_щю_щу,"Эксперт отметил щюка, когда читал основной договор.","Эксперт отметил щука, когда читал основной договор.",no_existing_candidate_backed_pattern,8,False,"[""frequent_error_exact""]"
pattern_щю_щу,Автор увидел щюка и открыл временный график утром.,Автор увидел щука и открыл временный график утром.,no_existing_candidate_backed_pattern,9,False,"[""frequent_error_exact""]"
pattern_щю_щу,"Редактор проверил щюка, когда готовил дежурная группа.","Редактор проверил щука, когда готовил дежурная группа.",no_existing_candidate_backed_pattern,8,False,"[""frequent_error_exact""]"
pattern_щю_щу,"Эксперт отметил щюка, когда читал финальная версия.","Эксперт отметил щука, когда читал финальная версия.",no_existing_candidate_backed_pattern,8,False,"[""frequent_error_exact""]"
pattern_щю_щу,Автор увидел щюка и открыл контрольная таблица утром.,Автор увидел щука и открыл контрольная таблица утром.,no_existing_candidate_backed_pattern,9,False,"[""frequent_error_exact""]"
pattern_щю_щу,"Редактор проверил щюка, когда готовил принятый отчет.","Редактор проверил щука, когда готовил принятый отчет.",no_existing_candidate_backed_pattern,8,False,"[""frequent_error_exact""]"
pattern_щю_щу,"Эксперт отметил щюка, когда читал закрытое письмо.","Эксперт отметил щука, когда читал закрытое письмо.",no_existing_candidate_backed_pattern,8,False,"[""frequent_error_exact""]"
pattern_щю_щу,Автор увидел щюка и открыл служебный ответ утром.,Автор увидел щука и открыл служебный ответ утром.,no_existing_candidate_backed_pattern,9,False,"[""frequent_error_exact""]"
pattern_щю_щу,"Редактор проверил щюка, когда готовил городская программа.","Редактор проверил щука, когда готовил городская программа.",no_existing_candidate_backed_pattern,8,False,"[""frequent_error_exact""]"
prefix_z_to_s,"Редактор проверил безполезный, когда готовил рабочий отчет.","Редактор проверил бесполезный, когда готовил рабочий отчет.",no_existing_candidate_backed_pattern,8,False,"[""frequent_error_exact""]"
prefix_z_to_s,"Редактор проверил безполезный, когда готовил новый документ.","Редактор проверил бесполезный, когда готовил новый документ.",no_existing_candidate_backed_pattern,8,False,"[""frequent_error_exact""]"
prefix_z_to_s,"Редактор проверил безполезный, когда готовил точный план.","Редактор проверил бесполезный, когда готовил точный план.",no_existing_candidate_backed_pattern,8,False,"[""frequent_error_exact""]"
prefix_z_to_s,"Редактор проверил безполезный, когда готовил городской архив.","Редактор проверил бесполезный, когда готовил городской архив.",no_existing_candidate_backed_pattern,8,False,"[""frequent_error_exact""]"
prefix_z_to_s,"Редактор проверил безполезный, когда готовил утренний выпуск.","Редактор проверил бесполезный, когда готовил утренний выпуск.",no_existing_candidate_backed_pattern,8,False,"[""frequent_error_exact""]"
prefix_z_to_s,"Редактор проверил безполезный, когда готовил важный договор.","Редактор проверил бесполезный, когда готовил важный договор.",no_existing_candidate_backed_pattern,8,False,"[""frequent_error_exact""]"
prefix_z_to_s,"Редактор проверил безполезный, когда готовил короткая заметка.","Редактор проверил бесполезный, когда готовил короткая заметка.",no_existing_candidate_backed_pattern,8,False,"[""frequent_error_exact""]"
prefix_z_to_s,"Редактор проверил безполезный, когда готовил итоговая таблица.","Редактор проверил бесполезный, когда готовил итоговая таблица.",no_existing_candidate_backed_pattern,8,False,"[""frequent_error_exact""]"
prefix_z_to_s,"Редактор проверил безполезный, когда готовил свежая сводка.","Редактор проверил бесполезный, когда готовил свежая сводка.",no_existing_candidate_backed_pattern,8,False,"[""frequent_error_exact""]"
prefix_z_to_s,"Редактор проверил безполезный, когда готовил открытая заявка.","Редактор проверил бесполезный, когда готовил открытая заявка.",no_existing_candidate_backed_pattern,8,False,"[""frequent_error_exact""]"
prefix_z_to_s,"Редактор проверил безполезный, когда готовил письменный ответ.","Редактор проверил бесполезный, когда готовил письменный ответ.",no_existing_candidate_backed_pattern,8,False,"[""frequent_error_exact""]"
prefix_z_to_s,"Редактор проверил безполезный, когда готовил подробная справка.","Редактор проверил бесполезный, когда готовил подробная справка.",no_existing_candidate_backed_pattern,8,False,"[""frequent_error_exact""]"
prefix_z_to_s,"Редактор проверил безполезный, когда готовил районная комиссия.","Редактор проверил бесполезный, когда готовил районная комиссия.",no_existing_candidate_backed_pattern,8,False,"[""frequent_error_exact""]"
prefix_z_to_s,"Редактор проверил безполезный, когда готовил финальный список.","Редактор проверил бесполезный, когда готовил финальный список.",no_existing_candidate_backed_pattern,8,False,"[""frequent_error_exact""]"
prefix_z_to_s,"Редактор проверил безполезный, когда готовил новая редакция.","Редактор проверил бесполезный, когда готовил новая редакция.",no_existing_candidate_backed_pattern,8,False,"[""frequent_error_exact""]"
prefix_z_to_s,"Редактор проверил безполезный, когда готовил архивная запись.","Редактор проверил бесполезный, когда готовил архивная запись.",no_existing_candidate_backed_pattern,8,False,"[""frequent_error_exact""]"
prefix_z_to_s,"Редактор проверил безполезный, когда готовил дежурный редактор.","Редактор проверил бесполезный, когда готовил дежурный редактор.",no_existing_candidate_backed_pattern,8,False,"[""frequent_error_exact""]"
prefix_z_to_s,"Редактор проверил безполезный, когда готовил общий график.","Редактор проверил бесполезный, когда готовил общий график.",no_existing_candidate_backed_pattern,8,False,"[""frequent_error_exact""]"
prefix_z_to_s,"Редактор проверил безполезный, когда готовил плановая встреча.","Редактор проверил бесполезный, когда готовил плановая встреча.",no_existing_candidate_backed_pattern,8,False,"[""frequent_error_exact""]"
prefix_z_to_s,"Редактор проверил безполезный, когда готовил осенняя проверка.","Редактор проверил бесполезный, когда готовил осенняя проверка.",no_existing_candidate_backed_pattern,8,False,"[""frequent_error_exact""]"
prefix_z_to_s,"Редактор проверил безполезный, когда готовил сводный отчет.","Редактор проверил бесполезный, когда готовил сводный отчет.",no_existing_candidate_backed_pattern,8,False,"[""frequent_error_exact""]"
prefix_z_to_s,"Редактор проверил безполезный, когда готовил важная подпись.","Редактор проверил бесполезный, когда готовил важная подпись.",no_existing_candidate_backed_pattern,8,False,"[""frequent_error_exact""]"
prefix_z_to_s,"Редактор проверил безполезный, когда готовил рабочая группа.","Редактор проверил бесполезный, когда готовил рабочая группа.",no_existing_candidate_backed_pattern,8,False,"[""frequent_error_exact""]"
prefix_z_to_s,"Редактор проверил безполезный, когда готовил городская служба.","Редактор проверил бесполезный, когда готовил городская служба.",no_existing_candidate_backed_pattern,8,False,"[""frequent_error_exact""]"
prefix_z_to_s,"Редактор проверил безполезный, когда готовил новый раздел.","Редактор проверил бесполезный, когда готовил новый раздел.",no_existing_candidate_backed_pattern,8,False,"[""frequent_error_exact""]"
prefix_z_to_s,"Редактор проверил безполезный, когда готовил учебная таблица.","Редактор проверил бесполезный, когда готовил учебная таблица.",no_existing_candidate_backed_pattern,8,False,"[""frequent_error_exact""]"
prefix_z_to_s,"Редактор проверил безполезный, когда готовил вечерний протокол.","Редактор проверил бесполезный, когда готовил вечерний протокол.",no_existing_candidate_backed_pattern,8,False,"[""frequent_error_exact""]"
prefix_z_to_s,"Редактор проверил безполезный, когда готовил проверенный файл.","Редактор проверил бесполезный, когда готовил проверенный файл.",no_existing_candidate_backed_pattern,8,False,"[""frequent_error_exact""]"
prefix_z_to_s,"Редактор проверил безполезный, когда готовил согласованный договор.","Редактор проверил бесполезный, когда готовил согласованный договор.",no_existing_candidate_backed_pattern,8,False,"[""frequent_error_exact""]"
prefix_z_to_s,"Редактор проверил безполезный, когда готовил подготовленный список.","Редактор проверил бесполезный, когда готовил подготовленный список.",no_existing_candidate_backed_pattern,8,False,"[""frequent_error_exact""]"
prefix_z_to_s,"Редактор проверил безполезный, когда готовил закрытая заявка.","Редактор проверил бесполезный, когда готовил закрытая заявка.",no_existing_candidate_backed_pattern,8,False,"[""frequent_error_exact""]"
prefix_z_to_s,"Редактор проверил безполезный, когда готовил длинная запись.","Редактор проверил бесполезный, когда готовил длинная запись.",no_existing_candidate_backed_pattern,8,False,"[""frequent_error_exact""]"
prefix_z_to_s,"Редактор проверил безполезный, когда готовил обновленный журнал.","Редактор проверил бесполезный, когда готовил обновленный журнал.",no_existing_candidate_backed_pattern,8,False,"[""frequent_error_exact""]"
sdelat_prefix,"Редактор проверил зделать, когда готовил рабочий отчет.","Редактор проверил сделать, когда готовил рабочий отчет.",no_existing_candidate_backed_pattern,8,False,"[""frequent_error_exact""]"
sdelat_prefix,Команда внесла зделал в рабочий отчет перед встречей.,Команда внесла сделал в рабочий отчет перед встречей.,no_existing_candidate_backed_pattern,9,False,"[""frequent_error_exact""]"
sdelat_prefix,"Редактор проверил зделать, когда готовил новый документ.","Редактор проверил сделать, когда готовил новый документ.",no_existing_candidate_backed_pattern,8,False,"[""frequent_error_exact""]"
sdelat_prefix,Команда внесла зделал в новый документ перед встречей.,Команда внесла сделал в новый документ перед встречей.,no_existing_candidate_backed_pattern,9,False,"[""frequent_error_exact""]"
sdelat_prefix,"Редактор проверил зделать, когда готовил точный план.","Редактор проверил сделать, когда готовил точный план.",no_existing_candidate_backed_pattern,8,False,"[""frequent_error_exact""]"
sdelat_prefix,Команда внесла зделал в точный план перед встречей.,Команда внесла сделал в точный план перед встречей.,no_existing_candidate_backed_pattern,9,False,"[""frequent_error_exact""]"
sdelat_prefix,"Редактор проверил зделать, когда готовил городской архив.","Редактор проверил сделать, когда готовил городской архив.",no_existing_candidate_backed_pattern,8,False,"[""frequent_error_exact""]"
sdelat_prefix,Команда внесла зделал в городской архив перед встречей.,Команда внесла сделал в городской архив перед встречей.,no_existing_candidate_backed_pattern,9,False,"[""frequent_error_exact""]"
sdelat_prefix,"Редактор проверил зделать, когда готовил утренний выпуск.","Редактор проверил сделать, когда готовил утренний выпуск.",no_existing_candidate_backed_pattern,8,False,"[""frequent_error_exact""]"
sdelat_prefix,Команда внесла зделал в утренний выпуск перед встречей.,Команда внесла сделал в утренний выпуск перед встречей.,no_existing_candidate_backed_pattern,9,False,"[""frequent_error_exact""]"
sdelat_prefix,"Редактор проверил зделать, когда готовил важный договор.","Редактор проверил сделать, когда готовил важный договор.",no_existing_candidate_backed_pattern,8,False,"[""frequent_error_exact""]"
sdelat_prefix,Команда внесла зделал в важный договор перед встречей.,Команда внесла сделал в важный договор перед встречей.,no_existing_candidate_backed_pattern,9,False,"[""frequent_error_exact""]"
sdelat_prefix,"Редактор проверил зделать, когда готовил короткая заметка.","Редактор проверил сделать, когда готовил короткая заметка.",no_existing_candidate_backed_pattern,8,False,"[""frequent_error_exact""]"
sdelat_prefix,Команда внесла зделал в короткая заметка перед встречей.,Команда внесла сделал в короткая заметка перед встречей.,no_existing_candidate_backed_pattern,9,False,"[""frequent_error_exact""]"
sdelat_prefix,"Редактор проверил зделать, когда готовил итоговая таблица.","Редактор проверил сделать, когда готовил итоговая таблица.",no_existing_candidate_backed_pattern,8,False,"[""frequent_error_exact""]"
sdelat_prefix,Команда внесла зделал в итоговая таблица перед встречей.,Команда внесла сделал в итоговая таблица перед встречей.,no_existing_candidate_backed_pattern,9,False,"[""frequent_error_exact""]"
sdelat_prefix,"Редактор проверил зделать, когда готовил свежая сводка.","Редактор проверил сделать, когда готовил свежая сводка.",no_existing_candidate_backed_pattern,8,False,"[""frequent_error_exact""]"
sdelat_prefix,Команда внесла зделал в свежая сводка перед встречей.,Команда внесла сделал в свежая сводка перед встречей.,no_existing_candidate_backed_pattern,9,False,"[""frequent_error_exact""]"
sdelat_prefix,"Редактор проверил зделать, когда готовил открытая заявка.","Редактор проверил сделать, когда готовил открытая заявка.",no_existing_candidate_backed_pattern,8,False,"[""frequent_error_exact""]"
sdelat_prefix,Команда внесла зделал в открытая заявка перед встречей.,Команда внесла сделал в открытая заявка перед встречей.,no_existing_candidate_backed_pattern,9,False,"[""frequent_error_exact""]"
sdelat_prefix,"Редактор проверил зделать, когда готовил письменный ответ.","Редактор проверил сделать, когда готовил письменный ответ.",no_existing_candidate_backed_pattern,8,False,"[""frequent_error_exact""]"
sdelat_prefix,Команда внесла зделал в письменный ответ перед встречей.,Команда внесла сделал в письменный ответ перед встречей.,no_existing_candidate_backed_pattern,9,False,"[""frequent_error_exact""]"
sdelat_prefix,"Редактор проверил зделать, когда готовил подробная справка.","Редактор проверил сделать, когда готовил подробная справка.",no_existing_candidate_backed_pattern,8,False,"[""frequent_error_exact""]"
sdelat_prefix,Команда внесла зделал в подробная справка перед встречей.,Команда внесла сделал в подробная справка перед встречей.,no_existing_candidate_backed_pattern,9,False,"[""frequent_error_exact""]"
sdelat_prefix,"Редактор проверил зделать, когда готовил районная комиссия.","Редактор проверил сделать, когда готовил районная комиссия.",no_existing_candidate_backed_pattern,8,False,"[""frequent_error_exact""]"
sdelat_prefix,Команда внесла зделал в районная комиссия перед встречей.,Команда внесла сделал в районная комиссия перед встречей.,no_existing_candidate_backed_pattern,9,False,"[""frequent_error_exact""]"
sdelat_prefix,"Редактор проверил зделать, когда готовил финальный список.","Редактор проверил сделать, когда готовил финальный список.",no_existing_candidate_backed_pattern,8,False,"[""frequent_error_exact""]"
sdelat_prefix,Команда внесла зделал в финальный список перед встречей.,Команда внесла сделал в финальный список перед встречей.,no_existing_candidate_backed_pattern,9,False,"[""frequent_error_exact""]"
sdelat_prefix,"Редактор проверил зделать, когда готовил новая редакция.","Редактор проверил сделать, когда готовил новая редакция.",no_existing_candidate_backed_pattern,8,False,"[""frequent_error_exact""]"
sdelat_prefix,Команда внесла зделал в новая редакция перед встречей.,Команда внесла сделал в новая редакция перед встречей.,no_existing_candidate_backed_pattern,9,False,"[""frequent_error_exact""]"
sdelat_prefix,"Редактор проверил зделать, когда готовил архивная запись.","Редактор проверил сделать, когда готовил архивная запись.",no_existing_candidate_backed_pattern,8,False,"[""frequent_error_exact""]"
sdelat_prefix,Команда внесла зделал в архивная запись перед встречей.,Команда внесла сделал в архивная запись перед встречей.,no_existing_candidate_backed_pattern,9,False,"[""frequent_error_exact""]"
sdelat_prefix,"Редактор проверил зделать, когда готовил дежурный редактор.","Редактор проверил сделать, когда готовил дежурный редактор.",no_existing_candidate_backed_pattern,8,False,"[""frequent_error_exact""]"
sdelat_prefix,Команда внесла зделал в дежурный редактор перед встречей.,Команда внесла сделал в дежурный редактор перед встречей.,no_existing_candidate_backed_pattern,9,False,"[""frequent_error_exact""]"
sdelat_prefix,"Редактор проверил зделать, когда готовил общий график.","Редактор проверил сделать, когда готовил общий график.",no_existing_candidate_backed_pattern,8,False,"[""frequent_error_exact""]"
sdelat_prefix,Команда внесла зделал в общий график перед встречей.,Команда внесла сделал в общий график перед встречей.,no_existing_candidate_backed_pattern,9,False,"[""frequent_error_exact""]"
sdelat_prefix,"Редактор проверил зделать, когда готовил плановая встреча.","Редактор проверил сделать, когда готовил плановая встреча.",no_existing_candidate_backed_pattern,8,False,"[""frequent_error_exact""]"
sdelat_prefix,Команда внесла зделал в плановая встреча перед встречей.,Команда внесла сделал в плановая встреча перед встречей.,no_existing_candidate_backed_pattern,9,False,"[""frequent_error_exact""]"
sdelat_prefix,"Редактор проверил зделать, когда готовил осенняя проверка.","Редактор проверил сделать, когда готовил осенняя проверка.",no_existing_candidate_backed_pattern,8,False,"[""frequent_error_exact""]"
sdelat_prefix,Команда внесла зделал в осенняя проверка перед встречей.,Команда внесла сделал в осенняя проверка перед встречей.,no_existing_candidate_backed_pattern,9,False,"[""frequent_error_exact""]"
sdelat_prefix,"Редактор проверил зделать, когда готовил сводный отчет.","Редактор проверил сделать, когда готовил сводный отчет.",no_existing_candidate_backed_pattern,8,False,"[""frequent_error_exact""]"
sdelat_prefix,Команда внесла зделал в сводный отчет перед встречей.,Команда внесла сделал в сводный отчет перед встречей.,no_existing_candidate_backed_pattern,9,False,"[""frequent_error_exact""]"
sdelat_prefix,"Редактор проверил зделать, когда готовил важная подпись.","Редактор проверил сделать, когда готовил важная подпись.",no_existing_candidate_backed_pattern,8,False,"[""frequent_error_exact""]"
sdelat_prefix,Команда внесла зделал в важная подпись перед встречей.,Команда внесла сделал в важная подпись перед встречей.,no_existing_candidate_backed_pattern,9,False,"[""frequent_error_exact""]"
sdelat_prefix,"Редактор проверил зделать, когда готовил рабочая группа.","Редактор проверил сделать, когда готовил рабочая группа.",no_existing_candidate_backed_pattern,8,False,"[""frequent_error_exact""]"
sdelat_prefix,Команда внесла зделал в рабочая группа перед встречей.,Команда внесла сделал в рабочая группа перед встречей.,no_existing_candidate_backed_pattern,9,False,"[""frequent_error_exact""]"
sdelat_prefix,"Редактор проверил зделать, когда готовил городская служба.","Редактор проверил сделать, когда готовил городская служба.",no_existing_candidate_backed_pattern,8,False,"[""frequent_error_exact""]"
sdelat_prefix,Команда внесла зделал в городская служба перед встречей.,Команда внесла сделал в городская служба перед встречей.,no_existing_candidate_backed_pattern,9,False,"[""frequent_error_exact""]"
sdelat_prefix,"Редактор проверил зделать, когда готовил новый раздел.","Редактор проверил сделать, когда готовил новый раздел.",no_existing_candidate_backed_pattern,8,False,"[""frequent_error_exact""]"
sdelat_prefix,Команда внесла зделал в новый раздел перед встречей.,Команда внесла сделал в новый раздел перед встречей.,no_existing_candidate_backed_pattern,9,False,"[""frequent_error_exact""]"
sdelat_prefix,"Редактор проверил зделать, когда готовил учебная таблица.","Редактор проверил сделать, когда готовил учебная таблица.",no_existing_candidate_backed_pattern,8,False,"[""frequent_error_exact""]"
sdelat_prefix,Команда внесла зделал в учебная таблица перед встречей.,Команда внесла сделал в учебная таблица перед встречей.,no_existing_candidate_backed_pattern,9,False,"[""frequent_error_exact""]"
sdelat_prefix,"Редактор проверил зделать, когда готовил вечерний протокол.","Редактор проверил сделать, когда готовил вечерний протокол.",no_existing_candidate_backed_pattern,8,False,"[""frequent_error_exact""]"
sdelat_prefix,Команда внесла зделал в вечерний протокол перед встречей.,Команда внесла сделал в вечерний протокол перед встречей.,no_existing_candidate_backed_pattern,9,False,"[""frequent_error_exact""]"
sdelat_prefix,"Редактор проверил зделать, когда готовил проверенный файл.","Редактор проверил сделать, когда готовил проверенный файл.",no_existing_candidate_backed_pattern,8,False,"[""frequent_error_exact""]"
sdelat_prefix,Команда внесла зделал в проверенный файл перед встречей.,Команда внесла сделал в проверенный файл перед встречей.,no_existing_candidate_backed_pattern,9,False,"[""frequent_error_exact""]"
sdelat_prefix,"Редактор проверил зделать, когда готовил согласованный договор.","Редактор проверил сделать, когда готовил согласованный договор.",no_existing_candidate_backed_pattern,8,False,"[""frequent_error_exact""]"
sdelat_prefix,Команда внесла зделал в согласованный договор перед встречей.,Команда внесла сделал в согласованный договор перед встречей.,no_existing_candidate_backed_pattern,9,False,"[""frequent_error_exact""]"
sdelat_prefix,"Редактор проверил зделать, когда готовил подготовленный список.","Редактор проверил сделать, когда готовил подготовленный список.",no_existing_candidate_backed_pattern,8,False,"[""frequent_error_exact""]"
sdelat_prefix,Команда внесла зделал в подготовленный список перед встречей.,Команда внесла сделал в подготовленный список перед встречей.,no_existing_candidate_backed_pattern,9,False,"[""frequent_error_exact""]"
sdelat_prefix,"Редактор проверил зделать, когда готовил закрытая заявка.","Редактор проверил сделать, когда готовил закрытая заявка.",no_existing_candidate_backed_pattern,8,False,"[""frequent_error_exact""]"
sdelat_prefix,Команда внесла зделал в закрытая заявка перед встречей.,Команда внесла сделал в закрытая заявка перед встречей.,no_existing_candidate_backed_pattern,9,False,"[""frequent_error_exact""]"
sdelat_prefix,"Редактор проверил зделать, когда готовил длинная запись.","Редактор проверил сделать, когда готовил длинная запись.",no_existing_candidate_backed_pattern,8,False,"[""frequent_error_exact""]"
sdelat_prefix,Команда внесла зделал в длинная запись перед встречей.,Команда внесла сделал в длинная запись перед встречей.,no_existing_candidate_backed_pattern,9,False,"[""frequent_error_exact""]"
sdelat_prefix,"Редактор проверил зделать, когда готовил обновленный журнал.","Редактор проверил сделать, когда готовил обновленный журнал.",no_existing_candidate_backed_pattern,8,False,"[""frequent_error_exact""]"
sdelat_prefix,Команда внесла зделал в обновленный журнал перед встречей.,Команда внесла сделал в обновленный журнал перед встречей.,no_existing_candidate_backed_pattern,9,False,"[""frequent_error_exact""]"
sdelat_prefix,"Редактор проверил зделать, когда готовил северный филиал.","Редактор проверил сделать, когда готовил северный филиал.",no_existing_candidate_backed_pattern,8,False,"[""frequent_error_exact""]"
sdelat_prefix,Команда внесла зделал в северный филиал перед встречей.,Команда внесла сделал в северный филиал перед встречей.,no_existing_candidate_backed_pattern,9,False,"[""frequent_error_exact""]"
sdelat_prefix,"Редактор проверил зделать, когда готовил зимнее расписание.","Редактор проверил сделать, когда готовил зимнее расписание.",no_existing_candidate_backed_pattern,8,False,"[""frequent_error_exact""]"
sdelat_prefix,Команда внесла зделал в зимнее расписание перед встречей.,Команда внесла сделал в зимнее расписание перед встречей.,no_existing_candidate_backed_pattern,9,False,"[""frequent_error_exact""]"
sdelat_prefix,"Редактор проверил зделать, когда готовил летняя проверка.","Редактор проверил сделать, когда готовил летняя проверка.",no_existing_candidate_backed_pattern,8,False,"[""frequent_error_exact""]"
sdelat_prefix,Команда внесла зделал в летняя проверка перед встречей.,Команда внесла сделал в летняя проверка перед встречей.,no_existing_candidate_backed_pattern,9,False,"[""frequent_error_exact""]"
sdelat_prefix,"Редактор проверил зделать, когда готовил районный протокол.","Редактор проверил сделать, когда готовил районный протокол.",no_existing_candidate_backed_pattern,8,False,"[""frequent_error_exact""]"
sdelat_prefix,Команда внесла зделал в районный протокол перед встречей.,Команда внесла сделал в районный протокол перед встречей.,no_existing_candidate_backed_pattern,9,False,"[""frequent_error_exact""]"
sdelat_prefix,"Редактор проверил зделать, когда готовил входящее письмо.","Редактор проверил сделать, когда готовил входящее письмо.",no_existing_candidate_backed_pattern,8,False,"[""frequent_error_exact""]"
sdelat_prefix,Команда внесла зделал в входящее письмо перед встречей.,Команда внесла сделал в входящее письмо перед встречей.,no_existing_candidate_backed_pattern,9,False,"[""frequent_error_exact""]"
sdelat_prefix,"Редактор проверил зделать, когда готовил старый договор.","Редактор проверил сделать, когда готовил старый договор.",no_existing_candidate_backed_pattern,8,False,"[""frequent_error_exact""]"
sdelat_prefix,Команда внесла зделал в старый договор перед встречей.,Команда внесла сделал в старый договор перед встречей.,no_existing_candidate_backed_pattern,9,False,"[""frequent_error_exact""]"
sdelat_prefix,"Редактор проверил зделать, когда готовил новая таблица.","Редактор проверил сделать, когда готовил новая таблица.",no_existing_candidate_backed_pattern,8,False,"[""frequent_error_exact""]"
sdelat_prefix,Команда внесла зделал в новая таблица перед встречей.,Команда внесла сделал в новая таблица перед встречей.,no_existing_candidate_backed_pattern,9,False,"[""frequent_error_exact""]"
sdelat_prefix,"Редактор проверил зделать, когда готовил закрытый раздел.","Редактор проверил сделать, когда готовил закрытый раздел.",no_existing_candidate_backed_pattern,8,False,"[""frequent_error_exact""]"
sdelat_prefix,Команда внесла зделал в закрытый раздел перед встречей.,Команда внесла сделал в закрытый раздел перед встречей.,no_existing_candidate_backed_pattern,9,False,"[""frequent_error_exact""]"
sdelat_prefix,"Редактор проверил зделать, когда готовил утренний приказ.","Редактор проверил сделать, когда готовил утренний приказ.",no_existing_candidate_backed_pattern,8,False,"[""frequent_error_exact""]"
sdelat_prefix,Команда внесла зделал в утренний приказ перед встречей.,Команда внесла сделал в утренний приказ перед встречей.,no_existing_candidate_backed_pattern,9,False,"[""frequent_error_exact""]"
sdelat_prefix,"Редактор проверил зделать, когда готовил служебная записка.","Редактор проверил сделать, когда готовил служебная записка.",no_existing_candidate_backed_pattern,8,False,"[""frequent_error_exact""]"
sdelat_prefix,Команда внесла зделал в служебная записка перед встречей.,Команда внесла сделал в служебная записка перед встречей.,no_existing_candidate_backed_pattern,9,False,"[""frequent_error_exact""]"
sdelat_prefix,"Редактор проверил зделать, когда готовил городской проект.","Редактор проверил сделать, когда готовил городской проект.",no_existing_candidate_backed_pattern,8,False,"[""frequent_error_exact""]"
sdelat_prefix,Команда внесла зделал в городской проект перед встречей.,Команда внесла сделал в городской проект перед встречей.,no_existing_candidate_backed_pattern,9,False,"[""frequent_error_exact""]"
sdelat_prefix,"Редактор проверил зделать, когда готовил важное решение.","Редактор проверил сделать, когда готовил важное решение.",no_existing_candidate_backed_pattern,8,False,"[""frequent_error_exact""]"
sdelat_prefix,Команда внесла зделал в важное решение перед встречей.,Команда внесла сделал в важное решение перед встречей.,no_existing_candidate_backed_pattern,9,False,"[""frequent_error_exact""]"
sdelat_prefix,"Редактор проверил зделать, когда готовил общий список.","Редактор проверил сделать, когда готовил общий список.",no_existing_candidate_backed_pattern,8,False,"[""frequent_error_exact""]"
sdelat_prefix,Команда внесла зделал в общий список перед встречей.,Команда внесла сделал в общий список перед встречей.,no_existing_candidate_backed_pattern,9,False,"[""frequent_error_exact""]"
sdelat_prefix,"Редактор проверил зделать, когда готовил рабочий кабинет.","Редактор проверил сделать, когда готовил рабочий кабинет.",no_existing_candidate_backed_pattern,8,False,"[""frequent_error_exact""]"
sdelat_prefix,Команда внесла зделал в рабочий кабинет перед встречей.,Команда внесла сделал в рабочий кабинет перед встречей.,no_existing_candidate_backed_pattern,9,False,"[""frequent_error_exact""]"
sdelat_prefix,"Редактор проверил зделать, когда готовил архивный номер.","Редактор проверил сделать, когда готовил архивный номер.",no_existing_candidate_backed_pattern,8,False,"[""frequent_error_exact""]"
sdelat_prefix,Команда внесла зделал в архивный номер перед встречей.,Команда внесла сделал в архивный номер перед встречей.,no_existing_candidate_backed_pattern,9,False,"[""frequent_error_exact""]"
sdelat_prefix,"Редактор проверил зделать, когда готовил открытый вопрос.","Редактор проверил сделать, когда готовил открытый вопрос.",no_existing_candidate_backed_pattern,8,False,"[""frequent_error_exact""]"
sdelat_prefix,Команда внесла зделал в открытый вопрос перед встречей.,Команда внесла сделал в открытый вопрос перед встречей.,no_existing_candidate_backed_pattern,9,False,"[""frequent_error_exact""]"
soft_to_hard_sign,Автор увидел сьезд и открыл рабочий отчет утром.,Автор увидел съезд и открыл рабочий отчет утром.,no_existing_candidate_backed_pattern,9,False,"[""frequent_error_exact""]"
soft_to_hard_sign,"Секретарь сохранил обьект, потому что рабочий отчет был важен.","Секретарь сохранил объект, потому что рабочий отчет был важен.",no_existing_candidate_backed_pattern,10,False,"[""frequent_error_exact""]"
soft_to_hard_sign,Автор увидел сьезд и открыл новый документ утром.,Автор увидел съезд и открыл новый документ утром.,no_existing_candidate_backed_pattern,9,False,"[""frequent_error_exact""]"
soft_to_hard_sign,"Секретарь сохранил обьект, потому что новый документ был важен.","Секретарь сохранил объект, потому что новый документ был важен.",no_existing_candidate_backed_pattern,10,False,"[""frequent_error_exact""]"
soft_to_hard_sign,Автор увидел сьезд и открыл точный план утром.,Автор увидел съезд и открыл точный план утром.,no_existing_candidate_backed_pattern,9,False,"[""frequent_error_exact""]"
soft_to_hard_sign,"Секретарь сохранил обьект, потому что точный план был важен.","Секретарь сохранил объект, потому что точный план был важен.",no_existing_candidate_backed_pattern,10,False,"[""frequent_error_exact""]"
soft_to_hard_sign,Автор увидел сьезд и открыл городской архив утром.,Автор увидел съезд и открыл городской архив утром.,no_existing_candidate_backed_pattern,9,False,"[""frequent_error_exact""]"
soft_to_hard_sign,"Секретарь сохранил обьект, потому что городской архив был важен.","Секретарь сохранил объект, потому что городской архив был важен.",no_existing_candidate_backed_pattern,10,False,"[""frequent_error_exact""]"
soft_to_hard_sign,Автор увидел сьезд и открыл утренний выпуск утром.,Автор увидел съезд и открыл утренний выпуск утром.,no_existing_candidate_backed_pattern,9,False,"[""frequent_error_exact""]"
soft_to_hard_sign,"Секретарь сохранил обьект, потому что утренний выпуск был важен.","Секретарь сохранил объект, потому что утренний выпуск был важен.",no_existing_candidate_backed_pattern,10,False,"[""frequent_error_exact""]"
soft_to_hard_sign,Автор увидел сьезд и открыл важный договор утром.,Автор увидел съезд и открыл важный договор утром.,no_existing_candidate_backed_pattern,9,False,"[""frequent_error_exact""]"
soft_to_hard_sign,"Секретарь сохранил обьект, потому что важный договор был важен.","Секретарь сохранил объект, потому что важный договор был важен.",no_existing_candidate_backed_pattern,10,False,"[""frequent_error_exact""]"
soft_to_hard_sign,Автор увидел сьезд и открыл короткая заметка утром.,Автор увидел съезд и открыл короткая заметка утром.,no_existing_candidate_backed_pattern,9,False,"[""frequent_error_exact""]"
soft_to_hard_sign,"Секретарь сохранил обьект, потому что короткая заметка был важен.","Секретарь сохранил объект, потому что короткая заметка был важен.",no_existing_candidate_backed_pattern,10,False,"[""frequent_error_exact""]"
soft_to_hard_sign,Автор увидел сьезд и открыл итоговая таблица утром.,Автор увидел съезд и открыл итоговая таблица утром.,no_existing_candidate_backed_pattern,9,False,"[""frequent_error_exact""]"
soft_to_hard_sign,"Секретарь сохранил обьект, потому что итоговая таблица был важен.","Секретарь сохранил объект, потому что итоговая таблица был важен.",no_existing_candidate_backed_pattern,10,False,"[""frequent_error_exact""]"
soft_to_hard_sign,Автор увидел сьезд и открыл свежая сводка утром.,Автор увидел съезд и открыл свежая сводка утром.,no_existing_candidate_backed_pattern,9,False,"[""frequent_error_exact""]"
soft_to_hard_sign,"Секретарь сохранил обьект, потому что свежая сводка был важен.","Секретарь сохранил объект, потому что свежая сводка был важен.",no_existing_candidate_backed_pattern,10,False,"[""frequent_error_exact""]"
soft_to_hard_sign,Автор увидел сьезд и открыл открытая заявка утром.,Автор увидел съезд и открыл открытая заявка утром.,no_existing_candidate_backed_pattern,9,False,"[""frequent_error_exact""]"
soft_to_hard_sign,"Секретарь сохранил обьект, потому что открытая заявка был важен.","Секретарь сохранил объект, потому что открытая заявка был важен.",no_existing_candidate_backed_pattern,10,False,"[""frequent_error_exact""]"
soft_to_hard_sign,Автор увидел сьезд и открыл письменный ответ утром.,Автор увидел съезд и открыл письменный ответ утром.,no_existing_candidate_backed_pattern,9,False,"[""frequent_error_exact""]"
soft_to_hard_sign,"Секретарь сохранил обьект, потому что письменный ответ был важен.","Секретарь сохранил объект, потому что письменный ответ был важен.",no_existing_candidate_backed_pattern,10,False,"[""frequent_error_exact""]"
soft_to_hard_sign,Автор увидел сьезд и открыл подробная справка утром.,Автор увидел съезд и открыл подробная справка утром.,no_existing_candidate_backed_pattern,9,False,"[""frequent_error_exact""]"
soft_to_hard_sign,"Секретарь сохранил обьект, потому что подробная справка был важен.","Секретарь сохранил объект, потому что подробная справка был важен.",no_existing_candidate_backed_pattern,10,False,"[""frequent_error_exact""]"
soft_to_hard_sign,Автор увидел сьезд и открыл районная комиссия утром.,Автор увидел съезд и открыл районная комиссия утром.,no_existing_candidate_backed_pattern,9,False,"[""frequent_error_exact""]"
soft_to_hard_sign,"Секретарь сохранил обьект, потому что районная комиссия был важен.","Секретарь сохранил объект, потому что районная комиссия был важен.",no_existing_candidate_backed_pattern,10,False,"[""frequent_error_exact""]"
soft_to_hard_sign,Автор увидел сьезд и открыл финальный список утром.,Автор увидел съезд и открыл финальный список утром.,no_existing_candidate_backed_pattern,9,False,"[""frequent_error_exact""]"
soft_to_hard_sign,"Секретарь сохранил обьект, потому что финальный список был важен.","Секретарь сохранил объект, потому что финальный список был важен.",no_existing_candidate_backed_pattern,10,False,"[""frequent_error_exact""]"
soft_to_hard_sign,Автор увидел сьезд и открыл новая редакция утром.,Автор увидел съезд и открыл новая редакция утром.,no_existing_candidate_backed_pattern,9,False,"[""frequent_error_exact""]"
soft_to_hard_sign,"Секретарь сохранил обьект, потому что новая редакция был важен.","Секретарь сохранил объект, потому что новая редакция был важен.",no_existing_candidate_backed_pattern,10,False,"[""frequent_error_exact""]"
soft_to_hard_sign,Автор увидел сьезд и открыл архивная запись утром.,Автор увидел съезд и открыл архивная запись утром.,no_existing_candidate_backed_pattern,9,False,"[""frequent_error_exact""]"
soft_to_hard_sign,"Секретарь сохранил обьект, потому что архивная запись был важен.","Секретарь сохранил объект, потому что архивная запись был важен.",no_existing_candidate_backed_pattern,10,False,"[""frequent_error_exact""]"
soft_to_hard_sign,Автор увидел сьезд и открыл дежурный редактор утром.,Автор увидел съезд и открыл дежурный редактор утром.,no_existing_candidate_backed_pattern,9,False,"[""frequent_error_exact""]"
soft_to_hard_sign,"Секретарь сохранил обьект, потому что дежурный редактор был важен.","Секретарь сохранил объект, потому что дежурный редактор был важен.",no_existing_candidate_backed_pattern,10,False,"[""frequent_error_exact""]"
soft_to_hard_sign,Автор увидел сьезд и открыл общий график утром.,Автор увидел съезд и открыл общий график утром.,no_existing_candidate_backed_pattern,9,False,"[""frequent_error_exact""]"
soft_to_hard_sign,"Секретарь сохранил обьект, потому что общий график был важен.","Секретарь сохранил объект, потому что общий график был важен.",no_existing_candidate_backed_pattern,10,False,"[""frequent_error_exact""]"
soft_to_hard_sign,Автор увидел сьезд и открыл плановая встреча утром.,Автор увидел съезд и открыл плановая встреча утром.,no_existing_candidate_backed_pattern,9,False,"[""frequent_error_exact""]"
soft_to_hard_sign,"Секретарь сохранил обьект, потому что плановая встреча был важен.","Секретарь сохранил объект, потому что плановая встреча был важен.",no_existing_candidate_backed_pattern,10,False,"[""frequent_error_exact""]"
soft_to_hard_sign,Автор увидел сьезд и открыл осенняя проверка утром.,Автор увидел съезд и открыл осенняя проверка утром.,no_existing_candidate_backed_pattern,9,False,"[""frequent_error_exact""]"
soft_to_hard_sign,"Секретарь сохранил обьект, потому что осенняя проверка был важен.","Секретарь сохранил объект, потому что осенняя проверка был важен.",no_existing_candidate_backed_pattern,10,False,"[""frequent_error_exact""]"
soft_to_hard_sign,Автор увидел сьезд и открыл сводный отчет утром.,Автор увидел съезд и открыл сводный отчет утром.,no_existing_candidate_backed_pattern,9,False,"[""frequent_error_exact""]"
soft_to_hard_sign,"Секретарь сохранил обьект, потому что сводный отчет был важен.","Секретарь сохранил объект, потому что сводный отчет был важен.",no_existing_candidate_backed_pattern,10,False,"[""frequent_error_exact""]"
soft_to_hard_sign,Автор увидел сьезд и открыл важная подпись утром.,Автор увидел съезд и открыл важная подпись утром.,no_existing_candidate_backed_pattern,9,False,"[""frequent_error_exact""]"
soft_to_hard_sign,"Секретарь сохранил обьект, потому что важная подпись был важен.","Секретарь сохранил объект, потому что важная подпись был важен.",no_existing_candidate_backed_pattern,10,False,"[""frequent_error_exact""]"
soft_to_hard_sign,Автор увидел сьезд и открыл рабочая группа утром.,Автор увидел съезд и открыл рабочая группа утром.,no_existing_candidate_backed_pattern,9,False,"[""frequent_error_exact""]"
soft_to_hard_sign,"Секретарь сохранил обьект, потому что рабочая группа был важен.","Секретарь сохранил объект, потому что рабочая группа был важен.",no_existing_candidate_backed_pattern,10,False,"[""frequent_error_exact""]"
soft_to_hard_sign,Автор увидел сьезд и открыл городская служба утром.,Автор увидел съезд и открыл городская служба утром.,no_existing_candidate_backed_pattern,9,False,"[""frequent_error_exact""]"
soft_to_hard_sign,"Секретарь сохранил обьект, потому что городская служба был важен.","Секретарь сохранил объект, потому что городская служба был важен.",no_existing_candidate_backed_pattern,10,False,"[""frequent_error_exact""]"
soft_to_hard_sign,Автор увидел сьезд и открыл новый раздел утром.,Автор увидел съезд и открыл новый раздел утром.,no_existing_candidate_backed_pattern,9,False,"[""frequent_error_exact""]"
soft_to_hard_sign,"Секретарь сохранил обьект, потому что новый раздел был важен.","Секретарь сохранил объект, потому что новый раздел был важен.",no_existing_candidate_backed_pattern,10,False,"[""frequent_error_exact""]"
soft_to_hard_sign,Автор увидел сьезд и открыл учебная таблица утром.,Автор увидел съезд и открыл учебная таблица утром.,no_existing_candidate_backed_pattern,9,False,"[""frequent_error_exact""]"
soft_to_hard_sign,"Секретарь сохранил обьект, потому что учебная таблица был важен.","Секретарь сохранил объект, потому что учебная таблица был важен.",no_existing_candidate_backed_pattern,10,False,"[""frequent_error_exact""]"
soft_to_hard_sign,Автор увидел сьезд и открыл вечерний протокол утром.,Автор увидел съезд и открыл вечерний протокол утром.,no_existing_candidate_backed_pattern,9,False,"[""frequent_error_exact""]"
soft_to_hard_sign,"Секретарь сохранил обьект, потому что вечерний протокол был важен.","Секретарь сохранил объект, потому что вечерний протокол был важен.",no_existing_candidate_backed_pattern,10,False,"[""frequent_error_exact""]"
soft_to_hard_sign,Автор увидел сьезд и открыл проверенный файл утром.,Автор увидел съезд и открыл проверенный файл утром.,no_existing_candidate_backed_pattern,9,False,"[""frequent_error_exact""]"
soft_to_hard_sign,"Секретарь сохранил обьект, потому что проверенный файл был важен.","Секретарь сохранил объект, потому что проверенный файл был важен.",no_existing_candidate_backed_pattern,10,False,"[""frequent_error_exact""]"
soft_to_hard_sign,Автор увидел сьезд и открыл согласованный договор утром.,Автор увидел съезд и открыл согласованный договор утром.,no_existing_candidate_backed_pattern,9,False,"[""frequent_error_exact""]"
soft_to_hard_sign,"Секретарь сохранил обьект, потому что согласованный договор был важен.","Секретарь сохранил объект, потому что согласованный договор был важен.",no_existing_candidate_backed_pattern,10,False,"[""frequent_error_exact""]"
soft_to_hard_sign,Автор увидел сьезд и открыл подготовленный список утром.,Автор увидел съезд и открыл подготовленный список утром.,no_existing_candidate_backed_pattern,9,False,"[""frequent_error_exact""]"
soft_to_hard_sign,"Секретарь сохранил обьект, потому что подготовленный список был важен.","Секретарь сохранил объект, потому что подготовленный список был важен.",no_existing_candidate_backed_pattern,10,False,"[""frequent_error_exact""]"
soft_to_hard_sign,Автор увидел сьезд и открыл закрытая заявка утром.,Автор увидел съезд и открыл закрытая заявка утром.,no_existing_candidate_backed_pattern,9,False,"[""frequent_error_exact""]"
soft_to_hard_sign,"Секретарь сохранил обьект, потому что закрытая заявка был важен.","Секретарь сохранил объект, потому что закрытая заявка был важен.",no_existing_candidate_backed_pattern,10,False,"[""frequent_error_exact""]"
soft_to_hard_sign,Автор увидел сьезд и открыл длинная запись утром.,Автор увидел съезд и открыл длинная запись утром.,no_existing_candidate_backed_pattern,9,False,"[""frequent_error_exact""]"
soft_to_hard_sign,"Секретарь сохранил обьект, потому что длинная запись был важен.","Секретарь сохранил объект, потому что длинная запись был важен.",no_existing_candidate_backed_pattern,10,False,"[""frequent_error_exact""]"
soft_to_hard_sign,Автор увидел сьезд и открыл обновленный журнал утром.,Автор увидел съезд и открыл обновленный журнал утром.,no_existing_candidate_backed_pattern,9,False,"[""frequent_error_exact""]"
soft_to_hard_sign,"Секретарь сохранил обьект, потому что обновленный журнал был важен.","Секретарь сохранил объект, потому что обновленный журнал был важен.",no_existing_candidate_backed_pattern,10,False,"[""frequent_error_exact""]"
soft_to_hard_sign,Автор увидел сьезд и открыл северный филиал утром.,Автор увидел съезд и открыл северный филиал утром.,no_existing_candidate_backed_pattern,9,False,"[""frequent_error_exact""]"
soft_to_hard_sign,"Секретарь сохранил обьект, потому что северный филиал был важен.","Секретарь сохранил объект, потому что северный филиал был важен.",no_existing_candidate_backed_pattern,10,False,"[""frequent_error_exact""]"
soft_to_hard_sign,Автор увидел сьезд и открыл зимнее расписание утром.,Автор увидел съезд и открыл зимнее расписание утром.,no_existing_candidate_backed_pattern,9,False,"[""frequent_error_exact""]"
soft_to_hard_sign,"Секретарь сохранил обьект, потому что зимнее расписание был важен.","Секретарь сохранил объект, потому что зимнее расписание был важен.",no_existing_candidate_backed_pattern,10,False,"[""frequent_error_exact""]"
soft_to_hard_sign,Автор увидел сьезд и открыл летняя проверка утром.,Автор увидел съезд и открыл летняя проверка утром.,no_existing_candidate_backed_pattern,9,False,"[""frequent_error_exact""]"
soft_to_hard_sign,"Секретарь сохранил обьект, потому что летняя проверка был важен.","Секретарь сохранил объект, потому что летняя проверка был важен.",no_existing_candidate_backed_pattern,10,False,"[""frequent_error_exact""]"
soft_to_hard_sign,Автор увидел сьезд и открыл районный протокол утром.,Автор увидел съезд и открыл районный протокол утром.,no_existing_candidate_backed_pattern,9,False,"[""frequent_error_exact""]"
soft_to_hard_sign,"Секретарь сохранил обьект, потому что районный протокол был важен.","Секретарь сохранил объект, потому что районный протокол был важен.",no_existing_candidate_backed_pattern,10,False,"[""frequent_error_exact""]"
soft_to_hard_sign,Автор увидел сьезд и открыл входящее письмо утром.,Автор увидел съезд и открыл входящее письмо утром.,no_existing_candidate_backed_pattern,9,False,"[""frequent_error_exact""]"
soft_to_hard_sign,"Секретарь сохранил обьект, потому что входящее письмо был важен.","Секретарь сохранил объект, потому что входящее письмо был важен.",no_existing_candidate_backed_pattern,10,False,"[""frequent_error_exact""]"
soft_to_hard_sign,Автор увидел сьезд и открыл старый договор утром.,Автор увидел съезд и открыл старый договор утром.,no_existing_candidate_backed_pattern,9,False,"[""frequent_error_exact""]"
soft_to_hard_sign,"Секретарь сохранил обьект, потому что старый договор был важен.","Секретарь сохранил объект, потому что старый договор был важен.",no_existing_candidate_backed_pattern,10,False,"[""frequent_error_exact""]"
soft_to_hard_sign,Автор увидел сьезд и открыл новая таблица утром.,Автор увидел съезд и открыл новая таблица утром.,no_existing_candidate_backed_pattern,9,False,"[""frequent_error_exact""]"
soft_to_hard_sign,"Секретарь сохранил обьект, потому что новая таблица был важен.","Секретарь сохранил объект, потому что новая таблица был важен.",no_existing_candidate_backed_pattern,10,False,"[""frequent_error_exact""]"
soft_to_hard_sign,Автор увидел сьезд и открыл закрытый раздел утром.,Автор увидел съезд и открыл закрытый раздел утром.,no_existing_candidate_backed_pattern,9,False,"[""frequent_error_exact""]"
soft_to_hard_sign,"Секретарь сохранил обьект, потому что закрытый раздел был важен.","Секретарь сохранил объект, потому что закрытый раздел был важен.",no_existing_candidate_backed_pattern,10,False,"[""frequent_error_exact""]"
soft_to_hard_sign,Автор увидел сьезд и открыл утренний приказ утром.,Автор увидел съезд и открыл утренний приказ утром.,no_existing_candidate_backed_pattern,9,False,"[""frequent_error_exact""]"
soft_to_hard_sign,"Секретарь сохранил обьект, потому что утренний приказ был важен.","Секретарь сохранил объект, потому что утренний приказ был важен.",no_existing_candidate_backed_pattern,10,False,"[""frequent_error_exact""]"
soft_to_hard_sign,Автор увидел сьезд и открыл служебная записка утром.,Автор увидел съезд и открыл служебная записка утром.,no_existing_candidate_backed_pattern,9,False,"[""frequent_error_exact""]"
soft_to_hard_sign,"Секретарь сохранил обьект, потому что служебная записка был важен.","Секретарь сохранил объект, потому что служебная записка был важен.",no_existing_candidate_backed_pattern,10,False,"[""frequent_error_exact""]"
soft_to_hard_sign,Автор увидел сьезд и открыл городской проект утром.,Автор увидел съезд и открыл городской проект утром.,no_existing_candidate_backed_pattern,9,False,"[""frequent_error_exact""]"
soft_to_hard_sign,"Секретарь сохранил обьект, потому что городской проект был важен.","Секретарь сохранил объект, потому что городской проект был важен.",no_existing_candidate_backed_pattern,10,False,"[""frequent_error_exact""]"
soft_to_hard_sign,Автор увидел сьезд и открыл важное решение утром.,Автор увидел съезд и открыл важное решение утром.,no_existing_candidate_backed_pattern,9,False,"[""frequent_error_exact""]"
soft_to_hard_sign,"Секретарь сохранил обьект, потому что важное решение был важен.","Секретарь сохранил объект, потому что важное решение был важен.",no_existing_candidate_backed_pattern,10,False,"[""frequent_error_exact""]"
soft_to_hard_sign,Автор увидел сьезд и открыл общий список утром.,Автор увидел съезд и открыл общий список утром.,no_existing_candidate_backed_pattern,9,False,"[""frequent_error_exact""]"
soft_to_hard_sign,"Секретарь сохранил обьект, потому что общий список был важен.","Секретарь сохранил объект, потому что общий список был важен.",no_existing_candidate_backed_pattern,10,False,"[""frequent_error_exact""]"
subject_predicate_dash,Москва столица России.,Москва — столица России.,no_existing_candidate_backed_pattern,3,False,[]
tsya_soft_delete,Аналитик записал кажеться и обновил рабочий отчет вечером.,Аналитик записал кажется и обновил рабочий отчет вечером.,no_existing_candidate_backed_pattern,9,False,"[""frequent_error_exact""]"
tsya_soft_delete,Аналитик записал кажеться и обновил новый документ вечером.,Аналитик записал кажется и обновил новый документ вечером.,no_existing_candidate_backed_pattern,9,False,"[""frequent_error_exact""]"
tsya_soft_delete,Аналитик записал кажеться и обновил точный план вечером.,Аналитик записал кажется и обновил точный план вечером.,no_existing_candidate_backed_pattern,9,False,"[""frequent_error_exact""]"
tsya_soft_delete,Аналитик записал кажеться и обновил городской архив вечером.,Аналитик записал кажется и обновил городской архив вечером.,no_existing_candidate_backed_pattern,9,False,"[""frequent_error_exact""]"
tsya_soft_delete,Аналитик записал кажеться и обновил утренний выпуск вечером.,Аналитик записал кажется и обновил утренний выпуск вечером.,no_existing_candidate_backed_pattern,9,False,"[""frequent_error_exact""]"
tsya_soft_delete,Аналитик записал кажеться и обновил важный договор вечером.,Аналитик записал кажется и обновил важный договор вечером.,no_existing_candidate_backed_pattern,9,False,"[""frequent_error_exact""]"
tsya_soft_delete,Аналитик записал кажеться и обновил короткая заметка вечером.,Аналитик записал кажется и обновил короткая заметка вечером.,no_existing_candidate_backed_pattern,9,False,"[""frequent_error_exact""]"
tsya_soft_delete,Аналитик записал кажеться и обновил итоговая таблица вечером.,Аналитик записал кажется и обновил итоговая таблица вечером.,no_existing_candidate_backed_pattern,9,False,"[""frequent_error_exact""]"
tsya_soft_delete,Аналитик записал кажеться и обновил свежая сводка вечером.,Аналитик записал кажется и обновил свежая сводка вечером.,no_existing_candidate_backed_pattern,9,False,"[""frequent_error_exact""]"
tsya_soft_delete,Аналитик записал кажеться и обновил открытая заявка вечером.,Аналитик записал кажется и обновил открытая заявка вечером.,no_existing_candidate_backed_pattern,9,False,"[""frequent_error_exact""]"
tsya_soft_delete,Аналитик записал кажеться и обновил письменный ответ вечером.,Аналитик записал кажется и обновил письменный ответ вечером.,no_existing_candidate_backed_pattern,9,False,"[""frequent_error_exact""]"
tsya_soft_delete,Аналитик записал кажеться и обновил подробная справка вечером.,Аналитик записал кажется и обновил подробная справка вечером.,no_existing_candidate_backed_pattern,9,False,"[""frequent_error_exact""]"
tsya_soft_delete,Аналитик записал кажеться и обновил районная комиссия вечером.,Аналитик записал кажется и обновил районная комиссия вечером.,no_existing_candidate_backed_pattern,9,False,"[""frequent_error_exact""]"
tsya_soft_delete,Аналитик записал кажеться и обновил финальный список вечером.,Аналитик записал кажется и обновил финальный список вечером.,no_existing_candidate_backed_pattern,9,False,"[""frequent_error_exact""]"
tsya_soft_delete,Аналитик записал кажеться и обновил новая редакция вечером.,Аналитик записал кажется и обновил новая редакция вечером.,no_existing_candidate_backed_pattern,9,False,"[""frequent_error_exact""]"
tsya_soft_delete,Аналитик записал кажеться и обновил архивная запись вечером.,Аналитик записал кажется и обновил архивная запись вечером.,no_existing_candidate_backed_pattern,9,False,"[""frequent_error_exact""]"
tsya_soft_delete,Аналитик записал кажеться и обновил дежурный редактор вечером.,Аналитик записал кажется и обновил дежурный редактор вечером.,no_existing_candidate_backed_pattern,9,False,"[""frequent_error_exact""]"
tsya_soft_delete,Аналитик записал кажеться и обновил общий график вечером.,Аналитик записал кажется и обновил общий график вечером.,no_existing_candidate_backed_pattern,9,False,"[""frequent_error_exact""]"
tsya_soft_delete,Аналитик записал кажеться и обновил плановая встреча вечером.,Аналитик записал кажется и обновил плановая встреча вечером.,no_existing_candidate_backed_pattern,9,False,"[""frequent_error_exact""]"
tsya_soft_delete,Аналитик записал кажеться и обновил осенняя проверка вечером.,Аналитик записал кажется и обновил осенняя проверка вечером.,no_existing_candidate_backed_pattern,9,False,"[""frequent_error_exact""]"
tsya_soft_delete,Аналитик записал кажеться и обновил сводный отчет вечером.,Аналитик записал кажется и обновил сводный отчет вечером.,no_existing_candidate_backed_pattern,9,False,"[""frequent_error_exact""]"
tsya_soft_delete,Аналитик записал кажеться и обновил важная подпись вечером.,Аналитик записал кажется и обновил важная подпись вечером.,no_existing_candidate_backed_pattern,9,False,"[""frequent_error_exact""]"
tsya_soft_delete,Аналитик записал кажеться и обновил рабочая группа вечером.,Аналитик записал кажется и обновил рабочая группа вечером.,no_existing_candidate_backed_pattern,9,False,"[""frequent_error_exact""]"
tsya_soft_delete,Аналитик записал кажеться и обновил городская служба вечером.,Аналитик записал кажется и обновил городская служба вечером.,no_existing_candidate_backed_pattern,9,False,"[""frequent_error_exact""]"
tsya_soft_delete,Аналитик записал кажеться и обновил новый раздел вечером.,Аналитик записал кажется и обновил новый раздел вечером.,no_existing_candidate_backed_pattern,9,False,"[""frequent_error_exact""]"
tsya_soft_delete,Аналитик записал кажеться и обновил учебная таблица вечером.,Аналитик записал кажется и обновил учебная таблица вечером.,no_existing_candidate_backed_pattern,9,False,"[""frequent_error_exact""]"
tsya_soft_delete,Аналитик записал кажеться и обновил вечерний протокол вечером.,Аналитик записал кажется и обновил вечерний протокол вечером.,no_existing_candidate_backed_pattern,9,False,"[""frequent_error_exact""]"
tsya_soft_delete,Аналитик записал кажеться и обновил проверенный файл вечером.,Аналитик записал кажется и обновил проверенный файл вечером.,no_existing_candidate_backed_pattern,9,False,"[""frequent_error_exact""]"
tsya_soft_delete,Аналитик записал кажеться и обновил согласованный договор вечером.,Аналитик записал кажется и обновил согласованный договор вечером.,no_existing_candidate_backed_pattern,9,False,"[""frequent_error_exact""]"
tsya_soft_delete,Аналитик записал кажеться и обновил подготовленный список вечером.,Аналитик записал кажется и обновил подготовленный список вечером.,no_existing_candidate_backed_pattern,9,False,"[""frequent_error_exact""]"
tsya_soft_delete,Аналитик записал кажеться и обновил закрытая заявка вечером.,Аналитик записал кажется и обновил закрытая заявка вечером.,no_existing_candidate_backed_pattern,9,False,"[""frequent_error_exact""]"
tsya_soft_delete,Аналитик записал кажеться и обновил длинная запись вечером.,Аналитик записал кажется и обновил длинная запись вечером.,no_existing_candidate_backed_pattern,9,False,"[""frequent_error_exact""]"
tsya_soft_delete,Аналитик записал кажеться и обновил обновленный журнал вечером.,Аналитик записал кажется и обновил обновленный журнал вечером.,no_existing_candidate_backed_pattern,9,False,"[""frequent_error_exact""]"
tsya_soft_delete,Аналитик записал кажеться и обновил северный филиал вечером.,Аналитик записал кажется и обновил северный филиал вечером.,no_existing_candidate_backed_pattern,9,False,"[""frequent_error_exact""]"
address_comma,Мария уточни рабочий отчет. После встречи файл остался в архиве.,"Мария, уточни рабочий отчет. После встречи файл остался в архиве.",no_supported_edit,10,False,[]
address_comma,Мария уточни новый документ. Вечером руководитель принял правки.,"Мария, уточни новый документ. Вечером руководитель принял правки.",no_supported_edit,8,False,[]
address_comma,Мария уточни точный план. Затем отдел подготовил справку.,"Мария, уточни точный план. Затем отдел подготовил справку.",no_supported_edit,8,False,[]
address_comma,Мария уточни городской архив. Позже группа обсудила договор.,"Мария, уточни городской архив. Позже группа обсудила договор.",no_supported_edit,8,False,[]
address_comma,Мария уточни утренний выпуск. Утром автор исправил дату.,"Мария, уточни утренний выпуск. Утром автор исправил дату.",no_supported_edit,8,False,[]
comma_subordinate,Если команда успеет то рабочий отчет отправят сегодня. После проверки список закрыли.,"Если команда успеет, то рабочий отчет отправят сегодня. После проверки список закрыли.",no_supported_edit,12,False,[]
comma_subordinate,Если команда успеет то новый документ отправят сегодня. Позже координатор закрыл заявку.,"Если команда успеет, то новый документ отправят сегодня. Позже координатор закрыл заявку.",no_supported_edit,12,False,[]
comma_subordinate,Если команда успеет то точный план отправят сегодня. Вечером секретарь обновил график.,"Если команда успеет, то точный план отправят сегодня. Вечером секретарь обновил график.",no_supported_edit,12,False,[]
comma_subordinate,Если команда успеет то городской архив отправят сегодня. Утром редактор принял отчет.,"Если команда успеет, то городской архив отправят сегодня. Утром редактор принял отчет.",no_supported_edit,12,False,[]
comma_subordinate,Если команда успеет то утренний выпуск отправят сегодня. Затем секретарь проверил журнал.,"Если команда успеет, то утренний выпуск отправят сегодня. Затем секретарь проверил журнал.",no_supported_edit,12,False,[]
dictionary_fuzzy,Команда внесла карова в рабочий отчет перед встречей.,Команда внесла корова в рабочий отчет перед встречей.,no_existing_candidate_backed_pattern,11,False,"[""frequent_error_exact"", ""keyboard_typo_candidate""]"
dictionary_fuzzy,Автор увидел малако и открыл рабочий отчет утром.,Автор увидел молоко и открыл рабочий отчет утром.,no_existing_candidate_backed_pattern,11,False,"[""dictionary_fuzzy"", ""frequent_error_exact""]"
dictionary_fuzzy,"Секретарь сохранил сабака, потому что рабочий отчет был важен.","Секретарь сохранил собака, потому что рабочий отчет был важен.",no_existing_candidate_backed_pattern,12,False,"[""frequent_error_exact"", ""keyboard_typo_candidate"", ""missing_letter_candidate""]"
dictionary_fuzzy,"Эксперт отметил територия, когда читал рабочий отчет.","Эксперт отметил территория, когда читал рабочий отчет.",no_existing_candidate_backed_pattern,9,False,"[""dictionary_fuzzy"", ""double_consonant_candidate""]"
dictionary_fuzzy,"Редактор проверил карова, когда готовил новый документ.","Редактор проверил корова, когда готовил новый документ.",no_existing_candidate_backed_pattern,10,False,"[""frequent_error_exact"", ""keyboard_typo_candidate""]"
double_consonant_candidate,Автор увидел проффесия и открыл рабочий отчет утром.,Автор увидел профессия и открыл рабочий отчет утром.,no_supported_edit,8,False,[]
double_consonant_candidate,"Редактор проверил проффесия, когда готовил новый документ.","Редактор проверил профессия, когда готовил новый документ.",no_supported_edit,7,False,[]
double_consonant_candidate,"Эксперт отметил проффесия, когда читал точный план.","Эксперт отметил профессия, когда читал точный план.",no_supported_edit,7,False,[]
double_consonant_candidate,Автор увидел проффесия и открыл городской архив утром.,Автор увидел профессия и открыл городской архив утром.,no_supported_edit,8,False,[]
double_consonant_candidate,"Редактор проверил проффесия, когда готовил утренний выпуск.","Редактор проверил профессия, когда готовил утренний выпуск.",no_supported_edit,7,False,[]
enumeration_colon,В отчете указаны три проблемы ошибки задержки и риски.,В отчете указаны три проблемы: ошибки задержки и риски.,no_existing_candidate_backed_pattern,9,False,[]
homogeneous_comma,Команда проверила отчеты письма и заявки.,"Команда проверила отчеты, письма и заявки.",no_existing_candidate_backed_pattern,6,False,[]
introductory_comma,По-видимому рабочий отчет изменился вечером. Вечером автор обновил сводку.,"По-видимому, рабочий отчет изменился вечером. Вечером автор обновил сводку.",no_supported_edit,9,False,[]
introductory_comma,По-видимому новый документ изменился вечером. Затем аналитик обновил запись.,"По-видимому, новый документ изменился вечером. Затем аналитик обновил запись.",no_supported_edit,9,False,[]
introductory_comma,По-видимому точный план изменился вечером. Позже координатор закрыл заявку.,"По-видимому, точный план изменился вечером. Позже координатор закрыл заявку.",no_supported_edit,9,False,[]
introductory_comma,По-видимому городской архив изменился вечером. Утром служба приняла заявку.,"По-видимому, городской архив изменился вечером. Утром служба приняла заявку.",no_supported_edit,9,False,[]
introductory_comma,По-видимому утренний выпуск изменился вечером. После встречи отдел сохранил запись.,"По-видимому, утренний выпуск изменился вечером. После встречи отдел сохранил запись.",no_supported_edit,10,False,[]
missing_hard_sign,"Редактор проверил обявление, когда готовил рабочий отчет.","Редактор проверил объявление, когда готовил рабочий отчет.",no_existing_candidate_backed_pattern,8,False,"[""frequent_error_exact""]"
missing_hard_sign,Команда внесла подезд в рабочий отчет перед встречей.,Команда внесла подъезд в рабочий отчет перед встречей.,no_existing_candidate_backed_pattern,9,False,"[""frequent_error_exact""]"
missing_hard_sign,"Редактор проверил обявление, когда готовил новый документ.","Редактор проверил объявление, когда готовил новый документ.",no_existing_candidate_backed_pattern,8,False,"[""frequent_error_exact""]"
missing_hard_sign,Команда внесла подезд в новый документ перед встречей.,Команда внесла подъезд в новый документ перед встречей.,no_existing_candidate_backed_pattern,9,False,"[""frequent_error_exact""]"
missing_hard_sign,"Редактор проверил обявление, когда готовил точный план.","Редактор проверил объявление, когда готовил точный план.",no_existing_candidate_backed_pattern,8,False,"[""frequent_error_exact""]"
missing_letter_candidate,Команда внесла корва в рабочий отчет перед встречей.,Команда внесла корова в рабочий отчет перед встречей.,no_supported_edit,10,False,"[""keyboard_typo_candidate""]"
missing_letter_candidate,Аналитик записал корва и обновил новый документ вечером.,Аналитик записал корова и обновил новый документ вечером.,no_supported_edit,10,False,"[""keyboard_typo_candidate""]"
missing_letter_candidate,"Секретарь сохранил корва, потому что точный план был важен.","Секретарь сохранил корова, потому что точный план был важен.",no_supported_edit,11,False,"[""keyboard_typo_candidate""]"
missing_letter_candidate,Команда внесла корва в городской архив перед встречей.,Команда внесла корова в городской архив перед встречей.,no_supported_edit,10,False,"[""keyboard_typo_candidate""]"
missing_letter_candidate,Аналитик записал корва и обновил утренний выпуск вечером.,Аналитик записал корова и обновил утренний выпуск вечером.,no_supported_edit,10,False,"[""keyboard_typo_candidate""]"
n_nn_adjective,"Секретарь сохранил юный, потому что рабочий отчет был важенн.","Секретарь сохранил юный, потому что рабочий отчет был важен.",no_existing_candidate_backed_pattern,10,False,"[""n_nn_short_form""]"
n_nn_adjective,"Секретарь сохранил ценный, потому что точный план был важенн.","Секретарь сохранил ценный, потому что точный план был важен.",no_existing_candidate_backed_pattern,10,False,"[""n_nn_short_form""]"
n_nn_adjective,"Секретарь сохранил юный, потому что городской архив был важенн.","Секретарь сохранил юный, потому что городской архив был важен.",no_existing_candidate_backed_pattern,10,False,"[""n_nn_short_form""]"
n_nn_adjective,"Секретарь сохранил ценный, потому что важный договор был важенн.","Секретарь сохранил ценный, потому что важный договор был важен.",no_existing_candidate_backed_pattern,10,False,"[""n_nn_short_form""]"
n_nn_adjective,"Секретарь сохранил юный, потому что короткая заметка был важенн.","Секретарь сохранил юный, потому что короткая заметка был важен.",no_existing_candidate_backed_pattern,10,False,"[""n_nn_short_form""]"
pattern_жо_же,"Редактор проверил жолтый, когда готовил рабочий отчет.","Редактор проверил желтый, когда готовил рабочий отчет.",no_existing_candidate_backed_pattern,8,False,"[""frequent_error_exact""]"
pattern_жо_же,"Эксперт отметил жолтый, когда читал новый документ.","Эксперт отметил желтый, когда читал новый документ.",no_existing_candidate_backed_pattern,8,False,"[""frequent_error_exact""]"
pattern_жо_же,Автор увидел жолтый и открыл точный план утром.,Автор увидел желтый и открыл точный план утром.,no_existing_candidate_backed_pattern,9,False,"[""frequent_error_exact""]"
pattern_жо_же,"Редактор проверил жолтый, когда готовил городской архив.","Редактор проверил желтый, когда готовил городской архив.",no_existing_candidate_backed_pattern,8,False,"[""frequent_error_exact""]"
pattern_жо_же,"Эксперт отметил жолтый, когда читал утренний выпуск.","Эксперт отметил желтый, когда читал утренний выпуск.",no_existing_candidate_backed_pattern,8,False,"[""frequent_error_exact""]"
pattern_жы_жи,"Редактор проверил жызнь, когда готовил рабочий отчет.","Редактор проверил жизнь, когда готовил рабочий отчет.",no_existing_candidate_backed_pattern,8,False,"[""frequent_error_exact""]"
pattern_жы_жи,"Секретарь сохранил жывотное, потому что рабочий отчет был важен.","Секретарь сохранил животное, потому что рабочий отчет был важен.",no_existing_candidate_backed_pattern,10,False,"[""frequent_error_exact""]"
pattern_жы_жи,"Эксперт отметил жызнь, когда читал новый документ.","Эксперт отметил жизнь, когда читал новый документ.",no_existing_candidate_backed_pattern,8,False,"[""frequent_error_exact""]"
pattern_жы_жи,Команда внесла жывотное в новый документ перед встречей.,Команда внесла животное в новый документ перед встречей.,no_existing_candidate_backed_pattern,9,False,"[""frequent_error_exact""]"
pattern_жы_жи,Автор увидел жызнь и открыл точный план утром.,Автор увидел жизнь и открыл точный план утром.,no_existing_candidate_backed_pattern,9,False,"[""frequent_error_exact""]"
pattern_цы_ци,"Редактор проверил цыфра, когда готовил рабочий отчет.","Редактор проверил цифра, когда готовил рабочий отчет.",no_existing_candidate_backed_pattern,8,False,"[""frequent_error_exact""]"
pattern_цы_ци,Команда внесла цырк в рабочий отчет перед встречей.,Команда внесла цирк в рабочий отчет перед встречей.,no_existing_candidate_backed_pattern,9,False,"[""frequent_error_exact""]"
pattern_цы_ци,Автор увидел цытата и открыл рабочий отчет утром.,Автор увидел цитата и открыл рабочий отчет утром.,no_existing_candidate_backed_pattern,9,False,"[""frequent_error_exact""]"
pattern_цы_ци,"Эксперт отметил цыфра, когда читал новый документ.","Эксперт отметил цифра, когда читал новый документ.",no_existing_candidate_backed_pattern,8,False,"[""frequent_error_exact""]"
pattern_цы_ци,Аналитик записал цырк и обновил новый документ вечером.,Аналитик записал цирк и обновил новый документ вечером.,no_existing_candidate_backed_pattern,9,False,"[""frequent_error_exact""]"
pattern_чо_че,"Редактор проверил чорный, когда готовил рабочий отчет.","Редактор проверил черный, когда готовил рабочий отчет.",no_existing_candidate_backed_pattern,8,False,"[""frequent_error_exact""]"
pattern_чо_че,"Эксперт отметил чорный, когда читал новый документ.","Эксперт отметил черный, когда читал новый документ.",no_existing_candidate_backed_pattern,8,False,"[""frequent_error_exact""]"
pattern_чо_че,Автор увидел чорный и открыл точный план утром.,Автор увидел черный и открыл точный план утром.,no_existing_candidate_backed_pattern,9,False,"[""frequent_error_exact""]"
pattern_чо_че,"Редактор проверил чорный, когда готовил городской архив.","Редактор проверил черный, когда готовил городской архив.",no_existing_candidate_backed_pattern,8,False,"[""frequent_error_exact""]"
pattern_чо_че,"Эксперт отметил чорный, когда читал утренний выпуск.","Эксперт отметил черный, когда читал утренний выпуск.",no_existing_candidate_backed_pattern,8,False,"[""frequent_error_exact""]"
pattern_чю_чу,"Редактор проверил чюдо, когда готовил рабочий отчет.","Редактор проверил чудо, когда готовил рабочий отчет.",no_existing_candidate_backed_pattern,8,False,"[""frequent_error_exact""]"
pattern_чю_чу,Команда внесла чювство в рабочий отчет перед встречей.,Команда внесла чувство в рабочий отчет перед встречей.,no_existing_candidate_backed_pattern,9,False,"[""frequent_error_exact""]"
pattern_чю_чу,"Эксперт отметил чюдо, когда читал новый документ.","Эксперт отметил чудо, когда читал новый документ.",no_existing_candidate_backed_pattern,8,False,"[""frequent_error_exact""]"
pattern_чю_чу,Аналитик записал чювство и обновил новый документ вечером.,Аналитик записал чувство и обновил новый документ вечером.,no_existing_candidate_backed_pattern,9,False,"[""frequent_error_exact""]"
pattern_чю_чу,Автор увидел чюдо и открыл точный план утром.,Автор увидел чудо и открыл точный план утром.,no_existing_candidate_backed_pattern,9,False,"[""frequent_error_exact""]"
pattern_шы_ши,"Редактор проверил машына, когда готовил рабочий отчет.","Редактор проверил машина, когда готовил рабочий отчет.",no_existing_candidate_backed_pattern,8,False,"[""frequent_error_exact""]"
pattern_шы_ши,Команда внесла шырина в рабочий отчет перед встречей.,Команда внесла ширина в рабочий отчет перед встречей.,no_existing_candidate_backed_pattern,9,False,"[""frequent_error_exact""]"
pattern_шы_ши,"Эксперт отметил машына, когда читал новый документ.","Эксперт отметил машина, когда читал новый документ.",no_existing_candidate_backed_pattern,8,False,"[""frequent_error_exact""]"
pattern_шы_ши,Аналитик записал шырина и обновил новый документ вечером.,Аналитик записал ширина и обновил новый документ вечером.,no_existing_candidate_backed_pattern,9,False,"[""frequent_error_exact""]"
pattern_шы_ши,Автор увидел машына и открыл точный план утром.,Автор увидел машина и открыл точный план утром.,no_existing_candidate_backed_pattern,9,False,"[""frequent_error_exact""]"
pattern_щю_щу,"Редактор проверил щюка, когда готовил рабочий отчет.","Редактор проверил щука, когда готовил рабочий отчет.",no_existing_candidate_backed_pattern,8,False,"[""frequent_error_exact""]"
pattern_щю_щу,"Эксперт отметил щюка, когда читал новый документ.","Эксперт отметил щука, когда читал новый документ.",no_existing_candidate_backed_pattern,8,False,"[""frequent_error_exact""]"
pattern_щю_щу,Автор увидел щюка и открыл точный план утром.,Автор увидел щука и открыл точный план утром.,no_existing_candidate_backed_pattern,9,False,"[""frequent_error_exact""]"
pattern_щю_щу,"Редактор проверил щюка, когда готовил городской архив.","Редактор проверил щука, когда готовил городской архив.",no_existing_candidate_backed_pattern,8,False,"[""frequent_error_exact""]"
pattern_щю_щу,"Эксперт отметил щюка, когда читал утренний выпуск.","Эксперт отметил щука, когда читал утренний выпуск.",no_existing_candidate_backed_pattern,8,False,"[""frequent_error_exact""]"
prefix_z_to_s,"Редактор проверил безполезный, когда готовил рабочий отчет.","Редактор проверил бесполезный, когда готовил рабочий отчет.",no_existing_candidate_backed_pattern,8,False,"[""frequent_error_exact""]"
prefix_z_to_s,"Редактор проверил безполезный, когда готовил новый документ.","Редактор проверил бесполезный, когда готовил новый документ.",no_existing_candidate_backed_pattern,8,False,"[""frequent_error_exact""]"
prefix_z_to_s,"Редактор проверил безполезный, когда готовил точный план.","Редактор проверил бесполезный, когда готовил точный план.",no_existing_candidate_backed_pattern,8,False,"[""frequent_error_exact""]"
prefix_z_to_s,"Редактор проверил безполезный, когда готовил городской архив.","Редактор проверил бесполезный, когда готовил городской архив.",no_existing_candidate_backed_pattern,8,False,"[""frequent_error_exact""]"
prefix_z_to_s,"Редактор проверил безполезный, когда готовил утренний выпуск.","Редактор проверил бесполезный, когда готовил утренний выпуск.",no_existing_candidate_backed_pattern,8,False,"[""frequent_error_exact""]"
sdelat_prefix,"Редактор проверил зделать, когда готовил рабочий отчет.","Редактор проверил сделать, когда готовил рабочий отчет.",no_existing_candidate_backed_pattern,8,False,"[""frequent_error_exact""]"
sdelat_prefix,Команда внесла зделал в рабочий отчет перед встречей.,Команда внесла сделал в рабочий отчет перед встречей.,no_existing_candidate_backed_pattern,9,False,"[""frequent_error_exact""]"
sdelat_prefix,"Редактор проверил зделать, когда готовил новый документ.","Редактор проверил сделать, когда готовил новый документ.",no_existing_candidate_backed_pattern,8,False,"[""frequent_error_exact""]"
sdelat_prefix,Команда внесла зделал в новый документ перед встречей.,Команда внесла сделал в новый документ перед встречей.,no_existing_candidate_backed_pattern,9,False,"[""frequent_error_exact""]"
sdelat_prefix,"Редактор проверил зделать, когда готовил точный план.","Редактор проверил сделать, когда готовил точный план.",no_existing_candidate_backed_pattern,8,False,"[""frequent_error_exact""]"
soft_to_hard_sign,Автор увидел сьезд и открыл рабочий отчет утром.,Автор увидел съезд и открыл рабочий отчет утром.,no_existing_candidate_backed_pattern,9,False,"[""frequent_error_exact""]"
soft_to_hard_sign,"Секретарь сохранил обьект, потому что рабочий отчет был важен.","Секретарь сохранил объект, потому что рабочий отчет был важен.",no_existing_candidate_backed_pattern,10,False,"[""frequent_error_exact""]"
soft_to_hard_sign,Автор увидел сьезд и открыл новый документ утром.,Автор увидел съезд и открыл новый документ утром.,no_existing_candidate_backed_pattern,9,False,"[""frequent_error_exact""]"
soft_to_hard_sign,"Секретарь сохранил обьект, потому что новый документ был важен.","Секретарь сохранил объект, потому что новый документ был важен.",no_existing_candidate_backed_pattern,10,False,"[""frequent_error_exact""]"
soft_to_hard_sign,Автор увидел сьезд и открыл точный план утром.,Автор увидел съезд и открыл точный план утром.,no_existing_candidate_backed_pattern,9,False,"[""frequent_error_exact""]"
subject_predicate_dash,Москва столица России.,Москва — столица России.,no_existing_candidate_backed_pattern,3,False,[]
tsya_soft_delete,Аналитик записал кажеться и обновил рабочий отчет вечером.,Аналитик записал кажется и обновил рабочий отчет вечером.,no_existing_candidate_backed_pattern,9,False,"[""frequent_error_exact""]"
tsya_soft_delete,Аналитик записал кажеться и обновил новый документ вечером.,Аналитик записал кажется и обновил новый документ вечером.,no_existing_candidate_backed_pattern,9,False,"[""frequent_error_exact""]"
tsya_soft_delete,Аналитик записал кажеться и обновил точный план вечером.,Аналитик записал кажется и обновил точный план вечером.,no_existing_candidate_backed_pattern,9,False,"[""frequent_error_exact""]"
tsya_soft_delete,Аналитик записал кажеться и обновил городской архив вечером.,Аналитик записал кажется и обновил городской архив вечером.,no_existing_candidate_backed_pattern,9,False,"[""frequent_error_exact""]"
tsya_soft_delete,Аналитик записал кажеться и обновил утренний выпуск вечером.,Аналитик записал кажется и обновил утренний выпуск вечером.,no_existing_candidate_backed_pattern,9,False,"[""frequent_error_exact""]"
