row_index,category,rule_hint,source_text,target_text,candidate_source,candidate_replacement,edit_type,rule_id,score,threshold,selected,threshold_passed,validator_status,validator_reason,is_expected,is_expected_v2
1,frequent_spelling_exact,frequent_error_exact,акуратный.,аккуратный.,акуратный,Акуратный,case,capitalization_sentence_start,0.4084727764129638,0.98,False,False,,,False,False
1,frequent_spelling_exact,frequent_error_exact,акуратный.,аккуратный.,акуратный,аккуратный,spelling,double_consonant_candidate,0.3538433313369751,0.84,False,False,,,True,True
1,frequent_spelling_exact,frequent_error_exact,акуратный.,аккуратный.,акуратный,аккуратны,spelling,dictionary_fuzzy,0.1516984403133392,0.95,False,False,,,False,False
2,frequent_spelling_exact,frequent_error_exact,апеляция.,апелляция.,апеляция,апелляция,spelling,double_consonant_candidate,0.7888736724853516,0.84,False,False,,,True,True
2,frequent_spelling_exact,frequent_error_exact,апеляция.,апелляция.,апеляция,Апеляция,case,capitalization_sentence_start,0.7551558017730713,0.98,False,False,,,False,False
2,frequent_spelling_exact,frequent_error_exact,апеляция.,апелляция.,апеляция,апелляции,spelling,dictionary_fuzzy,0.7009750604629517,0.95,False,False,,,False,False
3,frequent_spelling_exact,frequent_error_exact,безконечный.,бесконечный.,безконечный,Безконечный,case,capitalization_sentence_start,0.620542049407959,0.98,False,False,,,False,False
3,frequent_spelling_exact,frequent_error_exact,безконечный.,бесконечный.,безконечный,бесконечный,spelling,dictionary_fuzzy,0.5311335921287537,0.95,False,False,,,True,True
3,frequent_spelling_exact,frequent_error_exact,безконечный.,бесконечный.,безконечный,безоконный,spelling,dictionary_fuzzy,0.520751953125,0.95,False,False,,,False,False
4,frequent_spelling_exact,frequent_error_exact,безплатный.,бесплатный.,безплатный,Безплатный,case,capitalization_sentence_start,0.6360485553741455,0.98,False,False,,,False,False
4,frequent_spelling_exact,frequent_error_exact,безплатный.,бесплатный.,безплатный,бесплатный,spelling,dictionary_fuzzy,0.613753616809845,0.95,False,False,,,True,True
4,frequent_spelling_exact,frequent_error_exact,безплатный.,бесплатный.,безплатный,бесплатны,spelling,dictionary_fuzzy,0.407032310962677,0.95,False,False,,,False,False
5,frequent_spelling_exact,frequent_error_exact,безпокойный.,беспокойный.,безпокойный,беспокойный,spelling,dictionary_fuzzy,0.8957880139350891,0.95,False,False,,,True,True
5,frequent_spelling_exact,frequent_error_exact,безпокойный.,беспокойный.,безпокойный,Безпокойный,case,capitalization_sentence_start,0.850565493106842,0.98,False,False,,,False,False
5,frequent_spelling_exact,frequent_error_exact,безпокойный.,беспокойный.,безпокойный,безоконный,spelling,dictionary_fuzzy,0.8223466873168945,0.95,False,False,,,False,False
6,frequent_spelling_exact,frequent_error_exact,безполезный.,бесполезный.,безполезный,бесполезный,spelling,dictionary_fuzzy,0.8766242861747742,0.95,False,False,,,True,True
6,frequent_spelling_exact,frequent_error_exact,безполезный.,бесполезный.,безполезный,Безполезный,case,capitalization_sentence_start,0.8477018475532532,0.98,False,False,,,False,False
6,frequent_spelling_exact,frequent_error_exact,безполезный.,бесполезный.,безполезный,бесполезны,spelling,dictionary_fuzzy,0.6988211274147034,0.95,False,False,,,False,False
7,frequent_spelling_exact,frequent_error_exact,безшумный.,бесшумный.,безшумный,безумный,spelling,extra_letter_candidate,0.6838878393173218,0.95,False,False,,,False,False
7,frequent_spelling_exact,frequent_error_exact,безшумный.,бесшумный.,безшумный,бездумный,spelling,keyboard_typo_candidate,0.6503364443778992,0.95,False,False,,,False,False
7,frequent_spelling_exact,frequent_error_exact,безшумный.,бесшумный.,безшумный,бесшумный,spelling,frequent_error_exact,0.5790483951568604,0.95,False,False,,,True,True
7,frequent_spelling_exact,frequent_error_exact,безшумный.,бесшумный.,безшумный,Безшумный,case,capitalization_sentence_start,0.5186693668365479,0.98,False,False,,,False,False
8,frequent_spelling_exact,frequent_error_exact,бесвкусный.,безвкусный.,бесвкусный,безвкусный,spelling,dictionary_fuzzy,0.7932679653167725,0.95,False,False,,,True,True
8,frequent_spelling_exact,frequent_error_exact,бесвкусный.,безвкусный.,бесвкусный,Бесвкусный,case,capitalization_sentence_start,0.7778688073158264,0.98,False,False,,,False,False
8,frequent_spelling_exact,frequent_error_exact,бесвкусный.,безвкусный.,бесвкусный,безвкусны,spelling,dictionary_fuzzy,0.6237210035324097,0.95,False,False,,,False,False
9,frequent_spelling_exact,frequent_error_exact,бесграмотный.,безграмотный.,бесграмотный,безграмотный,spelling,dictionary_fuzzy,0.8216105103492737,0.95,False,False,,,True,True
9,frequent_spelling_exact,frequent_error_exact,бесграмотный.,безграмотный.,бесграмотный,Бесграмотный,case,capitalization_sentence_start,0.8078111410140991,0.98,False,False,,,False,False
9,frequent_spelling_exact,frequent_error_exact,бесграмотный.,безграмотный.,бесграмотный,безграмотны,spelling,dictionary_fuzzy,0.6655066609382629,0.95,False,False,,,False,False
10,frequent_spelling_exact,frequent_error_exact,вада.,вода.,вада,вода,spelling,frequent_error_exact,0.3526351749897003,0.95,False,False,,,True,True
10,frequent_spelling_exact,frequent_error_exact,вада.,вода.,вада,Вада,case,capitalization_sentence_start,0.2463051080703735,0.98,False,False,,,False,False
11,split_join_exact,frequent_error_exact,вобщем.,в общем.,вобщем,воющем,spelling,keyboard_typo_candidate,0.3231201469898224,0.95,False,False,,,False,False
11,split_join_exact,frequent_error_exact,вобщем.,в общем.,вобщем,в общем,split_join,frequent_error_exact,0.2484247386455536,0.95,False,False,,,True,True
11,split_join_exact,frequent_error_exact,вобщем.,в общем.,вобщем,Вобщем,case,capitalization_sentence_start,0.2200627326965332,0.98,False,False,,,False,False
11,split_join_exact,frequent_error_exact,вобщем.,в общем.,вобщем,общем,spelling,extra_letter_candidate,0.2168805599212646,0.95,False,False,,,False,False
12,split_join_exact,frequent_error_exact,вообщем.,в общем.,вообщем,вообще,spelling,extra_letter_candidate,0.2557660043239593,0.95,False,False,,,False,False
12,split_join_exact,frequent_error_exact,вообщем.,в общем.,вообщем,в общем,split_join,frequent_error_exact,0.2055395990610122,0.95,False,False,,,True,True
12,split_join_exact,frequent_error_exact,вообщем.,в общем.,вообщем,Вообщем,case,capitalization_sentence_start,0.1884595155715942,0.98,False,False,,,False,False
13,split_join_exact,frequent_error_exact,врядли.,вряд ли.,врядли,Врядли,case,capitalization_sentence_start,0.4322831332683563,0.98,False,False,,,False,False
13,split_join_exact,frequent_error_exact,врядли.,вряд ли.,врядли,вряд ли,split_join,frequent_error_exact,0.4239646196365356,0.95,False,False,,,True,True
14,split_join_exact,frequent_error_exact,всмысле.,в смысле.,всмысле,в смысле,split_join,frequent_error_exact,0.3794134259223938,0.95,False,False,,,True,True
14,split_join_exact,frequent_error_exact,всмысле.,в смысле.,всмысле,вымысле,spelling,keyboard_typo_candidate,0.354466825723648,0.95,False,False,,,False,False
14,split_join_exact,frequent_error_exact,всмысле.,в смысле.,всмысле,Всмысле,case,capitalization_sentence_start,0.2792978584766388,0.98,False,False,,,False,False
14,split_join_exact,frequent_error_exact,всмысле.,в смысле.,всмысле,смысле,spelling,extra_letter_candidate,0.2507995069026947,0.95,False,False,,,False,False
15,frequent_spelling_exact,frequent_error_exact,вюга.,вьюга.,вюга,юга,spelling,extra_letter_candidate,0.6463205218315125,0.95,False,False,,,False,False
15,frequent_spelling_exact,frequent_error_exact,вюга.,вьюга.,вюга,вьюга,spelling,missing_letter_candidate,0.5058960914611816,0.95,False,False,,,True,True
15,frequent_spelling_exact,frequent_error_exact,вюга.,вьюга.,вюга,Вюга,case,capitalization_sentence_start,0.4961297810077667,0.98,False,False,,,False,False
16,frequent_spelling_exact,frequent_error_exact,граматика.,грамматика.,граматика,грамматика,spelling,double_consonant_candidate,0.5621132850646973,0.84,False,False,,,True,True
16,frequent_spelling_exact,frequent_error_exact,граматика.,грамматика.,граматика,грамматик,spelling,dictionary_fuzzy,0.416208267211914,0.95,False,False,,,False,False
16,frequent_spelling_exact,frequent_error_exact,граматика.,грамматика.,граматика,Граматика,case,capitalization_sentence_start,0.3038842380046844,0.98,False,False,,,False,False
17,frequent_spelling_exact,frequent_error_exact,делаеться.,делается.,делаеться,делается,spelling,extra_letter_candidate,0.3399948477745056,0.95,False,False,,,True,True
17,frequent_spelling_exact,frequent_error_exact,делаеться.,делается.,делаеться,делаться,spelling,extra_letter_candidate,0.2557141184806824,0.95,False,False,,,False,False
17,frequent_spelling_exact,frequent_error_exact,делаеться.,делается.,делаеться,Делаеться,case,capitalization_sentence_start,0.2258946746587753,0.98,False,False,,,False,False
18,frequent_spelling_exact,frequent_error_exact,деревяный.,деревянный.,деревяный,деревянный,spelling,double_consonant_candidate,0.9650704860687256,0.84,True,True,accepted,trusted bounded candidate,True,True
18,frequent_spelling_exact,frequent_error_exact,деревяный.,деревянный.,деревяный,деревины,spelling,dictionary_fuzzy,0.9317687749862672,0.95,False,False,,,False,False
18,frequent_spelling_exact,frequent_error_exact,деревяный.,деревянный.,деревяный,Деревяный,case,capitalization_sentence_start,0.8840304017066956,0.98,False,False,,,False,False
18,frequent_spelling_exact,frequent_error_exact,деревяный.,деревянный.,деревянный,Деревянный,case,capitalization_sentence_start,0.8275027275085449,0.98,False,False,,,False,False
19,frequent_spelling_exact,frequent_error_exact,дешовый.,дешевый.,дешовый,дековый,spelling,dictionary_fuzzy,0.658917248249054,0.95,False,False,,,False,False
19,frequent_spelling_exact,frequent_error_exact,дешовый.,дешевый.,дешовый,Дешовый,case,capitalization_sentence_start,0.3517597317695617,0.98,False,False,,,False,False
19,frequent_spelling_exact,frequent_error_exact,дешовый.,дешевый.,дешовый,дешевый,spelling,frequent_error_exact,0.3085911273956299,0.95,False,False,,,True,True
19,frequent_spelling_exact,frequent_error_exact,дешовый.,дешевый.,дешовый,дешёвый,spelling,dictionary_fuzzy,0.2573511004447937,0.95,False,False,,,False,False
20,frequent_spelling_exact,frequent_error_exact,длиный.,длинный.,длиный,длины,spelling,extra_letter_candidate,0.3986755013465881,0.95,False,False,,,False,False
20,frequent_spelling_exact,frequent_error_exact,длиный.,длинный.,длиный,Длиный,case,capitalization_sentence_start,0.2647448480129242,0.98,False,False,,,False,False
20,frequent_spelling_exact,frequent_error_exact,длиный.,длинный.,длиный,длинный,spelling,double_consonant_candidate,0.2194944471120834,0.84,False,False,,,True,True
21,frequent_spelling_exact,frequent_error_exact,жолтый.,желтый.,жолтый,желтый,spelling,frequent_error_exact,0.5273205041885376,0.95,False,False,,,True,True
21,frequent_spelling_exact,frequent_error_exact,жолтый.,желтый.,жолтый,жёлтый,spelling,dictionary_fuzzy,0.3852577209472656,0.95,False,False,,,False,False
21,frequent_spelling_exact,frequent_error_exact,жолтый.,желтый.,жолтый,Жолтый,case,capitalization_sentence_start,0.2245485186576843,0.98,False,False,,,False,False
21,frequent_spelling_exact,frequent_error_exact,жолтый.,желтый.,жолтый,жолты,spelling,extra_letter_candidate,0.2014441192150116,0.95,False,False,,,False,False
22,frequent_spelling_exact,frequent_error_exact,жывой.,живой.,жывой,живой,spelling,dictionary_fuzzy,0.4291243553161621,0.95,False,False,,,True,True
22,frequent_spelling_exact,frequent_error_exact,жывой.,живой.,жывой,Жывой,case,capitalization_sentence_start,0.347682774066925,0.98,False,False,,,False,False
23,frequent_spelling_exact,frequent_error_exact,жывотное.,животное.,жывотное,животное,spelling,dictionary_fuzzy,0.5384084582328796,0.95,False,False,,,True,True
23,frequent_spelling_exact,frequent_error_exact,жывотное.,животное.,жывотное,Жывотное,case,capitalization_sentence_start,0.5027024149894714,0.98,False,False,,,False,False
24,frequent_spelling_exact,frequent_error_exact,жызнь.,жизнь.,жызнь,жизнь,spelling,dictionary_fuzzy,0.7180141806602478,0.95,False,False,,,True,True
24,frequent_spelling_exact,frequent_error_exact,жызнь.,жизнь.,жызнь,Жызнь,case,capitalization_sentence_start,0.3908320963382721,0.98,False,False,,,False,False
25,frequent_spelling_exact,frequent_error_exact,зделал.,сделал.,зделал,сделал,spelling,frequent_error_exact,0.6751135587692261,0.95,False,False,,,True,True
25,frequent_spelling_exact,frequent_error_exact,зделал.,сделал.,зделал,Зделал,case,capitalization_sentence_start,0.6207736730575562,0.98,False,False,,,False,False
25,frequent_spelling_exact,frequent_error_exact,зделал.,сделал.,зделал,делал,spelling,extra_letter_candidate,0.6077395081520081,0.95,False,False,,,False,False
25,frequent_spelling_exact,frequent_error_exact,зделал.,сделал.,зделал,заделал,spelling,missing_letter_candidate,0.5083240270614624,0.95,False,False,,,False,False
26,frequent_spelling_exact,frequent_error_exact,зделать.,сделать.,зделать,сделать,spelling,frequent_error_exact,0.5482293367385864,0.95,False,False,,,True,True
26,frequent_spelling_exact,frequent_error_exact,зделать.,сделать.,зделать,Зделать,case,capitalization_sentence_start,0.4764845669269562,0.98,False,False,,,False,False
26,frequent_spelling_exact,frequent_error_exact,зделать.,сделать.,зделать,делать,spelling,extra_letter_candidate,0.4750044047832489,0.95,False,False,,,False,False
26,frequent_spelling_exact,frequent_error_exact,зделать.,сделать.,зделать,заделать,spelling,missing_letter_candidate,0.3650144040584564,0.95,False,False,,,False,False
27,frequent_spelling_exact,frequent_error_exact,искуственный.,искусственный.,искуственный,искусственный,spelling,double_consonant_candidate,0.5960801839828491,0.84,False,False,,,True,True
27,frequent_spelling_exact,frequent_error_exact,искуственный.,искусственный.,искуственный,искусственны,spelling,dictionary_fuzzy,0.5351282954216003,0.95,False,False,,,False,False
27,frequent_spelling_exact,frequent_error_exact,искуственный.,искусственный.,искуственный,Искуственный,case,capitalization_sentence_start,0.453176349401474,0.98,False,False,,,False,False
28,frequent_spelling_exact,frequent_error_exact,кажеться.,кажется.,кажеться,кажется,spelling,extra_letter_candidate,0.3454671800136566,0.95,False,False,,,True,True
28,frequent_spelling_exact,frequent_error_exact,кажеться.,кажется.,кажеться,кажешься,spelling,dictionary_fuzzy,0.1550880223512649,0.95,False,False,,,False,False
28,frequent_spelling_exact,frequent_error_exact,кажеться.,кажется.,кажеться,Кажеться,case,capitalization_sentence_start,0.1420532464981079,0.98,False,False,,,False,False
29,frequent_spelling_exact,frequent_error_exact,карова.,корова.,карова,корова,spelling,frequent_error_exact,0.7276010513305664,0.95,False,False,,,True,True
29,frequent_spelling_exact,frequent_error_exact,карова.,корова.,карова,варова,spelling,keyboard_typo_candidate,0.493474006652832,0.95,False,False,,,False,False
29,frequent_spelling_exact,frequent_error_exact,карова.,корова.,карова,Карова,case,capitalization_sentence_start,0.374876469373703,0.98,False,False,,,False,False
29,frequent_spelling_exact,frequent_error_exact,карова.,корова.,карова,кирова,spelling,keyboard_typo_candidate,0.1613600403070449,0.95,False,False,,,False,False
30,frequent_spelling_exact,frequent_error_exact,колектив.,коллектив.,колектив,коллектив,spelling,double_consonant_candidate,0.6849385499954224,0.84,False,False,,,True,True
30,frequent_spelling_exact,frequent_error_exact,колектив.,коллектив.,колектив,Колектив,case,capitalization_sentence_start,0.4645061790943146,0.98,False,False,,,False,False
30,frequent_spelling_exact,frequent_error_exact,колектив.,коллектив.,колектив,колесив,spelling,dictionary_fuzzy,0.4109299778938293,0.95,False,False,,,False,False
31,frequent_spelling_exact,frequent_error_exact,лесница.,лестница.,лесница,Лесница,case,capitalization_sentence_start,0.6145966053009033,0.98,False,False,,,False,False
31,frequent_spelling_exact,frequent_error_exact,лесница.,лестница.,лесница,лестница,spelling,missing_letter_candidate,0.5757297277450562,0.95,False,False,,,True,True
31,frequent_spelling_exact,frequent_error_exact,лесница.,лестница.,лесница,десница,spelling,keyboard_typo_candidate,0.4533175528049469,0.95,False,False,,,False,False
32,frequent_spelling_exact,frequent_error_exact,малако.,молоко.,малако,молоко,spelling,frequent_error_exact,0.9107608199119568,0.95,False,False,,,True,True
32,frequent_spelling_exact,frequent_error_exact,малако.,молоко.,малако,Малако,case,capitalization_sentence_start,0.5125433206558228,0.98,False,False,,,False,False
33,frequent_spelling_exact,frequent_error_exact,машына.,машина.,машына,машина,spelling,dictionary_fuzzy,0.5762458443641663,0.95,False,False,,,True,True
33,frequent_spelling_exact,frequent_error_exact,машына.,машина.,машына,Машына,case,capitalization_sentence_start,0.2296151667833328,0.98,False,False,,,False,False
34,frequent_spelling_exact,frequent_error_exact,нашол.,нашел.,нашол,Нашол,case,capitalization_sentence_start,0.4164594709873199,0.98,False,False,,,False,False
34,frequent_spelling_exact,frequent_error_exact,нашол.,нашел.,нашол,нашло,spelling,swapped_letters_candidate,0.3560229241847992,0.84,False,False,,,False,False
34,frequent_spelling_exact,frequent_error_exact,нашол.,нашел.,нашол,нашел,spelling,frequent_error_exact,0.194365844130516,0.95,False,False,,,True,True
34,frequent_spelling_exact,frequent_error_exact,нашол.,нашел.,нашол,намол,spelling,dictionary_fuzzy,0.188362181186676,0.95,False,False,,,False,False
35,split_join_exact,frequent_error_exact,незнаю.,не знаю.,незнаю,Незнаю,case,capitalization_sentence_start,0.4660353362560272,0.98,False,False,,,False,False
35,split_join_exact,frequent_error_exact,незнаю.,не знаю.,незнаю,не знаю,split_join,frequent_error_exact,0.0591427162289619,0.95,False,False,,,True,True
36,frequent_spelling_exact,frequent_error_exact,обажаю.,обожаю.,обажаю,обожаю,spelling,frequent_error_exact,0.1975583434104919,0.95,False,False,,,True,True
36,frequent_spelling_exact,frequent_error_exact,обажаю.,обожаю.,обажаю,обнажаю,spelling,missing_letter_candidate,0.1796885877847671,0.95,False,False,,,False,False
36,frequent_spelling_exact,frequent_error_exact,обажаю.,обожаю.,обажаю,обижаю,spelling,keyboard_typo_candidate,0.1756382584571838,0.95,False,False,,,False,False
36,frequent_spelling_exact,frequent_error_exact,обажаю.,обожаю.,обажаю,Обажаю,case,capitalization_sentence_start,0.1426955461502075,0.98,False,False,,,False,False
37,frequent_spelling_exact,frequent_error_exact,обьект.,объект.,обьект,объект,spelling,dictionary_fuzzy,0.8130527138710022,0.95,False,False,,,True,True
37,frequent_spelling_exact,frequent_error_exact,обьект.,объект.,обьект,Обьект,case,capitalization_sentence_start,0.6700477600097656,0.98,False,False,,,False,False
38,frequent_spelling_exact,frequent_error_exact,обявление.,объявление.,обявление,обеление,spelling,dictionary_fuzzy,0.6266174912452698,0.95,False,False,,,False,False
38,frequent_spelling_exact,frequent_error_exact,обявление.,объявление.,обявление,объявление,spelling,missing_letter_candidate,0.5491700172424316,0.95,False,False,,,True,True
38,frequent_spelling_exact,frequent_error_exact,обявление.,объявление.,обявление,Обявление,case,capitalization_sentence_start,0.4420193433761596,0.98,False,False,,,False,False
39,frequent_spelling_exact,frequent_error_exact,переодически.,периодически.,переодически,Переодически,case,capitalization_sentence_start,0.2365442663431167,0.98,False,False,,,False,False
39,frequent_spelling_exact,frequent_error_exact,переодически.,периодически.,переодически,периодически,spelling,dictionary_fuzzy,0.1862179934978485,0.95,False,False,,,True,True
40,frequent_spelling_exact,frequent_error_exact,подезд.,подъезд.,подезд,Подезд,case,capitalization_sentence_start,0.5208084583282471,0.98,False,False,,,False,False
40,frequent_spelling_exact,frequent_error_exact,подезд.,подъезд.,подезд,поезд,spelling,extra_letter_candidate,0.5018754005432129,0.95,False,False,,,False,False
40,frequent_spelling_exact,frequent_error_exact,подезд.,подъезд.,подезд,подъезд,spelling,missing_letter_candidate,0.3969675600528717,0.95,False,False,,,True,True
41,frequent_spelling_exact,frequent_error_exact,подезде.,подъезде.,подезде,Подезде,case,capitalization_sentence_start,0.5137025117874146,0.98,False,False,,,False,False
41,frequent_spelling_exact,frequent_error_exact,подезде.,подъезде.,подезде,поезде,spelling,extra_letter_candidate,0.4947610199451446,0.95,False,False,,,False,False
41,frequent_spelling_exact,frequent_error_exact,подезде.,подъезде.,подезде,подъезде,spelling,missing_letter_candidate,0.4173882901668548,0.95,False,False,,,True,True
42,frequent_spelling_exact,frequent_error_exact,подездом.,подъездом.,подездом,Подездом,case,capitalization_sentence_start,0.6151984333992004,0.98,False,False,,,False,False
42,frequent_spelling_exact,frequent_error_exact,подездом.,подъездом.,подездом,поездом,spelling,extra_letter_candidate,0.5971097946166992,0.95,False,False,,,False,False
42,frequent_spelling_exact,frequent_error_exact,подездом.,подъездом.,подездом,подъездом,spelling,missing_letter_candidate,0.4722639918327331,0.95,False,False,,,True,True
43,frequent_spelling_exact,frequent_error_exact,подезду.,подъезду.,подезду,Подезду,case,capitalization_sentence_start,0.4764744341373443,0.98,False,False,,,False,False
43,frequent_spelling_exact,frequent_error_exact,подезду.,подъезду.,подезду,поезду,spelling,extra_letter_candidate,0.4576139748096466,0.95,False,False,,,False,False
43,frequent_spelling_exact,frequent_error_exact,подезду.,подъезду.,подезду,подъезду,spelling,missing_letter_candidate,0.3551702201366424,0.95,False,False,,,True,True
44,frequent_spelling_exact,frequent_error_exact,получаеться.,получается.,получаеться,Получаеться,case,capitalization_sentence_start,0.336964875459671,0.98,False,False,,,False,False
44,frequent_spelling_exact,frequent_error_exact,получаеться.,получается.,получаеться,получается,spelling,extra_letter_candidate,0.2799452245235443,0.95,False,False,,,True,True
44,frequent_spelling_exact,frequent_error_exact,получаеться.,получается.,получаеться,получаться,spelling,extra_letter_candidate,0.2288590222597122,0.95,False,False,,,False,False
45,frequent_spelling_exact,frequent_error_exact,прасник.,праздник.,прасник,праздник,spelling,frequent_error_exact,0.1834704726934433,0.95,False,False,,,True,True
45,frequent_spelling_exact,frequent_error_exact,прасник.,праздник.,прасник,Прасник,case,capitalization_sentence_start,0.177585169672966,0.98,False,False,,,False,False
45,frequent_spelling_exact,frequent_error_exact,прасник.,праздник.,прасник,пращник,spelling,dictionary_fuzzy,0.1745325922966003,0.95,False,False,,,False,False
46,frequent_spelling_exact,frequent_error_exact,преблизительно.,приблизительно.,преблизительно,приблизительно,spelling,dictionary_fuzzy,0.5643561482429504,0.95,False,False,,,True,True
46,frequent_spelling_exact,frequent_error_exact,преблизительно.,приблизительно.,преблизительно,Преблизительно,case,capitalization_sentence_start,0.3808461427688598,0.98,False,False,,,False,False
47,frequent_spelling_exact,frequent_error_exact,привосходный.,превосходный.,привосходный,Привосходный,case,capitalization_sentence_start,0.9051882028579712,0.98,False,False,,,False,False
47,frequent_spelling_exact,frequent_error_exact,привосходный.,превосходный.,привосходный,превосходный,spelling,dictionary_fuzzy,0.8017058968544006,0.95,False,False,,,True,True
47,frequent_spelling_exact,frequent_error_exact,привосходный.,превосходный.,привосходный,превосходны,spelling,dictionary_fuzzy,0.6359028816223145,0.95,False,False,,,False,False
48,frequent_spelling_exact,frequent_error_exact,приувеличивать.,преувеличивать.,приувеличивать,Приувеличивать,case,capitalization_sentence_start,0.7380898594856262,0.98,False,False,,,False,False
48,frequent_spelling_exact,frequent_error_exact,приувеличивать.,преувеличивать.,приувеличивать,преувеличивать,spelling,dictionary_fuzzy,0.7150656580924988,0.95,False,False,,,True,True
49,frequent_spelling_exact,frequent_error_exact,пришол.,пришел.,пришол,пришел,spelling,frequent_error_exact,0.6068624258041382,0.95,False,False,,,True,True
49,frequent_spelling_exact,frequent_error_exact,пришол.,пришел.,пришол,Пришол,case,capitalization_sentence_start,0.5336940288543701,0.98,False,False,,,False,False
49,frequent_spelling_exact,frequent_error_exact,пришол.,пришел.,пришол,пришло,spelling,swapped_letters_candidate,0.3289746940135956,0.84,False,False,,,False,False
49,frequent_spelling_exact,frequent_error_exact,пришол.,пришел.,пришол,пришл,spelling,extra_letter_candidate,0.2731837034225464,0.95,False,False,,,False,False
50,frequent_spelling_exact,frequent_error_exact,произошол.,произошел.,произошол,произошло,spelling,swapped_letters_candidate,0.5120552778244019,0.84,False,False,,,False,False
50,frequent_spelling_exact,frequent_error_exact,произошол.,произошел.,произошол,произошел,spelling,frequent_error_exact,0.4315312206745147,0.95,False,False,,,True,True
50,frequent_spelling_exact,frequent_error_exact,произошол.,произошел.,произошол,произошёл,spelling,dictionary_fuzzy,0.4137711822986603,0.95,False,False,,,False,False
50,frequent_spelling_exact,frequent_error_exact,произошол.,произошел.,произошол,Произошол,case,capitalization_sentence_start,0.3268208503723144,0.98,False,False,,,False,False
51,frequent_spelling_exact,frequent_error_exact,сабака.,собака.,сабака,собака,spelling,frequent_error_exact,0.8247803449630737,0.95,False,False,,,True,True
51,frequent_spelling_exact,frequent_error_exact,сабака.,собака.,сабака,слабака,spelling,missing_letter_candidate,0.8210772275924683,0.95,False,False,,,False,False
51,frequent_spelling_exact,frequent_error_exact,сабака.,собака.,сабака,салака,spelling,keyboard_typo_candidate,0.7185309529304504,0.95,False,False,,,False,False
51,frequent_spelling_exact,frequent_error_exact,сабака.,собака.,сабака,Сабака,case,capitalization_sentence_start,0.545523464679718,0.98,False,False,,,False,False
52,frequent_spelling_exact,frequent_error_exact,сдесь.,здесь.,сдесь,свесь,spelling,dictionary_fuzzy,0.465519368648529,0.95,False,False,,,False,False
52,frequent_spelling_exact,frequent_error_exact,сдесь.,здесь.,сдесь,здесь,spelling,frequent_error_exact,0.4229194819927215,0.95,False,False,,,True,True
52,frequent_spelling_exact,frequent_error_exact,сдесь.,здесь.,сдесь,Сдесь,case,capitalization_sentence_start,0.4105912446975708,0.98,False,False,,,False,False
52,frequent_spelling_exact,frequent_error_exact,сдесь.,здесь.,сдесь,смесь,spelling,dictionary_fuzzy,0.4033399522304535,0.95,False,False,,,False,False
53,frequent_spelling_exact,frequent_error_exact,серце.,сердце.,серце,сердце,spelling,frequent_error_exact,0.6434434056282043,0.95,False,False,,,True,True
53,frequent_spelling_exact,frequent_error_exact,серце.,сердце.,серце,серые,spelling,keyboard_typo_candidate,0.5869336128234863,0.95,False,False,,,False,False
53,frequent_spelling_exact,frequent_error_exact,серце.,сердце.,серце,сенце,spelling,keyboard_typo_candidate,0.5277604460716248,0.95,False,False,,,False,False
53,frequent_spelling_exact,frequent_error_exact,серце.,сердце.,серце,Серце,case,capitalization_sentence_start,0.5047586560249329,0.98,False,False,,,False,False
54,frequent_spelling_exact,frequent_error_exact,сьезд.,съезд.,сьезд,Сьезд,case,capitalization_sentence_start,0.6600436568260193,0.98,False,False,,,False,False
54,frequent_spelling_exact,frequent_error_exact,сьезд.,съезд.,сьезд,съезд,spelling,dictionary_fuzzy,0.5961488485336304,0.95,False,False,,,True,True
55,frequent_spelling_exact,frequent_error_exact,територия.,территория.,територия,территория,spelling,double_consonant_candidate,0.7061435580253601,0.84,False,False,,,True,True
55,frequent_spelling_exact,frequent_error_exact,територия.,территория.,територия,Територия,case,capitalization_sentence_start,0.4109136462211609,0.98,False,False,,,False,False
55,frequent_spelling_exact,frequent_error_exact,територия.,территория.,територия,территории,spelling,dictionary_fuzzy,0.3525136113166809,0.95,False,False,,,False,False
56,frequent_spelling_exact,frequent_error_exact,улыбаеться.,улыбается.,улыбаеться,улыбается,spelling,extra_letter_candidate,0.3431172370910644,0.95,False,False,,,True,True
56,frequent_spelling_exact,frequent_error_exact,улыбаеться.,улыбается.,улыбаеться,Улыбаеться,case,capitalization_sentence_start,0.2683520019054413,0.98,False,False,,,False,False
56,frequent_spelling_exact,frequent_error_exact,улыбаеться.,улыбается.,улыбаеться,улыбаться,spelling,extra_letter_candidate,0.2583655118942261,0.95,False,False,,,False,False
57,frequent_spelling_exact,frequent_error_exact,харашо.,хорошо.,харашо,хорошо,spelling,frequent_error_exact,0.5915793180465698,0.95,False,False,,,True,True
57,frequent_spelling_exact,frequent_error_exact,харашо.,хорошо.,харашо,Харашо,case,capitalization_sentence_start,0.3388470709323883,0.98,False,False,,,False,False
58,frequent_spelling_exact,frequent_error_exact,хочеться.,хочется.,хочеться,хотеться,spelling,dictionary_fuzzy,0.2695249915122986,0.95,False,False,,,False,False
58,frequent_spelling_exact,frequent_error_exact,хочеться.,хочется.,хочеться,хочется,spelling,extra_letter_candidate,0.2076776921749115,0.95,False,False,,,True,True
58,frequent_spelling_exact,frequent_error_exact,хочеться.,хочется.,хочеться,Хочеться,case,capitalization_sentence_start,0.1126759722828865,0.98,False,False,,,False,False
59,frequent_spelling_exact,frequent_error_exact,цырк.,цирк.,цырк,цирк,spelling,frequent_error_exact,0.6955138444900513,0.95,False,False,,,True,True
59,frequent_spelling_exact,frequent_error_exact,цырк.,цирк.,цырк,цыра,spelling,keyboard_typo_candidate,0.687046468257904,0.95,False,False,,,False,False
59,frequent_spelling_exact,frequent_error_exact,цырк.,цирк.,цырк,Цырк,case,capitalization_sentence_start,0.5743752717971802,0.98,False,False,,,False,False
59,frequent_spelling_exact,frequent_error_exact,цырк.,цирк.,цырк,фырк,spelling,keyboard_typo_candidate,0.5392321944236755,0.95,False,False,,,False,False
60,frequent_spelling_exact,frequent_error_exact,цытата.,цитата.,цытата,цитата,spelling,dictionary_fuzzy,0.419984370470047,0.95,False,False,,,True,True
60,frequent_spelling_exact,frequent_error_exact,цытата.,цитата.,цытата,Цытата,case,capitalization_sentence_start,0.3685618638992309,0.98,False,False,,,False,False
61,frequent_spelling_exact,frequent_error_exact,цыфра.,цифра.,цыфра,цифра,spelling,dictionary_fuzzy,0.3106806576251983,0.95,False,False,,,True,True
61,frequent_spelling_exact,frequent_error_exact,цыфра.,цифра.,цыфра,цыра,spelling,extra_letter_candidate,0.290706604719162,0.95,False,False,,,False,False
61,frequent_spelling_exact,frequent_error_exact,цыфра.,цифра.,цыфра,Цыфра,case,capitalization_sentence_start,0.1918510496616363,0.98,False,False,,,False,False
62,frequent_spelling_exact,frequent_error_exact,чесный.,честный.,чесный,Чесный,case,capitalization_sentence_start,0.4616880714893341,0.98,False,False,,,False,False
62,frequent_spelling_exact,frequent_error_exact,чесный.,честный.,чесный,честный,spelling,missing_letter_candidate,0.3140960037708282,0.95,False,False,,,True,True
63,frequent_spelling_exact,frequent_error_exact,чорный.,черный.,чорный,чёрный,spelling,dictionary_fuzzy,0.6544125080108643,0.95,False,False,,,False,False
63,frequent_spelling_exact,frequent_error_exact,чорный.,черный.,чорный,сорный,spelling,keyboard_typo_candidate,0.5715906023979187,0.95,False,False,,,False,False
63,frequent_spelling_exact,frequent_error_exact,чорный.,черный.,чорный,черный,spelling,frequent_error_exact,0.5161168575286865,0.95,False,False,,,True,True
63,frequent_spelling_exact,frequent_error_exact,чорный.,черный.,чорный,Чорный,case,capitalization_sentence_start,0.3848999440670013,0.98,False,False,,,False,False
64,frequent_spelling_exact,frequent_error_exact,чювство.,чувство.,чювство,чувство,spelling,dictionary_fuzzy,0.4998355507850647,0.95,False,False,,,True,True
64,frequent_spelling_exact,frequent_error_exact,чювство.,чувство.,чювство,Чювство,case,capitalization_sentence_start,0.235931321978569,0.98,False,False,,,False,False
65,frequent_spelling_exact,frequent_error_exact,чюдо.,чудо.,чюдо,Чюдо,case,capitalization_sentence_start,0.2887795865535736,0.98,False,False,,,False,False
65,frequent_spelling_exact,frequent_error_exact,чюдо.,чудо.,чюдо,чудо,spelling,frequent_error_exact,0.2386396676301956,0.95,False,False,,,True,True
66,frequent_spelling_exact,frequent_error_exact,чясто.,часто.,чясто,часто,spelling,dictionary_fuzzy,0.2236466407775879,0.95,False,False,,,True,True
66,frequent_spelling_exact,frequent_error_exact,чясто.,часто.,чясто,Чясто,case,capitalization_sentence_start,0.2005464732646942,0.98,False,False,,,False,False
66,frequent_spelling_exact,frequent_error_exact,чясто.,часто.,чясто,чисто,spelling,dictionary_fuzzy,0.1171622648835182,0.95,False,False,,,False,False
67,frequent_spelling_exact,frequent_error_exact,чяща.,чаща.,чяща,вяща,spelling,keyboard_typo_candidate,0.4384284615516662,0.95,False,False,,,False,False
67,frequent_spelling_exact,frequent_error_exact,чяща.,чаща.,чяща,Чяща,case,capitalization_sentence_start,0.2580260634422302,0.98,False,False,,,False,False
67,frequent_spelling_exact,frequent_error_exact,чяща.,чаща.,чяща,чаща,spelling,frequent_error_exact,0.2476563453674316,0.95,False,False,,,True,True
68,frequent_spelling_exact,frequent_error_exact,шол.,шел.,шол,шел,spelling,frequent_error_exact,0.6163011789321899,0.95,False,False,,,True,True
68,frequent_spelling_exact,frequent_error_exact,шол.,шел.,шол,Шол,case,capitalization_sentence_start,0.2490162700414657,0.98,False,False,,,False,False
69,frequent_spelling_exact,frequent_error_exact,шырина.,ширина.,шырина,ширина,spelling,dictionary_fuzzy,0.297747939825058,0.95,False,False,,,True,True
69,frequent_spelling_exact,frequent_error_exact,шырина.,ширина.,шырина,Шырина,case,capitalization_sentence_start,0.2133393436670303,0.98,False,False,,,False,False
69,frequent_spelling_exact,frequent_error_exact,шырина.,ширина.,шырина,шурина,spelling,keyboard_typo_candidate,0.1545864045619964,0.95,False,False,,,False,False
70,frequent_spelling_exact,frequent_error_exact,щюка.,щука.,щюка,люка,spelling,keyboard_typo_candidate,0.4327807426452636,0.95,False,False,,,False,False
70,frequent_spelling_exact,frequent_error_exact,щюка.,щука.,щюка,Щюка,case,capitalization_sentence_start,0.3345472514629364,0.98,False,False,,,False,False
70,frequent_spelling_exact,frequent_error_exact,щюка.,щука.,щюка,дюка,spelling,keyboard_typo_candidate,0.2120175659656524,0.95,False,False,,,False,False
70,frequent_spelling_exact,frequent_error_exact,щюка.,щука.,щюка,щука,spelling,frequent_error_exact,0.1884405761957168,0.95,False,False,,,True,True
71,frequent_spelling_exact,frequent_error_exact,щястье.,счастье.,щястье,Щястье,case,capitalization_sentence_start,0.7549182772636414,0.98,False,False,,,False,False
71,frequent_spelling_exact,frequent_error_exact,щястье.,счастье.,щястье,счастье,spelling,frequent_error_exact,0.739000678062439,0.95,False,False,,,True,True
72,hyphen_whitelist,hyphen_whitelist,во первых.,во-первых.,во первых,во-первых,hyphen,hyphen_whitelist,0.913500428199768,0.95,False,False,,,True,True
72,hyphen_whitelist,hyphen_whitelist,во первых.,во-первых.,во,Во,case,capitalization_sentence_start,0.3084520399570465,0.98,False,False,,,False,False
73,hyphen_whitelist,hyphen_whitelist,кое как.,кое-как.,кое как,кое-как,hyphen,hyphen_koe_koy,0.7493122816085815,0.45,True,True,accepted,trusted bounded candidate,True,True
73,hyphen_whitelist,hyphen_whitelist,кое как.,кое-как.,кое,Кое,case,capitalization_sentence_start,0.2661502063274383,0.98,False,False,,,False,False
73,hyphen_whitelist,hyphen_whitelist,кое как.,кое-как.,кое-как,Кое-как,case,capitalization_sentence_start,0.8565503358840942,0.98,False,False,,,False,False
74,hyphen_whitelist,hyphen_whitelist,кто нибудь.,кто-нибудь.,кто нибудь,кто-нибудь,hyphen,hyphen_particles,0.55600905418396,0.5,True,True,accepted,trusted bounded candidate,True,True
74,hyphen_whitelist,hyphen_whitelist,кто нибудь.,кто-нибудь.,кто,Кто,case,capitalization_sentence_start,0.1989564746618271,0.98,False,False,,,False,False
74,hyphen_whitelist,hyphen_whitelist,кто нибудь.,кто-нибудь.,кто-нибудь,Кто-нибудь,case,capitalization_sentence_start,0.9438709616661072,0.98,False,False,,,False,False
75,hyphen_whitelist,hyphen_whitelist,по русски.,по-русски.,по русски,по-русски,hyphen,hyphen_po_adverbs,0.5138158202171326,0.88,False,False,,,True,True
75,hyphen_whitelist,hyphen_whitelist,по русски.,по-русски.,по,По,case,capitalization_sentence_start,0.107081651687622,0.98,False,False,,,False,False
76,hyphen_whitelist,hyphen_whitelist,по-умолчанию.,по умолчанию.,по-умолчанию,По-умолчанию,case,capitalization_sentence_start,0.8783848881721497,0.98,False,False,,,False,False
76,hyphen_whitelist,hyphen_whitelist,по-умолчанию.,по умолчанию.,по-умолчанию,по умолчанию,hyphen,hyphen_whitelist,0.8279154300689697,0.95,False,False,,,True,True
77,hyphen_whitelist,hyphen_whitelist,что то.,что-то.,что то,что-то,hyphen,hyphen_particles,0.5279936194419861,0.5,True,True,accepted,trusted bounded candidate,True,True
77,hyphen_whitelist,hyphen_whitelist,что то.,что-то.,что,Что,case,capitalization_sentence_start,0.0736831575632095,0.98,False,False,,,False,False
77,hyphen_whitelist,hyphen_whitelist,что то.,что-то.,что-то,Что-то,case,capitalization_sentence_start,0.821365237236023,0.98,False,False,,,False,False
78,context_pair,context_pair,в следствие.,вследствие.,в следствие,вследствие,split_join,context_vsledstvie,0.7045366764068604,0.95,False,False,,,True,True
78,context_pair,context_pair,в следствие.,вследствие.,в,В,case,capitalization_sentence_start,0.4452277421951294,0.98,False,False,,,False,False
79,context_pair,context_pair,вследствие.,в следствие.,вследствие,в следствие,split_join,context_vsledstvie,0.3938072025775909,0.95,False,False,,,True,True
79,context_pair,context_pair,вследствие.,в следствие.,вследствие,Вследствие,case,capitalization_sentence_start,0.2992464005947113,0.98,False,False,,,False,False
80,context_pair,context_pair,за то.,зато.,за то,зато,split_join,context_za_to,0.3650504350662231,0.95,False,False,,,True,True
80,context_pair,context_pair,за то.,зато.,за,За,case,capitalization_sentence_start,0.1617816835641861,0.98,False,False,,,False,False
81,context_pair,context_pair,зато.,за то.,зато,Зато,case,capitalization_sentence_start,0.6163808703422546,0.98,False,False,,,False,False
81,context_pair,context_pair,зато.,за то.,зато,за то,split_join,context_za_to,0.2983772456645965,0.95,False,False,,,True,True
82,context_pair,context_pair,не смотря.,несмотря.,не смотря,несмотря,split_join,context_nesmotrya,0.7674159407615662,0.95,False,False,,,True,True
82,context_pair,context_pair,не смотря.,несмотря.,не,Не,case,capitalization_sentence_start,0.2811467349529266,0.98,False,False,,,False,False
83,context_pair,context_pair,не смотря на.,несмотря на.,не смотря на,несмотря на,split_join,context_nesmotrya,0.6623511910438538,0.95,False,False,,,False,True
83,context_pair,context_pair,не смотря на.,несмотря на.,не смотря,несмотря,split_join,context_nesmotrya,0.6322631239891052,0.95,False,False,,,True,True
83,context_pair,context_pair,не смотря на.,несмотря на.,не,Не,case,capitalization_sentence_start,0.1737887859344482,0.98,False,False,,,False,False
84,context_pair,context_pair,несмотря.,не смотря.,несмотря,Несмотря,case,capitalization_sentence_start,0.5370088219642639,0.98,False,False,,,False,False
84,context_pair,context_pair,несмотря.,не смотря.,несмотря,не смотря,split_join,context_nesmotrya,0.0352159328758716,0.95,False,False,,,True,True
85,context_pair,context_pair,несмотря на.,не смотря на.,несмотря,Несмотря,case,capitalization_sentence_start,0.3567869067192077,0.98,False,False,,,False,False
85,context_pair,context_pair,несмотря на.,не смотря на.,несмотря на,не смотря на,split_join,context_nesmotrya,0.1328625530004501,0.95,False,False,,,True,True
85,context_pair,context_pair,несмотря на.,не смотря на.,несмотря,не смотря,split_join,context_nesmotrya,0.017156895250082,0.95,False,False,,,True,True
86,context_pair,context_pair,так же.,также.,так же,также,split_join,context_tak_zhe,0.5703534483909607,0.95,False,False,,,True,True
86,context_pair,context_pair,так же.,также.,так,Так,case,capitalization_sentence_start,0.1765342801809311,0.98,False,False,,,False,False
87,context_pair,context_pair,также.,так же.,также,Также,case,capitalization_sentence_start,0.5699846148490906,0.98,False,False,,,False,False
87,context_pair,context_pair,также.,так же.,также,так же,split_join,context_tak_zhe,0.5480377674102783,0.95,False,False,,,True,True
88,context_pair,context_pair,то же.,тоже.,то,То,case,capitalization_sentence_start,0.3321310579776764,0.98,False,False,,,False,False
88,context_pair,context_pair,то же.,тоже.,то же,тоже,split_join,context_to_zhe,0.0647101700305938,0.95,False,False,,,True,True
89,context_pair,context_pair,тоже.,то же.,тоже,то же,split_join,context_to_zhe,0.3283674418926239,0.95,False,False,,,True,True
89,context_pair,context_pair,тоже.,то же.,тоже,Тоже,case,capitalization_sentence_start,0.316514790058136,0.98,False,False,,,False,False
90,context_pair,context_pair,что бы.,чтобы.,что бы,чтобы,split_join,context_chto_by,0.2619591653347015,0.95,False,False,,,True,True
90,context_pair,context_pair,что бы.,чтобы.,что,Что,case,capitalization_sentence_start,0.1354029178619384,0.98,False,False,,,False,False
91,context_pair,context_pair,чтобы.,что бы.,чтобы,что бы,split_join,context_chto_by,0.6036832928657532,0.95,False,False,,,True,True
91,context_pair,context_pair,чтобы.,что бы.,чтобы,Чтобы,case,capitalization_sentence_start,0.3618132174015045,0.98,False,False,,,False,False
92,dataset_dictionary_fuzzy,dictionary_fuzzy,"Секретарь сохранил библеотека, потому что длинная запись был важен.","Секретарь сохранил библиотека, потому что длинная запись был важен.",библеотека,библиотека,spelling,dictionary_fuzzy,0.4998137354850769,0.95,False,False,,,False,True
92,dataset_dictionary_fuzzy,dictionary_fuzzy,"Секретарь сохранил библеотека, потому что длинная запись был важен.","Секретарь сохранил библиотека, потому что длинная запись был важен.",библеотека,библиотекам,spelling,dictionary_fuzzy,0.2364240288734436,0.95,False,False,,,False,False
93,dataset_dictionary_fuzzy,dictionary_fuzzy,"Секретарь сохранил библеотека, потому что короткий договор был важен.","Секретарь сохранил библиотека, потому что короткий договор был важен.",библеотека,библиотека,spelling,dictionary_fuzzy,0.5128576159477234,0.95,False,False,,,False,True
93,dataset_dictionary_fuzzy,dictionary_fuzzy,"Секретарь сохранил библеотека, потому что короткий договор был важен.","Секретарь сохранил библиотека, потому что короткий договор был важен.",библеотека,библиотекам,spelling,dictionary_fuzzy,0.2459743767976761,0.95,False,False,,,False,False
94,dataset_dictionary_fuzzy,dictionary_fuzzy,Команда внесла библеотека в архивный номер перед встречей.,Команда внесла библиотека в архивный номер перед встречей.,библеотека,библиотека,spelling,dictionary_fuzzy,0.5005529522895813,0.95,False,False,,,False,True
94,dataset_dictionary_fuzzy,dictionary_fuzzy,Команда внесла библеотека в архивный номер перед встречей.,Команда внесла библиотека в архивный номер перед встречей.,библеотека,библиотекам,spelling,dictionary_fuzzy,0.236958235502243,0.95,False,False,,,False,False
95,dataset_dictionary_fuzzy,dictionary_fuzzy,Аналитик записал библеотека и обновил длинная запись вечером.,Аналитик записал библиотека и обновил длинная запись вечером.,библеотека,библиотека,spelling,dictionary_fuzzy,0.5096861124038696,0.95,False,False,,,False,True
95,dataset_dictionary_fuzzy,dictionary_fuzzy,Аналитик записал библеотека и обновил длинная запись вечером.,Аналитик записал библиотека и обновил длинная запись вечером.,библеотека,библиотекам,spelling,dictionary_fuzzy,0.2436278909444809,0.95,False,False,,,False,False
96,dataset_dictionary_fuzzy,dictionary_fuzzy,Команда внесла библеотека в короткий договор перед встречей.,Команда внесла библиотека в короткий договор перед встречей.,библеотека,библиотека,spelling,dictionary_fuzzy,0.5196734070777893,0.95,False,False,,,False,True
96,dataset_dictionary_fuzzy,dictionary_fuzzy,Команда внесла библеотека в короткий договор перед встречей.,Команда внесла библиотека в короткий договор перед встречей.,библеотека,библиотекам,spelling,dictionary_fuzzy,0.2510713934898376,0.95,False,False,,,False,False
97,dataset_dictionary_fuzzy,dictionary_fuzzy,"Секретарь сохранил библеотека, потому что осенняя проверка был важен.","Секретарь сохранил библиотека, потому что осенняя проверка был важен.",библеотека,библиотека,spelling,dictionary_fuzzy,0.5111437439918518,0.95,False,False,,,False,True
97,dataset_dictionary_fuzzy,dictionary_fuzzy,"Секретарь сохранил библеотека, потому что осенняя проверка был важен.","Секретарь сохранил библиотека, потому что осенняя проверка был важен.",библеотека,библиотекам,spelling,dictionary_fuzzy,0.2447043508291244,0.95,False,False,,,False,False
98,dataset_dictionary_fuzzy,dictionary_fuzzy,Аналитик записал библеотека и обновил архивная таблица вечером.,Аналитик записал библиотека и обновил архивная таблица вечером.,библеотека,библиотека,spelling,dictionary_fuzzy,0.5065659880638123,0.95,False,False,,,False,True
98,dataset_dictionary_fuzzy,dictionary_fuzzy,Аналитик записал библеотека и обновил архивная таблица вечером.,Аналитик записал библиотека и обновил архивная таблица вечером.,библеотека,библиотекам,spelling,dictionary_fuzzy,0.241334781050682,0.95,False,False,,,False,False
99,dataset_dictionary_fuzzy,dictionary_fuzzy,"Секретарь сохранил библеотека, потому что новая таблица был важен.","Секретарь сохранил библиотека, потому что новая таблица был важен.",библеотека,библиотека,spelling,dictionary_fuzzy,0.5194360017776489,0.95,False,False,,,False,True
99,dataset_dictionary_fuzzy,dictionary_fuzzy,"Секретарь сохранил библеотека, потому что новая таблица был важен.","Секретарь сохранил библиотека, потому что новая таблица был важен.",библеотека,библиотекам,spelling,dictionary_fuzzy,0.2508925795555115,0.95,False,False,,,False,False
100,dataset_dictionary_fuzzy,dictionary_fuzzy,"Секретарь сохранил библеотека, потому что летняя проверка был важен.","Секретарь сохранил библиотека, потому что летняя проверка был важен.",библеотека,библиотека,spelling,dictionary_fuzzy,0.4973976910114288,0.95,False,False,,,False,True
100,dataset_dictionary_fuzzy,dictionary_fuzzy,"Секретарь сохранил библеотека, потому что летняя проверка был важен.","Секретарь сохранил библиотека, потому что летняя проверка был важен.",библеотека,библиотекам,spelling,dictionary_fuzzy,0.2346837669610977,0.95,False,False,,,False,False
101,dataset_keyboard_typo_candidate,keyboard_typo_candidate,"Редактор проверил грсмматика, когда готовил согласованный договор.","Редактор проверил грамматика, когда готовил согласованный договор.",грсмматика,грамматикам,spelling,dictionary_fuzzy,0.3423601984977722,0.95,False,False,,,False,False
101,dataset_keyboard_typo_candidate,keyboard_typo_candidate,"Редактор проверил грсмматика, когда готовил согласованный договор.","Редактор проверил грамматика, когда готовил согласованный договор.",грсмматика,грамматика,spelling,keyboard_typo_candidate,0.3290754854679107,0.95,False,False,,,False,True
102,dataset_keyboard_typo_candidate,keyboard_typo_candidate,"Эксперт отметил молокл, когда читал основной договор.","Эксперт отметил молоко, когда читал основной договор.",молокл,молоко,spelling,keyboard_typo_candidate,0.6125346422195435,0.95,False,False,,,False,True
102,dataset_keyboard_typo_candidate,keyboard_typo_candidate,"Эксперт отметил молокл, когда читал основной договор.","Эксперт отметил молоко, когда читал основной договор.",молокл,молол,spelling,extra_letter_candidate,0.2577110826969147,0.95,False,False,,,False,False
103,dataset_keyboard_typo_candidate,keyboard_typo_candidate,Автор увидел грсмматика и открыл городской журнал утром.,Автор увидел грамматика и открыл городской журнал утром.,грсмматика,грамматикам,spelling,dictionary_fuzzy,0.3390503823757171,0.95,False,False,,,False,False
103,dataset_keyboard_typo_candidate,keyboard_typo_candidate,Автор увидел грсмматика и открыл городской журнал утром.,Автор увидел грамматика и открыл городской журнал утром.,грсмматика,грамматика,spelling,keyboard_typo_candidate,0.3258304893970489,0.95,False,False,,,False,True
104,dataset_keyboard_typo_candidate,keyboard_typo_candidate,"Эксперт отметил молокл, когда читал рабочая группа.","Эксперт отметил молоко, когда читал рабочая группа.",молокл,молоко,spelling,keyboard_typo_candidate,0.6039657592773438,0.95,False,False,,,False,True
104,dataset_keyboard_typo_candidate,keyboard_typo_candidate,"Эксперт отметил молокл, когда читал рабочая группа.","Эксперт отметил молоко, когда читал рабочая группа.",молокл,молол,spelling,extra_letter_candidate,0.2508918046951294,0.95,False,False,,,False,False
105,dataset_keyboard_typo_candidate,keyboard_typo_candidate,"Редактор проверил грсмматика, когда готовил утренний выпуск.","Редактор проверил грамматика, когда готовил утренний выпуск.",грсмматика,грамматикам,spelling,dictionary_fuzzy,0.3260771334171295,0.95,False,False,,,False,False
105,dataset_keyboard_typo_candidate,keyboard_typo_candidate,"Редактор проверил грсмматика, когда готовил утренний выпуск.","Редактор проверил грамматика, когда готовил утренний выпуск.",грсмматика,грамматика,spelling,keyboard_typo_candidate,0.3131234645843506,0.95,False,False,,,False,True
106,dataset_keyboard_typo_candidate,keyboard_typo_candidate,"Редактор проверил молокл, когда готовил плановая встреча.","Редактор проверил молоко, когда готовил плановая встреча.",молокл,молоко,spelling,keyboard_typo_candidate,0.5969269871711731,0.95,False,False,,,False,True
106,dataset_keyboard_typo_candidate,keyboard_typo_candidate,"Редактор проверил молокл, когда готовил плановая встреча.","Редактор проверил молоко, когда готовил плановая встреча.",молокл,молол,spelling,extra_letter_candidate,0.2454179674386978,0.95,False,False,,,False,False
107,dataset_keyboard_typo_candidate,keyboard_typo_candidate,"Редактор проверил грсмматика, когда готовил закрытое письмо.","Редактор проверил грамматика, когда готовил закрытое письмо.",грсмматика,грамматикам,spelling,dictionary_fuzzy,0.3479210138320923,0.95,False,False,,,False,False
107,dataset_keyboard_typo_candidate,keyboard_typo_candidate,"Редактор проверил грсмматика, когда готовил закрытое письмо.","Редактор проверил грамматика, когда готовил закрытое письмо.",грсмматика,грамматика,spelling,keyboard_typo_candidate,0.3345302939414978,0.95,False,False,,,False,True
108,dataset_keyboard_typo_candidate,keyboard_typo_candidate,Автор увидел грсмматика и открыл открытый вопрос утром.,Автор увидел грамматика и открыл открытый вопрос утром.,грсмматика,грамматикам,spelling,dictionary_fuzzy,0.354807585477829,0.95,False,False,,,False,False
108,dataset_keyboard_typo_candidate,keyboard_typo_candidate,Автор увидел грсмматика и открыл открытый вопрос утром.,Автор увидел грамматика и открыл открытый вопрос утром.,грсмматика,грамматика,spelling,keyboard_typo_candidate,0.3412905633449554,0.95,False,False,,,False,True
109,dataset_keyboard_typo_candidate,keyboard_typo_candidate,"Секретарь сохранил клрова, потому что подробная справка был важен.","Секретарь сохранил корова, потому что подробная справка был важен.",клрова,корова,spelling,keyboard_typo_candidate,0.6453425288200378,0.95,False,False,,,False,True
109,dataset_keyboard_typo_candidate,keyboard_typo_candidate,"Секретарь сохранил клрова, потому что подробная справка был важен.","Секретарь сохранил корова, потому что подробная справка был важен.",клрова,крова,spelling,extra_letter_candidate,0.1943991631269455,0.95,False,False,,,False,False
110,dataset_keyboard_typo_candidate,keyboard_typo_candidate,Команда внесла клрова в вечерняя смена перед встречей.,Команда внесла корова в вечерняя смена перед встречей.,клрова,корова,spelling,keyboard_typo_candidate,0.6352148652076721,0.95,False,False,,,False,True
110,dataset_keyboard_typo_candidate,keyboard_typo_candidate,Команда внесла клрова в вечерняя смена перед встречей.,Команда внесла корова в вечерняя смена перед встречей.,клрова,крова,spelling,extra_letter_candidate,0.1876048594713211,0.95,False,False,,,False,False
110,dataset_keyboard_typo_candidate,keyboard_typo_candidate,Команда внесла клрова в вечерняя смена перед встречей.,Команда внесла корова в вечерняя смена перед встречей.,смена,сменна,spelling,n_nn_short_form,0.0956640690565109,0.99995,False,False,,,False,False
111,dataset_swapped_letters_candidate,swapped_letters_candidate,"Редактор проверил коорва, когда готовил районный протокол.","Редактор проверил корова, когда готовил районный протокол.",коорва,корова,spelling,swapped_letters_candidate,0.7837238907814026,0.84,False,False,,,False,True
112,dataset_swapped_letters_candidate,swapped_letters_candidate,"Редактор проверил коорва, когда готовил служебная записка.","Редактор проверил корова, когда готовил служебная записка.",коорва,корова,spelling,swapped_letters_candidate,0.7786749005317688,0.84,False,False,,,False,True
113,dataset_swapped_letters_candidate,swapped_letters_candidate,"Редактор проверил коорва, когда готовил рабочий отчет.","Редактор проверил корова, когда готовил рабочий отчет.",коорва,корова,spelling,swapped_letters_candidate,0.783247709274292,0.84,False,False,,,False,True
114,dataset_swapped_letters_candidate,swapped_letters_candidate,Автор увидел коорва и открыл вечерний протокол утром.,Автор увидел корова и открыл вечерний протокол утром.,коорва,корова,spelling,swapped_letters_candidate,0.7705221176147461,0.84,False,False,,,False,True
115,dataset_swapped_letters_candidate,swapped_letters_candidate,"Эксперт отметил коорва, когда читал новый документ.","Эксперт отметил корова, когда читал новый документ.",коорва,корова,spelling,swapped_letters_candidate,0.7836154699325562,0.84,False,False,,,False,True
116,dataset_swapped_letters_candidate,swapped_letters_candidate,Автор увидел коорва и открыл архивный номер утром.,Автор увидел корова и открыл архивный номер утром.,коорва,корова,spelling,swapped_letters_candidate,0.7788568735122681,0.84,False,False,,,False,True
117,dataset_swapped_letters_candidate,swapped_letters_candidate,"Редактор проверил коорва, когда готовил проверенный файл.","Редактор проверил корова, когда готовил проверенный файл.",коорва,корова,spelling,swapped_letters_candidate,0.790226936340332,0.84,False,False,,,False,True
118,dataset_swapped_letters_candidate,swapped_letters_candidate,Автор увидел коорва и открыл подробная справка утром.,Автор увидел корова и открыл подробная справка утром.,коорва,корова,spelling,swapped_letters_candidate,0.7689257860183716,0.84,False,False,,,False,True
119,dataset_swapped_letters_candidate,swapped_letters_candidate,Автор увидел коорва и открыл подготовленный список утром.,Автор увидел корова и открыл подготовленный список утром.,коорва,корова,spelling,swapped_letters_candidate,0.7764666676521301,0.84,False,False,,,False,True
120,dataset_swapped_letters_candidate,swapped_letters_candidate,Автор увидел коорва и открыл свежая сводка утром.,Автор увидел корова и открыл свежая сводка утром.,коорва,корова,spelling,swapped_letters_candidate,0.7704810500144958,0.84,False,False,,,False,True
121,dataset_missing_letter_candidate,missing_letter_candidate,"Редактор проверил млоко, когда готовил важная подпись.","Редактор проверил молоко, когда готовил важная подпись.",млоко,молоко,spelling,missing_letter_candidate,0.6911898255348206,0.95,False,False,,,False,True
121,dataset_missing_letter_candidate,missing_letter_candidate,"Редактор проверил млоко, когда готовил важная подпись.","Редактор проверил молоко, когда готовил важная подпись.",млоко,млеко,spelling,dictionary_fuzzy,0.0822047889232635,0.95,False,False,,,False,False
122,dataset_missing_letter_candidate,missing_letter_candidate,Автор увидел библотека и открыл короткая заметка утром.,Автор увидел библиотека и открыл короткая заметка утром.,библотека,библиотека,spelling,missing_letter_candidate,0.4329370856285095,0.95,False,False,,,False,True
122,dataset_missing_letter_candidate,missing_letter_candidate,Автор увидел библотека и открыл короткая заметка утром.,Автор увидел библиотека и открыл короткая заметка утром.,библотека,библиотек,spelling,dictionary_fuzzy,0.2571039199829101,0.95,False,False,,,False,False
123,dataset_missing_letter_candidate,missing_letter_candidate,Аналитик записал сбака и обновил городская служба вечером.,Аналитик записал собака и обновил городская служба вечером.,сбака,собака,spelling,missing_letter_candidate,0.4917097687721252,0.95,False,False,,,False,True
123,dataset_missing_letter_candidate,missing_letter_candidate,Аналитик записал сбака и обновил городская служба вечером.,Аналитик записал собака и обновил городская служба вечером.,сбака,абака,spelling,keyboard_typo_candidate,0.2064211666584015,0.95,False,False,,,False,False
124,dataset_missing_letter_candidate,missing_letter_candidate,Автор увидел библотека и открыл плановая встреча утром.,Автор увидел библиотека и открыл плановая встреча утром.,библотека,библиотека,spelling,missing_letter_candidate,0.4212587475776672,0.95,False,False,,,False,True
124,dataset_missing_letter_candidate,missing_letter_candidate,Автор увидел библотека и открыл плановая встреча утром.,Автор увидел библиотека и открыл плановая встреча утром.,библотека,библиотек,spelling,dictionary_fuzzy,0.2480935305356979,0.95,False,False,,,False,False
125,dataset_missing_letter_candidate,missing_letter_candidate,"Редактор проверил библотека, когда готовил основной договор.","Редактор проверил библиотека, когда готовил основной договор.",библотека,библиотека,spelling,missing_letter_candidate,0.4803263545036316,0.95,False,False,,,False,True
125,dataset_missing_letter_candidate,missing_letter_candidate,"Редактор проверил библотека, когда готовил основной договор.","Редактор проверил библиотека, когда готовил основной договор.",библотека,библиотек,spelling,dictionary_fuzzy,0.2952682375907898,0.95,False,False,,,False,False
126,dataset_missing_letter_candidate,missing_letter_candidate,Аналитик записал сбака и обновил временный график вечером.,Аналитик записал собака и обновил временный график вечером.,сбака,собака,spelling,missing_letter_candidate,0.5048726201057434,0.95,False,False,,,False,True
126,dataset_missing_letter_candidate,missing_letter_candidate,Аналитик записал сбака и обновил временный график вечером.,Аналитик записал собака и обновил временный график вечером.,сбака,абака,spelling,keyboard_typo_candidate,0.2151800692081451,0.95,False,False,,,False,False
127,dataset_missing_letter_candidate,missing_letter_candidate,Автор увидел библотека и открыл закрытая заявка утром.,Автор увидел библиотека и открыл закрытая заявка утром.,библотека,библиотека,spelling,missing_letter_candidate,0.4291192293167114,0.95,False,False,,,False,True
127,dataset_missing_letter_candidate,missing_letter_candidate,Автор увидел библотека и открыл закрытая заявка утром.,Автор увидел библиотека и открыл закрытая заявка утром.,библотека,библиотек,spelling,dictionary_fuzzy,0.2541417181491852,0.95,False,False,,,False,False
128,dataset_missing_letter_candidate,missing_letter_candidate,Аналитик записал сбака и обновил подробная справка вечером.,Аналитик записал собака и обновил подробная справка вечером.,сбака,собака,spelling,missing_letter_candidate,0.4866024553775787,0.95,False,False,,,False,True
128,dataset_missing_letter_candidate,missing_letter_candidate,Аналитик записал сбака и обновил подробная справка вечером.,Аналитик записал собака и обновил подробная справка вечером.,сбака,абака,spelling,keyboard_typo_candidate,0.2030931115150451,0.95,False,False,,,False,False
129,dataset_missing_letter_candidate,missing_letter_candidate,"Редактор проверил млоко, когда готовил северный филиал.","Редактор проверил молоко, когда готовил северный филиал.",млоко,молоко,spelling,missing_letter_candidate,0.6966017484664917,0.95,False,False,,,False,True
129,dataset_missing_letter_candidate,missing_letter_candidate,"Редактор проверил млоко, когда готовил северный филиал.","Редактор проверил молоко, когда готовил северный филиал.",млоко,млеко,spelling,dictionary_fuzzy,0.0841477438807487,0.95,False,False,,,False,False
130,dataset_extra_letter_candidate,extra_letter_candidate,Аналитик записал молокоо и обновил зимнее расписание вечером.,Аналитик записал молоко и обновил зимнее расписание вечером.,молокоо,молоко,spelling,extra_letter_candidate,0.4533016383647918,0.95,False,False,,,False,True
130,dataset_extra_letter_candidate,extra_letter_candidate,Аналитик записал молокоо и обновил зимнее расписание вечером.,Аналитик записал молоко и обновил зимнее расписание вечером.,молокоо,молоков,spelling,dictionary_fuzzy,0.1985931992530822,0.95,False,False,,,False,False
131,dataset_extra_letter_candidate,extra_letter_candidate,"Секретарь сохранил молокоо, потому что новая редакция был важен.","Секретарь сохранил молоко, потому что новая редакция был важен.",молокоо,молоко,spelling,extra_letter_candidate,0.4973622262477875,0.95,False,False,,,False,True
131,dataset_extra_letter_candidate,extra_letter_candidate,"Секретарь сохранил молокоо, потому что новая редакция был важен.","Секретарь сохранил молоко, потому что новая редакция был важен.",молокоо,молоков,spelling,dictionary_fuzzy,0.2282318770885467,0.95,False,False,,,False,False
132,dataset_extra_letter_candidate,extra_letter_candidate,Команда внесла молокоо в открытая заявка перед встречей.,Команда внесла молоко в открытая заявка перед встречей.,молокоо,молоко,spelling,extra_letter_candidate,0.5158323049545288,0.95,False,False,,,False,True
132,dataset_extra_letter_candidate,extra_letter_candidate,Команда внесла молокоо в открытая заявка перед встречей.,Команда внесла молоко в открытая заявка перед встречей.,молокоо,молоков,spelling,dictionary_fuzzy,0.2415097057819366,0.95,False,False,,,False,False
133,dataset_extra_letter_candidate,extra_letter_candidate,Команда внесла молокоо в городской архив перед встречей.,Команда внесла молоко в городской архив перед встречей.,молокоо,молоко,spelling,extra_letter_candidate,0.4713537395000458,0.95,False,False,,,False,True
133,dataset_extra_letter_candidate,extra_letter_candidate,Команда внесла молокоо в городской архив перед встречей.,Команда внесла молоко в городской архив перед встречей.,молокоо,молоков,spelling,dictionary_fuzzy,0.2104057073593139,0.95,False,False,,,False,False
134,dataset_extra_letter_candidate,extra_letter_candidate,Аналитик записал молокоо и обновил дежурный редактор вечером.,Аналитик записал молоко и обновил дежурный редактор вечером.,молокоо,молоко,spelling,extra_letter_candidate,0.4620277285575866,0.95,False,False,,,False,True
134,dataset_extra_letter_candidate,extra_letter_candidate,Аналитик записал молокоо и обновил дежурный редактор вечером.,Аналитик записал молоко и обновил дежурный редактор вечером.,молокоо,молоков,spelling,dictionary_fuzzy,0.2042479664087295,0.95,False,False,,,False,False
135,dataset_extra_letter_candidate,extra_letter_candidate,"Секретарь сохранил молокоо, потому что новый маршрут был важен.","Секретарь сохранил молоко, потому что новый маршрут был важен.",молокоо,молоко,spelling,extra_letter_candidate,0.475894957780838,0.95,False,False,,,False,True
135,dataset_extra_letter_candidate,extra_letter_candidate,"Секретарь сохранил молокоо, потому что новый маршрут был важен.","Секретарь сохранил молоко, потому что новый маршрут был важен.",молокоо,молоков,spelling,dictionary_fuzzy,0.2134479582309723,0.95,False,False,,,False,False
136,dataset_extra_letter_candidate,extra_letter_candidate,"Секретарь сохранил молокоо, потому что общий график был важен.","Секретарь сохранил молоко, потому что общий график был важен.",молокоо,молоко,spelling,extra_letter_candidate,0.5042935609817505,0.95,False,False,,,False,True
136,dataset_extra_letter_candidate,extra_letter_candidate,"Секретарь сохранил молокоо, потому что общий график был важен.","Секретарь сохранил молоко, потому что общий график был важен.",молокоо,молоков,spelling,dictionary_fuzzy,0.2331523448228836,0.95,False,False,,,False,False
137,dataset_extra_letter_candidate,extra_letter_candidate,Команда внесла молокоо в новый раздел перед встречей.,Команда внесла молоко в новый раздел перед встречей.,молокоо,молоко,spelling,extra_letter_candidate,0.5168159008026123,0.95,False,False,,,False,True
137,dataset_extra_letter_candidate,extra_letter_candidate,Команда внесла молокоо в новый раздел перед встречей.,Команда внесла молоко в новый раздел перед встречей.,молокоо,молоков,spelling,dictionary_fuzzy,0.2422318756580352,0.95,False,False,,,False,False
138,dataset_extra_letter_candidate,extra_letter_candidate,Аналитик записал молокоо и обновил учебная таблица вечером.,Аналитик записал молоко и обновил учебная таблица вечером.,молокоо,молоко,spelling,extra_letter_candidate,0.493569940328598,0.95,False,False,,,False,True
138,dataset_extra_letter_candidate,extra_letter_candidate,Аналитик записал молокоо и обновил учебная таблица вечером.,Аналитик записал молоко и обновил учебная таблица вечером.,молокоо,молоков,spelling,dictionary_fuzzy,0.2255706936120987,0.95,False,False,,,False,False
139,dataset_double_consonant_candidate,double_consonant_candidate,"Секретарь сохранил комисия, потому что плановая встреча был важен.","Секретарь сохранил комиссия, потому что плановая встреча был важен.",комисия,комиссия,spelling,double_consonant_candidate,0.5761108994483948,0.84,False,False,,,False,True
140,dataset_double_consonant_candidate,double_consonant_candidate,Аналитик записал територия и обновил плановый отчет вечером.,Аналитик записал территория и обновил плановый отчет вечером.,територия,территория,spelling,double_consonant_candidate,0.4484385550022125,0.84,False,False,,,True,True
140,dataset_double_consonant_candidate,double_consonant_candidate,Аналитик записал територия и обновил плановый отчет вечером.,Аналитик записал территория и обновил плановый отчет вечером.,територия,территории,spelling,dictionary_fuzzy,0.1555500924587249,0.95,False,False,,,False,False
141,dataset_double_consonant_candidate,double_consonant_candidate,"Секретарь сохранил територия, потому что общий график был важен.","Секретарь сохранил территория, потому что общий график был важен.",територия,территория,spelling,double_consonant_candidate,0.4832533895969391,0.84,False,False,,,True,True
141,dataset_double_consonant_candidate,double_consonant_candidate,"Секретарь сохранил територия, потому что общий график был важен.","Секретарь сохранил территория, потому что общий график был важен.",територия,территории,spelling,dictionary_fuzzy,0.1748340427875518,0.95,False,False,,,False,False
142,dataset_double_consonant_candidate,double_consonant_candidate,Автор увидел граматика и открыл точная дата утром.,Автор увидел грамматика и открыл точная дата утром.,граматика,грамматика,spelling,double_consonant_candidate,0.4595094621181488,0.84,False,False,,,True,True
142,dataset_double_consonant_candidate,double_consonant_candidate,Автор увидел граматика и открыл точная дата утром.,Автор увидел грамматика и открыл точная дата утром.,граматика,грамматик,spelling,dictionary_fuzzy,0.3207299411296844,0.95,False,False,,,False,False
143,dataset_double_consonant_candidate,double_consonant_candidate,"Эксперт отметил граматика, когда читал согласованный договор.","Эксперт отметил грамматика, когда читал согласованный договор.",граматика,грамматика,spelling,double_consonant_candidate,0.4966421127319336,0.84,False,False,,,True,True
143,dataset_double_consonant_candidate,double_consonant_candidate,"Эксперт отметил граматика, когда читал согласованный договор.","Эксперт отметил грамматика, когда читал согласованный договор.",граматика,грамматик,spelling,dictionary_fuzzy,0.3539929389953613,0.95,False,False,,,False,False
144,dataset_double_consonant_candidate,double_consonant_candidate,Команда внесла територия в готовый макет перед встречей.,Команда внесла территория в готовый макет перед встречей.,територия,территория,spelling,double_consonant_candidate,0.5059640407562256,0.84,False,False,,,True,True
144,dataset_double_consonant_candidate,double_consonant_candidate,Команда внесла територия в готовый макет перед встречей.,Команда внесла территория в готовый макет перед встречей.,територия,территории,spelling,dictionary_fuzzy,0.1883330196142196,0.95,False,False,,,False,False
145,dataset_double_consonant_candidate,double_consonant_candidate,Команда внесла комисия в письменный ответ перед встречей.,Команда внесла комиссия в письменный ответ перед встречей.,комисия,комиссия,spelling,double_consonant_candidate,0.5762069225311279,0.84,False,False,,,False,True
146,dataset_double_consonant_candidate,double_consonant_candidate,Автор увидел граматика и открыл новый порядок утром.,Автор увидел грамматика и открыл новый порядок утром.,граматика,грамматика,spelling,double_consonant_candidate,0.4788068532943725,0.84,False,False,,,True,True
146,dataset_double_consonant_candidate,double_consonant_candidate,Автор увидел граматика и открыл новый порядок утром.,Автор увидел грамматика и открыл новый порядок утром.,граматика,грамматик,spelling,dictionary_fuzzy,0.3378422260284424,0.95,False,False,,,False,False
147,dataset_n_nn_adjective,n_nn_adjective,Напыщеные домики стискивают углы зрения и формат ощущений.,Напыщенные домики стискивают углы зрения и формат ощущений.,Напыщеные,Напыщенные,spelling,double_consonant_candidate,0.6415534019470215,0.84,False,False,,,True,True
147,dataset_n_nn_adjective,n_nn_adjective,Напыщеные домики стискивают углы зрения и формат ощущений.,Напыщенные домики стискивают углы зрения и формат ощущений.,Напыщеные,Напущены,spelling,dictionary_fuzzy,0.6171275973320007,0.95,False,False,,,False,False
148,dataset_n_nn_adjective,n_nn_adjective,Напыщеные домики стискивают углы зрения и формат ощущений.,Напыщенные домики стискивают углы зрения и формат ощущений,Напыщеные,Напыщенные,spelling,double_consonant_candidate,0.6415534019470215,0.84,False,False,,,True,True
148,dataset_n_nn_adjective,n_nn_adjective,Напыщеные домики стискивают углы зрения и формат ощущений.,Напыщенные домики стискивают углы зрения и формат ощущений,Напыщеные,Напущены,spelling,dictionary_fuzzy,0.6171275973320007,0.95,False,False,,,False,False
149,dataset_n_nn_adjective,n_nn_adjective,все потому что серебрянные зайцы водят хоровод,все потому что серебряные зайцы водят хоровод,все,Все,case,capitalization_sentence_start,0.5408883690834045,0.98,False,False,,,False,False
149,dataset_n_nn_adjective,n_nn_adjective,все потому что серебрянные зайцы водят хоровод,все потому что серебряные зайцы водят хоровод,,",",punctuation_insert,comma_subordinate,0.2340158820152282,0.92,False,False,,,False,False
149,dataset_n_nn_adjective,n_nn_adjective,все потому что серебрянные зайцы водят хоровод,все потому что серебряные зайцы водят хоровод,серебрянные,серебрённые,spelling,dictionary_fuzzy,0.4769201576709747,0.95,False,False,,,False,False
149,dataset_n_nn_adjective,n_nn_adjective,все потому что серебрянные зайцы водят хоровод,все потому что серебряные зайцы водят хоровод,серебрянные,серебряные,spelling,double_consonant_candidate,0.4376510381698608,0.84,False,False,,,True,True
149,dataset_n_nn_adjective,n_nn_adjective,все потому что серебрянные зайцы водят хоровод,все потому что серебряные зайцы водят хоровод,,.,final_punctuation,final_punctuation_default,0.2537887394428253,0.95,False,False,,,False,False
150,dataset_n_nn_adjective,n_nn_adjective,"Пока ты занимался Лакроссом, мы играли в свинной грипп","Пока ты занимался Лакроссом, мы играли в свиной грипп",свинной,свиной,spelling,double_consonant_candidate,0.8263028860092163,0.84,False,False,,,True,True
150,dataset_n_nn_adjective,n_nn_adjective,"Пока ты занимался Лакроссом, мы играли в свинной грипп","Пока ты занимался Лакроссом, мы играли в свиной грипп",свинной,свининой,spelling,missing_letter_candidate,0.7035877108573914,0.95,False,False,,,False,False
150,dataset_n_nn_adjective,n_nn_adjective,"Пока ты занимался Лакроссом, мы играли в свинной грипп","Пока ты занимался Лакроссом, мы играли в свиной грипп",,.,final_punctuation,final_punctuation_default,0.8976901173591614,0.95,False,False,,,False,False
150,dataset_n_nn_adjective,n_nn_adjective,"Пока ты занимался Лакроссом, мы играли в свинной грипп","Пока ты занимался Лакроссом, мы играли в свиной грипп",свинной,свиной,spelling,double_consonant_candidate,0.8431495428085327,0.84,True,True,,,True,True
150,dataset_n_nn_adjective,n_nn_adjective,"Пока ты занимался Лакроссом, мы играли в свинной грипп","Пока ты занимался Лакроссом, мы играли в свиной грипп",свинной,свининой,spelling,missing_letter_candidate,0.728424608707428,0.95,False,False,,,False,False
151,dataset_n_nn_adjective,n_nn_adjective,"А гостинная она для того и делалась, а то в РД Урала уже ваще ничего святого не осталось.",А гостиная она для того и делалась а то в РД Урала уже вообще ничего святого не осталось,гостинная,гостинца,spelling,dictionary_fuzzy,0.7932653427124023,0.95,False,False,,,False,False
151,dataset_n_nn_adjective,n_nn_adjective,"А гостинная она для того и делалась, а то в РД Урала уже ваще ничего святого не осталось.",А гостиная она для того и делалась а то в РД Урала уже вообще ничего святого не осталось,гостинная,гостиная,spelling,double_consonant_candidate,0.7803211808204651,0.84,False,False,,,True,True
151,dataset_n_nn_adjective,n_nn_adjective,"А гостинная она для того и делалась, а то в РД Урала уже ваще ничего святого не осталось.",А гостиная она для того и делалась а то в РД Урала уже вообще ничего святого не осталось,ваще,чаще,spelling,keyboard_typo_candidate,0.3965484499931335,0.95,False,False,,,False,False
151,dataset_n_nn_adjective,n_nn_adjective,"А гостинная она для того и делалась, а то в РД Урала уже ваще ничего святого не осталось.",А гостиная она для того и делалась а то в РД Урала уже вообще ничего святого не осталось,ваще,веще,spelling,keyboard_typo_candidate,0.2997095286846161,0.95,False,False,,,False,False
152,dataset_n_nn_adjective,n_nn_adjective,"А гостинная она для того и делалась, а то в РД Урала уже ваще ничего святого не осталось.","А гостиная, она для того и делалась, а то в РД Урала уже вообще ничего святого не осталось.",гостинная,гостинца,spelling,dictionary_fuzzy,0.7932653427124023,0.95,False,False,,,False,False
152,dataset_n_nn_adjective,n_nn_adjective,"А гостинная она для того и делалась, а то в РД Урала уже ваще ничего святого не осталось.","А гостиная, она для того и делалась, а то в РД Урала уже вообще ничего святого не осталось.",гостинная,гостиная,spelling,double_consonant_candidate,0.7803211808204651,0.84,False,False,,,True,True
152,dataset_n_nn_adjective,n_nn_adjective,"А гостинная она для того и делалась, а то в РД Урала уже ваще ничего святого не осталось.","А гостиная, она для того и делалась, а то в РД Урала уже вообще ничего святого не осталось.",ваще,чаще,spelling,keyboard_typo_candidate,0.3965484499931335,0.95,False,False,,,False,False
152,dataset_n_nn_adjective,n_nn_adjective,"А гостинная она для того и делалась, а то в РД Урала уже ваще ничего святого не осталось.","А гостиная, она для того и делалась, а то в РД Урала уже вообще ничего святого не осталось.",ваще,веще,spelling,keyboard_typo_candidate,0.2997095286846161,0.95,False,False,,,False,False
153,dataset_n_nn_deverbal_adjective,n_nn_deverbal_adjective,Автор увидел раненный и открыл точная дата утром.,Автор увидел раненый и открыл точная дата утром.,раненный,раненый,spelling,n_nn_deverbal_adjective,0.6211612224578857,0.92,False,False,,,True,True
154,dataset_n_nn_deverbal_adjective,n_nn_deverbal_adjective,Автор увидел раненный и открыл новый раздел утром.,Автор увидел раненый и открыл новый раздел утром.,раненный,раненый,spelling,n_nn_deverbal_adjective,0.6341649889945984,0.92,False,False,,,True,True
155,dataset_n_nn_deverbal_adjective,n_nn_deverbal_adjective,Автор увидел раненный и открыл старый договор утром.,Автор увидел раненый и открыл старый договор утром.,раненный,раненый,spelling,n_nn_deverbal_adjective,0.6211221218109131,0.92,False,False,,,True,True
156,dataset_n_nn_deverbal_adjective,n_nn_deverbal_adjective,Автор увидел раненный и открыл служебный журнал утром.,Автор увидел раненый и открыл служебный журнал утром.,раненный,раненый,spelling,n_nn_deverbal_adjective,0.6526700258255005,0.92,False,False,,,True,True
157,dataset_n_nn_deverbal_adjective,n_nn_deverbal_adjective,Автор увидел раненный и открыл основной договор утром.,Автор увидел раненый и открыл основной договор утром.,раненный,раненый,spelling,n_nn_deverbal_adjective,0.6469781994819641,0.92,False,False,,,True,True
158,dataset_n_nn_participle,n_nn_participle,Подделаная подпись по определению неаутентична даже если мы не можем подделку распознать.,"Подделанная подпись по определению неаутентична, даже если мы не можем подделку распознать.",Подделаная,Подделанная,spelling,double_consonant_candidate,0.4985324442386627,0.84,False,False,,,True,True
158,dataset_n_nn_participle,n_nn_participle,Подделаная подпись по определению неаутентична даже если мы не можем подделку распознать.,"Подделанная подпись по определению неаутентична, даже если мы не можем подделку распознать.",Подделаная,Подделана,spelling,extra_letter_candidate,0.4525443017482757,0.95,False,False,,,False,False
158,dataset_n_nn_participle,n_nn_participle,Подделаная подпись по определению неаутентична даже если мы не можем подделку распознать.,"Подделанная подпись по определению неаутентична, даже если мы не можем подделку распознать.",неаутентична,не аутентична,split_join,ne_adjective,0.6530460119247437,0.99995,False,False,,,False,False
158,dataset_n_nn_participle,n_nn_participle,Подделаная подпись по определению неаутентична даже если мы не можем подделку распознать.,"Подделанная подпись по определению неаутентична, даже если мы не можем подделку распознать.",,",",punctuation_insert,comma_subordinate,0.4063857495784759,0.92,False,False,,,True,False
159,dataset_n_nn_participle,n_nn_participle,ставим точки ждем отсрочки продлеваем проданый билет,ставим точки ждем отсрочки продлеваем проданный билет,ставим,Ставим,case,capitalization_sentence_start,0.8950198888778687,0.98,False,False,,,False,False
159,dataset_n_nn_participle,n_nn_participle,ставим точки ждем отсрочки продлеваем проданый билет,ставим точки ждем отсрочки продлеваем проданный билет,проданый,продажный,spelling,missing_letter_candidate,0.3524529933929443,0.95,False,False,,,False,False
159,dataset_n_nn_participle,n_nn_participle,ставим точки ждем отсрочки продлеваем проданый билет,ставим точки ждем отсрочки продлеваем проданный билет,проданый,проданный,spelling,double_consonant_candidate,0.286056250333786,0.84,False,False,,,True,True
159,dataset_n_nn_participle,n_nn_participle,ставим точки ждем отсрочки продлеваем проданый билет,ставим точки ждем отсрочки продлеваем проданный билет,,.,final_punctuation,final_punctuation_default,0.8897227048873901,0.95,False,False,,,False,False
160,dataset_n_nn_participle,n_nn_participle,есть у вас оформленый и подписаный мною заказ,есть у вас оформленный и подписанный мною заказ,есть,Есть,case,capitalization_sentence_start,0.5476807951927185,0.98,False,False,,,False,False
160,dataset_n_nn_participle,n_nn_participle,есть у вас оформленый и подписаный мною заказ,есть у вас оформленный и подписанный мною заказ,оформленый,оформленный,spelling,double_consonant_candidate,0.3394938111305237,0.84,False,False,,,True,True
160,dataset_n_nn_participle,n_nn_participle,есть у вас оформленый и подписаный мною заказ,есть у вас оформленный и подписанный мною заказ,оформленый,оформлены,spelling,extra_letter_candidate,0.3183610141277313,0.95,False,False,,,False,False
160,dataset_n_nn_participle,n_nn_participle,есть у вас оформленый и подписаный мною заказ,есть у вас оформленный и подписанный мною заказ,подписаный,подписанный,spelling,double_consonant_candidate,0.4996976256370544,0.84,False,False,,,True,True
160,dataset_n_nn_participle,n_nn_participle,есть у вас оформленый и подписаный мною заказ,есть у вас оформленный и подписанный мною заказ,подписаный,подписаны,spelling,extra_letter_candidate,0.4901618361473083,0.95,False,False,,,False,False
160,dataset_n_nn_participle,n_nn_participle,есть у вас оформленый и подписаный мною заказ,есть у вас оформленный и подписанный мною заказ,,.,final_punctuation,final_punctuation_default,0.1260088831186294,0.95,False,False,,,False,False
161,dataset_n_nn_participle,n_nn_participle,Подделаная подпись по определению неаутентична даже если мы не можем подделку распознать.,Подделанная подпись по определению неаутентична даже если мы не можем подделку распознать,Подделаная,Подделанная,spelling,double_consonant_candidate,0.4985324442386627,0.84,False,False,,,True,True
161,dataset_n_nn_participle,n_nn_participle,Подделаная подпись по определению неаутентична даже если мы не можем подделку распознать.,Подделанная подпись по определению неаутентична даже если мы не можем подделку распознать,Подделаная,Подделана,spelling,extra_letter_candidate,0.4525443017482757,0.95,False,False,,,False,False
161,dataset_n_nn_participle,n_nn_participle,Подделаная подпись по определению неаутентична даже если мы не можем подделку распознать.,Подделанная подпись по определению неаутентична даже если мы не можем подделку распознать,неаутентична,не аутентична,split_join,ne_adjective,0.6530460119247437,0.99995,False,False,,,False,False
161,dataset_n_nn_participle,n_nn_participle,Подделаная подпись по определению неаутентична даже если мы не можем подделку распознать.,Подделанная подпись по определению неаутентична даже если мы не можем подделку распознать,,",",punctuation_insert,comma_subordinate,0.4063857495784759,0.92,False,False,,,False,False
162,dataset_n_nn_participle,n_nn_participle,сегодня приходит меил уважаемая а не могли бы вы с нами связаться а то телефон написаный в резюме не отвечает а мы вас уже недлею очень хотим пособеседовать,сегодня приходит мейл уважаемая а не могли бы вы с нами связаться а то телефон написанный в резюме не отвечает а мы вас уже неделю очень хотим пособеседовать,сегодня,Сегодня,case,capitalization_sentence_start,0.9394025206565856,0.98,False,False,,,False,False
162,dataset_n_nn_participle,n_nn_participle,сегодня приходит меил уважаемая а не могли бы вы с нами связаться а то телефон написаный в резюме не отвечает а мы вас уже недлею очень хотим пособеседовать,сегодня приходит мейл уважаемая а не могли бы вы с нами связаться а то телефон написанный в резюме не отвечает а мы вас уже неделю очень хотим пособеседовать,приходит,преходит,spelling,prefix_pre_pri,0.7616176009178162,0.92,False,False,,,False,False
162,dataset_n_nn_participle,n_nn_participle,сегодня приходит меил уважаемая а не могли бы вы с нами связаться а то телефон написаный в резюме не отвечает а мы вас уже недлею очень хотим пособеседовать,сегодня приходит мейл уважаемая а не могли бы вы с нами связаться а то телефон написанный в резюме не отвечает а мы вас уже неделю очень хотим пособеседовать,меил,мнил,spelling,keyboard_typo_candidate,0.286041796207428,0.95,False,False,,,False,False
162,dataset_n_nn_participle,n_nn_participle,сегодня приходит меил уважаемая а не могли бы вы с нами связаться а то телефон написаный в резюме не отвечает а мы вас уже недлею очень хотим пособеседовать,сегодня приходит мейл уважаемая а не могли бы вы с нами связаться а то телефон написанный в резюме не отвечает а мы вас уже неделю очень хотим пособеседовать,меил,мели,spelling,swapped_letters_candidate,0.2118054628372192,0.84,False,False,,,False,False
162,dataset_n_nn_participle,n_nn_participle,сегодня приходит меил уважаемая а не могли бы вы с нами связаться а то телефон написаный в резюме не отвечает а мы вас уже недлею очень хотим пособеседовать,сегодня приходит мейл уважаемая а не могли бы вы с нами связаться а то телефон написанный в резюме не отвечает а мы вас уже неделю очень хотим пособеседовать,,",",punctuation_insert,comma_conjunction,0.0585461854934692,0.995,False,False,,,False,False
162,dataset_n_nn_participle,n_nn_participle,сегодня приходит меил уважаемая а не могли бы вы с нами связаться а то телефон написаный в резюме не отвечает а мы вас уже недлею очень хотим пособеседовать,сегодня приходит мейл уважаемая а не могли бы вы с нами связаться а то телефон написанный в резюме не отвечает а мы вас уже неделю очень хотим пособеседовать,,",",punctuation_insert,comma_conjunction,0.0585461854934692,0.995,False,False,,,False,False
162,dataset_n_nn_participle,n_nn_participle,сегодня приходит меил уважаемая а не могли бы вы с нами связаться а то телефон написаный в резюме не отвечает а мы вас уже недлею очень хотим пособеседовать,сегодня приходит мейл уважаемая а не могли бы вы с нами связаться а то телефон написанный в резюме не отвечает а мы вас уже неделю очень хотим пособеседовать,написаный,неписаный,spelling,keyboard_typo_candidate,0.511419415473938,0.95,False,False,,,False,False
162,dataset_n_nn_participle,n_nn_participle,сегодня приходит меил уважаемая а не могли бы вы с нами связаться а то телефон написаный в резюме не отвечает а мы вас уже недлею очень хотим пособеседовать,сегодня приходит мейл уважаемая а не могли бы вы с нами связаться а то телефон написанный в резюме не отвечает а мы вас уже неделю очень хотим пособеседовать,написаный,написанный,spelling,double_consonant_candidate,0.356334239244461,0.84,False,False,,,True,True
162,dataset_n_nn_participle,n_nn_participle,сегодня приходит меил уважаемая а не могли бы вы с нами связаться а то телефон написаный в резюме не отвечает а мы вас уже недлею очень хотим пособеседовать,сегодня приходит мейл уважаемая а не могли бы вы с нами связаться а то телефон написанный в резюме не отвечает а мы вас уже неделю очень хотим пособеседовать,,",",punctuation_insert,comma_conjunction,0.0585461854934692,0.995,False,False,,,False,False
162,dataset_n_nn_participle,n_nn_participle,сегодня приходит меил уважаемая а не могли бы вы с нами связаться а то телефон написаный в резюме не отвечает а мы вас уже недлею очень хотим пособеседовать,сегодня приходит мейл уважаемая а не могли бы вы с нами связаться а то телефон написанный в резюме не отвечает а мы вас уже неделю очень хотим пособеседовать,недлею,неделю,spelling,swapped_letters_candidate,0.3457563519477844,0.84,False,False,,,False,True
162,dataset_n_nn_participle,n_nn_participle,сегодня приходит меил уважаемая а не могли бы вы с нами связаться а то телефон написаный в резюме не отвечает а мы вас уже недлею очень хотим пособеседовать,сегодня приходит мейл уважаемая а не могли бы вы с нами связаться а то телефон написанный в резюме не отвечает а мы вас уже неделю очень хотим пособеседовать,недлею,неделею,spelling,missing_letter_candidate,0.1801954060792923,0.95,False,False,,,False,True
162,dataset_n_nn_participle,n_nn_participle,сегодня приходит меил уважаемая а не могли бы вы с нами связаться а то телефон написаный в резюме не отвечает а мы вас уже недлею очень хотим пособеседовать,сегодня приходит мейл уважаемая а не могли бы вы с нами связаться а то телефон написанный в резюме не отвечает а мы вас уже неделю очень хотим пособеседовать,,.,final_punctuation,final_punctuation_default,0.064746156334877,0.95,False,False,,,False,False
163,dataset_n_nn_participle,n_nn_participle,есть у вас оформленый и подписаный мною заказ,Есть у вас оформленный и подписанный мною заказ?,есть,Есть,case,capitalization_sentence_start,0.5476807951927185,0.98,False,False,,,False,True
163,dataset_n_nn_participle,n_nn_participle,есть у вас оформленый и подписаный мною заказ,Есть у вас оформленный и подписанный мною заказ?,оформленый,оформленный,spelling,double_consonant_candidate,0.3394938111305237,0.84,False,False,,,True,True
163,dataset_n_nn_participle,n_nn_participle,есть у вас оформленый и подписаный мною заказ,Есть у вас оформленный и подписанный мною заказ?,оформленый,оформлены,spelling,extra_letter_candidate,0.3183610141277313,0.95,False,False,,,False,False
163,dataset_n_nn_participle,n_nn_participle,есть у вас оформленый и подписаный мною заказ,Есть у вас оформленный и подписанный мною заказ?,подписаный,подписанный,spelling,double_consonant_candidate,0.4996976256370544,0.84,False,False,,,True,True
163,dataset_n_nn_participle,n_nn_participle,есть у вас оформленый и подписаный мною заказ,Есть у вас оформленный и подписанный мною заказ?,подписаный,подписаны,spelling,extra_letter_candidate,0.4901618361473083,0.95,False,False,,,False,False
163,dataset_n_nn_participle,n_nn_participle,есть у вас оформленый и подписаный мною заказ,Есть у вас оформленный и подписанный мною заказ?,,.,final_punctuation,final_punctuation_default,0.1260088831186294,0.95,False,False,,,False,False
164,dataset_hyphen_koe_koy,hyphen_koe_koy,Кой кто отправил учебная таблица. Позже служба отправила ответ.,Кой-кто отправил учебная таблица. Позже служба отправила ответ.,Кой кто,Кой-кто,hyphen,hyphen_koe_koy,0.471451848745346,0.45,True,True,accepted,trusted bounded candidate,True,True
165,dataset_hyphen_koe_koy,hyphen_koe_koy,Кой кто отправил подробная справка. Утром аналитик сохранил отчет.,Кой-кто отправил подробная справка. Утром аналитик сохранил отчет.,Кой кто,Кой-кто,hyphen,hyphen_koe_koy,0.4719159007072449,0.45,True,True,accepted,trusted bounded candidate,True,True
166,dataset_hyphen_koe_koy,hyphen_koe_koy,Кой кто отправил вечерний протокол. Затем аналитик обновил запись.,Кой-кто отправил вечерний протокол. Затем аналитик обновил запись.,Кой кто,Кой-кто,hyphen,hyphen_koe_koy,0.4985787868499756,0.45,True,True,accepted,trusted bounded candidate,True,True
167,dataset_hyphen_koe_koy,hyphen_koe_koy,Кой кто отправил проверенный файл. Вечером архивариус нашел копию.,Кой-кто отправил проверенный файл. Вечером архивариус нашел копию.,Кой кто,Кой-кто,hyphen,hyphen_koe_koy,0.4735239744186401,0.45,True,True,accepted,trusted bounded candidate,True,True
168,dataset_hyphen_koe_koy,hyphen_koe_koy,Кой кто отправил районная комиссия. Позже эксперт согласовал таблицу.,Кой-кто отправил районная комиссия. Позже эксперт согласовал таблицу.,Кой кто,Кой-кто,hyphen,hyphen_koe_koy,0.4913514256477356,0.45,True,True,accepted,trusted bounded candidate,True,True
169,dataset_hyphen_koe_koy,hyphen_koe_koy,Кой кто отправил важная подпись. Утром эксперт обновил протокол.,Кой-кто отправил важная подпись. Утром эксперт обновил протокол.,Кой кто,Кой-кто,hyphen,hyphen_koe_koy,0.4822250604629516,0.45,True,True,accepted,trusted bounded candidate,True,True
170,dataset_hyphen_koe_koy,hyphen_koe_koy,Кой кто отправил точный план. Позже юрист согласовал договор.,Кой-кто отправил точный план. Позже юрист согласовал договор.,Кой кто,Кой-кто,hyphen,hyphen_koe_koy,0.4821276366710663,0.45,True,True,accepted,trusted bounded candidate,True,True
171,dataset_hyphen_po_adverbs,hyphen_po_adverbs,Он говорит по русски о проекте. После обеда юрист проверил подпись.,Он говорит по-русски о проекте. После обеда юрист проверил подпись.,,:,punctuation_insert,direct_speech_colon,0.0005208497750572,0.995,False,False,,,False,False
171,dataset_hyphen_po_adverbs,hyphen_po_adverbs,Он говорит по русски о проекте. После обеда юрист проверил подпись.,Он говорит по-русски о проекте. После обеда юрист проверил подпись.,по русски,по-русски,hyphen,hyphen_po_adverbs,0.407490611076355,0.88,False,False,,,True,True
171,dataset_hyphen_po_adverbs,hyphen_po_adverbs,Он говорит по русски о проекте. После обеда юрист проверил подпись.,Он говорит по-русски о проекте. После обеда юрист проверил подпись.,,«,punctuation_insert,direct_speech_quotes,0.0002898481325246,0.995,False,False,,,False,False
171,dataset_hyphen_po_adverbs,hyphen_po_adverbs,Он говорит по русски о проекте. После обеда юрист проверил подпись.,Он говорит по-русски о проекте. После обеда юрист проверил подпись.,,»,punctuation_insert,direct_speech_quotes,2.793736530293245e-05,0.995,False,False,,,False,False
172,dataset_hyphen_po_adverbs,hyphen_po_adverbs,Он говорит по русски о проекте. Затем группа сверила подписи.,Он говорит по-русски о проекте. Затем группа сверила подписи.,,:,punctuation_insert,direct_speech_colon,0.0006601507193408,0.995,False,False,,,False,False
172,dataset_hyphen_po_adverbs,hyphen_po_adverbs,Он говорит по русски о проекте. Затем группа сверила подписи.,Он говорит по-русски о проекте. Затем группа сверила подписи.,по русски,по-русски,hyphen,hyphen_po_adverbs,0.4198756217956543,0.88,False,False,,,True,True
172,dataset_hyphen_po_adverbs,hyphen_po_adverbs,Он говорит по русски о проекте. Затем группа сверила подписи.,Он говорит по-русски о проекте. Затем группа сверила подписи.,,«,punctuation_insert,direct_speech_quotes,0.0003673903702292,0.995,False,False,,,False,False
172,dataset_hyphen_po_adverbs,hyphen_po_adverbs,Он говорит по русски о проекте. Затем группа сверила подписи.,Он говорит по-русски о проекте. Затем группа сверила подписи.,,»,punctuation_insert,direct_speech_quotes,3.541385012795217e-05,0.995,False,False,,,False,False
173,dataset_hyphen_po_adverbs,hyphen_po_adverbs,Он говорит по русски о проекте. Утром секретарь открыл папку.,Он говорит по-русски о проекте. Утром секретарь открыл папку.,,:,punctuation_insert,direct_speech_colon,0.0004251574573572,0.995,False,False,,,False,False
173,dataset_hyphen_po_adverbs,hyphen_po_adverbs,Он говорит по русски о проекте. Утром секретарь открыл папку.,Он говорит по-русски о проекте. Утром секретарь открыл папку.,по русски,по-русски,hyphen,hyphen_po_adverbs,0.418664276599884,0.88,False,False,,,True,True
173,dataset_hyphen_po_adverbs,hyphen_po_adverbs,Он говорит по русски о проекте. Утром секретарь открыл папку.,Он говорит по-русски о проекте. Утром секретарь открыл папку.,,«,punctuation_insert,direct_speech_quotes,0.0002365863183513,0.995,False,False,,,False,False
173,dataset_hyphen_po_adverbs,hyphen_po_adverbs,Он говорит по русски о проекте. Утром секретарь открыл папку.,Он говорит по-русски о проекте. Утром секретарь открыл папку.,,»,punctuation_insert,direct_speech_quotes,2.2802563762525097e-05,0.995,False,False,,,False,False
174,dataset_hyphen_po_adverbs,hyphen_po_adverbs,Он говорит по русски о проекте. Затем группа проверила договор.,Он говорит по-русски о проекте. Затем группа проверила договор.,,:,punctuation_insert,direct_speech_colon,0.000563570880331,0.995,False,False,,,False,False
174,dataset_hyphen_po_adverbs,hyphen_po_adverbs,Он говорит по русски о проекте. Затем группа проверила договор.,Он говорит по-русски о проекте. Затем группа проверила договор.,по русски,по-русски,hyphen,hyphen_po_adverbs,0.4152697622776031,0.88,False,False,,,True,True
174,dataset_hyphen_po_adverbs,hyphen_po_adverbs,Он говорит по русски о проекте. Затем группа проверила договор.,Он говорит по-русски о проекте. Затем группа проверила договор.,,«,punctuation_insert,direct_speech_quotes,0.0003136277955491,0.995,False,False,,,False,False
174,dataset_hyphen_po_adverbs,hyphen_po_adverbs,Он говорит по русски о проекте. Затем группа проверила договор.,Он говорит по-русски о проекте. Затем группа проверила договор.,,»,punctuation_insert,direct_speech_quotes,3.0230048650992103e-05,0.995,False,False,,,False,False
175,dataset_hyphen_po_adverbs,hyphen_po_adverbs,Он говорит по русски о проекте. Вечером секретарь обновил график.,Он говорит по-русски о проекте. Вечером секретарь обновил график.,,:,punctuation_insert,direct_speech_colon,0.0004627566086128,0.995,False,False,,,False,False
175,dataset_hyphen_po_adverbs,hyphen_po_adverbs,Он говорит по русски о проекте. Вечером секретарь обновил график.,Он говорит по-русски о проекте. Вечером секретарь обновил график.,по русски,по-русски,hyphen,hyphen_po_adverbs,0.416814237833023,0.88,False,False,,,True,True
175,dataset_hyphen_po_adverbs,hyphen_po_adverbs,Он говорит по русски о проекте. Вечером секретарь обновил график.,Он говорит по-русски о проекте. Вечером секретарь обновил график.,,«,punctuation_insert,direct_speech_quotes,0.0002575129328761,0.995,False,False,,,False,False
175,dataset_hyphen_po_adverbs,hyphen_po_adverbs,Он говорит по русски о проекте. Вечером секретарь обновил график.,Он говорит по-русски о проекте. Вечером секретарь обновил график.,,»,punctuation_insert,direct_speech_quotes,2.481997580616735e-05,0.995,False,False,,,False,False
176,dataset_hyphen_po_adverbs,hyphen_po_adverbs,Он говорит по русски о проекте. Вечером юрист сверил договор.,Он говорит по-русски о проекте. Вечером юрист сверил договор.,,:,punctuation_insert,direct_speech_colon,0.0005028732703067,0.995,False,False,,,False,False
176,dataset_hyphen_po_adverbs,hyphen_po_adverbs,Он говорит по русски о проекте. Вечером юрист сверил договор.,Он говорит по-русски о проекте. Вечером юрист сверил договор.,по русски,по-русски,hyphen,hyphen_po_adverbs,0.4171228408813476,0.88,False,False,,,True,True
176,dataset_hyphen_po_adverbs,hyphen_po_adverbs,Он говорит по русски о проекте. Вечером юрист сверил договор.,Он говорит по-русски о проекте. Вечером юрист сверил договор.,,«,punctuation_insert,direct_speech_quotes,0.0002798420027829,0.995,False,False,,,False,False
176,dataset_hyphen_po_adverbs,hyphen_po_adverbs,Он говорит по русски о проекте. Вечером юрист сверил договор.,Он говорит по-русски о проекте. Вечером юрист сверил договор.,,»,punctuation_insert,direct_speech_quotes,2.697266791074071e-05,0.995,False,False,,,False,False
177,dataset_hyphen_po_adverbs,hyphen_po_adverbs,Он говорит по русски о проекте. После проверки комиссия отправила ответ.,Он говорит по-русски о проекте. После проверки комиссия отправила ответ.,,:,punctuation_insert,direct_speech_colon,0.000583789369557,0.995,False,False,,,False,False
177,dataset_hyphen_po_adverbs,hyphen_po_adverbs,Он говорит по русски о проекте. После проверки комиссия отправила ответ.,Он говорит по-русски о проекте. После проверки комиссия отправила ответ.,по русски,по-русски,hyphen,hyphen_po_adverbs,0.4090138077735901,0.88,False,False,,,True,True
177,dataset_hyphen_po_adverbs,hyphen_po_adverbs,Он говорит по русски о проекте. После проверки комиссия отправила ответ.,Он говорит по-русски о проекте. После проверки комиссия отправила ответ.,,«,punctuation_insert,direct_speech_quotes,0.0003248821594752,0.995,False,False,,,False,False
177,dataset_hyphen_po_adverbs,hyphen_po_adverbs,Он говорит по русски о проекте. После проверки комиссия отправила ответ.,Он говорит по-русски о проекте. После проверки комиссия отправила ответ.,,»,punctuation_insert,direct_speech_quotes,3.1315157684730366e-05,0.995,False,False,,,False,False
178,dataset_hyphen_particles,hyphen_particles,Что то изменилось в архиве. После обеда координатор принял протокол.,Что-то изменилось в архиве. После обеда координатор принял протокол.,Что то,Что-то,hyphen,hyphen_particles,0.5456092953681946,0.5,True,True,accepted,trusted bounded candidate,True,True
179,dataset_hyphen_particles,hyphen_particles,Что то изменилось в архиве. Позже группа сохранила папку.,Что-то изменилось в архиве. Позже группа сохранила папку.,Что то,Что-то,hyphen,hyphen_particles,0.5314661264419556,0.5,True,True,accepted,trusted bounded candidate,True,True
180,dataset_hyphen_particles,hyphen_particles,Что то изменилось в архиве. Позже координатор обновил ведомость.,Что-то изменилось в архиве. Позже координатор обновил ведомость.,Что то,Что-то,hyphen,hyphen_particles,0.5383631587028503,0.5,True,True,accepted,trusted bounded candidate,True,True
181,dataset_hyphen_particles,hyphen_particles,Что то изменилось в архиве. Позже отдел сверил таблицу.,Что-то изменилось в архиве. Позже отдел сверил таблицу.,Что то,Что-то,hyphen,hyphen_particles,0.5389996767044067,0.5,True,True,accepted,trusted bounded candidate,True,True
182,dataset_hyphen_particles,hyphen_particles,Что то изменилось в архиве. Утром редактор принял отчет.,Что-то изменилось в архиве. Утром редактор принял отчет.,Что то,Что-то,hyphen,hyphen_particles,0.5417546629905701,0.5,True,True,accepted,trusted bounded candidate,True,True
183,dataset_hyphen_particles,hyphen_particles,Что то изменилось в архиве. Утром аналитик сохранил отчет.,Что-то изменилось в архиве. Утром аналитик сохранил отчет.,Что то,Что-то,hyphen,hyphen_particles,0.5363156199455261,0.5,True,True,accepted,trusted bounded candidate,True,True
184,dataset_context_chto_by,context_chto_by,Чтобы команда ни решила отчет останется. Вечером автор обновил сводку.,Что бы команда ни решила отчет останется. Вечером автор обновил сводку.,Чтобы,Что бы,split_join,context_chto_by,0.5531246662139893,0.95,False,False,,,True,True
185,dataset_context_chto_by,context_chto_by,Чтобы команда ни решила отчет останется. Позже служба согласовала заявку.,Что бы команда ни решила отчет останется. Позже служба согласовала заявку.,Чтобы,Что бы,split_join,context_chto_by,0.5337955951690674,0.95,False,False,,,True,True
186,dataset_context_chto_by,context_chto_by,Чтобы команда ни решила отчет останется. Утром группа закрыла протокол.,Что бы команда ни решила отчет останется. Утром группа закрыла протокол.,Чтобы,Что бы,split_join,context_chto_by,0.5534529089927673,0.95,False,False,,,True,True
187,dataset_context_chto_by,context_chto_by,Чтобы команда ни решила отчет останется. Вечером отдел сверил ведомость.,Что бы команда ни решила отчет останется. Вечером отдел сверил ведомость.,Чтобы,Что бы,split_join,context_chto_by,0.546791136264801,0.95,False,False,,,True,True
188,dataset_context_chto_by,context_chto_by,Чтобы команда ни решила отчет останется. Утром группа приняла решение.,Что бы команда ни решила отчет останется. Утром группа приняла решение.,Чтобы,Что бы,split_join,context_chto_by,0.5405042171478271,0.95,False,False,,,True,True
189,dataset_context_chto_by,context_chto_by,Чтобы команда ни решила отчет останется. Вечером секретарь обновил график.,Что бы команда ни решила отчет останется. Вечером секретарь обновил график.,Чтобы,Что бы,split_join,context_chto_by,0.5536503791809082,0.95,False,False,,,True,True
190,dataset_context_nesmotrya,context_nesmotrya,Не смотря на задержку проект завершили. Затем группа сверила подписи.,Несмотря на задержку проект завершили. Затем группа сверила подписи.,Не смотря,Несмотря,split_join,context_nesmotrya,0.6146984696388245,0.95,False,False,,,True,True
190,dataset_context_nesmotrya,context_nesmotrya,Не смотря на задержку проект завершили. Затем группа сверила подписи.,Несмотря на задержку проект завершили. Затем группа сверила подписи.,Не смотря на,Несмотря на,split_join,context_nesmotrya,0.5898951292037964,0.95,False,False,,,False,True
191,dataset_context_nesmotrya,context_nesmotrya,Не смотря на дождь команда пришла вовремя. Утром комиссия вернулась к письму.,Несмотря на дождь команда пришла вовремя. Утром комиссия вернулась к письму.,Не смотря,Несмотря,split_join,context_nesmotrya,0.5976593494415283,0.95,False,False,,,True,True
191,dataset_context_nesmotrya,context_nesmotrya,Не смотря на дождь команда пришла вовремя. Утром комиссия вернулась к письму.,Несмотря на дождь команда пришла вовремя. Утром комиссия вернулась к письму.,Не смотря на,Несмотря на,split_join,context_nesmotrya,0.5717599987983704,0.95,False,False,,,False,True
191,dataset_context_nesmotrya,context_nesmotrya,Не смотря на дождь команда пришла вовремя. Утром комиссия вернулась к письму.,Несмотря на дождь команда пришла вовремя. Утром комиссия вернулась к письму.,пришла,прешла,spelling,prefix_pre_pri,0.4136182367801666,0.92,False,False,,,False,False
192,dataset_context_nesmotrya,context_nesmotrya,Не смотря на задержку проект завершили. Позже группа сохранила папку.,Несмотря на задержку проект завершили. Позже группа сохранила папку.,Не смотря,Несмотря,split_join,context_nesmotrya,0.607485294342041,0.95,False,False,,,True,True
192,dataset_context_nesmotrya,context_nesmotrya,Не смотря на задержку проект завершили. Позже группа сохранила папку.,Несмотря на задержку проект завершили. Позже группа сохранила папку.,Не смотря на,Несмотря на,split_join,context_nesmotrya,0.5863204002380371,0.95,False,False,,,False,True
193,dataset_context_nesmotrya,context_nesmotrya,Несмотря в документы он отвечал на вопросы. Затем аналитик обновил запись.,Не смотря в документы он отвечал на вопросы. Затем аналитик обновил запись.,Несмотря,Не смотря,split_join,context_nesmotrya,0.2494332492351532,0.95,False,False,,,True,True
194,dataset_context_nesmotrya,context_nesmotrya,Несмотря в документы он отвечал на вопросы. Вечером служба обновила список.,Не смотря в документы он отвечал на вопросы. Вечером служба обновила список.,Несмотря,Не смотря,split_join,context_nesmotrya,0.228106215596199,0.95,False,False,,,True,True
195,dataset_context_nesmotrya,context_nesmotrya,Несмотря в документы он отвечал на вопросы. Затем юрист обновил решение.,Не смотря в документы он отвечал на вопросы. Затем юрист обновил решение.,Несмотря,Не смотря,split_join,context_nesmotrya,0.2491095662117004,0.95,False,False,,,True,True
196,dataset_context_tak_zhe,context_tak_zhe,Редактор поступил также как автор. Утром секретарь открыл папку.,Редактор поступил так же как автор. Утром секретарь открыл папку.,также,так же,split_join,context_tak_zhe,0.3390493988990783,0.95,False,False,,,True,True
197,dataset_context_tak_zhe,context_tak_zhe,Он сделал также как коллега. Вечером автор обновил сводку.,Он сделал так же как коллега. Вечером автор обновил сводку.,также,так же,split_join,context_tak_zhe,0.3662375509738922,0.95,False,False,,,True,True
198,dataset_context_tak_zhe,context_tak_zhe,Редактор поступил также как автор. Утром аналитик проверил заявку.,Редактор поступил так же как автор. Утром аналитик проверил заявку.,также,так же,split_join,context_tak_zhe,0.3466593325138092,0.95,False,False,,,True,True
199,dataset_context_tak_zhe,context_tak_zhe,Редактор поступил также как автор. После проверки список закрыли.,Редактор поступил так же как автор. После проверки список закрыли.,также,так же,split_join,context_tak_zhe,0.350440502166748,0.95,False,False,,,True,True
200,dataset_context_tak_zhe,context_tak_zhe,Команда решила также как комиссия. Вечером юрист сверил договор.,Команда решила так же как комиссия. Вечером юрист сверил договор.,также,так же,split_join,context_tak_zhe,0.4195065498352051,0.95,False,False,,,True,True
201,dataset_context_to_zhe,context_to_zhe,Редактор тоже замечание оставил в тексте. Вечером автор проверил таблицу.,Редактор то же замечание оставил в тексте. Вечером автор проверил таблицу.,тоже,то же,split_join,context_to_zhe,0.8143372535705566,0.95,False,False,,,True,True
202,dataset_context_to_zhe,context_to_zhe,Он тоже задание отправил вечером. Утром группа приняла решение.,Он то же задание отправил вечером. Утром группа приняла решение.,тоже,то же,split_join,context_to_zhe,0.8187020421028137,0.95,False,False,,,True,True
203,dataset_context_to_zhe,context_to_zhe,Он тоже задание отправил вечером. После проверки комиссия отправила ответ.,Он то же задание отправил вечером. После проверки комиссия отправила ответ.,тоже,то же,split_join,context_to_zhe,0.8248342275619507,0.95,False,False,,,True,True
204,dataset_context_to_zhe,context_to_zhe,Я тоже упражнение проверил утром. Позже редактор сохранил копию.,Я то же упражнение проверил утром. Позже редактор сохранил копию.,тоже,то же,split_join,context_to_zhe,0.8627481460571289,0.95,False,False,,,True,True
205,dataset_context_to_zhe,context_to_zhe,Я тоже упражнение проверил утром. Утром редакция выпустила заметку.,Я то же упражнение проверил утром. Утром редакция выпустила заметку.,тоже,то же,split_join,context_to_zhe,0.8534399271011353,0.95,False,False,,,True,True
206,dataset_comma_subordinate,comma_subordinate,Отчет задержали потому что вечерний протокол вернули позже. Позже группа обсудила договор.,"Отчет задержали, потому что вечерний протокол вернули позже. Позже группа обсудила договор.",,",",punctuation_insert,comma_subordinate,0.9613168835639954,0.92,True,True,accepted,trusted bounded candidate,True,False
207,dataset_comma_subordinate,comma_subordinate,Проект готов потому что общий график уже согласован. Затем комиссия открыла раздел.,"Проект готов, потому что общий график уже согласован. Затем комиссия открыла раздел.",,",",punctuation_insert,comma_subordinate,0.991894781589508,0.92,True,True,accepted,trusted bounded candidate,True,False
208,dataset_comma_subordinate,comma_subordinate,Команда решила что подготовленный список нужно проверить. Затем секретарь проверил журнал.,"Команда решила, что подготовленный список нужно проверить. Затем секретарь проверил журнал.",,",",punctuation_insert,comma_subordinate,0.9933151602745056,0.92,True,True,accepted,trusted bounded candidate,True,False
209,dataset_comma_subordinate,comma_subordinate,Отчет задержали потому что точный план вернули позже. После проверки руководитель подписал лист.,"Отчет задержали, потому что точный план вернули позже. После проверки руководитель подписал лист.",,",",punctuation_insert,comma_subordinate,0.9721203446388244,0.92,True,True,accepted,trusted bounded candidate,True,False
210,dataset_comma_subordinate,comma_subordinate,Редактор заметил что вечерний протокол изменился утром. Утром эксперт прочитал письмо.,"Редактор заметил, что вечерний протокол изменился утром. Утром эксперт прочитал письмо.",,",",punctuation_insert,comma_subordinate,0.9851592183113098,0.92,True,True,accepted,trusted bounded candidate,True,False
211,dataset_comma_subordinate,comma_subordinate,Команда решила что финальный список нужно проверить. Вечером руководитель принял правки.,"Команда решила, что финальный список нужно проверить. Вечером руководитель принял правки.",,",",punctuation_insert,comma_subordinate,0.9949576258659364,0.92,True,True,accepted,trusted bounded candidate,True,False
212,dataset_comma_conjunction,comma_conjunction,Автор торопился зато общий график сохранили вовремя. Утром аналитик сохранил отчет.,"Автор торопился, зато общий график сохранили вовремя. Утром аналитик сохранил отчет.",,",",punctuation_insert,comma_conjunction,0.98671293258667,0.995,False,False,,,True,False
212,dataset_comma_conjunction,comma_conjunction,Автор торопился зато общий график сохранили вовремя. Утром аналитик сохранил отчет.,"Автор торопился, зато общий график сохранили вовремя. Утром аналитик сохранил отчет.",зато,за то,split_join,context_za_to,0.3188439309597015,0.95,False,False,,,False,False
212,dataset_comma_conjunction,comma_conjunction,Автор торопился зато общий график сохранили вовремя. Утром аналитик сохранил отчет.,"Автор торопился, зато общий график сохранили вовремя. Утром аналитик сохранил отчет.",зато,за то,split_join,context_za_to,0.5951640605926514,0.95,False,False,,,False,False
213,dataset_comma_conjunction,comma_conjunction,План простой зато надежный. Утром комиссия вернулась к письму.,"План простой, зато надежный. Утром комиссия вернулась к письму.",,",",punctuation_insert,comma_conjunction,0.9938604831695556,0.995,False,False,,,True,False
213,dataset_comma_conjunction,comma_conjunction,План простой зато надежный. Утром комиссия вернулась к письму.,"План простой, зато надежный. Утром комиссия вернулась к письму.",зато,за то,split_join,context_za_to,0.5538953542709351,0.95,False,False,,,False,False
213,dataset_comma_conjunction,comma_conjunction,План простой зато надежный. Утром комиссия вернулась к письму.,"План простой, зато надежный. Утром комиссия вернулась к письму.",зато,за то,split_join,context_za_to,0.5046482086181641,0.95,False,False,,,False,False
214,dataset_comma_conjunction,comma_conjunction,Автор торопился зато свежая сводка сохранили вовремя. Утром юрист сохранил справку.,"Автор торопился, зато свежая сводка сохранили вовремя. Утром юрист сохранил справку.",,",",punctuation_insert,comma_conjunction,0.9832491874694824,0.995,False,False,,,True,False
214,dataset_comma_conjunction,comma_conjunction,Автор торопился зато свежая сводка сохранили вовремя. Утром юрист сохранил справку.,"Автор торопился, зато свежая сводка сохранили вовремя. Утром юрист сохранил справку.",зато,за то,split_join,context_za_to,0.3718651235103607,0.95,False,False,,,False,False
214,dataset_comma_conjunction,comma_conjunction,Автор торопился зато свежая сводка сохранили вовремя. Утром юрист сохранил справку.,"Автор торопился, зато свежая сводка сохранили вовремя. Утром юрист сохранил справку.",зато,за то,split_join,context_za_to,0.7527322769165039,0.95,False,False,,,False,False
215,dataset_comma_conjunction,comma_conjunction,Автор торопился зато новый раздел сохранили вовремя. Позже служба отправила ответ.,"Автор торопился, зато новый раздел сохранили вовремя. Позже служба отправила ответ.",,",",punctuation_insert,comma_conjunction,0.983489990234375,0.995,False,False,,,True,False
215,dataset_comma_conjunction,comma_conjunction,Автор торопился зато новый раздел сохранили вовремя. Позже служба отправила ответ.,"Автор торопился, зато новый раздел сохранили вовремя. Позже служба отправила ответ.",зато,за то,split_join,context_za_to,0.3080849647521972,0.95,False,False,,,False,False
215,dataset_comma_conjunction,comma_conjunction,Автор торопился зато новый раздел сохранили вовремя. Позже служба отправила ответ.,"Автор торопился, зато новый раздел сохранили вовремя. Позже служба отправила ответ.",зато,за то,split_join,context_za_to,0.5587545037269592,0.95,False,False,,,False,False
216,dataset_comma_conjunction,comma_conjunction,Автор торопился зато дежурный редактор сохранили вовремя. Вечером эксперт уточнил маршрут.,"Автор торопился, зато дежурный редактор сохранили вовремя. Вечером эксперт уточнил маршрут.",,",",punctuation_insert,comma_conjunction,0.9875303506851196,0.995,False,False,,,True,False
216,dataset_comma_conjunction,comma_conjunction,Автор торопился зато дежурный редактор сохранили вовремя. Вечером эксперт уточнил маршрут.,"Автор торопился, зато дежурный редактор сохранили вовремя. Вечером эксперт уточнил маршрут.",зато,за то,split_join,context_za_to,0.4302931427955627,0.95,False,False,,,False,False
216,dataset_comma_conjunction,comma_conjunction,Автор торопился зато дежурный редактор сохранили вовремя. Вечером эксперт уточнил маршрут.,"Автор торопился, зато дежурный редактор сохранили вовремя. Вечером эксперт уточнил маршрут.",зато,за то,split_join,context_za_to,0.6545555591583252,0.95,False,False,,,False,False
217,dataset_comma_conjunction,comma_conjunction,Автор торопился зато новый документ сохранили вовремя. Позже координатор закрыл заявку.,"Автор торопился, зато новый документ сохранили вовремя. Позже координатор закрыл заявку.",,",",punctuation_insert,comma_conjunction,0.985927939414978,0.995,False,False,,,True,False
217,dataset_comma_conjunction,comma_conjunction,Автор торопился зато новый документ сохранили вовремя. Позже координатор закрыл заявку.,"Автор торопился, зато новый документ сохранили вовремя. Позже координатор закрыл заявку.",зато,за то,split_join,context_za_to,0.3300640285015106,0.95,False,False,,,False,False
217,dataset_comma_conjunction,comma_conjunction,Автор торопился зато новый документ сохранили вовремя. Позже координатор закрыл заявку.,"Автор торопился, зато новый документ сохранили вовремя. Позже координатор закрыл заявку.",зато,за то,split_join,context_za_to,0.5806363821029663,0.95,False,False,,,False,False
218,dataset_comma_conjunction,comma_conjunction,План простой зато надежный. Позже редакция открыла архив.,"План простой, зато надежный. Позже редакция открыла архив.",,",",punctuation_insert,comma_conjunction,0.9947721362113952,0.995,False,False,,,True,False
218,dataset_comma_conjunction,comma_conjunction,План простой зато надежный. Позже редакция открыла архив.,"План простой, зато надежный. Позже редакция открыла архив.",зато,за то,split_join,context_za_to,0.4473876655101776,0.95,False,False,,,False,False
218,dataset_comma_conjunction,comma_conjunction,План простой зато надежный. Позже редакция открыла архив.,"План простой, зато надежный. Позже редакция открыла архив.",зато,за то,split_join,context_za_to,0.4450611472129822,0.95,False,False,,,False,False
219,dataset_introductory_comma,introductory_comma,Следовательно плановая встреча нужно сохранить отдельно. Позже координатор закрыл заявку.,"Следовательно, плановая встреча нужно сохранить отдельно. Позже координатор закрыл заявку.",,",",punctuation_insert,introductory_comma,0.9949681162834167,0.97,True,True,accepted,trusted bounded candidate,True,False
220,dataset_introductory_comma,introductory_comma,Возможно подробная справка будет готов утром. Вечером аналитик сверил письмо.,"Возможно, подробная справка будет готов утром. Вечером аналитик сверил письмо.",,",",punctuation_insert,introductory_comma,0.9846462607383728,0.97,True,True,accepted,trusted bounded candidate,True,False
221,dataset_introductory_comma,introductory_comma,Конечно общий график требует проверки. Позже служба отправила ответ.,"Конечно, общий график требует проверки. Позже служба отправила ответ.",,",",punctuation_insert,introductory_comma,0.9921302199363708,0.97,True,True,accepted,trusted bounded candidate,True,False
222,dataset_introductory_comma,introductory_comma,Возможно летняя проверка будет готов утром. Вечером автор проверил таблицу.,"Возможно, летняя проверка будет готов утром. Вечером автор проверил таблицу.",,",",punctuation_insert,introductory_comma,0.9903389811515808,0.97,True,True,accepted,trusted bounded candidate,True,False
223,dataset_introductory_comma,introductory_comma,Кажется северный филиал уже лежит в архиве. Затем аналитик обновил запись.,"Кажется, северный филиал уже лежит в архиве. Затем аналитик обновил запись.",,",",punctuation_insert,introductory_comma,0.9798953533172609,0.97,True,True,accepted,trusted bounded candidate,True,False
224,dataset_introductory_comma,introductory_comma,Кажется финальный список уже лежит в архиве. Вечером юрист сверил договор.,"Кажется, финальный список уже лежит в архиве. Вечером юрист сверил договор.",,",",punctuation_insert,introductory_comma,0.9870848059654236,0.97,True,True,accepted,trusted bounded candidate,True,False
225,dataset_introductory_comma,introductory_comma,Например обновленный журнал можно отправить завтра. Утром автор закрыл вопрос.,"Например, обновленный журнал можно отправить завтра. Утром автор закрыл вопрос.",,",",punctuation_insert,introductory_comma,0.9897758960723876,0.97,True,True,accepted,trusted bounded candidate,True,False
226,dataset_introductory_comma,introductory_comma,Конечно новый документ требует проверки. Утром секретарь открыл папку.,"Конечно, новый документ требует проверки. Утром секретарь открыл папку.",,",",punctuation_insert,introductory_comma,0.9877339601516724,0.97,True,True,accepted,trusted bounded candidate,True,False
227,dataset_homogeneous_comma,homogeneous_comma,В списке есть и подписи и сроки. Вечером комиссия закрыла вопрос.,"В списке есть и подписи, и сроки. Вечером комиссия закрыла вопрос.",,",",punctuation_insert,homogeneous_comma,0.9866705536842346,0.9,True,True,accepted,trusted bounded candidate,True,False
228,dataset_homogeneous_comma,homogeneous_comma,Команда открыла и таблицу и сводку. Утром служба приняла заявку.,"Команда открыла и таблицу, и сводку. Утром служба приняла заявку.",,",",punctuation_insert,homogeneous_comma,0.9842411875724792,0.9,True,True,accepted,trusted bounded candidate,True,False
229,dataset_homogeneous_comma,homogeneous_comma,Команда открыла и таблицу и сводку. Позже редактор сверил список.,"Команда открыла и таблицу, и сводку. Позже редактор сверил список.",,",",punctuation_insert,homogeneous_comma,0.9866264462471008,0.9,True,True,accepted,trusted bounded candidate,True,False
230,dataset_homogeneous_comma,homogeneous_comma,Команда открыла и таблицу и сводку. После проверки аналитик принял сводку.,"Команда открыла и таблицу, и сводку. После проверки аналитик принял сводку.",,",",punctuation_insert,homogeneous_comma,0.9813750982284546,0.9,True,True,accepted,trusted bounded candidate,True,False
231,dataset_homogeneous_comma,homogeneous_comma,Команда открыла и таблицу и сводку. Затем аналитик обновил запись.,"Команда открыла и таблицу, и сводку. Затем аналитик обновил запись.",,",",punctuation_insert,homogeneous_comma,0.9844628572463988,0.9,True,True,accepted,trusted bounded candidate,True,False
232,dataset_homogeneous_comma,homogeneous_comma,Команда открыла и таблицу и сводку. Вечером секретарь отправил письмо.,"Команда открыла и таблицу, и сводку. Вечером секретарь отправил письмо.",,",",punctuation_insert,homogeneous_comma,0.983107566833496,0.9,True,True,accepted,trusted bounded candidate,True,False
233,dataset_homogeneous_comma,homogeneous_comma,В архиве лежали и договоры и счета. Вечером группа обновила запись.,"В архиве лежали и договоры, и счета. Вечером группа обновила запись.",,",",punctuation_insert,homogeneous_comma,0.9843502044677734,0.9,True,True,accepted,trusted bounded candidate,True,False
237,clean_identity,clean_identity,В документе также указывается на возможность новой угрозы в этих регионах в связи с недавними испытаниями ракет в Индии и Пакистане.,В документе также указывается на возможность новой угрозы в этих регионах в связи с недавними испытаниями ракет в Индии и Пакистане.,также,так же,split_join,context_tak_zhe,0.2691539227962494,0.95,False,False,,,False,False
237,clean_identity,clean_identity,В документе также указывается на возможность новой угрозы в этих регионах в связи с недавними испытаниями ракет в Индии и Пакистане.,В документе также указывается на возможность новой угрозы в этих регионах в связи с недавними испытаниями ракет в Индии и Пакистане.,недавними,не давними,split_join,ne_adjective,0.5450611114501953,0.99995,False,False,,,False,False
248,clean_identity,clean_identity,Он будет возглавлять КФОР вплоть до весны будущего года.,Он будет возглавлять КФОР вплоть до весны будущего года.,КФОР,Фор,spelling,extra_letter_candidate,0.413836807012558,0.95,False,False,,,False,False
248,clean_identity,clean_identity,Он будет возглавлять КФОР вплоть до весны будущего года.,Он будет возглавлять КФОР вплоть до весны будущего года.,КФОР,Кофр,spelling,swapped_letters_candidate,0.3302344381809234,0.84,False,False,,,False,False
250,clean_identity,clean_identity,"По его словам, оперативная информация о положении в районе чечено-дагестанской административной границы поступает к нему непрерывно.","По его словам, оперативная информация о положении в районе чечено-дагестанской административной границы поступает к нему непрерывно.",непрерывно,не прерывно,split_join,ne_adjective,0.5194799304008484,0.99995,False,False,,,False,False
252,clean_identity,clean_identity,Однако эксперты не вправе осуществлять непосредственную проверку операций Центробанка.,Однако эксперты не вправе осуществлять непосредственную проверку операций Центробанка.,непосредственную,не посредственную,split_join,ne_adjective,0.878557562828064,0.99995,False,False,,,False,False
254,clean_identity,clean_identity,"Нападения албанцев на сербов и цыган не прекращаются, несмотря на присутствие миртворцев.","Нападения албанцев на сербов и цыган не прекращаются, несмотря на присутствие миртворцев.",цыган,циган,spelling,pattern_цы_ци,0.9843248128890992,0.92,True,True,rejected,known_source_lexical_guard,False,False
254,clean_identity,clean_identity,"Нападения албанцев на сербов и цыган не прекращаются, несмотря на присутствие миртворцев.","Нападения албанцев на сербов и цыган не прекращаются, несмотря на присутствие миртворцев.",несмотря на,не смотря на,split_join,context_nesmotrya,0.8857118487358093,0.95,False,False,,,False,False
254,clean_identity,clean_identity,"Нападения албанцев на сербов и цыган не прекращаются, несмотря на присутствие миртворцев.","Нападения албанцев на сербов и цыган не прекращаются, несмотря на присутствие миртворцев.",несмотря,не смотря,split_join,context_nesmotrya,0.0672457963228225,0.95,False,False,,,False,False
254,clean_identity,clean_identity,"Нападения албанцев на сербов и цыган не прекращаются, несмотря на присутствие миртворцев.","Нападения албанцев на сербов и цыган не прекращаются, несмотря на присутствие миртворцев.",миртворцев,миротворце,spelling,dictionary_fuzzy,0.3983660638332367,0.95,False,False,,,False,False
254,clean_identity,clean_identity,"Нападения албанцев на сербов и цыган не прекращаются, несмотря на присутствие миртворцев.","Нападения албанцев на сербов и цыган не прекращаются, несмотря на присутствие миртворцев.",миртворцев,миротворцев,spelling,missing_letter_candidate,0.3858729004859924,0.95,False,False,,,False,False
254,clean_identity,clean_identity,"Нападения албанцев на сербов и цыган не прекращаются, несмотря на присутствие миртворцев.","Нападения албанцев на сербов и цыган не прекращаются, несмотря на присутствие миртворцев.",циган,цыган,spelling,cy_exception,0.3981915712356567,0.58,False,False,,,False,False
254,clean_identity,clean_identity,"Нападения албанцев на сербов и цыган не прекращаются, несмотря на присутствие миртворцев.","Нападения албанцев на сербов и цыган не прекращаются, несмотря на присутствие миртворцев.",несмотря на,не смотря на,split_join,context_nesmotrya,0.9078996777534484,0.95,False,False,,,False,False
254,clean_identity,clean_identity,"Нападения албанцев на сербов и цыган не прекращаются, несмотря на присутствие миртворцев.","Нападения албанцев на сербов и цыган не прекращаются, несмотря на присутствие миртворцев.",несмотря,не смотря,split_join,context_nesmotrya,0.0761764422059059,0.95,False,False,,,False,False
254,clean_identity,clean_identity,"Нападения албанцев на сербов и цыган не прекращаются, несмотря на присутствие миртворцев.","Нападения албанцев на сербов и цыган не прекращаются, несмотря на присутствие миртворцев.",миртворцев,миротворце,spelling,dictionary_fuzzy,0.3911789953708648,0.95,False,False,,,False,False
254,clean_identity,clean_identity,"Нападения албанцев на сербов и цыган не прекращаются, несмотря на присутствие миртворцев.","Нападения албанцев на сербов и цыган не прекращаются, несмотря на присутствие миртворцев.",миртворцев,миротворцев,spelling,missing_letter_candidate,0.3787692487239837,0.95,False,False,,,False,False
255,clean_identity,clean_identity,"У людей нет уверенности в том, что это не повторится.","У людей нет уверенности в том, что это не повторится.",повторится,повториться,spelling,tsya_soft_insert,0.6641880869865417,0.995,False,False,,,False,False
259,clean_identity,clean_identity,Во всех православных храмах сегодня будут совершены панихиды по погибшим от взрывов жилых домов в Москве и Буйнакске.,Во всех православных храмах сегодня будут совершены панихиды по погибшим от взрывов жилых домов в Москве и Буйнакске.,совершены,совершенны,spelling,n_nn_short_form,0.6763002276420593,0.99995,False,False,,,False,False
260,clean_identity,clean_identity,Ураган Флойд: погибло 17 человек Тропический ураган Флойд пронесся почти по всему восточному побережью США.,Ураган Флойд: погибло 17 человек Тропический ураган Флойд пронесся почти по всему восточному побережью США.,по всему,по-всему,hyphen,hyphen_po_adverbs,0.8840396404266357,0.88,True,True,rejected,unsafe_hyphen_po_adverb,False,False
263,clean_identity,clean_identity,"Он также сообщил, что сегодня ночьюустановлены и задержаны те, кто привозил взрывчатку в Москвупод видом сахарного песка.","Он также сообщил, что сегодня ночьюустановлены и задержаны те, кто привозил взрывчатку в Москвупод видом сахарного песка.",также,так же,split_join,context_tak_zhe,0.3222293257713318,0.95,False,False,,,False,False
264,clean_identity,clean_identity,Политики вынуждены реагировать на скандальные публикации с нападками на российскую финансовую систему.,Политики вынуждены реагировать на скандальные публикации с нападками на российскую финансовую систему.,вынуждены,вынужденны,spelling,n_nn_short_form,0.372977465391159,0.99995,False,False,,,False,False
265,clean_identity,clean_identity,"В качестве обвиняемых названы три физических лица - Петр Берлин, Люси (Людмила) Эдвардс и Алексей Волков, а также три компании - Benex, BECS International и Torfinex.","В качестве обвиняемых названы три физических лица - Петр Берлин, Люси (Людмила) Эдвардс и Алексей Волков, а также три компании - Benex, BECS International и Torfinex.",Эдвардс,Эдварда,spelling,keyboard_typo_candidate,0.7220186591148376,0.95,False,False,,,False,False
265,clean_identity,clean_identity,"В качестве обвиняемых названы три физических лица - Петр Берлин, Люси (Людмила) Эдвардс и Алексей Волков, а также три компании - Benex, BECS International и Torfinex.","В качестве обвиняемых названы три физических лица - Петр Берлин, Люси (Людмила) Эдвардс и Алексей Волков, а также три компании - Benex, BECS International и Torfinex.",Эдвардс,Эдварды,spelling,keyboard_typo_candidate,0.4514883160591125,0.95,False,False,,,False,False
265,clean_identity,clean_identity,"В качестве обвиняемых названы три физических лица - Петр Берлин, Люси (Людмила) Эдвардс и Алексей Волков, а также три компании - Benex, BECS International и Torfinex.","В качестве обвиняемых названы три физических лица - Петр Берлин, Люси (Людмила) Эдвардс и Алексей Волков, а также три компании - Benex, BECS International и Torfinex.",также,так же,split_join,context_tak_zhe,0.1194703504443168,0.95,False,False,,,False,False
266,clean_identity,clean_identity,"Кроме того, по словам Волокитина, Гостелеком совместно с Министерством торговли РФ работают над программой по электронной торговле.","Кроме того, по словам Волокитина, Гостелеком совместно с Министерством торговли РФ работают над программой по электронной торговле.",Гостелеком,Ростелеком,spelling,keyboard_typo_candidate,0.9760825037956238,0.95,True,True,rejected,protected_lexical_guard,False,False
270,clean_hard_negative,clean_identity_hard_negative,"Тем не менее они позаботились, чтобы круг участников виртуальных выборов не ограничивался постоянными читателями электронной версии НГ.","Тем не менее они позаботились, чтобы круг участников виртуальных выборов не ограничивался постоянными читателями электронной версии НГ.",чтобы,что бы,split_join,context_chto_by,0.7409282922744751,0.95,False,False,,,False,False
272,clean_hard_negative,clean_identity_hard_negative,Вчера в результате ожесточенного боя ими была выведена из строя боевая машина пехоты федеральных сил.,Вчера в результате ожесточенного боя ими была выведена из строя боевая машина пехоты федеральных сил.,машина,машинна,spelling,n_nn_short_form,0.391975998878479,0.99995,False,False,,,False,False
273,clean_hard_negative,clean_identity_hard_negative,"Многие дома покрылись трещинами, некоторые опасно накренились.","Многие дома покрылись трещинами, некоторые опасно накренились.",некоторые,не которые,split_join,ne_adjective,0.0901203602552414,0.99995,False,False,,,False,False
275,clean_hard_negative,clean_identity_hard_negative,Принадлежавшие Шиндлеру бумаги хранились в большом сером чемодане.,Принадлежавшие Шиндлеру бумаги хранились в большом сером чемодане.,Шиндлеру,Шиллеру,spelling,dictionary_fuzzy,0.8108149766921997,0.95,False,False,,,False,False
275,clean_hard_negative,clean_identity_hard_negative,Принадлежавшие Шиндлеру бумаги хранились в большом сером чемодане.,Принадлежавшие Шиндлеру бумаги хранились в большом сером чемодане.,большом,большем,spelling,pattern_шо_ше,0.8730513453483582,0.92,False,False,,,False,False
277,clean_hard_negative,clean_identity_hard_negative,Папон был приговорен 2 апреля 1998 года к 10 годам тюремного заключения.,Папон был приговорен 2 апреля 1998 года к 10 годам тюремного заключения.,Папон,Попон,spelling,dictionary_fuzzy,0.3482780158519745,0.95,False,False,,,False,False
277,clean_hard_negative,clean_identity_hard_negative,Папон был приговорен 2 апреля 1998 года к 10 годам тюремного заключения.,Папон был приговорен 2 апреля 1998 года к 10 годам тюремного заключения.,Папон,Папин,spelling,dictionary_fuzzy,0.2782489359378814,0.95,False,False,,,False,False
279,clean_hard_negative,clean_identity_hard_negative,Несколько фолиантов украдены из других европейских библиотек.,Несколько фолиантов украдены из других европейских библиотек.,Несколько,Не сколько,split_join,ne_adverb,0.6941161751747131,0.99995,False,False,,,False,False
280,clean_hard_negative,clean_identity_hard_negative,"И если по результатам этой проверки обнаружится, что кандидаты представили недостоверные сведения, то им может быть отказано в регистрации, пояснил он.","И если по результатам этой проверки обнаружится, что кандидаты представили недостоверные сведения, то им может быть отказано в регистрации, пояснил он.",,",",punctuation_insert,comma_subordinate,0.0345938168466091,0.92,False,False,,,False,False
280,clean_hard_negative,clean_identity_hard_negative,"И если по результатам этой проверки обнаружится, что кандидаты представили недостоверные сведения, то им может быть отказано в регистрации, пояснил он.","И если по результатам этой проверки обнаружится, что кандидаты представили недостоверные сведения, то им может быть отказано в регистрации, пояснил он.",обнаружится,обнаружиться,spelling,tsya_soft_insert,0.7024860382080078,0.995,False,False,,,False,False
280,clean_hard_negative,clean_identity_hard_negative,"И если по результатам этой проверки обнаружится, что кандидаты представили недостоверные сведения, то им может быть отказано в регистрации, пояснил он.","И если по результатам этой проверки обнаружится, что кандидаты представили недостоверные сведения, то им может быть отказано в регистрации, пояснил он.",недостоверные,не достоверные,split_join,ne_adjective,0.5867528319358826,0.99995,False,False,,,False,False
281,clean_hard_negative,clean_identity_hard_negative,"В это время перерегистрация временно зарегистрированных ""будет столь же жесткой"", заявила начальник Правового управления МВД России.","В это время перерегистрация временно зарегистрированных ""будет столь же жесткой"", заявила начальник Правового управления МВД России.",,—,punctuation_insert,subject_predicate_dash,0.0210191179066896,0.99,False,False,,,False,False
285,clean_hard_negative,clean_identity_hard_negative,"Тем не менее, опасность для жизни пациентки все же неминовала.","Тем не менее, опасность для жизни пациентки все же неминовала.",неминовала,не миновала,split_join,ne_verb,0.1318819969892501,0.95,False,False,,,False,False
286,clean_hard_negative,clean_identity_hard_negative,"Сегодня средняя цена составляет порядка 22-23 долларов, что несколько выше ""оптимального"" уровня, к которому стремится ОПЕК (21 доллар).","Сегодня средняя цена составляет порядка 22-23 долларов, что несколько выше ""оптимального"" уровня, к которому стремится ОПЕК (21 доллар).",цена,ценна,spelling,n_nn_short_form,0.1768098771572113,0.99995,False,False,,,False,False
286,clean_hard_negative,clean_identity_hard_negative,"Сегодня средняя цена составляет порядка 22-23 долларов, что несколько выше ""оптимального"" уровня, к которому стремится ОПЕК (21 доллар).","Сегодня средняя цена составляет порядка 22-23 долларов, что несколько выше ""оптимального"" уровня, к которому стремится ОПЕК (21 доллар).",несколько,не сколько,split_join,ne_adverb,0.1966637969017028,0.99995,False,False,,,False,False
286,clean_hard_negative,clean_identity_hard_negative,"Сегодня средняя цена составляет порядка 22-23 долларов, что несколько выше ""оптимального"" уровня, к которому стремится ОПЕК (21 доллар).","Сегодня средняя цена составляет порядка 22-23 долларов, что несколько выше ""оптимального"" уровня, к которому стремится ОПЕК (21 доллар).",стремится,стремиться,spelling,tsya_soft_insert,0.5868732929229736,0.995,False,False,,,False,False
288,clean_hard_negative,clean_identity_hard_negative,"По боевым позициям исламистов также вела ""сосредоточенный огонь"" артиллерия.","По боевым позициям исламистов также вела ""сосредоточенный огонь"" артиллерия.",также,так же,split_join,context_tak_zhe,0.3416701555252075,0.95,False,False,,,False,False
290,clean_hard_negative,clean_identity_hard_negative,"По мнению суда, акция в метро была предпринята для того, чтобы отвлечь внимание полиции от преступной деятельности секты.","По мнению суда, акция в метро была предпринята для того, чтобы отвлечь внимание полиции от преступной деятельности секты.",чтобы,что бы,split_join,context_chto_by,0.2847994565963745,0.95,False,False,,,False,False
