profile,row_id,rule_id,error_type,source,target,prediction,exact,improved,worse,clean_overcorrected,accepted_rules
baseline,0,address_comma,punctuation,Иван открой городская служба. Позже редактор сверил список.,"Иван, открой городская служба. Позже редактор сверил список.","Иван, открой городская служба. Позже редактор сверил список.",True,True,False,False,address_comma
baseline,1,address_comma,punctuation,Иван открой городская служба. Позже редактор сверил список.,"Иван, открой городская служба. Позже редактор сверил список.","Иван, открой городская служба. Позже редактор сверил список.",True,True,False,False,address_comma
baseline,2,address_comma,punctuation,Иван открой городская служба. Позже редактор сверил список.,"Иван, открой городская служба. Позже редактор сверил список.","Иван, открой городская служба. Позже редактор сверил список.",True,True,False,False,address_comma
baseline,3,address_comma,punctuation,Иван открой городская служба. Позже редактор сверил список.,"Иван, открой городская служба. Позже редактор сверил список.","Иван, открой городская служба. Позже редактор сверил список.",True,True,False,False,address_comma
baseline,4,address_comma,punctuation,Иван открой городская служба. Позже редактор сверил список.,"Иван, открой городская служба. Позже редактор сверил список.","Иван, открой городская служба. Позже редактор сверил список.",True,True,False,False,address_comma
baseline,5,address_comma,punctuation,Иван открой городская служба. Позже редактор сверил список.,"Иван, открой городская служба. Позже редактор сверил список.","Иван, открой городская служба. Позже редактор сверил список.",True,True,False,False,address_comma
baseline,6,address_comma,punctuation,Иван открой длинная запись. Вечером секретарь отправил письмо.,"Иван, открой длинная запись. Вечером секретарь отправил письмо.","Иван, открой длинная запись. Вечером секретарь отправил письмо.",True,True,False,False,address_comma
baseline,7,address_comma,punctuation,Иван открой длинная запись. Вечером секретарь отправил письмо.,"Иван, открой длинная запись. Вечером секретарь отправил письмо.","Иван, открой длинная запись. Вечером секретарь отправил письмо.",True,True,False,False,address_comma
baseline,8,address_comma,punctuation,Иван открой длинная запись. Вечером секретарь отправил письмо.,"Иван, открой длинная запись. Вечером секретарь отправил письмо.","Иван, открой длинная запись. Вечером секретарь отправил письмо.",True,True,False,False,address_comma
baseline,9,address_comma,punctuation,Иван открой длинная запись. Вечером секретарь отправил письмо.,"Иван, открой длинная запись. Вечером секретарь отправил письмо.","Иван, открой длинная запись. Вечером секретарь отправил письмо.",True,True,False,False,address_comma
baseline,10,address_comma,punctuation,Иван открой длинная запись. Вечером секретарь отправил письмо.,"Иван, открой длинная запись. Вечером секретарь отправил письмо.","Иван, открой длинная запись. Вечером секретарь отправил письмо.",True,True,False,False,address_comma
baseline,11,address_comma,punctuation,Иван открой подробная справка. Позже служба проверила запись.,"Иван, открой подробная справка. Позже служба проверила запись.","Иван, открой подробная справка. Позже служба проверила запись.",True,True,False,False,address_comma
baseline,12,address_comma,punctuation,Иван открой подробная справка. Позже служба проверила запись.,"Иван, открой подробная справка. Позже служба проверила запись.","Иван, открой подробная справка. Позже служба проверила запись.",True,True,False,False,address_comma
baseline,13,address_comma,punctuation,Иван открой подробная справка. Позже служба проверила запись.,"Иван, открой подробная справка. Позже служба проверила запись.","Иван, открой подробная справка. Позже служба проверила запись.",True,True,False,False,address_comma
baseline,14,address_comma,punctuation,Иван открой подробная справка. Позже служба проверила запись.,"Иван, открой подробная справка. Позже служба проверила запись.","Иван, открой подробная справка. Позже служба проверила запись.",True,True,False,False,address_comma
baseline,15,address_comma,punctuation,Иван открой подробная справка. Позже служба проверила запись.,"Иван, открой подробная справка. Позже служба проверила запись.","Иван, открой подробная справка. Позже служба проверила запись.",True,True,False,False,address_comma
baseline,16,address_comma,punctuation,Иван открой подробная справка. Позже служба проверила запись.,"Иван, открой подробная справка. Позже служба проверила запись.","Иван, открой подробная справка. Позже служба проверила запись.",True,True,False,False,address_comma
baseline,17,address_comma,punctuation,Иван отправь важный договор. Утром редактор принял отчет.,"Иван, отправь важный договор. Утром редактор принял отчет.","Иван, отправь важный договор. Утром редактор принял отчет.",True,True,False,False,address_comma
baseline,18,address_comma,punctuation,Иван отправь важный договор. Утром редактор принял отчет.,"Иван, отправь важный договор. Утром редактор принял отчет.","Иван, отправь важный договор. Утром редактор принял отчет.",True,True,False,False,address_comma
baseline,19,address_comma,punctuation,Иван отправь важный договор. Утром редактор принял отчет.,"Иван, отправь важный договор. Утром редактор принял отчет.","Иван, отправь важный договор. Утром редактор принял отчет.",True,True,False,False,address_comma
baseline,20,address_comma,punctuation,Иван отправь важный договор. Утром редактор принял отчет.,"Иван, отправь важный договор. Утром редактор принял отчет.","Иван, отправь важный договор. Утром редактор принял отчет.",True,True,False,False,address_comma
baseline,21,address_comma,punctuation,Иван отправь важный договор. Утром редактор принял отчет.,"Иван, отправь важный договор. Утром редактор принял отчет.","Иван, отправь важный договор. Утром редактор принял отчет.",True,True,False,False,address_comma
baseline,22,address_comma,punctuation,Иван отправь важный договор. Утром редактор принял отчет.,"Иван, отправь важный договор. Утром редактор принял отчет.","Иван, отправь важный договор. Утром редактор принял отчет.",True,True,False,False,address_comma
baseline,23,address_comma,punctuation,Иван отправь важный договор. Утром редактор принял отчет.,"Иван, отправь важный договор. Утром редактор принял отчет.","Иван, отправь важный договор. Утром редактор принял отчет.",True,True,False,False,address_comma
baseline,24,address_comma,punctuation,Иван отправь открытая заявка. Позже комиссия сохранила решение.,"Иван, отправь открытая заявка. Позже комиссия сохранила решение.","Иван, отправь открытая заявка. Позже комиссия сохранила решение.",True,True,False,False,address_comma
baseline,25,address_comma,punctuation,Иван отправь открытая заявка. Позже комиссия сохранила решение.,"Иван, отправь открытая заявка. Позже комиссия сохранила решение.","Иван, отправь открытая заявка. Позже комиссия сохранила решение.",True,True,False,False,address_comma
baseline,26,address_comma,punctuation,Иван отправь открытая заявка. Позже комиссия сохранила решение.,"Иван, отправь открытая заявка. Позже комиссия сохранила решение.","Иван, отправь открытая заявка. Позже комиссия сохранила решение.",True,True,False,False,address_comma
baseline,27,address_comma,punctuation,Иван отправь открытая заявка. Позже комиссия сохранила решение.,"Иван, отправь открытая заявка. Позже комиссия сохранила решение.","Иван, отправь открытая заявка. Позже комиссия сохранила решение.",True,True,False,False,address_comma
baseline,28,address_comma,punctuation,Иван отправь открытая заявка. Позже комиссия сохранила решение.,"Иван, отправь открытая заявка. Позже комиссия сохранила решение.","Иван, отправь открытая заявка. Позже комиссия сохранила решение.",True,True,False,False,address_comma
baseline,29,address_comma,punctuation,Иван отправь открытая заявка. Позже комиссия сохранила решение.,"Иван, отправь открытая заявка. Позже комиссия сохранила решение.","Иван, отправь открытая заявка. Позже комиссия сохранила решение.",True,True,False,False,address_comma
baseline,30,address_comma,punctuation,Иван отправь утренний приказ. Вечером редактор открыл протокол.,"Иван, отправь утренний приказ. Вечером редактор открыл протокол.","Иван, отправь утренний приказ. Вечером редактор открыл протокол.",True,True,False,False,address_comma
baseline,31,address_comma,punctuation,Иван отправь утренний приказ. Вечером редактор открыл протокол.,"Иван, отправь утренний приказ. Вечером редактор открыл протокол.","Иван, отправь утренний приказ. Вечером редактор открыл протокол.",True,True,False,False,address_comma
baseline,32,address_comma,punctuation,Иван отправь утренний приказ. Вечером редактор открыл протокол.,"Иван, отправь утренний приказ. Вечером редактор открыл протокол.","Иван, отправь утренний приказ. Вечером редактор открыл протокол.",True,True,False,False,address_comma
baseline,33,address_comma,punctuation,Иван отправь утренний приказ. Вечером редактор открыл протокол.,"Иван, отправь утренний приказ. Вечером редактор открыл протокол.","Иван, отправь утренний приказ. Вечером редактор открыл протокол.",True,True,False,False,address_comma
baseline,34,address_comma,punctuation,Иван отправь утренний приказ. Вечером редактор открыл протокол.,"Иван, отправь утренний приказ. Вечером редактор открыл протокол.","Иван, отправь утренний приказ. Вечером редактор открыл протокол.",True,True,False,False,address_comma
baseline,35,address_comma,punctuation,Иван отправь утренний приказ. Вечером редактор открыл протокол.,"Иван, отправь утренний приказ. Вечером редактор открыл протокол.","Иван, отправь утренний приказ. Вечером редактор открыл протокол.",True,True,False,False,address_comma
baseline,36,address_comma,punctuation,Коллеги исправим свежая сводка. Утром отдел отправил договор.,"Коллеги, исправим свежая сводка. Утром отдел отправил договор.","Коллеги, исправим свежая сводка. Утром отдел отправил договор.",True,True,False,False,address_comma
baseline,37,address_comma,punctuation,Коллеги исправим свежая сводка. Утром отдел отправил договор.,"Коллеги, исправим свежая сводка. Утром отдел отправил договор.","Коллеги, исправим свежая сводка. Утром отдел отправил договор.",True,True,False,False,address_comma
baseline,38,address_comma,punctuation,Коллеги исправим свежая сводка. Утром отдел отправил договор.,"Коллеги, исправим свежая сводка. Утром отдел отправил договор.","Коллеги, исправим свежая сводка. Утром отдел отправил договор.",True,True,False,False,address_comma
baseline,39,address_comma,punctuation,Коллеги исправим свежая сводка. Утром отдел отправил договор.,"Коллеги, исправим свежая сводка. Утром отдел отправил договор.","Коллеги, исправим свежая сводка. Утром отдел отправил договор.",True,True,False,False,address_comma
baseline,40,address_comma,punctuation,Коллеги исправим свежая сводка. Утром отдел отправил договор.,"Коллеги, исправим свежая сводка. Утром отдел отправил договор.","Коллеги, исправим свежая сводка. Утром отдел отправил договор.",True,True,False,False,address_comma
baseline,41,address_comma,punctuation,Коллеги исправим свежая сводка. Утром отдел отправил договор.,"Коллеги, исправим свежая сводка. Утром отдел отправил договор.","Коллеги, исправим свежая сводка. Утром отдел отправил договор.",True,True,False,False,address_comma
baseline,42,address_comma,punctuation,Коллеги исправим согласованный договор. Затем эксперт согласовал список.,"Коллеги, исправим согласованный договор. Затем эксперт согласовал список.","Коллеги, исправим согласованный договор. Затем эксперт согласовал список.",True,True,False,False,address_comma
baseline,43,address_comma,punctuation,Коллеги исправим согласованный договор. Затем эксперт согласовал список.,"Коллеги, исправим согласованный договор. Затем эксперт согласовал список.","Коллеги, исправим согласованный договор. Затем эксперт согласовал список.",True,True,False,False,address_comma
baseline,44,address_comma,punctuation,Коллеги исправим согласованный договор. Затем эксперт согласовал список.,"Коллеги, исправим согласованный договор. Затем эксперт согласовал список.","Коллеги, исправим согласованный договор. Затем эксперт согласовал список.",True,True,False,False,address_comma
baseline,45,address_comma,punctuation,Коллеги исправим согласованный договор. Затем эксперт согласовал список.,"Коллеги, исправим согласованный договор. Затем эксперт согласовал список.","Коллеги, исправим согласованный договор. Затем эксперт согласовал список.",True,True,False,False,address_comma
baseline,46,address_comma,punctuation,Коллеги исправим согласованный договор. Затем эксперт согласовал список.,"Коллеги, исправим согласованный договор. Затем эксперт согласовал список.","Коллеги, исправим согласованный договор. Затем эксперт согласовал список.",True,True,False,False,address_comma
baseline,47,address_comma,punctuation,Коллеги исправим согласованный договор. Затем эксперт согласовал список.,"Коллеги, исправим согласованный договор. Затем эксперт согласовал список.","Коллеги, исправим согласованный договор. Затем эксперт согласовал список.",True,True,False,False,address_comma
baseline,48,address_comma,punctuation,Коллеги проверим закрытая заявка. Вечером юрист сверил договор.,"Коллеги, проверим закрытая заявка. Вечером юрист сверил договор.","Коллеги, проверим закрытая заявка. Вечером юрист сверил договор.",True,True,False,False,address_comma
baseline,49,address_comma,punctuation,Коллеги проверим закрытая заявка. Вечером юрист сверил договор.,"Коллеги, проверим закрытая заявка. Вечером юрист сверил договор.","Коллеги, проверим закрытая заявка. Вечером юрист сверил договор.",True,True,False,False,address_comma
baseline,50,address_comma,punctuation,Коллеги проверим закрытая заявка. Вечером юрист сверил договор.,"Коллеги, проверим закрытая заявка. Вечером юрист сверил договор.","Коллеги, проверим закрытая заявка. Вечером юрист сверил договор.",True,True,False,False,address_comma
baseline,51,address_comma,punctuation,Коллеги проверим закрытая заявка. Вечером юрист сверил договор.,"Коллеги, проверим закрытая заявка. Вечером юрист сверил договор.","Коллеги, проверим закрытая заявка. Вечером юрист сверил договор.",True,True,False,False,address_comma
baseline,52,address_comma,punctuation,Коллеги проверим закрытая заявка. Вечером юрист сверил договор.,"Коллеги, проверим закрытая заявка. Вечером юрист сверил договор.","Коллеги, проверим закрытая заявка. Вечером юрист сверил договор.",True,True,False,False,address_comma
baseline,53,address_comma,punctuation,Коллеги проверим закрытая заявка. Вечером юрист сверил договор.,"Коллеги, проверим закрытая заявка. Вечером юрист сверил договор.","Коллеги, проверим закрытая заявка. Вечером юрист сверил договор.",True,True,False,False,address_comma
baseline,54,address_comma,punctuation,Коллеги проверим короткая заметка. Утром группа закрыла протокол.,"Коллеги, проверим короткая заметка. Утром группа закрыла протокол.","Коллеги, проверим короткая заметка. Утром группа закрыла протокол.",True,True,False,False,address_comma
baseline,55,address_comma,punctuation,Коллеги проверим короткая заметка. Утром группа закрыла протокол.,"Коллеги, проверим короткая заметка. Утром группа закрыла протокол.","Коллеги, проверим короткая заметка. Утром группа закрыла протокол.",True,True,False,False,address_comma
baseline,56,address_comma,punctuation,Коллеги проверим короткая заметка. Утром группа закрыла протокол.,"Коллеги, проверим короткая заметка. Утром группа закрыла протокол.","Коллеги, проверим короткая заметка. Утром группа закрыла протокол.",True,True,False,False,address_comma
baseline,57,address_comma,punctuation,Коллеги проверим короткая заметка. Утром группа закрыла протокол.,"Коллеги, проверим короткая заметка. Утром группа закрыла протокол.","Коллеги, проверим короткая заметка. Утром группа закрыла протокол.",True,True,False,False,address_comma
baseline,58,address_comma,punctuation,Коллеги проверим короткая заметка. Утром группа закрыла протокол.,"Коллеги, проверим короткая заметка. Утром группа закрыла протокол.","Коллеги, проверим короткая заметка. Утром группа закрыла протокол.",True,True,False,False,address_comma
baseline,59,address_comma,punctuation,Коллеги проверим короткая заметка. Утром группа закрыла протокол.,"Коллеги, проверим короткая заметка. Утром группа закрыла протокол.","Коллеги, проверим короткая заметка. Утром группа закрыла протокол.",True,True,False,False,address_comma
baseline,60,address_comma,punctuation,Коллеги проверим новая редакция. Затем отдел сохранил журнал.,"Коллеги, проверим новая редакция. Затем отдел сохранил журнал.","Коллеги, проверим новая редакция. Затем отдел сохранил журнал.",True,True,False,False,address_comma
baseline,61,address_comma,punctuation,Коллеги проверим новая редакция. Затем отдел сохранил журнал.,"Коллеги, проверим новая редакция. Затем отдел сохранил журнал.","Коллеги, проверим новая редакция. Затем отдел сохранил журнал.",True,True,False,False,address_comma
baseline,62,address_comma,punctuation,Коллеги проверим новая редакция. Затем отдел сохранил журнал.,"Коллеги, проверим новая редакция. Затем отдел сохранил журнал.","Коллеги, проверим новая редакция. Затем отдел сохранил журнал.",True,True,False,False,address_comma
baseline,63,address_comma,punctuation,Коллеги проверим новая редакция. Затем отдел сохранил журнал.,"Коллеги, проверим новая редакция. Затем отдел сохранил журнал.","Коллеги, проверим новая редакция. Затем отдел сохранил журнал.",True,True,False,False,address_comma
baseline,64,address_comma,punctuation,Коллеги проверим новая редакция. Затем отдел сохранил журнал.,"Коллеги, проверим новая редакция. Затем отдел сохранил журнал.","Коллеги, проверим новая редакция. Затем отдел сохранил журнал.",True,True,False,False,address_comma
baseline,65,address_comma,punctuation,Коллеги проверим новая редакция. Затем отдел сохранил журнал.,"Коллеги, проверим новая редакция. Затем отдел сохранил журнал.","Коллеги, проверим новая редакция. Затем отдел сохранил журнал.",True,True,False,False,address_comma
baseline,66,address_comma,punctuation,Коллеги проверим плановая встреча. Утром редакция выпустила заметку.,"Коллеги, проверим плановая встреча. Утром редакция выпустила заметку.","Коллеги, проверим плановая встреча. Утром редакция выпустила заметку.",True,True,False,False,address_comma
baseline,67,address_comma,punctuation,Коллеги проверим плановая встреча. Утром редакция выпустила заметку.,"Коллеги, проверим плановая встреча. Утром редакция выпустила заметку.","Коллеги, проверим плановая встреча. Утром редакция выпустила заметку.",True,True,False,False,address_comma
baseline,68,address_comma,punctuation,Коллеги проверим плановая встреча. Утром редакция выпустила заметку.,"Коллеги, проверим плановая встреча. Утром редакция выпустила заметку.","Коллеги, проверим плановая встреча. Утром редакция выпустила заметку.",True,True,False,False,address_comma
baseline,69,address_comma,punctuation,Коллеги проверим плановая встреча. Утром редакция выпустила заметку.,"Коллеги, проверим плановая встреча. Утром редакция выпустила заметку.","Коллеги, проверим плановая встреча. Утром редакция выпустила заметку.",True,True,False,False,address_comma
baseline,70,address_comma,punctuation,Коллеги проверим плановая встреча. Утром редакция выпустила заметку.,"Коллеги, проверим плановая встреча. Утром редакция выпустила заметку.","Коллеги, проверим плановая встреча. Утром редакция выпустила заметку.",True,True,False,False,address_comma
baseline,71,address_comma,punctuation,Коллеги проверим плановая встреча. Утром редакция выпустила заметку.,"Коллеги, проверим плановая встреча. Утром редакция выпустила заметку.","Коллеги, проверим плановая встреча. Утром редакция выпустила заметку.",True,True,False,False,address_comma
baseline,72,address_comma,punctuation,Коллеги проверим плановая встреча. Утром редакция выпустила заметку.,"Коллеги, проверим плановая встреча. Утром редакция выпустила заметку.","Коллеги, проверим плановая встреча. Утром редакция выпустила заметку.",True,True,False,False,address_comma
baseline,73,address_comma,punctuation,Мария посмотри вечерний протокол. Затем группа проверила договор.,"Мария, посмотри вечерний протокол. Затем группа проверила договор.","Мария, посмотри вечерний протокол. Затем группа проверила договор.",True,True,False,False,address_comma
baseline,74,address_comma,punctuation,Мария посмотри вечерний протокол. Затем группа проверила договор.,"Мария, посмотри вечерний протокол. Затем группа проверила договор.","Мария, посмотри вечерний протокол. Затем группа проверила договор.",True,True,False,False,address_comma
baseline,75,address_comma,punctuation,Мария посмотри вечерний протокол. Затем группа проверила договор.,"Мария, посмотри вечерний протокол. Затем группа проверила договор.","Мария, посмотри вечерний протокол. Затем группа проверила договор.",True,True,False,False,address_comma
baseline,76,address_comma,punctuation,Мария посмотри вечерний протокол. Затем группа проверила договор.,"Мария, посмотри вечерний протокол. Затем группа проверила договор.","Мария, посмотри вечерний протокол. Затем группа проверила договор.",True,True,False,False,address_comma
baseline,77,address_comma,punctuation,Мария посмотри вечерний протокол. Затем группа проверила договор.,"Мария, посмотри вечерний протокол. Затем группа проверила договор.","Мария, посмотри вечерний протокол. Затем группа проверила договор.",True,True,False,False,address_comma
baseline,78,address_comma,punctuation,Мария посмотри вечерний протокол. Затем группа проверила договор.,"Мария, посмотри вечерний протокол. Затем группа проверила договор.","Мария, посмотри вечерний протокол. Затем группа проверила договор.",True,True,False,False,address_comma
baseline,79,address_comma,punctuation,Мария посмотри закрытая заявка. Вечером координатор открыл список.,"Мария, посмотри закрытая заявка. Вечером координатор открыл список.","Мария, посмотри закрытая заявка. Вечером координатор открыл список.",True,True,False,False,address_comma
baseline,80,address_comma,punctuation,Мария посмотри закрытая заявка. Вечером координатор открыл список.,"Мария, посмотри закрытая заявка. Вечером координатор открыл список.","Мария, посмотри закрытая заявка. Вечером координатор открыл список.",True,True,False,False,address_comma
baseline,81,address_comma,punctuation,Мария посмотри закрытая заявка. Вечером координатор открыл список.,"Мария, посмотри закрытая заявка. Вечером координатор открыл список.","Мария, посмотри закрытая заявка. Вечером координатор открыл список.",True,True,False,False,address_comma
baseline,82,address_comma,punctuation,Мария посмотри закрытая заявка. Вечером координатор открыл список.,"Мария, посмотри закрытая заявка. Вечером координатор открыл список.","Мария, посмотри закрытая заявка. Вечером координатор открыл список.",True,True,False,False,address_comma
baseline,83,address_comma,punctuation,Мария посмотри закрытая заявка. Вечером координатор открыл список.,"Мария, посмотри закрытая заявка. Вечером координатор открыл список.","Мария, посмотри закрытая заявка. Вечером координатор открыл список.",True,True,False,False,address_comma
baseline,84,address_comma,punctuation,Мария посмотри закрытая заявка. Вечером координатор открыл список.,"Мария, посмотри закрытая заявка. Вечером координатор открыл список.","Мария, посмотри закрытая заявка. Вечером координатор открыл список.",True,True,False,False,address_comma
baseline,85,address_comma,punctuation,Мария посмотри закрытая заявка. Вечером координатор открыл список.,"Мария, посмотри закрытая заявка. Вечером координатор открыл список.","Мария, посмотри закрытая заявка. Вечером координатор открыл список.",True,True,False,False,address_comma
baseline,86,address_comma,punctuation,Мария посмотри новая редакция. Затем редакция согласовала выпуск.,"Мария, посмотри новая редакция. Затем редакция согласовала выпуск.","Мария, посмотри новая редакция. Затем редакция согласовала выпуск.",True,True,False,False,address_comma
baseline,87,address_comma,punctuation,Мария посмотри новая редакция. Затем редакция согласовала выпуск.,"Мария, посмотри новая редакция. Затем редакция согласовала выпуск.","Мария, посмотри новая редакция. Затем редакция согласовала выпуск.",True,True,False,False,address_comma
baseline,88,address_comma,punctuation,Мария посмотри новая редакция. Затем редакция согласовала выпуск.,"Мария, посмотри новая редакция. Затем редакция согласовала выпуск.","Мария, посмотри новая редакция. Затем редакция согласовала выпуск.",True,True,False,False,address_comma
baseline,89,address_comma,punctuation,Мария посмотри новая редакция. Затем редакция согласовала выпуск.,"Мария, посмотри новая редакция. Затем редакция согласовала выпуск.","Мария, посмотри новая редакция. Затем редакция согласовала выпуск.",True,True,False,False,address_comma
baseline,90,address_comma,punctuation,Мария посмотри новая редакция. Затем редакция согласовала выпуск.,"Мария, посмотри новая редакция. Затем редакция согласовала выпуск.","Мария, посмотри новая редакция. Затем редакция согласовала выпуск.",True,True,False,False,address_comma
baseline,91,address_comma,punctuation,Мария посмотри новая редакция. Затем редакция согласовала выпуск.,"Мария, посмотри новая редакция. Затем редакция согласовала выпуск.","Мария, посмотри новая редакция. Затем редакция согласовала выпуск.",True,True,False,False,address_comma
baseline,92,address_comma,punctuation,Мария посмотри точный план. После обеда комиссия уточнила вывод.,"Мария, посмотри точный план. После обеда комиссия уточнила вывод.","Мария, посмотри точный план. После обеда комиссия уточнила вывод.",True,True,False,False,address_comma
baseline,93,address_comma,punctuation,Мария посмотри точный план. После обеда комиссия уточнила вывод.,"Мария, посмотри точный план. После обеда комиссия уточнила вывод.","Мария, посмотри точный план. После обеда комиссия уточнила вывод.",True,True,False,False,address_comma
baseline,94,address_comma,punctuation,Мария посмотри точный план. После обеда комиссия уточнила вывод.,"Мария, посмотри точный план. После обеда комиссия уточнила вывод.","Мария, посмотри точный план. После обеда комиссия уточнила вывод.",True,True,False,False,address_comma
baseline,95,address_comma,punctuation,Мария посмотри точный план. После обеда комиссия уточнила вывод.,"Мария, посмотри точный план. После обеда комиссия уточнила вывод.","Мария, посмотри точный план. После обеда комиссия уточнила вывод.",True,True,False,False,address_comma
baseline,96,address_comma,punctuation,Мария посмотри точный план. После обеда комиссия уточнила вывод.,"Мария, посмотри точный план. После обеда комиссия уточнила вывод.","Мария, посмотри точный план. После обеда комиссия уточнила вывод.",True,True,False,False,address_comma
baseline,97,address_comma,punctuation,Мария посмотри точный план. После обеда комиссия уточнила вывод.,"Мария, посмотри точный план. После обеда комиссия уточнила вывод.","Мария, посмотри точный план. После обеда комиссия уточнила вывод.",True,True,False,False,address_comma
baseline,536,clean_identity,clean_identity,"По сведениям ""Алгоритма"" , закрытие производства в Зеленограде вызвало панику у продавцов компакт-дисков на Митинском рынке и ""Горбушке"".","По сведениям ""Алгоритма"" , закрытие производства в Зеленограде вызвало панику у продавцов компакт-дисков на Митинском рынке и ""Горбушке"".","По сведениям ""Алгоритма"", закрытие производства в Зеленограде вызвало панику у продавцов компакт-дисков на Митинском рынке и ""Горбушке"".",False,False,True,True,
baseline,1186,clean_identity_hard_negative,hard_negative,"По сведениям ""Алгоритма"" , закрытие производства в Зеленограде вызвало панику у продавцов компакт-дисков на Митинском рынке и ""Горбушке"".","По сведениям ""Алгоритма"" , закрытие производства в Зеленограде вызвало панику у продавцов компакт-дисков на Митинском рынке и ""Горбушке"".","По сведениям ""Алгоритма"", закрытие производства в Зеленограде вызвало панику у продавцов компакт-дисков на Митинском рынке и ""Горбушке"".",False,False,True,True,
baseline,1398,comma_conjunction,punctuation,Автор торопился зато городской архив сохранили вовремя. Утром редактор принял отчет.,"Автор торопился, зато городской архив сохранили вовремя. Утром редактор принял отчет.","Автор торопился, зато городской архив сохранили вовремя. Утром редактор принял отчет.",True,True,False,False,comma_conjunction
baseline,1399,comma_conjunction,punctuation,Автор торопился зато городской архив сохранили вовремя. Утром редактор принял отчет.,"Автор торопился, зато городской архив сохранили вовремя. Утром редактор принял отчет.","Автор торопился, зато городской архив сохранили вовремя. Утром редактор принял отчет.",True,True,False,False,comma_conjunction
baseline,1400,comma_conjunction,punctuation,Автор торопился зато городской архив сохранили вовремя. Утром редактор принял отчет.,"Автор торопился, зато городской архив сохранили вовремя. Утром редактор принял отчет.","Автор торопился, зато городской архив сохранили вовремя. Утром редактор принял отчет.",True,True,False,False,comma_conjunction
baseline,1401,comma_conjunction,punctuation,Автор торопился зато городской архив сохранили вовремя. Утром редактор принял отчет.,"Автор торопился, зато городской архив сохранили вовремя. Утром редактор принял отчет.","Автор торопился, зато городской архив сохранили вовремя. Утром редактор принял отчет.",True,True,False,False,comma_conjunction
baseline,1402,comma_conjunction,punctuation,Автор торопился зато городской архив сохранили вовремя. Утром редактор принял отчет.,"Автор торопился, зато городской архив сохранили вовремя. Утром редактор принял отчет.","Автор торопился, зато городской архив сохранили вовремя. Утром редактор принял отчет.",True,True,False,False,comma_conjunction
baseline,1403,comma_conjunction,punctuation,Автор торопился зато городской архив сохранили вовремя. Утром редактор принял отчет.,"Автор торопился, зато городской архив сохранили вовремя. Утром редактор принял отчет.","Автор торопился, зато городской архив сохранили вовремя. Утром редактор принял отчет.",True,True,False,False,comma_conjunction
baseline,1404,comma_conjunction,punctuation,Автор торопился зато новая редакция сохранили вовремя. После проверки руководитель подписал лист.,"Автор торопился, зато новая редакция сохранили вовремя. После проверки руководитель подписал лист.","Автор торопился, зато новая редакция сохранили вовремя. После проверки руководитель подписал лист.",True,True,False,False,comma_conjunction
baseline,1405,comma_conjunction,punctuation,Автор торопился зато новая редакция сохранили вовремя. После проверки руководитель подписал лист.,"Автор торопился, зато новая редакция сохранили вовремя. После проверки руководитель подписал лист.","Автор торопился, зато новая редакция сохранили вовремя. После проверки руководитель подписал лист.",True,True,False,False,comma_conjunction
baseline,1406,comma_conjunction,punctuation,Автор торопился зато новая редакция сохранили вовремя. После проверки руководитель подписал лист.,"Автор торопился, зато новая редакция сохранили вовремя. После проверки руководитель подписал лист.","Автор торопился, зато новая редакция сохранили вовремя. После проверки руководитель подписал лист.",True,True,False,False,comma_conjunction
baseline,1407,comma_conjunction,punctuation,Автор торопился зато новая редакция сохранили вовремя. После проверки руководитель подписал лист.,"Автор торопился, зато новая редакция сохранили вовремя. После проверки руководитель подписал лист.","Автор торопился, зато новая редакция сохранили вовремя. После проверки руководитель подписал лист.",True,True,False,False,comma_conjunction
baseline,1408,comma_conjunction,punctuation,Автор торопился зато новая редакция сохранили вовремя. После проверки руководитель подписал лист.,"Автор торопился, зато новая редакция сохранили вовремя. После проверки руководитель подписал лист.","Автор торопился, зато новая редакция сохранили вовремя. После проверки руководитель подписал лист.",True,True,False,False,comma_conjunction
baseline,1409,comma_conjunction,punctuation,Автор торопился зато новая редакция сохранили вовремя. После проверки руководитель подписал лист.,"Автор торопился, зато новая редакция сохранили вовремя. После проверки руководитель подписал лист.","Автор торопился, зато новая редакция сохранили вовремя. После проверки руководитель подписал лист.",True,True,False,False,comma_conjunction
baseline,1410,comma_conjunction,punctuation,Автор торопился зато новая редакция сохранили вовремя. После проверки руководитель подписал лист.,"Автор торопился, зато новая редакция сохранили вовремя. После проверки руководитель подписал лист.","Автор торопился, зато новая редакция сохранили вовремя. После проверки руководитель подписал лист.",True,True,False,False,comma_conjunction
baseline,1411,comma_conjunction,punctuation,Автор торопился зато новый документ сохранили вовремя. Позже координатор закрыл заявку.,"Автор торопился, зато новый документ сохранили вовремя. Позже координатор закрыл заявку.","Автор торопился, зато новый документ сохранили вовремя. Позже координатор закрыл заявку.",True,True,False,False,comma_conjunction
baseline,1412,comma_conjunction,punctuation,Автор торопился зато новый документ сохранили вовремя. Позже координатор закрыл заявку.,"Автор торопился, зато новый документ сохранили вовремя. Позже координатор закрыл заявку.","Автор торопился, зато новый документ сохранили вовремя. Позже координатор закрыл заявку.",True,True,False,False,comma_conjunction
baseline,1413,comma_conjunction,punctuation,Автор торопился зато новый документ сохранили вовремя. Позже координатор закрыл заявку.,"Автор торопился, зато новый документ сохранили вовремя. Позже координатор закрыл заявку.","Автор торопился, зато новый документ сохранили вовремя. Позже координатор закрыл заявку.",True,True,False,False,comma_conjunction
baseline,1414,comma_conjunction,punctuation,Автор торопился зато новый документ сохранили вовремя. Позже координатор закрыл заявку.,"Автор торопился, зато новый документ сохранили вовремя. Позже координатор закрыл заявку.","Автор торопился, зато новый документ сохранили вовремя. Позже координатор закрыл заявку.",True,True,False,False,comma_conjunction
baseline,1415,comma_conjunction,punctuation,Автор торопился зато новый документ сохранили вовремя. Позже координатор закрыл заявку.,"Автор торопился, зато новый документ сохранили вовремя. Позже координатор закрыл заявку.","Автор торопился, зато новый документ сохранили вовремя. Позже координатор закрыл заявку.",True,True,False,False,comma_conjunction
baseline,1416,comma_conjunction,punctuation,Автор торопился зато новый документ сохранили вовремя. Позже координатор закрыл заявку.,"Автор торопился, зато новый документ сохранили вовремя. Позже координатор закрыл заявку.","Автор торопился, зато новый документ сохранили вовремя. Позже координатор закрыл заявку.",True,True,False,False,comma_conjunction
baseline,1417,comma_conjunction,punctuation,Автор торопился зато новый документ сохранили вовремя. Позже координатор закрыл заявку.,"Автор торопился, зато новый документ сохранили вовремя. Позже координатор закрыл заявку.","Автор торопился, зато новый документ сохранили вовремя. Позже координатор закрыл заявку.",True,True,False,False,comma_conjunction
baseline,1418,comma_conjunction,punctuation,Автор торопился зато новый раздел сохранили вовремя. Позже служба отправила ответ.,"Автор торопился, зато новый раздел сохранили вовремя. Позже служба отправила ответ.","Автор торопился, зато новый раздел сохранили вовремя. Позже служба отправила ответ.",True,True,False,False,comma_conjunction
baseline,1419,comma_conjunction,punctuation,Автор торопился зато новый раздел сохранили вовремя. Позже служба отправила ответ.,"Автор торопился, зато новый раздел сохранили вовремя. Позже служба отправила ответ.","Автор торопился, зато новый раздел сохранили вовремя. Позже служба отправила ответ.",True,True,False,False,comma_conjunction
baseline,1420,comma_conjunction,punctuation,Автор торопился зато новый раздел сохранили вовремя. Позже служба отправила ответ.,"Автор торопился, зато новый раздел сохранили вовремя. Позже служба отправила ответ.","Автор торопился, зато новый раздел сохранили вовремя. Позже служба отправила ответ.",True,True,False,False,comma_conjunction
baseline,1421,comma_conjunction,punctuation,Автор торопился зато новый раздел сохранили вовремя. Позже служба отправила ответ.,"Автор торопился, зато новый раздел сохранили вовремя. Позже служба отправила ответ.","Автор торопился, зато новый раздел сохранили вовремя. Позже служба отправила ответ.",True,True,False,False,comma_conjunction
baseline,1422,comma_conjunction,punctuation,Автор торопился зато новый раздел сохранили вовремя. Позже служба отправила ответ.,"Автор торопился, зато новый раздел сохранили вовремя. Позже служба отправила ответ.","Автор торопился, зато новый раздел сохранили вовремя. Позже служба отправила ответ.",True,True,False,False,comma_conjunction
baseline,1423,comma_conjunction,punctuation,Автор торопился зато новый раздел сохранили вовремя. Позже служба отправила ответ.,"Автор торопился, зато новый раздел сохранили вовремя. Позже служба отправила ответ.","Автор торопился, зато новый раздел сохранили вовремя. Позже служба отправила ответ.",True,True,False,False,comma_conjunction
baseline,1424,comma_conjunction,punctuation,Автор торопился зато новый раздел сохранили вовремя. Позже служба отправила ответ.,"Автор торопился, зато новый раздел сохранили вовремя. Позже служба отправила ответ.","Автор торопился, зато новый раздел сохранили вовремя. Позже служба отправила ответ.",True,True,False,False,comma_conjunction
baseline,1425,comma_conjunction,punctuation,Автор торопился зато общий график сохранили вовремя. Утром аналитик сохранил отчет.,"Автор торопился, зато общий график сохранили вовремя. Утром аналитик сохранил отчет.","Автор торопился, зато общий график сохранили вовремя. Утром аналитик сохранил отчет.",True,True,False,False,comma_conjunction
baseline,1426,comma_conjunction,punctuation,Автор торопился зато общий график сохранили вовремя. Утром аналитик сохранил отчет.,"Автор торопился, зато общий график сохранили вовремя. Утром аналитик сохранил отчет.","Автор торопился, зато общий график сохранили вовремя. Утром аналитик сохранил отчет.",True,True,False,False,comma_conjunction
baseline,1427,comma_conjunction,punctuation,Автор торопился зато общий график сохранили вовремя. Утром аналитик сохранил отчет.,"Автор торопился, зато общий график сохранили вовремя. Утром аналитик сохранил отчет.","Автор торопился, зато общий график сохранили вовремя. Утром аналитик сохранил отчет.",True,True,False,False,comma_conjunction
baseline,1428,comma_conjunction,punctuation,Автор торопился зато общий график сохранили вовремя. Утром аналитик сохранил отчет.,"Автор торопился, зато общий график сохранили вовремя. Утром аналитик сохранил отчет.","Автор торопился, зато общий график сохранили вовремя. Утром аналитик сохранил отчет.",True,True,False,False,comma_conjunction
baseline,1429,comma_conjunction,punctuation,Автор торопился зато общий график сохранили вовремя. Утром аналитик сохранил отчет.,"Автор торопился, зато общий график сохранили вовремя. Утром аналитик сохранил отчет.","Автор торопился, зато общий график сохранили вовремя. Утром аналитик сохранил отчет.",True,True,False,False,comma_conjunction
baseline,1430,comma_conjunction,punctuation,Автор торопился зато общий график сохранили вовремя. Утром аналитик сохранил отчет.,"Автор торопился, зато общий график сохранили вовремя. Утром аналитик сохранил отчет.","Автор торопился, зато общий график сохранили вовремя. Утром аналитик сохранил отчет.",True,True,False,False,comma_conjunction
baseline,1431,comma_conjunction,punctuation,Автор торопился зато общий график сохранили вовремя. Утром аналитик сохранил отчет.,"Автор торопился, зато общий график сохранили вовремя. Утром аналитик сохранил отчет.","Автор торопился, зато общий график сохранили вовремя. Утром аналитик сохранил отчет.",True,True,False,False,comma_conjunction
baseline,1432,comma_conjunction,punctuation,Автор торопился зато плановая встреча сохранили вовремя. Затем координатор сверил журнал.,"Автор торопился, зато плановая встреча сохранили вовремя. Затем координатор сверил журнал.","Автор торопился, зато плановая встреча сохранили вовремя. Затем координатор сверил журнал.",True,True,False,False,comma_conjunction
baseline,1433,comma_conjunction,punctuation,Автор торопился зато плановая встреча сохранили вовремя. Затем координатор сверил журнал.,"Автор торопился, зато плановая встреча сохранили вовремя. Затем координатор сверил журнал.","Автор торопился, зато плановая встреча сохранили вовремя. Затем координатор сверил журнал.",True,True,False,False,comma_conjunction
baseline,1434,comma_conjunction,punctuation,Автор торопился зато плановая встреча сохранили вовремя. Затем координатор сверил журнал.,"Автор торопился, зато плановая встреча сохранили вовремя. Затем координатор сверил журнал.","Автор торопился, зато плановая встреча сохранили вовремя. Затем координатор сверил журнал.",True,True,False,False,comma_conjunction
baseline,1435,comma_conjunction,punctuation,Автор торопился зато плановая встреча сохранили вовремя. Затем координатор сверил журнал.,"Автор торопился, зато плановая встреча сохранили вовремя. Затем координатор сверил журнал.","Автор торопился, зато плановая встреча сохранили вовремя. Затем координатор сверил журнал.",True,True,False,False,comma_conjunction
baseline,1436,comma_conjunction,punctuation,Автор торопился зато плановая встреча сохранили вовремя. Затем координатор сверил журнал.,"Автор торопился, зато плановая встреча сохранили вовремя. Затем координатор сверил журнал.","Автор торопился, зато плановая встреча сохранили вовремя. Затем координатор сверил журнал.",True,True,False,False,comma_conjunction
baseline,1437,comma_conjunction,punctuation,Автор торопился зато плановая встреча сохранили вовремя. Затем координатор сверил журнал.,"Автор торопился, зато плановая встреча сохранили вовремя. Затем координатор сверил журнал.","Автор торопился, зато плановая встреча сохранили вовремя. Затем координатор сверил журнал.",True,True,False,False,comma_conjunction
baseline,1438,comma_conjunction,punctuation,Автор торопился зато свежая сводка сохранили вовремя. Утром юрист сохранил справку.,"Автор торопился, зато свежая сводка сохранили вовремя. Утром юрист сохранил справку.","Автор торопился, зато свежая сводка сохранили вовремя. Утром юрист сохранил справку.",True,True,False,False,comma_conjunction
baseline,1439,comma_conjunction,punctuation,Автор торопился зато свежая сводка сохранили вовремя. Утром юрист сохранил справку.,"Автор торопился, зато свежая сводка сохранили вовремя. Утром юрист сохранил справку.","Автор торопился, зато свежая сводка сохранили вовремя. Утром юрист сохранил справку.",True,True,False,False,comma_conjunction
baseline,1440,comma_conjunction,punctuation,Автор торопился зато свежая сводка сохранили вовремя. Утром юрист сохранил справку.,"Автор торопился, зато свежая сводка сохранили вовремя. Утром юрист сохранил справку.","Автор торопился, зато свежая сводка сохранили вовремя. Утром юрист сохранил справку.",True,True,False,False,comma_conjunction
baseline,1441,comma_conjunction,punctuation,Автор торопился зато свежая сводка сохранили вовремя. Утром юрист сохранил справку.,"Автор торопился, зато свежая сводка сохранили вовремя. Утром юрист сохранил справку.","Автор торопился, зато свежая сводка сохранили вовремя. Утром юрист сохранил справку.",True,True,False,False,comma_conjunction
baseline,1442,comma_conjunction,punctuation,Автор торопился зато свежая сводка сохранили вовремя. Утром юрист сохранил справку.,"Автор торопился, зато свежая сводка сохранили вовремя. Утром юрист сохранил справку.","Автор торопился, зато свежая сводка сохранили вовремя. Утром юрист сохранил справку.",True,True,False,False,comma_conjunction
baseline,1443,comma_conjunction,punctuation,Автор торопился зато свежая сводка сохранили вовремя. Утром юрист сохранил справку.,"Автор торопился, зато свежая сводка сохранили вовремя. Утром юрист сохранил справку.","Автор торопился, зато свежая сводка сохранили вовремя. Утром юрист сохранил справку.",True,True,False,False,comma_conjunction
baseline,1444,comma_conjunction,punctuation,Автор торопился зато учебная таблица сохранили вовремя. Вечером архивариус нашел копию.,"Автор торопился, зато учебная таблица сохранили вовремя. Вечером архивариус нашел копию.","Автор торопился, зато учебная таблица сохранили вовремя. Вечером архивариус нашел копию.",True,True,False,False,comma_conjunction
baseline,1445,comma_conjunction,punctuation,Автор торопился зато учебная таблица сохранили вовремя. Вечером архивариус нашел копию.,"Автор торопился, зато учебная таблица сохранили вовремя. Вечером архивариус нашел копию.","Автор торопился, зато учебная таблица сохранили вовремя. Вечером архивариус нашел копию.",True,True,False,False,comma_conjunction
baseline,1446,comma_conjunction,punctuation,Автор торопился зато учебная таблица сохранили вовремя. Вечером архивариус нашел копию.,"Автор торопился, зато учебная таблица сохранили вовремя. Вечером архивариус нашел копию.","Автор торопился, зато учебная таблица сохранили вовремя. Вечером архивариус нашел копию.",True,True,False,False,comma_conjunction
baseline,1447,comma_conjunction,punctuation,Автор торопился зато учебная таблица сохранили вовремя. Вечером архивариус нашел копию.,"Автор торопился, зато учебная таблица сохранили вовремя. Вечером архивариус нашел копию.","Автор торопился, зато учебная таблица сохранили вовремя. Вечером архивариус нашел копию.",True,True,False,False,comma_conjunction
baseline,1448,comma_conjunction,punctuation,Автор торопился зато учебная таблица сохранили вовремя. Вечером архивариус нашел копию.,"Автор торопился, зато учебная таблица сохранили вовремя. Вечером архивариус нашел копию.","Автор торопился, зато учебная таблица сохранили вовремя. Вечером архивариус нашел копию.",True,True,False,False,comma_conjunction
baseline,1449,comma_conjunction,punctuation,Автор торопился зато учебная таблица сохранили вовремя. Вечером архивариус нашел копию.,"Автор торопился, зато учебная таблица сохранили вовремя. Вечером архивариус нашел копию.","Автор торопился, зато учебная таблица сохранили вовремя. Вечером архивариус нашел копию.",True,True,False,False,comma_conjunction
baseline,1457,comma_conjunction,punctuation,План простой зато надежный. Позже редакция открыла архив.,"План простой, зато надежный. Позже редакция открыла архив.","План простой, зато надежный. Позже редакция открыла архив.",True,True,False,False,comma_conjunction
baseline,1458,comma_conjunction,punctuation,План простой зато надежный. Позже редакция открыла архив.,"План простой, зато надежный. Позже редакция открыла архив.","План простой, зато надежный. Позже редакция открыла архив.",True,True,False,False,comma_conjunction
baseline,1459,comma_conjunction,punctuation,План простой зато надежный. Позже редакция открыла архив.,"План простой, зато надежный. Позже редакция открыла архив.","План простой, зато надежный. Позже редакция открыла архив.",True,True,False,False,comma_conjunction
baseline,1460,comma_conjunction,punctuation,План простой зато надежный. Позже редакция открыла архив.,"План простой, зато надежный. Позже редакция открыла архив.","План простой, зато надежный. Позже редакция открыла архив.",True,True,False,False,comma_conjunction
baseline,1461,comma_conjunction,punctuation,План простой зато надежный. Позже редакция открыла архив.,"План простой, зато надежный. Позже редакция открыла архив.","План простой, зато надежный. Позже редакция открыла архив.",True,True,False,False,comma_conjunction
baseline,1462,comma_conjunction,punctuation,План простой зато надежный. Позже редакция открыла архив.,"План простой, зато надежный. Позже редакция открыла архив.","План простой, зато надежный. Позже редакция открыла архив.",True,True,False,False,comma_conjunction
baseline,1463,comma_conjunction,punctuation,План простой зато надежный. Позже редакция открыла архив.,"План простой, зато надежный. Позже редакция открыла архив.","План простой, зато надежный. Позже редакция открыла архив.",True,True,False,False,comma_conjunction
baseline,1464,comma_conjunction,punctuation,План простой зато надежный. После обеда редактор принял письмо.,"План простой, зато надежный. После обеда редактор принял письмо.","План простой, зато надежный. После обеда редактор принял письмо.",True,True,False,False,comma_conjunction
baseline,1465,comma_conjunction,punctuation,План простой зато надежный. После обеда редактор принял письмо.,"План простой, зато надежный. После обеда редактор принял письмо.","План простой, зато надежный. После обеда редактор принял письмо.",True,True,False,False,comma_conjunction
baseline,1466,comma_conjunction,punctuation,План простой зато надежный. После обеда редактор принял письмо.,"План простой, зато надежный. После обеда редактор принял письмо.","План простой, зато надежный. После обеда редактор принял письмо.",True,True,False,False,comma_conjunction
baseline,1467,comma_conjunction,punctuation,План простой зато надежный. После обеда редактор принял письмо.,"План простой, зато надежный. После обеда редактор принял письмо.","План простой, зато надежный. После обеда редактор принял письмо.",True,True,False,False,comma_conjunction
baseline,1468,comma_conjunction,punctuation,План простой зато надежный. После обеда редактор принял письмо.,"План простой, зато надежный. После обеда редактор принял письмо.","План простой, зато надежный. После обеда редактор принял письмо.",True,True,False,False,comma_conjunction
baseline,1469,comma_conjunction,punctuation,План простой зато надежный. После обеда редактор принял письмо.,"План простой, зато надежный. После обеда редактор принял письмо.","План простой, зато надежный. После обеда редактор принял письмо.",True,True,False,False,comma_conjunction
baseline,1470,comma_subordinate,punctuation,Команда решила что важная подпись нужно проверить. После проверки автор отправил отчет.,"Команда решила, что важная подпись нужно проверить. После проверки автор отправил отчет.","Команда решила, что важная подпись нужно проверить. После проверки автор отправил отчет.",True,True,False,False,comma_subordinate
baseline,1471,comma_subordinate,punctuation,Команда решила что важная подпись нужно проверить. После проверки автор отправил отчет.,"Команда решила, что важная подпись нужно проверить. После проверки автор отправил отчет.","Команда решила, что важная подпись нужно проверить. После проверки автор отправил отчет.",True,True,False,False,comma_subordinate
baseline,1472,comma_subordinate,punctuation,Команда решила что важная подпись нужно проверить. После проверки автор отправил отчет.,"Команда решила, что важная подпись нужно проверить. После проверки автор отправил отчет.","Команда решила, что важная подпись нужно проверить. После проверки автор отправил отчет.",True,True,False,False,comma_subordinate
baseline,1473,comma_subordinate,punctuation,Команда решила что важная подпись нужно проверить. После проверки автор отправил отчет.,"Команда решила, что важная подпись нужно проверить. После проверки автор отправил отчет.","Команда решила, что важная подпись нужно проверить. После проверки автор отправил отчет.",True,True,False,False,comma_subordinate
baseline,1474,comma_subordinate,punctuation,Команда решила что важная подпись нужно проверить. После проверки автор отправил отчет.,"Команда решила, что важная подпись нужно проверить. После проверки автор отправил отчет.","Команда решила, что важная подпись нужно проверить. После проверки автор отправил отчет.",True,True,False,False,comma_subordinate
baseline,1475,comma_subordinate,punctuation,Команда решила что важная подпись нужно проверить. После проверки автор отправил отчет.,"Команда решила, что важная подпись нужно проверить. После проверки автор отправил отчет.","Команда решила, что важная подпись нужно проверить. После проверки автор отправил отчет.",True,True,False,False,comma_subordinate
baseline,1476,comma_subordinate,punctuation,Мы проверили что архивная запись открыт для правок. Утром автор исправил дату.,"Мы проверили, что архивная запись открыт для правок. Утром автор исправил дату.","Мы проверили, что архивная запись открыт для правок. Утром автор исправил дату.",True,True,False,False,comma_subordinate
baseline,1477,comma_subordinate,punctuation,Мы проверили что архивная запись открыт для правок. Утром автор исправил дату.,"Мы проверили, что архивная запись открыт для правок. Утром автор исправил дату.","Мы проверили, что архивная запись открыт для правок. Утром автор исправил дату.",True,True,False,False,comma_subordinate
baseline,1478,comma_subordinate,punctuation,Мы проверили что архивная запись открыт для правок. Утром автор исправил дату.,"Мы проверили, что архивная запись открыт для правок. Утром автор исправил дату.","Мы проверили, что архивная запись открыт для правок. Утром автор исправил дату.",True,True,False,False,comma_subordinate
baseline,1479,comma_subordinate,punctuation,Мы проверили что архивная запись открыт для правок. Утром автор исправил дату.,"Мы проверили, что архивная запись открыт для правок. Утром автор исправил дату.","Мы проверили, что архивная запись открыт для правок. Утром автор исправил дату.",True,True,False,False,comma_subordinate
baseline,1480,comma_subordinate,punctuation,Мы проверили что архивная запись открыт для правок. Утром автор исправил дату.,"Мы проверили, что архивная запись открыт для правок. Утром автор исправил дату.","Мы проверили, что архивная запись открыт для правок. Утром автор исправил дату.",True,True,False,False,comma_subordinate
baseline,1481,comma_subordinate,punctuation,Мы проверили что архивная запись открыт для правок. Утром автор исправил дату.,"Мы проверили, что архивная запись открыт для правок. Утром автор исправил дату.","Мы проверили, что архивная запись открыт для правок. Утром автор исправил дату.",True,True,False,False,comma_subordinate
baseline,1482,comma_subordinate,punctuation,Мы проверили что городская служба открыт для правок. Позже группа сохранила папку.,"Мы проверили, что городская служба открыт для правок. Позже группа сохранила папку.","Мы проверили, что городская служба открыт для правок. Позже группа сохранила папку.",True,True,False,False,comma_subordinate
baseline,1483,comma_subordinate,punctuation,Мы проверили что городская служба открыт для правок. Позже группа сохранила папку.,"Мы проверили, что городская служба открыт для правок. Позже группа сохранила папку.","Мы проверили, что городская служба открыт для правок. Позже группа сохранила папку.",True,True,False,False,comma_subordinate
baseline,1484,comma_subordinate,punctuation,Мы проверили что городская служба открыт для правок. Позже группа сохранила папку.,"Мы проверили, что городская служба открыт для правок. Позже группа сохранила папку.","Мы проверили, что городская служба открыт для правок. Позже группа сохранила папку.",True,True,False,False,comma_subordinate
baseline,1485,comma_subordinate,punctuation,Мы проверили что городская служба открыт для правок. Позже группа сохранила папку.,"Мы проверили, что городская служба открыт для правок. Позже группа сохранила папку.","Мы проверили, что городская служба открыт для правок. Позже группа сохранила папку.",True,True,False,False,comma_subordinate
baseline,1486,comma_subordinate,punctuation,Мы проверили что городская служба открыт для правок. Позже группа сохранила папку.,"Мы проверили, что городская служба открыт для правок. Позже группа сохранила папку.","Мы проверили, что городская служба открыт для правок. Позже группа сохранила папку.",True,True,False,False,comma_subordinate
baseline,1487,comma_subordinate,punctuation,Мы проверили что городская служба открыт для правок. Позже группа сохранила папку.,"Мы проверили, что городская служба открыт для правок. Позже группа сохранила папку.","Мы проверили, что городская служба открыт для правок. Позже группа сохранила папку.",True,True,False,False,comma_subordinate
baseline,1488,comma_subordinate,punctuation,Мы проверили что городская служба открыт для правок. Позже группа сохранила папку.,"Мы проверили, что городская служба открыт для правок. Позже группа сохранила папку.","Мы проверили, что городская служба открыт для правок. Позже группа сохранила папку.",True,True,False,False,comma_subordinate
baseline,1489,comma_subordinate,punctuation,Мы проверили что осенняя проверка открыт для правок. Вечером служба обновила список.,"Мы проверили, что осенняя проверка открыт для правок. Вечером служба обновила список.","Мы проверили, что осенняя проверка открыт для правок. Вечером служба обновила список.",True,True,False,False,comma_subordinate
baseline,1490,comma_subordinate,punctuation,Мы проверили что осенняя проверка открыт для правок. Вечером служба обновила список.,"Мы проверили, что осенняя проверка открыт для правок. Вечером служба обновила список.","Мы проверили, что осенняя проверка открыт для правок. Вечером служба обновила список.",True,True,False,False,comma_subordinate
baseline,1491,comma_subordinate,punctuation,Мы проверили что осенняя проверка открыт для правок. Вечером служба обновила список.,"Мы проверили, что осенняя проверка открыт для правок. Вечером служба обновила список.","Мы проверили, что осенняя проверка открыт для правок. Вечером служба обновила список.",True,True,False,False,comma_subordinate
baseline,1492,comma_subordinate,punctuation,Мы проверили что осенняя проверка открыт для правок. Вечером служба обновила список.,"Мы проверили, что осенняя проверка открыт для правок. Вечером служба обновила список.","Мы проверили, что осенняя проверка открыт для правок. Вечером служба обновила список.",True,True,False,False,comma_subordinate
baseline,1493,comma_subordinate,punctuation,Мы проверили что осенняя проверка открыт для правок. Вечером служба обновила список.,"Мы проверили, что осенняя проверка открыт для правок. Вечером служба обновила список.","Мы проверили, что осенняя проверка открыт для правок. Вечером служба обновила список.",True,True,False,False,comma_subordinate
baseline,1494,comma_subordinate,punctuation,Мы проверили что осенняя проверка открыт для правок. Вечером служба обновила список.,"Мы проверили, что осенняя проверка открыт для правок. Вечером служба обновила список.","Мы проверили, что осенняя проверка открыт для правок. Вечером служба обновила список.",True,True,False,False,comma_subordinate
baseline,1495,comma_subordinate,punctuation,Мы проверили что проверенный файл открыт для правок. Позже редакция открыла архив.,"Мы проверили, что проверенный файл открыт для правок. Позже редакция открыла архив.","Мы проверили, что проверенный файл открыт для правок. Позже редакция открыла архив.",True,True,False,False,comma_subordinate
baseline,1496,comma_subordinate,punctuation,Мы проверили что проверенный файл открыт для правок. Позже редакция открыла архив.,"Мы проверили, что проверенный файл открыт для правок. Позже редакция открыла архив.","Мы проверили, что проверенный файл открыт для правок. Позже редакция открыла архив.",True,True,False,False,comma_subordinate
baseline,1497,comma_subordinate,punctuation,Мы проверили что проверенный файл открыт для правок. Позже редакция открыла архив.,"Мы проверили, что проверенный файл открыт для правок. Позже редакция открыла архив.","Мы проверили, что проверенный файл открыт для правок. Позже редакция открыла архив.",True,True,False,False,comma_subordinate
baseline,1498,comma_subordinate,punctuation,Мы проверили что проверенный файл открыт для правок. Позже редакция открыла архив.,"Мы проверили, что проверенный файл открыт для правок. Позже редакция открыла архив.","Мы проверили, что проверенный файл открыт для правок. Позже редакция открыла архив.",True,True,False,False,comma_subordinate
baseline,1499,comma_subordinate,punctuation,Мы проверили что проверенный файл открыт для правок. Позже редакция открыла архив.,"Мы проверили, что проверенный файл открыт для правок. Позже редакция открыла архив.","Мы проверили, что проверенный файл открыт для правок. Позже редакция открыла архив.",True,True,False,False,comma_subordinate
baseline,1500,comma_subordinate,punctuation,Мы проверили что проверенный файл открыт для правок. Позже редакция открыла архив.,"Мы проверили, что проверенный файл открыт для правок. Позже редакция открыла архив.","Мы проверили, что проверенный файл открыт для правок. Позже редакция открыла архив.",True,True,False,False,comma_subordinate
baseline,1501,comma_subordinate,punctuation,Он объяснил что рабочий отчет задержали ненадолго. Затем группа сверила подписи.,"Он объяснил, что рабочий отчет задержали ненадолго. Затем группа сверила подписи.","Он объяснил, что рабочий отчет задержали ненадолго. Затем группа сверила подписи.",True,True,False,False,comma_subordinate
baseline,1502,comma_subordinate,punctuation,Он объяснил что рабочий отчет задержали ненадолго. Затем группа сверила подписи.,"Он объяснил, что рабочий отчет задержали ненадолго. Затем группа сверила подписи.","Он объяснил, что рабочий отчет задержали ненадолго. Затем группа сверила подписи.",True,True,False,False,comma_subordinate
baseline,1503,comma_subordinate,punctuation,Он объяснил что рабочий отчет задержали ненадолго. Затем группа сверила подписи.,"Он объяснил, что рабочий отчет задержали ненадолго. Затем группа сверила подписи.","Он объяснил, что рабочий отчет задержали ненадолго. Затем группа сверила подписи.",True,True,False,False,comma_subordinate
baseline,1504,comma_subordinate,punctuation,Он объяснил что рабочий отчет задержали ненадолго. Затем группа сверила подписи.,"Он объяснил, что рабочий отчет задержали ненадолго. Затем группа сверила подписи.","Он объяснил, что рабочий отчет задержали ненадолго. Затем группа сверила подписи.",True,True,False,False,comma_subordinate
baseline,1505,comma_subordinate,punctuation,Он объяснил что рабочий отчет задержали ненадолго. Затем группа сверила подписи.,"Он объяснил, что рабочий отчет задержали ненадолго. Затем группа сверила подписи.","Он объяснил, что рабочий отчет задержали ненадолго. Затем группа сверила подписи.",True,True,False,False,comma_subordinate
baseline,1506,comma_subordinate,punctuation,Он объяснил что рабочий отчет задержали ненадолго. Затем группа сверила подписи.,"Он объяснил, что рабочий отчет задержали ненадолго. Затем группа сверила подписи.","Он объяснил, что рабочий отчет задержали ненадолго. Затем группа сверила подписи.",True,True,False,False,comma_subordinate
baseline,1507,comma_subordinate,punctuation,Отчет задержали потому что вечерний протокол вернули позже. Позже группа обсудила договор.,"Отчет задержали, потому что вечерний протокол вернули позже. Позже группа обсудила договор.","Отчет задержали, потому что вечерний протокол вернули позже. Позже группа обсудила договор.",True,True,False,False,comma_subordinate
baseline,1508,comma_subordinate,punctuation,Отчет задержали потому что вечерний протокол вернули позже. Позже группа обсудила договор.,"Отчет задержали, потому что вечерний протокол вернули позже. Позже группа обсудила договор.","Отчет задержали, потому что вечерний протокол вернули позже. Позже группа обсудила договор.",True,True,False,False,comma_subordinate
baseline,1509,comma_subordinate,punctuation,Отчет задержали потому что вечерний протокол вернули позже. Позже группа обсудила договор.,"Отчет задержали, потому что вечерний протокол вернули позже. Позже группа обсудила договор.","Отчет задержали, потому что вечерний протокол вернули позже. Позже группа обсудила договор.",True,True,False,False,comma_subordinate
baseline,1510,comma_subordinate,punctuation,Отчет задержали потому что вечерний протокол вернули позже. Позже группа обсудила договор.,"Отчет задержали, потому что вечерний протокол вернули позже. Позже группа обсудила договор.","Отчет задержали, потому что вечерний протокол вернули позже. Позже группа обсудила договор.",True,True,False,False,comma_subordinate
baseline,1511,comma_subordinate,punctuation,Отчет задержали потому что вечерний протокол вернули позже. Позже группа обсудила договор.,"Отчет задержали, потому что вечерний протокол вернули позже. Позже группа обсудила договор.","Отчет задержали, потому что вечерний протокол вернули позже. Позже группа обсудила договор.",True,True,False,False,comma_subordinate
baseline,1512,comma_subordinate,punctuation,Отчет задержали потому что вечерний протокол вернули позже. Позже группа обсудила договор.,"Отчет задержали, потому что вечерний протокол вернули позже. Позже группа обсудила договор.","Отчет задержали, потому что вечерний протокол вернули позже. Позже группа обсудила договор.",True,True,False,False,comma_subordinate
baseline,1513,comma_subordinate,punctuation,Отчет задержали потому что короткая заметка вернули позже. Затем координатор сверил журнал.,"Отчет задержали, потому что короткая заметка вернули позже. Затем координатор сверил журнал.","Отчет задержали, потому что короткая заметка вернули позже. Затем координатор сверил журнал.",True,True,False,False,comma_subordinate
baseline,1514,comma_subordinate,punctuation,Отчет задержали потому что короткая заметка вернули позже. Затем координатор сверил журнал.,"Отчет задержали, потому что короткая заметка вернули позже. Затем координатор сверил журнал.","Отчет задержали, потому что короткая заметка вернули позже. Затем координатор сверил журнал.",True,True,False,False,comma_subordinate
baseline,1515,comma_subordinate,punctuation,Отчет задержали потому что короткая заметка вернули позже. Затем координатор сверил журнал.,"Отчет задержали, потому что короткая заметка вернули позже. Затем координатор сверил журнал.","Отчет задержали, потому что короткая заметка вернули позже. Затем координатор сверил журнал.",True,True,False,False,comma_subordinate
baseline,1516,comma_subordinate,punctuation,Отчет задержали потому что короткая заметка вернули позже. Затем координатор сверил журнал.,"Отчет задержали, потому что короткая заметка вернули позже. Затем координатор сверил журнал.","Отчет задержали, потому что короткая заметка вернули позже. Затем координатор сверил журнал.",True,True,False,False,comma_subordinate
baseline,1517,comma_subordinate,punctuation,Отчет задержали потому что короткая заметка вернули позже. Затем координатор сверил журнал.,"Отчет задержали, потому что короткая заметка вернули позже. Затем координатор сверил журнал.","Отчет задержали, потому что короткая заметка вернули позже. Затем координатор сверил журнал.",True,True,False,False,comma_subordinate
baseline,1518,comma_subordinate,punctuation,Отчет задержали потому что короткая заметка вернули позже. Затем координатор сверил журнал.,"Отчет задержали, потому что короткая заметка вернули позже. Затем координатор сверил журнал.","Отчет задержали, потому что короткая заметка вернули позже. Затем координатор сверил журнал.",True,True,False,False,comma_subordinate
baseline,1519,comma_subordinate,punctuation,Отчет задержали потому что короткая заметка вернули позже. Затем координатор сверил журнал.,"Отчет задержали, потому что короткая заметка вернули позже. Затем координатор сверил журнал.","Отчет задержали, потому что короткая заметка вернули позже. Затем координатор сверил журнал.",True,True,False,False,comma_subordinate
baseline,1520,comma_subordinate,punctuation,Отчет задержали потому что плановая встреча вернули позже. Вечером редактор открыл протокол.,"Отчет задержали, потому что плановая встреча вернули позже. Вечером редактор открыл протокол.","Отчет задержали, потому что плановая встреча вернули позже. Вечером редактор открыл протокол.",True,True,False,False,comma_subordinate
baseline,1521,comma_subordinate,punctuation,Отчет задержали потому что плановая встреча вернули позже. Вечером редактор открыл протокол.,"Отчет задержали, потому что плановая встреча вернули позже. Вечером редактор открыл протокол.","Отчет задержали, потому что плановая встреча вернули позже. Вечером редактор открыл протокол.",True,True,False,False,comma_subordinate
baseline,1522,comma_subordinate,punctuation,Отчет задержали потому что плановая встреча вернули позже. Вечером редактор открыл протокол.,"Отчет задержали, потому что плановая встреча вернули позже. Вечером редактор открыл протокол.","Отчет задержали, потому что плановая встреча вернули позже. Вечером редактор открыл протокол.",True,True,False,False,comma_subordinate
baseline,1523,comma_subordinate,punctuation,Отчет задержали потому что плановая встреча вернули позже. Вечером редактор открыл протокол.,"Отчет задержали, потому что плановая встреча вернули позже. Вечером редактор открыл протокол.","Отчет задержали, потому что плановая встреча вернули позже. Вечером редактор открыл протокол.",True,True,False,False,comma_subordinate
baseline,1524,comma_subordinate,punctuation,Отчет задержали потому что плановая встреча вернули позже. Вечером редактор открыл протокол.,"Отчет задержали, потому что плановая встреча вернули позже. Вечером редактор открыл протокол.","Отчет задержали, потому что плановая встреча вернули позже. Вечером редактор открыл протокол.",True,True,False,False,comma_subordinate
baseline,1525,comma_subordinate,punctuation,Отчет задержали потому что плановая встреча вернули позже. Вечером редактор открыл протокол.,"Отчет задержали, потому что плановая встреча вернули позже. Вечером редактор открыл протокол.","Отчет задержали, потому что плановая встреча вернули позже. Вечером редактор открыл протокол.",True,True,False,False,comma_subordinate
baseline,1526,comma_subordinate,punctuation,Отчет задержали потому что рабочая группа вернули позже. Позже автор проверил подпись.,"Отчет задержали, потому что рабочая группа вернули позже. Позже автор проверил подпись.","Отчет задержали, потому что рабочая группа вернули позже. Позже автор проверил подпись.",True,True,False,False,comma_subordinate
baseline,1527,comma_subordinate,punctuation,Отчет задержали потому что рабочая группа вернули позже. Позже автор проверил подпись.,"Отчет задержали, потому что рабочая группа вернули позже. Позже автор проверил подпись.","Отчет задержали, потому что рабочая группа вернули позже. Позже автор проверил подпись.",True,True,False,False,comma_subordinate
baseline,1528,comma_subordinate,punctuation,Отчет задержали потому что рабочая группа вернули позже. Позже автор проверил подпись.,"Отчет задержали, потому что рабочая группа вернули позже. Позже автор проверил подпись.","Отчет задержали, потому что рабочая группа вернули позже. Позже автор проверил подпись.",True,True,False,False,comma_subordinate
baseline,1529,comma_subordinate,punctuation,Отчет задержали потому что рабочая группа вернули позже. Позже автор проверил подпись.,"Отчет задержали, потому что рабочая группа вернули позже. Позже автор проверил подпись.","Отчет задержали, потому что рабочая группа вернули позже. Позже автор проверил подпись.",True,True,False,False,comma_subordinate
baseline,1530,comma_subordinate,punctuation,Отчет задержали потому что рабочая группа вернули позже. Позже автор проверил подпись.,"Отчет задержали, потому что рабочая группа вернули позже. Позже автор проверил подпись.","Отчет задержали, потому что рабочая группа вернули позже. Позже автор проверил подпись.",True,True,False,False,comma_subordinate
baseline,1531,comma_subordinate,punctuation,Отчет задержали потому что рабочая группа вернули позже. Позже автор проверил подпись.,"Отчет задержали, потому что рабочая группа вернули позже. Позже автор проверил подпись.","Отчет задержали, потому что рабочая группа вернули позже. Позже автор проверил подпись.",True,True,False,False,comma_subordinate
baseline,1532,comma_subordinate,punctuation,Проект готов потому что важный договор уже согласован. Позже редактор сверил список.,"Проект готов, потому что важный договор уже согласован. Позже редактор сверил список.","Проект готов, потому что важный договор уже согласован. Позже редактор сверил список.",True,True,False,False,comma_subordinate
baseline,1533,comma_subordinate,punctuation,Проект готов потому что важный договор уже согласован. Позже редактор сверил список.,"Проект готов, потому что важный договор уже согласован. Позже редактор сверил список.","Проект готов, потому что важный договор уже согласован. Позже редактор сверил список.",True,True,False,False,comma_subordinate
baseline,1534,comma_subordinate,punctuation,Проект готов потому что важный договор уже согласован. Позже редактор сверил список.,"Проект готов, потому что важный договор уже согласован. Позже редактор сверил список.","Проект готов, потому что важный договор уже согласован. Позже редактор сверил список.",True,True,False,False,comma_subordinate
baseline,1535,comma_subordinate,punctuation,Проект готов потому что важный договор уже согласован. Позже редактор сверил список.,"Проект готов, потому что важный договор уже согласован. Позже редактор сверил список.","Проект готов, потому что важный договор уже согласован. Позже редактор сверил список.",True,True,False,False,comma_subordinate
baseline,1536,comma_subordinate,punctuation,Проект готов потому что важный договор уже согласован. Позже редактор сверил список.,"Проект готов, потому что важный договор уже согласован. Позже редактор сверил список.","Проект готов, потому что важный договор уже согласован. Позже редактор сверил список.",True,True,False,False,comma_subordinate
baseline,1537,comma_subordinate,punctuation,Проект готов потому что важный договор уже согласован. Позже редактор сверил список.,"Проект готов, потому что важный договор уже согласован. Позже редактор сверил список.","Проект готов, потому что важный договор уже согласован. Позже редактор сверил список.",True,True,False,False,comma_subordinate
baseline,1538,comma_subordinate,punctuation,Проект готов потому что финальный список уже согласован. После совещания команда сверила сроки.,"Проект готов, потому что финальный список уже согласован. После совещания команда сверила сроки.","Проект готов, потому что финальный список уже согласован. После совещания команда сверила сроки.",True,True,False,False,comma_subordinate
baseline,1539,comma_subordinate,punctuation,Проект готов потому что финальный список уже согласован. После совещания команда сверила сроки.,"Проект готов, потому что финальный список уже согласован. После совещания команда сверила сроки.","Проект готов, потому что финальный список уже согласован. После совещания команда сверила сроки.",True,True,False,False,comma_subordinate
baseline,1540,comma_subordinate,punctuation,Проект готов потому что финальный список уже согласован. После совещания команда сверила сроки.,"Проект готов, потому что финальный список уже согласован. После совещания команда сверила сроки.","Проект готов, потому что финальный список уже согласован. После совещания команда сверила сроки.",True,True,False,False,comma_subordinate
baseline,1541,comma_subordinate,punctuation,Проект готов потому что финальный список уже согласован. После совещания команда сверила сроки.,"Проект готов, потому что финальный список уже согласован. После совещания команда сверила сроки.","Проект готов, потому что финальный список уже согласован. После совещания команда сверила сроки.",True,True,False,False,comma_subordinate
baseline,1542,comma_subordinate,punctuation,Проект готов потому что финальный список уже согласован. После совещания команда сверила сроки.,"Проект готов, потому что финальный список уже согласован. После совещания команда сверила сроки.","Проект готов, потому что финальный список уже согласован. После совещания команда сверила сроки.",True,True,False,False,comma_subordinate
baseline,1543,comma_subordinate,punctuation,Проект готов потому что финальный список уже согласован. После совещания команда сверила сроки.,"Проект готов, потому что финальный список уже согласован. После совещания команда сверила сроки.","Проект готов, потому что финальный список уже согласован. После совещания команда сверила сроки.",True,True,False,False,comma_subordinate
baseline,1544,comma_subordinate,punctuation,Редактор заметил что вечерний протокол изменился утром. Утром эксперт прочитал письмо.,"Редактор заметил, что вечерний протокол изменился утром. Утром эксперт прочитал письмо.","Редактор заметил, что вечерний протокол изменился утром. Утром эксперт прочитал письмо.",True,True,False,False,comma_subordinate
baseline,1545,comma_subordinate,punctuation,Редактор заметил что вечерний протокол изменился утром. Утром эксперт прочитал письмо.,"Редактор заметил, что вечерний протокол изменился утром. Утром эксперт прочитал письмо.","Редактор заметил, что вечерний протокол изменился утром. Утром эксперт прочитал письмо.",True,True,False,False,comma_subordinate
baseline,1546,comma_subordinate,punctuation,Редактор заметил что вечерний протокол изменился утром. Утром эксперт прочитал письмо.,"Редактор заметил, что вечерний протокол изменился утром. Утром эксперт прочитал письмо.","Редактор заметил, что вечерний протокол изменился утром. Утром эксперт прочитал письмо.",True,True,False,False,comma_subordinate
baseline,1547,comma_subordinate,punctuation,Редактор заметил что вечерний протокол изменился утром. Утром эксперт прочитал письмо.,"Редактор заметил, что вечерний протокол изменился утром. Утром эксперт прочитал письмо.","Редактор заметил, что вечерний протокол изменился утром. Утром эксперт прочитал письмо.",True,True,False,False,comma_subordinate
baseline,1548,comma_subordinate,punctuation,Редактор заметил что вечерний протокол изменился утром. Утром эксперт прочитал письмо.,"Редактор заметил, что вечерний протокол изменился утром. Утром эксперт прочитал письмо.","Редактор заметил, что вечерний протокол изменился утром. Утром эксперт прочитал письмо.",True,True,False,False,comma_subordinate
baseline,1549,comma_subordinate,punctuation,Редактор заметил что вечерний протокол изменился утром. Утром эксперт прочитал письмо.,"Редактор заметил, что вечерний протокол изменился утром. Утром эксперт прочитал письмо.","Редактор заметил, что вечерний протокол изменился утром. Утром эксперт прочитал письмо.",True,True,False,False,comma_subordinate
baseline,1550,comma_subordinate,punctuation,Редактор заметил что новая редакция изменился утром. После обеда комиссия уточнила вывод.,"Редактор заметил, что новая редакция изменился утром. После обеда комиссия уточнила вывод.","Редактор заметил, что новая редакция изменился утром. После обеда комиссия уточнила вывод.",True,True,False,False,comma_subordinate
baseline,1551,comma_subordinate,punctuation,Редактор заметил что новая редакция изменился утром. После обеда комиссия уточнила вывод.,"Редактор заметил, что новая редакция изменился утром. После обеда комиссия уточнила вывод.","Редактор заметил, что новая редакция изменился утром. После обеда комиссия уточнила вывод.",True,True,False,False,comma_subordinate
baseline,1552,comma_subordinate,punctuation,Редактор заметил что новая редакция изменился утром. После обеда комиссия уточнила вывод.,"Редактор заметил, что новая редакция изменился утром. После обеда комиссия уточнила вывод.","Редактор заметил, что новая редакция изменился утром. После обеда комиссия уточнила вывод.",True,True,False,False,comma_subordinate
baseline,1553,comma_subordinate,punctuation,Редактор заметил что новая редакция изменился утром. После обеда комиссия уточнила вывод.,"Редактор заметил, что новая редакция изменился утром. После обеда комиссия уточнила вывод.","Редактор заметил, что новая редакция изменился утром. После обеда комиссия уточнила вывод.",True,True,False,False,comma_subordinate
baseline,1554,comma_subordinate,punctuation,Редактор заметил что новая редакция изменился утром. После обеда комиссия уточнила вывод.,"Редактор заметил, что новая редакция изменился утром. После обеда комиссия уточнила вывод.","Редактор заметил, что новая редакция изменился утром. После обеда комиссия уточнила вывод.",True,True,False,False,comma_subordinate
baseline,1555,comma_subordinate,punctuation,Редактор заметил что новая редакция изменился утром. После обеда комиссия уточнила вывод.,"Редактор заметил, что новая редакция изменился утром. После обеда комиссия уточнила вывод.","Редактор заметил, что новая редакция изменился утром. После обеда комиссия уточнила вывод.",True,True,False,False,comma_subordinate
baseline,1556,comma_subordinate,punctuation,Редактор заметил что письменный ответ изменился утром. После обеда редактор принял письмо.,"Редактор заметил, что письменный ответ изменился утром. После обеда редактор принял письмо.","Редактор заметил, что письменный ответ изменился утром. После обеда редактор принял письмо.",True,True,False,False,comma_subordinate
baseline,1557,comma_subordinate,punctuation,Редактор заметил что письменный ответ изменился утром. После обеда редактор принял письмо.,"Редактор заметил, что письменный ответ изменился утром. После обеда редактор принял письмо.","Редактор заметил, что письменный ответ изменился утром. После обеда редактор принял письмо.",True,True,False,False,comma_subordinate
baseline,1558,comma_subordinate,punctuation,Редактор заметил что письменный ответ изменился утром. После обеда редактор принял письмо.,"Редактор заметил, что письменный ответ изменился утром. После обеда редактор принял письмо.","Редактор заметил, что письменный ответ изменился утром. После обеда редактор принял письмо.",True,True,False,False,comma_subordinate
baseline,1559,comma_subordinate,punctuation,Редактор заметил что письменный ответ изменился утром. После обеда редактор принял письмо.,"Редактор заметил, что письменный ответ изменился утром. После обеда редактор принял письмо.","Редактор заметил, что письменный ответ изменился утром. После обеда редактор принял письмо.",True,True,False,False,comma_subordinate
baseline,1560,comma_subordinate,punctuation,Редактор заметил что письменный ответ изменился утром. После обеда редактор принял письмо.,"Редактор заметил, что письменный ответ изменился утром. После обеда редактор принял письмо.","Редактор заметил, что письменный ответ изменился утром. После обеда редактор принял письмо.",True,True,False,False,comma_subordinate
baseline,1561,comma_subordinate,punctuation,Редактор заметил что письменный ответ изменился утром. После обеда редактор принял письмо.,"Редактор заметил, что письменный ответ изменился утром. После обеда редактор принял письмо.","Редактор заметил, что письменный ответ изменился утром. После обеда редактор принял письмо.",True,True,False,False,comma_subordinate
baseline,1562,comma_subordinate,punctuation,Редактор заметил что письменный ответ изменился утром. После обеда редактор принял письмо.,"Редактор заметил, что письменный ответ изменился утром. После обеда редактор принял письмо.","Редактор заметил, что письменный ответ изменился утром. После обеда редактор принял письмо.",True,True,False,False,comma_subordinate
baseline,1563,comma_subordinate,punctuation,Я думаю что дежурный редактор готов к отправке. Утром редактор принял отчет.,"Я думаю, что дежурный редактор готов к отправке. Утром редактор принял отчет.","Я думаю, что дежурный редактор готов к отправке. Утром редактор принял отчет.",True,True,False,False,comma_subordinate
baseline,1564,comma_subordinate,punctuation,Я думаю что дежурный редактор готов к отправке. Утром редактор принял отчет.,"Я думаю, что дежурный редактор готов к отправке. Утром редактор принял отчет.","Я думаю, что дежурный редактор готов к отправке. Утром редактор принял отчет.",True,True,False,False,comma_subordinate
baseline,1565,comma_subordinate,punctuation,Я думаю что дежурный редактор готов к отправке. Утром редактор принял отчет.,"Я думаю, что дежурный редактор готов к отправке. Утром редактор принял отчет.","Я думаю, что дежурный редактор готов к отправке. Утром редактор принял отчет.",True,True,False,False,comma_subordinate
baseline,1566,comma_subordinate,punctuation,Я думаю что дежурный редактор готов к отправке. Утром редактор принял отчет.,"Я думаю, что дежурный редактор готов к отправке. Утром редактор принял отчет.","Я думаю, что дежурный редактор готов к отправке. Утром редактор принял отчет.",True,True,False,False,comma_subordinate
baseline,1567,comma_subordinate,punctuation,Я думаю что дежурный редактор готов к отправке. Утром редактор принял отчет.,"Я думаю, что дежурный редактор готов к отправке. Утром редактор принял отчет.","Я думаю, что дежурный редактор готов к отправке. Утром редактор принял отчет.",True,True,False,False,comma_subordinate
baseline,1568,comma_subordinate,punctuation,Я думаю что дежурный редактор готов к отправке. Утром редактор принял отчет.,"Я думаю, что дежурный редактор готов к отправке. Утром редактор принял отчет.","Я думаю, что дежурный редактор готов к отправке. Утром редактор принял отчет.",True,True,False,False,comma_subordinate
baseline,1569,comma_subordinate,punctuation,Я думаю что дежурный редактор готов к отправке. Утром редактор принял отчет.,"Я думаю, что дежурный редактор готов к отправке. Утром редактор принял отчет.","Я думаю, что дежурный редактор готов к отправке. Утром редактор принял отчет.",True,True,False,False,comma_subordinate
baseline,1570,comma_subordinate,punctuation,Я думаю что свежая сводка готов к отправке. Затем группа проверила договор.,"Я думаю, что свежая сводка готов к отправке. Затем группа проверила договор.","Я думаю, что свежая сводка готов к отправке. Затем группа проверила договор.",True,True,False,False,comma_subordinate
baseline,1571,comma_subordinate,punctuation,Я думаю что свежая сводка готов к отправке. Затем группа проверила договор.,"Я думаю, что свежая сводка готов к отправке. Затем группа проверила договор.","Я думаю, что свежая сводка готов к отправке. Затем группа проверила договор.",True,True,False,False,comma_subordinate
baseline,1572,comma_subordinate,punctuation,Я думаю что свежая сводка готов к отправке. Затем группа проверила договор.,"Я думаю, что свежая сводка готов к отправке. Затем группа проверила договор.","Я думаю, что свежая сводка готов к отправке. Затем группа проверила договор.",True,True,False,False,comma_subordinate
baseline,1573,comma_subordinate,punctuation,Я думаю что свежая сводка готов к отправке. Затем группа проверила договор.,"Я думаю, что свежая сводка готов к отправке. Затем группа проверила договор.","Я думаю, что свежая сводка готов к отправке. Затем группа проверила договор.",True,True,False,False,comma_subordinate
baseline,1574,comma_subordinate,punctuation,Я думаю что свежая сводка готов к отправке. Затем группа проверила договор.,"Я думаю, что свежая сводка готов к отправке. Затем группа проверила договор.","Я думаю, что свежая сводка готов к отправке. Затем группа проверила договор.",True,True,False,False,comma_subordinate
baseline,1575,comma_subordinate,punctuation,Я думаю что свежая сводка готов к отправке. Затем группа проверила договор.,"Я думаю, что свежая сводка готов к отправке. Затем группа проверила договор.","Я думаю, что свежая сводка готов к отправке. Затем группа проверила договор.",True,True,False,False,comma_subordinate
baseline,1576,comma_subordinate,punctuation,Я думаю что свежая сводка готов к отправке. Затем группа проверила договор.,"Я думаю, что свежая сводка готов к отправке. Затем группа проверила договор.","Я думаю, что свежая сводка готов к отправке. Затем группа проверила договор.",True,True,False,False,comma_subordinate
baseline,1577,comma_subordinate,punctuation,Я думаю что сводный отчет готов к отправке. Вечером автор сохранил раздел.,"Я думаю, что сводный отчет готов к отправке. Вечером автор сохранил раздел.","Я думаю, что сводный отчет готов к отправке. Вечером автор сохранил раздел.",True,True,False,False,comma_subordinate
baseline,1578,comma_subordinate,punctuation,Я думаю что сводный отчет готов к отправке. Вечером автор сохранил раздел.,"Я думаю, что сводный отчет готов к отправке. Вечером автор сохранил раздел.","Я думаю, что сводный отчет готов к отправке. Вечером автор сохранил раздел.",True,True,False,False,comma_subordinate
baseline,1579,comma_subordinate,punctuation,Я думаю что сводный отчет готов к отправке. Вечером автор сохранил раздел.,"Я думаю, что сводный отчет готов к отправке. Вечером автор сохранил раздел.","Я думаю, что сводный отчет готов к отправке. Вечером автор сохранил раздел.",True,True,False,False,comma_subordinate
baseline,1580,comma_subordinate,punctuation,Я думаю что сводный отчет готов к отправке. Вечером автор сохранил раздел.,"Я думаю, что сводный отчет готов к отправке. Вечером автор сохранил раздел.","Я думаю, что сводный отчет готов к отправке. Вечером автор сохранил раздел.",True,True,False,False,comma_subordinate
baseline,1581,comma_subordinate,punctuation,Я думаю что сводный отчет готов к отправке. Вечером автор сохранил раздел.,"Я думаю, что сводный отчет готов к отправке. Вечером автор сохранил раздел.","Я думаю, что сводный отчет готов к отправке. Вечером автор сохранил раздел.",True,True,False,False,comma_subordinate
baseline,1582,comma_subordinate,punctuation,Я думаю что сводный отчет готов к отправке. Вечером автор сохранил раздел.,"Я думаю, что сводный отчет готов к отправке. Вечером автор сохранил раздел.","Я думаю, что сводный отчет готов к отправке. Вечером автор сохранил раздел.",True,True,False,False,comma_subordinate
baseline,1583,comma_subordinate,punctuation,Я думаю что согласованный договор готов к отправке. Позже аналитик проверил договор.,"Я думаю, что согласованный договор готов к отправке. Позже аналитик проверил договор.","Я думаю, что согласованный договор готов к отправке. Позже аналитик проверил договор.",True,True,False,False,comma_subordinate
baseline,1584,comma_subordinate,punctuation,Я думаю что согласованный договор готов к отправке. Позже аналитик проверил договор.,"Я думаю, что согласованный договор готов к отправке. Позже аналитик проверил договор.","Я думаю, что согласованный договор готов к отправке. Позже аналитик проверил договор.",True,True,False,False,comma_subordinate
baseline,1585,comma_subordinate,punctuation,Я думаю что согласованный договор готов к отправке. Позже аналитик проверил договор.,"Я думаю, что согласованный договор готов к отправке. Позже аналитик проверил договор.","Я думаю, что согласованный договор готов к отправке. Позже аналитик проверил договор.",True,True,False,False,comma_subordinate
baseline,1586,comma_subordinate,punctuation,Я думаю что согласованный договор готов к отправке. Позже аналитик проверил договор.,"Я думаю, что согласованный договор готов к отправке. Позже аналитик проверил договор.","Я думаю, что согласованный договор готов к отправке. Позже аналитик проверил договор.",True,True,False,False,comma_subordinate
baseline,1587,comma_subordinate,punctuation,Я думаю что согласованный договор готов к отправке. Позже аналитик проверил договор.,"Я думаю, что согласованный договор готов к отправке. Позже аналитик проверил договор.","Я думаю, что согласованный договор готов к отправке. Позже аналитик проверил договор.",True,True,False,False,comma_subordinate
baseline,1588,comma_subordinate,punctuation,Я думаю что согласованный договор готов к отправке. Позже аналитик проверил договор.,"Я думаю, что согласованный договор готов к отправке. Позже аналитик проверил договор.","Я думаю, что согласованный договор готов к отправке. Позже аналитик проверил договор.",True,True,False,False,comma_subordinate
baseline,1589,comparative_turnover_comma,punctuation,Он говорил словно все уже решено. Вечером юрист сверил договор.,"Он говорил, словно все уже решено. Вечером юрист сверил договор.","Он говорил, словно все уже решено. Вечером юрист сверил договор.",True,True,False,False,comparative_turnover_comma
baseline,1590,comparative_turnover_comma,punctuation,Он говорил словно все уже решено. Вечером юрист сверил договор.,"Он говорил, словно все уже решено. Вечером юрист сверил договор.","Он говорил, словно все уже решено. Вечером юрист сверил договор.",True,True,False,False,comparative_turnover_comma
baseline,1591,comparative_turnover_comma,punctuation,Он говорил словно все уже решено. Вечером юрист сверил договор.,"Он говорил, словно все уже решено. Вечером юрист сверил договор.","Он говорил, словно все уже решено. Вечером юрист сверил договор.",True,True,False,False,comparative_turnover_comma
baseline,1592,comparative_turnover_comma,punctuation,Он говорил словно все уже решено. Вечером юрист сверил договор.,"Он говорил, словно все уже решено. Вечером юрист сверил договор.","Он говорил, словно все уже решено. Вечером юрист сверил договор.",True,True,False,False,comparative_turnover_comma
baseline,1593,comparative_turnover_comma,punctuation,Он говорил словно все уже решено. Вечером юрист сверил договор.,"Он говорил, словно все уже решено. Вечером юрист сверил договор.","Он говорил, словно все уже решено. Вечером юрист сверил договор.",True,True,False,False,comparative_turnover_comma
baseline,1594,comparative_turnover_comma,punctuation,Он говорил словно все уже решено. Вечером юрист сверил договор.,"Он говорил, словно все уже решено. Вечером юрист сверил договор.","Он говорил, словно все уже решено. Вечером юрист сверил договор.",True,True,False,False,comparative_turnover_comma
baseline,1595,comparative_turnover_comma,punctuation,Он говорил словно все уже решено. Вечером юрист сверил договор.,"Он говорил, словно все уже решено. Вечером юрист сверил договор.","Он говорил, словно все уже решено. Вечером юрист сверил договор.",True,True,False,False,comparative_turnover_comma
baseline,1596,comparative_turnover_comma,punctuation,Он говорил словно все уже решено. Затем отдел сохранил журнал.,"Он говорил, словно все уже решено. Затем отдел сохранил журнал.","Он говорил, словно все уже решено. Затем отдел сохранил журнал.",True,True,False,False,comparative_turnover_comma
baseline,1597,comparative_turnover_comma,punctuation,Он говорил словно все уже решено. Затем отдел сохранил журнал.,"Он говорил, словно все уже решено. Затем отдел сохранил журнал.","Он говорил, словно все уже решено. Затем отдел сохранил журнал.",True,True,False,False,comparative_turnover_comma
baseline,1598,comparative_turnover_comma,punctuation,Он говорил словно все уже решено. Затем отдел сохранил журнал.,"Он говорил, словно все уже решено. Затем отдел сохранил журнал.","Он говорил, словно все уже решено. Затем отдел сохранил журнал.",True,True,False,False,comparative_turnover_comma
baseline,1599,comparative_turnover_comma,punctuation,Он говорил словно все уже решено. Затем отдел сохранил журнал.,"Он говорил, словно все уже решено. Затем отдел сохранил журнал.","Он говорил, словно все уже решено. Затем отдел сохранил журнал.",True,True,False,False,comparative_turnover_comma
baseline,1600,comparative_turnover_comma,punctuation,Он говорил словно все уже решено. Затем отдел сохранил журнал.,"Он говорил, словно все уже решено. Затем отдел сохранил журнал.","Он говорил, словно все уже решено. Затем отдел сохранил журнал.",True,True,False,False,comparative_turnover_comma
baseline,1601,comparative_turnover_comma,punctuation,Он говорил словно все уже решено. Затем отдел сохранил журнал.,"Он говорил, словно все уже решено. Затем отдел сохранил журнал.","Он говорил, словно все уже решено. Затем отдел сохранил журнал.",True,True,False,False,comparative_turnover_comma
baseline,1602,comparative_turnover_comma,punctuation,Он говорил словно все уже решено. Утром группа закрыла протокол.,"Он говорил, словно все уже решено. Утром группа закрыла протокол.","Он говорил, словно все уже решено. Утром группа закрыла протокол.",True,True,False,False,comparative_turnover_comma
baseline,1603,comparative_turnover_comma,punctuation,Он говорил словно все уже решено. Утром группа закрыла протокол.,"Он говорил, словно все уже решено. Утром группа закрыла протокол.","Он говорил, словно все уже решено. Утром группа закрыла протокол.",True,True,False,False,comparative_turnover_comma
baseline,1604,comparative_turnover_comma,punctuation,Он говорил словно все уже решено. Утром группа закрыла протокол.,"Он говорил, словно все уже решено. Утром группа закрыла протокол.","Он говорил, словно все уже решено. Утром группа закрыла протокол.",True,True,False,False,comparative_turnover_comma
seed_v2,0,address_comma,punctuation,Иван открой городская служба. Позже редактор сверил список.,"Иван, открой городская служба. Позже редактор сверил список.","Иван, открой городская служба. Позже редактор сверил список.",True,True,False,False,address_comma
seed_v2,1,address_comma,punctuation,Иван открой городская служба. Позже редактор сверил список.,"Иван, открой городская служба. Позже редактор сверил список.","Иван, открой городская служба. Позже редактор сверил список.",True,True,False,False,address_comma
seed_v2,2,address_comma,punctuation,Иван открой городская служба. Позже редактор сверил список.,"Иван, открой городская служба. Позже редактор сверил список.","Иван, открой городская служба. Позже редактор сверил список.",True,True,False,False,address_comma
seed_v2,3,address_comma,punctuation,Иван открой городская служба. Позже редактор сверил список.,"Иван, открой городская служба. Позже редактор сверил список.","Иван, открой городская служба. Позже редактор сверил список.",True,True,False,False,address_comma
seed_v2,4,address_comma,punctuation,Иван открой городская служба. Позже редактор сверил список.,"Иван, открой городская служба. Позже редактор сверил список.","Иван, открой городская служба. Позже редактор сверил список.",True,True,False,False,address_comma
seed_v2,5,address_comma,punctuation,Иван открой городская служба. Позже редактор сверил список.,"Иван, открой городская служба. Позже редактор сверил список.","Иван, открой городская служба. Позже редактор сверил список.",True,True,False,False,address_comma
seed_v2,6,address_comma,punctuation,Иван открой длинная запись. Вечером секретарь отправил письмо.,"Иван, открой длинная запись. Вечером секретарь отправил письмо.","Иван, открой длинная запись. Вечером секретарь отправил письмо.",True,True,False,False,address_comma
seed_v2,7,address_comma,punctuation,Иван открой длинная запись. Вечером секретарь отправил письмо.,"Иван, открой длинная запись. Вечером секретарь отправил письмо.","Иван, открой длинная запись. Вечером секретарь отправил письмо.",True,True,False,False,address_comma
seed_v2,8,address_comma,punctuation,Иван открой длинная запись. Вечером секретарь отправил письмо.,"Иван, открой длинная запись. Вечером секретарь отправил письмо.","Иван, открой длинная запись. Вечером секретарь отправил письмо.",True,True,False,False,address_comma
seed_v2,9,address_comma,punctuation,Иван открой длинная запись. Вечером секретарь отправил письмо.,"Иван, открой длинная запись. Вечером секретарь отправил письмо.","Иван, открой длинная запись. Вечером секретарь отправил письмо.",True,True,False,False,address_comma
seed_v2,10,address_comma,punctuation,Иван открой длинная запись. Вечером секретарь отправил письмо.,"Иван, открой длинная запись. Вечером секретарь отправил письмо.","Иван, открой длинная запись. Вечером секретарь отправил письмо.",True,True,False,False,address_comma
seed_v2,11,address_comma,punctuation,Иван открой подробная справка. Позже служба проверила запись.,"Иван, открой подробная справка. Позже служба проверила запись.","Иван, открой подробная справка. Позже служба проверила запись.",True,True,False,False,address_comma
seed_v2,12,address_comma,punctuation,Иван открой подробная справка. Позже служба проверила запись.,"Иван, открой подробная справка. Позже служба проверила запись.","Иван, открой подробная справка. Позже служба проверила запись.",True,True,False,False,address_comma
seed_v2,13,address_comma,punctuation,Иван открой подробная справка. Позже служба проверила запись.,"Иван, открой подробная справка. Позже служба проверила запись.","Иван, открой подробная справка. Позже служба проверила запись.",True,True,False,False,address_comma
seed_v2,14,address_comma,punctuation,Иван открой подробная справка. Позже служба проверила запись.,"Иван, открой подробная справка. Позже служба проверила запись.","Иван, открой подробная справка. Позже служба проверила запись.",True,True,False,False,address_comma
seed_v2,15,address_comma,punctuation,Иван открой подробная справка. Позже служба проверила запись.,"Иван, открой подробная справка. Позже служба проверила запись.","Иван, открой подробная справка. Позже служба проверила запись.",True,True,False,False,address_comma
seed_v2,16,address_comma,punctuation,Иван открой подробная справка. Позже служба проверила запись.,"Иван, открой подробная справка. Позже служба проверила запись.","Иван, открой подробная справка. Позже служба проверила запись.",True,True,False,False,address_comma
seed_v2,17,address_comma,punctuation,Иван отправь важный договор. Утром редактор принял отчет.,"Иван, отправь важный договор. Утром редактор принял отчет.","Иван, отправь важный договор. Утром редактор принял отчет.",True,True,False,False,address_comma
seed_v2,18,address_comma,punctuation,Иван отправь важный договор. Утром редактор принял отчет.,"Иван, отправь важный договор. Утром редактор принял отчет.","Иван, отправь важный договор. Утром редактор принял отчет.",True,True,False,False,address_comma
seed_v2,19,address_comma,punctuation,Иван отправь важный договор. Утром редактор принял отчет.,"Иван, отправь важный договор. Утром редактор принял отчет.","Иван, отправь важный договор. Утром редактор принял отчет.",True,True,False,False,address_comma
seed_v2,20,address_comma,punctuation,Иван отправь важный договор. Утром редактор принял отчет.,"Иван, отправь важный договор. Утром редактор принял отчет.","Иван, отправь важный договор. Утром редактор принял отчет.",True,True,False,False,address_comma
seed_v2,21,address_comma,punctuation,Иван отправь важный договор. Утром редактор принял отчет.,"Иван, отправь важный договор. Утром редактор принял отчет.","Иван, отправь важный договор. Утром редактор принял отчет.",True,True,False,False,address_comma
seed_v2,22,address_comma,punctuation,Иван отправь важный договор. Утром редактор принял отчет.,"Иван, отправь важный договор. Утром редактор принял отчет.","Иван, отправь важный договор. Утром редактор принял отчет.",True,True,False,False,address_comma
seed_v2,23,address_comma,punctuation,Иван отправь важный договор. Утром редактор принял отчет.,"Иван, отправь важный договор. Утром редактор принял отчет.","Иван, отправь важный договор. Утром редактор принял отчет.",True,True,False,False,address_comma
seed_v2,24,address_comma,punctuation,Иван отправь открытая заявка. Позже комиссия сохранила решение.,"Иван, отправь открытая заявка. Позже комиссия сохранила решение.","Иван, отправь открытая заявка. Позже комиссия сохранила решение.",True,True,False,False,address_comma
seed_v2,25,address_comma,punctuation,Иван отправь открытая заявка. Позже комиссия сохранила решение.,"Иван, отправь открытая заявка. Позже комиссия сохранила решение.","Иван, отправь открытая заявка. Позже комиссия сохранила решение.",True,True,False,False,address_comma
seed_v2,26,address_comma,punctuation,Иван отправь открытая заявка. Позже комиссия сохранила решение.,"Иван, отправь открытая заявка. Позже комиссия сохранила решение.","Иван, отправь открытая заявка. Позже комиссия сохранила решение.",True,True,False,False,address_comma
seed_v2,27,address_comma,punctuation,Иван отправь открытая заявка. Позже комиссия сохранила решение.,"Иван, отправь открытая заявка. Позже комиссия сохранила решение.","Иван, отправь открытая заявка. Позже комиссия сохранила решение.",True,True,False,False,address_comma
seed_v2,28,address_comma,punctuation,Иван отправь открытая заявка. Позже комиссия сохранила решение.,"Иван, отправь открытая заявка. Позже комиссия сохранила решение.","Иван, отправь открытая заявка. Позже комиссия сохранила решение.",True,True,False,False,address_comma
seed_v2,29,address_comma,punctuation,Иван отправь открытая заявка. Позже комиссия сохранила решение.,"Иван, отправь открытая заявка. Позже комиссия сохранила решение.","Иван, отправь открытая заявка. Позже комиссия сохранила решение.",True,True,False,False,address_comma
seed_v2,30,address_comma,punctuation,Иван отправь утренний приказ. Вечером редактор открыл протокол.,"Иван, отправь утренний приказ. Вечером редактор открыл протокол.","Иван, отправь утренний приказ. Вечером редактор открыл протокол.",True,True,False,False,address_comma
seed_v2,31,address_comma,punctuation,Иван отправь утренний приказ. Вечером редактор открыл протокол.,"Иван, отправь утренний приказ. Вечером редактор открыл протокол.","Иван, отправь утренний приказ. Вечером редактор открыл протокол.",True,True,False,False,address_comma
seed_v2,32,address_comma,punctuation,Иван отправь утренний приказ. Вечером редактор открыл протокол.,"Иван, отправь утренний приказ. Вечером редактор открыл протокол.","Иван, отправь утренний приказ. Вечером редактор открыл протокол.",True,True,False,False,address_comma
seed_v2,33,address_comma,punctuation,Иван отправь утренний приказ. Вечером редактор открыл протокол.,"Иван, отправь утренний приказ. Вечером редактор открыл протокол.","Иван, отправь утренний приказ. Вечером редактор открыл протокол.",True,True,False,False,address_comma
seed_v2,34,address_comma,punctuation,Иван отправь утренний приказ. Вечером редактор открыл протокол.,"Иван, отправь утренний приказ. Вечером редактор открыл протокол.","Иван, отправь утренний приказ. Вечером редактор открыл протокол.",True,True,False,False,address_comma
seed_v2,35,address_comma,punctuation,Иван отправь утренний приказ. Вечером редактор открыл протокол.,"Иван, отправь утренний приказ. Вечером редактор открыл протокол.","Иван, отправь утренний приказ. Вечером редактор открыл протокол.",True,True,False,False,address_comma
seed_v2,36,address_comma,punctuation,Коллеги исправим свежая сводка. Утром отдел отправил договор.,"Коллеги, исправим свежая сводка. Утром отдел отправил договор.","Коллеги, исправим свежая сводка. Утром отдел отправил договор.",True,True,False,False,address_comma
seed_v2,37,address_comma,punctuation,Коллеги исправим свежая сводка. Утром отдел отправил договор.,"Коллеги, исправим свежая сводка. Утром отдел отправил договор.","Коллеги, исправим свежая сводка. Утром отдел отправил договор.",True,True,False,False,address_comma
seed_v2,38,address_comma,punctuation,Коллеги исправим свежая сводка. Утром отдел отправил договор.,"Коллеги, исправим свежая сводка. Утром отдел отправил договор.","Коллеги, исправим свежая сводка. Утром отдел отправил договор.",True,True,False,False,address_comma
seed_v2,39,address_comma,punctuation,Коллеги исправим свежая сводка. Утром отдел отправил договор.,"Коллеги, исправим свежая сводка. Утром отдел отправил договор.","Коллеги, исправим свежая сводка. Утром отдел отправил договор.",True,True,False,False,address_comma
seed_v2,40,address_comma,punctuation,Коллеги исправим свежая сводка. Утром отдел отправил договор.,"Коллеги, исправим свежая сводка. Утром отдел отправил договор.","Коллеги, исправим свежая сводка. Утром отдел отправил договор.",True,True,False,False,address_comma
seed_v2,41,address_comma,punctuation,Коллеги исправим свежая сводка. Утром отдел отправил договор.,"Коллеги, исправим свежая сводка. Утром отдел отправил договор.","Коллеги, исправим свежая сводка. Утром отдел отправил договор.",True,True,False,False,address_comma
seed_v2,42,address_comma,punctuation,Коллеги исправим согласованный договор. Затем эксперт согласовал список.,"Коллеги, исправим согласованный договор. Затем эксперт согласовал список.","Коллеги, исправим согласованный договор. Затем эксперт согласовал список.",True,True,False,False,address_comma
seed_v2,43,address_comma,punctuation,Коллеги исправим согласованный договор. Затем эксперт согласовал список.,"Коллеги, исправим согласованный договор. Затем эксперт согласовал список.","Коллеги, исправим согласованный договор. Затем эксперт согласовал список.",True,True,False,False,address_comma
seed_v2,44,address_comma,punctuation,Коллеги исправим согласованный договор. Затем эксперт согласовал список.,"Коллеги, исправим согласованный договор. Затем эксперт согласовал список.","Коллеги, исправим согласованный договор. Затем эксперт согласовал список.",True,True,False,False,address_comma
seed_v2,45,address_comma,punctuation,Коллеги исправим согласованный договор. Затем эксперт согласовал список.,"Коллеги, исправим согласованный договор. Затем эксперт согласовал список.","Коллеги, исправим согласованный договор. Затем эксперт согласовал список.",True,True,False,False,address_comma
seed_v2,46,address_comma,punctuation,Коллеги исправим согласованный договор. Затем эксперт согласовал список.,"Коллеги, исправим согласованный договор. Затем эксперт согласовал список.","Коллеги, исправим согласованный договор. Затем эксперт согласовал список.",True,True,False,False,address_comma
seed_v2,47,address_comma,punctuation,Коллеги исправим согласованный договор. Затем эксперт согласовал список.,"Коллеги, исправим согласованный договор. Затем эксперт согласовал список.","Коллеги, исправим согласованный договор. Затем эксперт согласовал список.",True,True,False,False,address_comma
seed_v2,48,address_comma,punctuation,Коллеги проверим закрытая заявка. Вечером юрист сверил договор.,"Коллеги, проверим закрытая заявка. Вечером юрист сверил договор.","Коллеги, проверим закрытая заявка. Вечером юрист сверил договор.",True,True,False,False,address_comma
seed_v2,49,address_comma,punctuation,Коллеги проверим закрытая заявка. Вечером юрист сверил договор.,"Коллеги, проверим закрытая заявка. Вечером юрист сверил договор.","Коллеги, проверим закрытая заявка. Вечером юрист сверил договор.",True,True,False,False,address_comma
seed_v2,50,address_comma,punctuation,Коллеги проверим закрытая заявка. Вечером юрист сверил договор.,"Коллеги, проверим закрытая заявка. Вечером юрист сверил договор.","Коллеги, проверим закрытая заявка. Вечером юрист сверил договор.",True,True,False,False,address_comma
seed_v2,51,address_comma,punctuation,Коллеги проверим закрытая заявка. Вечером юрист сверил договор.,"Коллеги, проверим закрытая заявка. Вечером юрист сверил договор.","Коллеги, проверим закрытая заявка. Вечером юрист сверил договор.",True,True,False,False,address_comma
seed_v2,52,address_comma,punctuation,Коллеги проверим закрытая заявка. Вечером юрист сверил договор.,"Коллеги, проверим закрытая заявка. Вечером юрист сверил договор.","Коллеги, проверим закрытая заявка. Вечером юрист сверил договор.",True,True,False,False,address_comma
seed_v2,53,address_comma,punctuation,Коллеги проверим закрытая заявка. Вечером юрист сверил договор.,"Коллеги, проверим закрытая заявка. Вечером юрист сверил договор.","Коллеги, проверим закрытая заявка. Вечером юрист сверил договор.",True,True,False,False,address_comma
seed_v2,54,address_comma,punctuation,Коллеги проверим короткая заметка. Утром группа закрыла протокол.,"Коллеги, проверим короткая заметка. Утром группа закрыла протокол.","Коллеги, проверим короткая заметка. Утром группа закрыла протокол.",True,True,False,False,address_comma
seed_v2,55,address_comma,punctuation,Коллеги проверим короткая заметка. Утром группа закрыла протокол.,"Коллеги, проверим короткая заметка. Утром группа закрыла протокол.","Коллеги, проверим короткая заметка. Утром группа закрыла протокол.",True,True,False,False,address_comma
seed_v2,56,address_comma,punctuation,Коллеги проверим короткая заметка. Утром группа закрыла протокол.,"Коллеги, проверим короткая заметка. Утром группа закрыла протокол.","Коллеги, проверим короткая заметка. Утром группа закрыла протокол.",True,True,False,False,address_comma
seed_v2,57,address_comma,punctuation,Коллеги проверим короткая заметка. Утром группа закрыла протокол.,"Коллеги, проверим короткая заметка. Утром группа закрыла протокол.","Коллеги, проверим короткая заметка. Утром группа закрыла протокол.",True,True,False,False,address_comma
seed_v2,58,address_comma,punctuation,Коллеги проверим короткая заметка. Утром группа закрыла протокол.,"Коллеги, проверим короткая заметка. Утром группа закрыла протокол.","Коллеги, проверим короткая заметка. Утром группа закрыла протокол.",True,True,False,False,address_comma
seed_v2,59,address_comma,punctuation,Коллеги проверим короткая заметка. Утром группа закрыла протокол.,"Коллеги, проверим короткая заметка. Утром группа закрыла протокол.","Коллеги, проверим короткая заметка. Утром группа закрыла протокол.",True,True,False,False,address_comma
seed_v2,60,address_comma,punctuation,Коллеги проверим новая редакция. Затем отдел сохранил журнал.,"Коллеги, проверим новая редакция. Затем отдел сохранил журнал.","Коллеги, проверим новая редакция. Затем отдел сохранил журнал.",True,True,False,False,address_comma
seed_v2,61,address_comma,punctuation,Коллеги проверим новая редакция. Затем отдел сохранил журнал.,"Коллеги, проверим новая редакция. Затем отдел сохранил журнал.","Коллеги, проверим новая редакция. Затем отдел сохранил журнал.",True,True,False,False,address_comma
seed_v2,62,address_comma,punctuation,Коллеги проверим новая редакция. Затем отдел сохранил журнал.,"Коллеги, проверим новая редакция. Затем отдел сохранил журнал.","Коллеги, проверим новая редакция. Затем отдел сохранил журнал.",True,True,False,False,address_comma
seed_v2,63,address_comma,punctuation,Коллеги проверим новая редакция. Затем отдел сохранил журнал.,"Коллеги, проверим новая редакция. Затем отдел сохранил журнал.","Коллеги, проверим новая редакция. Затем отдел сохранил журнал.",True,True,False,False,address_comma
seed_v2,64,address_comma,punctuation,Коллеги проверим новая редакция. Затем отдел сохранил журнал.,"Коллеги, проверим новая редакция. Затем отдел сохранил журнал.","Коллеги, проверим новая редакция. Затем отдел сохранил журнал.",True,True,False,False,address_comma
seed_v2,65,address_comma,punctuation,Коллеги проверим новая редакция. Затем отдел сохранил журнал.,"Коллеги, проверим новая редакция. Затем отдел сохранил журнал.","Коллеги, проверим новая редакция. Затем отдел сохранил журнал.",True,True,False,False,address_comma
seed_v2,66,address_comma,punctuation,Коллеги проверим плановая встреча. Утром редакция выпустила заметку.,"Коллеги, проверим плановая встреча. Утром редакция выпустила заметку.","Коллеги, проверим плановая встреча. Утром редакция выпустила заметку.",True,True,False,False,address_comma
seed_v2,67,address_comma,punctuation,Коллеги проверим плановая встреча. Утром редакция выпустила заметку.,"Коллеги, проверим плановая встреча. Утром редакция выпустила заметку.","Коллеги, проверим плановая встреча. Утром редакция выпустила заметку.",True,True,False,False,address_comma
seed_v2,68,address_comma,punctuation,Коллеги проверим плановая встреча. Утром редакция выпустила заметку.,"Коллеги, проверим плановая встреча. Утром редакция выпустила заметку.","Коллеги, проверим плановая встреча. Утром редакция выпустила заметку.",True,True,False,False,address_comma
seed_v2,69,address_comma,punctuation,Коллеги проверим плановая встреча. Утром редакция выпустила заметку.,"Коллеги, проверим плановая встреча. Утром редакция выпустила заметку.","Коллеги, проверим плановая встреча. Утром редакция выпустила заметку.",True,True,False,False,address_comma
seed_v2,70,address_comma,punctuation,Коллеги проверим плановая встреча. Утром редакция выпустила заметку.,"Коллеги, проверим плановая встреча. Утром редакция выпустила заметку.","Коллеги, проверим плановая встреча. Утром редакция выпустила заметку.",True,True,False,False,address_comma
seed_v2,71,address_comma,punctuation,Коллеги проверим плановая встреча. Утром редакция выпустила заметку.,"Коллеги, проверим плановая встреча. Утром редакция выпустила заметку.","Коллеги, проверим плановая встреча. Утром редакция выпустила заметку.",True,True,False,False,address_comma
seed_v2,72,address_comma,punctuation,Коллеги проверим плановая встреча. Утром редакция выпустила заметку.,"Коллеги, проверим плановая встреча. Утром редакция выпустила заметку.","Коллеги, проверим плановая встреча. Утром редакция выпустила заметку.",True,True,False,False,address_comma
seed_v2,73,address_comma,punctuation,Мария посмотри вечерний протокол. Затем группа проверила договор.,"Мария, посмотри вечерний протокол. Затем группа проверила договор.","Мария, посмотри вечерний протокол. Затем группа проверила договор.",True,True,False,False,address_comma
seed_v2,74,address_comma,punctuation,Мария посмотри вечерний протокол. Затем группа проверила договор.,"Мария, посмотри вечерний протокол. Затем группа проверила договор.","Мария, посмотри вечерний протокол. Затем группа проверила договор.",True,True,False,False,address_comma
seed_v2,75,address_comma,punctuation,Мария посмотри вечерний протокол. Затем группа проверила договор.,"Мария, посмотри вечерний протокол. Затем группа проверила договор.","Мария, посмотри вечерний протокол. Затем группа проверила договор.",True,True,False,False,address_comma
seed_v2,76,address_comma,punctuation,Мария посмотри вечерний протокол. Затем группа проверила договор.,"Мария, посмотри вечерний протокол. Затем группа проверила договор.","Мария, посмотри вечерний протокол. Затем группа проверила договор.",True,True,False,False,address_comma
seed_v2,77,address_comma,punctuation,Мария посмотри вечерний протокол. Затем группа проверила договор.,"Мария, посмотри вечерний протокол. Затем группа проверила договор.","Мария, посмотри вечерний протокол. Затем группа проверила договор.",True,True,False,False,address_comma
seed_v2,78,address_comma,punctuation,Мария посмотри вечерний протокол. Затем группа проверила договор.,"Мария, посмотри вечерний протокол. Затем группа проверила договор.","Мария, посмотри вечерний протокол. Затем группа проверила договор.",True,True,False,False,address_comma
seed_v2,79,address_comma,punctuation,Мария посмотри закрытая заявка. Вечером координатор открыл список.,"Мария, посмотри закрытая заявка. Вечером координатор открыл список.","Мария, посмотри закрытая заявка. Вечером координатор открыл список.",True,True,False,False,address_comma
seed_v2,80,address_comma,punctuation,Мария посмотри закрытая заявка. Вечером координатор открыл список.,"Мария, посмотри закрытая заявка. Вечером координатор открыл список.","Мария, посмотри закрытая заявка. Вечером координатор открыл список.",True,True,False,False,address_comma
seed_v2,81,address_comma,punctuation,Мария посмотри закрытая заявка. Вечером координатор открыл список.,"Мария, посмотри закрытая заявка. Вечером координатор открыл список.","Мария, посмотри закрытая заявка. Вечером координатор открыл список.",True,True,False,False,address_comma
seed_v2,82,address_comma,punctuation,Мария посмотри закрытая заявка. Вечером координатор открыл список.,"Мария, посмотри закрытая заявка. Вечером координатор открыл список.","Мария, посмотри закрытая заявка. Вечером координатор открыл список.",True,True,False,False,address_comma
seed_v2,83,address_comma,punctuation,Мария посмотри закрытая заявка. Вечером координатор открыл список.,"Мария, посмотри закрытая заявка. Вечером координатор открыл список.","Мария, посмотри закрытая заявка. Вечером координатор открыл список.",True,True,False,False,address_comma
seed_v2,84,address_comma,punctuation,Мария посмотри закрытая заявка. Вечером координатор открыл список.,"Мария, посмотри закрытая заявка. Вечером координатор открыл список.","Мария, посмотри закрытая заявка. Вечером координатор открыл список.",True,True,False,False,address_comma
seed_v2,85,address_comma,punctuation,Мария посмотри закрытая заявка. Вечером координатор открыл список.,"Мария, посмотри закрытая заявка. Вечером координатор открыл список.","Мария, посмотри закрытая заявка. Вечером координатор открыл список.",True,True,False,False,address_comma
seed_v2,86,address_comma,punctuation,Мария посмотри новая редакция. Затем редакция согласовала выпуск.,"Мария, посмотри новая редакция. Затем редакция согласовала выпуск.","Мария, посмотри новая редакция. Затем редакция согласовала выпуск.",True,True,False,False,address_comma
seed_v2,87,address_comma,punctuation,Мария посмотри новая редакция. Затем редакция согласовала выпуск.,"Мария, посмотри новая редакция. Затем редакция согласовала выпуск.","Мария, посмотри новая редакция. Затем редакция согласовала выпуск.",True,True,False,False,address_comma
seed_v2,88,address_comma,punctuation,Мария посмотри новая редакция. Затем редакция согласовала выпуск.,"Мария, посмотри новая редакция. Затем редакция согласовала выпуск.","Мария, посмотри новая редакция. Затем редакция согласовала выпуск.",True,True,False,False,address_comma
seed_v2,89,address_comma,punctuation,Мария посмотри новая редакция. Затем редакция согласовала выпуск.,"Мария, посмотри новая редакция. Затем редакция согласовала выпуск.","Мария, посмотри новая редакция. Затем редакция согласовала выпуск.",True,True,False,False,address_comma
seed_v2,90,address_comma,punctuation,Мария посмотри новая редакция. Затем редакция согласовала выпуск.,"Мария, посмотри новая редакция. Затем редакция согласовала выпуск.","Мария, посмотри новая редакция. Затем редакция согласовала выпуск.",True,True,False,False,address_comma
seed_v2,91,address_comma,punctuation,Мария посмотри новая редакция. Затем редакция согласовала выпуск.,"Мария, посмотри новая редакция. Затем редакция согласовала выпуск.","Мария, посмотри новая редакция. Затем редакция согласовала выпуск.",True,True,False,False,address_comma
seed_v2,92,address_comma,punctuation,Мария посмотри точный план. После обеда комиссия уточнила вывод.,"Мария, посмотри точный план. После обеда комиссия уточнила вывод.","Мария, посмотри точный план. После обеда комиссия уточнила вывод.",True,True,False,False,address_comma
seed_v2,93,address_comma,punctuation,Мария посмотри точный план. После обеда комиссия уточнила вывод.,"Мария, посмотри точный план. После обеда комиссия уточнила вывод.","Мария, посмотри точный план. После обеда комиссия уточнила вывод.",True,True,False,False,address_comma
seed_v2,94,address_comma,punctuation,Мария посмотри точный план. После обеда комиссия уточнила вывод.,"Мария, посмотри точный план. После обеда комиссия уточнила вывод.","Мария, посмотри точный план. После обеда комиссия уточнила вывод.",True,True,False,False,address_comma
seed_v2,95,address_comma,punctuation,Мария посмотри точный план. После обеда комиссия уточнила вывод.,"Мария, посмотри точный план. После обеда комиссия уточнила вывод.","Мария, посмотри точный план. После обеда комиссия уточнила вывод.",True,True,False,False,address_comma
seed_v2,96,address_comma,punctuation,Мария посмотри точный план. После обеда комиссия уточнила вывод.,"Мария, посмотри точный план. После обеда комиссия уточнила вывод.","Мария, посмотри точный план. После обеда комиссия уточнила вывод.",True,True,False,False,address_comma
seed_v2,97,address_comma,punctuation,Мария посмотри точный план. После обеда комиссия уточнила вывод.,"Мария, посмотри точный план. После обеда комиссия уточнила вывод.","Мария, посмотри точный план. После обеда комиссия уточнила вывод.",True,True,False,False,address_comma
seed_v2,380,clean_identity,clean_identity,Мемориальный фонд имени принцессы Дианы собрал в видепожертвований населения более 85 миллонов фунтов (140 миллионов долларов).Средичленов правления фонда нет согласия относительно использованиясредств.,Мемориальный фонд имени принцессы Дианы собрал в видепожертвований населения более 85 миллонов фунтов (140 миллионов долларов).Средичленов правления фонда нет согласия относительно использованиясредств.,Мемориальный фонд имени принцессы Дианы собрал в видепожертвований населения более 85 милонов фунтов (140 миллионов долларов).Средичленов правления фонда нет согласия относительно использованиясредств.,False,False,True,True,double_consonant_candidate
seed_v2,433,clean_identity,clean_identity,"Нынешнее решение суда стало вторым смертным приговором, вынесенным по делам, связаным со деятельностью секты.","Нынешнее решение суда стало вторым смертным приговором, вынесенным по делам, связаным со деятельностью секты.","Нынешнее решение суда стало вторым смертным приговором, вынесенным по делам, связанным со деятельностью секты.",False,False,True,True,double_consonant_candidate
seed_v2,536,clean_identity,clean_identity,"По сведениям ""Алгоритма"" , закрытие производства в Зеленограде вызвало панику у продавцов компакт-дисков на Митинском рынке и ""Горбушке"".","По сведениям ""Алгоритма"" , закрытие производства в Зеленограде вызвало панику у продавцов компакт-дисков на Митинском рынке и ""Горбушке"".","По сведениям ""Алгоритма"", закрытие производства в Зеленограде вызвало панику у продавцов компакт-дисков на Митинском рынке и ""Горбушке"".",False,False,True,True,
seed_v2,1030,clean_identity_hard_negative,hard_negative,Мемориальный фонд имени принцессы Дианы собрал в видепожертвований населения более 85 миллонов фунтов (140 миллионов долларов).Средичленов правления фонда нет согласия относительно использованиясредств.,Мемориальный фонд имени принцессы Дианы собрал в видепожертвований населения более 85 миллонов фунтов (140 миллионов долларов).Средичленов правления фонда нет согласия относительно использованиясредств.,Мемориальный фонд имени принцессы Дианы собрал в видепожертвований населения более 85 милонов фунтов (140 миллионов долларов).Средичленов правления фонда нет согласия относительно использованиясредств.,False,False,True,True,double_consonant_candidate
seed_v2,1083,clean_identity_hard_negative,hard_negative,"Нынешнее решение суда стало вторым смертным приговором, вынесенным по делам, связаным со деятельностью секты.","Нынешнее решение суда стало вторым смертным приговором, вынесенным по делам, связаным со деятельностью секты.","Нынешнее решение суда стало вторым смертным приговором, вынесенным по делам, связанным со деятельностью секты.",False,False,True,True,double_consonant_candidate
seed_v2,1186,clean_identity_hard_negative,hard_negative,"По сведениям ""Алгоритма"" , закрытие производства в Зеленограде вызвало панику у продавцов компакт-дисков на Митинском рынке и ""Горбушке"".","По сведениям ""Алгоритма"" , закрытие производства в Зеленограде вызвало панику у продавцов компакт-дисков на Митинском рынке и ""Горбушке"".","По сведениям ""Алгоритма"", закрытие производства в Зеленограде вызвало панику у продавцов компакт-дисков на Митинском рынке и ""Горбушке"".",False,False,True,True,
seed_v2,1398,comma_conjunction,punctuation,Автор торопился зато городской архив сохранили вовремя. Утром редактор принял отчет.,"Автор торопился, зато городской архив сохранили вовремя. Утром редактор принял отчет.","Автор торопился, зато городской архив сохранили вовремя. Утром редактор принял отчет.",True,True,False,False,comma_conjunction
seed_v2,1399,comma_conjunction,punctuation,Автор торопился зато городской архив сохранили вовремя. Утром редактор принял отчет.,"Автор торопился, зато городской архив сохранили вовремя. Утром редактор принял отчет.","Автор торопился, зато городской архив сохранили вовремя. Утром редактор принял отчет.",True,True,False,False,comma_conjunction
seed_v2,1400,comma_conjunction,punctuation,Автор торопился зато городской архив сохранили вовремя. Утром редактор принял отчет.,"Автор торопился, зато городской архив сохранили вовремя. Утром редактор принял отчет.","Автор торопился, зато городской архив сохранили вовремя. Утром редактор принял отчет.",True,True,False,False,comma_conjunction
seed_v2,1401,comma_conjunction,punctuation,Автор торопился зато городской архив сохранили вовремя. Утром редактор принял отчет.,"Автор торопился, зато городской архив сохранили вовремя. Утром редактор принял отчет.","Автор торопился, зато городской архив сохранили вовремя. Утром редактор принял отчет.",True,True,False,False,comma_conjunction
seed_v2,1402,comma_conjunction,punctuation,Автор торопился зато городской архив сохранили вовремя. Утром редактор принял отчет.,"Автор торопился, зато городской архив сохранили вовремя. Утром редактор принял отчет.","Автор торопился, зато городской архив сохранили вовремя. Утром редактор принял отчет.",True,True,False,False,comma_conjunction
seed_v2,1403,comma_conjunction,punctuation,Автор торопился зато городской архив сохранили вовремя. Утром редактор принял отчет.,"Автор торопился, зато городской архив сохранили вовремя. Утром редактор принял отчет.","Автор торопился, зато городской архив сохранили вовремя. Утром редактор принял отчет.",True,True,False,False,comma_conjunction
seed_v2,1404,comma_conjunction,punctuation,Автор торопился зато новая редакция сохранили вовремя. После проверки руководитель подписал лист.,"Автор торопился, зато новая редакция сохранили вовремя. После проверки руководитель подписал лист.","Автор торопился, зато новая редакция сохранили вовремя. После проверки руководитель подписал лист.",True,True,False,False,comma_conjunction
seed_v2,1405,comma_conjunction,punctuation,Автор торопился зато новая редакция сохранили вовремя. После проверки руководитель подписал лист.,"Автор торопился, зато новая редакция сохранили вовремя. После проверки руководитель подписал лист.","Автор торопился, зато новая редакция сохранили вовремя. После проверки руководитель подписал лист.",True,True,False,False,comma_conjunction
seed_v2,1406,comma_conjunction,punctuation,Автор торопился зато новая редакция сохранили вовремя. После проверки руководитель подписал лист.,"Автор торопился, зато новая редакция сохранили вовремя. После проверки руководитель подписал лист.","Автор торопился, зато новая редакция сохранили вовремя. После проверки руководитель подписал лист.",True,True,False,False,comma_conjunction
seed_v2,1407,comma_conjunction,punctuation,Автор торопился зато новая редакция сохранили вовремя. После проверки руководитель подписал лист.,"Автор торопился, зато новая редакция сохранили вовремя. После проверки руководитель подписал лист.","Автор торопился, зато новая редакция сохранили вовремя. После проверки руководитель подписал лист.",True,True,False,False,comma_conjunction
seed_v2,1408,comma_conjunction,punctuation,Автор торопился зато новая редакция сохранили вовремя. После проверки руководитель подписал лист.,"Автор торопился, зато новая редакция сохранили вовремя. После проверки руководитель подписал лист.","Автор торопился, зато новая редакция сохранили вовремя. После проверки руководитель подписал лист.",True,True,False,False,comma_conjunction
seed_v2,1409,comma_conjunction,punctuation,Автор торопился зато новая редакция сохранили вовремя. После проверки руководитель подписал лист.,"Автор торопился, зато новая редакция сохранили вовремя. После проверки руководитель подписал лист.","Автор торопился, зато новая редакция сохранили вовремя. После проверки руководитель подписал лист.",True,True,False,False,comma_conjunction
seed_v2,1410,comma_conjunction,punctuation,Автор торопился зато новая редакция сохранили вовремя. После проверки руководитель подписал лист.,"Автор торопился, зато новая редакция сохранили вовремя. После проверки руководитель подписал лист.","Автор торопился, зато новая редакция сохранили вовремя. После проверки руководитель подписал лист.",True,True,False,False,comma_conjunction
seed_v2,1411,comma_conjunction,punctuation,Автор торопился зато новый документ сохранили вовремя. Позже координатор закрыл заявку.,"Автор торопился, зато новый документ сохранили вовремя. Позже координатор закрыл заявку.","Автор торопился, зато новый документ сохранили вовремя. Позже координатор закрыл заявку.",True,True,False,False,comma_conjunction
seed_v2,1412,comma_conjunction,punctuation,Автор торопился зато новый документ сохранили вовремя. Позже координатор закрыл заявку.,"Автор торопился, зато новый документ сохранили вовремя. Позже координатор закрыл заявку.","Автор торопился, зато новый документ сохранили вовремя. Позже координатор закрыл заявку.",True,True,False,False,comma_conjunction
seed_v2,1413,comma_conjunction,punctuation,Автор торопился зато новый документ сохранили вовремя. Позже координатор закрыл заявку.,"Автор торопился, зато новый документ сохранили вовремя. Позже координатор закрыл заявку.","Автор торопился, зато новый документ сохранили вовремя. Позже координатор закрыл заявку.",True,True,False,False,comma_conjunction
seed_v2,1414,comma_conjunction,punctuation,Автор торопился зато новый документ сохранили вовремя. Позже координатор закрыл заявку.,"Автор торопился, зато новый документ сохранили вовремя. Позже координатор закрыл заявку.","Автор торопился, зато новый документ сохранили вовремя. Позже координатор закрыл заявку.",True,True,False,False,comma_conjunction
seed_v2,1415,comma_conjunction,punctuation,Автор торопился зато новый документ сохранили вовремя. Позже координатор закрыл заявку.,"Автор торопился, зато новый документ сохранили вовремя. Позже координатор закрыл заявку.","Автор торопился, зато новый документ сохранили вовремя. Позже координатор закрыл заявку.",True,True,False,False,comma_conjunction
seed_v2,1416,comma_conjunction,punctuation,Автор торопился зато новый документ сохранили вовремя. Позже координатор закрыл заявку.,"Автор торопился, зато новый документ сохранили вовремя. Позже координатор закрыл заявку.","Автор торопился, зато новый документ сохранили вовремя. Позже координатор закрыл заявку.",True,True,False,False,comma_conjunction
seed_v2,1417,comma_conjunction,punctuation,Автор торопился зато новый документ сохранили вовремя. Позже координатор закрыл заявку.,"Автор торопился, зато новый документ сохранили вовремя. Позже координатор закрыл заявку.","Автор торопился, зато новый документ сохранили вовремя. Позже координатор закрыл заявку.",True,True,False,False,comma_conjunction
seed_v2,1418,comma_conjunction,punctuation,Автор торопился зато новый раздел сохранили вовремя. Позже служба отправила ответ.,"Автор торопился, зато новый раздел сохранили вовремя. Позже служба отправила ответ.","Автор торопился, зато новый раздел сохранили вовремя. Позже служба отправила ответ.",True,True,False,False,comma_conjunction
seed_v2,1419,comma_conjunction,punctuation,Автор торопился зато новый раздел сохранили вовремя. Позже служба отправила ответ.,"Автор торопился, зато новый раздел сохранили вовремя. Позже служба отправила ответ.","Автор торопился, зато новый раздел сохранили вовремя. Позже служба отправила ответ.",True,True,False,False,comma_conjunction
seed_v2,1420,comma_conjunction,punctuation,Автор торопился зато новый раздел сохранили вовремя. Позже служба отправила ответ.,"Автор торопился, зато новый раздел сохранили вовремя. Позже служба отправила ответ.","Автор торопился, зато новый раздел сохранили вовремя. Позже служба отправила ответ.",True,True,False,False,comma_conjunction
seed_v2,1421,comma_conjunction,punctuation,Автор торопился зато новый раздел сохранили вовремя. Позже служба отправила ответ.,"Автор торопился, зато новый раздел сохранили вовремя. Позже служба отправила ответ.","Автор торопился, зато новый раздел сохранили вовремя. Позже служба отправила ответ.",True,True,False,False,comma_conjunction
seed_v2,1422,comma_conjunction,punctuation,Автор торопился зато новый раздел сохранили вовремя. Позже служба отправила ответ.,"Автор торопился, зато новый раздел сохранили вовремя. Позже служба отправила ответ.","Автор торопился, зато новый раздел сохранили вовремя. Позже служба отправила ответ.",True,True,False,False,comma_conjunction
seed_v2,1423,comma_conjunction,punctuation,Автор торопился зато новый раздел сохранили вовремя. Позже служба отправила ответ.,"Автор торопился, зато новый раздел сохранили вовремя. Позже служба отправила ответ.","Автор торопился, зато новый раздел сохранили вовремя. Позже служба отправила ответ.",True,True,False,False,comma_conjunction
seed_v2,1424,comma_conjunction,punctuation,Автор торопился зато новый раздел сохранили вовремя. Позже служба отправила ответ.,"Автор торопился, зато новый раздел сохранили вовремя. Позже служба отправила ответ.","Автор торопился, зато новый раздел сохранили вовремя. Позже служба отправила ответ.",True,True,False,False,comma_conjunction
seed_v2,1425,comma_conjunction,punctuation,Автор торопился зато общий график сохранили вовремя. Утром аналитик сохранил отчет.,"Автор торопился, зато общий график сохранили вовремя. Утром аналитик сохранил отчет.","Автор торопился, зато общий график сохранили вовремя. Утром аналитик сохранил отчет.",True,True,False,False,comma_conjunction
seed_v2,1426,comma_conjunction,punctuation,Автор торопился зато общий график сохранили вовремя. Утром аналитик сохранил отчет.,"Автор торопился, зато общий график сохранили вовремя. Утром аналитик сохранил отчет.","Автор торопился, зато общий график сохранили вовремя. Утром аналитик сохранил отчет.",True,True,False,False,comma_conjunction
seed_v2,1427,comma_conjunction,punctuation,Автор торопился зато общий график сохранили вовремя. Утром аналитик сохранил отчет.,"Автор торопился, зато общий график сохранили вовремя. Утром аналитик сохранил отчет.","Автор торопился, зато общий график сохранили вовремя. Утром аналитик сохранил отчет.",True,True,False,False,comma_conjunction
seed_v2,1428,comma_conjunction,punctuation,Автор торопился зато общий график сохранили вовремя. Утром аналитик сохранил отчет.,"Автор торопился, зато общий график сохранили вовремя. Утром аналитик сохранил отчет.","Автор торопился, зато общий график сохранили вовремя. Утром аналитик сохранил отчет.",True,True,False,False,comma_conjunction
seed_v2,1429,comma_conjunction,punctuation,Автор торопился зато общий график сохранили вовремя. Утром аналитик сохранил отчет.,"Автор торопился, зато общий график сохранили вовремя. Утром аналитик сохранил отчет.","Автор торопился, зато общий график сохранили вовремя. Утром аналитик сохранил отчет.",True,True,False,False,comma_conjunction
seed_v2,1430,comma_conjunction,punctuation,Автор торопился зато общий график сохранили вовремя. Утром аналитик сохранил отчет.,"Автор торопился, зато общий график сохранили вовремя. Утром аналитик сохранил отчет.","Автор торопился, зато общий график сохранили вовремя. Утром аналитик сохранил отчет.",True,True,False,False,comma_conjunction
seed_v2,1431,comma_conjunction,punctuation,Автор торопился зато общий график сохранили вовремя. Утром аналитик сохранил отчет.,"Автор торопился, зато общий график сохранили вовремя. Утром аналитик сохранил отчет.","Автор торопился, зато общий график сохранили вовремя. Утром аналитик сохранил отчет.",True,True,False,False,comma_conjunction
seed_v2,1432,comma_conjunction,punctuation,Автор торопился зато плановая встреча сохранили вовремя. Затем координатор сверил журнал.,"Автор торопился, зато плановая встреча сохранили вовремя. Затем координатор сверил журнал.","Автор торопился, зато плановая встреча сохранили вовремя. Затем координатор сверил журнал.",True,True,False,False,comma_conjunction
seed_v2,1433,comma_conjunction,punctuation,Автор торопился зато плановая встреча сохранили вовремя. Затем координатор сверил журнал.,"Автор торопился, зато плановая встреча сохранили вовремя. Затем координатор сверил журнал.","Автор торопился, зато плановая встреча сохранили вовремя. Затем координатор сверил журнал.",True,True,False,False,comma_conjunction
seed_v2,1434,comma_conjunction,punctuation,Автор торопился зато плановая встреча сохранили вовремя. Затем координатор сверил журнал.,"Автор торопился, зато плановая встреча сохранили вовремя. Затем координатор сверил журнал.","Автор торопился, зато плановая встреча сохранили вовремя. Затем координатор сверил журнал.",True,True,False,False,comma_conjunction
seed_v2,1435,comma_conjunction,punctuation,Автор торопился зато плановая встреча сохранили вовремя. Затем координатор сверил журнал.,"Автор торопился, зато плановая встреча сохранили вовремя. Затем координатор сверил журнал.","Автор торопился, зато плановая встреча сохранили вовремя. Затем координатор сверил журнал.",True,True,False,False,comma_conjunction
seed_v2,1436,comma_conjunction,punctuation,Автор торопился зато плановая встреча сохранили вовремя. Затем координатор сверил журнал.,"Автор торопился, зато плановая встреча сохранили вовремя. Затем координатор сверил журнал.","Автор торопился, зато плановая встреча сохранили вовремя. Затем координатор сверил журнал.",True,True,False,False,comma_conjunction
seed_v2,1437,comma_conjunction,punctuation,Автор торопился зато плановая встреча сохранили вовремя. Затем координатор сверил журнал.,"Автор торопился, зато плановая встреча сохранили вовремя. Затем координатор сверил журнал.","Автор торопился, зато плановая встреча сохранили вовремя. Затем координатор сверил журнал.",True,True,False,False,comma_conjunction
seed_v2,1438,comma_conjunction,punctuation,Автор торопился зато свежая сводка сохранили вовремя. Утром юрист сохранил справку.,"Автор торопился, зато свежая сводка сохранили вовремя. Утром юрист сохранил справку.","Автор торопился, зато свежая сводка сохранили вовремя. Утром юрист сохранил справку.",True,True,False,False,comma_conjunction
seed_v2,1439,comma_conjunction,punctuation,Автор торопился зато свежая сводка сохранили вовремя. Утром юрист сохранил справку.,"Автор торопился, зато свежая сводка сохранили вовремя. Утром юрист сохранил справку.","Автор торопился, зато свежая сводка сохранили вовремя. Утром юрист сохранил справку.",True,True,False,False,comma_conjunction
seed_v2,1440,comma_conjunction,punctuation,Автор торопился зато свежая сводка сохранили вовремя. Утром юрист сохранил справку.,"Автор торопился, зато свежая сводка сохранили вовремя. Утром юрист сохранил справку.","Автор торопился, зато свежая сводка сохранили вовремя. Утром юрист сохранил справку.",True,True,False,False,comma_conjunction
seed_v2,1441,comma_conjunction,punctuation,Автор торопился зато свежая сводка сохранили вовремя. Утром юрист сохранил справку.,"Автор торопился, зато свежая сводка сохранили вовремя. Утром юрист сохранил справку.","Автор торопился, зато свежая сводка сохранили вовремя. Утром юрист сохранил справку.",True,True,False,False,comma_conjunction
seed_v2,1442,comma_conjunction,punctuation,Автор торопился зато свежая сводка сохранили вовремя. Утром юрист сохранил справку.,"Автор торопился, зато свежая сводка сохранили вовремя. Утром юрист сохранил справку.","Автор торопился, зато свежая сводка сохранили вовремя. Утром юрист сохранил справку.",True,True,False,False,comma_conjunction
seed_v2,1443,comma_conjunction,punctuation,Автор торопился зато свежая сводка сохранили вовремя. Утром юрист сохранил справку.,"Автор торопился, зато свежая сводка сохранили вовремя. Утром юрист сохранил справку.","Автор торопился, зато свежая сводка сохранили вовремя. Утром юрист сохранил справку.",True,True,False,False,comma_conjunction
seed_v2,1444,comma_conjunction,punctuation,Автор торопился зато учебная таблица сохранили вовремя. Вечером архивариус нашел копию.,"Автор торопился, зато учебная таблица сохранили вовремя. Вечером архивариус нашел копию.","Автор торопился, зато учебная таблица сохранили вовремя. Вечером архивариус нашел копию.",True,True,False,False,comma_conjunction
seed_v2,1445,comma_conjunction,punctuation,Автор торопился зато учебная таблица сохранили вовремя. Вечером архивариус нашел копию.,"Автор торопился, зато учебная таблица сохранили вовремя. Вечером архивариус нашел копию.","Автор торопился, зато учебная таблица сохранили вовремя. Вечером архивариус нашел копию.",True,True,False,False,comma_conjunction
seed_v2,1446,comma_conjunction,punctuation,Автор торопился зато учебная таблица сохранили вовремя. Вечером архивариус нашел копию.,"Автор торопился, зато учебная таблица сохранили вовремя. Вечером архивариус нашел копию.","Автор торопился, зато учебная таблица сохранили вовремя. Вечером архивариус нашел копию.",True,True,False,False,comma_conjunction
seed_v2,1447,comma_conjunction,punctuation,Автор торопился зато учебная таблица сохранили вовремя. Вечером архивариус нашел копию.,"Автор торопился, зато учебная таблица сохранили вовремя. Вечером архивариус нашел копию.","Автор торопился, зато учебная таблица сохранили вовремя. Вечером архивариус нашел копию.",True,True,False,False,comma_conjunction
seed_v2,1448,comma_conjunction,punctuation,Автор торопился зато учебная таблица сохранили вовремя. Вечером архивариус нашел копию.,"Автор торопился, зато учебная таблица сохранили вовремя. Вечером архивариус нашел копию.","Автор торопился, зато учебная таблица сохранили вовремя. Вечером архивариус нашел копию.",True,True,False,False,comma_conjunction
seed_v2,1449,comma_conjunction,punctuation,Автор торопился зато учебная таблица сохранили вовремя. Вечером архивариус нашел копию.,"Автор торопился, зато учебная таблица сохранили вовремя. Вечером архивариус нашел копию.","Автор торопился, зато учебная таблица сохранили вовремя. Вечером архивариус нашел копию.",True,True,False,False,comma_conjunction
seed_v2,1457,comma_conjunction,punctuation,План простой зато надежный. Позже редакция открыла архив.,"План простой, зато надежный. Позже редакция открыла архив.","План простой, зато надежный. Позже редакция открыла архив.",True,True,False,False,comma_conjunction
seed_v2,1458,comma_conjunction,punctuation,План простой зато надежный. Позже редакция открыла архив.,"План простой, зато надежный. Позже редакция открыла архив.","План простой, зато надежный. Позже редакция открыла архив.",True,True,False,False,comma_conjunction
seed_v2,1459,comma_conjunction,punctuation,План простой зато надежный. Позже редакция открыла архив.,"План простой, зато надежный. Позже редакция открыла архив.","План простой, зато надежный. Позже редакция открыла архив.",True,True,False,False,comma_conjunction
seed_v2,1460,comma_conjunction,punctuation,План простой зато надежный. Позже редакция открыла архив.,"План простой, зато надежный. Позже редакция открыла архив.","План простой, зато надежный. Позже редакция открыла архив.",True,True,False,False,comma_conjunction
seed_v2,1461,comma_conjunction,punctuation,План простой зато надежный. Позже редакция открыла архив.,"План простой, зато надежный. Позже редакция открыла архив.","План простой, зато надежный. Позже редакция открыла архив.",True,True,False,False,comma_conjunction
seed_v2,1462,comma_conjunction,punctuation,План простой зато надежный. Позже редакция открыла архив.,"План простой, зато надежный. Позже редакция открыла архив.","План простой, зато надежный. Позже редакция открыла архив.",True,True,False,False,comma_conjunction
seed_v2,1463,comma_conjunction,punctuation,План простой зато надежный. Позже редакция открыла архив.,"План простой, зато надежный. Позже редакция открыла архив.","План простой, зато надежный. Позже редакция открыла архив.",True,True,False,False,comma_conjunction
seed_v2,1464,comma_conjunction,punctuation,План простой зато надежный. После обеда редактор принял письмо.,"План простой, зато надежный. После обеда редактор принял письмо.","План простой, зато надежный. После обеда редактор принял письмо.",True,True,False,False,comma_conjunction
seed_v2,1465,comma_conjunction,punctuation,План простой зато надежный. После обеда редактор принял письмо.,"План простой, зато надежный. После обеда редактор принял письмо.","План простой, зато надежный. После обеда редактор принял письмо.",True,True,False,False,comma_conjunction
seed_v2,1466,comma_conjunction,punctuation,План простой зато надежный. После обеда редактор принял письмо.,"План простой, зато надежный. После обеда редактор принял письмо.","План простой, зато надежный. После обеда редактор принял письмо.",True,True,False,False,comma_conjunction
seed_v2,1467,comma_conjunction,punctuation,План простой зато надежный. После обеда редактор принял письмо.,"План простой, зато надежный. После обеда редактор принял письмо.","План простой, зато надежный. После обеда редактор принял письмо.",True,True,False,False,comma_conjunction
seed_v2,1468,comma_conjunction,punctuation,План простой зато надежный. После обеда редактор принял письмо.,"План простой, зато надежный. После обеда редактор принял письмо.","План простой, зато надежный. После обеда редактор принял письмо.",True,True,False,False,comma_conjunction
seed_v2,1469,comma_conjunction,punctuation,План простой зато надежный. После обеда редактор принял письмо.,"План простой, зато надежный. После обеда редактор принял письмо.","План простой, зато надежный. После обеда редактор принял письмо.",True,True,False,False,comma_conjunction
seed_v2,1470,comma_subordinate,punctuation,Команда решила что важная подпись нужно проверить. После проверки автор отправил отчет.,"Команда решила, что важная подпись нужно проверить. После проверки автор отправил отчет.","Команда решила, что важная подпись нужно проверить. После проверки автор отправил отчет.",True,True,False,False,comma_subordinate
seed_v2,1471,comma_subordinate,punctuation,Команда решила что важная подпись нужно проверить. После проверки автор отправил отчет.,"Команда решила, что важная подпись нужно проверить. После проверки автор отправил отчет.","Команда решила, что важная подпись нужно проверить. После проверки автор отправил отчет.",True,True,False,False,comma_subordinate
seed_v2,1472,comma_subordinate,punctuation,Команда решила что важная подпись нужно проверить. После проверки автор отправил отчет.,"Команда решила, что важная подпись нужно проверить. После проверки автор отправил отчет.","Команда решила, что важная подпись нужно проверить. После проверки автор отправил отчет.",True,True,False,False,comma_subordinate
seed_v2,1473,comma_subordinate,punctuation,Команда решила что важная подпись нужно проверить. После проверки автор отправил отчет.,"Команда решила, что важная подпись нужно проверить. После проверки автор отправил отчет.","Команда решила, что важная подпись нужно проверить. После проверки автор отправил отчет.",True,True,False,False,comma_subordinate
seed_v2,1474,comma_subordinate,punctuation,Команда решила что важная подпись нужно проверить. После проверки автор отправил отчет.,"Команда решила, что важная подпись нужно проверить. После проверки автор отправил отчет.","Команда решила, что важная подпись нужно проверить. После проверки автор отправил отчет.",True,True,False,False,comma_subordinate
seed_v2,1475,comma_subordinate,punctuation,Команда решила что важная подпись нужно проверить. После проверки автор отправил отчет.,"Команда решила, что важная подпись нужно проверить. После проверки автор отправил отчет.","Команда решила, что важная подпись нужно проверить. После проверки автор отправил отчет.",True,True,False,False,comma_subordinate
seed_v2,1476,comma_subordinate,punctuation,Мы проверили что архивная запись открыт для правок. Утром автор исправил дату.,"Мы проверили, что архивная запись открыт для правок. Утром автор исправил дату.","Мы проверили, что архивная запись открыт для правок. Утром автор исправил дату.",True,True,False,False,comma_subordinate
seed_v2,1477,comma_subordinate,punctuation,Мы проверили что архивная запись открыт для правок. Утром автор исправил дату.,"Мы проверили, что архивная запись открыт для правок. Утром автор исправил дату.","Мы проверили, что архивная запись открыт для правок. Утром автор исправил дату.",True,True,False,False,comma_subordinate
seed_v2,1478,comma_subordinate,punctuation,Мы проверили что архивная запись открыт для правок. Утром автор исправил дату.,"Мы проверили, что архивная запись открыт для правок. Утром автор исправил дату.","Мы проверили, что архивная запись открыт для правок. Утром автор исправил дату.",True,True,False,False,comma_subordinate
seed_v2,1479,comma_subordinate,punctuation,Мы проверили что архивная запись открыт для правок. Утром автор исправил дату.,"Мы проверили, что архивная запись открыт для правок. Утром автор исправил дату.","Мы проверили, что архивная запись открыт для правок. Утром автор исправил дату.",True,True,False,False,comma_subordinate
seed_v2,1480,comma_subordinate,punctuation,Мы проверили что архивная запись открыт для правок. Утром автор исправил дату.,"Мы проверили, что архивная запись открыт для правок. Утром автор исправил дату.","Мы проверили, что архивная запись открыт для правок. Утром автор исправил дату.",True,True,False,False,comma_subordinate
seed_v2,1481,comma_subordinate,punctuation,Мы проверили что архивная запись открыт для правок. Утром автор исправил дату.,"Мы проверили, что архивная запись открыт для правок. Утром автор исправил дату.","Мы проверили, что архивная запись открыт для правок. Утром автор исправил дату.",True,True,False,False,comma_subordinate
seed_v2,1482,comma_subordinate,punctuation,Мы проверили что городская служба открыт для правок. Позже группа сохранила папку.,"Мы проверили, что городская служба открыт для правок. Позже группа сохранила папку.","Мы проверили, что городская служба открыт для правок. Позже группа сохранила папку.",True,True,False,False,comma_subordinate
seed_v2,1483,comma_subordinate,punctuation,Мы проверили что городская служба открыт для правок. Позже группа сохранила папку.,"Мы проверили, что городская служба открыт для правок. Позже группа сохранила папку.","Мы проверили, что городская служба открыт для правок. Позже группа сохранила папку.",True,True,False,False,comma_subordinate
seed_v2,1484,comma_subordinate,punctuation,Мы проверили что городская служба открыт для правок. Позже группа сохранила папку.,"Мы проверили, что городская служба открыт для правок. Позже группа сохранила папку.","Мы проверили, что городская служба открыт для правок. Позже группа сохранила папку.",True,True,False,False,comma_subordinate
seed_v2,1485,comma_subordinate,punctuation,Мы проверили что городская служба открыт для правок. Позже группа сохранила папку.,"Мы проверили, что городская служба открыт для правок. Позже группа сохранила папку.","Мы проверили, что городская служба открыт для правок. Позже группа сохранила папку.",True,True,False,False,comma_subordinate
seed_v2,1486,comma_subordinate,punctuation,Мы проверили что городская служба открыт для правок. Позже группа сохранила папку.,"Мы проверили, что городская служба открыт для правок. Позже группа сохранила папку.","Мы проверили, что городская служба открыт для правок. Позже группа сохранила папку.",True,True,False,False,comma_subordinate
seed_v2,1487,comma_subordinate,punctuation,Мы проверили что городская служба открыт для правок. Позже группа сохранила папку.,"Мы проверили, что городская служба открыт для правок. Позже группа сохранила папку.","Мы проверили, что городская служба открыт для правок. Позже группа сохранила папку.",True,True,False,False,comma_subordinate
seed_v2,1488,comma_subordinate,punctuation,Мы проверили что городская служба открыт для правок. Позже группа сохранила папку.,"Мы проверили, что городская служба открыт для правок. Позже группа сохранила папку.","Мы проверили, что городская служба открыт для правок. Позже группа сохранила папку.",True,True,False,False,comma_subordinate
seed_v2,1489,comma_subordinate,punctuation,Мы проверили что осенняя проверка открыт для правок. Вечером служба обновила список.,"Мы проверили, что осенняя проверка открыт для правок. Вечером служба обновила список.","Мы проверили, что осенняя проверка открыт для правок. Вечером служба обновила список.",True,True,False,False,comma_subordinate
seed_v2,1490,comma_subordinate,punctuation,Мы проверили что осенняя проверка открыт для правок. Вечером служба обновила список.,"Мы проверили, что осенняя проверка открыт для правок. Вечером служба обновила список.","Мы проверили, что осенняя проверка открыт для правок. Вечером служба обновила список.",True,True,False,False,comma_subordinate
seed_v2,1491,comma_subordinate,punctuation,Мы проверили что осенняя проверка открыт для правок. Вечером служба обновила список.,"Мы проверили, что осенняя проверка открыт для правок. Вечером служба обновила список.","Мы проверили, что осенняя проверка открыт для правок. Вечером служба обновила список.",True,True,False,False,comma_subordinate
seed_v2,1492,comma_subordinate,punctuation,Мы проверили что осенняя проверка открыт для правок. Вечером служба обновила список.,"Мы проверили, что осенняя проверка открыт для правок. Вечером служба обновила список.","Мы проверили, что осенняя проверка открыт для правок. Вечером служба обновила список.",True,True,False,False,comma_subordinate
seed_v2,1493,comma_subordinate,punctuation,Мы проверили что осенняя проверка открыт для правок. Вечером служба обновила список.,"Мы проверили, что осенняя проверка открыт для правок. Вечером служба обновила список.","Мы проверили, что осенняя проверка открыт для правок. Вечером служба обновила список.",True,True,False,False,comma_subordinate
seed_v2,1494,comma_subordinate,punctuation,Мы проверили что осенняя проверка открыт для правок. Вечером служба обновила список.,"Мы проверили, что осенняя проверка открыт для правок. Вечером служба обновила список.","Мы проверили, что осенняя проверка открыт для правок. Вечером служба обновила список.",True,True,False,False,comma_subordinate
seed_v2,1495,comma_subordinate,punctuation,Мы проверили что проверенный файл открыт для правок. Позже редакция открыла архив.,"Мы проверили, что проверенный файл открыт для правок. Позже редакция открыла архив.","Мы проверили, что проверенный файл открыт для правок. Позже редакция открыла архив.",True,True,False,False,comma_subordinate
seed_v2,1496,comma_subordinate,punctuation,Мы проверили что проверенный файл открыт для правок. Позже редакция открыла архив.,"Мы проверили, что проверенный файл открыт для правок. Позже редакция открыла архив.","Мы проверили, что проверенный файл открыт для правок. Позже редакция открыла архив.",True,True,False,False,comma_subordinate
seed_v2,1497,comma_subordinate,punctuation,Мы проверили что проверенный файл открыт для правок. Позже редакция открыла архив.,"Мы проверили, что проверенный файл открыт для правок. Позже редакция открыла архив.","Мы проверили, что проверенный файл открыт для правок. Позже редакция открыла архив.",True,True,False,False,comma_subordinate
seed_v2,1498,comma_subordinate,punctuation,Мы проверили что проверенный файл открыт для правок. Позже редакция открыла архив.,"Мы проверили, что проверенный файл открыт для правок. Позже редакция открыла архив.","Мы проверили, что проверенный файл открыт для правок. Позже редакция открыла архив.",True,True,False,False,comma_subordinate
seed_v2,1499,comma_subordinate,punctuation,Мы проверили что проверенный файл открыт для правок. Позже редакция открыла архив.,"Мы проверили, что проверенный файл открыт для правок. Позже редакция открыла архив.","Мы проверили, что проверенный файл открыт для правок. Позже редакция открыла архив.",True,True,False,False,comma_subordinate
seed_v2,1500,comma_subordinate,punctuation,Мы проверили что проверенный файл открыт для правок. Позже редакция открыла архив.,"Мы проверили, что проверенный файл открыт для правок. Позже редакция открыла архив.","Мы проверили, что проверенный файл открыт для правок. Позже редакция открыла архив.",True,True,False,False,comma_subordinate
seed_v2,1501,comma_subordinate,punctuation,Он объяснил что рабочий отчет задержали ненадолго. Затем группа сверила подписи.,"Он объяснил, что рабочий отчет задержали ненадолго. Затем группа сверила подписи.","Он объяснил, что рабочий отчет задержали ненадолго. Затем группа сверила подписи.",True,True,False,False,comma_subordinate
seed_v2,1502,comma_subordinate,punctuation,Он объяснил что рабочий отчет задержали ненадолго. Затем группа сверила подписи.,"Он объяснил, что рабочий отчет задержали ненадолго. Затем группа сверила подписи.","Он объяснил, что рабочий отчет задержали ненадолго. Затем группа сверила подписи.",True,True,False,False,comma_subordinate
seed_v2,1503,comma_subordinate,punctuation,Он объяснил что рабочий отчет задержали ненадолго. Затем группа сверила подписи.,"Он объяснил, что рабочий отчет задержали ненадолго. Затем группа сверила подписи.","Он объяснил, что рабочий отчет задержали ненадолго. Затем группа сверила подписи.",True,True,False,False,comma_subordinate
seed_v2,1504,comma_subordinate,punctuation,Он объяснил что рабочий отчет задержали ненадолго. Затем группа сверила подписи.,"Он объяснил, что рабочий отчет задержали ненадолго. Затем группа сверила подписи.","Он объяснил, что рабочий отчет задержали ненадолго. Затем группа сверила подписи.",True,True,False,False,comma_subordinate
seed_v2,1505,comma_subordinate,punctuation,Он объяснил что рабочий отчет задержали ненадолго. Затем группа сверила подписи.,"Он объяснил, что рабочий отчет задержали ненадолго. Затем группа сверила подписи.","Он объяснил, что рабочий отчет задержали ненадолго. Затем группа сверила подписи.",True,True,False,False,comma_subordinate
seed_v2,1506,comma_subordinate,punctuation,Он объяснил что рабочий отчет задержали ненадолго. Затем группа сверила подписи.,"Он объяснил, что рабочий отчет задержали ненадолго. Затем группа сверила подписи.","Он объяснил, что рабочий отчет задержали ненадолго. Затем группа сверила подписи.",True,True,False,False,comma_subordinate
seed_v2,1507,comma_subordinate,punctuation,Отчет задержали потому что вечерний протокол вернули позже. Позже группа обсудила договор.,"Отчет задержали, потому что вечерний протокол вернули позже. Позже группа обсудила договор.","Отчет задержали, потому что вечерний протокол вернули позже. Позже группа обсудила договор.",True,True,False,False,comma_subordinate
seed_v2,1508,comma_subordinate,punctuation,Отчет задержали потому что вечерний протокол вернули позже. Позже группа обсудила договор.,"Отчет задержали, потому что вечерний протокол вернули позже. Позже группа обсудила договор.","Отчет задержали, потому что вечерний протокол вернули позже. Позже группа обсудила договор.",True,True,False,False,comma_subordinate
seed_v2,1509,comma_subordinate,punctuation,Отчет задержали потому что вечерний протокол вернули позже. Позже группа обсудила договор.,"Отчет задержали, потому что вечерний протокол вернули позже. Позже группа обсудила договор.","Отчет задержали, потому что вечерний протокол вернули позже. Позже группа обсудила договор.",True,True,False,False,comma_subordinate
seed_v2,1510,comma_subordinate,punctuation,Отчет задержали потому что вечерний протокол вернули позже. Позже группа обсудила договор.,"Отчет задержали, потому что вечерний протокол вернули позже. Позже группа обсудила договор.","Отчет задержали, потому что вечерний протокол вернули позже. Позже группа обсудила договор.",True,True,False,False,comma_subordinate
seed_v2,1511,comma_subordinate,punctuation,Отчет задержали потому что вечерний протокол вернули позже. Позже группа обсудила договор.,"Отчет задержали, потому что вечерний протокол вернули позже. Позже группа обсудила договор.","Отчет задержали, потому что вечерний протокол вернули позже. Позже группа обсудила договор.",True,True,False,False,comma_subordinate
seed_v2,1512,comma_subordinate,punctuation,Отчет задержали потому что вечерний протокол вернули позже. Позже группа обсудила договор.,"Отчет задержали, потому что вечерний протокол вернули позже. Позже группа обсудила договор.","Отчет задержали, потому что вечерний протокол вернули позже. Позже группа обсудила договор.",True,True,False,False,comma_subordinate
seed_v2,1513,comma_subordinate,punctuation,Отчет задержали потому что короткая заметка вернули позже. Затем координатор сверил журнал.,"Отчет задержали, потому что короткая заметка вернули позже. Затем координатор сверил журнал.","Отчет задержали, потому что короткая заметка вернули позже. Затем координатор сверил журнал.",True,True,False,False,comma_subordinate
seed_v2,1514,comma_subordinate,punctuation,Отчет задержали потому что короткая заметка вернули позже. Затем координатор сверил журнал.,"Отчет задержали, потому что короткая заметка вернули позже. Затем координатор сверил журнал.","Отчет задержали, потому что короткая заметка вернули позже. Затем координатор сверил журнал.",True,True,False,False,comma_subordinate
seed_v2,1515,comma_subordinate,punctuation,Отчет задержали потому что короткая заметка вернули позже. Затем координатор сверил журнал.,"Отчет задержали, потому что короткая заметка вернули позже. Затем координатор сверил журнал.","Отчет задержали, потому что короткая заметка вернули позже. Затем координатор сверил журнал.",True,True,False,False,comma_subordinate
seed_v2,1516,comma_subordinate,punctuation,Отчет задержали потому что короткая заметка вернули позже. Затем координатор сверил журнал.,"Отчет задержали, потому что короткая заметка вернули позже. Затем координатор сверил журнал.","Отчет задержали, потому что короткая заметка вернули позже. Затем координатор сверил журнал.",True,True,False,False,comma_subordinate
seed_v2,1517,comma_subordinate,punctuation,Отчет задержали потому что короткая заметка вернули позже. Затем координатор сверил журнал.,"Отчет задержали, потому что короткая заметка вернули позже. Затем координатор сверил журнал.","Отчет задержали, потому что короткая заметка вернули позже. Затем координатор сверил журнал.",True,True,False,False,comma_subordinate
seed_v2,1518,comma_subordinate,punctuation,Отчет задержали потому что короткая заметка вернули позже. Затем координатор сверил журнал.,"Отчет задержали, потому что короткая заметка вернули позже. Затем координатор сверил журнал.","Отчет задержали, потому что короткая заметка вернули позже. Затем координатор сверил журнал.",True,True,False,False,comma_subordinate
seed_v2,1519,comma_subordinate,punctuation,Отчет задержали потому что короткая заметка вернули позже. Затем координатор сверил журнал.,"Отчет задержали, потому что короткая заметка вернули позже. Затем координатор сверил журнал.","Отчет задержали, потому что короткая заметка вернули позже. Затем координатор сверил журнал.",True,True,False,False,comma_subordinate
seed_v2,1520,comma_subordinate,punctuation,Отчет задержали потому что плановая встреча вернули позже. Вечером редактор открыл протокол.,"Отчет задержали, потому что плановая встреча вернули позже. Вечером редактор открыл протокол.","Отчет задержали, потому что плановая встреча вернули позже. Вечером редактор открыл протокол.",True,True,False,False,comma_subordinate
seed_v2,1521,comma_subordinate,punctuation,Отчет задержали потому что плановая встреча вернули позже. Вечером редактор открыл протокол.,"Отчет задержали, потому что плановая встреча вернули позже. Вечером редактор открыл протокол.","Отчет задержали, потому что плановая встреча вернули позже. Вечером редактор открыл протокол.",True,True,False,False,comma_subordinate
seed_v2,1522,comma_subordinate,punctuation,Отчет задержали потому что плановая встреча вернули позже. Вечером редактор открыл протокол.,"Отчет задержали, потому что плановая встреча вернули позже. Вечером редактор открыл протокол.","Отчет задержали, потому что плановая встреча вернули позже. Вечером редактор открыл протокол.",True,True,False,False,comma_subordinate
seed_v2,1523,comma_subordinate,punctuation,Отчет задержали потому что плановая встреча вернули позже. Вечером редактор открыл протокол.,"Отчет задержали, потому что плановая встреча вернули позже. Вечером редактор открыл протокол.","Отчет задержали, потому что плановая встреча вернули позже. Вечером редактор открыл протокол.",True,True,False,False,comma_subordinate
seed_v2,1524,comma_subordinate,punctuation,Отчет задержали потому что плановая встреча вернули позже. Вечером редактор открыл протокол.,"Отчет задержали, потому что плановая встреча вернули позже. Вечером редактор открыл протокол.","Отчет задержали, потому что плановая встреча вернули позже. Вечером редактор открыл протокол.",True,True,False,False,comma_subordinate
seed_v2,1525,comma_subordinate,punctuation,Отчет задержали потому что плановая встреча вернули позже. Вечером редактор открыл протокол.,"Отчет задержали, потому что плановая встреча вернули позже. Вечером редактор открыл протокол.","Отчет задержали, потому что плановая встреча вернули позже. Вечером редактор открыл протокол.",True,True,False,False,comma_subordinate
seed_v2,1526,comma_subordinate,punctuation,Отчет задержали потому что рабочая группа вернули позже. Позже автор проверил подпись.,"Отчет задержали, потому что рабочая группа вернули позже. Позже автор проверил подпись.","Отчет задержали, потому что рабочая группа вернули позже. Позже автор проверил подпись.",True,True,False,False,comma_subordinate
seed_v2,1527,comma_subordinate,punctuation,Отчет задержали потому что рабочая группа вернули позже. Позже автор проверил подпись.,"Отчет задержали, потому что рабочая группа вернули позже. Позже автор проверил подпись.","Отчет задержали, потому что рабочая группа вернули позже. Позже автор проверил подпись.",True,True,False,False,comma_subordinate
seed_v2,1528,comma_subordinate,punctuation,Отчет задержали потому что рабочая группа вернули позже. Позже автор проверил подпись.,"Отчет задержали, потому что рабочая группа вернули позже. Позже автор проверил подпись.","Отчет задержали, потому что рабочая группа вернули позже. Позже автор проверил подпись.",True,True,False,False,comma_subordinate
seed_v2,1529,comma_subordinate,punctuation,Отчет задержали потому что рабочая группа вернули позже. Позже автор проверил подпись.,"Отчет задержали, потому что рабочая группа вернули позже. Позже автор проверил подпись.","Отчет задержали, потому что рабочая группа вернули позже. Позже автор проверил подпись.",True,True,False,False,comma_subordinate
seed_v2,1530,comma_subordinate,punctuation,Отчет задержали потому что рабочая группа вернули позже. Позже автор проверил подпись.,"Отчет задержали, потому что рабочая группа вернули позже. Позже автор проверил подпись.","Отчет задержали, потому что рабочая группа вернули позже. Позже автор проверил подпись.",True,True,False,False,comma_subordinate
seed_v2,1531,comma_subordinate,punctuation,Отчет задержали потому что рабочая группа вернули позже. Позже автор проверил подпись.,"Отчет задержали, потому что рабочая группа вернули позже. Позже автор проверил подпись.","Отчет задержали, потому что рабочая группа вернули позже. Позже автор проверил подпись.",True,True,False,False,comma_subordinate
seed_v2,1532,comma_subordinate,punctuation,Проект готов потому что важный договор уже согласован. Позже редактор сверил список.,"Проект готов, потому что важный договор уже согласован. Позже редактор сверил список.","Проект готов, потому что важный договор уже согласован. Позже редактор сверил список.",True,True,False,False,comma_subordinate
seed_v2,1533,comma_subordinate,punctuation,Проект готов потому что важный договор уже согласован. Позже редактор сверил список.,"Проект готов, потому что важный договор уже согласован. Позже редактор сверил список.","Проект готов, потому что важный договор уже согласован. Позже редактор сверил список.",True,True,False,False,comma_subordinate
seed_v2,1534,comma_subordinate,punctuation,Проект готов потому что важный договор уже согласован. Позже редактор сверил список.,"Проект готов, потому что важный договор уже согласован. Позже редактор сверил список.","Проект готов, потому что важный договор уже согласован. Позже редактор сверил список.",True,True,False,False,comma_subordinate
seed_v2,1535,comma_subordinate,punctuation,Проект готов потому что важный договор уже согласован. Позже редактор сверил список.,"Проект готов, потому что важный договор уже согласован. Позже редактор сверил список.","Проект готов, потому что важный договор уже согласован. Позже редактор сверил список.",True,True,False,False,comma_subordinate
seed_v2,1536,comma_subordinate,punctuation,Проект готов потому что важный договор уже согласован. Позже редактор сверил список.,"Проект готов, потому что важный договор уже согласован. Позже редактор сверил список.","Проект готов, потому что важный договор уже согласован. Позже редактор сверил список.",True,True,False,False,comma_subordinate
seed_v2,1537,comma_subordinate,punctuation,Проект готов потому что важный договор уже согласован. Позже редактор сверил список.,"Проект готов, потому что важный договор уже согласован. Позже редактор сверил список.","Проект готов, потому что важный договор уже согласован. Позже редактор сверил список.",True,True,False,False,comma_subordinate
seed_v2,1538,comma_subordinate,punctuation,Проект готов потому что финальный список уже согласован. После совещания команда сверила сроки.,"Проект готов, потому что финальный список уже согласован. После совещания команда сверила сроки.","Проект готов, потому что финальный список уже согласован. После совещания команда сверила сроки.",True,True,False,False,comma_subordinate
seed_v2,1539,comma_subordinate,punctuation,Проект готов потому что финальный список уже согласован. После совещания команда сверила сроки.,"Проект готов, потому что финальный список уже согласован. После совещания команда сверила сроки.","Проект готов, потому что финальный список уже согласован. После совещания команда сверила сроки.",True,True,False,False,comma_subordinate
seed_v2,1540,comma_subordinate,punctuation,Проект готов потому что финальный список уже согласован. После совещания команда сверила сроки.,"Проект готов, потому что финальный список уже согласован. После совещания команда сверила сроки.","Проект готов, потому что финальный список уже согласован. После совещания команда сверила сроки.",True,True,False,False,comma_subordinate
seed_v2,1541,comma_subordinate,punctuation,Проект готов потому что финальный список уже согласован. После совещания команда сверила сроки.,"Проект готов, потому что финальный список уже согласован. После совещания команда сверила сроки.","Проект готов, потому что финальный список уже согласован. После совещания команда сверила сроки.",True,True,False,False,comma_subordinate
seed_v2,1542,comma_subordinate,punctuation,Проект готов потому что финальный список уже согласован. После совещания команда сверила сроки.,"Проект готов, потому что финальный список уже согласован. После совещания команда сверила сроки.","Проект готов, потому что финальный список уже согласован. После совещания команда сверила сроки.",True,True,False,False,comma_subordinate
seed_v2,1543,comma_subordinate,punctuation,Проект готов потому что финальный список уже согласован. После совещания команда сверила сроки.,"Проект готов, потому что финальный список уже согласован. После совещания команда сверила сроки.","Проект готов, потому что финальный список уже согласован. После совещания команда сверила сроки.",True,True,False,False,comma_subordinate
seed_v2,1544,comma_subordinate,punctuation,Редактор заметил что вечерний протокол изменился утром. Утром эксперт прочитал письмо.,"Редактор заметил, что вечерний протокол изменился утром. Утром эксперт прочитал письмо.","Редактор заметил, что вечерний протокол изменился утром. Утром эксперт прочитал письмо.",True,True,False,False,comma_subordinate
seed_v2,1545,comma_subordinate,punctuation,Редактор заметил что вечерний протокол изменился утром. Утром эксперт прочитал письмо.,"Редактор заметил, что вечерний протокол изменился утром. Утром эксперт прочитал письмо.","Редактор заметил, что вечерний протокол изменился утром. Утром эксперт прочитал письмо.",True,True,False,False,comma_subordinate
seed_v2,1546,comma_subordinate,punctuation,Редактор заметил что вечерний протокол изменился утром. Утром эксперт прочитал письмо.,"Редактор заметил, что вечерний протокол изменился утром. Утром эксперт прочитал письмо.","Редактор заметил, что вечерний протокол изменился утром. Утром эксперт прочитал письмо.",True,True,False,False,comma_subordinate
seed_v2,1547,comma_subordinate,punctuation,Редактор заметил что вечерний протокол изменился утром. Утром эксперт прочитал письмо.,"Редактор заметил, что вечерний протокол изменился утром. Утром эксперт прочитал письмо.","Редактор заметил, что вечерний протокол изменился утром. Утром эксперт прочитал письмо.",True,True,False,False,comma_subordinate
seed_v2,1548,comma_subordinate,punctuation,Редактор заметил что вечерний протокол изменился утром. Утром эксперт прочитал письмо.,"Редактор заметил, что вечерний протокол изменился утром. Утром эксперт прочитал письмо.","Редактор заметил, что вечерний протокол изменился утром. Утром эксперт прочитал письмо.",True,True,False,False,comma_subordinate
seed_v2,1549,comma_subordinate,punctuation,Редактор заметил что вечерний протокол изменился утром. Утром эксперт прочитал письмо.,"Редактор заметил, что вечерний протокол изменился утром. Утром эксперт прочитал письмо.","Редактор заметил, что вечерний протокол изменился утром. Утром эксперт прочитал письмо.",True,True,False,False,comma_subordinate
seed_v2,1550,comma_subordinate,punctuation,Редактор заметил что новая редакция изменился утром. После обеда комиссия уточнила вывод.,"Редактор заметил, что новая редакция изменился утром. После обеда комиссия уточнила вывод.","Редактор заметил, что новая редакция изменился утром. После обеда комиссия уточнила вывод.",True,True,False,False,comma_subordinate
seed_v2,1551,comma_subordinate,punctuation,Редактор заметил что новая редакция изменился утром. После обеда комиссия уточнила вывод.,"Редактор заметил, что новая редакция изменился утром. После обеда комиссия уточнила вывод.","Редактор заметил, что новая редакция изменился утром. После обеда комиссия уточнила вывод.",True,True,False,False,comma_subordinate
seed_v2,1552,comma_subordinate,punctuation,Редактор заметил что новая редакция изменился утром. После обеда комиссия уточнила вывод.,"Редактор заметил, что новая редакция изменился утром. После обеда комиссия уточнила вывод.","Редактор заметил, что новая редакция изменился утром. После обеда комиссия уточнила вывод.",True,True,False,False,comma_subordinate
seed_v2,1553,comma_subordinate,punctuation,Редактор заметил что новая редакция изменился утром. После обеда комиссия уточнила вывод.,"Редактор заметил, что новая редакция изменился утром. После обеда комиссия уточнила вывод.","Редактор заметил, что новая редакция изменился утром. После обеда комиссия уточнила вывод.",True,True,False,False,comma_subordinate
seed_v2,1554,comma_subordinate,punctuation,Редактор заметил что новая редакция изменился утром. После обеда комиссия уточнила вывод.,"Редактор заметил, что новая редакция изменился утром. После обеда комиссия уточнила вывод.","Редактор заметил, что новая редакция изменился утром. После обеда комиссия уточнила вывод.",True,True,False,False,comma_subordinate
seed_v2,1555,comma_subordinate,punctuation,Редактор заметил что новая редакция изменился утром. После обеда комиссия уточнила вывод.,"Редактор заметил, что новая редакция изменился утром. После обеда комиссия уточнила вывод.","Редактор заметил, что новая редакция изменился утром. После обеда комиссия уточнила вывод.",True,True,False,False,comma_subordinate
seed_v2,1556,comma_subordinate,punctuation,Редактор заметил что письменный ответ изменился утром. После обеда редактор принял письмо.,"Редактор заметил, что письменный ответ изменился утром. После обеда редактор принял письмо.","Редактор заметил, что письменный ответ изменился утром. После обеда редактор принял письмо.",True,True,False,False,comma_subordinate
seed_v2,1557,comma_subordinate,punctuation,Редактор заметил что письменный ответ изменился утром. После обеда редактор принял письмо.,"Редактор заметил, что письменный ответ изменился утром. После обеда редактор принял письмо.","Редактор заметил, что письменный ответ изменился утром. После обеда редактор принял письмо.",True,True,False,False,comma_subordinate
seed_v2,1558,comma_subordinate,punctuation,Редактор заметил что письменный ответ изменился утром. После обеда редактор принял письмо.,"Редактор заметил, что письменный ответ изменился утром. После обеда редактор принял письмо.","Редактор заметил, что письменный ответ изменился утром. После обеда редактор принял письмо.",True,True,False,False,comma_subordinate
seed_v2,1559,comma_subordinate,punctuation,Редактор заметил что письменный ответ изменился утром. После обеда редактор принял письмо.,"Редактор заметил, что письменный ответ изменился утром. После обеда редактор принял письмо.","Редактор заметил, что письменный ответ изменился утром. После обеда редактор принял письмо.",True,True,False,False,comma_subordinate
seed_v2,1560,comma_subordinate,punctuation,Редактор заметил что письменный ответ изменился утром. После обеда редактор принял письмо.,"Редактор заметил, что письменный ответ изменился утром. После обеда редактор принял письмо.","Редактор заметил, что письменный ответ изменился утром. После обеда редактор принял письмо.",True,True,False,False,comma_subordinate
seed_v2,1561,comma_subordinate,punctuation,Редактор заметил что письменный ответ изменился утром. После обеда редактор принял письмо.,"Редактор заметил, что письменный ответ изменился утром. После обеда редактор принял письмо.","Редактор заметил, что письменный ответ изменился утром. После обеда редактор принял письмо.",True,True,False,False,comma_subordinate
seed_v2,1562,comma_subordinate,punctuation,Редактор заметил что письменный ответ изменился утром. После обеда редактор принял письмо.,"Редактор заметил, что письменный ответ изменился утром. После обеда редактор принял письмо.","Редактор заметил, что письменный ответ изменился утром. После обеда редактор принял письмо.",True,True,False,False,comma_subordinate
seed_v2,1563,comma_subordinate,punctuation,Я думаю что дежурный редактор готов к отправке. Утром редактор принял отчет.,"Я думаю, что дежурный редактор готов к отправке. Утром редактор принял отчет.","Я думаю, что дежурный редактор готов к отправке. Утром редактор принял отчет.",True,True,False,False,comma_subordinate
seed_v2,1564,comma_subordinate,punctuation,Я думаю что дежурный редактор готов к отправке. Утром редактор принял отчет.,"Я думаю, что дежурный редактор готов к отправке. Утром редактор принял отчет.","Я думаю, что дежурный редактор готов к отправке. Утром редактор принял отчет.",True,True,False,False,comma_subordinate
seed_v2,1565,comma_subordinate,punctuation,Я думаю что дежурный редактор готов к отправке. Утром редактор принял отчет.,"Я думаю, что дежурный редактор готов к отправке. Утром редактор принял отчет.","Я думаю, что дежурный редактор готов к отправке. Утром редактор принял отчет.",True,True,False,False,comma_subordinate
seed_v2,1566,comma_subordinate,punctuation,Я думаю что дежурный редактор готов к отправке. Утром редактор принял отчет.,"Я думаю, что дежурный редактор готов к отправке. Утром редактор принял отчет.","Я думаю, что дежурный редактор готов к отправке. Утром редактор принял отчет.",True,True,False,False,comma_subordinate
seed_v2,1567,comma_subordinate,punctuation,Я думаю что дежурный редактор готов к отправке. Утром редактор принял отчет.,"Я думаю, что дежурный редактор готов к отправке. Утром редактор принял отчет.","Я думаю, что дежурный редактор готов к отправке. Утром редактор принял отчет.",True,True,False,False,comma_subordinate
seed_v2,1568,comma_subordinate,punctuation,Я думаю что дежурный редактор готов к отправке. Утром редактор принял отчет.,"Я думаю, что дежурный редактор готов к отправке. Утром редактор принял отчет.","Я думаю, что дежурный редактор готов к отправке. Утром редактор принял отчет.",True,True,False,False,comma_subordinate
seed_v2,1569,comma_subordinate,punctuation,Я думаю что дежурный редактор готов к отправке. Утром редактор принял отчет.,"Я думаю, что дежурный редактор готов к отправке. Утром редактор принял отчет.","Я думаю, что дежурный редактор готов к отправке. Утром редактор принял отчет.",True,True,False,False,comma_subordinate
seed_v2,1570,comma_subordinate,punctuation,Я думаю что свежая сводка готов к отправке. Затем группа проверила договор.,"Я думаю, что свежая сводка готов к отправке. Затем группа проверила договор.","Я думаю, что свежая сводка готов к отправке. Затем группа проверила договор.",True,True,False,False,comma_subordinate
seed_v2,1571,comma_subordinate,punctuation,Я думаю что свежая сводка готов к отправке. Затем группа проверила договор.,"Я думаю, что свежая сводка готов к отправке. Затем группа проверила договор.","Я думаю, что свежая сводка готов к отправке. Затем группа проверила договор.",True,True,False,False,comma_subordinate
seed_v2,1572,comma_subordinate,punctuation,Я думаю что свежая сводка готов к отправке. Затем группа проверила договор.,"Я думаю, что свежая сводка готов к отправке. Затем группа проверила договор.","Я думаю, что свежая сводка готов к отправке. Затем группа проверила договор.",True,True,False,False,comma_subordinate
seed_v2,1573,comma_subordinate,punctuation,Я думаю что свежая сводка готов к отправке. Затем группа проверила договор.,"Я думаю, что свежая сводка готов к отправке. Затем группа проверила договор.","Я думаю, что свежая сводка готов к отправке. Затем группа проверила договор.",True,True,False,False,comma_subordinate
seed_v2,1574,comma_subordinate,punctuation,Я думаю что свежая сводка готов к отправке. Затем группа проверила договор.,"Я думаю, что свежая сводка готов к отправке. Затем группа проверила договор.","Я думаю, что свежая сводка готов к отправке. Затем группа проверила договор.",True,True,False,False,comma_subordinate
seed_v2,1575,comma_subordinate,punctuation,Я думаю что свежая сводка готов к отправке. Затем группа проверила договор.,"Я думаю, что свежая сводка готов к отправке. Затем группа проверила договор.","Я думаю, что свежая сводка готов к отправке. Затем группа проверила договор.",True,True,False,False,comma_subordinate
seed_v2,1576,comma_subordinate,punctuation,Я думаю что свежая сводка готов к отправке. Затем группа проверила договор.,"Я думаю, что свежая сводка готов к отправке. Затем группа проверила договор.","Я думаю, что свежая сводка готов к отправке. Затем группа проверила договор.",True,True,False,False,comma_subordinate
seed_v2,1577,comma_subordinate,punctuation,Я думаю что сводный отчет готов к отправке. Вечером автор сохранил раздел.,"Я думаю, что сводный отчет готов к отправке. Вечером автор сохранил раздел.","Я думаю, что сводный отчет готов к отправке. Вечером автор сохранил раздел.",True,True,False,False,comma_subordinate
seed_v2,1578,comma_subordinate,punctuation,Я думаю что сводный отчет готов к отправке. Вечером автор сохранил раздел.,"Я думаю, что сводный отчет готов к отправке. Вечером автор сохранил раздел.","Я думаю, что сводный отчет готов к отправке. Вечером автор сохранил раздел.",True,True,False,False,comma_subordinate
seed_v2,1579,comma_subordinate,punctuation,Я думаю что сводный отчет готов к отправке. Вечером автор сохранил раздел.,"Я думаю, что сводный отчет готов к отправке. Вечером автор сохранил раздел.","Я думаю, что сводный отчет готов к отправке. Вечером автор сохранил раздел.",True,True,False,False,comma_subordinate
seed_v2,1580,comma_subordinate,punctuation,Я думаю что сводный отчет готов к отправке. Вечером автор сохранил раздел.,"Я думаю, что сводный отчет готов к отправке. Вечером автор сохранил раздел.","Я думаю, что сводный отчет готов к отправке. Вечером автор сохранил раздел.",True,True,False,False,comma_subordinate
seed_v2,1581,comma_subordinate,punctuation,Я думаю что сводный отчет готов к отправке. Вечером автор сохранил раздел.,"Я думаю, что сводный отчет готов к отправке. Вечером автор сохранил раздел.","Я думаю, что сводный отчет готов к отправке. Вечером автор сохранил раздел.",True,True,False,False,comma_subordinate
seed_v2,1582,comma_subordinate,punctuation,Я думаю что сводный отчет готов к отправке. Вечером автор сохранил раздел.,"Я думаю, что сводный отчет готов к отправке. Вечером автор сохранил раздел.","Я думаю, что сводный отчет готов к отправке. Вечером автор сохранил раздел.",True,True,False,False,comma_subordinate
seed_v2,1583,comma_subordinate,punctuation,Я думаю что согласованный договор готов к отправке. Позже аналитик проверил договор.,"Я думаю, что согласованный договор готов к отправке. Позже аналитик проверил договор.","Я думаю, что согласованный договор готов к отправке. Позже аналитик проверил договор.",True,True,False,False,comma_subordinate
seed_v2,1584,comma_subordinate,punctuation,Я думаю что согласованный договор готов к отправке. Позже аналитик проверил договор.,"Я думаю, что согласованный договор готов к отправке. Позже аналитик проверил договор.","Я думаю, что согласованный договор готов к отправке. Позже аналитик проверил договор.",True,True,False,False,comma_subordinate
seed_v2,1585,comma_subordinate,punctuation,Я думаю что согласованный договор готов к отправке. Позже аналитик проверил договор.,"Я думаю, что согласованный договор готов к отправке. Позже аналитик проверил договор.","Я думаю, что согласованный договор готов к отправке. Позже аналитик проверил договор.",True,True,False,False,comma_subordinate
seed_v2,1586,comma_subordinate,punctuation,Я думаю что согласованный договор готов к отправке. Позже аналитик проверил договор.,"Я думаю, что согласованный договор готов к отправке. Позже аналитик проверил договор.","Я думаю, что согласованный договор готов к отправке. Позже аналитик проверил договор.",True,True,False,False,comma_subordinate
seed_v2,1587,comma_subordinate,punctuation,Я думаю что согласованный договор готов к отправке. Позже аналитик проверил договор.,"Я думаю, что согласованный договор готов к отправке. Позже аналитик проверил договор.","Я думаю, что согласованный договор готов к отправке. Позже аналитик проверил договор.",True,True,False,False,comma_subordinate
seed_v2,1588,comma_subordinate,punctuation,Я думаю что согласованный договор готов к отправке. Позже аналитик проверил договор.,"Я думаю, что согласованный договор готов к отправке. Позже аналитик проверил договор.","Я думаю, что согласованный договор готов к отправке. Позже аналитик проверил договор.",True,True,False,False,comma_subordinate
seed_v2,1589,comparative_turnover_comma,punctuation,Он говорил словно все уже решено. Вечером юрист сверил договор.,"Он говорил, словно все уже решено. Вечером юрист сверил договор.","Он говорил, словно все уже решено. Вечером юрист сверил договор.",True,True,False,False,comparative_turnover_comma
seed_v2,1590,comparative_turnover_comma,punctuation,Он говорил словно все уже решено. Вечером юрист сверил договор.,"Он говорил, словно все уже решено. Вечером юрист сверил договор.","Он говорил, словно все уже решено. Вечером юрист сверил договор.",True,True,False,False,comparative_turnover_comma
seed_v2,1591,comparative_turnover_comma,punctuation,Он говорил словно все уже решено. Вечером юрист сверил договор.,"Он говорил, словно все уже решено. Вечером юрист сверил договор.","Он говорил, словно все уже решено. Вечером юрист сверил договор.",True,True,False,False,comparative_turnover_comma
seed_v2,1592,comparative_turnover_comma,punctuation,Он говорил словно все уже решено. Вечером юрист сверил договор.,"Он говорил, словно все уже решено. Вечером юрист сверил договор.","Он говорил, словно все уже решено. Вечером юрист сверил договор.",True,True,False,False,comparative_turnover_comma
seed_v2,1593,comparative_turnover_comma,punctuation,Он говорил словно все уже решено. Вечером юрист сверил договор.,"Он говорил, словно все уже решено. Вечером юрист сверил договор.","Он говорил, словно все уже решено. Вечером юрист сверил договор.",True,True,False,False,comparative_turnover_comma
seed_v2,1594,comparative_turnover_comma,punctuation,Он говорил словно все уже решено. Вечером юрист сверил договор.,"Он говорил, словно все уже решено. Вечером юрист сверил договор.","Он говорил, словно все уже решено. Вечером юрист сверил договор.",True,True,False,False,comparative_turnover_comma
seed_v2,1595,comparative_turnover_comma,punctuation,Он говорил словно все уже решено. Вечером юрист сверил договор.,"Он говорил, словно все уже решено. Вечером юрист сверил договор.","Он говорил, словно все уже решено. Вечером юрист сверил договор.",True,True,False,False,comparative_turnover_comma
seed_v2,1596,comparative_turnover_comma,punctuation,Он говорил словно все уже решено. Затем отдел сохранил журнал.,"Он говорил, словно все уже решено. Затем отдел сохранил журнал.","Он говорил, словно все уже решено. Затем отдел сохранил журнал.",True,True,False,False,comparative_turnover_comma
seed_v2,1597,comparative_turnover_comma,punctuation,Он говорил словно все уже решено. Затем отдел сохранил журнал.,"Он говорил, словно все уже решено. Затем отдел сохранил журнал.","Он говорил, словно все уже решено. Затем отдел сохранил журнал.",True,True,False,False,comparative_turnover_comma
seed_v2,1598,comparative_turnover_comma,punctuation,Он говорил словно все уже решено. Затем отдел сохранил журнал.,"Он говорил, словно все уже решено. Затем отдел сохранил журнал.","Он говорил, словно все уже решено. Затем отдел сохранил журнал.",True,True,False,False,comparative_turnover_comma
seed_v2,1599,comparative_turnover_comma,punctuation,Он говорил словно все уже решено. Затем отдел сохранил журнал.,"Он говорил, словно все уже решено. Затем отдел сохранил журнал.","Он говорил, словно все уже решено. Затем отдел сохранил журнал.",True,True,False,False,comparative_turnover_comma
seed_v2,1600,comparative_turnover_comma,punctuation,Он говорил словно все уже решено. Затем отдел сохранил журнал.,"Он говорил, словно все уже решено. Затем отдел сохранил журнал.","Он говорил, словно все уже решено. Затем отдел сохранил журнал.",True,True,False,False,comparative_turnover_comma
large_v3,0,address_comma,punctuation,Иван открой городская служба. Позже редактор сверил список.,"Иван, открой городская служба. Позже редактор сверил список.","Иван, открой городская служба. Позже редактор сверил список.",True,True,False,False,address_comma
large_v3,1,address_comma,punctuation,Иван открой городская служба. Позже редактор сверил список.,"Иван, открой городская служба. Позже редактор сверил список.","Иван, открой городская служба. Позже редактор сверил список.",True,True,False,False,address_comma
large_v3,2,address_comma,punctuation,Иван открой городская служба. Позже редактор сверил список.,"Иван, открой городская служба. Позже редактор сверил список.","Иван, открой городская служба. Позже редактор сверил список.",True,True,False,False,address_comma
large_v3,3,address_comma,punctuation,Иван открой городская служба. Позже редактор сверил список.,"Иван, открой городская служба. Позже редактор сверил список.","Иван, открой городская служба. Позже редактор сверил список.",True,True,False,False,address_comma
large_v3,4,address_comma,punctuation,Иван открой городская служба. Позже редактор сверил список.,"Иван, открой городская служба. Позже редактор сверил список.","Иван, открой городская служба. Позже редактор сверил список.",True,True,False,False,address_comma
large_v3,5,address_comma,punctuation,Иван открой городская служба. Позже редактор сверил список.,"Иван, открой городская служба. Позже редактор сверил список.","Иван, открой городская служба. Позже редактор сверил список.",True,True,False,False,address_comma
large_v3,6,address_comma,punctuation,Иван открой длинная запись. Вечером секретарь отправил письмо.,"Иван, открой длинная запись. Вечером секретарь отправил письмо.","Иван, открой длинная запись. Вечером секретарь отправил письмо.",True,True,False,False,address_comma
large_v3,7,address_comma,punctuation,Иван открой длинная запись. Вечером секретарь отправил письмо.,"Иван, открой длинная запись. Вечером секретарь отправил письмо.","Иван, открой длинная запись. Вечером секретарь отправил письмо.",True,True,False,False,address_comma
large_v3,8,address_comma,punctuation,Иван открой длинная запись. Вечером секретарь отправил письмо.,"Иван, открой длинная запись. Вечером секретарь отправил письмо.","Иван, открой длинная запись. Вечером секретарь отправил письмо.",True,True,False,False,address_comma
large_v3,9,address_comma,punctuation,Иван открой длинная запись. Вечером секретарь отправил письмо.,"Иван, открой длинная запись. Вечером секретарь отправил письмо.","Иван, открой длинная запись. Вечером секретарь отправил письмо.",True,True,False,False,address_comma
large_v3,10,address_comma,punctuation,Иван открой длинная запись. Вечером секретарь отправил письмо.,"Иван, открой длинная запись. Вечером секретарь отправил письмо.","Иван, открой длинная запись. Вечером секретарь отправил письмо.",True,True,False,False,address_comma
large_v3,11,address_comma,punctuation,Иван открой подробная справка. Позже служба проверила запись.,"Иван, открой подробная справка. Позже служба проверила запись.","Иван, открой подробная справка. Позже служба проверила запись.",True,True,False,False,address_comma
large_v3,12,address_comma,punctuation,Иван открой подробная справка. Позже служба проверила запись.,"Иван, открой подробная справка. Позже служба проверила запись.","Иван, открой подробная справка. Позже служба проверила запись.",True,True,False,False,address_comma
large_v3,13,address_comma,punctuation,Иван открой подробная справка. Позже служба проверила запись.,"Иван, открой подробная справка. Позже служба проверила запись.","Иван, открой подробная справка. Позже служба проверила запись.",True,True,False,False,address_comma
large_v3,14,address_comma,punctuation,Иван открой подробная справка. Позже служба проверила запись.,"Иван, открой подробная справка. Позже служба проверила запись.","Иван, открой подробная справка. Позже служба проверила запись.",True,True,False,False,address_comma
large_v3,15,address_comma,punctuation,Иван открой подробная справка. Позже служба проверила запись.,"Иван, открой подробная справка. Позже служба проверила запись.","Иван, открой подробная справка. Позже служба проверила запись.",True,True,False,False,address_comma
large_v3,16,address_comma,punctuation,Иван открой подробная справка. Позже служба проверила запись.,"Иван, открой подробная справка. Позже служба проверила запись.","Иван, открой подробная справка. Позже служба проверила запись.",True,True,False,False,address_comma
large_v3,17,address_comma,punctuation,Иван отправь важный договор. Утром редактор принял отчет.,"Иван, отправь важный договор. Утром редактор принял отчет.","Иван, отправь важный договор. Утром редактор принял отчет.",True,True,False,False,address_comma
large_v3,18,address_comma,punctuation,Иван отправь важный договор. Утром редактор принял отчет.,"Иван, отправь важный договор. Утром редактор принял отчет.","Иван, отправь важный договор. Утром редактор принял отчет.",True,True,False,False,address_comma
large_v3,19,address_comma,punctuation,Иван отправь важный договор. Утром редактор принял отчет.,"Иван, отправь важный договор. Утром редактор принял отчет.","Иван, отправь важный договор. Утром редактор принял отчет.",True,True,False,False,address_comma
large_v3,20,address_comma,punctuation,Иван отправь важный договор. Утром редактор принял отчет.,"Иван, отправь важный договор. Утром редактор принял отчет.","Иван, отправь важный договор. Утром редактор принял отчет.",True,True,False,False,address_comma
large_v3,21,address_comma,punctuation,Иван отправь важный договор. Утром редактор принял отчет.,"Иван, отправь важный договор. Утром редактор принял отчет.","Иван, отправь важный договор. Утром редактор принял отчет.",True,True,False,False,address_comma
large_v3,22,address_comma,punctuation,Иван отправь важный договор. Утром редактор принял отчет.,"Иван, отправь важный договор. Утром редактор принял отчет.","Иван, отправь важный договор. Утром редактор принял отчет.",True,True,False,False,address_comma
large_v3,23,address_comma,punctuation,Иван отправь важный договор. Утром редактор принял отчет.,"Иван, отправь важный договор. Утром редактор принял отчет.","Иван, отправь важный договор. Утром редактор принял отчет.",True,True,False,False,address_comma
large_v3,24,address_comma,punctuation,Иван отправь открытая заявка. Позже комиссия сохранила решение.,"Иван, отправь открытая заявка. Позже комиссия сохранила решение.","Иван, отправь открытая заявка. Позже комиссия сохранила решение.",True,True,False,False,address_comma
large_v3,25,address_comma,punctuation,Иван отправь открытая заявка. Позже комиссия сохранила решение.,"Иван, отправь открытая заявка. Позже комиссия сохранила решение.","Иван, отправь открытая заявка. Позже комиссия сохранила решение.",True,True,False,False,address_comma
large_v3,26,address_comma,punctuation,Иван отправь открытая заявка. Позже комиссия сохранила решение.,"Иван, отправь открытая заявка. Позже комиссия сохранила решение.","Иван, отправь открытая заявка. Позже комиссия сохранила решение.",True,True,False,False,address_comma
large_v3,27,address_comma,punctuation,Иван отправь открытая заявка. Позже комиссия сохранила решение.,"Иван, отправь открытая заявка. Позже комиссия сохранила решение.","Иван, отправь открытая заявка. Позже комиссия сохранила решение.",True,True,False,False,address_comma
large_v3,28,address_comma,punctuation,Иван отправь открытая заявка. Позже комиссия сохранила решение.,"Иван, отправь открытая заявка. Позже комиссия сохранила решение.","Иван, отправь открытая заявка. Позже комиссия сохранила решение.",True,True,False,False,address_comma
large_v3,29,address_comma,punctuation,Иван отправь открытая заявка. Позже комиссия сохранила решение.,"Иван, отправь открытая заявка. Позже комиссия сохранила решение.","Иван, отправь открытая заявка. Позже комиссия сохранила решение.",True,True,False,False,address_comma
large_v3,30,address_comma,punctuation,Иван отправь утренний приказ. Вечером редактор открыл протокол.,"Иван, отправь утренний приказ. Вечером редактор открыл протокол.","Иван, отправь утренний приказ. Вечером редактор открыл протокол.",True,True,False,False,address_comma
large_v3,31,address_comma,punctuation,Иван отправь утренний приказ. Вечером редактор открыл протокол.,"Иван, отправь утренний приказ. Вечером редактор открыл протокол.","Иван, отправь утренний приказ. Вечером редактор открыл протокол.",True,True,False,False,address_comma
large_v3,32,address_comma,punctuation,Иван отправь утренний приказ. Вечером редактор открыл протокол.,"Иван, отправь утренний приказ. Вечером редактор открыл протокол.","Иван, отправь утренний приказ. Вечером редактор открыл протокол.",True,True,False,False,address_comma
large_v3,33,address_comma,punctuation,Иван отправь утренний приказ. Вечером редактор открыл протокол.,"Иван, отправь утренний приказ. Вечером редактор открыл протокол.","Иван, отправь утренний приказ. Вечером редактор открыл протокол.",True,True,False,False,address_comma
large_v3,34,address_comma,punctuation,Иван отправь утренний приказ. Вечером редактор открыл протокол.,"Иван, отправь утренний приказ. Вечером редактор открыл протокол.","Иван, отправь утренний приказ. Вечером редактор открыл протокол.",True,True,False,False,address_comma
large_v3,35,address_comma,punctuation,Иван отправь утренний приказ. Вечером редактор открыл протокол.,"Иван, отправь утренний приказ. Вечером редактор открыл протокол.","Иван, отправь утренний приказ. Вечером редактор открыл протокол.",True,True,False,False,address_comma
large_v3,36,address_comma,punctuation,Коллеги исправим свежая сводка. Утром отдел отправил договор.,"Коллеги, исправим свежая сводка. Утром отдел отправил договор.","Коллеги, исправим свежая сводка. Утром отдел отправил договор.",True,True,False,False,address_comma
large_v3,37,address_comma,punctuation,Коллеги исправим свежая сводка. Утром отдел отправил договор.,"Коллеги, исправим свежая сводка. Утром отдел отправил договор.","Коллеги, исправим свежая сводка. Утром отдел отправил договор.",True,True,False,False,address_comma
large_v3,38,address_comma,punctuation,Коллеги исправим свежая сводка. Утром отдел отправил договор.,"Коллеги, исправим свежая сводка. Утром отдел отправил договор.","Коллеги, исправим свежая сводка. Утром отдел отправил договор.",True,True,False,False,address_comma
large_v3,39,address_comma,punctuation,Коллеги исправим свежая сводка. Утром отдел отправил договор.,"Коллеги, исправим свежая сводка. Утром отдел отправил договор.","Коллеги, исправим свежая сводка. Утром отдел отправил договор.",True,True,False,False,address_comma
large_v3,40,address_comma,punctuation,Коллеги исправим свежая сводка. Утром отдел отправил договор.,"Коллеги, исправим свежая сводка. Утром отдел отправил договор.","Коллеги, исправим свежая сводка. Утром отдел отправил договор.",True,True,False,False,address_comma
large_v3,41,address_comma,punctuation,Коллеги исправим свежая сводка. Утром отдел отправил договор.,"Коллеги, исправим свежая сводка. Утром отдел отправил договор.","Коллеги, исправим свежая сводка. Утром отдел отправил договор.",True,True,False,False,address_comma
large_v3,42,address_comma,punctuation,Коллеги исправим согласованный договор. Затем эксперт согласовал список.,"Коллеги, исправим согласованный договор. Затем эксперт согласовал список.","Коллеги, исправим согласованный договор. Затем эксперт согласовал список.",True,True,False,False,address_comma
large_v3,43,address_comma,punctuation,Коллеги исправим согласованный договор. Затем эксперт согласовал список.,"Коллеги, исправим согласованный договор. Затем эксперт согласовал список.","Коллеги, исправим согласованный договор. Затем эксперт согласовал список.",True,True,False,False,address_comma
large_v3,44,address_comma,punctuation,Коллеги исправим согласованный договор. Затем эксперт согласовал список.,"Коллеги, исправим согласованный договор. Затем эксперт согласовал список.","Коллеги, исправим согласованный договор. Затем эксперт согласовал список.",True,True,False,False,address_comma
large_v3,45,address_comma,punctuation,Коллеги исправим согласованный договор. Затем эксперт согласовал список.,"Коллеги, исправим согласованный договор. Затем эксперт согласовал список.","Коллеги, исправим согласованный договор. Затем эксперт согласовал список.",True,True,False,False,address_comma
large_v3,46,address_comma,punctuation,Коллеги исправим согласованный договор. Затем эксперт согласовал список.,"Коллеги, исправим согласованный договор. Затем эксперт согласовал список.","Коллеги, исправим согласованный договор. Затем эксперт согласовал список.",True,True,False,False,address_comma
large_v3,47,address_comma,punctuation,Коллеги исправим согласованный договор. Затем эксперт согласовал список.,"Коллеги, исправим согласованный договор. Затем эксперт согласовал список.","Коллеги, исправим согласованный договор. Затем эксперт согласовал список.",True,True,False,False,address_comma
large_v3,48,address_comma,punctuation,Коллеги проверим закрытая заявка. Вечером юрист сверил договор.,"Коллеги, проверим закрытая заявка. Вечером юрист сверил договор.","Коллеги, проверим закрытая заявка. Вечером юрист сверил договор.",True,True,False,False,address_comma
large_v3,49,address_comma,punctuation,Коллеги проверим закрытая заявка. Вечером юрист сверил договор.,"Коллеги, проверим закрытая заявка. Вечером юрист сверил договор.","Коллеги, проверим закрытая заявка. Вечером юрист сверил договор.",True,True,False,False,address_comma
large_v3,50,address_comma,punctuation,Коллеги проверим закрытая заявка. Вечером юрист сверил договор.,"Коллеги, проверим закрытая заявка. Вечером юрист сверил договор.","Коллеги, проверим закрытая заявка. Вечером юрист сверил договор.",True,True,False,False,address_comma
large_v3,51,address_comma,punctuation,Коллеги проверим закрытая заявка. Вечером юрист сверил договор.,"Коллеги, проверим закрытая заявка. Вечером юрист сверил договор.","Коллеги, проверим закрытая заявка. Вечером юрист сверил договор.",True,True,False,False,address_comma
large_v3,52,address_comma,punctuation,Коллеги проверим закрытая заявка. Вечером юрист сверил договор.,"Коллеги, проверим закрытая заявка. Вечером юрист сверил договор.","Коллеги, проверим закрытая заявка. Вечером юрист сверил договор.",True,True,False,False,address_comma
large_v3,53,address_comma,punctuation,Коллеги проверим закрытая заявка. Вечером юрист сверил договор.,"Коллеги, проверим закрытая заявка. Вечером юрист сверил договор.","Коллеги, проверим закрытая заявка. Вечером юрист сверил договор.",True,True,False,False,address_comma
large_v3,54,address_comma,punctuation,Коллеги проверим короткая заметка. Утром группа закрыла протокол.,"Коллеги, проверим короткая заметка. Утром группа закрыла протокол.","Коллеги, проверим короткая заметка. Утром группа закрыла протокол.",True,True,False,False,address_comma
large_v3,55,address_comma,punctuation,Коллеги проверим короткая заметка. Утром группа закрыла протокол.,"Коллеги, проверим короткая заметка. Утром группа закрыла протокол.","Коллеги, проверим короткая заметка. Утром группа закрыла протокол.",True,True,False,False,address_comma
large_v3,56,address_comma,punctuation,Коллеги проверим короткая заметка. Утром группа закрыла протокол.,"Коллеги, проверим короткая заметка. Утром группа закрыла протокол.","Коллеги, проверим короткая заметка. Утром группа закрыла протокол.",True,True,False,False,address_comma
large_v3,57,address_comma,punctuation,Коллеги проверим короткая заметка. Утром группа закрыла протокол.,"Коллеги, проверим короткая заметка. Утром группа закрыла протокол.","Коллеги, проверим короткая заметка. Утром группа закрыла протокол.",True,True,False,False,address_comma
large_v3,58,address_comma,punctuation,Коллеги проверим короткая заметка. Утром группа закрыла протокол.,"Коллеги, проверим короткая заметка. Утром группа закрыла протокол.","Коллеги, проверим короткая заметка. Утром группа закрыла протокол.",True,True,False,False,address_comma
large_v3,59,address_comma,punctuation,Коллеги проверим короткая заметка. Утром группа закрыла протокол.,"Коллеги, проверим короткая заметка. Утром группа закрыла протокол.","Коллеги, проверим короткая заметка. Утром группа закрыла протокол.",True,True,False,False,address_comma
large_v3,60,address_comma,punctuation,Коллеги проверим новая редакция. Затем отдел сохранил журнал.,"Коллеги, проверим новая редакция. Затем отдел сохранил журнал.","Коллеги, проверим новая редакция. Затем отдел сохранил журнал.",True,True,False,False,address_comma
large_v3,61,address_comma,punctuation,Коллеги проверим новая редакция. Затем отдел сохранил журнал.,"Коллеги, проверим новая редакция. Затем отдел сохранил журнал.","Коллеги, проверим новая редакция. Затем отдел сохранил журнал.",True,True,False,False,address_comma
large_v3,62,address_comma,punctuation,Коллеги проверим новая редакция. Затем отдел сохранил журнал.,"Коллеги, проверим новая редакция. Затем отдел сохранил журнал.","Коллеги, проверим новая редакция. Затем отдел сохранил журнал.",True,True,False,False,address_comma
large_v3,63,address_comma,punctuation,Коллеги проверим новая редакция. Затем отдел сохранил журнал.,"Коллеги, проверим новая редакция. Затем отдел сохранил журнал.","Коллеги, проверим новая редакция. Затем отдел сохранил журнал.",True,True,False,False,address_comma
large_v3,64,address_comma,punctuation,Коллеги проверим новая редакция. Затем отдел сохранил журнал.,"Коллеги, проверим новая редакция. Затем отдел сохранил журнал.","Коллеги, проверим новая редакция. Затем отдел сохранил журнал.",True,True,False,False,address_comma
large_v3,65,address_comma,punctuation,Коллеги проверим новая редакция. Затем отдел сохранил журнал.,"Коллеги, проверим новая редакция. Затем отдел сохранил журнал.","Коллеги, проверим новая редакция. Затем отдел сохранил журнал.",True,True,False,False,address_comma
large_v3,66,address_comma,punctuation,Коллеги проверим плановая встреча. Утром редакция выпустила заметку.,"Коллеги, проверим плановая встреча. Утром редакция выпустила заметку.","Коллеги, проверим плановая встреча. Утром редакция выпустила заметку.",True,True,False,False,address_comma
large_v3,67,address_comma,punctuation,Коллеги проверим плановая встреча. Утром редакция выпустила заметку.,"Коллеги, проверим плановая встреча. Утром редакция выпустила заметку.","Коллеги, проверим плановая встреча. Утром редакция выпустила заметку.",True,True,False,False,address_comma
large_v3,68,address_comma,punctuation,Коллеги проверим плановая встреча. Утром редакция выпустила заметку.,"Коллеги, проверим плановая встреча. Утром редакция выпустила заметку.","Коллеги, проверим плановая встреча. Утром редакция выпустила заметку.",True,True,False,False,address_comma
large_v3,69,address_comma,punctuation,Коллеги проверим плановая встреча. Утром редакция выпустила заметку.,"Коллеги, проверим плановая встреча. Утром редакция выпустила заметку.","Коллеги, проверим плановая встреча. Утром редакция выпустила заметку.",True,True,False,False,address_comma
large_v3,70,address_comma,punctuation,Коллеги проверим плановая встреча. Утром редакция выпустила заметку.,"Коллеги, проверим плановая встреча. Утром редакция выпустила заметку.","Коллеги, проверим плановая встреча. Утром редакция выпустила заметку.",True,True,False,False,address_comma
large_v3,71,address_comma,punctuation,Коллеги проверим плановая встреча. Утром редакция выпустила заметку.,"Коллеги, проверим плановая встреча. Утром редакция выпустила заметку.","Коллеги, проверим плановая встреча. Утром редакция выпустила заметку.",True,True,False,False,address_comma
large_v3,72,address_comma,punctuation,Коллеги проверим плановая встреча. Утром редакция выпустила заметку.,"Коллеги, проверим плановая встреча. Утром редакция выпустила заметку.","Коллеги, проверим плановая встреча. Утром редакция выпустила заметку.",True,True,False,False,address_comma
large_v3,73,address_comma,punctuation,Мария посмотри вечерний протокол. Затем группа проверила договор.,"Мария, посмотри вечерний протокол. Затем группа проверила договор.","Мария, посмотри вечерний протокол. Затем группа проверила договор.",True,True,False,False,address_comma
large_v3,74,address_comma,punctuation,Мария посмотри вечерний протокол. Затем группа проверила договор.,"Мария, посмотри вечерний протокол. Затем группа проверила договор.","Мария, посмотри вечерний протокол. Затем группа проверила договор.",True,True,False,False,address_comma
large_v3,75,address_comma,punctuation,Мария посмотри вечерний протокол. Затем группа проверила договор.,"Мария, посмотри вечерний протокол. Затем группа проверила договор.","Мария, посмотри вечерний протокол. Затем группа проверила договор.",True,True,False,False,address_comma
large_v3,76,address_comma,punctuation,Мария посмотри вечерний протокол. Затем группа проверила договор.,"Мария, посмотри вечерний протокол. Затем группа проверила договор.","Мария, посмотри вечерний протокол. Затем группа проверила договор.",True,True,False,False,address_comma
large_v3,77,address_comma,punctuation,Мария посмотри вечерний протокол. Затем группа проверила договор.,"Мария, посмотри вечерний протокол. Затем группа проверила договор.","Мария, посмотри вечерний протокол. Затем группа проверила договор.",True,True,False,False,address_comma
large_v3,78,address_comma,punctuation,Мария посмотри вечерний протокол. Затем группа проверила договор.,"Мария, посмотри вечерний протокол. Затем группа проверила договор.","Мария, посмотри вечерний протокол. Затем группа проверила договор.",True,True,False,False,address_comma
large_v3,79,address_comma,punctuation,Мария посмотри закрытая заявка. Вечером координатор открыл список.,"Мария, посмотри закрытая заявка. Вечером координатор открыл список.","Мария, посмотри закрытая заявка. Вечером координатор открыл список.",True,True,False,False,address_comma
large_v3,80,address_comma,punctuation,Мария посмотри закрытая заявка. Вечером координатор открыл список.,"Мария, посмотри закрытая заявка. Вечером координатор открыл список.","Мария, посмотри закрытая заявка. Вечером координатор открыл список.",True,True,False,False,address_comma
large_v3,81,address_comma,punctuation,Мария посмотри закрытая заявка. Вечером координатор открыл список.,"Мария, посмотри закрытая заявка. Вечером координатор открыл список.","Мария, посмотри закрытая заявка. Вечером координатор открыл список.",True,True,False,False,address_comma
large_v3,82,address_comma,punctuation,Мария посмотри закрытая заявка. Вечером координатор открыл список.,"Мария, посмотри закрытая заявка. Вечером координатор открыл список.","Мария, посмотри закрытая заявка. Вечером координатор открыл список.",True,True,False,False,address_comma
large_v3,83,address_comma,punctuation,Мария посмотри закрытая заявка. Вечером координатор открыл список.,"Мария, посмотри закрытая заявка. Вечером координатор открыл список.","Мария, посмотри закрытая заявка. Вечером координатор открыл список.",True,True,False,False,address_comma
large_v3,84,address_comma,punctuation,Мария посмотри закрытая заявка. Вечером координатор открыл список.,"Мария, посмотри закрытая заявка. Вечером координатор открыл список.","Мария, посмотри закрытая заявка. Вечером координатор открыл список.",True,True,False,False,address_comma
large_v3,85,address_comma,punctuation,Мария посмотри закрытая заявка. Вечером координатор открыл список.,"Мария, посмотри закрытая заявка. Вечером координатор открыл список.","Мария, посмотри закрытая заявка. Вечером координатор открыл список.",True,True,False,False,address_comma
large_v3,86,address_comma,punctuation,Мария посмотри новая редакция. Затем редакция согласовала выпуск.,"Мария, посмотри новая редакция. Затем редакция согласовала выпуск.","Мария, посмотри новая редакция. Затем редакция согласовала выпуск.",True,True,False,False,address_comma
large_v3,87,address_comma,punctuation,Мария посмотри новая редакция. Затем редакция согласовала выпуск.,"Мария, посмотри новая редакция. Затем редакция согласовала выпуск.","Мария, посмотри новая редакция. Затем редакция согласовала выпуск.",True,True,False,False,address_comma
large_v3,88,address_comma,punctuation,Мария посмотри новая редакция. Затем редакция согласовала выпуск.,"Мария, посмотри новая редакция. Затем редакция согласовала выпуск.","Мария, посмотри новая редакция. Затем редакция согласовала выпуск.",True,True,False,False,address_comma
large_v3,89,address_comma,punctuation,Мария посмотри новая редакция. Затем редакция согласовала выпуск.,"Мария, посмотри новая редакция. Затем редакция согласовала выпуск.","Мария, посмотри новая редакция. Затем редакция согласовала выпуск.",True,True,False,False,address_comma
large_v3,90,address_comma,punctuation,Мария посмотри новая редакция. Затем редакция согласовала выпуск.,"Мария, посмотри новая редакция. Затем редакция согласовала выпуск.","Мария, посмотри новая редакция. Затем редакция согласовала выпуск.",True,True,False,False,address_comma
large_v3,91,address_comma,punctuation,Мария посмотри новая редакция. Затем редакция согласовала выпуск.,"Мария, посмотри новая редакция. Затем редакция согласовала выпуск.","Мария, посмотри новая редакция. Затем редакция согласовала выпуск.",True,True,False,False,address_comma
large_v3,92,address_comma,punctuation,Мария посмотри точный план. После обеда комиссия уточнила вывод.,"Мария, посмотри точный план. После обеда комиссия уточнила вывод.","Мария, посмотри точный план. После обеда комиссия уточнила вывод.",True,True,False,False,address_comma
large_v3,93,address_comma,punctuation,Мария посмотри точный план. После обеда комиссия уточнила вывод.,"Мария, посмотри точный план. После обеда комиссия уточнила вывод.","Мария, посмотри точный план. После обеда комиссия уточнила вывод.",True,True,False,False,address_comma
large_v3,94,address_comma,punctuation,Мария посмотри точный план. После обеда комиссия уточнила вывод.,"Мария, посмотри точный план. После обеда комиссия уточнила вывод.","Мария, посмотри точный план. После обеда комиссия уточнила вывод.",True,True,False,False,address_comma
large_v3,95,address_comma,punctuation,Мария посмотри точный план. После обеда комиссия уточнила вывод.,"Мария, посмотри точный план. После обеда комиссия уточнила вывод.","Мария, посмотри точный план. После обеда комиссия уточнила вывод.",True,True,False,False,address_comma
large_v3,96,address_comma,punctuation,Мария посмотри точный план. После обеда комиссия уточнила вывод.,"Мария, посмотри точный план. После обеда комиссия уточнила вывод.","Мария, посмотри точный план. После обеда комиссия уточнила вывод.",True,True,False,False,address_comma
large_v3,97,address_comma,punctuation,Мария посмотри точный план. После обеда комиссия уточнила вывод.,"Мария, посмотри точный план. После обеда комиссия уточнила вывод.","Мария, посмотри точный план. После обеда комиссия уточнила вывод.",True,True,False,False,address_comma
large_v3,105,clean_identity,clean_identity,"""Значительныхнарушений, которые могли бы повлиять на итоги голлосования,наблюдателями не зарегистрировано"", - сказал Вячеслав Цугба.","""Значительныхнарушений, которые могли бы повлиять на итоги голлосования,наблюдателями не зарегистрировано"", - сказал Вячеслав Цугба.","""Значительныхнарушений, которые могли бы повлиять на итоги голосования,наблюдателями не зарегистрировано"", - сказал Вячеслав Цугба.",False,False,True,True,double_consonant_candidate
large_v3,380,clean_identity,clean_identity,Мемориальный фонд имени принцессы Дианы собрал в видепожертвований населения более 85 миллонов фунтов (140 миллионов долларов).Средичленов правления фонда нет согласия относительно использованиясредств.,Мемориальный фонд имени принцессы Дианы собрал в видепожертвований населения более 85 миллонов фунтов (140 миллионов долларов).Средичленов правления фонда нет согласия относительно использованиясредств.,Мемориальный фонд имени принцессы Дианы собрал в видепожертвований населения более 85 милонов фунтов (140 миллионов долларов).Средичленов правления фонда нет согласия относительно использованиясредств.,False,False,True,True,double_consonant_candidate
large_v3,433,clean_identity,clean_identity,"Нынешнее решение суда стало вторым смертным приговором, вынесенным по делам, связаным со деятельностью секты.","Нынешнее решение суда стало вторым смертным приговором, вынесенным по делам, связаным со деятельностью секты.","Нынешнее решение суда стало вторым смертным приговором, вынесенным по делам, связанным со деятельностью секты.",False,False,True,True,double_consonant_candidate
large_v3,536,clean_identity,clean_identity,"По сведениям ""Алгоритма"" , закрытие производства в Зеленограде вызвало панику у продавцов компакт-дисков на Митинском рынке и ""Горбушке"".","По сведениям ""Алгоритма"" , закрытие производства в Зеленограде вызвало панику у продавцов компакт-дисков на Митинском рынке и ""Горбушке"".","По сведениям ""Алгоритма"", закрытие производства в Зеленограде вызвало панику у продавцов компакт-дисков на Митинском рынке и ""Горбушке"".",False,False,True,True,
large_v3,755,clean_identity_hard_negative,hard_negative,"""Значительныхнарушений, которые могли бы повлиять на итоги голлосования,наблюдателями не зарегистрировано"", - сказал Вячеслав Цугба.","""Значительныхнарушений, которые могли бы повлиять на итоги голлосования,наблюдателями не зарегистрировано"", - сказал Вячеслав Цугба.","""Значительныхнарушений, которые могли бы повлиять на итоги голосования,наблюдателями не зарегистрировано"", - сказал Вячеслав Цугба.",False,False,True,True,double_consonant_candidate
large_v3,1030,clean_identity_hard_negative,hard_negative,Мемориальный фонд имени принцессы Дианы собрал в видепожертвований населения более 85 миллонов фунтов (140 миллионов долларов).Средичленов правления фонда нет согласия относительно использованиясредств.,Мемориальный фонд имени принцессы Дианы собрал в видепожертвований населения более 85 миллонов фунтов (140 миллионов долларов).Средичленов правления фонда нет согласия относительно использованиясредств.,Мемориальный фонд имени принцессы Дианы собрал в видепожертвований населения более 85 милонов фунтов (140 миллионов долларов).Средичленов правления фонда нет согласия относительно использованиясредств.,False,False,True,True,double_consonant_candidate
large_v3,1083,clean_identity_hard_negative,hard_negative,"Нынешнее решение суда стало вторым смертным приговором, вынесенным по делам, связаным со деятельностью секты.","Нынешнее решение суда стало вторым смертным приговором, вынесенным по делам, связаным со деятельностью секты.","Нынешнее решение суда стало вторым смертным приговором, вынесенным по делам, связанным со деятельностью секты.",False,False,True,True,double_consonant_candidate
large_v3,1186,clean_identity_hard_negative,hard_negative,"По сведениям ""Алгоритма"" , закрытие производства в Зеленограде вызвало панику у продавцов компакт-дисков на Митинском рынке и ""Горбушке"".","По сведениям ""Алгоритма"" , закрытие производства в Зеленограде вызвало панику у продавцов компакт-дисков на Митинском рынке и ""Горбушке"".","По сведениям ""Алгоритма"", закрытие производства в Зеленограде вызвало панику у продавцов компакт-дисков на Митинском рынке и ""Горбушке"".",False,False,True,True,
large_v3,1398,comma_conjunction,punctuation,Автор торопился зато городской архив сохранили вовремя. Утром редактор принял отчет.,"Автор торопился, зато городской архив сохранили вовремя. Утром редактор принял отчет.","Автор торопился, зато городской архив сохранили вовремя. Утром редактор принял отчет.",True,True,False,False,comma_conjunction
large_v3,1399,comma_conjunction,punctuation,Автор торопился зато городской архив сохранили вовремя. Утром редактор принял отчет.,"Автор торопился, зато городской архив сохранили вовремя. Утром редактор принял отчет.","Автор торопился, зато городской архив сохранили вовремя. Утром редактор принял отчет.",True,True,False,False,comma_conjunction
large_v3,1400,comma_conjunction,punctuation,Автор торопился зато городской архив сохранили вовремя. Утром редактор принял отчет.,"Автор торопился, зато городской архив сохранили вовремя. Утром редактор принял отчет.","Автор торопился, зато городской архив сохранили вовремя. Утром редактор принял отчет.",True,True,False,False,comma_conjunction
large_v3,1401,comma_conjunction,punctuation,Автор торопился зато городской архив сохранили вовремя. Утром редактор принял отчет.,"Автор торопился, зато городской архив сохранили вовремя. Утром редактор принял отчет.","Автор торопился, зато городской архив сохранили вовремя. Утром редактор принял отчет.",True,True,False,False,comma_conjunction
large_v3,1402,comma_conjunction,punctuation,Автор торопился зато городской архив сохранили вовремя. Утром редактор принял отчет.,"Автор торопился, зато городской архив сохранили вовремя. Утром редактор принял отчет.","Автор торопился, зато городской архив сохранили вовремя. Утром редактор принял отчет.",True,True,False,False,comma_conjunction
large_v3,1403,comma_conjunction,punctuation,Автор торопился зато городской архив сохранили вовремя. Утром редактор принял отчет.,"Автор торопился, зато городской архив сохранили вовремя. Утром редактор принял отчет.","Автор торопился, зато городской архив сохранили вовремя. Утром редактор принял отчет.",True,True,False,False,comma_conjunction
large_v3,1404,comma_conjunction,punctuation,Автор торопился зато новая редакция сохранили вовремя. После проверки руководитель подписал лист.,"Автор торопился, зато новая редакция сохранили вовремя. После проверки руководитель подписал лист.","Автор торопился, зато новая редакция сохранили вовремя. После проверки руководитель подписал лист.",True,True,False,False,comma_conjunction
large_v3,1405,comma_conjunction,punctuation,Автор торопился зато новая редакция сохранили вовремя. После проверки руководитель подписал лист.,"Автор торопился, зато новая редакция сохранили вовремя. После проверки руководитель подписал лист.","Автор торопился, зато новая редакция сохранили вовремя. После проверки руководитель подписал лист.",True,True,False,False,comma_conjunction
large_v3,1406,comma_conjunction,punctuation,Автор торопился зато новая редакция сохранили вовремя. После проверки руководитель подписал лист.,"Автор торопился, зато новая редакция сохранили вовремя. После проверки руководитель подписал лист.","Автор торопился, зато новая редакция сохранили вовремя. После проверки руководитель подписал лист.",True,True,False,False,comma_conjunction
large_v3,1407,comma_conjunction,punctuation,Автор торопился зато новая редакция сохранили вовремя. После проверки руководитель подписал лист.,"Автор торопился, зато новая редакция сохранили вовремя. После проверки руководитель подписал лист.","Автор торопился, зато новая редакция сохранили вовремя. После проверки руководитель подписал лист.",True,True,False,False,comma_conjunction
large_v3,1408,comma_conjunction,punctuation,Автор торопился зато новая редакция сохранили вовремя. После проверки руководитель подписал лист.,"Автор торопился, зато новая редакция сохранили вовремя. После проверки руководитель подписал лист.","Автор торопился, зато новая редакция сохранили вовремя. После проверки руководитель подписал лист.",True,True,False,False,comma_conjunction
large_v3,1409,comma_conjunction,punctuation,Автор торопился зато новая редакция сохранили вовремя. После проверки руководитель подписал лист.,"Автор торопился, зато новая редакция сохранили вовремя. После проверки руководитель подписал лист.","Автор торопился, зато новая редакция сохранили вовремя. После проверки руководитель подписал лист.",True,True,False,False,comma_conjunction
large_v3,1410,comma_conjunction,punctuation,Автор торопился зато новая редакция сохранили вовремя. После проверки руководитель подписал лист.,"Автор торопился, зато новая редакция сохранили вовремя. После проверки руководитель подписал лист.","Автор торопился, зато новая редакция сохранили вовремя. После проверки руководитель подписал лист.",True,True,False,False,comma_conjunction
large_v3,1411,comma_conjunction,punctuation,Автор торопился зато новый документ сохранили вовремя. Позже координатор закрыл заявку.,"Автор торопился, зато новый документ сохранили вовремя. Позже координатор закрыл заявку.","Автор торопился, зато новый документ сохранили вовремя. Позже координатор закрыл заявку.",True,True,False,False,comma_conjunction
large_v3,1412,comma_conjunction,punctuation,Автор торопился зато новый документ сохранили вовремя. Позже координатор закрыл заявку.,"Автор торопился, зато новый документ сохранили вовремя. Позже координатор закрыл заявку.","Автор торопился, зато новый документ сохранили вовремя. Позже координатор закрыл заявку.",True,True,False,False,comma_conjunction
large_v3,1413,comma_conjunction,punctuation,Автор торопился зато новый документ сохранили вовремя. Позже координатор закрыл заявку.,"Автор торопился, зато новый документ сохранили вовремя. Позже координатор закрыл заявку.","Автор торопился, зато новый документ сохранили вовремя. Позже координатор закрыл заявку.",True,True,False,False,comma_conjunction
large_v3,1414,comma_conjunction,punctuation,Автор торопился зато новый документ сохранили вовремя. Позже координатор закрыл заявку.,"Автор торопился, зато новый документ сохранили вовремя. Позже координатор закрыл заявку.","Автор торопился, зато новый документ сохранили вовремя. Позже координатор закрыл заявку.",True,True,False,False,comma_conjunction
large_v3,1415,comma_conjunction,punctuation,Автор торопился зато новый документ сохранили вовремя. Позже координатор закрыл заявку.,"Автор торопился, зато новый документ сохранили вовремя. Позже координатор закрыл заявку.","Автор торопился, зато новый документ сохранили вовремя. Позже координатор закрыл заявку.",True,True,False,False,comma_conjunction
large_v3,1416,comma_conjunction,punctuation,Автор торопился зато новый документ сохранили вовремя. Позже координатор закрыл заявку.,"Автор торопился, зато новый документ сохранили вовремя. Позже координатор закрыл заявку.","Автор торопился, зато новый документ сохранили вовремя. Позже координатор закрыл заявку.",True,True,False,False,comma_conjunction
large_v3,1417,comma_conjunction,punctuation,Автор торопился зато новый документ сохранили вовремя. Позже координатор закрыл заявку.,"Автор торопился, зато новый документ сохранили вовремя. Позже координатор закрыл заявку.","Автор торопился, зато новый документ сохранили вовремя. Позже координатор закрыл заявку.",True,True,False,False,comma_conjunction
large_v3,1418,comma_conjunction,punctuation,Автор торопился зато новый раздел сохранили вовремя. Позже служба отправила ответ.,"Автор торопился, зато новый раздел сохранили вовремя. Позже служба отправила ответ.","Автор торопился, зато новый раздел сохранили вовремя. Позже служба отправила ответ.",True,True,False,False,comma_conjunction
large_v3,1419,comma_conjunction,punctuation,Автор торопился зато новый раздел сохранили вовремя. Позже служба отправила ответ.,"Автор торопился, зато новый раздел сохранили вовремя. Позже служба отправила ответ.","Автор торопился, зато новый раздел сохранили вовремя. Позже служба отправила ответ.",True,True,False,False,comma_conjunction
large_v3,1420,comma_conjunction,punctuation,Автор торопился зато новый раздел сохранили вовремя. Позже служба отправила ответ.,"Автор торопился, зато новый раздел сохранили вовремя. Позже служба отправила ответ.","Автор торопился, зато новый раздел сохранили вовремя. Позже служба отправила ответ.",True,True,False,False,comma_conjunction
large_v3,1421,comma_conjunction,punctuation,Автор торопился зато новый раздел сохранили вовремя. Позже служба отправила ответ.,"Автор торопился, зато новый раздел сохранили вовремя. Позже служба отправила ответ.","Автор торопился, зато новый раздел сохранили вовремя. Позже служба отправила ответ.",True,True,False,False,comma_conjunction
large_v3,1422,comma_conjunction,punctuation,Автор торопился зато новый раздел сохранили вовремя. Позже служба отправила ответ.,"Автор торопился, зато новый раздел сохранили вовремя. Позже служба отправила ответ.","Автор торопился, зато новый раздел сохранили вовремя. Позже служба отправила ответ.",True,True,False,False,comma_conjunction
large_v3,1423,comma_conjunction,punctuation,Автор торопился зато новый раздел сохранили вовремя. Позже служба отправила ответ.,"Автор торопился, зато новый раздел сохранили вовремя. Позже служба отправила ответ.","Автор торопился, зато новый раздел сохранили вовремя. Позже служба отправила ответ.",True,True,False,False,comma_conjunction
large_v3,1424,comma_conjunction,punctuation,Автор торопился зато новый раздел сохранили вовремя. Позже служба отправила ответ.,"Автор торопился, зато новый раздел сохранили вовремя. Позже служба отправила ответ.","Автор торопился, зато новый раздел сохранили вовремя. Позже служба отправила ответ.",True,True,False,False,comma_conjunction
large_v3,1425,comma_conjunction,punctuation,Автор торопился зато общий график сохранили вовремя. Утром аналитик сохранил отчет.,"Автор торопился, зато общий график сохранили вовремя. Утром аналитик сохранил отчет.","Автор торопился, зато общий график сохранили вовремя. Утром аналитик сохранил отчет.",True,True,False,False,comma_conjunction
large_v3,1426,comma_conjunction,punctuation,Автор торопился зато общий график сохранили вовремя. Утром аналитик сохранил отчет.,"Автор торопился, зато общий график сохранили вовремя. Утром аналитик сохранил отчет.","Автор торопился, зато общий график сохранили вовремя. Утром аналитик сохранил отчет.",True,True,False,False,comma_conjunction
large_v3,1427,comma_conjunction,punctuation,Автор торопился зато общий график сохранили вовремя. Утром аналитик сохранил отчет.,"Автор торопился, зато общий график сохранили вовремя. Утром аналитик сохранил отчет.","Автор торопился, зато общий график сохранили вовремя. Утром аналитик сохранил отчет.",True,True,False,False,comma_conjunction
large_v3,1428,comma_conjunction,punctuation,Автор торопился зато общий график сохранили вовремя. Утром аналитик сохранил отчет.,"Автор торопился, зато общий график сохранили вовремя. Утром аналитик сохранил отчет.","Автор торопился, зато общий график сохранили вовремя. Утром аналитик сохранил отчет.",True,True,False,False,comma_conjunction
large_v3,1429,comma_conjunction,punctuation,Автор торопился зато общий график сохранили вовремя. Утром аналитик сохранил отчет.,"Автор торопился, зато общий график сохранили вовремя. Утром аналитик сохранил отчет.","Автор торопился, зато общий график сохранили вовремя. Утром аналитик сохранил отчет.",True,True,False,False,comma_conjunction
large_v3,1430,comma_conjunction,punctuation,Автор торопился зато общий график сохранили вовремя. Утром аналитик сохранил отчет.,"Автор торопился, зато общий график сохранили вовремя. Утром аналитик сохранил отчет.","Автор торопился, зато общий график сохранили вовремя. Утром аналитик сохранил отчет.",True,True,False,False,comma_conjunction
large_v3,1431,comma_conjunction,punctuation,Автор торопился зато общий график сохранили вовремя. Утром аналитик сохранил отчет.,"Автор торопился, зато общий график сохранили вовремя. Утром аналитик сохранил отчет.","Автор торопился, зато общий график сохранили вовремя. Утром аналитик сохранил отчет.",True,True,False,False,comma_conjunction
large_v3,1432,comma_conjunction,punctuation,Автор торопился зато плановая встреча сохранили вовремя. Затем координатор сверил журнал.,"Автор торопился, зато плановая встреча сохранили вовремя. Затем координатор сверил журнал.","Автор торопился, зато плановая встреча сохранили вовремя. Затем координатор сверил журнал.",True,True,False,False,comma_conjunction
large_v3,1433,comma_conjunction,punctuation,Автор торопился зато плановая встреча сохранили вовремя. Затем координатор сверил журнал.,"Автор торопился, зато плановая встреча сохранили вовремя. Затем координатор сверил журнал.","Автор торопился, зато плановая встреча сохранили вовремя. Затем координатор сверил журнал.",True,True,False,False,comma_conjunction
large_v3,1434,comma_conjunction,punctuation,Автор торопился зато плановая встреча сохранили вовремя. Затем координатор сверил журнал.,"Автор торопился, зато плановая встреча сохранили вовремя. Затем координатор сверил журнал.","Автор торопился, зато плановая встреча сохранили вовремя. Затем координатор сверил журнал.",True,True,False,False,comma_conjunction
large_v3,1435,comma_conjunction,punctuation,Автор торопился зато плановая встреча сохранили вовремя. Затем координатор сверил журнал.,"Автор торопился, зато плановая встреча сохранили вовремя. Затем координатор сверил журнал.","Автор торопился, зато плановая встреча сохранили вовремя. Затем координатор сверил журнал.",True,True,False,False,comma_conjunction
large_v3,1436,comma_conjunction,punctuation,Автор торопился зато плановая встреча сохранили вовремя. Затем координатор сверил журнал.,"Автор торопился, зато плановая встреча сохранили вовремя. Затем координатор сверил журнал.","Автор торопился, зато плановая встреча сохранили вовремя. Затем координатор сверил журнал.",True,True,False,False,comma_conjunction
large_v3,1437,comma_conjunction,punctuation,Автор торопился зато плановая встреча сохранили вовремя. Затем координатор сверил журнал.,"Автор торопился, зато плановая встреча сохранили вовремя. Затем координатор сверил журнал.","Автор торопился, зато плановая встреча сохранили вовремя. Затем координатор сверил журнал.",True,True,False,False,comma_conjunction
large_v3,1438,comma_conjunction,punctuation,Автор торопился зато свежая сводка сохранили вовремя. Утром юрист сохранил справку.,"Автор торопился, зато свежая сводка сохранили вовремя. Утром юрист сохранил справку.","Автор торопился, зато свежая сводка сохранили вовремя. Утром юрист сохранил справку.",True,True,False,False,comma_conjunction
large_v3,1439,comma_conjunction,punctuation,Автор торопился зато свежая сводка сохранили вовремя. Утром юрист сохранил справку.,"Автор торопился, зато свежая сводка сохранили вовремя. Утром юрист сохранил справку.","Автор торопился, зато свежая сводка сохранили вовремя. Утром юрист сохранил справку.",True,True,False,False,comma_conjunction
large_v3,1440,comma_conjunction,punctuation,Автор торопился зато свежая сводка сохранили вовремя. Утром юрист сохранил справку.,"Автор торопился, зато свежая сводка сохранили вовремя. Утром юрист сохранил справку.","Автор торопился, зато свежая сводка сохранили вовремя. Утром юрист сохранил справку.",True,True,False,False,comma_conjunction
large_v3,1441,comma_conjunction,punctuation,Автор торопился зато свежая сводка сохранили вовремя. Утром юрист сохранил справку.,"Автор торопился, зато свежая сводка сохранили вовремя. Утром юрист сохранил справку.","Автор торопился, зато свежая сводка сохранили вовремя. Утром юрист сохранил справку.",True,True,False,False,comma_conjunction
large_v3,1442,comma_conjunction,punctuation,Автор торопился зато свежая сводка сохранили вовремя. Утром юрист сохранил справку.,"Автор торопился, зато свежая сводка сохранили вовремя. Утром юрист сохранил справку.","Автор торопился, зато свежая сводка сохранили вовремя. Утром юрист сохранил справку.",True,True,False,False,comma_conjunction
large_v3,1443,comma_conjunction,punctuation,Автор торопился зато свежая сводка сохранили вовремя. Утром юрист сохранил справку.,"Автор торопился, зато свежая сводка сохранили вовремя. Утром юрист сохранил справку.","Автор торопился, зато свежая сводка сохранили вовремя. Утром юрист сохранил справку.",True,True,False,False,comma_conjunction
large_v3,1444,comma_conjunction,punctuation,Автор торопился зато учебная таблица сохранили вовремя. Вечером архивариус нашел копию.,"Автор торопился, зато учебная таблица сохранили вовремя. Вечером архивариус нашел копию.","Автор торопился, зато учебная таблица сохранили вовремя. Вечером архивариус нашел копию.",True,True,False,False,comma_conjunction
large_v3,1445,comma_conjunction,punctuation,Автор торопился зато учебная таблица сохранили вовремя. Вечером архивариус нашел копию.,"Автор торопился, зато учебная таблица сохранили вовремя. Вечером архивариус нашел копию.","Автор торопился, зато учебная таблица сохранили вовремя. Вечером архивариус нашел копию.",True,True,False,False,comma_conjunction
large_v3,1446,comma_conjunction,punctuation,Автор торопился зато учебная таблица сохранили вовремя. Вечером архивариус нашел копию.,"Автор торопился, зато учебная таблица сохранили вовремя. Вечером архивариус нашел копию.","Автор торопился, зато учебная таблица сохранили вовремя. Вечером архивариус нашел копию.",True,True,False,False,comma_conjunction
large_v3,1447,comma_conjunction,punctuation,Автор торопился зато учебная таблица сохранили вовремя. Вечером архивариус нашел копию.,"Автор торопился, зато учебная таблица сохранили вовремя. Вечером архивариус нашел копию.","Автор торопился, зато учебная таблица сохранили вовремя. Вечером архивариус нашел копию.",True,True,False,False,comma_conjunction
large_v3,1448,comma_conjunction,punctuation,Автор торопился зато учебная таблица сохранили вовремя. Вечером архивариус нашел копию.,"Автор торопился, зато учебная таблица сохранили вовремя. Вечером архивариус нашел копию.","Автор торопился, зато учебная таблица сохранили вовремя. Вечером архивариус нашел копию.",True,True,False,False,comma_conjunction
large_v3,1449,comma_conjunction,punctuation,Автор торопился зато учебная таблица сохранили вовремя. Вечером архивариус нашел копию.,"Автор торопился, зато учебная таблица сохранили вовремя. Вечером архивариус нашел копию.","Автор торопился, зато учебная таблица сохранили вовремя. Вечером архивариус нашел копию.",True,True,False,False,comma_conjunction
large_v3,1450,comma_conjunction,punctuation,План простой зато надежный. Затем юрист отправил письмо.,"План простой, зато надежный. Затем юрист отправил письмо.","План простой, зато надежный. Затем юрист отправил письмо.",True,True,False,False,comma_conjunction
large_v3,1451,comma_conjunction,punctuation,План простой зато надежный. Затем юрист отправил письмо.,"План простой, зато надежный. Затем юрист отправил письмо.","План простой, зато надежный. Затем юрист отправил письмо.",True,True,False,False,comma_conjunction
large_v3,1452,comma_conjunction,punctuation,План простой зато надежный. Затем юрист отправил письмо.,"План простой, зато надежный. Затем юрист отправил письмо.","План простой, зато надежный. Затем юрист отправил письмо.",True,True,False,False,comma_conjunction
large_v3,1453,comma_conjunction,punctuation,План простой зато надежный. Затем юрист отправил письмо.,"План простой, зато надежный. Затем юрист отправил письмо.","План простой, зато надежный. Затем юрист отправил письмо.",True,True,False,False,comma_conjunction
large_v3,1454,comma_conjunction,punctuation,План простой зато надежный. Затем юрист отправил письмо.,"План простой, зато надежный. Затем юрист отправил письмо.","План простой, зато надежный. Затем юрист отправил письмо.",True,True,False,False,comma_conjunction
large_v3,1455,comma_conjunction,punctuation,План простой зато надежный. Затем юрист отправил письмо.,"План простой, зато надежный. Затем юрист отправил письмо.","План простой, зато надежный. Затем юрист отправил письмо.",True,True,False,False,comma_conjunction
large_v3,1456,comma_conjunction,punctuation,План простой зато надежный. Затем юрист отправил письмо.,"План простой, зато надежный. Затем юрист отправил письмо.","План простой, зато надежный. Затем юрист отправил письмо.",True,True,False,False,comma_conjunction
large_v3,1457,comma_conjunction,punctuation,План простой зато надежный. Позже редакция открыла архив.,"План простой, зато надежный. Позже редакция открыла архив.","План простой, зато надежный. Позже редакция открыла архив.",True,True,False,False,comma_conjunction
large_v3,1458,comma_conjunction,punctuation,План простой зато надежный. Позже редакция открыла архив.,"План простой, зато надежный. Позже редакция открыла архив.","План простой, зато надежный. Позже редакция открыла архив.",True,True,False,False,comma_conjunction
large_v3,1459,comma_conjunction,punctuation,План простой зато надежный. Позже редакция открыла архив.,"План простой, зато надежный. Позже редакция открыла архив.","План простой, зато надежный. Позже редакция открыла архив.",True,True,False,False,comma_conjunction
large_v3,1460,comma_conjunction,punctuation,План простой зато надежный. Позже редакция открыла архив.,"План простой, зато надежный. Позже редакция открыла архив.","План простой, зато надежный. Позже редакция открыла архив.",True,True,False,False,comma_conjunction
large_v3,1461,comma_conjunction,punctuation,План простой зато надежный. Позже редакция открыла архив.,"План простой, зато надежный. Позже редакция открыла архив.","План простой, зато надежный. Позже редакция открыла архив.",True,True,False,False,comma_conjunction
large_v3,1462,comma_conjunction,punctuation,План простой зато надежный. Позже редакция открыла архив.,"План простой, зато надежный. Позже редакция открыла архив.","План простой, зато надежный. Позже редакция открыла архив.",True,True,False,False,comma_conjunction
large_v3,1463,comma_conjunction,punctuation,План простой зато надежный. Позже редакция открыла архив.,"План простой, зато надежный. Позже редакция открыла архив.","План простой, зато надежный. Позже редакция открыла архив.",True,True,False,False,comma_conjunction
large_v3,1464,comma_conjunction,punctuation,План простой зато надежный. После обеда редактор принял письмо.,"План простой, зато надежный. После обеда редактор принял письмо.","План простой, зато надежный. После обеда редактор принял письмо.",True,True,False,False,comma_conjunction
large_v3,1465,comma_conjunction,punctuation,План простой зато надежный. После обеда редактор принял письмо.,"План простой, зато надежный. После обеда редактор принял письмо.","План простой, зато надежный. После обеда редактор принял письмо.",True,True,False,False,comma_conjunction
large_v3,1466,comma_conjunction,punctuation,План простой зато надежный. После обеда редактор принял письмо.,"План простой, зато надежный. После обеда редактор принял письмо.","План простой, зато надежный. После обеда редактор принял письмо.",True,True,False,False,comma_conjunction
large_v3,1467,comma_conjunction,punctuation,План простой зато надежный. После обеда редактор принял письмо.,"План простой, зато надежный. После обеда редактор принял письмо.","План простой, зато надежный. После обеда редактор принял письмо.",True,True,False,False,comma_conjunction
large_v3,1468,comma_conjunction,punctuation,План простой зато надежный. После обеда редактор принял письмо.,"План простой, зато надежный. После обеда редактор принял письмо.","План простой, зато надежный. После обеда редактор принял письмо.",True,True,False,False,comma_conjunction
large_v3,1469,comma_conjunction,punctuation,План простой зато надежный. После обеда редактор принял письмо.,"План простой, зато надежный. После обеда редактор принял письмо.","План простой, зато надежный. После обеда редактор принял письмо.",True,True,False,False,comma_conjunction
large_v3,1470,comma_subordinate,punctuation,Команда решила что важная подпись нужно проверить. После проверки автор отправил отчет.,"Команда решила, что важная подпись нужно проверить. После проверки автор отправил отчет.","Команда решила, что важная подпись нужно проверить. После проверки автор отправил отчет.",True,True,False,False,comma_subordinate
large_v3,1471,comma_subordinate,punctuation,Команда решила что важная подпись нужно проверить. После проверки автор отправил отчет.,"Команда решила, что важная подпись нужно проверить. После проверки автор отправил отчет.","Команда решила, что важная подпись нужно проверить. После проверки автор отправил отчет.",True,True,False,False,comma_subordinate
large_v3,1472,comma_subordinate,punctuation,Команда решила что важная подпись нужно проверить. После проверки автор отправил отчет.,"Команда решила, что важная подпись нужно проверить. После проверки автор отправил отчет.","Команда решила, что важная подпись нужно проверить. После проверки автор отправил отчет.",True,True,False,False,comma_subordinate
large_v3,1473,comma_subordinate,punctuation,Команда решила что важная подпись нужно проверить. После проверки автор отправил отчет.,"Команда решила, что важная подпись нужно проверить. После проверки автор отправил отчет.","Команда решила, что важная подпись нужно проверить. После проверки автор отправил отчет.",True,True,False,False,comma_subordinate
large_v3,1474,comma_subordinate,punctuation,Команда решила что важная подпись нужно проверить. После проверки автор отправил отчет.,"Команда решила, что важная подпись нужно проверить. После проверки автор отправил отчет.","Команда решила, что важная подпись нужно проверить. После проверки автор отправил отчет.",True,True,False,False,comma_subordinate
large_v3,1475,comma_subordinate,punctuation,Команда решила что важная подпись нужно проверить. После проверки автор отправил отчет.,"Команда решила, что важная подпись нужно проверить. После проверки автор отправил отчет.","Команда решила, что важная подпись нужно проверить. После проверки автор отправил отчет.",True,True,False,False,comma_subordinate
large_v3,1476,comma_subordinate,punctuation,Мы проверили что архивная запись открыт для правок. Утром автор исправил дату.,"Мы проверили, что архивная запись открыт для правок. Утром автор исправил дату.","Мы проверили, что архивная запись открыт для правок. Утром автор исправил дату.",True,True,False,False,comma_subordinate
large_v3,1477,comma_subordinate,punctuation,Мы проверили что архивная запись открыт для правок. Утром автор исправил дату.,"Мы проверили, что архивная запись открыт для правок. Утром автор исправил дату.","Мы проверили, что архивная запись открыт для правок. Утром автор исправил дату.",True,True,False,False,comma_subordinate
large_v3,1478,comma_subordinate,punctuation,Мы проверили что архивная запись открыт для правок. Утром автор исправил дату.,"Мы проверили, что архивная запись открыт для правок. Утром автор исправил дату.","Мы проверили, что архивная запись открыт для правок. Утром автор исправил дату.",True,True,False,False,comma_subordinate
large_v3,1479,comma_subordinate,punctuation,Мы проверили что архивная запись открыт для правок. Утром автор исправил дату.,"Мы проверили, что архивная запись открыт для правок. Утром автор исправил дату.","Мы проверили, что архивная запись открыт для правок. Утром автор исправил дату.",True,True,False,False,comma_subordinate
large_v3,1480,comma_subordinate,punctuation,Мы проверили что архивная запись открыт для правок. Утром автор исправил дату.,"Мы проверили, что архивная запись открыт для правок. Утром автор исправил дату.","Мы проверили, что архивная запись открыт для правок. Утром автор исправил дату.",True,True,False,False,comma_subordinate
large_v3,1481,comma_subordinate,punctuation,Мы проверили что архивная запись открыт для правок. Утром автор исправил дату.,"Мы проверили, что архивная запись открыт для правок. Утром автор исправил дату.","Мы проверили, что архивная запись открыт для правок. Утром автор исправил дату.",True,True,False,False,comma_subordinate
large_v3,1482,comma_subordinate,punctuation,Мы проверили что городская служба открыт для правок. Позже группа сохранила папку.,"Мы проверили, что городская служба открыт для правок. Позже группа сохранила папку.","Мы проверили, что городская служба открыт для правок. Позже группа сохранила папку.",True,True,False,False,comma_subordinate
large_v3,1483,comma_subordinate,punctuation,Мы проверили что городская служба открыт для правок. Позже группа сохранила папку.,"Мы проверили, что городская служба открыт для правок. Позже группа сохранила папку.","Мы проверили, что городская служба открыт для правок. Позже группа сохранила папку.",True,True,False,False,comma_subordinate
large_v3,1484,comma_subordinate,punctuation,Мы проверили что городская служба открыт для правок. Позже группа сохранила папку.,"Мы проверили, что городская служба открыт для правок. Позже группа сохранила папку.","Мы проверили, что городская служба открыт для правок. Позже группа сохранила папку.",True,True,False,False,comma_subordinate
large_v3,1485,comma_subordinate,punctuation,Мы проверили что городская служба открыт для правок. Позже группа сохранила папку.,"Мы проверили, что городская служба открыт для правок. Позже группа сохранила папку.","Мы проверили, что городская служба открыт для правок. Позже группа сохранила папку.",True,True,False,False,comma_subordinate
large_v3,1486,comma_subordinate,punctuation,Мы проверили что городская служба открыт для правок. Позже группа сохранила папку.,"Мы проверили, что городская служба открыт для правок. Позже группа сохранила папку.","Мы проверили, что городская служба открыт для правок. Позже группа сохранила папку.",True,True,False,False,comma_subordinate
large_v3,1487,comma_subordinate,punctuation,Мы проверили что городская служба открыт для правок. Позже группа сохранила папку.,"Мы проверили, что городская служба открыт для правок. Позже группа сохранила папку.","Мы проверили, что городская служба открыт для правок. Позже группа сохранила папку.",True,True,False,False,comma_subordinate
large_v3,1488,comma_subordinate,punctuation,Мы проверили что городская служба открыт для правок. Позже группа сохранила папку.,"Мы проверили, что городская служба открыт для правок. Позже группа сохранила папку.","Мы проверили, что городская служба открыт для правок. Позже группа сохранила папку.",True,True,False,False,comma_subordinate
large_v3,1489,comma_subordinate,punctuation,Мы проверили что осенняя проверка открыт для правок. Вечером служба обновила список.,"Мы проверили, что осенняя проверка открыт для правок. Вечером служба обновила список.","Мы проверили, что осенняя проверка открыт для правок. Вечером служба обновила список.",True,True,False,False,comma_subordinate
large_v3,1490,comma_subordinate,punctuation,Мы проверили что осенняя проверка открыт для правок. Вечером служба обновила список.,"Мы проверили, что осенняя проверка открыт для правок. Вечером служба обновила список.","Мы проверили, что осенняя проверка открыт для правок. Вечером служба обновила список.",True,True,False,False,comma_subordinate
large_v3,1491,comma_subordinate,punctuation,Мы проверили что осенняя проверка открыт для правок. Вечером служба обновила список.,"Мы проверили, что осенняя проверка открыт для правок. Вечером служба обновила список.","Мы проверили, что осенняя проверка открыт для правок. Вечером служба обновила список.",True,True,False,False,comma_subordinate
large_v3,1492,comma_subordinate,punctuation,Мы проверили что осенняя проверка открыт для правок. Вечером служба обновила список.,"Мы проверили, что осенняя проверка открыт для правок. Вечером служба обновила список.","Мы проверили, что осенняя проверка открыт для правок. Вечером служба обновила список.",True,True,False,False,comma_subordinate
large_v3,1493,comma_subordinate,punctuation,Мы проверили что осенняя проверка открыт для правок. Вечером служба обновила список.,"Мы проверили, что осенняя проверка открыт для правок. Вечером служба обновила список.","Мы проверили, что осенняя проверка открыт для правок. Вечером служба обновила список.",True,True,False,False,comma_subordinate
large_v3,1494,comma_subordinate,punctuation,Мы проверили что осенняя проверка открыт для правок. Вечером служба обновила список.,"Мы проверили, что осенняя проверка открыт для правок. Вечером служба обновила список.","Мы проверили, что осенняя проверка открыт для правок. Вечером служба обновила список.",True,True,False,False,comma_subordinate
large_v3,1495,comma_subordinate,punctuation,Мы проверили что проверенный файл открыт для правок. Позже редакция открыла архив.,"Мы проверили, что проверенный файл открыт для правок. Позже редакция открыла архив.","Мы проверили, что проверенный файл открыт для правок. Позже редакция открыла архив.",True,True,False,False,comma_subordinate
large_v3,1496,comma_subordinate,punctuation,Мы проверили что проверенный файл открыт для правок. Позже редакция открыла архив.,"Мы проверили, что проверенный файл открыт для правок. Позже редакция открыла архив.","Мы проверили, что проверенный файл открыт для правок. Позже редакция открыла архив.",True,True,False,False,comma_subordinate
large_v3,1497,comma_subordinate,punctuation,Мы проверили что проверенный файл открыт для правок. Позже редакция открыла архив.,"Мы проверили, что проверенный файл открыт для правок. Позже редакция открыла архив.","Мы проверили, что проверенный файл открыт для правок. Позже редакция открыла архив.",True,True,False,False,comma_subordinate
large_v3,1498,comma_subordinate,punctuation,Мы проверили что проверенный файл открыт для правок. Позже редакция открыла архив.,"Мы проверили, что проверенный файл открыт для правок. Позже редакция открыла архив.","Мы проверили, что проверенный файл открыт для правок. Позже редакция открыла архив.",True,True,False,False,comma_subordinate
large_v3,1499,comma_subordinate,punctuation,Мы проверили что проверенный файл открыт для правок. Позже редакция открыла архив.,"Мы проверили, что проверенный файл открыт для правок. Позже редакция открыла архив.","Мы проверили, что проверенный файл открыт для правок. Позже редакция открыла архив.",True,True,False,False,comma_subordinate
large_v3,1500,comma_subordinate,punctuation,Мы проверили что проверенный файл открыт для правок. Позже редакция открыла архив.,"Мы проверили, что проверенный файл открыт для правок. Позже редакция открыла архив.","Мы проверили, что проверенный файл открыт для правок. Позже редакция открыла архив.",True,True,False,False,comma_subordinate
large_v3,1501,comma_subordinate,punctuation,Он объяснил что рабочий отчет задержали ненадолго. Затем группа сверила подписи.,"Он объяснил, что рабочий отчет задержали ненадолго. Затем группа сверила подписи.","Он объяснил, что рабочий отчет задержали ненадолго. Затем группа сверила подписи.",True,True,False,False,comma_subordinate
large_v3,1502,comma_subordinate,punctuation,Он объяснил что рабочий отчет задержали ненадолго. Затем группа сверила подписи.,"Он объяснил, что рабочий отчет задержали ненадолго. Затем группа сверила подписи.","Он объяснил, что рабочий отчет задержали ненадолго. Затем группа сверила подписи.",True,True,False,False,comma_subordinate
large_v3,1503,comma_subordinate,punctuation,Он объяснил что рабочий отчет задержали ненадолго. Затем группа сверила подписи.,"Он объяснил, что рабочий отчет задержали ненадолго. Затем группа сверила подписи.","Он объяснил, что рабочий отчет задержали ненадолго. Затем группа сверила подписи.",True,True,False,False,comma_subordinate
large_v3,1504,comma_subordinate,punctuation,Он объяснил что рабочий отчет задержали ненадолго. Затем группа сверила подписи.,"Он объяснил, что рабочий отчет задержали ненадолго. Затем группа сверила подписи.","Он объяснил, что рабочий отчет задержали ненадолго. Затем группа сверила подписи.",True,True,False,False,comma_subordinate
large_v3,1505,comma_subordinate,punctuation,Он объяснил что рабочий отчет задержали ненадолго. Затем группа сверила подписи.,"Он объяснил, что рабочий отчет задержали ненадолго. Затем группа сверила подписи.","Он объяснил, что рабочий отчет задержали ненадолго. Затем группа сверила подписи.",True,True,False,False,comma_subordinate
large_v3,1506,comma_subordinate,punctuation,Он объяснил что рабочий отчет задержали ненадолго. Затем группа сверила подписи.,"Он объяснил, что рабочий отчет задержали ненадолго. Затем группа сверила подписи.","Он объяснил, что рабочий отчет задержали ненадолго. Затем группа сверила подписи.",True,True,False,False,comma_subordinate
large_v3,1507,comma_subordinate,punctuation,Отчет задержали потому что вечерний протокол вернули позже. Позже группа обсудила договор.,"Отчет задержали, потому что вечерний протокол вернули позже. Позже группа обсудила договор.","Отчет задержали, потому что вечерний протокол вернули позже. Позже группа обсудила договор.",True,True,False,False,comma_subordinate
large_v3,1508,comma_subordinate,punctuation,Отчет задержали потому что вечерний протокол вернули позже. Позже группа обсудила договор.,"Отчет задержали, потому что вечерний протокол вернули позже. Позже группа обсудила договор.","Отчет задержали, потому что вечерний протокол вернули позже. Позже группа обсудила договор.",True,True,False,False,comma_subordinate
large_v3,1509,comma_subordinate,punctuation,Отчет задержали потому что вечерний протокол вернули позже. Позже группа обсудила договор.,"Отчет задержали, потому что вечерний протокол вернули позже. Позже группа обсудила договор.","Отчет задержали, потому что вечерний протокол вернули позже. Позже группа обсудила договор.",True,True,False,False,comma_subordinate
large_v3,1510,comma_subordinate,punctuation,Отчет задержали потому что вечерний протокол вернули позже. Позже группа обсудила договор.,"Отчет задержали, потому что вечерний протокол вернули позже. Позже группа обсудила договор.","Отчет задержали, потому что вечерний протокол вернули позже. Позже группа обсудила договор.",True,True,False,False,comma_subordinate
large_v3,1511,comma_subordinate,punctuation,Отчет задержали потому что вечерний протокол вернули позже. Позже группа обсудила договор.,"Отчет задержали, потому что вечерний протокол вернули позже. Позже группа обсудила договор.","Отчет задержали, потому что вечерний протокол вернули позже. Позже группа обсудила договор.",True,True,False,False,comma_subordinate
large_v3,1512,comma_subordinate,punctuation,Отчет задержали потому что вечерний протокол вернули позже. Позже группа обсудила договор.,"Отчет задержали, потому что вечерний протокол вернули позже. Позже группа обсудила договор.","Отчет задержали, потому что вечерний протокол вернули позже. Позже группа обсудила договор.",True,True,False,False,comma_subordinate
large_v3,1513,comma_subordinate,punctuation,Отчет задержали потому что короткая заметка вернули позже. Затем координатор сверил журнал.,"Отчет задержали, потому что короткая заметка вернули позже. Затем координатор сверил журнал.","Отчет задержали, потому что короткая заметка вернули позже. Затем координатор сверил журнал.",True,True,False,False,comma_subordinate
large_v3,1514,comma_subordinate,punctuation,Отчет задержали потому что короткая заметка вернули позже. Затем координатор сверил журнал.,"Отчет задержали, потому что короткая заметка вернули позже. Затем координатор сверил журнал.","Отчет задержали, потому что короткая заметка вернули позже. Затем координатор сверил журнал.",True,True,False,False,comma_subordinate
large_v3,1515,comma_subordinate,punctuation,Отчет задержали потому что короткая заметка вернули позже. Затем координатор сверил журнал.,"Отчет задержали, потому что короткая заметка вернули позже. Затем координатор сверил журнал.","Отчет задержали, потому что короткая заметка вернули позже. Затем координатор сверил журнал.",True,True,False,False,comma_subordinate
large_v3,1516,comma_subordinate,punctuation,Отчет задержали потому что короткая заметка вернули позже. Затем координатор сверил журнал.,"Отчет задержали, потому что короткая заметка вернули позже. Затем координатор сверил журнал.","Отчет задержали, потому что короткая заметка вернули позже. Затем координатор сверил журнал.",True,True,False,False,comma_subordinate
large_v3,1517,comma_subordinate,punctuation,Отчет задержали потому что короткая заметка вернули позже. Затем координатор сверил журнал.,"Отчет задержали, потому что короткая заметка вернули позже. Затем координатор сверил журнал.","Отчет задержали, потому что короткая заметка вернули позже. Затем координатор сверил журнал.",True,True,False,False,comma_subordinate
large_v3,1518,comma_subordinate,punctuation,Отчет задержали потому что короткая заметка вернули позже. Затем координатор сверил журнал.,"Отчет задержали, потому что короткая заметка вернули позже. Затем координатор сверил журнал.","Отчет задержали, потому что короткая заметка вернули позже. Затем координатор сверил журнал.",True,True,False,False,comma_subordinate
large_v3,1519,comma_subordinate,punctuation,Отчет задержали потому что короткая заметка вернули позже. Затем координатор сверил журнал.,"Отчет задержали, потому что короткая заметка вернули позже. Затем координатор сверил журнал.","Отчет задержали, потому что короткая заметка вернули позже. Затем координатор сверил журнал.",True,True,False,False,comma_subordinate
large_v3,1520,comma_subordinate,punctuation,Отчет задержали потому что плановая встреча вернули позже. Вечером редактор открыл протокол.,"Отчет задержали, потому что плановая встреча вернули позже. Вечером редактор открыл протокол.","Отчет задержали, потому что плановая встреча вернули позже. Вечером редактор открыл протокол.",True,True,False,False,comma_subordinate
large_v3,1521,comma_subordinate,punctuation,Отчет задержали потому что плановая встреча вернули позже. Вечером редактор открыл протокол.,"Отчет задержали, потому что плановая встреча вернули позже. Вечером редактор открыл протокол.","Отчет задержали, потому что плановая встреча вернули позже. Вечером редактор открыл протокол.",True,True,False,False,comma_subordinate
large_v3,1522,comma_subordinate,punctuation,Отчет задержали потому что плановая встреча вернули позже. Вечером редактор открыл протокол.,"Отчет задержали, потому что плановая встреча вернули позже. Вечером редактор открыл протокол.","Отчет задержали, потому что плановая встреча вернули позже. Вечером редактор открыл протокол.",True,True,False,False,comma_subordinate
large_v3,1523,comma_subordinate,punctuation,Отчет задержали потому что плановая встреча вернули позже. Вечером редактор открыл протокол.,"Отчет задержали, потому что плановая встреча вернули позже. Вечером редактор открыл протокол.","Отчет задержали, потому что плановая встреча вернули позже. Вечером редактор открыл протокол.",True,True,False,False,comma_subordinate
large_v3,1524,comma_subordinate,punctuation,Отчет задержали потому что плановая встреча вернули позже. Вечером редактор открыл протокол.,"Отчет задержали, потому что плановая встреча вернули позже. Вечером редактор открыл протокол.","Отчет задержали, потому что плановая встреча вернули позже. Вечером редактор открыл протокол.",True,True,False,False,comma_subordinate
large_v3,1525,comma_subordinate,punctuation,Отчет задержали потому что плановая встреча вернули позже. Вечером редактор открыл протокол.,"Отчет задержали, потому что плановая встреча вернули позже. Вечером редактор открыл протокол.","Отчет задержали, потому что плановая встреча вернули позже. Вечером редактор открыл протокол.",True,True,False,False,comma_subordinate
large_v3,1526,comma_subordinate,punctuation,Отчет задержали потому что рабочая группа вернули позже. Позже автор проверил подпись.,"Отчет задержали, потому что рабочая группа вернули позже. Позже автор проверил подпись.","Отчет задержали, потому что рабочая группа вернули позже. Позже автор проверил подпись.",True,True,False,False,comma_subordinate
large_v3,1527,comma_subordinate,punctuation,Отчет задержали потому что рабочая группа вернули позже. Позже автор проверил подпись.,"Отчет задержали, потому что рабочая группа вернули позже. Позже автор проверил подпись.","Отчет задержали, потому что рабочая группа вернули позже. Позже автор проверил подпись.",True,True,False,False,comma_subordinate
large_v3,1528,comma_subordinate,punctuation,Отчет задержали потому что рабочая группа вернули позже. Позже автор проверил подпись.,"Отчет задержали, потому что рабочая группа вернули позже. Позже автор проверил подпись.","Отчет задержали, потому что рабочая группа вернули позже. Позже автор проверил подпись.",True,True,False,False,comma_subordinate
large_v3,1529,comma_subordinate,punctuation,Отчет задержали потому что рабочая группа вернули позже. Позже автор проверил подпись.,"Отчет задержали, потому что рабочая группа вернули позже. Позже автор проверил подпись.","Отчет задержали, потому что рабочая группа вернули позже. Позже автор проверил подпись.",True,True,False,False,comma_subordinate
large_v3,1530,comma_subordinate,punctuation,Отчет задержали потому что рабочая группа вернули позже. Позже автор проверил подпись.,"Отчет задержали, потому что рабочая группа вернули позже. Позже автор проверил подпись.","Отчет задержали, потому что рабочая группа вернули позже. Позже автор проверил подпись.",True,True,False,False,comma_subordinate
large_v3,1531,comma_subordinate,punctuation,Отчет задержали потому что рабочая группа вернули позже. Позже автор проверил подпись.,"Отчет задержали, потому что рабочая группа вернули позже. Позже автор проверил подпись.","Отчет задержали, потому что рабочая группа вернули позже. Позже автор проверил подпись.",True,True,False,False,comma_subordinate
large_v3,1532,comma_subordinate,punctuation,Проект готов потому что важный договор уже согласован. Позже редактор сверил список.,"Проект готов, потому что важный договор уже согласован. Позже редактор сверил список.","Проект готов, потому что важный договор уже согласован. Позже редактор сверил список.",True,True,False,False,comma_subordinate
large_v3,1533,comma_subordinate,punctuation,Проект готов потому что важный договор уже согласован. Позже редактор сверил список.,"Проект готов, потому что важный договор уже согласован. Позже редактор сверил список.","Проект готов, потому что важный договор уже согласован. Позже редактор сверил список.",True,True,False,False,comma_subordinate
large_v3,1534,comma_subordinate,punctuation,Проект готов потому что важный договор уже согласован. Позже редактор сверил список.,"Проект готов, потому что важный договор уже согласован. Позже редактор сверил список.","Проект готов, потому что важный договор уже согласован. Позже редактор сверил список.",True,True,False,False,comma_subordinate
large_v3,1535,comma_subordinate,punctuation,Проект готов потому что важный договор уже согласован. Позже редактор сверил список.,"Проект готов, потому что важный договор уже согласован. Позже редактор сверил список.","Проект готов, потому что важный договор уже согласован. Позже редактор сверил список.",True,True,False,False,comma_subordinate
large_v3,1536,comma_subordinate,punctuation,Проект готов потому что важный договор уже согласован. Позже редактор сверил список.,"Проект готов, потому что важный договор уже согласован. Позже редактор сверил список.","Проект готов, потому что важный договор уже согласован. Позже редактор сверил список.",True,True,False,False,comma_subordinate
large_v3,1537,comma_subordinate,punctuation,Проект готов потому что важный договор уже согласован. Позже редактор сверил список.,"Проект готов, потому что важный договор уже согласован. Позже редактор сверил список.","Проект готов, потому что важный договор уже согласован. Позже редактор сверил список.",True,True,False,False,comma_subordinate
large_v3,1538,comma_subordinate,punctuation,Проект готов потому что финальный список уже согласован. После совещания команда сверила сроки.,"Проект готов, потому что финальный список уже согласован. После совещания команда сверила сроки.","Проект готов, потому что финальный список уже согласован. После совещания команда сверила сроки.",True,True,False,False,comma_subordinate
large_v3,1539,comma_subordinate,punctuation,Проект готов потому что финальный список уже согласован. После совещания команда сверила сроки.,"Проект готов, потому что финальный список уже согласован. После совещания команда сверила сроки.","Проект готов, потому что финальный список уже согласован. После совещания команда сверила сроки.",True,True,False,False,comma_subordinate
large_v3,1540,comma_subordinate,punctuation,Проект готов потому что финальный список уже согласован. После совещания команда сверила сроки.,"Проект готов, потому что финальный список уже согласован. После совещания команда сверила сроки.","Проект готов, потому что финальный список уже согласован. После совещания команда сверила сроки.",True,True,False,False,comma_subordinate
large_v3,1541,comma_subordinate,punctuation,Проект готов потому что финальный список уже согласован. После совещания команда сверила сроки.,"Проект готов, потому что финальный список уже согласован. После совещания команда сверила сроки.","Проект готов, потому что финальный список уже согласован. После совещания команда сверила сроки.",True,True,False,False,comma_subordinate
large_v3,1542,comma_subordinate,punctuation,Проект готов потому что финальный список уже согласован. После совещания команда сверила сроки.,"Проект готов, потому что финальный список уже согласован. После совещания команда сверила сроки.","Проект готов, потому что финальный список уже согласован. После совещания команда сверила сроки.",True,True,False,False,comma_subordinate
large_v3,1543,comma_subordinate,punctuation,Проект готов потому что финальный список уже согласован. После совещания команда сверила сроки.,"Проект готов, потому что финальный список уже согласован. После совещания команда сверила сроки.","Проект готов, потому что финальный список уже согласован. После совещания команда сверила сроки.",True,True,False,False,comma_subordinate
large_v3,1544,comma_subordinate,punctuation,Редактор заметил что вечерний протокол изменился утром. Утром эксперт прочитал письмо.,"Редактор заметил, что вечерний протокол изменился утром. Утром эксперт прочитал письмо.","Редактор заметил, что вечерний протокол изменился утром. Утром эксперт прочитал письмо.",True,True,False,False,comma_subordinate
large_v3,1545,comma_subordinate,punctuation,Редактор заметил что вечерний протокол изменился утром. Утром эксперт прочитал письмо.,"Редактор заметил, что вечерний протокол изменился утром. Утром эксперт прочитал письмо.","Редактор заметил, что вечерний протокол изменился утром. Утром эксперт прочитал письмо.",True,True,False,False,comma_subordinate
large_v3,1546,comma_subordinate,punctuation,Редактор заметил что вечерний протокол изменился утром. Утром эксперт прочитал письмо.,"Редактор заметил, что вечерний протокол изменился утром. Утром эксперт прочитал письмо.","Редактор заметил, что вечерний протокол изменился утром. Утром эксперт прочитал письмо.",True,True,False,False,comma_subordinate
large_v3,1547,comma_subordinate,punctuation,Редактор заметил что вечерний протокол изменился утром. Утром эксперт прочитал письмо.,"Редактор заметил, что вечерний протокол изменился утром. Утром эксперт прочитал письмо.","Редактор заметил, что вечерний протокол изменился утром. Утром эксперт прочитал письмо.",True,True,False,False,comma_subordinate
large_v3,1548,comma_subordinate,punctuation,Редактор заметил что вечерний протокол изменился утром. Утром эксперт прочитал письмо.,"Редактор заметил, что вечерний протокол изменился утром. Утром эксперт прочитал письмо.","Редактор заметил, что вечерний протокол изменился утром. Утром эксперт прочитал письмо.",True,True,False,False,comma_subordinate
large_v3,1549,comma_subordinate,punctuation,Редактор заметил что вечерний протокол изменился утром. Утром эксперт прочитал письмо.,"Редактор заметил, что вечерний протокол изменился утром. Утром эксперт прочитал письмо.","Редактор заметил, что вечерний протокол изменился утром. Утром эксперт прочитал письмо.",True,True,False,False,comma_subordinate
large_v3,1550,comma_subordinate,punctuation,Редактор заметил что новая редакция изменился утром. После обеда комиссия уточнила вывод.,"Редактор заметил, что новая редакция изменился утром. После обеда комиссия уточнила вывод.","Редактор заметил, что новая редакция изменился утром. После обеда комиссия уточнила вывод.",True,True,False,False,comma_subordinate
large_v3,1551,comma_subordinate,punctuation,Редактор заметил что новая редакция изменился утром. После обеда комиссия уточнила вывод.,"Редактор заметил, что новая редакция изменился утром. После обеда комиссия уточнила вывод.","Редактор заметил, что новая редакция изменился утром. После обеда комиссия уточнила вывод.",True,True,False,False,comma_subordinate
large_v3,1552,comma_subordinate,punctuation,Редактор заметил что новая редакция изменился утром. После обеда комиссия уточнила вывод.,"Редактор заметил, что новая редакция изменился утром. После обеда комиссия уточнила вывод.","Редактор заметил, что новая редакция изменился утром. После обеда комиссия уточнила вывод.",True,True,False,False,comma_subordinate
large_v3,1553,comma_subordinate,punctuation,Редактор заметил что новая редакция изменился утром. После обеда комиссия уточнила вывод.,"Редактор заметил, что новая редакция изменился утром. После обеда комиссия уточнила вывод.","Редактор заметил, что новая редакция изменился утром. После обеда комиссия уточнила вывод.",True,True,False,False,comma_subordinate
large_v3,1554,comma_subordinate,punctuation,Редактор заметил что новая редакция изменился утром. После обеда комиссия уточнила вывод.,"Редактор заметил, что новая редакция изменился утром. После обеда комиссия уточнила вывод.","Редактор заметил, что новая редакция изменился утром. После обеда комиссия уточнила вывод.",True,True,False,False,comma_subordinate
large_v3,1555,comma_subordinate,punctuation,Редактор заметил что новая редакция изменился утром. После обеда комиссия уточнила вывод.,"Редактор заметил, что новая редакция изменился утром. После обеда комиссия уточнила вывод.","Редактор заметил, что новая редакция изменился утром. После обеда комиссия уточнила вывод.",True,True,False,False,comma_subordinate
large_v3,1556,comma_subordinate,punctuation,Редактор заметил что письменный ответ изменился утром. После обеда редактор принял письмо.,"Редактор заметил, что письменный ответ изменился утром. После обеда редактор принял письмо.","Редактор заметил, что письменный ответ изменился утром. После обеда редактор принял письмо.",True,True,False,False,comma_subordinate
large_v3,1557,comma_subordinate,punctuation,Редактор заметил что письменный ответ изменился утром. После обеда редактор принял письмо.,"Редактор заметил, что письменный ответ изменился утром. После обеда редактор принял письмо.","Редактор заметил, что письменный ответ изменился утром. После обеда редактор принял письмо.",True,True,False,False,comma_subordinate
large_v3,1558,comma_subordinate,punctuation,Редактор заметил что письменный ответ изменился утром. После обеда редактор принял письмо.,"Редактор заметил, что письменный ответ изменился утром. После обеда редактор принял письмо.","Редактор заметил, что письменный ответ изменился утром. После обеда редактор принял письмо.",True,True,False,False,comma_subordinate
large_v3,1559,comma_subordinate,punctuation,Редактор заметил что письменный ответ изменился утром. После обеда редактор принял письмо.,"Редактор заметил, что письменный ответ изменился утром. После обеда редактор принял письмо.","Редактор заметил, что письменный ответ изменился утром. После обеда редактор принял письмо.",True,True,False,False,comma_subordinate
large_v3,1560,comma_subordinate,punctuation,Редактор заметил что письменный ответ изменился утром. После обеда редактор принял письмо.,"Редактор заметил, что письменный ответ изменился утром. После обеда редактор принял письмо.","Редактор заметил, что письменный ответ изменился утром. После обеда редактор принял письмо.",True,True,False,False,comma_subordinate
large_v3,1561,comma_subordinate,punctuation,Редактор заметил что письменный ответ изменился утром. После обеда редактор принял письмо.,"Редактор заметил, что письменный ответ изменился утром. После обеда редактор принял письмо.","Редактор заметил, что письменный ответ изменился утром. После обеда редактор принял письмо.",True,True,False,False,comma_subordinate
large_v3,1562,comma_subordinate,punctuation,Редактор заметил что письменный ответ изменился утром. После обеда редактор принял письмо.,"Редактор заметил, что письменный ответ изменился утром. После обеда редактор принял письмо.","Редактор заметил, что письменный ответ изменился утром. После обеда редактор принял письмо.",True,True,False,False,comma_subordinate
large_v3,1563,comma_subordinate,punctuation,Я думаю что дежурный редактор готов к отправке. Утром редактор принял отчет.,"Я думаю, что дежурный редактор готов к отправке. Утром редактор принял отчет.","Я думаю, что дежурный редактор готов к отправке. Утром редактор принял отчет.",True,True,False,False,comma_subordinate
large_v3,1564,comma_subordinate,punctuation,Я думаю что дежурный редактор готов к отправке. Утром редактор принял отчет.,"Я думаю, что дежурный редактор готов к отправке. Утром редактор принял отчет.","Я думаю, что дежурный редактор готов к отправке. Утром редактор принял отчет.",True,True,False,False,comma_subordinate
large_v3,1565,comma_subordinate,punctuation,Я думаю что дежурный редактор готов к отправке. Утром редактор принял отчет.,"Я думаю, что дежурный редактор готов к отправке. Утром редактор принял отчет.","Я думаю, что дежурный редактор готов к отправке. Утром редактор принял отчет.",True,True,False,False,comma_subordinate
large_v3,1566,comma_subordinate,punctuation,Я думаю что дежурный редактор готов к отправке. Утром редактор принял отчет.,"Я думаю, что дежурный редактор готов к отправке. Утром редактор принял отчет.","Я думаю, что дежурный редактор готов к отправке. Утром редактор принял отчет.",True,True,False,False,comma_subordinate
large_v3,1567,comma_subordinate,punctuation,Я думаю что дежурный редактор готов к отправке. Утром редактор принял отчет.,"Я думаю, что дежурный редактор готов к отправке. Утром редактор принял отчет.","Я думаю, что дежурный редактор готов к отправке. Утром редактор принял отчет.",True,True,False,False,comma_subordinate
large_v3,1568,comma_subordinate,punctuation,Я думаю что дежурный редактор готов к отправке. Утром редактор принял отчет.,"Я думаю, что дежурный редактор готов к отправке. Утром редактор принял отчет.","Я думаю, что дежурный редактор готов к отправке. Утром редактор принял отчет.",True,True,False,False,comma_subordinate
large_v3,1569,comma_subordinate,punctuation,Я думаю что дежурный редактор готов к отправке. Утром редактор принял отчет.,"Я думаю, что дежурный редактор готов к отправке. Утром редактор принял отчет.","Я думаю, что дежурный редактор готов к отправке. Утром редактор принял отчет.",True,True,False,False,comma_subordinate
large_v3,1570,comma_subordinate,punctuation,Я думаю что свежая сводка готов к отправке. Затем группа проверила договор.,"Я думаю, что свежая сводка готов к отправке. Затем группа проверила договор.","Я думаю, что свежая сводка готов к отправке. Затем группа проверила договор.",True,True,False,False,comma_subordinate
large_v3,1571,comma_subordinate,punctuation,Я думаю что свежая сводка готов к отправке. Затем группа проверила договор.,"Я думаю, что свежая сводка готов к отправке. Затем группа проверила договор.","Я думаю, что свежая сводка готов к отправке. Затем группа проверила договор.",True,True,False,False,comma_subordinate
large_v3,1572,comma_subordinate,punctuation,Я думаю что свежая сводка готов к отправке. Затем группа проверила договор.,"Я думаю, что свежая сводка готов к отправке. Затем группа проверила договор.","Я думаю, что свежая сводка готов к отправке. Затем группа проверила договор.",True,True,False,False,comma_subordinate
large_v3,1573,comma_subordinate,punctuation,Я думаю что свежая сводка готов к отправке. Затем группа проверила договор.,"Я думаю, что свежая сводка готов к отправке. Затем группа проверила договор.","Я думаю, что свежая сводка готов к отправке. Затем группа проверила договор.",True,True,False,False,comma_subordinate
large_v3,1574,comma_subordinate,punctuation,Я думаю что свежая сводка готов к отправке. Затем группа проверила договор.,"Я думаю, что свежая сводка готов к отправке. Затем группа проверила договор.","Я думаю, что свежая сводка готов к отправке. Затем группа проверила договор.",True,True,False,False,comma_subordinate
large_v3,1575,comma_subordinate,punctuation,Я думаю что свежая сводка готов к отправке. Затем группа проверила договор.,"Я думаю, что свежая сводка готов к отправке. Затем группа проверила договор.","Я думаю, что свежая сводка готов к отправке. Затем группа проверила договор.",True,True,False,False,comma_subordinate
large_v3,1576,comma_subordinate,punctuation,Я думаю что свежая сводка готов к отправке. Затем группа проверила договор.,"Я думаю, что свежая сводка готов к отправке. Затем группа проверила договор.","Я думаю, что свежая сводка готов к отправке. Затем группа проверила договор.",True,True,False,False,comma_subordinate
large_v3,1577,comma_subordinate,punctuation,Я думаю что сводный отчет готов к отправке. Вечером автор сохранил раздел.,"Я думаю, что сводный отчет готов к отправке. Вечером автор сохранил раздел.","Я думаю, что сводный отчет готов к отправке. Вечером автор сохранил раздел.",True,True,False,False,comma_subordinate
large_v3,1578,comma_subordinate,punctuation,Я думаю что сводный отчет готов к отправке. Вечером автор сохранил раздел.,"Я думаю, что сводный отчет готов к отправке. Вечером автор сохранил раздел.","Я думаю, что сводный отчет готов к отправке. Вечером автор сохранил раздел.",True,True,False,False,comma_subordinate
large_v3,1579,comma_subordinate,punctuation,Я думаю что сводный отчет готов к отправке. Вечером автор сохранил раздел.,"Я думаю, что сводный отчет готов к отправке. Вечером автор сохранил раздел.","Я думаю, что сводный отчет готов к отправке. Вечером автор сохранил раздел.",True,True,False,False,comma_subordinate
large_v3,1580,comma_subordinate,punctuation,Я думаю что сводный отчет готов к отправке. Вечером автор сохранил раздел.,"Я думаю, что сводный отчет готов к отправке. Вечером автор сохранил раздел.","Я думаю, что сводный отчет готов к отправке. Вечером автор сохранил раздел.",True,True,False,False,comma_subordinate
large_v3,1581,comma_subordinate,punctuation,Я думаю что сводный отчет готов к отправке. Вечером автор сохранил раздел.,"Я думаю, что сводный отчет готов к отправке. Вечером автор сохранил раздел.","Я думаю, что сводный отчет готов к отправке. Вечером автор сохранил раздел.",True,True,False,False,comma_subordinate
large_v3,1582,comma_subordinate,punctuation,Я думаю что сводный отчет готов к отправке. Вечером автор сохранил раздел.,"Я думаю, что сводный отчет готов к отправке. Вечером автор сохранил раздел.","Я думаю, что сводный отчет готов к отправке. Вечером автор сохранил раздел.",True,True,False,False,comma_subordinate
large_v3,1583,comma_subordinate,punctuation,Я думаю что согласованный договор готов к отправке. Позже аналитик проверил договор.,"Я думаю, что согласованный договор готов к отправке. Позже аналитик проверил договор.","Я думаю, что согласованный договор готов к отправке. Позже аналитик проверил договор.",True,True,False,False,comma_subordinate
large_v3,1584,comma_subordinate,punctuation,Я думаю что согласованный договор готов к отправке. Позже аналитик проверил договор.,"Я думаю, что согласованный договор готов к отправке. Позже аналитик проверил договор.","Я думаю, что согласованный договор готов к отправке. Позже аналитик проверил договор.",True,True,False,False,comma_subordinate
large_v3,1585,comma_subordinate,punctuation,Я думаю что согласованный договор готов к отправке. Позже аналитик проверил договор.,"Я думаю, что согласованный договор готов к отправке. Позже аналитик проверил договор.","Я думаю, что согласованный договор готов к отправке. Позже аналитик проверил договор.",True,True,False,False,comma_subordinate
large_v3,1586,comma_subordinate,punctuation,Я думаю что согласованный договор готов к отправке. Позже аналитик проверил договор.,"Я думаю, что согласованный договор готов к отправке. Позже аналитик проверил договор.","Я думаю, что согласованный договор готов к отправке. Позже аналитик проверил договор.",True,True,False,False,comma_subordinate
large_v3,1587,comma_subordinate,punctuation,Я думаю что согласованный договор готов к отправке. Позже аналитик проверил договор.,"Я думаю, что согласованный договор готов к отправке. Позже аналитик проверил договор.","Я думаю, что согласованный договор готов к отправке. Позже аналитик проверил договор.",True,True,False,False,comma_subordinate
large_v3,1588,comma_subordinate,punctuation,Я думаю что согласованный договор готов к отправке. Позже аналитик проверил договор.,"Я думаю, что согласованный договор готов к отправке. Позже аналитик проверил договор.","Я думаю, что согласованный договор готов к отправке. Позже аналитик проверил договор.",True,True,False,False,comma_subordinate
large_v3,1589,comparative_turnover_comma,punctuation,Он говорил словно все уже решено. Вечером юрист сверил договор.,"Он говорил, словно все уже решено. Вечером юрист сверил договор.","Он говорил, словно все уже решено. Вечером юрист сверил договор.",True,True,False,False,comparative_turnover_comma
large_v3,1590,comparative_turnover_comma,punctuation,Он говорил словно все уже решено. Вечером юрист сверил договор.,"Он говорил, словно все уже решено. Вечером юрист сверил договор.","Он говорил, словно все уже решено. Вечером юрист сверил договор.",True,True,False,False,comparative_turnover_comma
large_v3,1591,comparative_turnover_comma,punctuation,Он говорил словно все уже решено. Вечером юрист сверил договор.,"Он говорил, словно все уже решено. Вечером юрист сверил договор.","Он говорил, словно все уже решено. Вечером юрист сверил договор.",True,True,False,False,comparative_turnover_comma
