source,target,split,source_type,error_type,rule_ids,edits,metadata,original_clean_source,source_corpus,source_subcorpus,is_hard_negative,is_real_pair,template_id,normalized_pair_hash,error_types,source_dataset,is_clean,is_synthetic,domain,rule_id,edit_operations,calib_bucket
"Только одна пара из двадцати несмогла одолеть подъем, тем не менее они все равно поженились, но не на вершине, а на середине горы.","Только одна пара из двадцати не смогла одолеть подъем, тем не менее они все равно поженились, но не на вершине, а на середине горы.",train,synthetic_augmented_from_open_clean,split_join,"[""ne_verb""]","[{""source"": ""несмогла"", ""replacement"": ""не смогла"", ""edit_type"": ""split_word"", ""start"": 29, ""end"": 37, ""status"": ""proposed"", ""reason"": """", ""confidence"": 0.35, ""rule_id"": ""ne_verb""}]","{""candidate_present"": true, ""candidate_rule_ids"": [""ne_verb""], ""carrier_sentence_hash"": ""d4d96dccc48bda425cff8830"", ""clean_hash"": ""c3fa460902048d6ee3658ec212828c1651c1d15c5f5ef29accc8962d07e6fa74"", ""error_bearing_span"": [29, 37], ""error_form"": ""несмогла"", ""generation_strategy"": ""corpus_opportunity"", ""license_status"": ""Open Lenta.ru news dataset; verify terms before production."", ""normalized_pair_hash"": ""41f044d01b2f46754b94f3b31587c70c64d66dc4abd829f01251c0f85ebcad75"", ""original_clean_sentence"": ""Только одна пара из двадцати не смогла одолеть подъем, тем не менее они все равно поженились, но не на вершине, а на середине горы."", ""rule_ids"": [""ne_verb""], ""sentence_id"": ""16418:9"", ""source_doc_id"": ""https://lenta.ru/news/2000/11/14/marriage/"", ""source_name"": ""lenta_news"", ""source_subcorpus"": ""Из жизни"", ""source_type"": ""synthetic_augmented_from_open_clean"", ""synthetic_source_dataset"": ""synthetic_open_corpus_ne_verb"", ""target_family"": ""ne_verb"", ""target_form"": ""не смогла""}","Только одна пара из двадцати не смогла одолеть подъем, тем не менее они все равно поженились, но не на вершине, а на середине горы.",lenta_news,Из жизни,False,False,41f044d01b2f46754b94f3b3,41f044d01b2f46754b94f3b31587c70c64d66dc4abd829f01251c0f85ebcad75,"[""split_join""]",lenta_news,False,True,news,ne_verb,"[{""source"": ""несмогла"", ""replacement"": ""не смогла"", ""edit_type"": ""split_word"", ""start"": 29, ""end"": 37, ""status"": ""proposed"", ""reason"": """", ""confidence"": 0.35, ""rule_id"": ""ne_verb""}]",rule:ne_verb
Команда недумает о задержке. Позже комиссия вернула письмо..,Команда не думает о задержке. Позже комиссия вернула письмо..,train,synthetic_augmented_from_open_clean,split_join,"[""ne_verb""]","[{""source"": ""недумает"", ""replacement"": ""не думает"", ""edit_type"": ""split_word"", ""start"": 8, ""end"": 16, ""status"": ""proposed"", ""reason"": """", ""confidence"": 0.35, ""rule_id"": ""ne_verb"", ""error_type"": ""split_join""}]","{""candidate_present"": true, ""candidate_rule_ids"": [""ne_verb""], ""carrier_sentence_hash"": ""b46d94c804f72104e992a2d0"", ""clean_hash"": ""acac53068a1b9304333f16163f406ddf6bbe2d3e773c2f7e4ae0db34a3211b24"", ""edit_operations"": [{""confidence"": 0.35, ""edit_type"": ""split_word"", ""end"": 16, ""error_type"": ""split_join"", ""reason"": """", ""replacement"": ""не думает"", ""rule_id"": ""ne_verb"", ""source"": ""недумает"", ""start"": 8, ""status"": ""proposed""}], ""error_bearing_span"": [8, 16], ""error_form"": ""недумает"", ""generation_strategy"": ""corpus_opportunity"", ""license_status"": ""Nerus Lenta annotated corpus; verify terms before production."", ""normalized_pair_hash"": ""033cea9392a8a7aea609510437b91185569cd93bc40ff5337577c911ea9fcbd0"", ""original_clean_sentence"": ""Команда не думает о задержке. Позже комиссия вернула письмо. ????? ???????? ???????? ???????? ???."", ""rule_ids"": [""ne_verb""], ""sentence_id"": ""4166"", ""source_doc_id"": ""352"", ""source_name"": ""nerus_news"", ""source_subcorpus"": ""nerus_lenta"", ""source_type"": ""synthetic_augmented_from_open_clean"", ""syntax_family"": ""ne_with_parts_of_speech"", ""target_family"": ""ne_verb"", ""target_form"": ""не думает"", ""template_id"": ""syntax_training_ne_verb""}",Команда не думает о задержке. Позже комиссия вернула письмо.,nerus_news,nerus_lenta,False,False,033cea9392a8a7aea6095104,033cea9392a8a7aea609510437b91185569cd93bc40ff5337577c911ea9fcbd0,"[""split_join""]",nerus_news,False,True,news,ne_verb,"[{""source"": ""недумает"", ""replacement"": ""не думает"", ""edit_type"": ""split_word"", ""start"": 8, ""end"": 16, ""status"": ""proposed"", ""reason"": """", ""confidence"": 0.35, ""rule_id"": ""ne_verb"", ""error_type"": ""split_join""}]",rule:ne_verb
Редактор незнает детали дела. Вечером автор уточнил срок.... позже редактор проверил запись меткаовхеа.,Редактор не знает детали дела. Вечером автор уточнил срок.... позже редактор проверил запись меткаовхеа.,train,synthetic_augmented_from_open_clean,split_join,"[""ne_verb""]","[{""source"": ""незнает"", ""replacement"": ""не знает"", ""edit_type"": ""split_word"", ""start"": 9, ""end"": 16, ""status"": ""proposed"", ""reason"": """", ""confidence"": 0.35, ""rule_id"": ""ne_verb"", ""error_type"": ""split_join""}]","{""candidate_present"": true, ""candidate_rule_ids"": [""ne_verb""], ""carrier_sentence_hash"": ""63ed2178795d5d057ffcb457"", ""clean_hash"": ""4ca786a0d77b11d237c73a56dc239cd2fc16ab705d2139fda8ed1b4d6a157fef"", ""edit_operations"": [{""confidence"": 0.35, ""edit_type"": ""split_word"", ""end"": 16, ""error_type"": ""split_join"", ""reason"": """", ""replacement"": ""не знает"", ""rule_id"": ""ne_verb"", ""source"": ""незнает"", ""start"": 9, ""status"": ""proposed""}], ""error_bearing_span"": [9, 16], ""error_form"": ""незнает"", ""generation_strategy"": ""corpus_opportunity"", ""license_status"": ""Nerus Lenta annotated corpus; verify terms before production."", ""normalized_pair_hash"": ""d31ef279f5d51d8de3b6acf6da9f983997211f6ab6ac6fef9eadc5d891d24d29"", ""original_clean_sentence"": ""Редактор не знает детали дела. Вечером автор уточнил срок.... позже редактор проверил запись меткаовхеа."", ""rule_ids"": [""ne_verb""], ""sentence_id"": ""4435"", ""source_doc_id"": ""374"", ""source_name"": ""nerus_news"", ""source_subcorpus"": ""nerus_lenta"", ""source_type"": ""synthetic_augmented_from_open_clean"", ""syntax_family"": ""ne_with_parts_of_speech"", ""target_family"": ""ne_verb"", ""target_form"": ""не знает"", ""template_id"": ""syntax_training_ne_verb""}",Редактор не знает детали дела. Вечером автор уточнил срок.,nerus_news,nerus_lenta,False,False,a2414cb067365be2c8f5bf99,a2414cb067365be2c8f5bf99113189ec70215e3d063e5ad3c5d0fa6467e96f0d,"[""split_join""]",nerus_news,False,True,news,ne_verb,"[{""source"": ""незнает"", ""replacement"": ""не знает"", ""edit_type"": ""split_word"", ""start"": 9, ""end"": 16, ""status"": ""proposed"", ""reason"": """", ""confidence"": 0.35, ""rule_id"": ""ne_verb"", ""error_type"": ""split_join""}]",rule:ne_verb
Редактор незнает детали дела. Утром дежурный проверил подписи.... позже редактор проверил запись меткагохеа.,Редактор не знает детали дела. Утром дежурный проверил подписи.... позже редактор проверил запись меткагохеа.,train,synthetic_augmented_from_open_clean,split_join,"[""ne_verb""]","[{""source"": ""незнает"", ""replacement"": ""не знает"", ""edit_type"": ""split_word"", ""start"": 9, ""end"": 16, ""status"": ""proposed"", ""reason"": """", ""confidence"": 0.35, ""rule_id"": ""ne_verb"", ""error_type"": ""split_join""}]","{""candidate_present"": true, ""candidate_rule_ids"": [""ne_verb""], ""carrier_sentence_hash"": ""eaa8e2f2e9c0e5608804314e"", ""clean_hash"": ""ce25d5a276aa0cd8464c22732d52ea7d682fa5a59875e71ea74d90c8166e5415"", ""edit_operations"": [{""confidence"": 0.35, ""edit_type"": ""split_word"", ""end"": 16, ""error_type"": ""split_join"", ""reason"": """", ""replacement"": ""не знает"", ""rule_id"": ""ne_verb"", ""source"": ""незнает"", ""start"": 9, ""status"": ""proposed""}], ""error_bearing_span"": [9, 16], ""error_form"": ""незнает"", ""generation_strategy"": ""corpus_opportunity"", ""license_status"": ""Nerus Lenta annotated corpus; verify terms before production."", ""normalized_pair_hash"": ""a689fd3394533724b1f39be67539e3e9c68cf9910270d7adfe611ce38da81999"", ""original_clean_sentence"": ""Редактор не знает детали дела. Утром дежурный проверил подписи.... позже редактор проверил запись меткагохеа."", ""rule_ids"": [""ne_verb""], ""sentence_id"": ""4917"", ""source_doc_id"": ""414"", ""source_name"": ""nerus_news"", ""source_subcorpus"": ""nerus_lenta"", ""source_type"": ""synthetic_augmented_from_open_clean"", ""syntax_family"": ""ne_with_parts_of_speech"", ""target_family"": ""ne_verb"", ""target_form"": ""не знает"", ""template_id"": ""syntax_training_ne_verb""}",Редактор не знает детали дела. Утром дежурный проверил подписи.,nerus_news,nerus_lenta,False,False,d2fb5ea13e15183e31689564,d2fb5ea13e15183e31689564de4464223cc1fab4e8c01f954165ec0f1aba642a,"[""split_join""]",nerus_news,False,True,news,ne_verb,"[{""source"": ""незнает"", ""replacement"": ""не знает"", ""edit_type"": ""split_word"", ""start"": 9, ""end"": 16, ""status"": ""proposed"", ""reason"": """", ""confidence"": 0.35, ""rule_id"": ""ne_verb"", ""error_type"": ""split_join""}]",rule:ne_verb
Команда недумает о задержке. Вечером секретарь закрыл журнал.... позже редактор проверил запись меткаутхеа.,Команда не думает о задержке. Вечером секретарь закрыл журнал.... позже редактор проверил запись меткаутхеа.,train,synthetic_augmented_from_open_clean,split_join,"[""ne_verb""]","[{""source"": ""недумает"", ""replacement"": ""не думает"", ""edit_type"": ""split_word"", ""start"": 8, ""end"": 16, ""status"": ""proposed"", ""reason"": """", ""confidence"": 0.35, ""rule_id"": ""ne_verb"", ""error_type"": ""split_join""}]","{""candidate_present"": true, ""candidate_rule_ids"": [""ne_verb""], ""carrier_sentence_hash"": ""c633d50169221fb88ea1c3b2"", ""clean_hash"": ""bf8e37f4f2e3fd638cbc318163342d00c79dac1fa6b27935d05913f380708989"", ""edit_operations"": [{""confidence"": 0.35, ""edit_type"": ""split_word"", ""end"": 16, ""error_type"": ""split_join"", ""reason"": """", ""replacement"": ""не думает"", ""rule_id"": ""ne_verb"", ""source"": ""недумает"", ""start"": 8, ""status"": ""proposed""}], ""error_bearing_span"": [8, 16], ""error_form"": ""недумает"", ""generation_strategy"": ""corpus_opportunity"", ""license_status"": ""Nerus Lenta annotated corpus; verify terms before production."", ""normalized_pair_hash"": ""f0acbe6244a0ac0795858d0f824fa0ba3c5b7667fa7be591511b3f0c013737f7"", ""original_clean_sentence"": ""Команда не думает о задержке. Вечером секретарь закрыл журнал.... позже редактор проверил запись меткаутхеа."", ""rule_ids"": [""ne_verb""], ""sentence_id"": ""5103"", ""source_doc_id"": ""432"", ""source_name"": ""nerus_news"", ""source_subcorpus"": ""nerus_lenta"", ""source_type"": ""synthetic_augmented_from_open_clean"", ""syntax_family"": ""ne_with_parts_of_speech"", ""target_family"": ""ne_verb"", ""target_form"": ""не думает"", ""template_id"": ""syntax_training_ne_verb""}",Команда не думает о задержке. Вечером секретарь закрыл журнал.,nerus_news,nerus_lenta,False,False,7ad390dcc10d8413471b49ba,7ad390dcc10d8413471b49ba25de1efbb96a5ebc8d899b7def1dd0a10cc1b2fd,"[""split_join""]",nerus_news,False,True,news,ne_verb,"[{""source"": ""недумает"", ""replacement"": ""не думает"", ""edit_type"": ""split_word"", ""start"": 8, ""end"": 16, ""status"": ""proposed"", ""reason"": """", ""confidence"": 0.35, ""rule_id"": ""ne_verb"", ""error_type"": ""split_join""}]",rule:ne_verb
Редактор незнает детали дела. Утром курьер принес копию.... позже редактор проверил запись меткаэфхеа.,Редактор не знает детали дела. Утром курьер принес копию.... позже редактор проверил запись меткаэфхеа.,train,synthetic_augmented_from_open_clean,split_join,"[""ne_verb""]","[{""source"": ""незнает"", ""replacement"": ""не знает"", ""edit_type"": ""split_word"", ""start"": 9, ""end"": 16, ""status"": ""proposed"", ""reason"": """", ""confidence"": 0.35, ""rule_id"": ""ne_verb"", ""error_type"": ""split_join""}]","{""candidate_present"": true, ""candidate_rule_ids"": [""ne_verb""], ""carrier_sentence_hash"": ""48f0d178f2a85d779d233c6e"", ""clean_hash"": ""de1c90870395c7d0ad9d332cd90b634875c8e97ee09694f2e15e353f9a4e0643"", ""edit_operations"": [{""confidence"": 0.35, ""edit_type"": ""split_word"", ""end"": 16, ""error_type"": ""split_join"", ""reason"": """", ""replacement"": ""не знает"", ""rule_id"": ""ne_verb"", ""source"": ""незнает"", ""start"": 9, ""status"": ""proposed""}], ""error_bearing_span"": [9, 16], ""error_form"": ""незнает"", ""generation_strategy"": ""corpus_opportunity"", ""license_status"": ""Nerus Lenta annotated corpus; verify terms before production."", ""normalized_pair_hash"": ""ca8ac7e428ee4e6a9ed8a4de32b524eaf65dc13f9aee7fa6d7d41d8e5911bffe"", ""original_clean_sentence"": ""Редактор не знает детали дела. Утром курьер принес копию.... позже редактор проверил запись меткаэфхеа."", ""rule_ids"": [""ne_verb""], ""sentence_id"": ""5208"", ""source_doc_id"": ""441"", ""source_name"": ""nerus_news"", ""source_subcorpus"": ""nerus_lenta"", ""source_type"": ""synthetic_augmented_from_open_clean"", ""syntax_family"": ""ne_with_parts_of_speech"", ""target_family"": ""ne_verb"", ""target_form"": ""не знает"", ""template_id"": ""syntax_training_ne_verb""}",Редактор не знает детали дела. Утром курьер принес копию.,nerus_news,nerus_lenta,False,False,9e7ab4b4760335a2ff3164ee,9e7ab4b4760335a2ff3164ee4f6666561aa893d94ab5132b944f0f07cea06559,"[""split_join""]",nerus_news,False,True,news,ne_verb,"[{""source"": ""незнает"", ""replacement"": ""не знает"", ""edit_type"": ""split_word"", ""start"": 9, ""end"": 16, ""status"": ""proposed"", ""reason"": """", ""confidence"": 0.35, ""rule_id"": ""ne_verb"", ""error_type"": ""split_join""}]",rule:ne_verb
Команда недумает о задержке. После встречи файл остался в архиве.... позже редактор проверил запись меткауехеа.,Команда не думает о задержке. После встречи файл остался в архиве.... позже редактор проверил запись меткауехеа.,train,synthetic_augmented_from_open_clean,split_join,"[""ne_verb""]","[{""source"": ""недумает"", ""replacement"": ""не думает"", ""edit_type"": ""split_word"", ""start"": 8, ""end"": 16, ""status"": ""proposed"", ""reason"": """", ""confidence"": 0.35, ""rule_id"": ""ne_verb"", ""error_type"": ""split_join""}]","{""candidate_present"": true, ""candidate_rule_ids"": [""ne_verb""], ""carrier_sentence_hash"": ""51b87c009cd4eaf5dcc27282"", ""clean_hash"": ""72bed9ea865b8bd6705ba41a2850ed3807e848573f4563350b85149d49e825f1"", ""edit_operations"": [{""confidence"": 0.35, ""edit_type"": ""split_word"", ""end"": 16, ""error_type"": ""split_join"", ""reason"": """", ""replacement"": ""не думает"", ""rule_id"": ""ne_verb"", ""source"": ""недумает"", ""start"": 8, ""status"": ""proposed""}], ""error_bearing_span"": [8, 16], ""error_form"": ""недумает"", ""generation_strategy"": ""corpus_opportunity"", ""license_status"": ""Nerus Lenta annotated corpus; verify terms before production."", ""normalized_pair_hash"": ""52599044e5a0d204136f62c5375e5fc7ef4c19e93c64d32dee4718910cbde36a"", ""original_clean_sentence"": ""Команда не думает о задержке. После встречи файл остался в архиве.... позже редактор проверил запись меткауехеа."", ""rule_ids"": [""ne_verb""], ""sentence_id"": ""4605"", ""source_doc_id"": ""388"", ""source_name"": ""nerus_news"", ""source_subcorpus"": ""nerus_lenta"", ""source_type"": ""synthetic_augmented_from_open_clean"", ""syntax_family"": ""ne_with_parts_of_speech"", ""target_family"": ""ne_verb"", ""target_form"": ""не думает"", ""template_id"": ""syntax_training_ne_verb""}",Команда не думает о задержке. После встречи файл остался в архиве.,nerus_news,nerus_lenta,False,False,afbc0fdb6ab8f167340621d2,afbc0fdb6ab8f167340621d227427e05a16810db57870b4449b2a4b788e79a09,"[""split_join""]",nerus_news,False,True,news,ne_verb,"[{""source"": ""недумает"", ""replacement"": ""не думает"", ""edit_type"": ""split_word"", ""start"": 8, ""end"": 16, ""status"": ""proposed"", ""reason"": """", ""confidence"": 0.35, ""rule_id"": ""ne_verb"", ""error_type"": ""split_join""}]",rule:ne_verb
Редактор незнает детали дела. Затем специалист отправил ответ.... позже редактор проверил запись меткатмхеа.,Редактор не знает детали дела. Затем специалист отправил ответ.... позже редактор проверил запись меткатмхеа.,train,synthetic_augmented_from_open_clean,split_join,"[""ne_verb""]","[{""source"": ""незнает"", ""replacement"": ""не знает"", ""edit_type"": ""split_word"", ""start"": 9, ""end"": 16, ""status"": ""proposed"", ""reason"": """", ""confidence"": 0.35, ""rule_id"": ""ne_verb"", ""error_type"": ""split_join""}]","{""candidate_present"": true, ""candidate_rule_ids"": [""ne_verb""], ""carrier_sentence_hash"": ""fbfb9bf2e2dfc339743eca55"", ""clean_hash"": ""f4850c5e5aff7bad3c477678bfddc0def28271e0be68ae03dcc5e9f8ad27ed9e"", ""edit_operations"": [{""confidence"": 0.35, ""edit_type"": ""split_word"", ""end"": 16, ""error_type"": ""split_join"", ""reason"": """", ""replacement"": ""не знает"", ""rule_id"": ""ne_verb"", ""source"": ""незнает"", ""start"": 9, ""status"": ""proposed""}], ""error_bearing_span"": [9, 16], ""error_form"": ""незнает"", ""generation_strategy"": ""corpus_opportunity"", ""license_status"": ""Nerus Lenta annotated corpus; verify terms before production."", ""normalized_pair_hash"": ""9aee958371af69c7d23c38872c785f1d6e089a3ae77e2fa62bb1a92c99e2f80b"", ""original_clean_sentence"": ""Редактор не знает детали дела. Затем специалист отправил ответ.... позже редактор проверил запись меткатмхеа."", ""rule_ids"": [""ne_verb""], ""sentence_id"": ""4859"", ""source_doc_id"": ""409"", ""source_name"": ""nerus_news"", ""source_subcorpus"": ""nerus_lenta"", ""source_type"": ""synthetic_augmented_from_open_clean"", ""syntax_family"": ""ne_with_parts_of_speech"", ""target_family"": ""ne_verb"", ""target_form"": ""не знает"", ""template_id"": ""syntax_training_ne_verb""}",Редактор не знает детали дела. Затем специалист отправил ответ.,nerus_news,nerus_lenta,False,False,23fcc18f22fc1257945ae5eb,23fcc18f22fc1257945ae5eb7a63b24063699305e74824c3e6572eddb39be3a3,"[""split_join""]",nerus_news,False,True,news,ne_verb,"[{""source"": ""незнает"", ""replacement"": ""не знает"", ""edit_type"": ""split_word"", ""start"": 9, ""end"": 16, ""status"": ""proposed"", ""reason"": """", ""confidence"": 0.35, ""rule_id"": ""ne_verb"", ""error_type"": ""split_join""}]",rule:ne_verb
Редактор незнает детали дела. Затем комиссия перенесла встречу.... позже редактор проверил запись меткаэнцеа.,Редактор не знает детали дела. Затем комиссия перенесла встречу.... позже редактор проверил запись меткаэнцеа.,train,synthetic_augmented_from_open_clean,split_join,"[""ne_verb""]","[{""source"": ""незнает"", ""replacement"": ""не знает"", ""edit_type"": ""split_word"", ""start"": 9, ""end"": 16, ""status"": ""proposed"", ""reason"": """", ""confidence"": 0.35, ""rule_id"": ""ne_verb"", ""error_type"": ""split_join""}]","{""candidate_present"": true, ""candidate_rule_ids"": [""ne_verb""], ""carrier_sentence_hash"": ""c739eb119cf384998f0e195d"", ""clean_hash"": ""457c4af30474051ef41e35f669908fc9990685871c33c7c4a5c18eb99aa8d6e8"", ""edit_operations"": [{""confidence"": 0.35, ""edit_type"": ""split_word"", ""end"": 16, ""error_type"": ""split_join"", ""reason"": """", ""replacement"": ""не знает"", ""rule_id"": ""ne_verb"", ""source"": ""незнает"", ""start"": 9, ""status"": ""proposed""}], ""error_bearing_span"": [9, 16], ""error_form"": ""незнает"", ""generation_strategy"": ""corpus_opportunity"", ""license_status"": ""Nerus Lenta annotated corpus; verify terms before production."", ""normalized_pair_hash"": ""22321634e6baebf424d79db3bce30f9dfa5a5934ecf2dbe930627c0f3bac0334"", ""original_clean_sentence"": ""Редактор не знает детали дела. Затем комиссия перенесла встречу.... позже редактор проверил запись меткаэнцеа."", ""rule_ids"": [""ne_verb""], ""sentence_id"": ""6137"", ""source_doc_id"": ""525"", ""source_name"": ""nerus_news"", ""source_subcorpus"": ""nerus_lenta"", ""source_type"": ""synthetic_augmented_from_open_clean"", ""syntax_family"": ""ne_with_parts_of_speech"", ""target_family"": ""ne_verb"", ""target_form"": ""не знает"", ""template_id"": ""syntax_training_ne_verb""}",Редактор не знает детали дела. Затем комиссия перенесла встречу.,nerus_news,nerus_lenta,False,False,8421bd9de6d185b03dd096ef,8421bd9de6d185b03dd096efe886de14b9506bdbb3a08cc036ca1a9bb5604dac,"[""split_join""]",nerus_news,False,True,news,ne_verb,"[{""source"": ""незнает"", ""replacement"": ""не знает"", ""edit_type"": ""split_word"", ""start"": 9, ""end"": 16, ""status"": ""proposed"", ""reason"": """", ""confidence"": 0.35, ""rule_id"": ""ne_verb"", ""error_type"": ""split_join""}]",rule:ne_verb
"Прошу неискать какой-то политической подоплеки в этом моменте», — добавил футболист.","Прошу не искать какой-то политической подоплеки в этом моменте», — добавил футболист.",train,synthetic_augmented_from_open_clean,split_join,"[""ne_verb""]","[{""source"": ""неискать"", ""replacement"": ""не искать"", ""edit_type"": ""split_word"", ""start"": 6, ""end"": 14, ""status"": ""proposed"", ""reason"": """", ""confidence"": 0.35, ""rule_id"": ""ne_verb""}]","{""candidate_present"": true, ""candidate_rule_ids"": [""ne_verb""], ""carrier_sentence_hash"": ""b0b5ea58da200aa986ef6a4c"", ""clean_hash"": ""efc67ffde323585878e1955c5c686f8756c6e08ef64d926d8d57693544c24f6c"", ""error_bearing_span"": [6, 14], ""error_form"": ""неискать"", ""generation_strategy"": ""corpus_opportunity"", ""license_status"": ""Nerus Lenta annotated corpus; verify terms before production."", ""normalized_pair_hash"": ""e2a4655ec33484876674052ce0b8c65d654114669a4c87f9c439f41bb33ecafb"", ""original_clean_sentence"": ""Прошу не искать какой-то политической подоплеки в этом моменте», — добавил футболист."", ""rule_ids"": [""ne_verb""], ""sentence_id"": ""178033"", ""source_doc_id"": ""14996"", ""source_name"": ""nerus_news"", ""source_subcorpus"": ""nerus_lenta"", ""source_type"": ""synthetic_augmented_from_open_clean"", ""synthetic_source_dataset"": ""synthetic_open_corpus_ne_verb"", ""target_family"": ""ne_verb"", ""target_form"": ""не искать""}","Прошу не искать какой-то политической подоплеки в этом моменте», — добавил футболист.",nerus_news,nerus_lenta,False,False,e2a4655ec33484876674052c,e2a4655ec33484876674052ce0b8c65d654114669a4c87f9c439f41bb33ecafb,"[""split_join""]",nerus_news,False,True,news,ne_verb,"[{""source"": ""неискать"", ""replacement"": ""не искать"", ""edit_type"": ""split_word"", ""start"": 6, ""end"": 14, ""status"": ""proposed"", ""reason"": """", ""confidence"": 0.35, ""rule_id"": ""ne_verb""}]",rule:ne_verb
"Вместе с тем он неисключил, что определенные вмешательства могут быть, но только в том случае, если редакционная политика НТВ будет приносить убытки из-за низкого рейтинга передач, включаемых в сетку вещания. Несмотря в документы он отвечал на вопросы. Утром координатор отправил ответ. Совместное предприятие НК «Роснефть» и Keppel Offshore & Marine будет заниматся проектированием и локализацией самоподъемных плавучих буровых установок. Финальный список готов.. Утром курьер принес копию. Ее супруг перелез через ограждение и попытался добраться до нее, но не смог.","Вместе с тем он не исключил, что определенные вмешательства могут быть, но только в том случае, если редакционная политика НТВ будет приносить убытки из-за низкого рейтинга передач, включаемых в сетку вещания. Не смотря в документы он отвечал на вопросы. Утром координатор отправил ответ. Совместное предприятие НК «Роснефть» и Keppel Offshore & Marine будет заниматься проектированием и локализацией самоподъемных плавучих буровых установок. Финальный список готов. Утром курьер принес копию. Ее супруг перелез через ограждение и попытался добраться до нее, но не смог.",train,synthetic_augmented_from_open_clean,split_join,"[""ne_verb"", ""context_nesmotrya"", ""tsya_soft_insert"", ""punctuation_delete_replace""]","[{""source"": ""неисключил"", ""replacement"": ""не исключил"", ""edit_type"": ""split_word"", ""start"": 16, ""end"": 26, ""status"": ""proposed"", ""reason"": """", ""confidence"": 0.35, ""rule_id"": ""ne_verb""}, {""source"": ""Несмотря"", ""replacement"": ""не смотря"", ""edit_type"": ""split_word"", ""start"": 0, ""end"": 217, ""status"": ""proposed"", ""reason"": """", ""confidence"": 0.35, ""rule_id"": ""context_nesmotrya""}, {""source"": ""Несмотря"", ""replacement"": ""Не смотря"", ""edit_type"": ""split_word"", ""start"": 0, ""end"": 217, ""status"": ""proposed"", ""reason"": """", ""confidence"": 0.35, ""rule_id"": ""context_nesmotrya""}, {""source"": ""заниматся"", ""replacement"": ""заниматься"", ""edit_type"": ""spelling_replace"", ""start"": 357, ""end"": 366, ""status"": ""proposed"", ""reason"": """", ""confidence"": 0.9, ""rule_id"": ""tsya_soft_insert""}, {""source"": ""."", ""replacement"": """", ""edit_type"": ""punctuation_delete"", ""start"": 463, ""end"": 464, ""status"": ""proposed"", ""reason"": """", ""confidence"": 0.85, ""rule_id"": ""punctuation_delete_replace"", ""error_type"": ""punctuation""}]","{""candidate_present"": true, ""candidate_rule_ids"": [""context_nesmotrya"", ""ne_verb"", ""punctuation_delete_replace"", ""tsya_soft_insert""], ""carrier_sentence_hash"": ""c02e1274233524554320bec0"", ""clean_hash"": ""bdbb7c0b275655fd61412d8f35f204cbe354f0032e5e7d2e52dfa4f3148b4b68"", ""error_bearing_span"": [16, 26], ""error_count"": 4, ""error_form"": ""неисключил"", ""generation_strategy"": ""multi_error_stress"", ""is_stress"": true, ""license_status"": ""Nerus Lenta annotated corpus; verify terms before production."", ""original_clean_sentence"": ""Вместе с тем он не исключил, что определенные вмешательства могут быть, но только в том случае, если редакционная политика НТВ будет приносить убытки из-за низкого рейтинга передач, включаемых в сетку вещания. Не смотря в документы он отвечал на вопросы. Утром координатор отправил ответ. Совместное предприятие НК «Роснефть» и Keppel Offshore & Marine будет заниматься проектированием и локализацией самоподъемных плавучих буровых установок. Финальный список готов. Утром курьер принес копию. Ее супруг перелез через ограждение и попытался добраться до нее, но не смог."", ""rule_ids"": [""ne_verb"", ""context_nesmotrya"", ""tsya_soft_insert"", ""punctuation_delete_replace""], ""sentence_id"": ""7007"", ""source_doc_id"": ""600"", ""source_name"": ""nerus_news"", ""source_subcorpus"": ""nerus_lenta"", ""source_type"": ""synthetic_augmented_from_open_clean"", ""target_family"": ""ne_verb"", ""target_form"": ""не исключил""}","Вместе с тем он не исключил, что определенные вмешательства могут быть, но только в том случае, если редакционная политика НТВ будет приносить убытки из-за низкого рейтинга передач, включаемых в сетку вещания. Не смотря в документы он отвечал на вопросы. Утром координатор отправил ответ. Совместное предприятие НК «Роснефть» и Keppel Offshore & Marine будет заниматься проектированием и локализацией самоподъемных плавучих буровых установок. Финальный список готов. Утром курьер принес копию. Ее супруг перелез через ограждение и попытался добраться до нее, но не смог.",nerus_news,nerus_lenta,False,False,51b700aef3ce236e42554f19,51b700aef3ce236e42554f1999efa7227a6f57d1cf0ca0de27ccb67adcce1f2f,"[""punctuation"", ""spelling"", ""split_join""]",nerus_news,False,True,news,ne_verb,"[{""source"": ""неисключил"", ""replacement"": ""не исключил"", ""edit_type"": ""split_word"", ""start"": 16, ""end"": 26, ""status"": ""proposed"", ""reason"": """", ""confidence"": 0.35, ""rule_id"": ""ne_verb""}, {""source"": ""Несмотря"", ""replacement"": ""не смотря"", ""edit_type"": ""split_word"", ""start"": 0, ""end"": 217, ""status"": ""proposed"", ""reason"": """", ""confidence"": 0.35, ""rule_id"": ""context_nesmotrya""}, {""source"": ""Несмотря"", ""replacement"": ""Не смотря"", ""edit_type"": ""split_word"", ""start"": 0, ""end"": 217, ""status"": ""proposed"", ""reason"": """", ""confidence"": 0.35, ""rule_id"": ""context_nesmotrya""}, {""source"": ""заниматся"", ""replacement"": ""заниматься"", ""edit_type"": ""spelling_replace"", ""start"": 357, ""end"": 366, ""status"": ""proposed"", ""reason"": """", ""confidence"": 0.9, ""rule_id"": ""tsya_soft_insert""}, {""source"": ""."", ""replacement"": """", ""edit_type"": ""punctuation_delete"", ""start"": 463, ""end"": 464, ""status"": ""proposed"", ""reason"": """", ""confidence"": 0.85, ""rule_id"": ""punctuation_delete_replace"", ""error_type"": ""punctuation""}]",rule:ne_verb
Команда недумает о задержке. Утром отдел принял заявку.... позже редактор проверил запись меткаючхеа.,Команда не думает о задержке. Утром отдел принял заявку.... позже редактор проверил запись меткаючхеа.,train,synthetic_augmented_from_open_clean,split_join,"[""ne_verb""]","[{""source"": ""недумает"", ""replacement"": ""не думает"", ""edit_type"": ""split_word"", ""start"": 8, ""end"": 16, ""status"": ""proposed"", ""reason"": """", ""confidence"": 0.35, ""rule_id"": ""ne_verb"", ""error_type"": ""split_join""}]","{""candidate_present"": true, ""candidate_rule_ids"": [""ne_verb""], ""carrier_sentence_hash"": ""6a1390b1280d08dcdb5b2e3d"", ""clean_hash"": ""a3d1febe349373b81ed560c3ff9cd688b8343234b01f9d355b0064f380095b8d"", ""edit_operations"": [{""confidence"": 0.35, ""edit_type"": ""split_word"", ""end"": 16, ""error_type"": ""split_join"", ""reason"": """", ""replacement"": ""не думает"", ""rule_id"": ""ne_verb"", ""source"": ""недумает"", ""start"": 8, ""status"": ""proposed""}], ""error_bearing_span"": [8, 16], ""error_form"": ""недумает"", ""generation_strategy"": ""corpus_opportunity"", ""license_status"": ""Nerus Lenta annotated corpus; verify terms before production."", ""normalized_pair_hash"": ""6bb33f40e81c096aac3ca576d1352b4d87739b8d0a5ab5d3b4c8df7c276287b4"", ""original_clean_sentence"": ""Команда не думает о задержке. Утром отдел принял заявку.... позже редактор проверил запись меткаючхеа."", ""rule_ids"": [""ne_verb""], ""sentence_id"": ""5337"", ""source_doc_id"": ""453"", ""source_name"": ""nerus_news"", ""source_subcorpus"": ""nerus_lenta"", ""source_type"": ""synthetic_augmented_from_open_clean"", ""syntax_family"": ""ne_with_parts_of_speech"", ""target_family"": ""ne_verb"", ""target_form"": ""не думает"", ""template_id"": ""syntax_training_ne_verb""}",Команда не думает о задержке. Утром отдел принял заявку.,nerus_news,nerus_lenta,False,False,434765d66cf44d187ba3ef51,434765d66cf44d187ba3ef515836cf36eb63173f40eb4efbb72cf1d66d2547d2,"[""split_join""]",nerus_news,False,True,news,ne_verb,"[{""source"": ""недумает"", ""replacement"": ""не думает"", ""edit_type"": ""split_word"", ""start"": 8, ""end"": 16, ""status"": ""proposed"", ""reason"": """", ""confidence"": 0.35, ""rule_id"": ""ne_verb"", ""error_type"": ""split_join""}]",rule:ne_verb
Редактор незнает детали дела. Вечером группа сверила даты.... позже редактор проверил запись меткашзхеа.,Редактор не знает детали дела. Вечером группа сверила даты.... позже редактор проверил запись меткашзхеа.,train,synthetic_augmented_from_open_clean,split_join,"[""ne_verb""]","[{""source"": ""незнает"", ""replacement"": ""не знает"", ""edit_type"": ""split_word"", ""start"": 9, ""end"": 16, ""status"": ""proposed"", ""reason"": """", ""confidence"": 0.35, ""rule_id"": ""ne_verb"", ""error_type"": ""split_join""}]","{""candidate_present"": true, ""candidate_rule_ids"": [""ne_verb""], ""carrier_sentence_hash"": ""01e16da14b7edb58caf6650b"", ""clean_hash"": ""cf3b72bc061c4e266676a7f0ee92883fc31bac937a51e80597f57ebfa48fc1d8"", ""edit_operations"": [{""confidence"": 0.35, ""edit_type"": ""split_word"", ""end"": 16, ""error_type"": ""split_join"", ""reason"": """", ""replacement"": ""не знает"", ""rule_id"": ""ne_verb"", ""source"": ""незнает"", ""start"": 9, ""status"": ""proposed""}], ""error_bearing_span"": [9, 16], ""error_form"": ""незнает"", ""generation_strategy"": ""corpus_opportunity"", ""license_status"": ""Nerus Lenta annotated corpus; verify terms before production."", ""normalized_pair_hash"": ""359ea3334c4495ee9301e49c1fae3eb21c770609d101b198e5e8be235489bedf"", ""original_clean_sentence"": ""Редактор не знает детали дела. Вечером группа сверила даты.... позже редактор проверил запись меткашзхеа."", ""rule_ids"": [""ne_verb""], ""sentence_id"": ""4687"", ""source_doc_id"": ""395"", ""source_name"": ""nerus_news"", ""source_subcorpus"": ""nerus_lenta"", ""source_type"": ""synthetic_augmented_from_open_clean"", ""syntax_family"": ""ne_with_parts_of_speech"", ""target_family"": ""ne_verb"", ""target_form"": ""не знает"", ""template_id"": ""syntax_training_ne_verb""}",Редактор не знает детали дела. Вечером группа сверила даты.,nerus_news,nerus_lenta,False,False,cd01bf0f2edfa75dd3fa698d,cd01bf0f2edfa75dd3fa698dbf23d6a4233a63bed9092746c3f94188ea4cf3eb,"[""split_join""]",nerus_news,False,True,news,ne_verb,"[{""source"": ""незнает"", ""replacement"": ""не знает"", ""edit_type"": ""split_word"", ""start"": 9, ""end"": 16, ""status"": ""proposed"", ""reason"": """", ""confidence"": 0.35, ""rule_id"": ""ne_verb"", ""error_type"": ""split_join""}]",rule:ne_verb
Команда недумает о задержке. Вечером редактор проверил список. В письме гж была фраза со словом обещяние. Французский ювелирно-часовой дом Cartier основан Луи-Франсуа Картье в 1847 году в Париже.,Команда не думает о задержке. Вечером редактор проверил список. В письме гж была фраза со словом обещание. Французский ювелирно-часовой дом Cartier основан Луи-Франсуа Картье в 1847 году в Париже.,train,synthetic_augmented_from_open_clean,split_join,"[""ne_verb"", ""pattern_щя_ща""]","[{""source"": ""недумает"", ""replacement"": ""не думает"", ""edit_type"": ""split_word"", ""start"": 8, ""end"": 16, ""status"": ""proposed"", ""reason"": """", ""confidence"": 0.35, ""rule_id"": ""ne_verb"", ""error_type"": ""split_join""}, {""source"": ""обещяние"", ""replacement"": ""обещание"", ""edit_type"": ""spelling_replace"", ""start"": 96, ""end"": 104, ""status"": ""proposed"", ""reason"": """", ""confidence"": 0.94, ""rule_id"": ""pattern_щя_ща""}]","{""candidate_present"": true, ""candidate_rule_ids"": [""ne_verb"", ""pattern_щя_ща""], ""carrier_sentence_hash"": ""db92eafc0d972738532b9f82"", ""clean_hash"": ""7cacd05edceeb05378b70bf3d371bc47e4126f883eecceb23aa234107b551db2"", ""error_bearing_span"": [8, 16], ""error_count"": 2, ""error_form"": ""недумает"", ""generation_strategy"": ""multi_error_stress"", ""is_stress"": true, ""license_status"": ""Nerus Lenta annotated corpus; verify terms before production."", ""original_clean_sentence"": ""Команда не думает о задержке. Вечером редактор проверил список. В письме гж была фраза со словом обещание. Французский ювелирно-часовой дом Cartier основан Луи-Франсуа Картье в 1847 году в Париже."", ""rule_ids"": [""ne_verb"", ""pattern_щя_ща""], ""sentence_id"": ""22501"", ""source_doc_id"": ""1911"", ""source_name"": ""nerus_news"", ""source_subcorpus"": ""nerus_lenta"", ""source_type"": ""synthetic_augmented_from_open_clean"", ""target_family"": ""ne_verb"", ""target_form"": ""не думает""}",Команда не думает о задержке. Вечером редактор проверил список. В письме гж была фраза со словом обещание. Французский ювелирно-часовой дом Cartier основан Луи-Франсуа Картье в 1847 году в Париже.,nerus_news,nerus_lenta,False,False,5f0b97bf7a3a96c473d8141b,5f0b97bf7a3a96c473d8141b1ae1ac4947a9c463f377748bf6761596910aa23f,"[""spelling"", ""split_join""]",nerus_news,False,True,news,ne_verb,"[{""source"": ""недумает"", ""replacement"": ""не думает"", ""edit_type"": ""split_word"", ""start"": 8, ""end"": 16, ""status"": ""proposed"", ""reason"": """", ""confidence"": 0.35, ""rule_id"": ""ne_verb"", ""error_type"": ""split_join""}, {""source"": ""обещяние"", ""replacement"": ""обещание"", ""edit_type"": ""spelling_replace"", ""start"": 96, ""end"": 104, ""status"": ""proposed"", ""reason"": """", ""confidence"": 0.94, ""rule_id"": ""pattern_щя_ща""}]",rule:ne_verb
Команда недумает о задержке. После обеда секретарь внес дату.... позже редактор проверил запись меткалмхеа.,Команда не думает о задержке. После обеда секретарь внес дату.... позже редактор проверил запись меткалмхеа.,train,synthetic_augmented_from_open_clean,split_join,"[""ne_verb""]","[{""source"": ""недумает"", ""replacement"": ""не думает"", ""edit_type"": ""split_word"", ""start"": 8, ""end"": 16, ""status"": ""proposed"", ""reason"": """", ""confidence"": 0.35, ""rule_id"": ""ne_verb"", ""error_type"": ""split_join""}]","{""candidate_present"": true, ""candidate_rule_ids"": [""ne_verb""], ""carrier_sentence_hash"": ""9bcbef669553e0c6dfd9bb90"", ""clean_hash"": ""cec56fff39dc40fc90c1ee1e703b3d604d2d322bdc32c74a91d760f076394b4a"", ""edit_operations"": [{""confidence"": 0.35, ""edit_type"": ""split_word"", ""end"": 16, ""error_type"": ""split_join"", ""reason"": """", ""replacement"": ""не думает"", ""rule_id"": ""ne_verb"", ""source"": ""недумает"", ""start"": 8, ""status"": ""proposed""}], ""error_bearing_span"": [8, 16], ""error_form"": ""недумает"", ""generation_strategy"": ""corpus_opportunity"", ""license_status"": ""Nerus Lenta annotated corpus; verify terms before production."", ""normalized_pair_hash"": ""7b5abe45f60c425c20ec9c18048a819c61578f3d76d668fb7e4db96b80db58d1"", ""original_clean_sentence"": ""Команда не думает о задержке. После обеда секретарь внес дату.... позже редактор проверил запись меткалмхеа."", ""rule_ids"": [""ne_verb""], ""sentence_id"": ""4848"", ""source_doc_id"": ""408"", ""source_name"": ""nerus_news"", ""source_subcorpus"": ""nerus_lenta"", ""source_type"": ""synthetic_augmented_from_open_clean"", ""syntax_family"": ""ne_with_parts_of_speech"", ""target_family"": ""ne_verb"", ""target_form"": ""не думает"", ""template_id"": ""syntax_training_ne_verb""}",Команда не думает о задержке. После обеда секретарь внес дату.,nerus_news,nerus_lenta,False,False,4cc855e47b131f70c2d2bde8,4cc855e47b131f70c2d2bde87e33a2825de96e149a85bb7ef8d7222487742392,"[""split_join""]",nerus_news,False,True,news,ne_verb,"[{""source"": ""недумает"", ""replacement"": ""не думает"", ""edit_type"": ""split_word"", ""start"": 8, ""end"": 16, ""status"": ""proposed"", ""reason"": """", ""confidence"": 0.35, ""rule_id"": ""ne_verb"", ""error_type"": ""split_join""}]",rule:ne_verb
"Команда недумает о задержке. Затем специалист отправил ответ. Он говорит по русски о проекте. Утром автор отправил письмо. подробная справка выглядел словно готовый итог. Позже служба проверила запись. К сожалению, в 2000 году Госдуме не удалось избежать откровенного лоббирования тех или иных вопросов отметила Слиска. По его словам, главы государств извинялись друг перед другом на закрытом заседании.","Команда не думает о задержке. Затем специалист отправил ответ. Он говорит по-русски о проекте. Утром автор отправил письмо. подробная справка выглядел, словно готовый итог. Позже служба проверила запись. К сожалению, в 2000 году Госдуме не удалось избежать откровенного лоббирования тех или иных вопросов, отметила Слиска. По его словам, главы государств извинялись друг перед другом на закрытом заседании.",train,synthetic_augmented_from_open_clean,split_join,"[""ne_verb"", ""hyphen_po_adverbs"", ""comparative_turnover_comma"", ""address_comma""]","[{""source"": ""недумает"", ""replacement"": ""не думает"", ""edit_type"": ""split_word"", ""start"": 8, ""end"": 16, ""status"": ""proposed"", ""reason"": """", ""confidence"": 0.35, ""rule_id"": ""ne_verb"", ""error_type"": ""split_join""}, {""source"": ""по русски"", ""replacement"": ""по-русски"", ""edit_type"": ""hyphen_change"", ""start"": 73, ""end"": 82, ""status"": ""proposed"", ""reason"": """", ""confidence"": 0.95, ""rule_id"": ""hyphen_po_adverbs""}, {""source"": """", ""replacement"": "","", ""edit_type"": ""punctuation_insert"", ""start"": 149, ""end"": 149, ""status"": ""proposed"", ""reason"": """", ""confidence"": 0.8, ""rule_id"": ""comparative_turnover_comma""}, {""source"": """", ""replacement"": "","", ""edit_type"": ""punctuation_insert"", ""start"": 302, ""end"": 302, ""status"": ""proposed"", ""reason"": """", ""confidence"": 0.85, ""rule_id"": ""address_comma""}]","{""candidate_present"": true, ""candidate_rule_ids"": [""address_comma"", ""comparative_turnover_comma"", ""hyphen_po_adverbs"", ""ne_verb""], ""carrier_sentence_hash"": ""47383f5e9f0e66c32012fab1"", ""clean_hash"": ""0222ae840ae68d6b10d5ac3c03c494dc5402a9307836056c6ec0b2583fd0e455"", ""error_bearing_span"": [8, 16], ""error_count"": 4, ""error_form"": ""недумает"", ""generation_strategy"": ""multi_error_stress"", ""is_stress"": true, ""license_status"": ""Nerus Lenta annotated corpus; verify terms before production."", ""original_clean_sentence"": ""Команда не думает о задержке. Затем специалист отправил ответ. Он говорит по-русски о проекте. Утром автор отправил письмо. подробная справка выглядел, словно готовый итог. Позже служба проверила запись. К сожалению, в 2000 году Госдуме не удалось избежать откровенного лоббирования тех или иных вопросов, отметила Слиска. По его словам, главы государств извинялись друг перед другом на закрытом заседании."", ""rule_ids"": [""ne_verb"", ""hyphen_po_adverbs"", ""comparative_turnover_comma"", ""address_comma""], ""sentence_id"": ""1616"", ""source_doc_id"": ""144"", ""source_name"": ""nerus_news"", ""source_subcorpus"": ""nerus_lenta"", ""source_type"": ""synthetic_augmented_from_open_clean"", ""target_family"": ""ne_verb"", ""target_form"": ""не думает""}","Команда не думает о задержке. Затем специалист отправил ответ. Он говорит по-русски о проекте. Утром автор отправил письмо. подробная справка выглядел, словно готовый итог. Позже служба проверила запись. К сожалению, в 2000 году Госдуме не удалось избежать откровенного лоббирования тех или иных вопросов, отметила Слиска. По его словам, главы государств извинялись друг перед другом на закрытом заседании.",nerus_news,nerus_lenta,False,False,66c05555647a7c8228200e49,66c05555647a7c8228200e496a36ad79c18496c44f23f8b69b663591aba9eff2,"[""hyphen"", ""punctuation"", ""split_join""]",nerus_news,False,True,news,ne_verb,"[{""source"": ""недумает"", ""replacement"": ""не думает"", ""edit_type"": ""split_word"", ""start"": 8, ""end"": 16, ""status"": ""proposed"", ""reason"": """", ""confidence"": 0.35, ""rule_id"": ""ne_verb"", ""error_type"": ""split_join""}, {""source"": ""по русски"", ""replacement"": ""по-русски"", ""edit_type"": ""hyphen_change"", ""start"": 73, ""end"": 82, ""status"": ""proposed"", ""reason"": """", ""confidence"": 0.95, ""rule_id"": ""hyphen_po_adverbs""}, {""source"": """", ""replacement"": "","", ""edit_type"": ""punctuation_insert"", ""start"": 149, ""end"": 149, ""status"": ""proposed"", ""reason"": """", ""confidence"": 0.8, ""rule_id"": ""comparative_turnover_comma""}, {""source"": """", ""replacement"": "","", ""edit_type"": ""punctuation_insert"", ""start"": 302, ""end"": 302, ""status"": ""proposed"", ""reason"": """", ""confidence"": 0.85, ""rule_id"": ""address_comma""}]",rule:ne_verb
Команда недумает о задержке. Утром курьер принес копию.... позже редактор проверил запись меткадицеа.,Команда не думает о задержке. Утром курьер принес копию.... позже редактор проверил запись меткадицеа.,train,synthetic_augmented_from_open_clean,split_join,"[""ne_verb""]","[{""source"": ""недумает"", ""replacement"": ""не думает"", ""edit_type"": ""split_word"", ""start"": 8, ""end"": 16, ""status"": ""proposed"", ""reason"": """", ""confidence"": 0.35, ""rule_id"": ""ne_verb"", ""error_type"": ""split_join""}]","{""candidate_present"": true, ""candidate_rule_ids"": [""ne_verb""], ""carrier_sentence_hash"": ""460523d682e311e44732b1a7"", ""clean_hash"": ""a32c3646f78ed8dfcf3adaa01b2949d18886a7b56756284508b8ddf7d93b8f48"", ""edit_operations"": [{""confidence"": 0.35, ""edit_type"": ""split_word"", ""end"": 16, ""error_type"": ""split_join"", ""reason"": """", ""replacement"": ""не думает"", ""rule_id"": ""ne_verb"", ""source"": ""недумает"", ""start"": 8, ""status"": ""proposed""}], ""error_bearing_span"": [8, 16], ""error_form"": ""недумает"", ""generation_strategy"": ""corpus_opportunity"", ""license_status"": ""Nerus Lenta annotated corpus; verify terms before production."", ""normalized_pair_hash"": ""71ca7e040f31352ef7f85091408c916e618ec2cd60df54c5da54783590d62632"", ""original_clean_sentence"": ""Команда не думает о задержке. Утром курьер принес копию.... позже редактор проверил запись меткадицеа."", ""rule_ids"": [""ne_verb""], ""sentence_id"": ""5928"", ""source_doc_id"": ""506"", ""source_name"": ""nerus_news"", ""source_subcorpus"": ""nerus_lenta"", ""source_type"": ""synthetic_augmented_from_open_clean"", ""syntax_family"": ""ne_with_parts_of_speech"", ""target_family"": ""ne_verb"", ""target_form"": ""не думает"", ""template_id"": ""syntax_training_ne_verb""}",Команда не думает о задержке. Утром курьер принес копию.,nerus_news,nerus_lenta,False,False,87f4672b531835653fb45336,87f4672b531835653fb453368a59675f6abad5db9c9eb80ad66b801b302ecb37,"[""split_join""]",nerus_news,False,True,news,ne_verb,"[{""source"": ""недумает"", ""replacement"": ""не думает"", ""edit_type"": ""split_word"", ""start"": 8, ""end"": 16, ""status"": ""proposed"", ""reason"": """", ""confidence"": 0.35, ""rule_id"": ""ne_verb"", ""error_type"": ""split_join""}]",rule:ne_verb
Команда недумает о задержке. Затем отдел принял письмо.... позже редактор проверил запись меткадтхеа.,Команда не думает о задержке. Затем отдел принял письмо.... позже редактор проверил запись меткадтхеа.,train,synthetic_augmented_from_open_clean,split_join,"[""ne_verb""]","[{""source"": ""недумает"", ""replacement"": ""не думает"", ""edit_type"": ""split_word"", ""start"": 8, ""end"": 16, ""status"": ""proposed"", ""reason"": """", ""confidence"": 0.35, ""rule_id"": ""ne_verb"", ""error_type"": ""split_join""}]","{""candidate_present"": true, ""candidate_rule_ids"": [""ne_verb""], ""carrier_sentence_hash"": ""6130e12c15882e996787cd47"", ""clean_hash"": ""4b9f4b1b51921d176057f93033688f637fa805122f5268bbac0e5aa99decb112"", ""edit_operations"": [{""confidence"": 0.35, ""edit_type"": ""split_word"", ""end"": 16, ""error_type"": ""split_join"", ""reason"": """", ""replacement"": ""не думает"", ""rule_id"": ""ne_verb"", ""source"": ""недумает"", ""start"": 8, ""status"": ""proposed""}], ""error_bearing_span"": [8, 16], ""error_form"": ""недумает"", ""generation_strategy"": ""corpus_opportunity"", ""license_status"": ""Nerus Lenta annotated corpus; verify terms before production."", ""normalized_pair_hash"": ""53465369eb56c17ad54cfdb6142791a2ff187bd8d98bf72dba297321868df4ea"", ""original_clean_sentence"": ""Команда не думает о задержке. Затем отдел принял письмо.... позже редактор проверил запись меткадтхеа."", ""rule_ids"": [""ne_verb""], ""sentence_id"": ""5083"", ""source_doc_id"": ""430"", ""source_name"": ""nerus_news"", ""source_subcorpus"": ""nerus_lenta"", ""source_type"": ""synthetic_augmented_from_open_clean"", ""syntax_family"": ""ne_with_parts_of_speech"", ""target_family"": ""ne_verb"", ""target_form"": ""не думает"", ""template_id"": ""syntax_training_ne_verb""}",Команда не думает о задержке. Затем отдел принял письмо.,nerus_news,nerus_lenta,False,False,8d77d499eb82613629abdaa5,8d77d499eb82613629abdaa5c17b2b484decced97b651bb057248b6fa5245cdf,"[""split_join""]",nerus_news,False,True,news,ne_verb,"[{""source"": ""недумает"", ""replacement"": ""не думает"", ""edit_type"": ""split_word"", ""start"": 8, ""end"": 16, ""status"": ""proposed"", ""reason"": """", ""confidence"": 0.35, ""rule_id"": ""ne_verb"", ""error_type"": ""split_join""}]",rule:ne_verb
Команда недумает о задержке. Позже комиссия вернула письмо.... позже редактор проверил запись меткадмцеа.,Команда не думает о задержке. Позже комиссия вернула письмо.... позже редактор проверил запись меткадмцеа.,train,synthetic_augmented_from_open_clean,split_join,"[""ne_verb""]","[{""source"": ""недумает"", ""replacement"": ""не думает"", ""edit_type"": ""split_word"", ""start"": 8, ""end"": 16, ""status"": ""proposed"", ""reason"": """", ""confidence"": 0.35, ""rule_id"": ""ne_verb"", ""error_type"": ""split_join""}]","{""candidate_present"": true, ""candidate_rule_ids"": [""ne_verb""], ""carrier_sentence_hash"": ""2bac50eddc25a3beeb338a6c"", ""clean_hash"": ""2510d89d0b5d2752dc3c61490163b8eb0307949d7c6c645fd2bccb950e4d0855"", ""edit_operations"": [{""confidence"": 0.35, ""edit_type"": ""split_word"", ""end"": 16, ""error_type"": ""split_join"", ""reason"": """", ""replacement"": ""не думает"", ""rule_id"": ""ne_verb"", ""source"": ""недумает"", ""start"": 8, ""status"": ""proposed""}], ""error_bearing_span"": [8, 16], ""error_form"": ""недумает"", ""generation_strategy"": ""corpus_opportunity"", ""license_status"": ""Nerus Lenta annotated corpus; verify terms before production."", ""normalized_pair_hash"": ""033cea9392a8a7aea609510437b91185569cd93bc40ff5337577c911ea9fcbd0"", ""original_clean_sentence"": ""Команда не думает о задержке. Позже комиссия вернула письмо.... позже редактор проверил запись меткадмцеа."", ""rule_ids"": [""ne_verb""], ""sentence_id"": ""6065"", ""source_doc_id"": ""519"", ""source_name"": ""nerus_news"", ""source_subcorpus"": ""nerus_lenta"", ""source_type"": ""synthetic_augmented_from_open_clean"", ""syntax_family"": ""ne_with_parts_of_speech"", ""target_family"": ""ne_verb"", ""target_form"": ""не думает"", ""template_id"": ""syntax_training_ne_verb""}",Команда не думает о задержке. Позже комиссия вернула письмо.,nerus_news,nerus_lenta,False,False,7b2d59fe2d3d91be1e26e115,7b2d59fe2d3d91be1e26e115d870c52fb8eb6f45713afe957c74c4722ed6d4a6,"[""split_join""]",nerus_news,False,True,news,ne_verb,"[{""source"": ""недумает"", ""replacement"": ""не думает"", ""edit_type"": ""split_word"", ""start"": 8, ""end"": 16, ""status"": ""proposed"", ""reason"": """", ""confidence"": 0.35, ""rule_id"": ""ne_verb"", ""error_type"": ""split_join""}]",rule:ne_verb
Команда недумает о задержке. Вечером сотрудник закрыл заявку..,Команда не думает о задержке. Вечером сотрудник закрыл заявку..,train,synthetic_augmented_from_open_clean,split_join,"[""ne_verb""]","[{""source"": ""недумает"", ""replacement"": ""не думает"", ""edit_type"": ""split_word"", ""start"": 8, ""end"": 16, ""status"": ""proposed"", ""reason"": """", ""confidence"": 0.35, ""rule_id"": ""ne_verb"", ""error_type"": ""split_join""}]","{""candidate_present"": true, ""candidate_rule_ids"": [""ne_verb""], ""carrier_sentence_hash"": ""f074fdb56f0f6e1ba1f78289"", ""clean_hash"": ""36bd6eb1ec9713162c79e957db816607512c270a443057297bf0dbee8204f38c"", ""edit_operations"": [{""confidence"": 0.35, ""edit_type"": ""split_word"", ""end"": 16, ""error_type"": ""split_join"", ""reason"": """", ""replacement"": ""не думает"", ""rule_id"": ""ne_verb"", ""source"": ""недумает"", ""start"": 8, ""status"": ""proposed""}], ""error_bearing_span"": [8, 16], ""error_form"": ""недумает"", ""generation_strategy"": ""corpus_opportunity"", ""license_status"": ""Nerus Lenta annotated corpus; verify terms before production."", ""normalized_pair_hash"": ""ab2a4df848ec8226e6ab72a6a83aa885794c41b4c8efc17a708a63863c86e53a"", ""original_clean_sentence"": ""Команда не думает о задержке. Вечером сотрудник закрыл заявку. ????? ???????? ???????? ???????? ???."", ""rule_ids"": [""ne_verb""], ""sentence_id"": ""4054"", ""source_doc_id"": ""342"", ""source_name"": ""nerus_news"", ""source_subcorpus"": ""nerus_lenta"", ""source_type"": ""synthetic_augmented_from_open_clean"", ""syntax_family"": ""ne_with_parts_of_speech"", ""target_family"": ""ne_verb"", ""target_form"": ""не думает"", ""template_id"": ""syntax_training_ne_verb""}",Команда не думает о задержке. Вечером сотрудник закрыл заявку.,nerus_news,nerus_lenta,False,False,ab2a4df848ec8226e6ab72a6,ab2a4df848ec8226e6ab72a6a83aa885794c41b4c8efc17a708a63863c86e53a,"[""split_join""]",nerus_news,False,True,news,ne_verb,"[{""source"": ""недумает"", ""replacement"": ""не думает"", ""edit_type"": ""split_word"", ""start"": 8, ""end"": 16, ""status"": ""proposed"", ""reason"": """", ""confidence"": 0.35, ""rule_id"": ""ne_verb"", ""error_type"": ""split_join""}]",rule:ne_verb
"Руководитель предвыборной кампании Илиеску Иоан Мирча Паску сообщил в понедельник журналистам, что незнает, кто стоит за хакерами.","Руководитель предвыборной кампании Илиеску Иоан Мирча Паску сообщил в понедельник журналистам, что не знает, кто стоит за хакерами.",train,synthetic_augmented_from_open_clean,split_join,"[""ne_verb""]","[{""source"": ""незнает"", ""replacement"": ""не знает"", ""edit_type"": ""split_word"", ""start"": 99, ""end"": 106, ""status"": ""proposed"", ""reason"": """", ""confidence"": 0.35, ""rule_id"": ""ne_verb""}]","{""candidate_present"": true, ""candidate_rule_ids"": [""ne_verb""], ""carrier_sentence_hash"": ""c115dc051d9d76568aecd233"", ""clean_hash"": ""643d9092a016f6e079f40db0a9b0eaf582ac3360afe9e5e8c1d236b44aab590d"", ""error_bearing_span"": [99, 106], ""error_form"": ""незнает"", ""generation_strategy"": ""corpus_opportunity"", ""license_status"": ""Open Lenta.ru news dataset; verify terms before production."", ""normalized_pair_hash"": ""2189a22226d9f6e58895bfdc3ebd1b8645b5067d8db2c894bed09ece54ce6b40"", ""original_clean_sentence"": ""Руководитель предвыборной кампании Илиеску Иоан Мирча Паску сообщил в понедельник журналистам, что не знает, кто стоит за хакерами."", ""rule_ids"": [""ne_verb""], ""sentence_id"": ""15626:2"", ""source_doc_id"": ""https://lenta.ru/news/2000/10/31/romania/"", ""source_name"": ""lenta_news"", ""source_subcorpus"": ""Интернет и СМИ"", ""source_type"": ""synthetic_augmented_from_open_clean"", ""synthetic_source_dataset"": ""synthetic_open_corpus_ne_verb"", ""target_family"": ""ne_verb"", ""target_form"": ""не знает""}","Руководитель предвыборной кампании Илиеску Иоан Мирча Паску сообщил в понедельник журналистам, что не знает, кто стоит за хакерами.",lenta_news,Интернет и СМИ,False,False,2189a22226d9f6e58895bfdc,2189a22226d9f6e58895bfdc3ebd1b8645b5067d8db2c894bed09ece54ce6b40,"[""split_join""]",lenta_news,False,True,news,ne_verb,"[{""source"": ""незнает"", ""replacement"": ""не знает"", ""edit_type"": ""split_word"", ""start"": 99, ""end"": 106, ""status"": ""proposed"", ""reason"": """", ""confidence"": 0.35, ""rule_id"": ""ne_verb""}]",rule:ne_verb
Стражи порядка при этом немешают мужчине.,Стражи порядка при этом не мешают мужчине.,train,synthetic_augmented_from_open_clean,split_join,"[""ne_verb""]","[{""source"": ""немешают"", ""replacement"": ""не мешают"", ""edit_type"": ""split_word"", ""start"": 24, ""end"": 32, ""status"": ""proposed"", ""reason"": """", ""confidence"": 0.35, ""rule_id"": ""ne_verb""}]","{""candidate_present"": true, ""candidate_rule_ids"": [""ne_verb""], ""carrier_sentence_hash"": ""91c1e67af4173cefc7e327ef"", ""clean_hash"": ""0f7e4061906aef414a2d93a1eb2d5e745e220a8e192ff597c2450dd2668833ec"", ""error_bearing_span"": [24, 32], ""error_form"": ""немешают"", ""generation_strategy"": ""corpus_opportunity"", ""license_status"": ""Nerus Lenta annotated corpus; verify terms before production."", ""normalized_pair_hash"": ""aa952d6cfa6e0cb12d218c54660675c7b01b0abf22c921b76ce3d7e08ed71c22"", ""original_clean_sentence"": ""Стражи порядка при этом не мешают мужчине."", ""rule_ids"": [""ne_verb""], ""sentence_id"": ""220026"", ""source_doc_id"": ""18598"", ""source_name"": ""nerus_news"", ""source_subcorpus"": ""nerus_lenta"", ""source_type"": ""synthetic_augmented_from_open_clean"", ""synthetic_source_dataset"": ""synthetic_open_corpus_ne_verb"", ""target_family"": ""ne_verb"", ""target_form"": ""не мешают""}",Стражи порядка при этом не мешают мужчине.,nerus_news,nerus_lenta,False,False,aa952d6cfa6e0cb12d218c54,aa952d6cfa6e0cb12d218c54660675c7b01b0abf22c921b76ce3d7e08ed71c22,"[""split_join""]",nerus_news,False,True,news,ne_verb,"[{""source"": ""немешают"", ""replacement"": ""не мешают"", ""edit_type"": ""split_word"", ""start"": 24, ""end"": 32, ""status"": ""proposed"", ""reason"": """", ""confidence"": 0.35, ""rule_id"": ""ne_verb""}]",rule:ne_verb
Редактор незнает детали дела. Вечером отдел обновил список.... позже редактор проверил запись меткаопцеа.,Редактор не знает детали дела. Вечером отдел обновил список.... позже редактор проверил запись меткаопцеа.,train,synthetic_augmented_from_open_clean,split_join,"[""ne_verb""]","[{""source"": ""незнает"", ""replacement"": ""не знает"", ""edit_type"": ""split_word"", ""start"": 9, ""end"": 16, ""status"": ""proposed"", ""reason"": """", ""confidence"": 0.35, ""rule_id"": ""ne_verb"", ""error_type"": ""split_join""}]","{""candidate_present"": true, ""candidate_rule_ids"": [""ne_verb""], ""carrier_sentence_hash"": ""02b788ba7675f724ab497ceb"", ""clean_hash"": ""671c8c8a87817d23a9e6e69576ac87bd10fe2f51fdb91404e8a294de09da8c1b"", ""edit_operations"": [{""confidence"": 0.35, ""edit_type"": ""split_word"", ""end"": 16, ""error_type"": ""split_join"", ""reason"": """", ""replacement"": ""не знает"", ""rule_id"": ""ne_verb"", ""source"": ""незнает"", ""start"": 9, ""status"": ""proposed""}], ""error_bearing_span"": [9, 16], ""error_form"": ""незнает"", ""generation_strategy"": ""corpus_opportunity"", ""license_status"": ""Nerus Lenta annotated corpus; verify terms before production."", ""normalized_pair_hash"": ""4dd30a6e221fecae67eaec5f34d6d2c713e3c3acc3a879cdcc679d15c6a7f95a"", ""original_clean_sentence"": ""Редактор не знает детали дела. Вечером отдел обновил список.... позже редактор проверил запись меткаопцеа."", ""rule_ids"": [""ne_verb""], ""sentence_id"": ""6207"", ""source_doc_id"": ""531"", ""source_name"": ""nerus_news"", ""source_subcorpus"": ""nerus_lenta"", ""source_type"": ""synthetic_augmented_from_open_clean"", ""syntax_family"": ""ne_with_parts_of_speech"", ""target_family"": ""ne_verb"", ""target_form"": ""не знает"", ""template_id"": ""syntax_training_ne_verb""}",Редактор не знает детали дела. Вечером отдел обновил список.,nerus_news,nerus_lenta,False,False,f2846ff40976d2ed51ac8de2,f2846ff40976d2ed51ac8de21ee8c69b3a260226a27c0509ddef2d038b1d3750,"[""split_join""]",nerus_news,False,True,news,ne_verb,"[{""source"": ""незнает"", ""replacement"": ""не знает"", ""edit_type"": ""split_word"", ""start"": 9, ""end"": 16, ""status"": ""proposed"", ""reason"": """", ""confidence"": 0.35, ""rule_id"": ""ne_verb"", ""error_type"": ""split_join""}]",rule:ne_verb
"В нем он рассказал, что замысел фильма ""Старик и Море"" созрел у него давно, но он нехотел его снимать в России, а искал западного продюсера, который смог бы обеспечить надлежащий технический уровень съемок. Кое как работает временный график. После проверки автор отправил отчет. В нескольких городах провинции сожжены десятки домов.","В нем он рассказал, что замысел фильма ""Старик и Море"" созрел у него давно, но он не хотел его снимать в России, а искал западного продюсера, который смог бы обеспечить надлежащий технический уровень съемок. Кое-как работает временный график. После проверки автор отправил отчет. В нескольких городах провинции сожжены десятки домов.",train,synthetic_augmented_from_open_clean,split_join,"[""ne_verb"", ""hyphen_koe_koy""]","[{""source"": ""нехотел"", ""replacement"": ""не хотел"", ""edit_type"": ""split_word"", ""start"": 82, ""end"": 89, ""status"": ""proposed"", ""reason"": """", ""confidence"": 0.35, ""rule_id"": ""ne_verb""}, {""source"": ""Кое как"", ""replacement"": ""Кое-как"", ""edit_type"": ""hyphen_change"", ""start"": 0, ""end"": 214, ""status"": ""proposed"", ""reason"": """", ""confidence"": 0.95, ""rule_id"": ""hyphen_koe_koy""}, {""source"": ""Кое как"", ""replacement"": ""кое-как"", ""edit_type"": ""hyphen_change"", ""start"": 0, ""end"": 214, ""status"": ""proposed"", ""reason"": """", ""confidence"": 0.95, ""rule_id"": ""hyphen_koe_koy""}]","{""candidate_present"": true, ""candidate_rule_ids"": [""hyphen_koe_koy"", ""ne_verb""], ""carrier_sentence_hash"": ""ac85408eb84e02ce023ae114"", ""clean_hash"": ""4945488fe1a825324e3f56512e938f0c96ccfb6df895d0a8c2b0402f5e924dbc"", ""error_bearing_span"": [82, 89], ""error_count"": 2, ""error_form"": ""нехотел"", ""generation_strategy"": ""multi_error_stress"", ""is_stress"": true, ""license_status"": ""Open Lenta.ru news dataset; verify terms before production."", ""original_clean_sentence"": ""В нем он рассказал, что замысел фильма \""Старик и Море\"" созрел у него давно, но он не хотел его снимать в России, а искал западного продюсера, который смог бы обеспечить надлежащий технический уровень съемок. Кое-как работает временный график. После проверки автор отправил отчет. В нескольких городах провинции сожжены десятки домов."", ""rule_ids"": [""ne_verb"", ""hyphen_koe_koy""], ""sentence_id"": ""66:10"", ""source_doc_id"": ""https://lenta.ru/news/1999/09/03/timor/"", ""source_name"": ""lenta_news"", ""source_subcorpus"": ""Мир"", ""source_type"": ""synthetic_augmented_from_open_clean"", ""target_family"": ""ne_verb"", ""target_form"": ""не хотел""}","В нем он рассказал, что замысел фильма ""Старик и Море"" созрел у него давно, но он не хотел его снимать в России, а искал западного продюсера, который смог бы обеспечить надлежащий технический уровень съемок. Кое-как работает временный график. После проверки автор отправил отчет. В нескольких городах провинции сожжены десятки домов.",lenta_news,Мир,False,False,7e2e59059910b3bdfa6e128c,7e2e59059910b3bdfa6e128c4f5eec1a81591ac8d4eb7e800093b6bedfb2384f,"[""hyphen"", ""split_join""]",lenta_news,False,True,news,ne_verb,"[{""source"": ""нехотел"", ""replacement"": ""не хотел"", ""edit_type"": ""split_word"", ""start"": 82, ""end"": 89, ""status"": ""proposed"", ""reason"": """", ""confidence"": 0.35, ""rule_id"": ""ne_verb""}, {""source"": ""Кое как"", ""replacement"": ""Кое-как"", ""edit_type"": ""hyphen_change"", ""start"": 0, ""end"": 214, ""status"": ""proposed"", ""reason"": """", ""confidence"": 0.95, ""rule_id"": ""hyphen_koe_koy""}, {""source"": ""Кое как"", ""replacement"": ""кое-как"", ""edit_type"": ""hyphen_change"", ""start"": 0, ""end"": 214, ""status"": ""proposed"", ""reason"": """", ""confidence"": 0.95, ""rule_id"": ""hyphen_koe_koy""}]",rule:ne_verb
Редактор незнает детали дела. После встречи файл остался в архиве.... позже редактор проверил запись меткаязхеа.,Редактор не знает детали дела. После встречи файл остался в архиве.... позже редактор проверил запись меткаязхеа.,train,synthetic_augmented_from_open_clean,split_join,"[""ne_verb""]","[{""source"": ""незнает"", ""replacement"": ""не знает"", ""edit_type"": ""split_word"", ""start"": 9, ""end"": 16, ""status"": ""proposed"", ""reason"": """", ""confidence"": 0.35, ""rule_id"": ""ne_verb"", ""error_type"": ""split_join""}]","{""candidate_present"": true, ""candidate_rule_ids"": [""ne_verb""], ""carrier_sentence_hash"": ""ce0a344ea9735d353dde31c0"", ""clean_hash"": ""e40659d3adb6843e7a08a7a4588b8682cbe667ffee6d1e2b87d27bc468f1d1f1"", ""edit_operations"": [{""confidence"": 0.35, ""edit_type"": ""split_word"", ""end"": 16, ""error_type"": ""split_join"", ""reason"": """", ""replacement"": ""не знает"", ""rule_id"": ""ne_verb"", ""source"": ""незнает"", ""start"": 9, ""status"": ""proposed""}], ""error_bearing_span"": [9, 16], ""error_form"": ""незнает"", ""generation_strategy"": ""corpus_opportunity"", ""license_status"": ""Nerus Lenta annotated corpus; verify terms before production."", ""normalized_pair_hash"": ""98ce8145c51664d6c2684e1b5faca76b0a5b77aa32810bbd92b799f16a02abf7"", ""original_clean_sentence"": ""Редактор не знает детали дела. После встречи файл остался в архиве.... позже редактор проверил запись меткаязхеа."", ""rule_ids"": [""ne_verb""], ""sentence_id"": ""4693"", ""source_doc_id"": ""396"", ""source_name"": ""nerus_news"", ""source_subcorpus"": ""nerus_lenta"", ""source_type"": ""synthetic_augmented_from_open_clean"", ""syntax_family"": ""ne_with_parts_of_speech"", ""target_family"": ""ne_verb"", ""target_form"": ""не знает"", ""template_id"": ""syntax_training_ne_verb""}",Редактор не знает детали дела. После встречи файл остался в архиве.,nerus_news,nerus_lenta,False,False,46403d7251711fd605f286d6,46403d7251711fd605f286d61ae629dc4abf3d3989c4c8b15638c494ac34fcb4,"[""split_join""]",nerus_news,False,True,news,ne_verb,"[{""source"": ""незнает"", ""replacement"": ""не знает"", ""edit_type"": ""split_word"", ""start"": 9, ""end"": 16, ""status"": ""proposed"", ""reason"": """", ""confidence"": 0.35, ""rule_id"": ""ne_verb"", ""error_type"": ""split_join""}]",rule:ne_verb
Редактор незнает детали дела. Утром комиссия согласовала дату.... позже редактор проверил запись меткатвцеа.,Редактор не знает детали дела. Утром комиссия согласовала дату.... позже редактор проверил запись меткатвцеа.,train,synthetic_augmented_from_open_clean,split_join,"[""ne_verb""]","[{""source"": ""незнает"", ""replacement"": ""не знает"", ""edit_type"": ""split_word"", ""start"": 9, ""end"": 16, ""status"": ""proposed"", ""reason"": """", ""confidence"": 0.35, ""rule_id"": ""ne_verb"", ""error_type"": ""split_join""}]","{""candidate_present"": true, ""candidate_rule_ids"": [""ne_verb""], ""carrier_sentence_hash"": ""30eaba8db5b456a391f87338"", ""clean_hash"": ""25e5387bacbedd951133b86767bdd752d0480f2f6c2f88ffcd9136955b491efd"", ""edit_operations"": [{""confidence"": 0.35, ""edit_type"": ""split_word"", ""end"": 16, ""error_type"": ""split_join"", ""reason"": """", ""replacement"": ""не знает"", ""rule_id"": ""ne_verb"", ""source"": ""незнает"", ""start"": 9, ""status"": ""proposed""}], ""error_bearing_span"": [9, 16], ""error_form"": ""незнает"", ""generation_strategy"": ""corpus_opportunity"", ""license_status"": ""Nerus Lenta annotated corpus; verify terms before production."", ""normalized_pair_hash"": ""d94b464294a288470739cc3e5c85ae57b202a351968f93f4128c4f3e1b3539b1"", ""original_clean_sentence"": ""Редактор не знает детали дела. Утром комиссия согласовала дату.... позже редактор проверил запись меткатвцеа."", ""rule_ids"": [""ne_verb""], ""sentence_id"": ""5699"", ""source_doc_id"": ""488"", ""source_name"": ""nerus_news"", ""source_subcorpus"": ""nerus_lenta"", ""source_type"": ""synthetic_augmented_from_open_clean"", ""syntax_family"": ""ne_with_parts_of_speech"", ""target_family"": ""ne_verb"", ""target_form"": ""не знает"", ""template_id"": ""syntax_training_ne_verb""}",Редактор не знает детали дела. Утром комиссия согласовала дату.,nerus_news,nerus_lenta,False,False,d307e56d8ba985cc4799c1ce,d307e56d8ba985cc4799c1ceda6adfefa70334112f174cccdc6685c34803d3a6,"[""split_join""]",nerus_news,False,True,news,ne_verb,"[{""source"": ""незнает"", ""replacement"": ""не знает"", ""edit_type"": ""split_word"", ""start"": 9, ""end"": 16, ""status"": ""proposed"", ""reason"": """", ""confidence"": 0.35, ""rule_id"": ""ne_verb"", ""error_type"": ""split_join""}]",rule:ne_verb
"Он признался, что никогда неучился в школе и не умеет читать и писать.","Он признался, что никогда не учился в школе и не умеет читать и писать.",train,synthetic_augmented_from_open_clean,split_join,"[""ne_verb""]","[{""source"": ""неучился"", ""replacement"": ""не учился"", ""edit_type"": ""split_word"", ""start"": 26, ""end"": 34, ""status"": ""proposed"", ""reason"": """", ""confidence"": 0.35, ""rule_id"": ""ne_verb""}]","{""candidate_present"": true, ""candidate_rule_ids"": [""ne_verb""], ""carrier_sentence_hash"": ""64254f452b534b85dce2748f"", ""clean_hash"": ""aac303a520e4ec85541aa31967582cc67f7c89ff011699d571a8081a45fe63bb"", ""error_bearing_span"": [26, 34], ""error_form"": ""неучился"", ""generation_strategy"": ""corpus_opportunity"", ""license_status"": ""Nerus Lenta annotated corpus; verify terms before production."", ""normalized_pair_hash"": ""0e0fc854169076a5ed6f4b34cdd147691f25cb98dd4e4b22fe2df737b1438ca6"", ""original_clean_sentence"": ""Он признался, что никогда не учился в школе и не умеет читать и писать."", ""rule_ids"": [""ne_verb""], ""sentence_id"": ""146839"", ""source_doc_id"": ""12312"", ""source_name"": ""nerus_news"", ""source_subcorpus"": ""nerus_lenta"", ""source_type"": ""synthetic_augmented_from_open_clean"", ""synthetic_source_dataset"": ""synthetic_open_corpus_ne_verb"", ""target_family"": ""ne_verb"", ""target_form"": ""не учился""}","Он признался, что никогда не учился в школе и не умеет читать и писать.",nerus_news,nerus_lenta,False,False,0e0fc854169076a5ed6f4b34,0e0fc854169076a5ed6f4b34cdd147691f25cb98dd4e4b22fe2df737b1438ca6,"[""split_join""]",nerus_news,False,True,news,ne_verb,"[{""source"": ""неучился"", ""replacement"": ""не учился"", ""edit_type"": ""split_word"", ""start"": 26, ""end"": 34, ""status"": ""proposed"", ""reason"": """", ""confidence"": 0.35, ""rule_id"": ""ne_verb""}]",rule:ne_verb
Команда недумает о задержке. Позже отдел уточнил дату.... позже редактор проверил запись меткачецеа.,Команда не думает о задержке. Позже отдел уточнил дату.... позже редактор проверил запись меткачецеа.,train,synthetic_augmented_from_open_clean,split_join,"[""ne_verb""]","[{""source"": ""недумает"", ""replacement"": ""не думает"", ""edit_type"": ""split_word"", ""start"": 8, ""end"": 16, ""status"": ""proposed"", ""reason"": """", ""confidence"": 0.35, ""rule_id"": ""ne_verb"", ""error_type"": ""split_join""}]","{""candidate_present"": true, ""candidate_rule_ids"": [""ne_verb""], ""carrier_sentence_hash"": ""267e8b76f50fe4ccc77ee1fa"", ""clean_hash"": ""b2c6935f24c4bc6c51a5fde8082216d6dce4e10d057813c851a6236e0f71b9b1"", ""edit_operations"": [{""confidence"": 0.35, ""edit_type"": ""split_word"", ""end"": 16, ""error_type"": ""split_join"", ""reason"": """", ""replacement"": ""не думает"", ""rule_id"": ""ne_verb"", ""source"": ""недумает"", ""start"": 8, ""status"": ""proposed""}], ""error_bearing_span"": [8, 16], ""error_form"": ""недумает"", ""generation_strategy"": ""fallback_natural_template"", ""license_status"": ""Nerus Lenta annotated corpus; verify terms before production."", ""normalized_pair_hash"": ""495f4300c70b73dfc3e27cd5caeaa59d42724ae35666aa3d40d7c22e1e47fb13"", ""original_clean_sentence"": ""Команда не думает о задержке. Позже отдел уточнил дату.... позже редактор проверил запись меткачецеа."", ""rule_ids"": [""ne_verb""], ""sentence_id"": ""5826"", ""source_doc_id"": ""498"", ""source_name"": ""nerus_news"", ""source_subcorpus"": ""nerus_lenta"", ""source_type"": ""synthetic_augmented_from_open_clean"", ""syntax_family"": ""ne_with_parts_of_speech"", ""target_family"": ""ne_verb"", ""target_form"": ""не думает"", ""template_id"": ""syntax_training_ne_verb""}",Команда не думает о задержке. Позже отдел уточнил дату.,nerus_news,nerus_lenta,False,False,59a7af86a4a0a86d58407c85,59a7af86a4a0a86d58407c8575a15ca5ceed43619b7184a3830a4bdfe452da0e,"[""split_join""]",nerus_news,False,True,news,ne_verb,"[{""source"": ""недумает"", ""replacement"": ""не думает"", ""edit_type"": ""split_word"", ""start"": 8, ""end"": 16, ""status"": ""proposed"", ""reason"": """", ""confidence"": 0.35, ""rule_id"": ""ne_verb"", ""error_type"": ""split_join""}]",rule:ne_verb
Редактор незнает детали дела. Утром служба сверила данные.... позже редактор проверил запись меткаепхеа.,Редактор не знает детали дела. Утром служба сверила данные.... позже редактор проверил запись меткаепхеа.,train,synthetic_augmented_from_open_clean,split_join,"[""ne_verb""]","[{""source"": ""незнает"", ""replacement"": ""не знает"", ""edit_type"": ""split_word"", ""start"": 9, ""end"": 16, ""status"": ""proposed"", ""reason"": """", ""confidence"": 0.35, ""rule_id"": ""ne_verb"", ""error_type"": ""split_join""}]","{""candidate_present"": true, ""candidate_rule_ids"": [""ne_verb""], ""carrier_sentence_hash"": ""be0f96ed58151fdc4c5d4a33"", ""clean_hash"": ""896f5ed075ac9fa79ee54bb714e8183b0044d0d76fe1496b73a232649275928b"", ""edit_operations"": [{""confidence"": 0.35, ""edit_type"": ""split_word"", ""end"": 16, ""error_type"": ""split_join"", ""reason"": """", ""replacement"": ""не знает"", ""rule_id"": ""ne_verb"", ""source"": ""незнает"", ""start"": 9, ""status"": ""proposed""}], ""error_bearing_span"": [9, 16], ""error_form"": ""незнает"", ""generation_strategy"": ""corpus_opportunity"", ""license_status"": ""Nerus Lenta annotated corpus; verify terms before production."", ""normalized_pair_hash"": ""cb68f925e3f0b95c3ff90b7e42025ba90c2d01f28a3541c9dc9f2e9b255841f1"", ""original_clean_sentence"": ""Редактор не знает детали дела. Утром служба сверила данные.... позже редактор проверил запись меткаепхеа."", ""rule_ids"": [""ne_verb""], ""sentence_id"": ""4956"", ""source_doc_id"": ""418"", ""source_name"": ""nerus_news"", ""source_subcorpus"": ""nerus_lenta"", ""source_type"": ""synthetic_augmented_from_open_clean"", ""syntax_family"": ""ne_with_parts_of_speech"", ""target_family"": ""ne_verb"", ""target_form"": ""не знает"", ""template_id"": ""syntax_training_ne_verb""}",Редактор не знает детали дела. Утром служба сверила данные.,nerus_news,nerus_lenta,False,False,333c4d57066a239d60f16af1,333c4d57066a239d60f16af1458d14e17e2282bafce866dcb9fec91b5850fdc3,"[""split_join""]",nerus_news,False,True,news,ne_verb,"[{""source"": ""незнает"", ""replacement"": ""не знает"", ""edit_type"": ""split_word"", ""start"": 9, ""end"": 16, ""status"": ""proposed"", ""reason"": """", ""confidence"": 0.35, ""rule_id"": ""ne_verb"", ""error_type"": ""split_join""}]",rule:ne_verb
"От града ко граду невидать было церквей христианских, да и в самих - то градах невелика была истинная паства Господня …","От града ко граду не видать было церквей христианских, да и в самих - то градах не велика была истинная паства Господня …",train,synthetic_augmented_from_open_clean,split_join,"[""ne_verb""]","[{""source"": ""невидать"", ""replacement"": ""не видать"", ""edit_type"": ""split_word"", ""start"": 18, ""end"": 26, ""status"": ""proposed"", ""reason"": """", ""confidence"": 0.35, ""rule_id"": ""ne_verb""}]","{""candidate_present"": true, ""candidate_rule_ids"": [""ne_verb""], ""carrier_sentence_hash"": ""4c19762f3fb27900fbfaa499"", ""clean_hash"": ""21d6e9c79c401fed78c7fd50a894e7e39ad6bc81f1e9b14f1b6d8eaea35bb2ce"", ""error_bearing_span"": [18, 26], ""error_form"": ""невидать"", ""generation_strategy"": ""corpus_opportunity"", ""license_status"": ""OpenCorpora annotated corpus; verify terms before production."", ""normalized_pair_hash"": ""41dbc6da8850852ea8b61bc259472c409e9895d80e8bc416c92b454b19f7b47c"", ""original_clean_sentence"": ""От града ко граду не видать было церквей христианских, да и в самих - то градах не велика была истинная паства Господня …"", ""rule_ids"": [""ne_verb""], ""sentence_id"": ""79504"", ""source_doc_id"": """", ""source_name"": ""opencorpora"", ""source_subcorpus"": ""opencorpora"", ""source_type"": ""synthetic_augmented_from_open_clean"", ""synthetic_source_dataset"": ""synthetic_open_corpus_mixed"", ""target_family"": ""ne_verb"", ""target_form"": ""не видать""}","От града ко граду не видать было церквей христианских, да и в самих - то градах не велика была истинная паства Господня …",opencorpora,opencorpora,False,False,41dbc6da8850852ea8b61bc2,41dbc6da8850852ea8b61bc259472c409e9895d80e8bc416c92b454b19f7b47c,"[""split_join""]",opencorpora,False,True,mixed_nonfiction,ne_verb,"[{""source"": ""невидать"", ""replacement"": ""не видать"", ""edit_type"": ""split_word"", ""start"": 18, ""end"": 26, ""status"": ""proposed"", ""reason"": """", ""confidence"": 0.35, ""rule_id"": ""ne_verb""}]",rule:ne_verb
Применение вакуумных бомб являеться нарушением норм международного права - это оружие запрещено Женевской конвенцией.,Применение вакуумных бомб является нарушением норм международного права - это оружие запрещено Женевской конвенцией.,train,synthetic_augmented_from_open_clean,spelling,"[""tsya_soft_delete""]","[{""source"": ""являеться"", ""replacement"": ""является"", ""edit_type"": ""spelling_replace"", ""start"": 26, ""end"": 35, ""status"": ""proposed"", ""reason"": """", ""confidence"": 0.9, ""rule_id"": ""tsya_soft_delete""}]","{""candidate_present"": true, ""candidate_rule_ids"": [""tsya_soft_delete""], ""carrier_sentence_hash"": ""9a598aa40f266b5d072217d3"", ""clean_hash"": ""84850c7e8514e5ce01add7465c30fe235310d552a9f33d28c6f5d6aecacc84f1"", ""error_bearing_span"": [26, 35], ""error_form"": ""являеться"", ""generation_strategy"": ""corpus_opportunity"", ""license_status"": ""Open Lenta.ru news dataset; verify terms before production."", ""normalized_pair_hash"": ""86d7d67774dfffdd0c54254eb4ebb3c6461aab2aa2fbeaa842df6aa91d7171b7"", ""original_clean_sentence"": ""Применение вакуумных бомб является нарушением норм международного права - это оружие запрещено Женевской конвенцией."", ""rule_ids"": [""tsya_soft_delete""], ""sentence_id"": ""3037:1"", ""source_doc_id"": ""https://lenta.ru/news/1999/12/30/redcross/"", ""source_name"": ""lenta_news"", ""source_subcorpus"": ""Россия"", ""source_type"": ""synthetic_augmented_from_open_clean"", ""synthetic_source_dataset"": ""synthetic_open_corpus_tsya"", ""target_family"": ""tsya_soft_delete"", ""target_form"": ""является""}",Применение вакуумных бомб является нарушением норм международного права - это оружие запрещено Женевской конвенцией.,lenta_news,Россия,False,False,86d7d67774dfffdd0c54254e,86d7d67774dfffdd0c54254eb4ebb3c6461aab2aa2fbeaa842df6aa91d7171b7,"[""spelling""]",lenta_news,False,True,news,tsya_soft_delete,"[{""source"": ""являеться"", ""replacement"": ""является"", ""edit_type"": ""spelling_replace"", ""start"": 26, ""end"": 35, ""status"": ""proposed"", ""reason"": """", ""confidence"": 0.9, ""rule_id"": ""tsya_soft_delete""}]",rule:tsya_soft_delete
Такелаж оборудования используеться не только с целью облегчония задачи грузчикам.,Такелаж оборудования используется не только с целью облегчения задачи грузчикам.,train,synthetic_augmented_from_open_clean,spelling,"[""tsya_soft_delete"", ""pattern_чо_че""]","[{""source"": ""используеться"", ""replacement"": ""используется"", ""edit_type"": ""spelling_replace"", ""start"": 21, ""end"": 34, ""status"": ""proposed"", ""reason"": """", ""confidence"": 0.9, ""rule_id"": ""tsya_soft_delete""}, {""source"": ""облегчония"", ""replacement"": ""облегчения"", ""edit_type"": ""spelling_replace"", ""start"": 53, ""end"": 63, ""status"": ""proposed"", ""reason"": """", ""confidence"": 0.94, ""rule_id"": ""pattern_чо_че""}]","{""candidate_present"": true, ""candidate_rule_ids"": [""pattern_чо_че"", ""tsya_soft_delete""], ""carrier_sentence_hash"": ""f2357e6b32616e1a0dd18b80"", ""clean_hash"": ""401c4f65353eb7d440eb63c7c7bb96b9efde225d8f0f59aa29216de7887fd41a"", ""error_bearing_span"": [21, 34], ""error_form"": ""используеться"", ""generation_strategy"": ""corpus_opportunity"", ""license_status"": ""OpenCorpora annotated corpus; verify terms before production."", ""normalized_pair_hash"": ""b091bf1668216c49d4288b31c1071998d4d76a85be88b893a00fd13bec4b0764"", ""original_clean_sentence"": ""Такелаж оборудования используется не только с целью облегчения задачи грузчикам."", ""rule_ids"": [""tsya_soft_delete"", ""pattern_чо_че""], ""sentence_id"": ""71424"", ""source_doc_id"": """", ""source_name"": ""opencorpora"", ""source_subcorpus"": ""opencorpora"", ""source_type"": ""synthetic_augmented_from_open_clean"", ""synthetic_source_dataset"": ""synthetic_open_corpus_mixed"", ""target_family"": ""tsya_soft_delete"", ""target_form"": ""используется""}",Такелаж оборудования используется не только с целью облегчения задачи грузчикам.,opencorpora,opencorpora,False,False,b091bf1668216c49d4288b31,b091bf1668216c49d4288b31c1071998d4d76a85be88b893a00fd13bec4b0764,"[""spelling""]",opencorpora,False,True,mixed_nonfiction,tsya_soft_delete,"[{""source"": ""используеться"", ""replacement"": ""используется"", ""edit_type"": ""spelling_replace"", ""start"": 21, ""end"": 34, ""status"": ""proposed"", ""reason"": """", ""confidence"": 0.9, ""rule_id"": ""tsya_soft_delete""}, {""source"": ""облегчония"", ""replacement"": ""облегчения"", ""edit_type"": ""spelling_replace"", ""start"": 53, ""end"": 63, ""status"": ""proposed"", ""reason"": """", ""confidence"": 0.94, ""rule_id"": ""pattern_чо_че""}]",rule:tsya_soft_delete
"В России история Женского дня начинаеться с 1913 года, и только в 1965-м 8 Марта официально становится выходным днём и начинает приобретать современные черты.","В России история Женского дня начинается с 1913 года, и только в 1965-м 8 Марта официально становится выходным днём и начинает приобретать современные черты.",train,synthetic_augmented_from_open_clean,spelling,"[""tsya_soft_delete""]","[{""source"": ""начинаеться"", ""replacement"": ""начинается"", ""edit_type"": ""spelling_replace"", ""start"": 30, ""end"": 41, ""status"": ""proposed"", ""reason"": """", ""confidence"": 0.9, ""rule_id"": ""tsya_soft_delete""}]","{""candidate_present"": true, ""candidate_rule_ids"": [""tsya_soft_delete""], ""carrier_sentence_hash"": ""0d2a31fa19f61eba11951acc"", ""clean_hash"": ""f11b61609e25bdbdd08ec813a9a73a484b44e0afbb942324c3e076610f8782ee"", ""error_bearing_span"": [30, 41], ""error_form"": ""начинаеться"", ""generation_strategy"": ""corpus_opportunity"", ""license_status"": ""OpenCorpora annotated corpus; verify terms before production."", ""normalized_pair_hash"": ""c95ab0c994c6c96486c65137a4ce2d2cec2e6f30b1f94aec32b71aa22cc455b2"", ""original_clean_sentence"": ""В России история Женского дня начинается с 1913 года, и только в 1965-м 8 Марта официально становится выходным днём и начинает приобретать современные черты."", ""rule_ids"": [""tsya_soft_delete""], ""sentence_id"": ""6027"", ""source_doc_id"": """", ""source_name"": ""opencorpora"", ""source_subcorpus"": ""opencorpora"", ""source_type"": ""synthetic_augmented_from_open_clean"", ""synthetic_source_dataset"": ""synthetic_open_corpus_tsya"", ""target_family"": ""tsya_soft_delete"", ""target_form"": ""начинается""}","В России история Женского дня начинается с 1913 года, и только в 1965-м 8 Марта официально становится выходным днём и начинает приобретать современные черты.",opencorpora,opencorpora,False,False,c95ab0c994c6c96486c65137,c95ab0c994c6c96486c65137a4ce2d2cec2e6f30b1f94aec32b71aa22cc455b2,"[""spelling""]",opencorpora,False,True,mixed_nonfiction,tsya_soft_delete,"[{""source"": ""начинаеться"", ""replacement"": ""начинается"", ""edit_type"": ""spelling_replace"", ""start"": 30, ""end"": 41, ""status"": ""proposed"", ""reason"": """", ""confidence"": 0.9, ""rule_id"": ""tsya_soft_delete""}]",rule:tsya_soft_delete
"Владимир Рушайло: Операция в Чечне вступает в милицейскую фазу ""Войсковая составляющая антитеррористической операции в Чечне близиться к завершению.","Владимир Рушайло: Операция в Чечне вступает в милицейскую фазу ""Войсковая составляющая антитеррористической операции в Чечне близится к завершению.",train,synthetic_augmented_from_open_clean,spelling,"[""tsya_soft_delete""]","[{""source"": ""близиться"", ""replacement"": ""близится"", ""edit_type"": ""spelling_replace"", ""start"": 125, ""end"": 134, ""status"": ""proposed"", ""reason"": """", ""confidence"": 0.9, ""rule_id"": ""tsya_soft_delete""}]","{""candidate_present"": true, ""candidate_rule_ids"": [""tsya_soft_delete""], ""carrier_sentence_hash"": ""471146093d416a7da9b1665c"", ""clean_hash"": ""14588c4ab7813e1fe102b55b739cf3b8bf0cf6fc5448ef360ecc573e1eeb8348"", ""error_bearing_span"": [125, 134], ""error_form"": ""близиться"", ""generation_strategy"": ""corpus_opportunity"", ""license_status"": ""Open Lenta.ru news dataset; verify terms before production."", ""normalized_pair_hash"": ""eb6090ca7eb4989106db840469f2f24a234797db8b03e1d04eae391db9525088"", ""original_clean_sentence"": ""Владимир Рушайло: Операция в Чечне вступает в милицейскую фазу \""Войсковая составляющая антитеррористической операции в Чечне близится к завершению."", ""rule_ids"": [""tsya_soft_delete""], ""sentence_id"": ""4773:0"", ""source_doc_id"": ""https://lenta.ru/news/2000/03/01/rushailo/"", ""source_name"": ""lenta_news"", ""source_subcorpus"": ""Россия"", ""source_type"": ""synthetic_augmented_from_open_clean"", ""synthetic_source_dataset"": ""synthetic_open_corpus_tsya"", ""target_family"": ""tsya_soft_delete"", ""target_form"": ""близится""}","Владимир Рушайло: Операция в Чечне вступает в милицейскую фазу ""Войсковая составляющая антитеррористической операции в Чечне близится к завершению.",lenta_news,Россия,False,False,eb6090ca7eb4989106db8404,eb6090ca7eb4989106db840469f2f24a234797db8b03e1d04eae391db9525088,"[""spelling""]",lenta_news,False,True,news,tsya_soft_delete,"[{""source"": ""близиться"", ""replacement"": ""близится"", ""edit_type"": ""spelling_replace"", ""start"": 125, ""end"": 134, ""status"": ""proposed"", ""reason"": """", ""confidence"": 0.9, ""rule_id"": ""tsya_soft_delete""}]",rule:tsya_soft_delete
В письме цг была фраза со словом вернеться.... позже редактор проверил запись меткаждиза.,В письме цг была фраза со словом вернется.... позже редактор проверил запись меткаждиза.,train,synthetic_augmented_from_open_clean,spelling,"[""tsya_soft_delete""]","[{""source"": ""вернеться"", ""replacement"": ""вернется"", ""edit_type"": ""spelling_replace"", ""start"": 33, ""end"": 42, ""status"": ""proposed"", ""reason"": """", ""confidence"": 0.9, ""rule_id"": ""tsya_soft_delete""}]","{""candidate_present"": true, ""candidate_rule_ids"": [""tsya_soft_delete""], ""carrier_sentence_hash"": ""a7b18b6d06cb859eb230fc2a"", ""clean_hash"": ""db2ee2986678efd2486f3276e858cdc39f5f64601527484b630ee0b62e02a2a7"", ""error_bearing_span"": [33, 42], ""error_form"": ""вернеться"", ""generation_strategy"": ""corpus_opportunity"", ""license_status"": ""Nerus Lenta annotated corpus; verify terms before production."", ""normalized_pair_hash"": ""bf9b215a6de9fb2a0f80a64bb74681fb5012a599ca77b69f179755c08f6d6384"", ""original_clean_sentence"": ""В письме цг была фраза со словом вернется.... позже редактор проверил запись меткаждиза."", ""rule_ids"": [""tsya_soft_delete""], ""sentence_id"": ""32587"", ""source_doc_id"": ""2751"", ""source_name"": ""nerus_news"", ""source_subcorpus"": ""nerus_lenta"", ""source_type"": ""synthetic_augmented_from_open_clean"", ""target_family"": ""tsya_soft_delete"", ""target_form"": ""вернется"", ""template_id"": ""synthetic_targeted_tsya_soft_delete""}",В письме цг была фраза со словом вернется.,nerus_news,nerus_lenta,False,False,5cdd046a9917da768fdf6ede,5cdd046a9917da768fdf6ede06dec9b10f8d1e46d9ece3ff693b46a981f73731,"[""spelling""]",nerus_news,False,True,news,tsya_soft_delete,"[{""source"": ""вернеться"", ""replacement"": ""вернется"", ""edit_type"": ""spelling_replace"", ""start"": 33, ""end"": 42, ""status"": ""proposed"", ""reason"": """", ""confidence"": 0.9, ""rule_id"": ""tsya_soft_delete""}]",rule:tsya_soft_delete
"Представители Yahoo! и Visa заявили что собираються внедрить на Yahoo! систему идентификации покупателя, используемую Visa Inc.","Представители Yahoo! и Visa заявили, что собираются внедрить на Yahoo! систему идентификации покупателя, используемую Visa Inc.",train,synthetic_augmented_from_open_clean,punctuation,"[""tsya_soft_delete""]","[{""source"": ""собираються"", ""replacement"": ""собираются"", ""edit_type"": ""spelling_replace"", ""start"": 40, ""end"": 51, ""status"": ""proposed"", ""reason"": """", ""confidence"": 0.9, ""rule_id"": ""tsya_soft_delete""}, {""source"": """", ""replacement"": "","", ""edit_type"": ""punctuation_insert"", ""start"": 35, ""end"": 35, ""status"": ""proposed"", ""reason"": """", ""confidence"": 0.85, ""rule_id"": ""tsya_soft_delete""}]","{""candidate_present"": true, ""candidate_rule_ids"": [""tsya_soft_delete""], ""carrier_sentence_hash"": ""397568d48b330bc63e57068e"", ""clean_hash"": ""0b90488fafe087906fbc85a83ea4c5cfc1df4f80a4dfdc4388a249b623bb72b1"", ""error_bearing_span"": [40, 51], ""error_form"": ""собираються"", ""generation_strategy"": ""corpus_opportunity"", ""license_status"": ""Open Lenta.ru news dataset; verify terms before production."", ""normalized_pair_hash"": ""01951ebeebf419bf42968ed778bad0b215b52e030c7a9dc94eb5c2ef5f4ac61c"", ""original_clean_sentence"": ""Представители Yahoo! и Visa заявили, что собираются внедрить на Yahoo! систему идентификации покупателя, используемую Visa Inc."", ""rule_ids"": [""tsya_soft_delete""], ""sentence_id"": ""14329:7"", ""source_doc_id"": ""https://lenta.ru/news/2000/10/10/visa/"", ""source_name"": ""lenta_news"", ""source_subcorpus"": ""Интернет и СМИ"", ""source_type"": ""synthetic_augmented_from_open_clean"", ""synthetic_source_dataset"": ""synthetic_open_corpus_mixed"", ""target_family"": ""tsya_soft_delete"", ""target_form"": ""собираются""}","Представители Yahoo! и Visa заявили, что собираются внедрить на Yahoo! систему идентификации покупателя, используемую Visa Inc.",lenta_news,Интернет и СМИ,False,False,01951ebeebf419bf42968ed7,01951ebeebf419bf42968ed778bad0b215b52e030c7a9dc94eb5c2ef5f4ac61c,"[""punctuation"", ""spelling""]",lenta_news,False,True,news,tsya_soft_delete,"[{""source"": ""собираються"", ""replacement"": ""собираются"", ""edit_type"": ""spelling_replace"", ""start"": 40, ""end"": 51, ""status"": ""proposed"", ""reason"": """", ""confidence"": 0.9, ""rule_id"": ""tsya_soft_delete""}, {""source"": """", ""replacement"": "","", ""edit_type"": ""punctuation_insert"", ""start"": 35, ""end"": 35, ""status"": ""proposed"", ""reason"": """", ""confidence"": 0.85, ""rule_id"": ""tsya_soft_delete""}]",rule:tsya_soft_delete
В заявлении юи указали слово останеться.... позже редактор проверил запись меткамэиза.,В заявлении юи указали слово останется.... позже редактор проверил запись меткамэиза.,train,synthetic_augmented_from_open_clean,spelling,"[""tsya_soft_delete""]","[{""source"": ""останеться"", ""replacement"": ""останется"", ""edit_type"": ""spelling_replace"", ""start"": 29, ""end"": 39, ""status"": ""proposed"", ""reason"": """", ""confidence"": 0.9, ""rule_id"": ""tsya_soft_delete""}]","{""candidate_present"": true, ""candidate_rule_ids"": [""tsya_soft_delete""], ""carrier_sentence_hash"": ""c933f06503bd4a64cc8cde08"", ""clean_hash"": ""c5f6247dd03a87a2bf0df37c38ab97168d32c334b67b6ca7ac3592c4bc210de2"", ""error_bearing_span"": [29, 39], ""error_form"": ""останеться"", ""generation_strategy"": ""corpus_opportunity"", ""license_status"": ""Nerus Lenta annotated corpus; verify terms before production."", ""normalized_pair_hash"": ""4fc0344059e4e27d636a6d9a0ddf0e54055520261dcc7675e327c024c3f7f4d7"", ""original_clean_sentence"": ""В заявлении юи указали слово останется.... позже редактор проверил запись меткамэиза."", ""rule_ids"": [""tsya_soft_delete""], ""sentence_id"": ""34106"", ""source_doc_id"": ""2893"", ""source_name"": ""nerus_news"", ""source_subcorpus"": ""nerus_lenta"", ""source_type"": ""synthetic_augmented_from_open_clean"", ""target_family"": ""tsya_soft_delete"", ""target_form"": ""останется"", ""template_id"": ""synthetic_targeted_tsya_soft_delete""}",В заявлении юи указали слово останется.,nerus_news,nerus_lenta,False,False,d2723a6272e81a46e26cc7b7,d2723a6272e81a46e26cc7b77c47f2e76f81519a07533227b066269dee7574d3,"[""spelling""]",nerus_news,False,True,news,tsya_soft_delete,"[{""source"": ""останеться"", ""replacement"": ""останется"", ""edit_type"": ""spelling_replace"", ""start"": 29, ""end"": 39, ""status"": ""proposed"", ""reason"": """", ""confidence"": 0.9, ""rule_id"": ""tsya_soft_delete""}]",rule:tsya_soft_delete
"Грачевский с супругой ехали в Тбилиси на фестиваль «Свидание — кинороман», целью которого являеться популяризация российского кино и укрепление культурных связей между народами.","Грачевский с супругой ехали в Тбилиси на фестиваль «Свидание — кинороман», целью которого является популяризация российского кино и укрепление культурных связей между народами.",train,synthetic_augmented_from_open_clean,spelling,"[""tsya_soft_delete""]","[{""source"": ""являеться"", ""replacement"": ""является"", ""edit_type"": ""spelling_replace"", ""start"": 90, ""end"": 99, ""status"": ""proposed"", ""reason"": """", ""confidence"": 0.9, ""rule_id"": ""tsya_soft_delete""}]","{""candidate_present"": true, ""candidate_rule_ids"": [""tsya_soft_delete""], ""carrier_sentence_hash"": ""2313d241a71248f47e4ab0aa"", ""clean_hash"": ""ec4010626257192891c0cf1aa91900172527b1bbfe43e047dffa2e4da1fbce74"", ""error_bearing_span"": [90, 99], ""error_form"": ""являеться"", ""generation_strategy"": ""corpus_opportunity"", ""license_status"": ""Nerus Lenta annotated corpus; verify terms before production."", ""normalized_pair_hash"": ""432be0b9cb8fb4e78edcf90bb922c4c12f15bc49ec2d8641a75a5c6d530b396b"", ""original_clean_sentence"": ""Грачевский с супругой ехали в Тбилиси на фестиваль «Свидание — кинороман», целью которого является популяризация российского кино и укрепление культурных связей между народами."", ""rule_ids"": [""tsya_soft_delete""], ""sentence_id"": ""39842"", ""source_doc_id"": ""3371"", ""source_name"": ""nerus_news"", ""source_subcorpus"": ""nerus_lenta"", ""source_type"": ""synthetic_augmented_from_open_clean"", ""synthetic_source_dataset"": ""synthetic_open_corpus_tsya"", ""target_family"": ""tsya_soft_delete"", ""target_form"": ""является""}","Грачевский с супругой ехали в Тбилиси на фестиваль «Свидание — кинороман», целью которого является популяризация российского кино и укрепление культурных связей между народами.",nerus_news,nerus_lenta,False,False,432be0b9cb8fb4e78edcf90b,432be0b9cb8fb4e78edcf90bb922c4c12f15bc49ec2d8641a75a5c6d530b396b,"[""spelling""]",nerus_news,False,True,news,tsya_soft_delete,"[{""source"": ""являеться"", ""replacement"": ""является"", ""edit_type"": ""spelling_replace"", ""start"": 90, ""end"": 99, ""status"": ""proposed"", ""reason"": """", ""confidence"": 0.9, ""rule_id"": ""tsya_soft_delete""}]",rule:tsya_soft_delete
"К ближайшему отборочному матчу со сборной России, который состоиться в Москве второго июня, сборную Югославии будет готовить тренерский триумвират.","К ближайшему отборочному матчу со сборной России, который состоится в Москве второго июня, сборную Югославии будет готовить тренерский триумвират.",train,synthetic_augmented_from_open_clean,spelling,"[""tsya_soft_delete""]","[{""source"": ""состоиться"", ""replacement"": ""состоится"", ""edit_type"": ""spelling_replace"", ""start"": 58, ""end"": 68, ""status"": ""proposed"", ""reason"": """", ""confidence"": 0.9, ""rule_id"": ""tsya_soft_delete""}]","{""candidate_present"": true, ""candidate_rule_ids"": [""tsya_soft_delete""], ""carrier_sentence_hash"": ""80b4855ab1d11201ce993223"", ""clean_hash"": ""545196274ba3549c68b82ae0bf0931b46ac4efc12adfcf215d125c622ab48778"", ""error_bearing_span"": [58, 68], ""error_form"": ""состоиться"", ""generation_strategy"": ""corpus_opportunity"", ""license_status"": ""Open Lenta.ru news dataset; verify terms before production."", ""normalized_pair_hash"": ""0fb3dc9db3459bab9ea57fb9821d8d5c826aa21196a5df27c230e9483b5ca7b6"", ""original_clean_sentence"": ""К ближайшему отборочному матчу со сборной России, который состоится в Москве второго июня, сборную Югославии будет готовить тренерский триумвират."", ""rule_ids"": [""tsya_soft_delete""], ""sentence_id"": ""26622:6"", ""source_doc_id"": ""https://lenta.ru/news/2001/05/08/trainer/"", ""source_name"": ""lenta_news"", ""source_subcorpus"": ""Спорт"", ""source_type"": ""synthetic_augmented_from_open_clean"", ""synthetic_source_dataset"": ""synthetic_open_corpus_tsya"", ""target_family"": ""tsya_soft_delete"", ""target_form"": ""состоится""}","К ближайшему отборочному матчу со сборной России, который состоится в Москве второго июня, сборную Югославии будет готовить тренерский триумвират.",lenta_news,Спорт,False,False,0fb3dc9db3459bab9ea57fb9,0fb3dc9db3459bab9ea57fb9821d8d5c826aa21196a5df27c230e9483b5ca7b6,"[""spelling""]",lenta_news,False,True,news,tsya_soft_delete,"[{""source"": ""состоиться"", ""replacement"": ""состоится"", ""edit_type"": ""spelling_replace"", ""start"": 58, ""end"": 68, ""status"": ""proposed"", ""reason"": """", ""confidence"": 0.9, ""rule_id"": ""tsya_soft_delete""}]",rule:tsya_soft_delete
В отчете кд встретилось слово готовиться.... позже редактор проверил запись меткавшиза.,В отчете кд встретилось слово готовится.... позже редактор проверил запись меткавшиза.,train,synthetic_augmented_from_open_clean,spelling,"[""tsya_soft_delete""]","[{""source"": ""готовиться"", ""replacement"": ""готовится"", ""edit_type"": ""spelling_replace"", ""start"": 30, ""end"": 40, ""status"": ""proposed"", ""reason"": """", ""confidence"": 0.9, ""rule_id"": ""tsya_soft_delete""}]","{""candidate_present"": true, ""candidate_rule_ids"": [""tsya_soft_delete""], ""carrier_sentence_hash"": ""e3b9462f1ed2914e52e049f9"", ""clean_hash"": ""45aa723c492e7f3ef4740d1cd7a6e7c5284221fc001dc6016dd49cc4d48b6a33"", ""error_bearing_span"": [30, 40], ""error_form"": ""готовиться"", ""generation_strategy"": ""corpus_opportunity"", ""license_status"": ""Nerus Lenta annotated corpus; verify terms before production."", ""normalized_pair_hash"": ""272aae94938b805968d05d9da0c64f7d7b920defcb9cd3dd690a9119046b635f"", ""original_clean_sentence"": ""В отчете кд встретилось слово готовится.... позже редактор проверил запись меткавшиза."", ""rule_ids"": [""tsya_soft_delete""], ""sentence_id"": ""33931"", ""source_doc_id"": ""2872"", ""source_name"": ""nerus_news"", ""source_subcorpus"": ""nerus_lenta"", ""source_type"": ""synthetic_augmented_from_open_clean"", ""target_family"": ""tsya_soft_delete"", ""target_form"": ""готовится"", ""template_id"": ""synthetic_targeted_tsya_soft_delete""}",В отчете кд встретилось слово готовится.,nerus_news,nerus_lenta,False,False,4c081292d1135b5874330ce0,4c081292d1135b5874330ce097bbefe72f23a9fb96bc7305f04b6dee33107b20,"[""spelling""]",nerus_news,False,True,news,tsya_soft_delete,"[{""source"": ""готовиться"", ""replacement"": ""готовится"", ""edit_type"": ""spelling_replace"", ""start"": 30, ""end"": 40, ""status"": ""proposed"", ""reason"": """", ""confidence"": 0.9, ""rule_id"": ""tsya_soft_delete""}]",rule:tsya_soft_delete
"Ожидаеться, что уже во вторник он может быть выдан Франции.","Ожидается, что уже во вторник он может быть выдан Франции.",train,synthetic_augmented_from_open_clean,spelling,"[""tsya_soft_delete""]","[{""source"": ""Ожидаеться"", ""replacement"": ""ожидается"", ""edit_type"": ""spelling_replace"", ""start"": 0, ""end"": 10, ""status"": ""proposed"", ""reason"": """", ""confidence"": 0.9, ""rule_id"": ""tsya_soft_delete""}]","{""candidate_present"": true, ""candidate_rule_ids"": [""tsya_soft_delete""], ""carrier_sentence_hash"": ""34e87944231084e1b8889923"", ""clean_hash"": ""5d3233f80915e572f9064869018f92b57cd3f5511297746597534256b83d0138"", ""error_bearing_span"": [-1, 10], ""error_form"": ""Ожидаеться"", ""generation_strategy"": ""corpus_opportunity"", ""license_status"": ""Open Lenta.ru news dataset; verify terms before production."", ""normalized_pair_hash"": ""3a8fe1cbd9a333778f1856389ee600ffeb747cf07c6b77df9109e8c006219536"", ""original_clean_sentence"": ""Ожидается, что уже во вторник он может быть выдан Франции."", ""rule_ids"": [""tsya_soft_delete""], ""sentence_id"": ""21294:19"", ""source_doc_id"": ""https://lenta.ru/news/2001/02/06/sirven/"", ""source_name"": ""lenta_news"", ""source_subcorpus"": ""Мир"", ""source_type"": ""synthetic_augmented_from_open_clean"", ""synthetic_source_dataset"": ""synthetic_open_corpus_tsya"", ""target_family"": ""tsya_soft_delete"", ""target_form"": ""ожидается""}","Ожидается, что уже во вторник он может быть выдан Франции.",lenta_news,Мир,False,False,3a8fe1cbd9a333778f185638,3a8fe1cbd9a333778f1856389ee600ffeb747cf07c6b77df9109e8c006219536,"[""spelling""]",lenta_news,False,True,news,tsya_soft_delete,"[{""source"": ""Ожидаеться"", ""replacement"": ""ожидается"", ""edit_type"": ""spelling_replace"", ""start"": 0, ""end"": 10, ""status"": ""proposed"", ""reason"": """", ""confidence"": 0.9, ""rule_id"": ""tsya_soft_delete""}]",rule:tsya_soft_delete
"Вернувшись в 1921 году из Европы, Борхес занимаеться литературным трудом: публикуется, редактирует журналы.","Вернувшись в 1921 году из Европы, Борхес занимается литературным трудом: публикуется, редактирует журналы.",train,synthetic_augmented_from_open_clean,spelling,"[""tsya_soft_delete""]","[{""source"": ""занимаеться"", ""replacement"": ""занимается"", ""edit_type"": ""spelling_replace"", ""start"": 41, ""end"": 52, ""status"": ""proposed"", ""reason"": """", ""confidence"": 0.9, ""rule_id"": ""tsya_soft_delete""}]","{""candidate_present"": true, ""candidate_rule_ids"": [""tsya_soft_delete""], ""carrier_sentence_hash"": ""f5e7c5440443b097de42a4af"", ""clean_hash"": ""e9921b95356aa6c3367055abfb715d1e39651187ae02f7f86eda71a5a427d73c"", ""error_bearing_span"": [41, 52], ""error_form"": ""занимаеться"", ""generation_strategy"": ""corpus_opportunity"", ""license_status"": ""OpenCorpora annotated corpus; verify terms before production."", ""normalized_pair_hash"": ""a16dccc45e40822a84f8b0b765ba2a511863e186d6c9c2615814165b07c1f2db"", ""original_clean_sentence"": ""Вернувшись в 1921 году из Европы, Борхес занимается литературным трудом: публикуется, редактирует журналы."", ""rule_ids"": [""tsya_soft_delete""], ""sentence_id"": ""30004"", ""source_doc_id"": """", ""source_name"": ""opencorpora"", ""source_subcorpus"": ""opencorpora"", ""source_type"": ""synthetic_augmented_from_open_clean"", ""synthetic_source_dataset"": ""synthetic_open_corpus_tsya"", ""target_family"": ""tsya_soft_delete"", ""target_form"": ""занимается""}","Вернувшись в 1921 году из Европы, Борхес занимается литературным трудом: публикуется, редактирует журналы.",opencorpora,opencorpora,False,False,a16dccc45e40822a84f8b0b7,a16dccc45e40822a84f8b0b765ba2a511863e186d6c9c2615814165b07c1f2db,"[""spelling""]",opencorpora,False,True,mixed_nonfiction,tsya_soft_delete,"[{""source"": ""занимаеться"", ""replacement"": ""занимается"", ""edit_type"": ""spelling_replace"", ""start"": 41, ""end"": 52, ""status"": ""proposed"", ""reason"": """", ""confidence"": 0.9, ""rule_id"": ""tsya_soft_delete""}]",rule:tsya_soft_delete
В письме кж была фраза со словом вернеться.... позже редактор проверил запись меткахакза.,В письме кж была фраза со словом вернется.... позже редактор проверил запись меткахакза.,train,synthetic_augmented_from_open_clean,spelling,"[""tsya_soft_delete""]","[{""source"": ""вернеться"", ""replacement"": ""вернется"", ""edit_type"": ""spelling_replace"", ""start"": 33, ""end"": 42, ""status"": ""proposed"", ""reason"": """", ""confidence"": 0.9, ""rule_id"": ""tsya_soft_delete""}]","{""candidate_present"": true, ""candidate_rule_ids"": [""tsya_soft_delete""], ""carrier_sentence_hash"": ""3b39dcd1dec6271a1c141a2d"", ""clean_hash"": ""65b4743768bf8c431e57b7430889a4f9d46be70001aca5208966d7eaf1d18da7"", ""error_bearing_span"": [33, 42], ""error_form"": ""вернеться"", ""generation_strategy"": ""corpus_opportunity"", ""license_status"": ""Nerus Lenta annotated corpus; verify terms before production."", ""normalized_pair_hash"": ""af6d791c644d9d757150ad37bcc0ed97b462973f21ac8e9f45c3b35fcc4ae59e"", ""original_clean_sentence"": ""В письме кж была фраза со словом вернется.... позже редактор проверил запись меткахакза."", ""rule_ids"": [""tsya_soft_delete""], ""sentence_id"": ""34328"", ""source_doc_id"": ""2913"", ""source_name"": ""nerus_news"", ""source_subcorpus"": ""nerus_lenta"", ""source_type"": ""synthetic_augmented_from_open_clean"", ""target_family"": ""tsya_soft_delete"", ""target_form"": ""вернется"", ""template_id"": ""synthetic_targeted_tsya_soft_delete""}",В письме кж была фраза со словом вернется.,nerus_news,nerus_lenta,False,False,d29a4111f36e70eb62ca7451,d29a4111f36e70eb62ca74510b3dcfc77fd47b848caf9aa57547c468f9a2ad82,"[""spelling""]",nerus_news,False,True,news,tsya_soft_delete,"[{""source"": ""вернеться"", ""replacement"": ""вернется"", ""edit_type"": ""spelling_replace"", ""start"": 33, ""end"": 42, ""status"": ""proposed"", ""reason"": """", ""confidence"": 0.9, ""rule_id"": ""tsya_soft_delete""}]",rule:tsya_soft_delete
В отчете оа встретилось слово готовиться.... позже редактор проверил запись меткачэиза.,В отчете оа встретилось слово готовится.... позже редактор проверил запись меткачэиза.,train,synthetic_augmented_from_open_clean,spelling,"[""tsya_soft_delete""]","[{""source"": ""готовиться"", ""replacement"": ""готовится"", ""edit_type"": ""spelling_replace"", ""start"": 30, ""end"": 40, ""status"": ""proposed"", ""reason"": """", ""confidence"": 0.9, ""rule_id"": ""tsya_soft_delete""}]","{""candidate_present"": true, ""candidate_rule_ids"": [""tsya_soft_delete""], ""carrier_sentence_hash"": ""12a7d0ab550e7c0c7161e841"", ""clean_hash"": ""4f97b346dbe3af5dd9f6c3876d8d3cdb731cb982e85653975a06a7d329e204e1"", ""error_bearing_span"": [30, 40], ""error_form"": ""готовиться"", ""generation_strategy"": ""corpus_opportunity"", ""license_status"": ""Nerus Lenta annotated corpus; verify terms before production."", ""normalized_pair_hash"": ""1ed527d08291175530f90f25fd3c6c35257758d855da9806411d3cbffcc6d206"", ""original_clean_sentence"": ""В отчете оа встретилось слово готовится.... позже редактор проверил запись меткачэиза."", ""rule_ids"": [""tsya_soft_delete""], ""sentence_id"": ""34126"", ""source_doc_id"": ""2894"", ""source_name"": ""nerus_news"", ""source_subcorpus"": ""nerus_lenta"", ""source_type"": ""synthetic_augmented_from_open_clean"", ""target_family"": ""tsya_soft_delete"", ""target_form"": ""готовится"", ""template_id"": ""synthetic_targeted_tsya_soft_delete""}",В отчете оа встретилось слово готовится.,nerus_news,nerus_lenta,False,False,200d113cd0f717c5d1db2e1b,200d113cd0f717c5d1db2e1b5d89deb99da6ce0ddcae9f7d30e0309b8d514144,"[""spelling""]",nerus_news,False,True,news,tsya_soft_delete,"[{""source"": ""готовиться"", ""replacement"": ""готовится"", ""edit_type"": ""spelling_replace"", ""start"": 30, ""end"": 40, ""status"": ""proposed"", ""reason"": """", ""confidence"": 0.9, ""rule_id"": ""tsya_soft_delete""}]",rule:tsya_soft_delete
В заявлении юв указали слово останеться.... позже редактор проверил запись меткаоииза.,В заявлении юв указали слово останется.... позже редактор проверил запись меткаоииза.,train,synthetic_augmented_from_open_clean,spelling,"[""tsya_soft_delete""]","[{""source"": ""останеться"", ""replacement"": ""останется"", ""edit_type"": ""spelling_replace"", ""start"": 29, ""end"": 39, ""status"": ""proposed"", ""reason"": """", ""confidence"": 0.9, ""rule_id"": ""tsya_soft_delete""}]","{""candidate_present"": true, ""candidate_rule_ids"": [""tsya_soft_delete""], ""carrier_sentence_hash"": ""c56244ea2a48ca7b483f0b13"", ""clean_hash"": ""e6a48bf8e0dd288d91b27403d2c11d0a161d946f93e5a401e61ea3f0cefccb02"", ""error_bearing_span"": [29, 39], ""error_form"": ""останеться"", ""generation_strategy"": ""corpus_opportunity"", ""license_status"": ""Nerus Lenta annotated corpus; verify terms before production."", ""normalized_pair_hash"": ""4b4469271347716fb0afbc65fd3b356465fee272a43415665500981ff7ff4952"", ""original_clean_sentence"": ""В заявлении юв указали слово останется.... позже редактор проверил запись меткаоииза."", ""rule_ids"": [""tsya_soft_delete""], ""sentence_id"": ""32897"", ""source_doc_id"": ""2777"", ""source_name"": ""nerus_news"", ""source_subcorpus"": ""nerus_lenta"", ""source_type"": ""synthetic_augmented_from_open_clean"", ""target_family"": ""tsya_soft_delete"", ""target_form"": ""останется"", ""template_id"": ""synthetic_targeted_tsya_soft_delete""}",В заявлении юв указали слово останется.,nerus_news,nerus_lenta,False,False,d4ababcc055e86f30f5aed45,d4ababcc055e86f30f5aed451de958989056f9548acff96dacb47bfaf73e065e,"[""spelling""]",nerus_news,False,True,news,tsya_soft_delete,"[{""source"": ""останеться"", ""replacement"": ""останется"", ""edit_type"": ""spelling_replace"", ""start"": 29, ""end"": 39, ""status"": ""proposed"", ""reason"": """", ""confidence"": 0.9, ""rule_id"": ""tsya_soft_delete""}]",rule:tsya_soft_delete
В отчете рд встретилось слово готовиться.... позже редактор проверил запись меткашяиза.,В отчете рд встретилось слово готовится.... позже редактор проверил запись меткашяиза.,train,synthetic_augmented_from_open_clean,spelling,"[""tsya_soft_delete""]","[{""source"": ""готовиться"", ""replacement"": ""готовится"", ""edit_type"": ""spelling_replace"", ""start"": 30, ""end"": 40, ""status"": ""proposed"", ""reason"": """", ""confidence"": 0.9, ""rule_id"": ""tsya_soft_delete""}]","{""candidate_present"": true, ""candidate_rule_ids"": [""tsya_soft_delete""], ""carrier_sentence_hash"": ""6d94c09399ccf90f59da8e8c"", ""clean_hash"": ""c004d53582cfca982b30844accd54aa98bdb972dde11f099853b4e2d469f20ed"", ""error_bearing_span"": [30, 40], ""error_form"": ""готовиться"", ""generation_strategy"": ""corpus_opportunity"", ""license_status"": ""Open Lenta.ru news dataset; verify terms before production."", ""normalized_pair_hash"": ""5785f4d648e46d1bbd159ae21a70c53f403bd6412489f9a6e6f254fbfb65c771"", ""original_clean_sentence"": ""В отчете рд встретилось слово готовится.... позже редактор проверил запись меткашяиза."", ""rule_ids"": [""tsya_soft_delete""], ""sentence_id"": ""4546:2"", ""source_doc_id"": ""https://lenta.ru/news/2000/02/23/dinamo/"", ""source_name"": ""lenta_news"", ""source_subcorpus"": ""Спорт"", ""source_type"": ""synthetic_augmented_from_open_clean"", ""target_family"": ""tsya_soft_delete"", ""target_form"": ""готовится"", ""template_id"": ""synthetic_targeted_tsya_soft_delete""}",В отчете рд встретилось слово готовится.,lenta_news,Спорт,False,False,e8c127efc43405f5b67f1528,e8c127efc43405f5b67f152848695df8e6b9cdaf1c9a19236d96f1c4f968800b,"[""spelling""]",lenta_news,False,True,news,tsya_soft_delete,"[{""source"": ""готовиться"", ""replacement"": ""готовится"", ""edit_type"": ""spelling_replace"", ""start"": 30, ""end"": 40, ""status"": ""proposed"", ""reason"": """", ""confidence"": 0.9, ""rule_id"": ""tsya_soft_delete""}]",rule:tsya_soft_delete
Отмечаеться что действие развернется на трех автономных танцполах.,"Отмечается, что действие развернется на трех автономных танцполах.",train,synthetic_augmented_from_open_clean,punctuation,"[""tsya_soft_delete""]","[{""source"": ""Отмечаеться"", ""replacement"": ""отмечается"", ""edit_type"": ""spelling_replace"", ""start"": 0, ""end"": 11, ""status"": ""proposed"", ""reason"": """", ""confidence"": 0.9, ""rule_id"": ""tsya_soft_delete""}, {""source"": """", ""replacement"": "","", ""edit_type"": ""punctuation_insert"", ""start"": 11, ""end"": 11, ""status"": ""proposed"", ""reason"": """", ""confidence"": 0.85, ""rule_id"": ""tsya_soft_delete""}]","{""candidate_present"": true, ""candidate_rule_ids"": [""tsya_soft_delete""], ""carrier_sentence_hash"": ""e00cbdce9ffebe276e56a93b"", ""clean_hash"": ""0e17cdfad1bd038d069ec44378fc64122bc7dbf2b6ae75d0e17803a13e5c03c7"", ""error_bearing_span"": [-1, 11], ""error_form"": ""Отмечаеться"", ""generation_strategy"": ""corpus_opportunity"", ""license_status"": ""Nerus Lenta annotated corpus; verify terms before production."", ""normalized_pair_hash"": ""cf98d7871f3904250958a9b5c3b35bf235579208fcfbe67b6d98b65a15f4d106"", ""original_clean_sentence"": ""Отмечается, что действие развернется на трех автономных танцполах."", ""rule_ids"": [""tsya_soft_delete""], ""sentence_id"": ""86930"", ""source_doc_id"": ""7319"", ""source_name"": ""nerus_news"", ""source_subcorpus"": ""nerus_lenta"", ""source_type"": ""synthetic_augmented_from_open_clean"", ""synthetic_source_dataset"": ""synthetic_open_corpus_mixed"", ""target_family"": ""tsya_soft_delete"", ""target_form"": ""отмечается""}","Отмечается, что действие развернется на трех автономных танцполах.",nerus_news,nerus_lenta,False,False,cf98d7871f3904250958a9b5,cf98d7871f3904250958a9b5c3b35bf235579208fcfbe67b6d98b65a15f4d106,"[""punctuation"", ""spelling""]",nerus_news,False,True,news,tsya_soft_delete,"[{""source"": ""Отмечаеться"", ""replacement"": ""отмечается"", ""edit_type"": ""spelling_replace"", ""start"": 0, ""end"": 11, ""status"": ""proposed"", ""reason"": """", ""confidence"": 0.9, ""rule_id"": ""tsya_soft_delete""}, {""source"": """", ""replacement"": "","", ""edit_type"": ""punctuation_insert"", ""start"": 11, ""end"": 11, ""status"": ""proposed"", ""reason"": """", ""confidence"": 0.85, ""rule_id"": ""tsya_soft_delete""}]",rule:tsya_soft_delete
В письме ез была фраза со словом вернеться.... позже редактор проверил запись меткажриза.,В письме ез была фраза со словом вернется.... позже редактор проверил запись меткажриза.,train,synthetic_augmented_from_open_clean,spelling,"[""tsya_soft_delete""]","[{""source"": ""вернеться"", ""replacement"": ""вернется"", ""edit_type"": ""spelling_replace"", ""start"": 33, ""end"": 42, ""status"": ""proposed"", ""reason"": """", ""confidence"": 0.9, ""rule_id"": ""tsya_soft_delete""}]","{""candidate_present"": true, ""candidate_rule_ids"": [""tsya_soft_delete""], ""carrier_sentence_hash"": ""71db78b607af0691f1660467"", ""clean_hash"": ""5f79588278788ba562e3ec2ef52442fca2ec86d83f467d9533c7d80fc1ce5e29"", ""error_bearing_span"": [33, 42], ""error_form"": ""вернеться"", ""generation_strategy"": ""corpus_opportunity"", ""license_status"": ""Nerus Lenta annotated corpus; verify terms before production."", ""normalized_pair_hash"": ""2b7456d0e0589e353a05a515fdbf171e1aaeadf34b5b79b99c802088032f1914"", ""original_clean_sentence"": ""В письме ез была фраза со словом вернется.... позже редактор проверил запись меткажриза."", ""rule_ids"": [""tsya_soft_delete""], ""sentence_id"": ""33388"", ""source_doc_id"": ""2822"", ""source_name"": ""nerus_news"", ""source_subcorpus"": ""nerus_lenta"", ""source_type"": ""synthetic_augmented_from_open_clean"", ""target_family"": ""tsya_soft_delete"", ""target_form"": ""вернется"", ""template_id"": ""synthetic_targeted_tsya_soft_delete""}",В письме ез была фраза со словом вернется.,nerus_news,nerus_lenta,False,False,0ca1dc8b69013837387d9156,0ca1dc8b69013837387d91568a56beb8c0c41857079796537ccfa028c704b21f,"[""spelling""]",nerus_news,False,True,news,tsya_soft_delete,"[{""source"": ""вернеться"", ""replacement"": ""вернется"", ""edit_type"": ""spelling_replace"", ""start"": 33, ""end"": 42, ""status"": ""proposed"", ""reason"": """", ""confidence"": 0.9, ""rule_id"": ""tsya_soft_delete""}]",rule:tsya_soft_delete
"Люди бояться повторения турецкой трагедии, тем более что подземные толчки продолжаются и дома сильно трясет.","Люди боятся повторения турецкой трагедии, тем более что подземные толчки продолжаются и дома сильно трясет.",train,synthetic_augmented_from_open_clean,spelling,"[""tsya_soft_delete""]","[{""source"": ""бояться"", ""replacement"": ""боятся"", ""edit_type"": ""spelling_replace"", ""start"": 5, ""end"": 12, ""status"": ""proposed"", ""reason"": """", ""confidence"": 0.9, ""rule_id"": ""tsya_soft_delete""}]","{""candidate_present"": true, ""candidate_rule_ids"": [""tsya_soft_delete""], ""carrier_sentence_hash"": ""8fd251cd8eb2869d96e6dfbc"", ""clean_hash"": ""34f7bd13717c3efc6d4fdda373496bf21bab4e3743d3356c40d4eca7813fe539"", ""error_bearing_span"": [5, 12], ""error_form"": ""бояться"", ""generation_strategy"": ""corpus_opportunity"", ""license_status"": ""Open Lenta.ru news dataset; verify terms before production."", ""normalized_pair_hash"": ""cb80ee49011af8d9d262b3a38ec52d35922890255c379340ea96326b15411488"", ""original_clean_sentence"": ""Люди боятся повторения турецкой трагедии, тем более что подземные толчки продолжаются и дома сильно трясет."", ""rule_ids"": [""tsya_soft_delete""], ""sentence_id"": ""143:23"", ""source_doc_id"": ""https://lenta.ru/news/1999/09/08/athens/"", ""source_name"": ""lenta_news"", ""source_subcorpus"": ""Мир"", ""source_type"": ""synthetic_augmented_from_open_clean"", ""synthetic_source_dataset"": ""synthetic_open_corpus_tsya"", ""target_family"": ""tsya_soft_delete"", ""target_form"": ""боятся""}","Люди боятся повторения турецкой трагедии, тем более что подземные толчки продолжаются и дома сильно трясет.",lenta_news,Мир,False,False,cb80ee49011af8d9d262b3a3,cb80ee49011af8d9d262b3a38ec52d35922890255c379340ea96326b15411488,"[""spelling""]",lenta_news,False,True,news,tsya_soft_delete,"[{""source"": ""бояться"", ""replacement"": ""боятся"", ""edit_type"": ""spelling_replace"", ""start"": 5, ""end"": 12, ""status"": ""proposed"", ""reason"": """", ""confidence"": 0.9, ""rule_id"": ""tsya_soft_delete""}]",rule:tsya_soft_delete
"Калифорния являеться первым штатом в США, где государство прекращает дотировать электроснабжение.","Калифорния является первым штатом в США, где государство прекращает дотировать электроснабжение.",train,synthetic_augmented_from_open_clean,spelling,"[""tsya_soft_delete""]","[{""source"": ""являеться"", ""replacement"": ""является"", ""edit_type"": ""spelling_replace"", ""start"": 11, ""end"": 20, ""status"": ""proposed"", ""reason"": """", ""confidence"": 0.9, ""rule_id"": ""tsya_soft_delete""}]","{""candidate_present"": true, ""candidate_rule_ids"": [""tsya_soft_delete""], ""carrier_sentence_hash"": ""9a6b26985527303fcc6d94e4"", ""clean_hash"": ""81975ac9569fbd06c0a6ca944605a663dd88737d80b6c96e10523a8a061e443b"", ""error_bearing_span"": [11, 20], ""error_form"": ""являеться"", ""generation_strategy"": ""corpus_opportunity"", ""license_status"": ""Open Lenta.ru news dataset; verify terms before production."", ""normalized_pair_hash"": ""bfb2149f60db8f50d5e68c0dd93bbc5a097656379142bc895346cb8c73522f3b"", ""original_clean_sentence"": ""Калифорния является первым штатом в США, где государство прекращает дотировать электроснабжение."", ""rule_ids"": [""tsya_soft_delete""], ""sentence_id"": ""11123:6"", ""source_doc_id"": ""https://lenta.ru/news/2000/08/04/california/"", ""source_name"": ""lenta_news"", ""source_subcorpus"": ""Мир"", ""source_type"": ""synthetic_augmented_from_open_clean"", ""synthetic_source_dataset"": ""synthetic_open_corpus_tsya"", ""target_family"": ""tsya_soft_delete"", ""target_form"": ""является""}","Калифорния является первым штатом в США, где государство прекращает дотировать электроснабжение.",lenta_news,Мир,False,False,bfb2149f60db8f50d5e68c0d,bfb2149f60db8f50d5e68c0dd93bbc5a097656379142bc895346cb8c73522f3b,"[""spelling""]",lenta_news,False,True,news,tsya_soft_delete,"[{""source"": ""являеться"", ""replacement"": ""является"", ""edit_type"": ""spelling_replace"", ""start"": 11, ""end"": 20, ""status"": ""proposed"", ""reason"": """", ""confidence"": 0.9, ""rule_id"": ""tsya_soft_delete""}]",rule:tsya_soft_delete
В отчете зж встретилось слово готовиться.... позже редактор проверил запись меткафакза.,В отчете зж встретилось слово готовится.... позже редактор проверил запись меткафакза.,train,synthetic_augmented_from_open_clean,spelling,"[""tsya_soft_delete""]","[{""source"": ""готовиться"", ""replacement"": ""готовится"", ""edit_type"": ""spelling_replace"", ""start"": 30, ""end"": 40, ""status"": ""proposed"", ""reason"": """", ""confidence"": 0.9, ""rule_id"": ""tsya_soft_delete""}]","{""candidate_present"": true, ""candidate_rule_ids"": [""tsya_soft_delete""], ""carrier_sentence_hash"": ""2b37c35fbfd8deaa1dcc159f"", ""clean_hash"": ""4a7a3f56269c1e46c0db28b6b520d430d18dda2ce43c2d7d062a9f1b6f97f92b"", ""error_bearing_span"": [30, 40], ""error_form"": ""готовиться"", ""generation_strategy"": ""corpus_opportunity"", ""license_status"": ""Open Lenta.ru news dataset; verify terms before production."", ""normalized_pair_hash"": ""4339a8ae4b40a95b24e55cc8615c25d164b61e7726e18c9e4d3ea8b11bf497a2"", ""original_clean_sentence"": ""В отчете зж встретилось слово готовится.... позже редактор проверил запись меткафакза."", ""rule_ids"": [""tsya_soft_delete""], ""sentence_id"": ""4553:3"", ""source_doc_id"": ""https://lenta.ru/news/2000/02/23/shatoy/"", ""source_name"": ""lenta_news"", ""source_subcorpus"": ""Россия"", ""source_type"": ""synthetic_augmented_from_open_clean"", ""target_family"": ""tsya_soft_delete"", ""target_form"": ""готовится"", ""template_id"": ""synthetic_targeted_tsya_soft_delete""}",В отчете зж встретилось слово готовится.,lenta_news,Россия,False,False,90a0163b46904291e35f677d,90a0163b46904291e35f677da3924019e021131ae2568508d975265d8c0dba1b,"[""spelling""]",lenta_news,False,True,news,tsya_soft_delete,"[{""source"": ""готовиться"", ""replacement"": ""готовится"", ""edit_type"": ""spelling_replace"", ""start"": 30, ""end"": 40, ""status"": ""proposed"", ""reason"": """", ""confidence"": 0.9, ""rule_id"": ""tsya_soft_delete""}]",rule:tsya_soft_delete
О этом сообщаеться на сайте региональнного СК.,О этом сообщается на сайте регионального СК.,train,synthetic_augmented_from_open_clean,spelling,"[""tsya_soft_delete"", ""n_nn_adjective""]","[{""source"": ""сообщаеться"", ""replacement"": ""сообщается"", ""edit_type"": ""spelling_replace"", ""start"": 7, ""end"": 18, ""status"": ""proposed"", ""reason"": """", ""confidence"": 0.9, ""rule_id"": ""tsya_soft_delete""}, {""source"": ""региональнного"", ""replacement"": ""регионального"", ""edit_type"": ""spelling_replace"", ""start"": 28, ""end"": 42, ""status"": ""proposed"", ""reason"": """", ""confidence"": 0.35, ""rule_id"": ""n_nn_adjective""}]","{""candidate_present"": true, ""candidate_rule_ids"": [""n_nn_adjective"", ""tsya_soft_delete""], ""carrier_sentence_hash"": ""f2bee99018e8a160d5562786"", ""clean_hash"": ""fc5f3418d2ca3fa06ada523a010317b900579060baff709438d4810b7b03bfc1"", ""error_bearing_span"": [7, 18], ""error_form"": ""сообщаеться"", ""generation_strategy"": ""corpus_opportunity"", ""license_status"": ""Nerus Lenta annotated corpus; verify terms before production."", ""normalized_pair_hash"": ""1c0d67dba43d70a17e8697a8345ef8cb2c0b02396c220bca9027c1236026b78f"", ""original_clean_sentence"": ""О этом сообщается на сайте регионального СК."", ""rule_ids"": [""tsya_soft_delete"", ""n_nn_adjective""], ""sentence_id"": ""178333"", ""source_doc_id"": ""15024"", ""source_name"": ""nerus_news"", ""source_subcorpus"": ""nerus_lenta"", ""source_type"": ""synthetic_augmented_from_open_clean"", ""synthetic_source_dataset"": ""synthetic_open_corpus_mixed"", ""target_family"": ""tsya_soft_delete"", ""target_form"": ""сообщается""}",О этом сообщается на сайте регионального СК.,nerus_news,nerus_lenta,False,False,1c0d67dba43d70a17e8697a8,1c0d67dba43d70a17e8697a8345ef8cb2c0b02396c220bca9027c1236026b78f,"[""spelling""]",nerus_news,False,True,news,tsya_soft_delete,"[{""source"": ""сообщаеться"", ""replacement"": ""сообщается"", ""edit_type"": ""spelling_replace"", ""start"": 7, ""end"": 18, ""status"": ""proposed"", ""reason"": """", ""confidence"": 0.9, ""rule_id"": ""tsya_soft_delete""}, {""source"": ""региональнного"", ""replacement"": ""регионального"", ""edit_type"": ""spelling_replace"", ""start"": 28, ""end"": 42, ""status"": ""proposed"", ""reason"": """", ""confidence"": 0.35, ""rule_id"": ""n_nn_adjective""}]",rule:tsya_soft_delete
Начало регулярных полетов по маршруту Москва — Нальчик — Москва планируеться с 28 октября 2018 года.,Начало регулярных полетов по маршруту Москва — Нальчик — Москва планируется с 28 октября 2018 года.,train,synthetic_augmented_from_open_clean,spelling,"[""tsya_soft_delete""]","[{""source"": ""планируеться"", ""replacement"": ""планируется"", ""edit_type"": ""spelling_replace"", ""start"": 64, ""end"": 76, ""status"": ""proposed"", ""reason"": """", ""confidence"": 0.9, ""rule_id"": ""tsya_soft_delete""}]","{""candidate_present"": true, ""candidate_rule_ids"": [""tsya_soft_delete""], ""carrier_sentence_hash"": ""cd29dd0f64685bb3e84b0f25"", ""clean_hash"": ""6bfe0f65a4f5af6a997579a3d8a904959fae08f41b8fb8f7966e16b8a8703034"", ""error_bearing_span"": [64, 76], ""error_form"": ""планируеться"", ""generation_strategy"": ""corpus_opportunity"", ""license_status"": ""Nerus Lenta annotated corpus; verify terms before production."", ""normalized_pair_hash"": ""53e97ca6ab4b7426e326444d0714d3956a48786c1699f4373c7bd19db398bc50"", ""original_clean_sentence"": ""Начало регулярных полетов по маршруту Москва — Нальчик — Москва планируется с 28 октября 2018 года."", ""rule_ids"": [""tsya_soft_delete""], ""sentence_id"": ""191381"", ""source_doc_id"": ""16138"", ""source_name"": ""nerus_news"", ""source_subcorpus"": ""nerus_lenta"", ""source_type"": ""synthetic_augmented_from_open_clean"", ""synthetic_source_dataset"": ""synthetic_open_corpus_tsya"", ""target_family"": ""tsya_soft_delete"", ""target_form"": ""планируется""}",Начало регулярных полетов по маршруту Москва — Нальчик — Москва планируется с 28 октября 2018 года.,nerus_news,nerus_lenta,False,False,53e97ca6ab4b7426e326444d,53e97ca6ab4b7426e326444d0714d3956a48786c1699f4373c7bd19db398bc50,"[""spelling""]",nerus_news,False,True,news,tsya_soft_delete,"[{""source"": ""планируеться"", ""replacement"": ""планируется"", ""edit_type"": ""spelling_replace"", ""start"": 64, ""end"": 76, ""status"": ""proposed"", ""reason"": """", ""confidence"": 0.9, ""rule_id"": ""tsya_soft_delete""}]",rule:tsya_soft_delete
"В картине также снимаються Эд Харрис (Ed Harris, ""Поллок""), Дженнифер Коннели и Адам Голдберг.","В картине также снимаются Эд Харрис (Ed Harris, ""Поллок""), Дженнифер Коннели и Адам Голдберг.",train,synthetic_augmented_from_open_clean,spelling,"[""tsya_soft_delete""]","[{""source"": ""снимаються"", ""replacement"": ""снимаются"", ""edit_type"": ""spelling_replace"", ""start"": 16, ""end"": 26, ""status"": ""proposed"", ""reason"": """", ""confidence"": 0.9, ""rule_id"": ""tsya_soft_delete""}]","{""candidate_present"": true, ""candidate_rule_ids"": [""tsya_soft_delete""], ""carrier_sentence_hash"": ""bb15205d57743b30d392da29"", ""clean_hash"": ""eadf297abeb172417463d67c8e3616c946b3c474fa3c656f782ec35f5f02444f"", ""error_bearing_span"": [16, 26], ""error_form"": ""снимаються"", ""generation_strategy"": ""corpus_opportunity"", ""license_status"": ""Open Lenta.ru news dataset; verify terms before production."", ""normalized_pair_hash"": ""5302c973f429f2e66db9a9d142b7dbb12e31b0d1ae9c5372c5aa4b52467ffe02"", ""original_clean_sentence"": ""В картине также снимаются Эд Харрис (Ed Harris, \""Поллок\""), Дженнифер Коннели и Адам Голдберг."", ""rule_ids"": [""tsya_soft_delete""], ""sentence_id"": ""24454:1"", ""source_doc_id"": ""https://lenta.ru/news/2001/04/02/crowe/"", ""source_name"": ""lenta_news"", ""source_subcorpus"": ""Культура"", ""source_type"": ""synthetic_augmented_from_open_clean"", ""synthetic_source_dataset"": ""synthetic_open_corpus_tsya"", ""target_family"": ""tsya_soft_delete"", ""target_form"": ""снимаются""}","В картине также снимаются Эд Харрис (Ed Harris, ""Поллок""), Дженнифер Коннели и Адам Голдберг.",lenta_news,Культура,False,False,5302c973f429f2e66db9a9d1,5302c973f429f2e66db9a9d142b7dbb12e31b0d1ae9c5372c5aa4b52467ffe02,"[""spelling""]",lenta_news,False,True,news,tsya_soft_delete,"[{""source"": ""снимаються"", ""replacement"": ""снимаются"", ""edit_type"": ""spelling_replace"", ""start"": 16, ""end"": 26, ""status"": ""proposed"", ""reason"": """", ""confidence"": 0.9, ""rule_id"": ""tsya_soft_delete""}]",rule:tsya_soft_delete
В отчете ба встретилось слово готовиться.... позже редактор проверил запись меткаисиза.,В отчете ба встретилось слово готовится.... позже редактор проверил запись меткаисиза.,train,synthetic_augmented_from_open_clean,spelling,"[""tsya_soft_delete""]","[{""source"": ""готовиться"", ""replacement"": ""готовится"", ""edit_type"": ""spelling_replace"", ""start"": 30, ""end"": 40, ""status"": ""proposed"", ""reason"": """", ""confidence"": 0.9, ""rule_id"": ""tsya_soft_delete""}]","{""candidate_present"": true, ""candidate_rule_ids"": [""tsya_soft_delete""], ""carrier_sentence_hash"": ""e1e1a5a6f6f7208098656eb5"", ""clean_hash"": ""b9a7a80154714b4cc2c35786029ca057fa3c6b77eb014eb6c13bc259943b8702"", ""error_bearing_span"": [30, 40], ""error_form"": ""готовиться"", ""generation_strategy"": ""corpus_opportunity"", ""license_status"": ""Nerus Lenta annotated corpus; verify terms before production."", ""normalized_pair_hash"": ""c404875ce8a82bfef9d4db4446bc509ff502b19c89808b94f296fb520290de55"", ""original_clean_sentence"": ""В отчете ба встретилось слово готовится.... позже редактор проверил запись меткаисиза."", ""rule_ids"": [""tsya_soft_delete""], ""sentence_id"": ""33471"", ""source_doc_id"": ""2830"", ""source_name"": ""nerus_news"", ""source_subcorpus"": ""nerus_lenta"", ""source_type"": ""synthetic_augmented_from_open_clean"", ""target_family"": ""tsya_soft_delete"", ""target_form"": ""готовится"", ""template_id"": ""synthetic_targeted_tsya_soft_delete""}",В отчете ба встретилось слово готовится.,nerus_news,nerus_lenta,False,False,dac1bf33c2fe7b75e1efcbcb,dac1bf33c2fe7b75e1efcbcbc1b292a57ecb91821879fa221eae10578110dbf2,"[""spelling""]",nerus_news,False,True,news,tsya_soft_delete,"[{""source"": ""готовиться"", ""replacement"": ""готовится"", ""edit_type"": ""spelling_replace"", ""start"": 30, ""end"": 40, ""status"": ""proposed"", ""reason"": """", ""confidence"": 0.9, ""rule_id"": ""tsya_soft_delete""}]",rule:tsya_soft_delete
В письме тз была фраза со словом вернеться.... позже редактор проверил запись меткаджиза.,В письме тз была фраза со словом вернется.... позже редактор проверил запись меткаджиза.,train,synthetic_augmented_from_open_clean,spelling,"[""tsya_soft_delete""]","[{""source"": ""вернеться"", ""replacement"": ""вернется"", ""edit_type"": ""spelling_replace"", ""start"": 33, ""end"": 42, ""status"": ""proposed"", ""reason"": """", ""confidence"": 0.9, ""rule_id"": ""tsya_soft_delete""}]","{""candidate_present"": true, ""candidate_rule_ids"": [""tsya_soft_delete""], ""carrier_sentence_hash"": ""f881af3306ac1380708517e3"", ""clean_hash"": ""179cb4a2cdabef58ece1998ac7862bb70d3a895e9918d374325985d9ccbb44fd"", ""error_bearing_span"": [33, 42], ""error_form"": ""вернеться"", ""generation_strategy"": ""corpus_opportunity"", ""license_status"": ""Nerus Lenta annotated corpus; verify terms before production."", ""normalized_pair_hash"": ""7831f5fd879c5b01b2e66a2b8354339c3b03a9658d1998f5d5d89b3be7cad6c2"", ""original_clean_sentence"": ""В письме тз была фраза со словом вернется.... позже редактор проверил запись меткаджиза."", ""rule_ids"": [""tsya_soft_delete""], ""sentence_id"": ""32738"", ""source_doc_id"": ""2764"", ""source_name"": ""nerus_news"", ""source_subcorpus"": ""nerus_lenta"", ""source_type"": ""synthetic_augmented_from_open_clean"", ""target_family"": ""tsya_soft_delete"", ""target_form"": ""вернется"", ""template_id"": ""synthetic_targeted_tsya_soft_delete""}",В письме тз была фраза со словом вернется.,nerus_news,nerus_lenta,False,False,d711379bb935c5aba0772175,d711379bb935c5aba077217519a477c78780712071d76fc9e1c7a0a504b709b5,"[""spelling""]",nerus_news,False,True,news,tsya_soft_delete,"[{""source"": ""вернеться"", ""replacement"": ""вернется"", ""edit_type"": ""spelling_replace"", ""start"": 33, ""end"": 42, ""status"": ""proposed"", ""reason"": """", ""confidence"": 0.9, ""rule_id"": ""tsya_soft_delete""}]",rule:tsya_soft_delete
Так ли тяжело нам живеться без «Ё»?,Так ли тяжело нам живется без «Ё»?,train,synthetic_augmented_from_open_clean,spelling,"[""tsya_soft_delete""]","[{""source"": ""живеться"", ""replacement"": ""живется"", ""edit_type"": ""spelling_replace"", ""start"": 18, ""end"": 26, ""status"": ""proposed"", ""reason"": """", ""confidence"": 0.9, ""rule_id"": ""tsya_soft_delete""}]","{""candidate_present"": true, ""candidate_rule_ids"": [""tsya_soft_delete""], ""carrier_sentence_hash"": ""d6b14cab52e326e9ad40dd78"", ""clean_hash"": ""652f124a15db69284b33bde851535a4e919ee908fc41e571d454844bcc6b7c56"", ""error_bearing_span"": [18, 26], ""error_form"": ""живеться"", ""generation_strategy"": ""corpus_opportunity"", ""license_status"": ""OpenCorpora annotated corpus; verify terms before production."", ""normalized_pair_hash"": ""f32c3b0056b931fee35e59da3340e19f4e22f5c3c089ce9d254e6b8766a3c71b"", ""original_clean_sentence"": ""Так ли тяжело нам живется без «Ё»?"", ""rule_ids"": [""tsya_soft_delete""], ""sentence_id"": ""23328"", ""source_doc_id"": """", ""source_name"": ""opencorpora"", ""source_subcorpus"": ""opencorpora"", ""source_type"": ""synthetic_augmented_from_open_clean"", ""synthetic_source_dataset"": ""synthetic_open_corpus_tsya"", ""target_family"": ""tsya_soft_delete"", ""target_form"": ""живется""}",Так ли тяжело нам живется без «Ё»?,opencorpora,opencorpora,False,False,f32c3b0056b931fee35e59da,f32c3b0056b931fee35e59da3340e19f4e22f5c3c089ce9d254e6b8766a3c71b,"[""spelling""]",opencorpora,False,True,mixed_nonfiction,tsya_soft_delete,"[{""source"": ""живеться"", ""replacement"": ""живется"", ""edit_type"": ""spelling_replace"", ""start"": 18, ""end"": 26, ""status"": ""proposed"", ""reason"": """", ""confidence"": 0.9, ""rule_id"": ""tsya_soft_delete""}]",rule:tsya_soft_delete
"Американский лидер также напомнил что между ним и Путиным состоиться короткая встреча на саммите «Большой двадцатки», который пройдет в Аргентине с 30 ноября по 1 декабря.","Американский лидер также напомнил, что между ним и Путиным состоится короткая встреча на саммите «Большой двадцатки», который пройдет в Аргентине с 30 ноября по 1 декабря.",train,synthetic_augmented_from_open_clean,punctuation,"[""tsya_soft_delete""]","[{""source"": ""состоиться"", ""replacement"": ""состоится"", ""edit_type"": ""spelling_replace"", ""start"": 58, ""end"": 68, ""status"": ""proposed"", ""reason"": """", ""confidence"": 0.9, ""rule_id"": ""tsya_soft_delete""}, {""source"": """", ""replacement"": "","", ""edit_type"": ""punctuation_insert"", ""start"": 33, ""end"": 33, ""status"": ""proposed"", ""reason"": """", ""confidence"": 0.85, ""rule_id"": ""tsya_soft_delete""}]","{""candidate_present"": true, ""candidate_rule_ids"": [""tsya_soft_delete""], ""carrier_sentence_hash"": ""23e77f3963cd94fc462df34f"", ""clean_hash"": ""6759baf07a58d5816ea153a0a796ad95d78da8a7b50fce0260fca099411b2399"", ""error_bearing_span"": [58, 68], ""error_form"": ""состоиться"", ""generation_strategy"": ""corpus_opportunity"", ""license_status"": ""Nerus Lenta annotated corpus; verify terms before production."", ""normalized_pair_hash"": ""5abf7cbc7526246790bda070d9a3df3eca5649330f966fa86c3ac1044b99ec4e"", ""original_clean_sentence"": ""Американский лидер также напомнил, что между ним и Путиным состоится короткая встреча на саммите «Большой двадцатки», который пройдет в Аргентине с 30 ноября по 1 декабря."", ""rule_ids"": [""tsya_soft_delete""], ""sentence_id"": ""57766"", ""source_doc_id"": ""4898"", ""source_name"": ""nerus_news"", ""source_subcorpus"": ""nerus_lenta"", ""source_type"": ""synthetic_augmented_from_open_clean"", ""synthetic_source_dataset"": ""synthetic_open_corpus_mixed"", ""target_family"": ""tsya_soft_delete"", ""target_form"": ""состоится""}","Американский лидер также напомнил, что между ним и Путиным состоится короткая встреча на саммите «Большой двадцатки», который пройдет в Аргентине с 30 ноября по 1 декабря.",nerus_news,nerus_lenta,False,False,5abf7cbc7526246790bda070,5abf7cbc7526246790bda070d9a3df3eca5649330f966fa86c3ac1044b99ec4e,"[""punctuation"", ""spelling""]",nerus_news,False,True,news,tsya_soft_delete,"[{""source"": ""состоиться"", ""replacement"": ""состоится"", ""edit_type"": ""spelling_replace"", ""start"": 58, ""end"": 68, ""status"": ""proposed"", ""reason"": """", ""confidence"": 0.9, ""rule_id"": ""tsya_soft_delete""}, {""source"": """", ""replacement"": "","", ""edit_type"": ""punctuation_insert"", ""start"": 33, ""end"": 33, ""status"": ""proposed"", ""reason"": """", ""confidence"": 0.85, ""rule_id"": ""tsya_soft_delete""}]",rule:tsya_soft_delete
"Отмечаеться, что девушку увезли в автомобиле ВАЗ.","Отмечается, что девушку увезли в автомобиле ВАЗ.",train,synthetic_augmented_from_open_clean,spelling,"[""tsya_soft_delete""]","[{""source"": ""Отмечаеться"", ""replacement"": ""отмечается"", ""edit_type"": ""spelling_replace"", ""start"": 0, ""end"": 11, ""status"": ""proposed"", ""reason"": """", ""confidence"": 0.9, ""rule_id"": ""tsya_soft_delete""}]","{""candidate_present"": true, ""candidate_rule_ids"": [""tsya_soft_delete""], ""carrier_sentence_hash"": ""297b180bd4b6ad1874d34c72"", ""clean_hash"": ""106828430ac8737236272a2d660b7af04fc08bddd83270e8fcf11060f1d5a4db"", ""error_bearing_span"": [-1, 11], ""error_form"": ""Отмечаеться"", ""generation_strategy"": ""corpus_opportunity"", ""license_status"": ""Nerus Lenta annotated corpus; verify terms before production."", ""normalized_pair_hash"": ""4fe3063ff8614e559bcf8ab2a4fb81a5b0ec13d8de41b4bd96a4ed4da9dbf061"", ""original_clean_sentence"": ""Отмечается, что девушку увезли в автомобиле ВАЗ."", ""rule_ids"": [""tsya_soft_delete""], ""sentence_id"": ""97437"", ""source_doc_id"": ""8194"", ""source_name"": ""nerus_news"", ""source_subcorpus"": ""nerus_lenta"", ""source_type"": ""synthetic_augmented_from_open_clean"", ""synthetic_source_dataset"": ""synthetic_open_corpus_tsya"", ""target_family"": ""tsya_soft_delete"", ""target_form"": ""отмечается""}","Отмечается, что девушку увезли в автомобиле ВАЗ.",nerus_news,nerus_lenta,False,False,4fe3063ff8614e559bcf8ab2,4fe3063ff8614e559bcf8ab2a4fb81a5b0ec13d8de41b4bd96a4ed4da9dbf061,"[""spelling""]",nerus_news,False,True,news,tsya_soft_delete,"[{""source"": ""Отмечаеться"", ""replacement"": ""отмечается"", ""edit_type"": ""spelling_replace"", ""start"": 0, ""end"": 11, ""status"": ""proposed"", ""reason"": """", ""confidence"": 0.9, ""rule_id"": ""tsya_soft_delete""}]",rule:tsya_soft_delete
В письме бв была фраза со словом вернеться.... позже редактор проверил запись меткахюзза.,В письме бв была фраза со словом вернется.... позже редактор проверил запись меткахюзза.,train,synthetic_augmented_from_open_clean,spelling,"[""tsya_soft_delete""]","[{""source"": ""вернеться"", ""replacement"": ""вернется"", ""edit_type"": ""spelling_replace"", ""start"": 33, ""end"": 42, ""status"": ""proposed"", ""reason"": """", ""confidence"": 0.9, ""rule_id"": ""tsya_soft_delete""}]","{""candidate_present"": true, ""candidate_rule_ids"": [""tsya_soft_delete""], ""carrier_sentence_hash"": ""495cdfaf1394457174f0116b"", ""clean_hash"": ""650932fb5352a5b48ffb3e1bdbddd0276f0d1ffa0ac414fd23eb4724c8fe40ec"", ""error_bearing_span"": [33, 42], ""error_form"": ""вернеться"", ""generation_strategy"": ""fallback_natural_template"", ""license_status"": ""Nerus Lenta annotated corpus; verify terms before production."", ""normalized_pair_hash"": ""f6ae260c1a1f969ff491ce3b2b9808e489414070b66e83780cdc92637933e3d8"", ""original_clean_sentence"": ""В письме бв была фраза со словом вернется.... позже редактор проверил запись меткахюзза."", ""rule_ids"": [""tsya_soft_delete""], ""sentence_id"": ""32203"", ""source_doc_id"": ""2718"", ""source_name"": ""nerus_news"", ""source_subcorpus"": ""nerus_lenta"", ""source_type"": ""synthetic_augmented_from_open_clean"", ""target_family"": ""tsya_soft_delete"", ""target_form"": ""вернется"", ""template_id"": ""synthetic_targeted_tsya_soft_delete""}",В письме бв была фраза со словом вернется.,nerus_news,nerus_lenta,False,False,6113a77bf0ab485708bd8e79,6113a77bf0ab485708bd8e7920f62f399564997cd1f35be03eae66f32a737035,"[""spelling""]",nerus_news,False,True,news,tsya_soft_delete,"[{""source"": ""вернеться"", ""replacement"": ""вернется"", ""edit_type"": ""spelling_replace"", ""start"": 33, ""end"": 42, ""status"": ""proposed"", ""reason"": """", ""confidence"": 0.9, ""rule_id"": ""tsya_soft_delete""}]",rule:tsya_soft_delete
"Выяснилось что, если пристально вглядыватся в изображение, тушка птицы начинает двигаться.","Выяснилось, что, если пристально вглядываться в изображение, тушка птицы начинает двигаться.",train,synthetic_augmented_from_open_clean,punctuation,"[""tsya_soft_insert""]","[{""source"": ""вглядыватся"", ""replacement"": ""вглядываться"", ""edit_type"": ""spelling_replace"", ""start"": 32, ""end"": 43, ""status"": ""proposed"", ""reason"": """", ""confidence"": 0.9, ""rule_id"": ""tsya_soft_insert""}, {""source"": """", ""replacement"": "","", ""edit_type"": ""punctuation_insert"", ""start"": 10, ""end"": 10, ""status"": ""proposed"", ""reason"": """", ""confidence"": 0.85, ""rule_id"": ""tsya_soft_insert""}]","{""candidate_present"": true, ""candidate_rule_ids"": [""tsya_soft_insert""], ""carrier_sentence_hash"": ""a5785a753add6ed8dcf36efa"", ""clean_hash"": ""4d6acf793cbdfb37243bc4fbae5ec631a9a32d3581f07a2c49d0091951bc800a"", ""error_bearing_span"": [32, 43], ""error_form"": ""вглядыватся"", ""generation_strategy"": ""corpus_opportunity"", ""license_status"": ""Nerus Lenta annotated corpus; verify terms before production."", ""normalized_pair_hash"": ""9fffcf0e92a167f0725110dd683e39a06508153961f4b7baf8d8c94eee0d0207"", ""original_clean_sentence"": ""Выяснилось, что, если пристально вглядываться в изображение, тушка птицы начинает двигаться."", ""rule_ids"": [""tsya_soft_insert""], ""sentence_id"": ""34461"", ""source_doc_id"": ""2923"", ""source_name"": ""nerus_news"", ""source_subcorpus"": ""nerus_lenta"", ""source_type"": ""synthetic_augmented_from_open_clean"", ""synthetic_source_dataset"": ""synthetic_open_corpus_mixed"", ""target_family"": ""tsya_soft_insert"", ""target_form"": ""вглядываться""}","Выяснилось, что, если пристально вглядываться в изображение, тушка птицы начинает двигаться.",nerus_news,nerus_lenta,False,False,9fffcf0e92a167f0725110dd,9fffcf0e92a167f0725110dd683e39a06508153961f4b7baf8d8c94eee0d0207,"[""punctuation"", ""spelling""]",nerus_news,False,True,news,tsya_soft_insert,"[{""source"": ""вглядыватся"", ""replacement"": ""вглядываться"", ""edit_type"": ""spelling_replace"", ""start"": 32, ""end"": 43, ""status"": ""proposed"", ""reason"": """", ""confidence"": 0.9, ""rule_id"": ""tsya_soft_insert""}, {""source"": """", ""replacement"": "","", ""edit_type"": ""punctuation_insert"", ""start"": 10, ""end"": 10, ""status"": ""proposed"", ""reason"": """", ""confidence"": 0.85, ""rule_id"": ""tsya_soft_insert""}]",rule:tsya_soft_insert
Нужно вернутся к отчету. Позже архивариус обновил карточку.... позже редактор проверил запись меткаезмза.,Нужно вернуться к отчету. Позже архивариус обновил карточку.... позже редактор проверил запись меткаезмза.,train,synthetic_augmented_from_open_clean,spelling,"[""tsya_soft_insert""]","[{""source"": ""вернутся"", ""replacement"": ""вернуться"", ""edit_type"": ""spelling_replace"", ""start"": 6, ""end"": 14, ""status"": ""proposed"", ""reason"": """", ""confidence"": 0.9, ""rule_id"": ""tsya_soft_insert"", ""error_type"": ""spelling""}]","{""candidate_present"": true, ""candidate_rule_ids"": [""tsya_soft_insert""], ""carrier_sentence_hash"": ""2154c880b172624e6d807af8"", ""clean_hash"": ""c72bc4f3c0da42e75757bc07805c2469880577195c7feb071d8afde5358da592"", ""edit_operations"": [{""confidence"": 0.9, ""edit_type"": ""spelling_replace"", ""end"": 14, ""error_type"": ""spelling"", ""reason"": """", ""replacement"": ""вернуться"", ""rule_id"": ""tsya_soft_insert"", ""source"": ""вернутся"", ""start"": 6, ""status"": ""proposed""}], ""error_bearing_span"": [6, 14], ""error_form"": ""вернутся"", ""generation_strategy"": ""corpus_opportunity"", ""license_status"": ""Open Lenta.ru news dataset; verify terms before production."", ""normalized_pair_hash"": ""66125a8ef4522b548b9b324beb787920fde7e7e260b69550de996a7c0c3e9817"", ""original_clean_sentence"": ""Нужно вернуться к отчету. Позже архивариус обновил карточку.... позже редактор проверил запись меткаезмза."", ""rule_ids"": [""tsya_soft_insert""], ""sentence_id"": ""4716:1"", ""source_doc_id"": ""https://lenta.ru/news/2000/02/28/tea/"", ""source_name"": ""lenta_news"", ""source_subcorpus"": ""Экономика"", ""source_type"": ""synthetic_augmented_from_open_clean"", ""syntax_family"": ""tsya_tsya_context"", ""target_family"": ""tsya_soft_insert"", ""target_form"": ""вернуться"", ""template_id"": ""syntax_training_tsya_soft_insert""}",Нужно вернуться к отчету. Позже архивариус обновил карточку.,lenta_news,Экономика,False,False,254cc735f8563571fb486bd1,254cc735f8563571fb486bd16f1ec62706cb240d12e952245dd26861354efb63,"[""spelling""]",lenta_news,False,True,news,tsya_soft_insert,"[{""source"": ""вернутся"", ""replacement"": ""вернуться"", ""edit_type"": ""spelling_replace"", ""start"": 6, ""end"": 14, ""status"": ""proposed"", ""reason"": """", ""confidence"": 0.9, ""rule_id"": ""tsya_soft_insert"", ""error_type"": ""spelling""}]",rule:tsya_soft_insert
Они могут появится завтра. После совещания секретарь закрыл папку.... позже редактор проверил запись меткатщлза.,Они могут появиться завтра. После совещания секретарь закрыл папку.... позже редактор проверил запись меткатщлза.,train,synthetic_augmented_from_open_clean,spelling,"[""tsya_soft_insert""]","[{""source"": ""появится"", ""replacement"": ""появиться"", ""edit_type"": ""spelling_replace"", ""start"": 10, ""end"": 18, ""status"": ""proposed"", ""reason"": """", ""confidence"": 0.9, ""rule_id"": ""tsya_soft_insert"", ""error_type"": ""spelling""}]","{""candidate_present"": true, ""candidate_rule_ids"": [""tsya_soft_insert""], ""carrier_sentence_hash"": ""8aaddd4d496667d6406f1df1"", ""clean_hash"": ""d54582ec470955cd93c95c8d0347d3fd9db929fd27a8e8e12157a311cf4380a2"", ""edit_operations"": [{""confidence"": 0.9, ""edit_type"": ""spelling_replace"", ""end"": 18, ""error_type"": ""spelling"", ""reason"": """", ""replacement"": ""появиться"", ""rule_id"": ""tsya_soft_insert"", ""source"": ""появится"", ""start"": 10, ""status"": ""proposed""}], ""error_bearing_span"": [10, 18], ""error_form"": ""появится"", ""generation_strategy"": ""corpus_opportunity"", ""license_status"": ""Open Lenta.ru news dataset; verify terms before production."", ""normalized_pair_hash"": ""589932a288dd9d4673f2be488fe16ff2e8873e58e5b18ab3a74339d520ec01d9"", ""original_clean_sentence"": ""Они могут появиться завтра. После совещания секретарь закрыл папку.... позже редактор проверил запись меткатщлза."", ""rule_ids"": [""tsya_soft_insert""], ""sentence_id"": ""4660:8"", ""source_doc_id"": ""https://lenta.ru/news/2000/02/25/granitsa/"", ""source_name"": ""lenta_news"", ""source_subcorpus"": ""Россия"", ""source_type"": ""synthetic_augmented_from_open_clean"", ""syntax_family"": ""tsya_tsya_context"", ""target_family"": ""tsya_soft_insert"", ""target_form"": ""появиться"", ""template_id"": ""syntax_training_tsya_soft_insert""}",Они могут появиться завтра. После совещания секретарь закрыл папку.,lenta_news,Россия,False,False,88c107cfb2a29e6f35148784,88c107cfb2a29e6f35148784e179b1c6f70cf46ce4ced55322eaf299a335b602,"[""spelling""]",lenta_news,False,True,news,tsya_soft_insert,"[{""source"": ""появится"", ""replacement"": ""появиться"", ""edit_type"": ""spelling_replace"", ""start"": 10, ""end"": 18, ""status"": ""proposed"", ""reason"": """", ""confidence"": 0.9, ""rule_id"": ""tsya_soft_insert"", ""error_type"": ""spelling""}]",rule:tsya_soft_insert
Нужно вернутся к отчету. Затем автор сохранил документ.... позже редактор проверил запись метканомза.,Нужно вернуться к отчету. Затем автор сохранил документ.... позже редактор проверил запись метканомза.,train,synthetic_augmented_from_open_clean,spelling,"[""tsya_soft_insert""]","[{""source"": ""вернутся"", ""replacement"": ""вернуться"", ""edit_type"": ""spelling_replace"", ""start"": 6, ""end"": 14, ""status"": ""proposed"", ""reason"": """", ""confidence"": 0.9, ""rule_id"": ""tsya_soft_insert"", ""error_type"": ""spelling""}]","{""candidate_present"": true, ""candidate_rule_ids"": [""tsya_soft_insert""], ""carrier_sentence_hash"": ""79cfd737d90f0bbb8861c91e"", ""clean_hash"": ""4977145633192f9e83efd19ceb5c608620033817574d7368c0e50a190e38cc65"", ""edit_operations"": [{""confidence"": 0.9, ""edit_type"": ""spelling_replace"", ""end"": 14, ""error_type"": ""spelling"", ""reason"": """", ""replacement"": ""вернуться"", ""rule_id"": ""tsya_soft_insert"", ""source"": ""вернутся"", ""start"": 6, ""status"": ""proposed""}], ""error_bearing_span"": [6, 14], ""error_form"": ""вернутся"", ""generation_strategy"": ""corpus_opportunity"", ""license_status"": ""Open Lenta.ru news dataset; verify terms before production."", ""normalized_pair_hash"": ""2852efcb8a6bca1f30e0da65aed44a0093a607fa381a8e325c05be1231541e3d"", ""original_clean_sentence"": ""Нужно вернуться к отчету. Затем автор сохранил документ.... позже редактор проверил запись метканомза."", ""rule_ids"": [""tsya_soft_insert""], ""sentence_id"": ""4755:4"", ""source_doc_id"": ""https://lenta.ru/news/2000/02/29/police/"", ""source_name"": ""lenta_news"", ""source_subcorpus"": ""Россия"", ""source_type"": ""synthetic_augmented_from_open_clean"", ""syntax_family"": ""tsya_tsya_context"", ""target_family"": ""tsya_soft_insert"", ""target_form"": ""вернуться"", ""template_id"": ""syntax_training_tsya_soft_insert""}",Нужно вернуться к отчету. Затем автор сохранил документ.,lenta_news,Россия,False,False,a6c05ff78edf5a3e71030b06,a6c05ff78edf5a3e71030b0649187b977c3d8d0ac9b7ae348038b6da5b29ee5c,"[""spelling""]",lenta_news,False,True,news,tsya_soft_insert,"[{""source"": ""вернутся"", ""replacement"": ""вернуться"", ""edit_type"": ""spelling_replace"", ""start"": 6, ""end"": 14, ""status"": ""proposed"", ""reason"": """", ""confidence"": 0.9, ""rule_id"": ""tsya_soft_insert"", ""error_type"": ""spelling""}]",rule:tsya_soft_insert
Нужно вернутся к отчету. Позже аналитик сверил отчет.... позже редактор проверил запись меткажгмза.,Нужно вернуться к отчету. Позже аналитик сверил отчет.... позже редактор проверил запись меткажгмза.,train,synthetic_augmented_from_open_clean,spelling,"[""tsya_soft_insert""]","[{""source"": ""вернутся"", ""replacement"": ""вернуться"", ""edit_type"": ""spelling_replace"", ""start"": 6, ""end"": 14, ""status"": ""proposed"", ""reason"": """", ""confidence"": 0.9, ""rule_id"": ""tsya_soft_insert"", ""error_type"": ""spelling""}]","{""candidate_present"": true, ""candidate_rule_ids"": [""tsya_soft_insert""], ""carrier_sentence_hash"": ""7cc393c1be4923a0b9488082"", ""clean_hash"": ""36a5ae6febd4468de8534de35b50df91882a5737d23bd94cf5695f8ded1d900a"", ""edit_operations"": [{""confidence"": 0.9, ""edit_type"": ""spelling_replace"", ""end"": 14, ""error_type"": ""spelling"", ""reason"": """", ""replacement"": ""вернуться"", ""rule_id"": ""tsya_soft_insert"", ""source"": ""вернутся"", ""start"": 6, ""status"": ""proposed""}], ""error_bearing_span"": [6, 14], ""error_form"": ""вернутся"", ""generation_strategy"": ""corpus_opportunity"", ""license_status"": ""Open Lenta.ru news dataset; verify terms before production."", ""normalized_pair_hash"": ""5d51c7c80d24a2d704501b4fc96c401fe79ab4bcc770d0ce9fd5e9f9f2422a0e"", ""original_clean_sentence"": ""Нужно вернуться к отчету. Позже аналитик сверил отчет.... позже редактор проверил запись меткажгмза."", ""rule_ids"": [""tsya_soft_insert""], ""sentence_id"": ""4696:5"", ""source_doc_id"": ""https://lenta.ru/news/2000/02/28/oil_japan/"", ""source_name"": ""lenta_news"", ""source_subcorpus"": ""Экономика"", ""source_type"": ""synthetic_augmented_from_open_clean"", ""syntax_family"": ""tsya_tsya_context"", ""target_family"": ""tsya_soft_insert"", ""target_form"": ""вернуться"", ""template_id"": ""syntax_training_tsya_soft_insert""}",Нужно вернуться к отчету. Позже аналитик сверил отчет.,lenta_news,Экономика,False,False,3969875b74ece9794e2d2f0e,3969875b74ece9794e2d2f0e9fea8a188e1ffafbc66f1deb87fdb191787691af,"[""spelling""]",lenta_news,False,True,news,tsya_soft_insert,"[{""source"": ""вернутся"", ""replacement"": ""вернуться"", ""edit_type"": ""spelling_replace"", ""start"": 6, ""end"": 14, ""status"": ""proposed"", ""reason"": """", ""confidence"": 0.9, ""rule_id"": ""tsya_soft_insert"", ""error_type"": ""spelling""}]",rule:tsya_soft_insert
"Около 100 человек при помощи лестниц пожарных машин, кранов и тракторов разобирают завал по одному бревну, надеясь добраться до тех студентов, которые могли остатся живыми под завалом.","Около 100 человек при помощи лестниц пожарных машин, кранов и тракторов разобирают завал по одному бревну, надеясь добраться до тех студентов, которые могли остаться живыми под завалом.",train,synthetic_augmented_from_open_clean,spelling,"[""tsya_soft_insert""]","[{""source"": ""остатся"", ""replacement"": ""остаться"", ""edit_type"": ""spelling_replace"", ""start"": 157, ""end"": 164, ""status"": ""proposed"", ""reason"": """", ""confidence"": 0.9, ""rule_id"": ""tsya_soft_insert""}]","{""candidate_present"": true, ""candidate_rule_ids"": [""tsya_soft_insert""], ""carrier_sentence_hash"": ""fbd47e4ae871f6d23869cdbe"", ""clean_hash"": ""7a9f4249a6921df288d235e1226625f4bba664a4bcfd4aa83ed3f55d9b912874"", ""error_bearing_span"": [157, 164], ""error_form"": ""остатся"", ""generation_strategy"": ""corpus_opportunity"", ""license_status"": ""Open Lenta.ru news dataset; verify terms before production."", ""normalized_pair_hash"": ""f9d241c6137ef9320e687613d5549129417779cf2ed7d9b3d7aa6282a8520af4"", ""original_clean_sentence"": ""Около 100 человек при помощи лестниц пожарных машин, кранов и тракторов разобирают завал по одному бревну, надеясь добраться до тех студентов, которые могли остаться живыми под завалом."", ""rule_ids"": [""tsya_soft_insert""], ""sentence_id"": ""1867:4"", ""source_doc_id"": ""https://lenta.ru/news/1999/11/19/logs/"", ""source_name"": ""lenta_news"", ""source_subcorpus"": ""Мир"", ""source_type"": ""synthetic_augmented_from_open_clean"", ""synthetic_source_dataset"": ""synthetic_open_corpus_tsya"", ""target_family"": ""tsya_soft_insert"", ""target_form"": ""остаться""}","Около 100 человек при помощи лестниц пожарных машин, кранов и тракторов разобирают завал по одному бревну, надеясь добраться до тех студентов, которые могли остаться живыми под завалом.",lenta_news,Мир,False,False,f9d241c6137ef9320e687613,f9d241c6137ef9320e687613d5549129417779cf2ed7d9b3d7aa6282a8520af4,"[""spelling""]",lenta_news,False,True,news,tsya_soft_insert,"[{""source"": ""остатся"", ""replacement"": ""остаться"", ""edit_type"": ""spelling_replace"", ""start"": 157, ""end"": 164, ""status"": ""proposed"", ""reason"": """", ""confidence"": 0.9, ""rule_id"": ""tsya_soft_insert""}]",rule:tsya_soft_insert
Нужно вернутся к отчету. Затем аналитик обновил запись.... позже редактор проверил запись метказслза.,Нужно вернуться к отчету. Затем аналитик обновил запись.... позже редактор проверил запись метказслза.,train,synthetic_augmented_from_open_clean,spelling,"[""tsya_soft_insert""]","[{""source"": ""вернутся"", ""replacement"": ""вернуться"", ""edit_type"": ""spelling_replace"", ""start"": 6, ""end"": 14, ""status"": ""proposed"", ""reason"": """", ""confidence"": 0.9, ""rule_id"": ""tsya_soft_insert"", ""error_type"": ""spelling""}]","{""candidate_present"": true, ""candidate_rule_ids"": [""tsya_soft_insert""], ""carrier_sentence_hash"": ""eb9237812c486cfd4f5e1567"", ""clean_hash"": ""4ae4d31c9434c8265bb190aa08c03587c47336789a8d77af8b3b737a0b4835ac"", ""edit_operations"": [{""confidence"": 0.9, ""edit_type"": ""spelling_replace"", ""end"": 14, ""error_type"": ""spelling"", ""reason"": """", ""replacement"": ""вернуться"", ""rule_id"": ""tsya_soft_insert"", ""source"": ""вернутся"", ""start"": 6, ""status"": ""proposed""}], ""error_bearing_span"": [6, 14], ""error_form"": ""вернутся"", ""generation_strategy"": ""corpus_opportunity"", ""license_status"": ""Open Lenta.ru news dataset; verify terms before production."", ""normalized_pair_hash"": ""e7db97d477f5506379b8cb2fa4a62f6c34157b8f558094ddaef62d8d0a469488"", ""original_clean_sentence"": ""Нужно вернуться к отчету. Затем аналитик обновил запись.... позже редактор проверил запись метказслза."", ""rule_ids"": [""tsya_soft_insert""], ""sentence_id"": ""4606:8"", ""source_doc_id"": ""https://lenta.ru/news/2000/02/24/israel/"", ""source_name"": ""lenta_news"", ""source_subcorpus"": ""Спорт"", ""source_type"": ""synthetic_augmented_from_open_clean"", ""syntax_family"": ""tsya_tsya_context"", ""target_family"": ""tsya_soft_insert"", ""target_form"": ""вернуться"", ""template_id"": ""syntax_training_tsya_soft_insert""}",Нужно вернуться к отчету. Затем аналитик обновил запись.,lenta_news,Спорт,False,False,b94d2192179e0471c26dcf92,b94d2192179e0471c26dcf9287605e989f35aadb4d37ecd1d9ffe206d10317c0,"[""spelling""]",lenta_news,False,True,news,tsya_soft_insert,"[{""source"": ""вернутся"", ""replacement"": ""вернуться"", ""edit_type"": ""spelling_replace"", ""start"": 6, ""end"": 14, ""status"": ""proposed"", ""reason"": """", ""confidence"": 0.9, ""rule_id"": ""tsya_soft_insert"", ""error_type"": ""spelling""}]",rule:tsya_soft_insert
Они могут появится завтра. Утром группа открыла архив.... позже редактор проверил запись меткаитмза.,Они могут появиться завтра. Утром группа открыла архив.... позже редактор проверил запись меткаитмза.,train,synthetic_augmented_from_open_clean,spelling,"[""tsya_soft_insert""]","[{""source"": ""появится"", ""replacement"": ""появиться"", ""edit_type"": ""spelling_replace"", ""start"": 10, ""end"": 18, ""status"": ""proposed"", ""reason"": """", ""confidence"": 0.9, ""rule_id"": ""tsya_soft_insert"", ""error_type"": ""spelling""}]","{""candidate_present"": true, ""candidate_rule_ids"": [""tsya_soft_insert""], ""carrier_sentence_hash"": ""c0bc68c717865f1b05ca63a5"", ""clean_hash"": ""650f59af82be54587e74567ebb8dc8566695df0fb26c628fdb8de5187d06e91f"", ""edit_operations"": [{""confidence"": 0.9, ""edit_type"": ""spelling_replace"", ""end"": 18, ""error_type"": ""spelling"", ""reason"": """", ""replacement"": ""появиться"", ""rule_id"": ""tsya_soft_insert"", ""source"": ""появится"", ""start"": 10, ""status"": ""proposed""}], ""error_bearing_span"": [10, 18], ""error_form"": ""появится"", ""generation_strategy"": ""corpus_opportunity"", ""license_status"": ""Open Lenta.ru news dataset; verify terms before production."", ""normalized_pair_hash"": ""17b332afa398bbb23c2c91d1c9539498671d98f4a88c797dab5b34da10442535"", ""original_clean_sentence"": ""Они могут появиться завтра. Утром группа открыла архив.... позже редактор проверил запись меткаитмза."", ""rule_ids"": [""tsya_soft_insert""], ""sentence_id"": ""4778:6"", ""source_doc_id"": ""https://lenta.ru/news/2000/03/01/murmansk/"", ""source_name"": ""lenta_news"", ""source_subcorpus"": ""Россия"", ""source_type"": ""synthetic_augmented_from_open_clean"", ""syntax_family"": ""tsya_tsya_context"", ""target_family"": ""tsya_soft_insert"", ""target_form"": ""появиться"", ""template_id"": ""syntax_training_tsya_soft_insert""}",Они могут появиться завтра. Утром группа открыла архив.,lenta_news,Россия,False,False,4a7961fe637f2e5c7247770a,4a7961fe637f2e5c7247770a2a4ca198a43e1922b9d30a9db5b1e4b657fc6911,"[""spelling""]",lenta_news,False,True,news,tsya_soft_insert,"[{""source"": ""появится"", ""replacement"": ""появиться"", ""edit_type"": ""spelling_replace"", ""start"": 10, ""end"": 18, ""status"": ""proposed"", ""reason"": """", ""confidence"": 0.9, ""rule_id"": ""tsya_soft_insert"", ""error_type"": ""spelling""}]",rule:tsya_soft_insert
Они могут появится завтра. Затем курьер доставил пакет.... позже редактор проверил запись меткапюлза.,Они могут появиться завтра. Затем курьер доставил пакет.... позже редактор проверил запись меткапюлза.,train,synthetic_augmented_from_open_clean,spelling,"[""tsya_soft_insert""]","[{""source"": ""появится"", ""replacement"": ""появиться"", ""edit_type"": ""spelling_replace"", ""start"": 10, ""end"": 18, ""status"": ""proposed"", ""reason"": """", ""confidence"": 0.9, ""rule_id"": ""tsya_soft_insert"", ""error_type"": ""spelling""}]","{""candidate_present"": true, ""candidate_rule_ids"": [""tsya_soft_insert""], ""carrier_sentence_hash"": ""9806e50afcb6ee2c8e296641"", ""clean_hash"": ""b6e76159d0c7c9f3c5bde30c3f07d97bfed43f1026961d5d2fcca57aa5b9e24e"", ""edit_operations"": [{""confidence"": 0.9, ""edit_type"": ""spelling_replace"", ""end"": 18, ""error_type"": ""spelling"", ""reason"": """", ""replacement"": ""появиться"", ""rule_id"": ""tsya_soft_insert"", ""source"": ""появится"", ""start"": 10, ""status"": ""proposed""}], ""error_bearing_span"": [10, 18], ""error_form"": ""появится"", ""generation_strategy"": ""corpus_opportunity"", ""license_status"": ""Open Lenta.ru news dataset; verify terms before production."", ""normalized_pair_hash"": ""fbd3570c65deeac5c9090dbfceebfe67c5e36cc5db782c8372fd76d2998e0b92"", ""original_clean_sentence"": ""Они могут появиться завтра. Затем курьер доставил пакет.... позже редактор проверил запись меткапюлза."", ""rule_ids"": [""tsya_soft_insert""], ""sentence_id"": ""4670:9"", ""source_doc_id"": ""https://lenta.ru/news/2000/02/26/babitsky/"", ""source_name"": ""lenta_news"", ""source_subcorpus"": ""Россия"", ""source_type"": ""synthetic_augmented_from_open_clean"", ""syntax_family"": ""tsya_tsya_context"", ""target_family"": ""tsya_soft_insert"", ""target_form"": ""появиться"", ""template_id"": ""syntax_training_tsya_soft_insert""}",Они могут появиться завтра. Затем курьер доставил пакет.,lenta_news,Россия,False,False,05866798ee711f62d884b72d,05866798ee711f62d884b72d16d5039709f9c5a6f8b311279baeffc26ce8aaef,"[""spelling""]",lenta_news,False,True,news,tsya_soft_insert,"[{""source"": ""появится"", ""replacement"": ""появиться"", ""edit_type"": ""spelling_replace"", ""start"": 10, ""end"": 18, ""status"": ""proposed"", ""reason"": """", ""confidence"": 0.9, ""rule_id"": ""tsya_soft_insert"", ""error_type"": ""spelling""}]",rule:tsya_soft_insert
Они могут появится завтра. Утром отдел принял заявку.... позже редактор проверил запись меткалфлза.,Они могут появиться завтра. Утром отдел принял заявку.... позже редактор проверил запись меткалфлза.,train,synthetic_augmented_from_open_clean,spelling,"[""tsya_soft_insert""]","[{""source"": ""появится"", ""replacement"": ""появиться"", ""edit_type"": ""spelling_replace"", ""start"": 10, ""end"": 18, ""status"": ""proposed"", ""reason"": """", ""confidence"": 0.9, ""rule_id"": ""tsya_soft_insert"", ""error_type"": ""spelling""}]","{""candidate_present"": true, ""candidate_rule_ids"": [""tsya_soft_insert""], ""carrier_sentence_hash"": ""10bd50535b70caff62325177"", ""clean_hash"": ""645bda1a3ab8c11e8b677a6f80fd3035aa5048767a2742d03fa6a93586a4bda0"", ""edit_operations"": [{""confidence"": 0.9, ""edit_type"": ""spelling_replace"", ""end"": 18, ""error_type"": ""spelling"", ""reason"": """", ""replacement"": ""появиться"", ""rule_id"": ""tsya_soft_insert"", ""source"": ""появится"", ""start"": 10, ""status"": ""proposed""}], ""error_bearing_span"": [10, 18], ""error_form"": ""появится"", ""generation_strategy"": ""corpus_opportunity"", ""license_status"": ""Open Lenta.ru news dataset; verify terms before production."", ""normalized_pair_hash"": ""37e58cd4a1d305c730323c1ac9b9b36ac0ff9aa46a9a7bf04d4f42f92f02d9f3"", ""original_clean_sentence"": ""Они могут появиться завтра. Утром отдел принял заявку.... позже редактор проверил запись меткалфлза."", ""rule_ids"": [""tsya_soft_insert""], ""sentence_id"": ""4626:1"", ""source_doc_id"": ""https://lenta.ru/news/2000/02/25/latvia/"", ""source_name"": ""lenta_news"", ""source_subcorpus"": ""Мир"", ""source_type"": ""synthetic_augmented_from_open_clean"", ""syntax_family"": ""tsya_tsya_context"", ""target_family"": ""tsya_soft_insert"", ""target_form"": ""появиться"", ""template_id"": ""syntax_training_tsya_soft_insert""}",Они могут появиться завтра. Утром отдел принял заявку.,lenta_news,Мир,False,False,2979814790b70e8f7c968d06,2979814790b70e8f7c968d0626b2c0bb773051b1e241799e8cfa3ade4fc4699a,"[""spelling""]",lenta_news,False,True,news,tsya_soft_insert,"[{""source"": ""появится"", ""replacement"": ""появиться"", ""edit_type"": ""spelling_replace"", ""start"": 10, ""end"": 18, ""status"": ""proposed"", ""reason"": """", ""confidence"": 0.9, ""rule_id"": ""tsya_soft_insert"", ""error_type"": ""spelling""}]",rule:tsya_soft_insert
Они могут появится завтра. Утром специалист открыл журнал.... позже редактор проверил запись меткаэвмза.,Они могут появиться завтра. Утром специалист открыл журнал.... позже редактор проверил запись меткаэвмза.,train,synthetic_augmented_from_open_clean,spelling,"[""tsya_soft_insert""]","[{""source"": ""появится"", ""replacement"": ""появиться"", ""edit_type"": ""spelling_replace"", ""start"": 10, ""end"": 18, ""status"": ""proposed"", ""reason"": """", ""confidence"": 0.9, ""rule_id"": ""tsya_soft_insert"", ""error_type"": ""spelling""}]","{""candidate_present"": true, ""candidate_rule_ids"": [""tsya_soft_insert""], ""carrier_sentence_hash"": ""0bce9be5ae17d07f6f5e28b1"", ""clean_hash"": ""5fc5a5eae9ef4910eeaf593a333504e3e24c3b0e6bd9247db375ad5ce7136a17"", ""edit_operations"": [{""confidence"": 0.9, ""edit_type"": ""spelling_replace"", ""end"": 18, ""error_type"": ""spelling"", ""reason"": """", ""replacement"": ""появиться"", ""rule_id"": ""tsya_soft_insert"", ""source"": ""появится"", ""start"": 10, ""status"": ""proposed""}], ""error_bearing_span"": [10, 18], ""error_form"": ""появится"", ""generation_strategy"": ""fallback_natural_template"", ""license_status"": ""Open Lenta.ru news dataset; verify terms before production."", ""normalized_pair_hash"": ""c33257fec43db13624db8a6e583208ba535f50c95419d111778d5cc56142d7b1"", ""original_clean_sentence"": ""Они могут появиться завтра. Утром специалист открыл журнал.... позже редактор проверил запись меткаэвмза."", ""rule_ids"": [""tsya_soft_insert""], ""sentence_id"": ""4693:12"", ""source_doc_id"": ""https://lenta.ru/news/2000/02/28/putin/"", ""source_name"": ""lenta_news"", ""source_subcorpus"": ""Россия"", ""source_type"": ""synthetic_augmented_from_open_clean"", ""syntax_family"": ""tsya_tsya_context"", ""target_family"": ""tsya_soft_insert"", ""target_form"": ""появиться"", ""template_id"": ""syntax_training_tsya_soft_insert""}",Они могут появиться завтра. Утром специалист открыл журнал.,lenta_news,Россия,False,False,63a929d2899636e95f5099c2,63a929d2899636e95f5099c294d09b8bcb6bda04469766cfc1da2aa2b26420bd,"[""spelling""]",lenta_news,False,True,news,tsya_soft_insert,"[{""source"": ""появится"", ""replacement"": ""появиться"", ""edit_type"": ""spelling_replace"", ""start"": 10, ""end"": 18, ""status"": ""proposed"", ""reason"": """", ""confidence"": 0.9, ""rule_id"": ""tsya_soft_insert"", ""error_type"": ""spelling""}]",rule:tsya_soft_insert
Они могут появится завтра. После совещания секретарь закрыл папку.... позже редактор проверил запись меткащфкза.,Они могут появиться завтра. После совещания секретарь закрыл папку.... позже редактор проверил запись меткащфкза.,train,synthetic_augmented_from_open_clean,spelling,"[""tsya_soft_insert""]","[{""source"": ""появится"", ""replacement"": ""появиться"", ""edit_type"": ""spelling_replace"", ""start"": 10, ""end"": 18, ""status"": ""proposed"", ""reason"": """", ""confidence"": 0.9, ""rule_id"": ""tsya_soft_insert"", ""error_type"": ""spelling""}]","{""candidate_present"": true, ""candidate_rule_ids"": [""tsya_soft_insert""], ""carrier_sentence_hash"": ""5aeac89d9d8a9ef969204938"", ""clean_hash"": ""4e6c523383d7c50e4b854427033c23c3964cd2d4f128ffdf7daeced9182f8fce"", ""edit_operations"": [{""confidence"": 0.9, ""edit_type"": ""spelling_replace"", ""end"": 18, ""error_type"": ""spelling"", ""reason"": """", ""replacement"": ""появиться"", ""rule_id"": ""tsya_soft_insert"", ""source"": ""появится"", ""start"": 10, ""status"": ""proposed""}], ""error_bearing_span"": [10, 18], ""error_form"": ""появится"", ""generation_strategy"": ""corpus_opportunity"", ""license_status"": ""Open Lenta.ru news dataset; verify terms before production."", ""normalized_pair_hash"": ""589932a288dd9d4673f2be488fe16ff2e8873e58e5b18ab3a74339d520ec01d9"", ""original_clean_sentence"": ""Они могут появиться завтра. После совещания секретарь закрыл папку.... позже редактор проверил запись меткащфкза."", ""rule_ids"": [""tsya_soft_insert""], ""sentence_id"": ""4434:4"", ""source_doc_id"": ""https://lenta.ru/news/2000/02/21/parad/"", ""source_name"": ""lenta_news"", ""source_subcorpus"": ""Россия"", ""source_type"": ""synthetic_augmented_from_open_clean"", ""syntax_family"": ""tsya_tsya_context"", ""target_family"": ""tsya_soft_insert"", ""target_form"": ""появиться"", ""template_id"": ""syntax_training_tsya_soft_insert""}",Они могут появиться завтра. После совещания секретарь закрыл папку.,lenta_news,Россия,False,False,3462e0ec13dd8db70d267a47,3462e0ec13dd8db70d267a470ed9acf27eb12eb14342e16ffe8a48b008a864a8,"[""spelling""]",lenta_news,False,True,news,tsya_soft_insert,"[{""source"": ""появится"", ""replacement"": ""появиться"", ""edit_type"": ""spelling_replace"", ""start"": 10, ""end"": 18, ""status"": ""proposed"", ""reason"": """", ""confidence"": 0.9, ""rule_id"": ""tsya_soft_insert"", ""error_type"": ""spelling""}]",rule:tsya_soft_insert
Нужно вернутся к отчету. Затем редактор передал копию.... позже редактор проверил запись меткаюнкза.,Нужно вернуться к отчету. Затем редактор передал копию.... позже редактор проверил запись меткаюнкза.,train,synthetic_augmented_from_open_clean,spelling,"[""tsya_soft_insert""]","[{""source"": ""вернутся"", ""replacement"": ""вернуться"", ""edit_type"": ""spelling_replace"", ""start"": 6, ""end"": 14, ""status"": ""proposed"", ""reason"": """", ""confidence"": 0.9, ""rule_id"": ""tsya_soft_insert"", ""error_type"": ""spelling""}]","{""candidate_present"": true, ""candidate_rule_ids"": [""tsya_soft_insert""], ""carrier_sentence_hash"": ""203d3d69469a1de00ea9e44a"", ""clean_hash"": ""202cf8aa2dd5e1a2f31fa183cf7c9abda616c5064c681f1a54349cef724dcb8d"", ""edit_operations"": [{""confidence"": 0.9, ""edit_type"": ""spelling_replace"", ""end"": 14, ""error_type"": ""spelling"", ""reason"": """", ""replacement"": ""вернуться"", ""rule_id"": ""tsya_soft_insert"", ""source"": ""вернутся"", ""start"": 6, ""status"": ""proposed""}], ""error_bearing_span"": [6, 14], ""error_form"": ""вернутся"", ""generation_strategy"": ""corpus_opportunity"", ""license_status"": ""Open Lenta.ru news dataset; verify terms before production."", ""normalized_pair_hash"": ""6a08e60826da51c1ec3c3550f116916f12d2831324dc530b43c933004864f29b"", ""original_clean_sentence"": ""Нужно вернуться к отчету. Затем редактор передал копию.... позже редактор проверил запись меткаюнкза."", ""rule_ids"": [""tsya_soft_insert""], ""sentence_id"": ""4389:1"", ""source_doc_id"": ""https://lenta.ru/news/2000/02/18/kiev/"", ""source_name"": ""lenta_news"", ""source_subcorpus"": ""Мир"", ""source_type"": ""synthetic_augmented_from_open_clean"", ""syntax_family"": ""tsya_tsya_context"", ""target_family"": ""tsya_soft_insert"", ""target_form"": ""вернуться"", ""template_id"": ""syntax_training_tsya_soft_insert""}",Нужно вернуться к отчету. Затем редактор передал копию.,lenta_news,Мир,False,False,a4f2cf4a3da779726cdb0127,a4f2cf4a3da779726cdb0127fe2d03b9727afa02310e10863fd7a99d309a32a7,"[""spelling""]",lenta_news,False,True,news,tsya_soft_insert,"[{""source"": ""вернутся"", ""replacement"": ""вернуться"", ""edit_type"": ""spelling_replace"", ""start"": 6, ""end"": 14, ""status"": ""proposed"", ""reason"": """", ""confidence"": 0.9, ""rule_id"": ""tsya_soft_insert"", ""error_type"": ""spelling""}]",rule:tsya_soft_insert
Нужно вернутся к отчету. Утром специалист открыл журнал.... позже редактор проверил запись меткапплза.,Нужно вернуться к отчету. Утром специалист открыл журнал.... позже редактор проверил запись меткапплза.,train,synthetic_augmented_from_open_clean,spelling,"[""tsya_soft_insert""]","[{""source"": ""вернутся"", ""replacement"": ""вернуться"", ""edit_type"": ""spelling_replace"", ""start"": 6, ""end"": 14, ""status"": ""proposed"", ""reason"": """", ""confidence"": 0.9, ""rule_id"": ""tsya_soft_insert"", ""error_type"": ""spelling""}]","{""candidate_present"": true, ""candidate_rule_ids"": [""tsya_soft_insert""], ""carrier_sentence_hash"": ""de467e8eab3f3e4e5e00e861"", ""clean_hash"": ""973af0940a8a47f8414937050851ea31c3e17548b61a6841ed48c714aee88ad8"", ""edit_operations"": [{""confidence"": 0.9, ""edit_type"": ""spelling_replace"", ""end"": 14, ""error_type"": ""spelling"", ""reason"": """", ""replacement"": ""вернуться"", ""rule_id"": ""tsya_soft_insert"", ""source"": ""вернутся"", ""start"": 6, ""status"": ""proposed""}], ""error_bearing_span"": [6, 14], ""error_form"": ""вернутся"", ""generation_strategy"": ""corpus_opportunity"", ""license_status"": ""Open Lenta.ru news dataset; verify terms before production."", ""normalized_pair_hash"": ""8310bc83460379749638a394306379ced0aee5d9ae6d9a7f3f9d82adc23eefb1"", ""original_clean_sentence"": ""Нужно вернуться к отчету. Утром специалист открыл журнал.... позже редактор проверил запись меткапплза."", ""rule_ids"": [""tsya_soft_insert""], ""sentence_id"": ""4595:7"", ""source_doc_id"": ""https://lenta.ru/news/2000/02/24/grammy/"", ""source_name"": ""lenta_news"", ""source_subcorpus"": ""Мир"", ""source_type"": ""synthetic_augmented_from_open_clean"", ""syntax_family"": ""tsya_tsya_context"", ""target_family"": ""tsya_soft_insert"", ""target_form"": ""вернуться"", ""template_id"": ""syntax_training_tsya_soft_insert""}",Нужно вернуться к отчету. Утром специалист открыл журнал.,lenta_news,Мир,False,False,1f29becb181de4a7e244c611,1f29becb181de4a7e244c6119784c87ee5169ad4750adc11c9fa866b58640837,"[""spelling""]",lenta_news,False,True,news,tsya_soft_insert,"[{""source"": ""вернутся"", ""replacement"": ""вернуться"", ""edit_type"": ""spelling_replace"", ""start"": 6, ""end"": 14, ""status"": ""proposed"", ""reason"": """", ""confidence"": 0.9, ""rule_id"": ""tsya_soft_insert"", ""error_type"": ""spelling""}]",rule:tsya_soft_insert
Они могут появится завтра. Позже секретарь подготовил копию.... позже редактор проверил запись меткамгмза.,Они могут появиться завтра. Позже секретарь подготовил копию.... позже редактор проверил запись меткамгмза.,train,synthetic_augmented_from_open_clean,spelling,"[""tsya_soft_insert""]","[{""source"": ""появится"", ""replacement"": ""появиться"", ""edit_type"": ""spelling_replace"", ""start"": 10, ""end"": 18, ""status"": ""proposed"", ""reason"": """", ""confidence"": 0.9, ""rule_id"": ""tsya_soft_insert"", ""error_type"": ""spelling""}]","{""candidate_present"": true, ""candidate_rule_ids"": [""tsya_soft_insert""], ""carrier_sentence_hash"": ""df02ea01d39d86527eab22d3"", ""clean_hash"": ""e44986485456de4f38662b5a06e8d416eb0a9866ac9ad2ee38b1e85ca384b5d8"", ""edit_operations"": [{""confidence"": 0.9, ""edit_type"": ""spelling_replace"", ""end"": 18, ""error_type"": ""spelling"", ""reason"": """", ""replacement"": ""появиться"", ""rule_id"": ""tsya_soft_insert"", ""source"": ""появится"", ""start"": 10, ""status"": ""proposed""}], ""error_bearing_span"": [10, 18], ""error_form"": ""появится"", ""generation_strategy"": ""corpus_opportunity"", ""license_status"": ""Open Lenta.ru news dataset; verify terms before production."", ""normalized_pair_hash"": ""cbe8653375e04621b626890f2ad4ef191ffa393c99e74bbb137c4a32cf9e8065"", ""original_clean_sentence"": ""Они могут появиться завтра. Позже секретарь подготовил копию.... позже редактор проверил запись меткамгмза."", ""rule_ids"": [""tsya_soft_insert""], ""sentence_id"": ""4697:6"", ""source_doc_id"": ""https://lenta.ru/news/2000/02/28/lobanovsky/"", ""source_name"": ""lenta_news"", ""source_subcorpus"": ""Спорт"", ""source_type"": ""synthetic_augmented_from_open_clean"", ""syntax_family"": ""tsya_tsya_context"", ""target_family"": ""tsya_soft_insert"", ""target_form"": ""появиться"", ""template_id"": ""syntax_training_tsya_soft_insert""}",Они могут появиться завтра. Позже секретарь подготовил копию.,lenta_news,Спорт,False,False,781ee32713ab6787968b31cc,781ee32713ab6787968b31ccfca2fbd97d3607789c5bf83d557e12a483580a13,"[""spelling""]",lenta_news,False,True,news,tsya_soft_insert,"[{""source"": ""появится"", ""replacement"": ""появиться"", ""edit_type"": ""spelling_replace"", ""start"": 10, ""end"": 18, ""status"": ""proposed"", ""reason"": """", ""confidence"": 0.9, ""rule_id"": ""tsya_soft_insert"", ""error_type"": ""spelling""}]",rule:tsya_soft_insert
"По мнению экспертов, речь может идти либо о введении квот на право пользоватся толлинговыми льготами, либо о введении минимальной цены за толлинговую переработку алюминия.","По мнению экспертов, речь может идти либо о введении квот на право пользоваться толлинговыми льготами, либо о введении минимальной цены за толлинговую переработку алюминия.",train,synthetic_augmented_from_open_clean,spelling,"[""tsya_soft_insert""]","[{""source"": ""пользоватся"", ""replacement"": ""пользоваться"", ""edit_type"": ""spelling_replace"", ""start"": 67, ""end"": 78, ""status"": ""proposed"", ""reason"": """", ""confidence"": 0.9, ""rule_id"": ""tsya_soft_insert""}]","{""candidate_present"": true, ""candidate_rule_ids"": [""tsya_soft_insert""], ""carrier_sentence_hash"": ""31bb926e5581e6a8d1dbf8e5"", ""clean_hash"": ""eedac763a130c78f7a5cdba23dddb4941d78c82d8f5c8a727291fe1fa84e61d5"", ""error_bearing_span"": [67, 78], ""error_form"": ""пользоватся"", ""generation_strategy"": ""corpus_opportunity"", ""license_status"": ""Open Lenta.ru news dataset; verify terms before production."", ""normalized_pair_hash"": ""b94b53eb9e9183ac371e59417e0e05996b946d21387bc8c37d0db36906b1c4b5"", ""original_clean_sentence"": ""По мнению экспертов, речь может идти либо о введении квот на право пользоваться толлинговыми льготами, либо о введении минимальной цены за толлинговую переработку алюминия."", ""rule_ids"": [""tsya_soft_insert""], ""sentence_id"": ""3159:7"", ""source_doc_id"": ""https://lenta.ru/news/2000/01/10/tolling/"", ""source_name"": ""lenta_news"", ""source_subcorpus"": ""Экономика"", ""source_type"": ""synthetic_augmented_from_open_clean"", ""synthetic_source_dataset"": ""synthetic_open_corpus_tsya"", ""target_family"": ""tsya_soft_insert"", ""target_form"": ""пользоваться""}","По мнению экспертов, речь может идти либо о введении квот на право пользоваться толлинговыми льготами, либо о введении минимальной цены за толлинговую переработку алюминия.",lenta_news,Экономика,False,False,b94b53eb9e9183ac371e5941,b94b53eb9e9183ac371e59417e0e05996b946d21387bc8c37d0db36906b1c4b5,"[""spelling""]",lenta_news,False,True,news,tsya_soft_insert,"[{""source"": ""пользоватся"", ""replacement"": ""пользоваться"", ""edit_type"": ""spelling_replace"", ""start"": 67, ""end"": 78, ""status"": ""proposed"", ""reason"": """", ""confidence"": 0.9, ""rule_id"": ""tsya_soft_insert""}]",rule:tsya_soft_insert
Они могут появится завтра. После обеда редактор принял письмо.... позже редактор проверил запись меткаэщкза.,Они могут появиться завтра. После обеда редактор принял письмо.... позже редактор проверил запись меткаэщкза.,train,synthetic_augmented_from_open_clean,spelling,"[""tsya_soft_insert""]","[{""source"": ""появится"", ""replacement"": ""появиться"", ""edit_type"": ""spelling_replace"", ""start"": 10, ""end"": 18, ""status"": ""proposed"", ""reason"": """", ""confidence"": 0.9, ""rule_id"": ""tsya_soft_insert"", ""error_type"": ""spelling""}]","{""candidate_present"": true, ""candidate_rule_ids"": [""tsya_soft_insert""], ""carrier_sentence_hash"": ""6971d0a0291a55d985f7b8c8"", ""clean_hash"": ""0b080b3eec90a0e8b38ad86a41a9e34b2d14c195d0941707e7cebdc8a3898f3e"", ""edit_operations"": [{""confidence"": 0.9, ""edit_type"": ""spelling_replace"", ""end"": 18, ""error_type"": ""spelling"", ""reason"": """", ""replacement"": ""появиться"", ""rule_id"": ""tsya_soft_insert"", ""source"": ""появится"", ""start"": 10, ""status"": ""proposed""}], ""error_bearing_span"": [10, 18], ""error_form"": ""появится"", ""generation_strategy"": ""corpus_opportunity"", ""license_status"": ""Open Lenta.ru news dataset; verify terms before production."", ""normalized_pair_hash"": ""6fbed93c5175a7bc3f54dd22be29afed5cdf7ce5d20cff7c37b0a9eb551c7af8"", ""original_clean_sentence"": ""Они могут появиться завтра. После обеда редактор принял письмо.... позже редактор проверил запись меткаэщкза."", ""rule_ids"": [""tsya_soft_insert""], ""sentence_id"": ""4473:6"", ""source_doc_id"": ""https://lenta.ru/news/2000/02/22/fan/"", ""source_name"": ""lenta_news"", ""source_subcorpus"": ""Интернет и СМИ"", ""source_type"": ""synthetic_augmented_from_open_clean"", ""syntax_family"": ""tsya_tsya_context"", ""target_family"": ""tsya_soft_insert"", ""target_form"": ""появиться"", ""template_id"": ""syntax_training_tsya_soft_insert""}",Они могут появиться завтра. После обеда редактор принял письмо.,lenta_news,Интернет и СМИ,False,False,8c4b336c1f93ba57a7d5e9b1,8c4b336c1f93ba57a7d5e9b1ad3e714bae864c2fd3157396bff04267f94cd88d,"[""spelling""]",lenta_news,False,True,news,tsya_soft_insert,"[{""source"": ""появится"", ""replacement"": ""появиться"", ""edit_type"": ""spelling_replace"", ""start"": 10, ""end"": 18, ""status"": ""proposed"", ""reason"": """", ""confidence"": 0.9, ""rule_id"": ""tsya_soft_insert"", ""error_type"": ""spelling""}]",rule:tsya_soft_insert
Нужно вернутся к отчету. После совещания документ приняли.... позже редактор проверил запись меткалплза.,Нужно вернуться к отчету. После совещания документ приняли.... позже редактор проверил запись меткалплза.,train,synthetic_augmented_from_open_clean,spelling,"[""tsya_soft_insert""]","[{""source"": ""вернутся"", ""replacement"": ""вернуться"", ""edit_type"": ""spelling_replace"", ""start"": 6, ""end"": 14, ""status"": ""proposed"", ""reason"": """", ""confidence"": 0.9, ""rule_id"": ""tsya_soft_insert"", ""error_type"": ""spelling""}]","{""candidate_present"": true, ""candidate_rule_ids"": [""tsya_soft_insert""], ""carrier_sentence_hash"": ""cce1dd2f04b433d1f7ed7a77"", ""clean_hash"": ""00ab507a00663238a1d53b084c051091d2bc5940dab191153385b7ba5a373895"", ""edit_operations"": [{""confidence"": 0.9, ""edit_type"": ""spelling_replace"", ""end"": 14, ""error_type"": ""spelling"", ""reason"": """", ""replacement"": ""вернуться"", ""rule_id"": ""tsya_soft_insert"", ""source"": ""вернутся"", ""start"": 6, ""status"": ""proposed""}], ""error_bearing_span"": [6, 14], ""error_form"": ""вернутся"", ""generation_strategy"": ""corpus_opportunity"", ""license_status"": ""Open Lenta.ru news dataset; verify terms before production."", ""normalized_pair_hash"": ""158dfc2536bb9f39a6e58ffdc30bb858f3ebbbd4b78050373dce73d44f3bf6e8"", ""original_clean_sentence"": ""Нужно вернуться к отчету. После совещания документ приняли.... позже редактор проверил запись меткалплза."", ""rule_ids"": [""tsya_soft_insert""], ""sentence_id"": ""4595:3"", ""source_doc_id"": ""https://lenta.ru/news/2000/02/24/grammy/"", ""source_name"": ""lenta_news"", ""source_subcorpus"": ""Мир"", ""source_type"": ""synthetic_augmented_from_open_clean"", ""syntax_family"": ""tsya_tsya_context"", ""target_family"": ""tsya_soft_insert"", ""target_form"": ""вернуться"", ""template_id"": ""syntax_training_tsya_soft_insert""}",Нужно вернуться к отчету. После совещания документ приняли.,lenta_news,Мир,False,False,5adc65b1bf6071bac10b8828,5adc65b1bf6071bac10b88287dd25d11dfa419213c9222240b32aa43b6e01e4b,"[""spelling""]",lenta_news,False,True,news,tsya_soft_insert,"[{""source"": ""вернутся"", ""replacement"": ""вернуться"", ""edit_type"": ""spelling_replace"", ""start"": 6, ""end"": 14, ""status"": ""proposed"", ""reason"": """", ""confidence"": 0.9, ""rule_id"": ""tsya_soft_insert"", ""error_type"": ""spelling""}]",rule:tsya_soft_insert
Нужно вернутся к отчету. После звонка редактор открыл файл.... позже редактор проверил запись меткаезлза.,Нужно вернуться к отчету. После звонка редактор открыл файл.... позже редактор проверил запись меткаезлза.,train,synthetic_augmented_from_open_clean,spelling,"[""tsya_soft_insert""]","[{""source"": ""вернутся"", ""replacement"": ""вернуться"", ""edit_type"": ""spelling_replace"", ""start"": 6, ""end"": 14, ""status"": ""proposed"", ""reason"": """", ""confidence"": 0.9, ""rule_id"": ""tsya_soft_insert"", ""error_type"": ""spelling""}]","{""candidate_present"": true, ""candidate_rule_ids"": [""tsya_soft_insert""], ""carrier_sentence_hash"": ""111f89b0a3eeee8a4e7cc829"", ""clean_hash"": ""ea8e4c4d74ebc53fcf9cd420b47d650ed9819c27bfa321e0f6e662770fbbc0f9"", ""edit_operations"": [{""confidence"": 0.9, ""edit_type"": ""spelling_replace"", ""end"": 14, ""error_type"": ""spelling"", ""reason"": """", ""replacement"": ""вернуться"", ""rule_id"": ""tsya_soft_insert"", ""source"": ""вернутся"", ""start"": 6, ""status"": ""proposed""}], ""error_bearing_span"": [6, 14], ""error_form"": ""вернутся"", ""generation_strategy"": ""corpus_opportunity"", ""license_status"": ""Open Lenta.ru news dataset; verify terms before production."", ""normalized_pair_hash"": ""5b3e2f60652fdc093fd561b08566f070b55fd5c87c719859b79d84651131bf92"", ""original_clean_sentence"": ""Нужно вернуться к отчету. После звонка редактор открыл файл.... позже редактор проверил запись меткаезлза."", ""rule_ids"": [""tsya_soft_insert""], ""sentence_id"": ""4543:8"", ""source_doc_id"": ""https://lenta.ru/news/2000/02/23/togliatti/"", ""source_name"": ""lenta_news"", ""source_subcorpus"": ""Россия"", ""source_type"": ""synthetic_augmented_from_open_clean"", ""syntax_family"": ""tsya_tsya_context"", ""target_family"": ""tsya_soft_insert"", ""target_form"": ""вернуться"", ""template_id"": ""syntax_training_tsya_soft_insert""}",Нужно вернуться к отчету. После звонка редактор открыл файл.,lenta_news,Россия,False,False,1da5c1cdb6cab410cd5401bc,1da5c1cdb6cab410cd5401bc6e42504b47d8ececdc454173d970b06f08998348,"[""spelling""]",lenta_news,False,True,news,tsya_soft_insert,"[{""source"": ""вернутся"", ""replacement"": ""вернуться"", ""edit_type"": ""spelling_replace"", ""start"": 6, ""end"": 14, ""status"": ""proposed"", ""reason"": """", ""confidence"": 0.9, ""rule_id"": ""tsya_soft_insert"", ""error_type"": ""spelling""}]",rule:tsya_soft_insert
"По его словам, при пересмотре документов Украина будет руководствоватся исключительно собственными интересами страны.","По его словам, при пересмотре документов Украина будет руководствоваться исключительно собственными интересами страны.",train,synthetic_augmented_from_open_clean,spelling,"[""tsya_soft_insert""]","[{""source"": ""руководствоватся"", ""replacement"": ""руководствоваться"", ""edit_type"": ""spelling_replace"", ""start"": 55, ""end"": 71, ""status"": ""proposed"", ""reason"": """", ""confidence"": 0.9, ""rule_id"": ""tsya_soft_insert""}]","{""candidate_present"": true, ""candidate_rule_ids"": [""tsya_soft_insert""], ""carrier_sentence_hash"": ""7e9caabba554d8e3ddb7c9da"", ""clean_hash"": ""ef13e9495cee5dadab81282981f0f88dd9bedc882a8f0ec97e7c0f7bdc59ead5"", ""error_bearing_span"": [55, 71], ""error_form"": ""руководствоватся"", ""generation_strategy"": ""corpus_opportunity"", ""license_status"": ""Nerus Lenta annotated corpus; verify terms before production."", ""normalized_pair_hash"": ""0fe7e12c5923d77b636cd3bb94c16cfb8a2de6b27d7b2dbb743c3774dbdcefd9"", ""original_clean_sentence"": ""По его словам, при пересмотре документов Украина будет руководствоваться исключительно собственными интересами страны."", ""rule_ids"": [""tsya_soft_insert""], ""sentence_id"": ""130118"", ""source_doc_id"": ""10915"", ""source_name"": ""nerus_news"", ""source_subcorpus"": ""nerus_lenta"", ""source_type"": ""synthetic_augmented_from_open_clean"", ""synthetic_source_dataset"": ""synthetic_open_corpus_tsya"", ""target_family"": ""tsya_soft_insert"", ""target_form"": ""руководствоваться""}","По его словам, при пересмотре документов Украина будет руководствоваться исключительно собственными интересами страны.",nerus_news,nerus_lenta,False,False,0fe7e12c5923d77b636cd3bb,0fe7e12c5923d77b636cd3bb94c16cfb8a2de6b27d7b2dbb743c3774dbdcefd9,"[""spelling""]",nerus_news,False,True,news,tsya_soft_insert,"[{""source"": ""руководствоватся"", ""replacement"": ""руководствоваться"", ""edit_type"": ""spelling_replace"", ""start"": 55, ""end"": 71, ""status"": ""proposed"", ""reason"": """", ""confidence"": 0.9, ""rule_id"": ""tsya_soft_insert""}]",rule:tsya_soft_insert
Они могут появится завтра. Вечером служба передала копию.... позже редактор проверил запись меткащскза.,Они могут появиться завтра. Вечером служба передала копию.... позже редактор проверил запись меткащскза.,train,synthetic_augmented_from_open_clean,spelling,"[""tsya_soft_insert""]","[{""source"": ""появится"", ""replacement"": ""появиться"", ""edit_type"": ""spelling_replace"", ""start"": 10, ""end"": 18, ""status"": ""proposed"", ""reason"": """", ""confidence"": 0.9, ""rule_id"": ""tsya_soft_insert"", ""error_type"": ""spelling""}]","{""candidate_present"": true, ""candidate_rule_ids"": [""tsya_soft_insert""], ""carrier_sentence_hash"": ""61d824a88236f01ecffb2e74"", ""clean_hash"": ""2757450b60f1558e8701c3c97355a6f6ec8523a50ad1cf143b9623db40dcd1b8"", ""edit_operations"": [{""confidence"": 0.9, ""edit_type"": ""spelling_replace"", ""end"": 18, ""error_type"": ""spelling"", ""reason"": """", ""replacement"": ""появиться"", ""rule_id"": ""tsya_soft_insert"", ""source"": ""появится"", ""start"": 10, ""status"": ""proposed""}], ""error_bearing_span"": [10, 18], ""error_form"": ""появится"", ""generation_strategy"": ""corpus_opportunity"", ""license_status"": ""Open Lenta.ru news dataset; verify terms before production."", ""normalized_pair_hash"": ""f85d86ad8dfb7e9e65819ddd0c6f315c660c6e19afeca6f7f4995134fcafe020"", ""original_clean_sentence"": ""Они могут появиться завтра. Вечером служба передала копию.... позже редактор проверил запись меткащскза."", ""rule_ids"": [""tsya_soft_insert""], ""sentence_id"": ""4414:6"", ""source_doc_id"": ""https://lenta.ru/news/2000/02/20/bush/"", ""source_name"": ""lenta_news"", ""source_subcorpus"": ""Мир"", ""source_type"": ""synthetic_augmented_from_open_clean"", ""syntax_family"": ""tsya_tsya_context"", ""target_family"": ""tsya_soft_insert"", ""target_form"": ""появиться"", ""template_id"": ""syntax_training_tsya_soft_insert""}",Они могут появиться завтра. Вечером служба передала копию.,lenta_news,Мир,False,False,c664645dc55940818c425d61,c664645dc55940818c425d6188c4857bcf3d7b08a460089649e02d69bbbfcbad,"[""spelling""]",lenta_news,False,True,news,tsya_soft_insert,"[{""source"": ""появится"", ""replacement"": ""появиться"", ""edit_type"": ""spelling_replace"", ""start"": 10, ""end"": 18, ""status"": ""proposed"", ""reason"": """", ""confidence"": 0.9, ""rule_id"": ""tsya_soft_insert"", ""error_type"": ""spelling""}]",rule:tsya_soft_insert
Нужно вернутся к отчету. Позже комиссия вернула письмо.... позже редактор проверил запись меткаталза.,Нужно вернуться к отчету. Позже комиссия вернула письмо.... позже редактор проверил запись меткаталза.,train,synthetic_augmented_from_open_clean,spelling,"[""tsya_soft_insert""]","[{""source"": ""вернутся"", ""replacement"": ""вернуться"", ""edit_type"": ""spelling_replace"", ""start"": 6, ""end"": 14, ""status"": ""proposed"", ""reason"": """", ""confidence"": 0.9, ""rule_id"": ""tsya_soft_insert"", ""error_type"": ""spelling""}]","{""candidate_present"": true, ""candidate_rule_ids"": [""tsya_soft_insert""], ""carrier_sentence_hash"": ""529ad11dee1ffdc8ce1c9be9"", ""clean_hash"": ""b6d4177f93458a0ecfcd52ae2603decc16e68fa6096a5248f18be6aaa64f103d"", ""edit_operations"": [{""confidence"": 0.9, ""edit_type"": ""spelling_replace"", ""end"": 14, ""error_type"": ""spelling"", ""reason"": """", ""replacement"": ""вернуться"", ""rule_id"": ""tsya_soft_insert"", ""source"": ""вернутся"", ""start"": 6, ""status"": ""proposed""}], ""error_bearing_span"": [6, 14], ""error_form"": ""вернутся"", ""generation_strategy"": ""corpus_opportunity"", ""license_status"": ""Open Lenta.ru news dataset; verify terms before production."", ""normalized_pair_hash"": ""9890804d0fd5507f683f9e55dfb653769b332c8f266bc51b7e63a1ab2995d034"", ""original_clean_sentence"": ""Нужно вернуться к отчету. Позже комиссия вернула письмо.... позже редактор проверил запись меткаталза."", ""rule_ids"": [""tsya_soft_insert""], ""sentence_id"": ""4500:9"", ""source_doc_id"": ""https://lenta.ru/news/2000/02/22/volgodonsk/"", ""source_name"": ""lenta_news"", ""source_subcorpus"": ""Россия"", ""source_type"": ""synthetic_augmented_from_open_clean"", ""syntax_family"": ""tsya_tsya_context"", ""target_family"": ""tsya_soft_insert"", ""target_form"": ""вернуться"", ""template_id"": ""syntax_training_tsya_soft_insert""}",Нужно вернуться к отчету. Позже комиссия вернула письмо.,lenta_news,Россия,False,False,4e0a6eb3d79af20f89701f00,4e0a6eb3d79af20f89701f009f2a5043657fcc171db9f3eeb51f49049c1138b5,"[""spelling""]",lenta_news,False,True,news,tsya_soft_insert,"[{""source"": ""вернутся"", ""replacement"": ""вернуться"", ""edit_type"": ""spelling_replace"", ""start"": 6, ""end"": 14, ""status"": ""proposed"", ""reason"": """", ""confidence"": 0.9, ""rule_id"": ""tsya_soft_insert"", ""error_type"": ""spelling""}]",rule:tsya_soft_insert
Они могут появится завтра. Утром команда сверила список..,Они могут появиться завтра. Утром команда сверила список..,train,synthetic_augmented_from_open_clean,spelling,"[""tsya_soft_insert""]","[{""source"": ""появится"", ""replacement"": ""появиться"", ""edit_type"": ""spelling_replace"", ""start"": 10, ""end"": 18, ""status"": ""proposed"", ""reason"": """", ""confidence"": 0.9, ""rule_id"": ""tsya_soft_insert"", ""error_type"": ""spelling""}]","{""candidate_present"": true, ""candidate_rule_ids"": [""tsya_soft_insert""], ""carrier_sentence_hash"": ""930e4a9adabe35d213b0a34b"", ""clean_hash"": ""51b9ee715f631091e1e5f9e7d48f3a6daab7b081ceb0f489a8979c65ded19fea"", ""edit_operations"": [{""confidence"": 0.9, ""edit_type"": ""spelling_replace"", ""end"": 18, ""error_type"": ""spelling"", ""reason"": """", ""replacement"": ""появиться"", ""rule_id"": ""tsya_soft_insert"", ""source"": ""появится"", ""start"": 10, ""status"": ""proposed""}], ""error_bearing_span"": [10, 18], ""error_form"": ""появится"", ""generation_strategy"": ""corpus_opportunity"", ""license_status"": ""Open Lenta.ru news dataset; verify terms before production."", ""normalized_pair_hash"": ""c75827fa8ad654c2af1ba62fae8a0f8cbd89ab4f1e5203a0910738e95c54af84"", ""original_clean_sentence"": ""Они могут появиться завтра. Утром команда сверила список. ????? ???????? ???????? ???????? ???."", ""rule_ids"": [""tsya_soft_insert""], ""sentence_id"": ""4334:3"", ""source_doc_id"": ""https://lenta.ru/news/2000/02/17/kalamanov/"", ""source_name"": ""lenta_news"", ""source_subcorpus"": ""Россия"", ""source_type"": ""synthetic_augmented_from_open_clean"", ""syntax_family"": ""tsya_tsya_context"", ""target_family"": ""tsya_soft_insert"", ""target_form"": ""появиться"", ""template_id"": ""syntax_training_tsya_soft_insert""}",Они могут появиться завтра. Утром команда сверила список.,lenta_news,Россия,False,False,c75827fa8ad654c2af1ba62f,c75827fa8ad654c2af1ba62fae8a0f8cbd89ab4f1e5203a0910738e95c54af84,"[""spelling""]",lenta_news,False,True,news,tsya_soft_insert,"[{""source"": ""появится"", ""replacement"": ""появиться"", ""edit_type"": ""spelling_replace"", ""start"": 10, ""end"": 18, ""status"": ""proposed"", ""reason"": """", ""confidence"": 0.9, ""rule_id"": ""tsya_soft_insert"", ""error_type"": ""spelling""}]",rule:tsya_soft_insert
Нужно вернутся к отчету. Вечером автор уточнил срок.... позже редактор проверил запись меткапгмза.,Нужно вернуться к отчету. Вечером автор уточнил срок.... позже редактор проверил запись меткапгмза.,train,synthetic_augmented_from_open_clean,spelling,"[""tsya_soft_insert""]","[{""source"": ""вернутся"", ""replacement"": ""вернуться"", ""edit_type"": ""spelling_replace"", ""start"": 6, ""end"": 14, ""status"": ""proposed"", ""reason"": """", ""confidence"": 0.9, ""rule_id"": ""tsya_soft_insert"", ""error_type"": ""spelling""}]","{""candidate_present"": true, ""candidate_rule_ids"": [""tsya_soft_insert""], ""carrier_sentence_hash"": ""982327e1886358d794c646d1"", ""clean_hash"": ""140d0c8887a90140f34015ae75cf6d784cf4271eea0e586338e8538f005a612f"", ""edit_operations"": [{""confidence"": 0.9, ""edit_type"": ""spelling_replace"", ""end"": 14, ""error_type"": ""spelling"", ""reason"": """", ""replacement"": ""вернуться"", ""rule_id"": ""tsya_soft_insert"", ""source"": ""вернутся"", ""start"": 6, ""status"": ""proposed""}], ""error_bearing_span"": [6, 14], ""error_form"": ""вернутся"", ""generation_strategy"": ""corpus_opportunity"", ""license_status"": ""Open Lenta.ru news dataset; verify terms before production."", ""normalized_pair_hash"": ""e9d45228e2f94e9d020f1892d9c1cfb5d4b4b14631f48cff65a73455195d2526"", ""original_clean_sentence"": ""Нужно вернуться к отчету. Вечером автор уточнил срок.... позже редактор проверил запись меткапгмза."", ""rule_ids"": [""tsya_soft_insert""], ""sentence_id"": ""4698:2"", ""source_doc_id"": ""https://lenta.ru/news/2000/02/28/wolfgate/"", ""source_name"": ""lenta_news"", ""source_subcorpus"": ""Россия"", ""source_type"": ""synthetic_augmented_from_open_clean"", ""syntax_family"": ""tsya_tsya_context"", ""target_family"": ""tsya_soft_insert"", ""target_form"": ""вернуться"", ""template_id"": ""syntax_training_tsya_soft_insert""}",Нужно вернуться к отчету. Вечером автор уточнил срок.,lenta_news,Россия,False,False,d1b1e7642e9ff0c4449df7ea,d1b1e7642e9ff0c4449df7ea4094f618f6b16bc3c9d0f51d50ae0cf2b2981bfd,"[""spelling""]",lenta_news,False,True,news,tsya_soft_insert,"[{""source"": ""вернутся"", ""replacement"": ""вернуться"", ""edit_type"": ""spelling_replace"", ""start"": 6, ""end"": 14, ""status"": ""proposed"", ""reason"": """", ""confidence"": 0.9, ""rule_id"": ""tsya_soft_insert"", ""error_type"": ""spelling""}]",rule:tsya_soft_insert
Они могут появится завтра. Утром комиссия согласовала дату.... позже редактор проверил запись меткацщлза.,Они могут появиться завтра. Утром комиссия согласовала дату.... позже редактор проверил запись меткацщлза.,train,synthetic_augmented_from_open_clean,spelling,"[""tsya_soft_insert""]","[{""source"": ""появится"", ""replacement"": ""появиться"", ""edit_type"": ""spelling_replace"", ""start"": 10, ""end"": 18, ""status"": ""proposed"", ""reason"": """", ""confidence"": 0.9, ""rule_id"": ""tsya_soft_insert"", ""error_type"": ""spelling""}]","{""candidate_present"": true, ""candidate_rule_ids"": [""tsya_soft_insert""], ""carrier_sentence_hash"": ""87c55f84e9218d7e41008848"", ""clean_hash"": ""afaca5ae57f79723900404bbb5306917b89bbcec516bcc378de1bc76d99e6da0"", ""edit_operations"": [{""confidence"": 0.9, ""edit_type"": ""spelling_replace"", ""end"": 18, ""error_type"": ""spelling"", ""reason"": """", ""replacement"": ""появиться"", ""rule_id"": ""tsya_soft_insert"", ""source"": ""появится"", ""start"": 10, ""status"": ""proposed""}], ""error_bearing_span"": [10, 18], ""error_form"": ""появится"", ""generation_strategy"": ""corpus_opportunity"", ""license_status"": ""Open Lenta.ru news dataset; verify terms before production."", ""normalized_pair_hash"": ""81a0d60cff4758e01e8ae42459176777fb4c98a4ad1542e7c26bdc34c5923fb3"", ""original_clean_sentence"": ""Они могут появиться завтра. Утром комиссия согласовала дату.... позже редактор проверил запись меткацщлза."", ""rule_ids"": [""tsya_soft_insert""], ""sentence_id"": ""4662:4"", ""source_doc_id"": ""https://lenta.ru/news/2000/02/25/btr/"", ""source_name"": ""lenta_news"", ""source_subcorpus"": ""Россия"", ""source_type"": ""synthetic_augmented_from_open_clean"", ""syntax_family"": ""tsya_tsya_context"", ""target_family"": ""tsya_soft_insert"", ""target_form"": ""появиться"", ""template_id"": ""syntax_training_tsya_soft_insert""}",Они могут появиться завтра. Утром комиссия согласовала дату.,lenta_news,Россия,False,False,b9f5ba9dde0b437ad21812ae,b9f5ba9dde0b437ad21812ae98947f03f8df5c3a216afacf58377b085ca9685c,"[""spelling""]",lenta_news,False,True,news,tsya_soft_insert,"[{""source"": ""появится"", ""replacement"": ""появиться"", ""edit_type"": ""spelling_replace"", ""start"": 10, ""end"": 18, ""status"": ""proposed"", ""reason"": """", ""confidence"": 0.9, ""rule_id"": ""tsya_soft_insert"", ""error_type"": ""spelling""}]",rule:tsya_soft_insert
Нужно вернутся к отчету. Позже группа приняла решение.... позже редактор проверил запись меткаоткза.,Нужно вернуться к отчету. Позже группа приняла решение.... позже редактор проверил запись меткаоткза.,train,synthetic_augmented_from_open_clean,spelling,"[""tsya_soft_insert""]","[{""source"": ""вернутся"", ""replacement"": ""вернуться"", ""edit_type"": ""spelling_replace"", ""start"": 6, ""end"": 14, ""status"": ""proposed"", ""reason"": """", ""confidence"": 0.9, ""rule_id"": ""tsya_soft_insert"", ""error_type"": ""spelling""}]","{""candidate_present"": true, ""candidate_rule_ids"": [""tsya_soft_insert""], ""carrier_sentence_hash"": ""5ec082d593968679a071749f"", ""clean_hash"": ""843c57c9c13ed45ee8119b20b8bba471a093f48ffa3b2f98fcf23a992ca1a0e5"", ""edit_operations"": [{""confidence"": 0.9, ""edit_type"": ""spelling_replace"", ""end"": 14, ""error_type"": ""spelling"", ""reason"": """", ""replacement"": ""вернуться"", ""rule_id"": ""tsya_soft_insert"", ""source"": ""вернутся"", ""start"": 6, ""status"": ""proposed""}], ""error_bearing_span"": [6, 14], ""error_form"": ""вернутся"", ""generation_strategy"": ""corpus_opportunity"", ""license_status"": ""Open Lenta.ru news dataset; verify terms before production."", ""normalized_pair_hash"": ""4d21fb67641c41fd48e5ac69513e609c765555aa76bba9b9ecb18b0b63abef3e"", ""original_clean_sentence"": ""Нужно вернуться к отчету. Позже группа приняла решение.... позже редактор проверил запись меткаоткза."", ""rule_ids"": [""tsya_soft_insert""], ""sentence_id"": ""4419:1"", ""source_doc_id"": ""https://lenta.ru/news/2000/02/21/babitsky/"", ""source_name"": ""lenta_news"", ""source_subcorpus"": ""Россия"", ""source_type"": ""synthetic_augmented_from_open_clean"", ""syntax_family"": ""tsya_tsya_context"", ""target_family"": ""tsya_soft_insert"", ""target_form"": ""вернуться"", ""template_id"": ""syntax_training_tsya_soft_insert""}",Нужно вернуться к отчету. Позже группа приняла решение.,lenta_news,Россия,False,False,8fc16ca5c99f511a18032e56,8fc16ca5c99f511a18032e567543b27db55ae73acef986895a670c3e6f25c379,"[""spelling""]",lenta_news,False,True,news,tsya_soft_insert,"[{""source"": ""вернутся"", ""replacement"": ""вернуться"", ""edit_type"": ""spelling_replace"", ""start"": 6, ""end"": 14, ""status"": ""proposed"", ""reason"": """", ""confidence"": 0.9, ""rule_id"": ""tsya_soft_insert"", ""error_type"": ""spelling""}]",rule:tsya_soft_insert
Они могут появится завтра. Вечером группа сверила даты.... позже редактор проверил запись меткажммза.,Они могут появиться завтра. Вечером группа сверила даты.... позже редактор проверил запись меткажммза.,train,synthetic_augmented_from_open_clean,spelling,"[""tsya_soft_insert""]","[{""source"": ""появится"", ""replacement"": ""появиться"", ""edit_type"": ""spelling_replace"", ""start"": 10, ""end"": 18, ""status"": ""proposed"", ""reason"": """", ""confidence"": 0.9, ""rule_id"": ""tsya_soft_insert"", ""error_type"": ""spelling""}]","{""candidate_present"": true, ""candidate_rule_ids"": [""tsya_soft_insert""], ""carrier_sentence_hash"": ""71647c3aab4947f7ca0bba71"", ""clean_hash"": ""13ccf1b9bb04dd60430d42fcfadab33e54122c800a6714338c4c5acfba348d19"", ""edit_operations"": [{""confidence"": 0.9, ""edit_type"": ""spelling_replace"", ""end"": 18, ""error_type"": ""spelling"", ""reason"": """", ""replacement"": ""появиться"", ""rule_id"": ""tsya_soft_insert"", ""source"": ""появится"", ""start"": 10, ""status"": ""proposed""}], ""error_bearing_span"": [10, 18], ""error_form"": ""появится"", ""generation_strategy"": ""corpus_opportunity"", ""license_status"": ""Open Lenta.ru news dataset; verify terms before production."", ""normalized_pair_hash"": ""a52eb7de72cbc6df08dfc746d4cc1d1d3b51ebc40a3322e11ed9083b0aeac00c"", ""original_clean_sentence"": ""Они могут появиться завтра. Вечером группа сверила даты.... позже редактор проверил запись меткажммза."", ""rule_ids"": [""tsya_soft_insert""], ""sentence_id"": ""4743:7"", ""source_doc_id"": ""https://lenta.ru/news/2000/02/29/boeing/"", ""source_name"": ""lenta_news"", ""source_subcorpus"": ""Мир"", ""source_type"": ""synthetic_augmented_from_open_clean"", ""syntax_family"": ""tsya_tsya_context"", ""target_family"": ""tsya_soft_insert"", ""target_form"": ""появиться"", ""template_id"": ""syntax_training_tsya_soft_insert""}",Они могут появиться завтра. Вечером группа сверила даты.,lenta_news,Мир,False,False,1d2807cb4b4ede6c5512c970,1d2807cb4b4ede6c5512c9702c876c52797c2189ab10c52a3dd6c80f4a32fa92,"[""spelling""]",lenta_news,False,True,news,tsya_soft_insert,"[{""source"": ""появится"", ""replacement"": ""появиться"", ""edit_type"": ""spelling_replace"", ""start"": 10, ""end"": 18, ""status"": ""proposed"", ""reason"": """", ""confidence"": 0.9, ""rule_id"": ""tsya_soft_insert"", ""error_type"": ""spelling""}]",rule:tsya_soft_insert
Нужно вернутся к отчету. Вечером группа сверила даты.... позже редактор проверил запись меткагукза.,Нужно вернуться к отчету. Вечером группа сверила даты.... позже редактор проверил запись меткагукза.,train,synthetic_augmented_from_open_clean,spelling,"[""tsya_soft_insert""]","[{""source"": ""вернутся"", ""replacement"": ""вернуться"", ""edit_type"": ""spelling_replace"", ""start"": 6, ""end"": 14, ""status"": ""proposed"", ""reason"": """", ""confidence"": 0.9, ""rule_id"": ""tsya_soft_insert"", ""error_type"": ""spelling""}]","{""candidate_present"": true, ""candidate_rule_ids"": [""tsya_soft_insert""], ""carrier_sentence_hash"": ""be7d15d93136103c9e13b1f7"", ""clean_hash"": ""8f6e903afd2ad95b9d6da1dbe08960f8486b7d0c89aa7259f9c1d3a1eed9694a"", ""edit_operations"": [{""confidence"": 0.9, ""edit_type"": ""spelling_replace"", ""end"": 14, ""error_type"": ""spelling"", ""reason"": """", ""replacement"": ""вернуться"", ""rule_id"": ""tsya_soft_insert"", ""source"": ""вернутся"", ""start"": 6, ""status"": ""proposed""}], ""error_bearing_span"": [6, 14], ""error_form"": ""вернутся"", ""generation_strategy"": ""corpus_opportunity"", ""license_status"": ""Open Lenta.ru news dataset; verify terms before production."", ""normalized_pair_hash"": ""2e26c0a96503197a6364c486795ca17541c4b83749657e46bac2bdbcaf966c39"", ""original_clean_sentence"": ""Нужно вернуться к отчету. Вечером группа сверила даты.... позже редактор проверил запись меткагукза."", ""rule_ids"": [""tsya_soft_insert""], ""sentence_id"": ""4424:11"", ""source_doc_id"": ""https://lenta.ru/news/2000/02/21/spam/"", ""source_name"": ""lenta_news"", ""source_subcorpus"": ""Интернет и СМИ"", ""source_type"": ""synthetic_augmented_from_open_clean"", ""syntax_family"": ""tsya_tsya_context"", ""target_family"": ""tsya_soft_insert"", ""target_form"": ""вернуться"", ""template_id"": ""syntax_training_tsya_soft_insert""}",Нужно вернуться к отчету. Вечером группа сверила даты.,lenta_news,Интернет и СМИ,False,False,77b5c0374b635ccb9e94b959,77b5c0374b635ccb9e94b9594e333306079319e61e6bdbd3202b04ace1458478,"[""spelling""]",lenta_news,False,True,news,tsya_soft_insert,"[{""source"": ""вернутся"", ""replacement"": ""вернуться"", ""edit_type"": ""spelling_replace"", ""start"": 6, ""end"": 14, ""status"": ""proposed"", ""reason"": """", ""confidence"": 0.9, ""rule_id"": ""tsya_soft_insert"", ""error_type"": ""spelling""}]",rule:tsya_soft_insert
"Известно только что NASDAQ давно работает над проектом создания крупной биржи в Европе, где будет осуществлятся международная торговля ценными бумагами.","Известно только, что NASDAQ давно работает над проектом создания крупной биржи в Европе, где будет осуществляться международная торговля ценными бумагами.",train,synthetic_augmented_from_open_clean,punctuation,"[""tsya_soft_insert""]","[{""source"": ""осуществлятся"", ""replacement"": ""осуществляться"", ""edit_type"": ""spelling_replace"", ""start"": 98, ""end"": 111, ""status"": ""proposed"", ""reason"": """", ""confidence"": 0.9, ""rule_id"": ""tsya_soft_insert""}, {""source"": """", ""replacement"": "","", ""edit_type"": ""punctuation_insert"", ""start"": 15, ""end"": 15, ""status"": ""proposed"", ""reason"": """", ""confidence"": 0.85, ""rule_id"": ""tsya_soft_insert""}]","{""candidate_present"": true, ""candidate_rule_ids"": [""tsya_soft_insert""], ""carrier_sentence_hash"": ""8ddf074774215d3477b58f45"", ""clean_hash"": ""67adabd3f02607fa284140adc739cf43a5b0097242c075ad0519a5d1b370cb10"", ""error_bearing_span"": [98, 111], ""error_form"": ""осуществлятся"", ""generation_strategy"": ""corpus_opportunity"", ""license_status"": ""Open Lenta.ru news dataset; verify terms before production."", ""normalized_pair_hash"": ""5454751ac63d0c83cd495e8057a5a26ffd26c7e747d2145f17441a03f1dce3c4"", ""original_clean_sentence"": ""Известно только, что NASDAQ давно работает над проектом создания крупной биржи в Европе, где будет осуществляться международная торговля ценными бумагами."", ""rule_ids"": [""tsya_soft_insert""], ""sentence_id"": ""18192:4"", ""source_doc_id"": ""https://lenta.ru/news/2000/12/13/london/"", ""source_name"": ""lenta_news"", ""source_subcorpus"": ""Экономика"", ""source_type"": ""synthetic_augmented_from_open_clean"", ""synthetic_source_dataset"": ""synthetic_open_corpus_mixed"", ""target_family"": ""tsya_soft_insert"", ""target_form"": ""осуществляться""}","Известно только, что NASDAQ давно работает над проектом создания крупной биржи в Европе, где будет осуществляться международная торговля ценными бумагами.",lenta_news,Экономика,False,False,5454751ac63d0c83cd495e80,5454751ac63d0c83cd495e8057a5a26ffd26c7e747d2145f17441a03f1dce3c4,"[""punctuation"", ""spelling""]",lenta_news,False,True,news,tsya_soft_insert,"[{""source"": ""осуществлятся"", ""replacement"": ""осуществляться"", ""edit_type"": ""spelling_replace"", ""start"": 98, ""end"": 111, ""status"": ""proposed"", ""reason"": """", ""confidence"": 0.9, ""rule_id"": ""tsya_soft_insert""}, {""source"": """", ""replacement"": "","", ""edit_type"": ""punctuation_insert"", ""start"": 15, ""end"": 15, ""status"": ""proposed"", ""reason"": """", ""confidence"": 0.85, ""rule_id"": ""tsya_soft_insert""}]",rule:tsya_soft_insert
Нужно вернутся к отчету. Позже комиссия вернула письмо.... позже редактор проверил запись меткауплза.,Нужно вернуться к отчету. Позже комиссия вернула письмо.... позже редактор проверил запись меткауплза.,train,synthetic_augmented_from_open_clean,spelling,"[""tsya_soft_insert""]","[{""source"": ""вернутся"", ""replacement"": ""вернуться"", ""edit_type"": ""spelling_replace"", ""start"": 6, ""end"": 14, ""status"": ""proposed"", ""reason"": """", ""confidence"": 0.9, ""rule_id"": ""tsya_soft_insert"", ""error_type"": ""spelling""}]","{""candidate_present"": true, ""candidate_rule_ids"": [""tsya_soft_insert""], ""carrier_sentence_hash"": ""d2cb60e3837cd97b258c80b3"", ""clean_hash"": ""25b8352358191ec4564555a4ea986093122c270efdcdd15dd5f608019ec7f8fd"", ""edit_operations"": [{""confidence"": 0.9, ""edit_type"": ""spelling_replace"", ""end"": 14, ""error_type"": ""spelling"", ""reason"": """", ""replacement"": ""вернуться"", ""rule_id"": ""tsya_soft_insert"", ""source"": ""вернутся"", ""start"": 6, ""status"": ""proposed""}], ""error_bearing_span"": [6, 14], ""error_form"": ""вернутся"", ""generation_strategy"": ""corpus_opportunity"", ""license_status"": ""Open Lenta.ru news dataset; verify terms before production."", ""normalized_pair_hash"": ""9890804d0fd5507f683f9e55dfb653769b332c8f266bc51b7e63a1ab2995d034"", ""original_clean_sentence"": ""Нужно вернуться к отчету. Позже комиссия вернула письмо.... позже редактор проверил запись меткауплза."", ""rule_ids"": [""tsya_soft_insert""], ""sentence_id"": ""4595:11"", ""source_doc_id"": ""https://lenta.ru/news/2000/02/24/grammy/"", ""source_name"": ""lenta_news"", ""source_subcorpus"": ""Мир"", ""source_type"": ""synthetic_augmented_from_open_clean"", ""syntax_family"": ""tsya_tsya_context"", ""target_family"": ""tsya_soft_insert"", ""target_form"": ""вернуться"", ""template_id"": ""syntax_training_tsya_soft_insert""}",Нужно вернуться к отчету. Позже комиссия вернула письмо.,lenta_news,Мир,False,False,bd351050d58d2fba91bbbac1,bd351050d58d2fba91bbbac12adedb7f4f311b0f81661c5233065e135136c9af,"[""spelling""]",lenta_news,False,True,news,tsya_soft_insert,"[{""source"": ""вернутся"", ""replacement"": ""вернуться"", ""edit_type"": ""spelling_replace"", ""start"": 6, ""end"": 14, ""status"": ""proposed"", ""reason"": """", ""confidence"": 0.9, ""rule_id"": ""tsya_soft_insert"", ""error_type"": ""spelling""}]",rule:tsya_soft_insert
Документ готов но его нужно проверить. Утром комиссия открыла журнал.... позже редактор проверил запись меткапэива.,"Документ готов, но его нужно проверить. Утром комиссия открыла журнал.... позже редактор проверил запись меткапэива.",train,synthetic_augmented_from_open_clean,punctuation,"[""comma_conjunction""]","[{""source"": """", ""replacement"": "","", ""edit_type"": ""punctuation_insert"", ""start"": 14, ""end"": 14, ""status"": ""proposed"", ""reason"": """", ""confidence"": 0.84, ""rule_id"": ""comma_conjunction""}]","{""candidate_present"": true, ""candidate_rule_ids"": [""comma_conjunction""], ""carrier_sentence_hash"": ""804d5dfe6ce42815b693e5b4"", ""clean_hash"": ""17e78bd3e191c257665f6887bdc057beaeea045926f28c06446ba1d911559d8a"", ""error_bearing_span"": [14, 14], ""error_form"": """", ""generation_strategy"": ""fallback_natural_template"", ""license_status"": ""Nerus Lenta annotated corpus; verify terms before production."", ""normalized_pair_hash"": ""bf13550ae51d72e5a58c2e7108cf8b7b513646d64cdccd6b042edd986df98748"", ""original_clean_sentence"": ""Документ готов, но его нужно проверить. Утром комиссия открыла журнал.... позже редактор проверил запись меткапэива."", ""rule_ids"": [""comma_conjunction""], ""sentence_id"": ""41273"", ""source_doc_id"": ""3489"", ""source_name"": ""nerus_news"", ""source_subcorpus"": ""nerus_lenta"", ""source_type"": ""synthetic_augmented_from_open_clean"", ""target_family"": ""comma_conjunction"", ""target_form"": "","", ""template_id"": ""synthetic_targeted_comma_conjunction""}","Документ готов, но его нужно проверить. Утром комиссия открыла журнал.",nerus_news,nerus_lenta,False,False,804d5dfe6ce42815b693e5b4,804d5dfe6ce42815b693e5b417d5d82774eb34c611a646229aabbe89e80f78d8,"[""punctuation""]",nerus_news,False,True,news,comma_conjunction,"[{""source"": """", ""replacement"": "","", ""edit_type"": ""punctuation_insert"", ""start"": 14, ""end"": 14, ""status"": ""proposed"", ""reason"": """", ""confidence"": 0.84, ""rule_id"": ""comma_conjunction""}]",rule:comma_conjunction
План простой зато надежный. После встречи автор сверил ведомость.... позже редактор проверил запись меткааоква.,"План простой, зато надежный. После встречи автор сверил ведомость.... позже редактор проверил запись меткааоква.",train,synthetic_augmented_from_open_clean,punctuation,"[""comma_conjunction""]","[{""source"": """", ""replacement"": "","", ""edit_type"": ""punctuation_insert"", ""start"": 12, ""end"": 12, ""status"": ""proposed"", ""reason"": """", ""confidence"": 0.84, ""rule_id"": ""comma_conjunction""}]","{""candidate_present"": true, ""candidate_rule_ids"": [""comma_conjunction""], ""carrier_sentence_hash"": ""13cb2f7298b304253f5eb79b"", ""clean_hash"": ""7050e4d85551165ef1068fe2ab8b9d526e7bdea59f5aae6a46dddfb0c8f5fd43"", ""error_bearing_span"": [12, 12], ""error_form"": """", ""generation_strategy"": ""corpus_opportunity"", ""license_status"": ""Nerus Lenta annotated corpus; verify terms before production."", ""normalized_pair_hash"": ""2e575e2b514943ff51bedeeab58a8945a514dacef4057c291f7787849ffcbdad"", ""original_clean_sentence"": ""План простой, зато надежный. После встречи автор сверил ведомость.... позже редактор проверил запись меткааоква."", ""rule_ids"": [""comma_conjunction""], ""sentence_id"": ""42007"", ""source_doc_id"": ""3551"", ""source_name"": ""nerus_news"", ""source_subcorpus"": ""nerus_lenta"", ""source_type"": ""synthetic_augmented_from_open_clean"", ""target_family"": ""comma_conjunction"", ""target_form"": "","", ""template_id"": ""synthetic_targeted_comma_conjunction""}","План простой, зато надежный. После встречи автор сверил ведомость.",nerus_news,nerus_lenta,False,False,13cb2f7298b304253f5eb79b,13cb2f7298b304253f5eb79b98cac96befdad6a59612da526fa7124037032cef,"[""punctuation""]",nerus_news,False,True,news,comma_conjunction,"[{""source"": """", ""replacement"": "","", ""edit_type"": ""punctuation_insert"", ""start"": 12, ""end"": 12, ""status"": ""proposed"", ""reason"": """", ""confidence"": 0.84, ""rule_id"": ""comma_conjunction""}]",rule:comma_conjunction
"«Я сильный человек но представьте, если бы на моем месте была 15-летняя клиентка, которая пришла накраситься перед выпускным», — возмутилась Кейпелинг.","«Я сильный человек, но представьте, если бы на моем месте была 15-летняя клиентка, которая пришла накраситься перед выпускным», — возмутилась Кейпелинг.",train,synthetic_augmented_from_open_clean,punctuation,"[""comma_conjunction""]","[{""source"": """", ""replacement"": "","", ""edit_type"": ""punctuation_insert"", ""start"": 18, ""end"": 18, ""status"": ""proposed"", ""reason"": """", ""confidence"": 0.85, ""rule_id"": ""comma_conjunction""}]","{""candidate_present"": true, ""candidate_rule_ids"": [""comma_conjunction""], ""carrier_sentence_hash"": ""4f3006c1c6ec65fa355998b6"", ""clean_hash"": ""fcce52e33437d8638552ef5c39ab955edfd2c46f6700c11039fde4e5fde9a6b4"", ""error_bearing_span"": [18, 18], ""error_form"": """", ""generation_strategy"": ""corpus_opportunity"", ""license_status"": ""Nerus Lenta annotated corpus; verify terms before production."", ""normalized_pair_hash"": ""4f3006c1c6ec65fa355998b6e5517af562015c5efd6c2ee742eb4e7a8e2940b4"", ""original_clean_sentence"": ""«Я сильный человек, но представьте, если бы на моем месте была 15-летняя клиентка, которая пришла накраситься перед выпускным», — возмутилась Кейпелинг."", ""rule_ids"": [""comma_conjunction""], ""sentence_id"": ""41291"", ""source_doc_id"": ""3491"", ""source_name"": ""nerus_news"", ""source_subcorpus"": ""nerus_lenta"", ""source_type"": ""synthetic_augmented_from_open_clean"", ""synthetic_source_dataset"": ""synthetic_open_corpus_comma_conjunction"", ""target_family"": ""comma_conjunction"", ""target_form"": "",""}","«Я сильный человек, но представьте, если бы на моем месте была 15-летняя клиентка, которая пришла накраситься перед выпускным», — возмутилась Кейпелинг.",nerus_news,nerus_lenta,False,False,4f3006c1c6ec65fa355998b6,4f3006c1c6ec65fa355998b6e5517af562015c5efd6c2ee742eb4e7a8e2940b4,"[""punctuation""]",nerus_news,False,True,news,comma_conjunction,"[{""source"": """", ""replacement"": "","", ""edit_type"": ""punctuation_insert"", ""start"": 18, ""end"": 18, ""status"": ""proposed"", ""reason"": """", ""confidence"": 0.85, ""rule_id"": ""comma_conjunction""}]",rule:comma_conjunction
Автор торопился зато архивная запись сохранили вовремя. После проверки автор обновил протокол.... позже редактор проверил запись меткаинква.,"Автор торопился, зато архивная запись сохранили вовремя. После проверки автор обновил протокол.... позже редактор проверил запись меткаинква.",train,synthetic_augmented_from_open_clean,punctuation,"[""comma_conjunction""]","[{""source"": """", ""replacement"": "","", ""edit_type"": ""punctuation_insert"", ""start"": 15, ""end"": 15, ""status"": ""proposed"", ""reason"": """", ""confidence"": 0.84, ""rule_id"": ""comma_conjunction""}]","{""candidate_present"": true, ""candidate_rule_ids"": [""comma_conjunction""], ""carrier_sentence_hash"": ""277d73ac8bf2edc0d88bf15b"", ""clean_hash"": ""ca698cf121d982bdaf1bc662b6b99af870fec41392ba219d9e04ed8178693564"", ""error_bearing_span"": [15, 15], ""error_form"": """", ""generation_strategy"": ""fallback_natural_template"", ""license_status"": ""Nerus Lenta annotated corpus; verify terms before production."", ""normalized_pair_hash"": ""b69fe62b9967c92719e1fdf2eea749842e7d7e78defba15fc0e9ce2fe1ccf41c"", ""original_clean_sentence"": ""Автор торопился, зато архивная запись сохранили вовремя. После проверки автор обновил протокол.... позже редактор проверил запись меткаинква."", ""rule_ids"": [""comma_conjunction""], ""sentence_id"": ""41965"", ""source_doc_id"": ""3548"", ""source_name"": ""nerus_news"", ""source_subcorpus"": ""nerus_lenta"", ""source_type"": ""synthetic_augmented_from_open_clean"", ""target_family"": ""comma_conjunction"", ""target_form"": "","", ""template_id"": ""synthetic_targeted_comma_conjunction""}","Автор торопился, зато архивная запись сохранили вовремя. После проверки автор обновил протокол.",nerus_news,nerus_lenta,False,False,277d73ac8bf2edc0d88bf15b,277d73ac8bf2edc0d88bf15b76dc897aac15636dd43538111444b8fd1f101942,"[""punctuation""]",nerus_news,False,True,news,comma_conjunction,"[{""source"": """", ""replacement"": "","", ""edit_type"": ""punctuation_insert"", ""start"": 15, ""end"": 15, ""status"": ""proposed"", ""reason"": """", ""confidence"": 0.84, ""rule_id"": ""comma_conjunction""}]",rule:comma_conjunction
Комиссия собралась однако новый раздел еще проверяли. Утром редактор принял отчет.... позже редактор проверил запись метказщива.,"Комиссия собралась, однако новый раздел еще проверяли. Утром редактор принял отчет.... позже редактор проверил запись метказщива.",train,synthetic_augmented_from_open_clean,punctuation,"[""comma_conjunction""]","[{""source"": """", ""replacement"": "","", ""edit_type"": ""punctuation_insert"", ""start"": 18, ""end"": 18, ""status"": ""proposed"", ""reason"": """", ""confidence"": 0.84, ""rule_id"": ""comma_conjunction""}]","{""candidate_present"": true, ""candidate_rule_ids"": [""comma_conjunction""], ""carrier_sentence_hash"": ""d2d888c2c4012ac9e806d549"", ""clean_hash"": ""4f05ec92234720b399d26ff192454d6e603ed5b0617c7e7ff609ef5278956ce8"", ""error_bearing_span"": [18, 18], ""error_form"": """", ""generation_strategy"": ""corpus_opportunity"", ""license_status"": ""Nerus Lenta annotated corpus; verify terms before production."", ""normalized_pair_hash"": ""6a48f79604d636fabcf380a27edcff5c14e5eec57335920a0177c554f5e17253"", ""original_clean_sentence"": ""Комиссия собралась, однако новый раздел еще проверяли. Утром редактор принял отчет.... позже редактор проверил запись метказщива."", ""rule_ids"": [""comma_conjunction""], ""sentence_id"": ""41220"", ""source_doc_id"": ""3485"", ""source_name"": ""nerus_news"", ""source_subcorpus"": ""nerus_lenta"", ""source_type"": ""synthetic_augmented_from_open_clean"", ""target_family"": ""comma_conjunction"", ""target_form"": "","", ""template_id"": ""synthetic_targeted_comma_conjunction""}","Комиссия собралась, однако новый раздел еще проверяли. Утром редактор принял отчет.",nerus_news,nerus_lenta,False,False,d2d888c2c4012ac9e806d549,d2d888c2c4012ac9e806d5493b2ce62b1fd0ea0f7691d3929a06cd5bcad38463,"[""punctuation""]",nerus_news,False,True,news,comma_conjunction,"[{""source"": """", ""replacement"": "","", ""edit_type"": ""punctuation_insert"", ""start"": 18, ""end"": 18, ""status"": ""proposed"", ""reason"": """", ""confidence"": 0.84, ""rule_id"": ""comma_conjunction""}]",rule:comma_conjunction
Мы пришли но встреча уже закончилась. Вечером координатор открыл список.... позже редактор проверил запись меткацллва.,"Мы пришли, но встреча уже закончилась. Вечером координатор открыл список.... позже редактор проверил запись меткацллва.",train,synthetic_augmented_from_open_clean,punctuation,"[""comma_conjunction""]","[{""source"": """", ""replacement"": "","", ""edit_type"": ""punctuation_insert"", ""start"": 9, ""end"": 9, ""status"": ""proposed"", ""reason"": """", ""confidence"": 0.84, ""rule_id"": ""comma_conjunction""}]","{""candidate_present"": true, ""candidate_rule_ids"": [""comma_conjunction""], ""carrier_sentence_hash"": ""6e8fb0c48fe84c3c7d7a66b6"", ""clean_hash"": ""8f48c20e049ceec4ec5587faccf56ed2fe24f7ec56adea4f49c8fbd3e51ff879"", ""error_bearing_span"": [9, 9], ""error_form"": """", ""generation_strategy"": ""corpus_opportunity"", ""license_status"": ""Nerus Lenta annotated corpus; verify terms before production."", ""normalized_pair_hash"": ""42bf770daadc2f5ced2805f6982393754f24ac7e79a14b195e8fcb8c7c1ecd56"", ""original_clean_sentence"": ""Мы пришли, но встреча уже закончилась. Вечером координатор открыл список.... позже редактор проверил запись меткацллва."", ""rule_ids"": [""comma_conjunction""], ""sentence_id"": ""43190"", ""source_doc_id"": ""3648"", ""source_name"": ""nerus_news"", ""source_subcorpus"": ""nerus_lenta"", ""source_type"": ""synthetic_augmented_from_open_clean"", ""target_family"": ""comma_conjunction"", ""target_form"": "","", ""template_id"": ""synthetic_targeted_comma_conjunction""}","Мы пришли, но встреча уже закончилась. Вечером координатор открыл список.",nerus_news,nerus_lenta,False,False,6e8fb0c48fe84c3c7d7a66b6,6e8fb0c48fe84c3c7d7a66b6e97d6b5c4d149400746feb8a730a80aca164b597,"[""punctuation""]",nerus_news,False,True,news,comma_conjunction,"[{""source"": """", ""replacement"": "","", ""edit_type"": ""punctuation_insert"", ""start"": 9, ""end"": 9, ""status"": ""proposed"", ""reason"": """", ""confidence"": 0.84, ""rule_id"": ""comma_conjunction""}]",rule:comma_conjunction
Редактор ждал а плановая встреча оставался в архиве. Затем отдел проверил приказ.... позже редактор проверил запись меткауглва.,"Редактор ждал, а плановая встреча оставался в архиве. Затем отдел проверил приказ.... позже редактор проверил запись меткауглва.",train,synthetic_augmented_from_open_clean,punctuation,"[""comma_conjunction""]","[{""source"": """", ""replacement"": "","", ""edit_type"": ""punctuation_insert"", ""start"": 13, ""end"": 13, ""status"": ""proposed"", ""reason"": """", ""confidence"": 0.84, ""rule_id"": ""comma_conjunction""}]","{""candidate_present"": true, ""candidate_rule_ids"": [""comma_conjunction""], ""carrier_sentence_hash"": ""c73436f2077dd03c73a045c2"", ""clean_hash"": ""ae55a44db7f6a140cf95333925347852ab8e3de6f2faf47ca92b985db58f5f62"", ""error_bearing_span"": [13, 13], ""error_form"": """", ""generation_strategy"": ""corpus_opportunity"", ""license_status"": ""Nerus Lenta annotated corpus; verify terms before production."", ""normalized_pair_hash"": ""169473d1afafe6c9447d701885ee280ea66b9373e8f3400afbf2ee5db6dc733d"", ""original_clean_sentence"": ""Редактор ждал, а плановая встреча оставался в архиве. Затем отдел проверил приказ.... позже редактор проверил запись меткауглва."", ""rule_ids"": [""comma_conjunction""], ""sentence_id"": ""42853"", ""source_doc_id"": ""3622"", ""source_name"": ""nerus_news"", ""source_subcorpus"": ""nerus_lenta"", ""source_type"": ""synthetic_augmented_from_open_clean"", ""target_family"": ""comma_conjunction"", ""target_form"": "","", ""template_id"": ""synthetic_targeted_comma_conjunction""}","Редактор ждал, а плановая встреча оставался в архиве. Затем отдел проверил приказ.",nerus_news,nerus_lenta,False,False,c73436f2077dd03c73a045c2,c73436f2077dd03c73a045c228a7333d42958fb7ebbf19bf3d48380316da6d78,"[""punctuation""]",nerus_news,False,True,news,comma_conjunction,"[{""source"": """", ""replacement"": "","", ""edit_type"": ""punctuation_insert"", ""start"": 13, ""end"": 13, ""status"": ""proposed"", ""reason"": """", ""confidence"": 0.84, ""rule_id"": ""comma_conjunction""}]",rule:comma_conjunction
"Согласно сообщению администрации Timehop не сохраняет профили пользователей или их копии а также удаляет всю информацию после того, как юзер ее просматривает.","Согласно сообщению администрации Timehop не сохраняет профили пользователей или их копии, а также удаляет всю информацию после того, как юзер ее просматривает.",train,synthetic_augmented_from_open_clean,punctuation,"[""comma_conjunction""]","[{""source"": """", ""replacement"": "","", ""edit_type"": ""punctuation_insert"", ""start"": 88, ""end"": 88, ""status"": ""proposed"", ""reason"": """", ""confidence"": 0.85, ""rule_id"": ""comma_conjunction""}]","{""candidate_present"": true, ""candidate_rule_ids"": [""comma_conjunction""], ""carrier_sentence_hash"": ""9e52a23d40801004616cb7bd"", ""clean_hash"": ""2fd4f342a82752c0c2c1508343f87ddb4e281dc5175d0c08a85043f666c222bb"", ""error_bearing_span"": [88, 88], ""error_form"": """", ""generation_strategy"": ""corpus_opportunity"", ""license_status"": ""Nerus Lenta annotated corpus; verify terms before production."", ""normalized_pair_hash"": ""9e52a23d40801004616cb7bd5f061dc219701295a29e6a32e63d37eca76971b7"", ""original_clean_sentence"": ""Согласно сообщению администрации Timehop не сохраняет профили пользователей или их копии, а также удаляет всю информацию после того, как юзер ее просматривает."", ""rule_ids"": [""comma_conjunction""], ""sentence_id"": ""234240"", ""source_doc_id"": ""19840"", ""source_name"": ""nerus_news"", ""source_subcorpus"": ""nerus_lenta"", ""source_type"": ""synthetic_augmented_from_open_clean"", ""synthetic_source_dataset"": ""synthetic_open_corpus_comma_conjunction"", ""target_family"": ""comma_conjunction"", ""target_form"": "",""}","Согласно сообщению администрации Timehop не сохраняет профили пользователей или их копии, а также удаляет всю информацию после того, как юзер ее просматривает.",nerus_news,nerus_lenta,False,False,9e52a23d40801004616cb7bd,9e52a23d40801004616cb7bd5f061dc219701295a29e6a32e63d37eca76971b7,"[""punctuation""]",nerus_news,False,True,news,comma_conjunction,"[{""source"": """", ""replacement"": "","", ""edit_type"": ""punctuation_insert"", ""start"": 88, ""end"": 88, ""status"": ""proposed"", ""reason"": """", ""confidence"": 0.85, ""rule_id"": ""comma_conjunction""}]",rule:comma_conjunction
рабочая группа готов но требует подписи. Вечером архивариус нашел копию.... позже редактор проверил запись меткакшлва.,"рабочая группа готов, но требует подписи. Вечером архивариус нашел копию.... позже редактор проверил запись меткакшлва.",train,synthetic_augmented_from_open_clean,punctuation,"[""comma_conjunction""]","[{""source"": """", ""replacement"": "","", ""edit_type"": ""punctuation_insert"", ""start"": 20, ""end"": 20, ""status"": ""proposed"", ""reason"": """", ""confidence"": 0.84, ""rule_id"": ""comma_conjunction""}]","{""candidate_present"": true, ""candidate_rule_ids"": [""comma_conjunction""], ""carrier_sentence_hash"": ""a96da11c11f3e562bcf0c140"", ""clean_hash"": ""2db4a56af0146f370e7c4b1d5b6da38c70a18620a372d4b7c06549d859f49ced"", ""error_bearing_span"": [20, 20], ""error_form"": """", ""generation_strategy"": ""corpus_opportunity"", ""license_status"": ""Nerus Lenta annotated corpus; verify terms before production."", ""normalized_pair_hash"": ""a4517cbb6d9c9ffee69bba86998bb05a8ba9758c850fbc41cf5d5c51684a1293"", ""original_clean_sentence"": ""рабочая группа готов, но требует подписи. Вечером архивариус нашел копию.... позже редактор проверил запись меткакшлва."", ""rule_ids"": [""comma_conjunction""], ""sentence_id"": ""43782"", ""source_doc_id"": ""3695"", ""source_name"": ""nerus_news"", ""source_subcorpus"": ""nerus_lenta"", ""source_type"": ""synthetic_augmented_from_open_clean"", ""target_family"": ""comma_conjunction"", ""target_form"": "","", ""template_id"": ""synthetic_targeted_comma_conjunction""}","рабочая группа готов, но требует подписи. Вечером архивариус нашел копию.",nerus_news,nerus_lenta,False,False,a96da11c11f3e562bcf0c140,a96da11c11f3e562bcf0c140c57f88144c7bb44edcda97450d3158f28033ddee,"[""punctuation""]",nerus_news,False,True,news,comma_conjunction,"[{""source"": """", ""replacement"": "","", ""edit_type"": ""punctuation_insert"", ""start"": 20, ""end"": 20, ""status"": ""proposed"", ""reason"": """", ""confidence"": 0.84, ""rule_id"": ""comma_conjunction""}]",rule:comma_conjunction
Редактор ждал а утренний выпуск оставался в архиве. После встречи редактор сохранил таблицу..,"Редактор ждал, а утренний выпуск оставался в архиве. После встречи редактор сохранил таблицу..",train,synthetic_augmented_from_open_clean,punctuation,"[""comma_conjunction""]","[{""source"": """", ""replacement"": "","", ""edit_type"": ""punctuation_insert"", ""start"": 13, ""end"": 13, ""status"": ""proposed"", ""reason"": """", ""confidence"": 0.84, ""rule_id"": ""comma_conjunction""}]","{""candidate_present"": true, ""candidate_rule_ids"": [""comma_conjunction""], ""carrier_sentence_hash"": ""7242bc557150d46bc2e6612c"", ""clean_hash"": ""0b046bdcc3def05d412d13ae32154edf92b7d816a12ec59c4fe5e3c997079951"", ""error_bearing_span"": [13, 13], ""error_form"": """", ""generation_strategy"": ""corpus_opportunity"", ""license_status"": ""Nerus Lenta annotated corpus; verify terms before production."", ""normalized_pair_hash"": ""7242bc557150d46bc2e6612ca2dd38cc151af8359013d5ce2ddef17ed7da41d2"", ""original_clean_sentence"": ""Редактор ждал, а утренний выпуск оставался в архиве. После встречи редактор сохранил таблицу. ????? ???????? ???????? ???????? ???."", ""rule_ids"": [""comma_conjunction""], ""sentence_id"": ""40552"", ""source_doc_id"": ""3428"", ""source_name"": ""nerus_news"", ""source_subcorpus"": ""nerus_lenta"", ""source_type"": ""synthetic_augmented_from_open_clean"", ""target_family"": ""comma_conjunction"", ""target_form"": "","", ""template_id"": ""synthetic_targeted_comma_conjunction""}","Редактор ждал, а утренний выпуск оставался в архиве. После встречи редактор сохранил таблицу.",nerus_news,nerus_lenta,False,False,7242bc557150d46bc2e6612c,7242bc557150d46bc2e6612ca2dd38cc151af8359013d5ce2ddef17ed7da41d2,"[""punctuation""]",nerus_news,False,True,news,comma_conjunction,"[{""source"": """", ""replacement"": "","", ""edit_type"": ""punctuation_insert"", ""start"": 13, ""end"": 13, ""status"": ""proposed"", ""reason"": """", ""confidence"": 0.84, ""rule_id"": ""comma_conjunction""}]",rule:comma_conjunction
Комиссия собралась однако длинная запись еще проверяли. После проверки комиссия отправила ответ.... позже редактор проверил запись меткафслва.,"Комиссия собралась, однако длинная запись еще проверяли. После проверки комиссия отправила ответ.... позже редактор проверил запись меткафслва.",train,synthetic_augmented_from_open_clean,punctuation,"[""comma_conjunction""]","[{""source"": """", ""replacement"": "","", ""edit_type"": ""punctuation_insert"", ""start"": 18, ""end"": 18, ""status"": ""proposed"", ""reason"": """", ""confidence"": 0.84, ""rule_id"": ""comma_conjunction""}]","{""candidate_present"": true, ""candidate_rule_ids"": [""comma_conjunction""], ""carrier_sentence_hash"": ""e0b106a12e94525d4b090bee"", ""clean_hash"": ""d190be998ac0dded140b3f121eb998870d24bf0156bb9bf1598d4397a2902bce"", ""error_bearing_span"": [18, 18], ""error_form"": """", ""generation_strategy"": ""corpus_opportunity"", ""license_status"": ""Nerus Lenta annotated corpus; verify terms before production."", ""normalized_pair_hash"": ""3f3e94f5e3d921555e836ed6e96078b243cfe48217a9125671bebf6c8a372ebf"", ""original_clean_sentence"": ""Комиссия собралась, однако длинная запись еще проверяли. После проверки комиссия отправила ответ.... позже редактор проверил запись меткафслва."", ""rule_ids"": [""comma_conjunction""], ""sentence_id"": ""43464"", ""source_doc_id"": ""3669"", ""source_name"": ""nerus_news"", ""source_subcorpus"": ""nerus_lenta"", ""source_type"": ""synthetic_augmented_from_open_clean"", ""target_family"": ""comma_conjunction"", ""target_form"": "","", ""template_id"": ""synthetic_targeted_comma_conjunction""}","Комиссия собралась, однако длинная запись еще проверяли. После проверки комиссия отправила ответ.",nerus_news,nerus_lenta,False,False,e0b106a12e94525d4b090bee,e0b106a12e94525d4b090bee1a33080361e1f7cb137a7e4d69e914779cc2e88c,"[""punctuation""]",nerus_news,False,True,news,comma_conjunction,"[{""source"": """", ""replacement"": "","", ""edit_type"": ""punctuation_insert"", ""start"": 18, ""end"": 18, ""status"": ""proposed"", ""reason"": """", ""confidence"": 0.84, ""rule_id"": ""comma_conjunction""}]",rule:comma_conjunction
«Это должно измениться но я направляю военных для [решения] этой национальной чрезвычайной ситуации.,"«Это должно измениться, но я направляю военных для [решения] этой национальной чрезвычайной ситуации.",train,synthetic_augmented_from_open_clean,punctuation,"[""comma_conjunction""]","[{""source"": """", ""replacement"": "","", ""edit_type"": ""punctuation_insert"", ""start"": 22, ""end"": 22, ""status"": ""proposed"", ""reason"": """", ""confidence"": 0.85, ""rule_id"": ""comma_conjunction""}]","{""candidate_present"": true, ""candidate_rule_ids"": [""comma_conjunction""], ""carrier_sentence_hash"": ""f8bfb1108f40823218a44d34"", ""clean_hash"": ""904cb873a49069871a01ceec467d4b04dfcf88ceaa12113bb774c19f1e08be79"", ""error_bearing_span"": [22, 22], ""error_form"": """", ""generation_strategy"": ""corpus_opportunity"", ""license_status"": ""Nerus Lenta annotated corpus; verify terms before production."", ""normalized_pair_hash"": ""f8bfb1108f40823218a44d34c3fd7a88b6f8131c4d4151ce72b4dccb3e8ad9c5"", ""original_clean_sentence"": ""«Это должно измениться, но я направляю военных для [решения] этой национальной чрезвычайной ситуации."", ""rule_ids"": [""comma_conjunction""], ""sentence_id"": ""78499"", ""source_doc_id"": ""6617"", ""source_name"": ""nerus_news"", ""source_subcorpus"": ""nerus_lenta"", ""source_type"": ""synthetic_augmented_from_open_clean"", ""synthetic_source_dataset"": ""synthetic_open_corpus_comma_conjunction"", ""target_family"": ""comma_conjunction"", ""target_form"": "",""}","«Это должно измениться, но я направляю военных для [решения] этой национальной чрезвычайной ситуации.",nerus_news,nerus_lenta,False,False,f8bfb1108f40823218a44d34,f8bfb1108f40823218a44d34c3fd7a88b6f8131c4d4151ce72b4dccb3e8ad9c5,"[""punctuation""]",nerus_news,False,True,news,comma_conjunction,"[{""source"": """", ""replacement"": "","", ""edit_type"": ""punctuation_insert"", ""start"": 22, ""end"": 22, ""status"": ""proposed"", ""reason"": """", ""confidence"": 0.85, ""rule_id"": ""comma_conjunction""}]",rule:comma_conjunction
Команда ждала а руководитель уточнял сроки. После обеда координатор принял протокол.... позже редактор проверил запись меткамэква.,"Команда ждала, а руководитель уточнял сроки. После обеда координатор принял протокол.... позже редактор проверил запись меткамэква.",train,synthetic_augmented_from_open_clean,punctuation,"[""comma_conjunction""]","[{""source"": """", ""replacement"": "","", ""edit_type"": ""punctuation_insert"", ""start"": 13, ""end"": 13, ""status"": ""proposed"", ""reason"": """", ""confidence"": 0.84, ""rule_id"": ""comma_conjunction""}]","{""candidate_present"": true, ""candidate_rule_ids"": [""comma_conjunction""], ""carrier_sentence_hash"": ""7f447f1d4212cbf9a7858828"", ""clean_hash"": ""c394a2a1fb0f355943dbd3b540ee5809de628dee4750d89a8f766298436a7cf2"", ""error_bearing_span"": [13, 13], ""error_form"": """", ""generation_strategy"": ""fallback_natural_template"", ""license_status"": ""Nerus Lenta annotated corpus; verify terms before production."", ""normalized_pair_hash"": ""01e3589baa11d8bad04a56f6e64aea27ab620b818e9c1dc17d05de5099559c4a"", ""original_clean_sentence"": ""Команда ждала, а руководитель уточнял сроки. После обеда координатор принял протокол.... позже редактор проверил запись меткамэква."", ""rule_ids"": [""comma_conjunction""], ""sentence_id"": ""42569"", ""source_doc_id"": ""3598"", ""source_name"": ""nerus_news"", ""source_subcorpus"": ""nerus_lenta"", ""source_type"": ""synthetic_augmented_from_open_clean"", ""target_family"": ""comma_conjunction"", ""target_form"": "","", ""template_id"": ""synthetic_targeted_comma_conjunction""}","Команда ждала, а руководитель уточнял сроки. После обеда координатор принял протокол.",nerus_news,nerus_lenta,False,False,7f447f1d4212cbf9a7858828,7f447f1d4212cbf9a7858828d48f84baa9d375e9e6a60e7b461e3ea68f968a9f,"[""punctuation""]",nerus_news,False,True,news,comma_conjunction,"[{""source"": """", ""replacement"": "","", ""edit_type"": ""punctuation_insert"", ""start"": 13, ""end"": 13, ""status"": ""proposed"", ""reason"": """", ""confidence"": 0.84, ""rule_id"": ""comma_conjunction""}]",rule:comma_conjunction
Мы пришли но встреча уже закончилась. После обеда комиссия уточнила вывод.... позже редактор проверил запись меткаеплва.,"Мы пришли, но встреча уже закончилась. После обеда комиссия уточнила вывод.... позже редактор проверил запись меткаеплва.",train,synthetic_augmented_from_open_clean,punctuation,"[""comma_conjunction""]","[{""source"": """", ""replacement"": "","", ""edit_type"": ""punctuation_insert"", ""start"": 9, ""end"": 9, ""status"": ""proposed"", ""reason"": """", ""confidence"": 0.84, ""rule_id"": ""comma_conjunction""}]","{""candidate_present"": true, ""candidate_rule_ids"": [""comma_conjunction""], ""carrier_sentence_hash"": ""4cd561414b05bc58f1ca3ac2"", ""clean_hash"": ""3adcb1e5bd8705bbc85358fae763c8fd8c3bc867af428d3e40435c99af898f9d"", ""error_bearing_span"": [9, 9], ""error_form"": """", ""generation_strategy"": ""corpus_opportunity"", ""license_status"": ""Nerus Lenta annotated corpus; verify terms before production."", ""normalized_pair_hash"": ""d300b1e8cd0164a52c421d0412961578bceb98ee7b501b1ee2ac553b889f6ea2"", ""original_clean_sentence"": ""Мы пришли, но встреча уже закончилась. После обеда комиссия уточнила вывод.... позже редактор проверил запись меткаеплва."", ""rule_ids"": [""comma_conjunction""], ""sentence_id"": ""43347"", ""source_doc_id"": ""3660"", ""source_name"": ""nerus_news"", ""source_subcorpus"": ""nerus_lenta"", ""source_type"": ""synthetic_augmented_from_open_clean"", ""target_family"": ""comma_conjunction"", ""target_form"": "","", ""template_id"": ""synthetic_targeted_comma_conjunction""}","Мы пришли, но встреча уже закончилась. После обеда комиссия уточнила вывод.",nerus_news,nerus_lenta,False,False,4cd561414b05bc58f1ca3ac2,4cd561414b05bc58f1ca3ac2521df4b1331a95e1d9e8f0d04ef98b7236c4a0d7,"[""punctuation""]",nerus_news,False,True,news,comma_conjunction,"[{""source"": """", ""replacement"": "","", ""edit_type"": ""punctuation_insert"", ""start"": 9, ""end"": 9, ""status"": ""proposed"", ""reason"": """", ""confidence"": 0.84, ""rule_id"": ""comma_conjunction""}]",rule:comma_conjunction
свежая сводка готов но требует подписи. Вечером аналитик сверил письмо.... позже редактор проверил запись меткакфлва.,"свежая сводка готов, но требует подписи. Вечером аналитик сверил письмо.... позже редактор проверил запись меткакфлва.",train,synthetic_augmented_from_open_clean,punctuation,"[""comma_conjunction""]","[{""source"": """", ""replacement"": "","", ""edit_type"": ""punctuation_insert"", ""start"": 19, ""end"": 19, ""status"": ""proposed"", ""reason"": """", ""confidence"": 0.84, ""rule_id"": ""comma_conjunction""}]","{""candidate_present"": true, ""candidate_rule_ids"": [""comma_conjunction""], ""carrier_sentence_hash"": ""82240cd958b29f4ef83039f7"", ""clean_hash"": ""c180011c3834e5832bf8e363273691a4e29c650d892b98a4b3a8cea76b6c6696"", ""error_bearing_span"": [19, 19], ""error_form"": """", ""generation_strategy"": ""corpus_opportunity"", ""license_status"": ""Nerus Lenta annotated corpus; verify terms before production."", ""normalized_pair_hash"": ""a1376bdd71ce6a13bc4ac47448883b166c8e5ceede0eaa9d17c8597f1a66b997"", ""original_clean_sentence"": ""свежая сводка готов, но требует подписи. Вечером аналитик сверил письмо.... позже редактор проверил запись меткакфлва."", ""rule_ids"": [""comma_conjunction""], ""sentence_id"": ""43584"", ""source_doc_id"": ""3678"", ""source_name"": ""nerus_news"", ""source_subcorpus"": ""nerus_lenta"", ""source_type"": ""synthetic_augmented_from_open_clean"", ""target_family"": ""comma_conjunction"", ""target_form"": "","", ""template_id"": ""synthetic_targeted_comma_conjunction""}","свежая сводка готов, но требует подписи. Вечером аналитик сверил письмо.",nerus_news,nerus_lenta,False,False,82240cd958b29f4ef83039f7,82240cd958b29f4ef83039f78638b7ba8b556acfc834e0781bebf084bd846ea4,"[""punctuation""]",nerus_news,False,True,news,comma_conjunction,"[{""source"": """", ""replacement"": "","", ""edit_type"": ""punctuation_insert"", ""start"": 19, ""end"": 19, ""status"": ""proposed"", ""reason"": """", ""confidence"": 0.84, ""rule_id"": ""comma_conjunction""}]",rule:comma_conjunction
точный план готов но требует подписи. Позже группа обсудила договор.... позже редактор проверил запись меткакилва.,"точный план готов, но требует подписи. Позже группа обсудила договор.... позже редактор проверил запись меткакилва.",train,synthetic_augmented_from_open_clean,punctuation,"[""comma_conjunction""]","[{""source"": """", ""replacement"": "","", ""edit_type"": ""punctuation_insert"", ""start"": 17, ""end"": 17, ""status"": ""proposed"", ""reason"": """", ""confidence"": 0.84, ""rule_id"": ""comma_conjunction""}]","{""candidate_present"": true, ""candidate_rule_ids"": [""comma_conjunction""], ""carrier_sentence_hash"": ""1f67cf332dcc4dbd6e445de5"", ""clean_hash"": ""959d2a6f81d04865f427c6b26738d59d7669af2dc39a83acc6fd6d584876fc56"", ""error_bearing_span"": [17, 17], ""error_form"": """", ""generation_strategy"": ""corpus_opportunity"", ""license_status"": ""Nerus Lenta annotated corpus; verify terms before production."", ""normalized_pair_hash"": ""007d55dfa2fb5af5e3b3596060b89b1023ec9a299100fd4ff3e4a4376f19de64"", ""original_clean_sentence"": ""точный план готов, но требует подписи. Позже группа обсудила договор.... позже редактор проверил запись меткакилва."", ""rule_ids"": [""comma_conjunction""], ""sentence_id"": ""43076"", ""source_doc_id"": ""3638"", ""source_name"": ""nerus_news"", ""source_subcorpus"": ""nerus_lenta"", ""source_type"": ""synthetic_augmented_from_open_clean"", ""target_family"": ""comma_conjunction"", ""target_form"": "","", ""template_id"": ""synthetic_targeted_comma_conjunction""}","точный план готов, но требует подписи. Позже группа обсудила договор.",nerus_news,nerus_lenta,False,False,1f67cf332dcc4dbd6e445de5,1f67cf332dcc4dbd6e445de59159f85ed990d87187f0366be56d22f8e59dc451,"[""punctuation""]",nerus_news,False,True,news,comma_conjunction,"[{""source"": """", ""replacement"": "","", ""edit_type"": ""punctuation_insert"", ""start"": 17, ""end"": 17, ""status"": ""proposed"", ""reason"": """", ""confidence"": 0.84, ""rule_id"": ""comma_conjunction""}]",rule:comma_conjunction
План простой зато надежный. Утром группа закрыла протокол.... позже редактор проверил запись меткаселва.,"План простой, зато надежный. Утром группа закрыла протокол.... позже редактор проверил запись меткаселва.",train,synthetic_augmented_from_open_clean,punctuation,"[""comma_conjunction""]","[{""source"": """", ""replacement"": "","", ""edit_type"": ""punctuation_insert"", ""start"": 12, ""end"": 12, ""status"": ""proposed"", ""reason"": """", ""confidence"": 0.84, ""rule_id"": ""comma_conjunction""}]","{""candidate_present"": true, ""candidate_rule_ids"": [""comma_conjunction""], ""carrier_sentence_hash"": ""f77b5228b8aa89c8a8725180"", ""clean_hash"": ""903f0aa50e84b779a6e6832530574415dc761c089db573537ca4ae919a722c98"", ""error_bearing_span"": [12, 12], ""error_form"": """", ""generation_strategy"": ""corpus_opportunity"", ""license_status"": ""Nerus Lenta annotated corpus; verify terms before production."", ""normalized_pair_hash"": ""368d27e48cae4e1e417c2ba038d6dc6828660647761c14438a421b2a8d21a3f3"", ""original_clean_sentence"": ""План простой, зато надежный. Утром группа закрыла протокол.... позже редактор проверил запись меткаселва."", ""rule_ids"": [""comma_conjunction""], ""sentence_id"": ""42962"", ""source_doc_id"": ""3629"", ""source_name"": ""nerus_news"", ""source_subcorpus"": ""nerus_lenta"", ""source_type"": ""synthetic_augmented_from_open_clean"", ""target_family"": ""comma_conjunction"", ""target_form"": "","", ""template_id"": ""synthetic_targeted_comma_conjunction""}","План простой, зато надежный. Утром группа закрыла протокол.",nerus_news,nerus_lenta,False,False,f77b5228b8aa89c8a8725180,f77b5228b8aa89c8a87251807308ae5d75aac93fb7ce215e516887cb31c156f6,"[""punctuation""]",nerus_news,False,True,news,comma_conjunction,"[{""source"": """", ""replacement"": "","", ""edit_type"": ""punctuation_insert"", ""start"": 12, ""end"": 12, ""status"": ""proposed"", ""reason"": """", ""confidence"": 0.84, ""rule_id"": ""comma_conjunction""}]",rule:comma_conjunction
Редактор ждал а рабочая группа оставался в архиве. Затем отдел подготовил справку.... позже редактор проверил запись меткалшлва.,"Редактор ждал, а рабочая группа оставался в архиве. Затем отдел подготовил справку.... позже редактор проверил запись меткалшлва.",train,synthetic_augmented_from_open_clean,punctuation,"[""comma_conjunction""]","[{""source"": """", ""replacement"": "","", ""edit_type"": ""punctuation_insert"", ""start"": 13, ""end"": 13, ""status"": ""proposed"", ""reason"": """", ""confidence"": 0.84, ""rule_id"": ""comma_conjunction""}]","{""candidate_present"": true, ""candidate_rule_ids"": [""comma_conjunction""], ""carrier_sentence_hash"": ""cdf76546b0b7bb6e07cbd1af"", ""clean_hash"": ""6f2a9825324019640501ceb9f5a10a51f32e61606fc6098b2a9d3977f2f58fe2"", ""error_bearing_span"": [13, 13], ""error_form"": """", ""generation_strategy"": ""corpus_opportunity"", ""license_status"": ""Nerus Lenta annotated corpus; verify terms before production."", ""normalized_pair_hash"": ""c07a6e85055c1befcccc5ecb8640ff33cd4636b5cd6e9de6bc627a24892d90d7"", ""original_clean_sentence"": ""Редактор ждал, а рабочая группа оставался в архиве. Затем отдел подготовил справку.... позже редактор проверил запись меткалшлва."", ""rule_ids"": [""comma_conjunction""], ""sentence_id"": ""43784"", ""source_doc_id"": ""3695"", ""source_name"": ""nerus_news"", ""source_subcorpus"": ""nerus_lenta"", ""source_type"": ""synthetic_augmented_from_open_clean"", ""target_family"": ""comma_conjunction"", ""target_form"": "","", ""template_id"": ""synthetic_targeted_comma_conjunction""}","Редактор ждал, а рабочая группа оставался в архиве. Затем отдел подготовил справку.",nerus_news,nerus_lenta,False,False,cdf76546b0b7bb6e07cbd1af,cdf76546b0b7bb6e07cbd1af957317992db999464e38566be208ffa20a4983e7,"[""punctuation""]",nerus_news,False,True,news,comma_conjunction,"[{""source"": """", ""replacement"": "","", ""edit_type"": ""punctuation_insert"", ""start"": 13, ""end"": 13, ""status"": ""proposed"", ""reason"": """", ""confidence"": 0.84, ""rule_id"": ""comma_conjunction""}]",rule:comma_conjunction
Автор торопился зато городская служба сохранили вовремя. Затем эксперт сверил данные.... позже редактор проверил запись меткаиеква.,"Автор торопился, зато городская служба сохранили вовремя. Затем эксперт сверил данные.... позже редактор проверил запись меткаиеква.",train,synthetic_augmented_from_open_clean,punctuation,"[""comma_conjunction""]","[{""source"": """", ""replacement"": "","", ""edit_type"": ""punctuation_insert"", ""start"": 15, ""end"": 15, ""status"": ""proposed"", ""reason"": """", ""confidence"": 0.84, ""rule_id"": ""comma_conjunction""}]","{""candidate_present"": true, ""candidate_rule_ids"": [""comma_conjunction""], ""carrier_sentence_hash"": ""39a4bcbadeb4cdd9090e0728"", ""clean_hash"": ""843690febedf69f8e773c68f2a8a0342aefec8572c5b62b0453e7241e483b2c9"", ""error_bearing_span"": [15, 15], ""error_form"": """", ""generation_strategy"": ""corpus_opportunity"", ""license_status"": ""Nerus Lenta annotated corpus; verify terms before production."", ""normalized_pair_hash"": ""34b66f0bbdfdd608973672a75ee215ebb22454704345eee5dd486002d77fca42"", ""original_clean_sentence"": ""Автор торопился, зато городская служба сохранили вовремя. Затем эксперт сверил данные.... позже редактор проверил запись меткаиеква."", ""rule_ids"": [""comma_conjunction""], ""sentence_id"": ""41617"", ""source_doc_id"": ""3517"", ""source_name"": ""nerus_news"", ""source_subcorpus"": ""nerus_lenta"", ""source_type"": ""synthetic_augmented_from_open_clean"", ""target_family"": ""comma_conjunction"", ""target_form"": "","", ""template_id"": ""synthetic_targeted_comma_conjunction""}","Автор торопился, зато городская служба сохранили вовремя. Затем эксперт сверил данные.",nerus_news,nerus_lenta,False,False,39a4bcbadeb4cdd9090e0728,39a4bcbadeb4cdd9090e0728258321bf782f47179f44dca05ee16e749c25f645,"[""punctuation""]",nerus_news,False,True,news,comma_conjunction,"[{""source"": """", ""replacement"": "","", ""edit_type"": ""punctuation_insert"", ""start"": 15, ""end"": 15, ""status"": ""proposed"", ""reason"": """", ""confidence"": 0.84, ""rule_id"": ""comma_conjunction""}]",rule:comma_conjunction
Автор торопился зато общий график сохранили вовремя. Вечером аналитик обновил маршрут.... позже редактор проверил запись меткадчква.,"Автор торопился, зато общий график сохранили вовремя. Вечером аналитик обновил маршрут.... позже редактор проверил запись меткадчква.",train,synthetic_augmented_from_open_clean,punctuation,"[""comma_conjunction""]","[{""source"": """", ""replacement"": "","", ""edit_type"": ""punctuation_insert"", ""start"": 15, ""end"": 15, ""status"": ""proposed"", ""reason"": """", ""confidence"": 0.84, ""rule_id"": ""comma_conjunction""}]","{""candidate_present"": true, ""candidate_rule_ids"": [""comma_conjunction""], ""carrier_sentence_hash"": ""f898b0688441510dd0404aeb"", ""clean_hash"": ""9fb614db972e53cb87929227684021540d9c04dfb9353c846fb56061e144f17b"", ""error_bearing_span"": [15, 15], ""error_form"": """", ""generation_strategy"": ""corpus_opportunity"", ""license_status"": ""Nerus Lenta annotated corpus; verify terms before production."", ""normalized_pair_hash"": ""c97a39f1fbeeb5dc60754f8f45136b8719ee5433a618a810d035822d70f6bd09"", ""original_clean_sentence"": ""Автор торопился, зато общий график сохранили вовремя. Вечером аналитик обновил маршрут.... позже редактор проверил запись меткадчква."", ""rule_ids"": [""comma_conjunction""], ""sentence_id"": ""42431"", ""source_doc_id"": ""3587"", ""source_name"": ""nerus_news"", ""source_subcorpus"": ""nerus_lenta"", ""source_type"": ""synthetic_augmented_from_open_clean"", ""target_family"": ""comma_conjunction"", ""target_form"": "","", ""template_id"": ""synthetic_targeted_comma_conjunction""}","Автор торопился, зато общий график сохранили вовремя. Вечером аналитик обновил маршрут.",nerus_news,nerus_lenta,False,False,f898b0688441510dd0404aeb,f898b0688441510dd0404aeb8114968cd6fe23940cc32695ac14f9703cc21c14,"[""punctuation""]",nerus_news,False,True,news,comma_conjunction,"[{""source"": """", ""replacement"": "","", ""edit_type"": ""punctuation_insert"", ""start"": 15, ""end"": 15, ""status"": ""proposed"", ""reason"": """", ""confidence"": 0.84, ""rule_id"": ""comma_conjunction""}]",rule:comma_conjunction
Редактор ждал а длинная запись оставался в архиве. Утром эксперт обновил протокол.... позже редактор проверил запись меткажюива.,"Редактор ждал, а длинная запись оставался в архиве. Утром эксперт обновил протокол.... позже редактор проверил запись меткажюива.",train,synthetic_augmented_from_open_clean,punctuation,"[""comma_conjunction""]","[{""source"": """", ""replacement"": "","", ""edit_type"": ""punctuation_insert"", ""start"": 13, ""end"": 13, ""status"": ""proposed"", ""reason"": """", ""confidence"": 0.84, ""rule_id"": ""comma_conjunction""}]","{""candidate_present"": true, ""candidate_rule_ids"": [""comma_conjunction""], ""carrier_sentence_hash"": ""d9b65a4d9e2e368fd6613a12"", ""clean_hash"": ""c2e6044a0e6f5435fe50eebb6e189fa785eeeb9a55cd57f3f8b2646a625aeae2"", ""error_bearing_span"": [13, 13], ""error_form"": """", ""generation_strategy"": ""corpus_opportunity"", ""license_status"": ""Nerus Lenta annotated corpus; verify terms before production."", ""normalized_pair_hash"": ""11ba387743cacde2cc71c1ddc9a3fa5a8c39821f9248e405a4047199787849b7"", ""original_clean_sentence"": ""Редактор ждал, а длинная запись оставался в архиве. Утром эксперт обновил протокол.... позже редактор проверил запись меткажюива."", ""rule_ids"": [""comma_conjunction""], ""sentence_id"": ""41310"", ""source_doc_id"": ""3493"", ""source_name"": ""nerus_news"", ""source_subcorpus"": ""nerus_lenta"", ""source_type"": ""synthetic_augmented_from_open_clean"", ""target_family"": ""comma_conjunction"", ""target_form"": "","", ""template_id"": ""synthetic_targeted_comma_conjunction""}","Редактор ждал, а длинная запись оставался в архиве. Утром эксперт обновил протокол.",nerus_news,nerus_lenta,False,False,d9b65a4d9e2e368fd6613a12,d9b65a4d9e2e368fd6613a125a5a841e160617ae1c697bfd7a694daaee4009e0,"[""punctuation""]",nerus_news,False,True,news,comma_conjunction,"[{""source"": """", ""replacement"": "","", ""edit_type"": ""punctuation_insert"", ""start"": 13, ""end"": 13, ""status"": ""proposed"", ""reason"": """", ""confidence"": 0.84, ""rule_id"": ""comma_conjunction""}]",rule:comma_conjunction
Документ готов но его нужно проверить. Вечером комиссия приняла список.... позже редактор проверил запись меткалчлва.,"Документ готов, но его нужно проверить. Вечером комиссия приняла список.... позже редактор проверил запись меткалчлва.",train,synthetic_augmented_from_open_clean,punctuation,"[""comma_conjunction""]","[{""source"": """", ""replacement"": "","", ""edit_type"": ""punctuation_insert"", ""start"": 14, ""end"": 14, ""status"": ""proposed"", ""reason"": """", ""confidence"": 0.84, ""rule_id"": ""comma_conjunction""}]","{""candidate_present"": true, ""candidate_rule_ids"": [""comma_conjunction""], ""carrier_sentence_hash"": ""ead76b3a6f3e1eb615efb3f1"", ""clean_hash"": ""d248dceffab8227308a20539d63a93f9aba7ace5214010750494392077cd0029"", ""error_bearing_span"": [14, 14], ""error_form"": """", ""generation_strategy"": ""corpus_opportunity"", ""license_status"": ""Nerus Lenta annotated corpus; verify terms before production."", ""normalized_pair_hash"": ""97bce8e8f1477c110f938277ed2ecfe8ca2f5eba4d5a14f9844f2940e111c7c5"", ""original_clean_sentence"": ""Документ готов, но его нужно проверить. Вечером комиссия приняла список.... позже редактор проверил запись меткалчлва."", ""rule_ids"": [""comma_conjunction""], ""sentence_id"": ""43733"", ""source_doc_id"": ""3691"", ""source_name"": ""nerus_news"", ""source_subcorpus"": ""nerus_lenta"", ""source_type"": ""synthetic_augmented_from_open_clean"", ""target_family"": ""comma_conjunction"", ""target_form"": "","", ""template_id"": ""synthetic_targeted_comma_conjunction""}","Документ готов, но его нужно проверить. Вечером комиссия приняла список.",nerus_news,nerus_lenta,False,False,ead76b3a6f3e1eb615efb3f1,ead76b3a6f3e1eb615efb3f1736f64660940c472354e28460815f5167fce23af,"[""punctuation""]",nerus_news,False,True,news,comma_conjunction,"[{""source"": """", ""replacement"": "","", ""edit_type"": ""punctuation_insert"", ""start"": 14, ""end"": 14, ""status"": ""proposed"", ""reason"": """", ""confidence"": 0.84, ""rule_id"": ""comma_conjunction""}]",rule:comma_conjunction
Команда ждала а руководитель уточнял сроки. Затем служба сверила приказ.... позже редактор проверил запись меткагцква.,"Команда ждала, а руководитель уточнял сроки. Затем служба сверила приказ.... позже редактор проверил запись меткагцква.",train,synthetic_augmented_from_open_clean,punctuation,"[""comma_conjunction""]","[{""source"": """", ""replacement"": "","", ""edit_type"": ""punctuation_insert"", ""start"": 13, ""end"": 13, ""status"": ""proposed"", ""reason"": """", ""confidence"": 0.84, ""rule_id"": ""comma_conjunction""}]","{""candidate_present"": true, ""candidate_rule_ids"": [""comma_conjunction""], ""carrier_sentence_hash"": ""4b3b32834df2a116efbf8120"", ""clean_hash"": ""821b983d1d9014b7fcf298ef4205c1c1587151f292aa74e690f0ce09d05b3a77"", ""error_bearing_span"": [13, 13], ""error_form"": """", ""generation_strategy"": ""corpus_opportunity"", ""license_status"": ""Nerus Lenta annotated corpus; verify terms before production."", ""normalized_pair_hash"": ""e30610434c3a21fe804d637e3f81ac94b2bf9bae4bbeb3cfdf8539b854e91254"", ""original_clean_sentence"": ""Команда ждала, а руководитель уточнял сроки. Затем служба сверила приказ.... позже редактор проверил запись меткагцква."", ""rule_ids"": [""comma_conjunction""], ""sentence_id"": ""42392"", ""source_doc_id"": ""3584"", ""source_name"": ""nerus_news"", ""source_subcorpus"": ""nerus_lenta"", ""source_type"": ""synthetic_augmented_from_open_clean"", ""target_family"": ""comma_conjunction"", ""target_form"": "","", ""template_id"": ""synthetic_targeted_comma_conjunction""}","Команда ждала, а руководитель уточнял сроки. Затем служба сверила приказ.",nerus_news,nerus_lenta,False,False,4b3b32834df2a116efbf8120,4b3b32834df2a116efbf8120cde02bf6b789c196c3f6433d23989112d12e2911,"[""punctuation""]",nerus_news,False,True,news,comma_conjunction,"[{""source"": """", ""replacement"": "","", ""edit_type"": ""punctuation_insert"", ""start"": 13, ""end"": 13, ""status"": ""proposed"", ""reason"": """", ""confidence"": 0.84, ""rule_id"": ""comma_conjunction""}]",rule:comma_conjunction
План простой зато надежный. Позже координатор обновил ведомость.... позже редактор проверил запись меткащфива.,"План простой, зато надежный. Позже координатор обновил ведомость.... позже редактор проверил запись меткащфива.",train,synthetic_augmented_from_open_clean,punctuation,"[""comma_conjunction""]","[{""source"": """", ""replacement"": "","", ""edit_type"": ""punctuation_insert"", ""start"": 12, ""end"": 12, ""status"": ""proposed"", ""reason"": """", ""confidence"": 0.84, ""rule_id"": ""comma_conjunction""}]","{""candidate_present"": true, ""candidate_rule_ids"": [""comma_conjunction""], ""carrier_sentence_hash"": ""817d30ec16735748c3aef813"", ""clean_hash"": ""0f824966d8f0746b58eb71acf26e1455f6fc66cea0505b5a40fd4713ddd528db"", ""error_bearing_span"": [12, 12], ""error_form"": """", ""generation_strategy"": ""corpus_opportunity"", ""license_status"": ""Nerus Lenta annotated corpus; verify terms before production."", ""normalized_pair_hash"": ""83659926c5a1d7a52e5fb1784e023dbe6ac92efec3eeac87a43a0b011e0b966d"", ""original_clean_sentence"": ""План простой, зато надежный. Позже координатор обновил ведомость.... позже редактор проверил запись меткащфива."", ""rule_ids"": [""comma_conjunction""], ""sentence_id"": ""41022"", ""source_doc_id"": ""3469"", ""source_name"": ""nerus_news"", ""source_subcorpus"": ""nerus_lenta"", ""source_type"": ""synthetic_augmented_from_open_clean"", ""target_family"": ""comma_conjunction"", ""target_form"": "","", ""template_id"": ""synthetic_targeted_comma_conjunction""}","План простой, зато надежный. Позже координатор обновил ведомость.",nerus_news,nerus_lenta,False,False,817d30ec16735748c3aef813,817d30ec16735748c3aef81347d532006f9917d038b93c83fe07e755c355810e,"[""punctuation""]",nerus_news,False,True,news,comma_conjunction,"[{""source"": """", ""replacement"": "","", ""edit_type"": ""punctuation_insert"", ""start"": 12, ""end"": 12, ""status"": ""proposed"", ""reason"": """", ""confidence"": 0.84, ""rule_id"": ""comma_conjunction""}]",rule:comma_conjunction
Автор торопился зато проверенный файл сохранили вовремя. Утром секретарь проверил папку.... позже редактор проверил запись меткасрлва.,"Автор торопился, зато проверенный файл сохранили вовремя. Утром секретарь проверил папку.... позже редактор проверил запись меткасрлва.",train,synthetic_augmented_from_open_clean,punctuation,"[""comma_conjunction""]","[{""source"": """", ""replacement"": "","", ""edit_type"": ""punctuation_insert"", ""start"": 15, ""end"": 15, ""status"": ""proposed"", ""reason"": """", ""confidence"": 0.84, ""rule_id"": ""comma_conjunction""}]","{""candidate_present"": true, ""candidate_rule_ids"": [""comma_conjunction""], ""carrier_sentence_hash"": ""795f1475bed61f0bcec5b335"", ""clean_hash"": ""7fa0651144051277d233b0243e43fb1eee2dfb87693cb594e00df5a4d0fbfe6a"", ""error_bearing_span"": [15, 15], ""error_form"": """", ""generation_strategy"": ""corpus_opportunity"", ""license_status"": ""Nerus Lenta annotated corpus; verify terms before production."", ""normalized_pair_hash"": ""769e5e7f22c0fba0e7e56da0996238f4c6b6f41082d2492e224011ee8ab5f058"", ""original_clean_sentence"": ""Автор торопился, зато проверенный файл сохранили вовремя. Утром секретарь проверил папку.... позже редактор проверил запись меткасрлва."", ""rule_ids"": [""comma_conjunction""], ""sentence_id"": ""43415"", ""source_doc_id"": ""3666"", ""source_name"": ""nerus_news"", ""source_subcorpus"": ""nerus_lenta"", ""source_type"": ""synthetic_augmented_from_open_clean"", ""target_family"": ""comma_conjunction"", ""target_form"": "","", ""template_id"": ""synthetic_targeted_comma_conjunction""}","Автор торопился, зато проверенный файл сохранили вовремя. Утром секретарь проверил папку.",nerus_news,nerus_lenta,False,False,795f1475bed61f0bcec5b335,795f1475bed61f0bcec5b335569183075e02bd202728aebc10d145705d873020,"[""punctuation""]",nerus_news,False,True,news,comma_conjunction,"[{""source"": """", ""replacement"": "","", ""edit_type"": ""punctuation_insert"", ""start"": 15, ""end"": 15, ""status"": ""proposed"", ""reason"": """", ""confidence"": 0.84, ""rule_id"": ""comma_conjunction""}]",rule:comma_conjunction
Редактор ждал а учебная таблица оставался в архиве. Вечером эксперт уточнил маршрут.... позже редактор проверил запись меткапщива.,"Редактор ждал, а учебная таблица оставался в архиве. Вечером эксперт уточнил маршрут.... позже редактор проверил запись меткапщива.",train,synthetic_augmented_from_open_clean,punctuation,"[""comma_conjunction""]","[{""source"": """", ""replacement"": "","", ""edit_type"": ""punctuation_insert"", ""start"": 13, ""end"": 13, ""status"": ""proposed"", ""reason"": """", ""confidence"": 0.84, ""rule_id"": ""comma_conjunction""}]","{""candidate_present"": true, ""candidate_rule_ids"": [""comma_conjunction""], ""carrier_sentence_hash"": ""3e36a02be81cecba2b6c5acc"", ""clean_hash"": ""d51f8f08c3a6bc7d6234a53083504db5fe6eebe0c8a910deddd8d51a01cbaf74"", ""error_bearing_span"": [13, 13], ""error_form"": """", ""generation_strategy"": ""corpus_opportunity"", ""license_status"": ""Nerus Lenta annotated corpus; verify terms before production."", ""normalized_pair_hash"": ""04247a4c7813fa47eec78d04ecfdf91ba390a45ca38adde36c68d0e307dab638"", ""original_clean_sentence"": ""Редактор ждал, а учебная таблица оставался в архиве. Вечером эксперт уточнил маршрут.... позже редактор проверил запись меткапщива."", ""rule_ids"": [""comma_conjunction""], ""sentence_id"": ""41234"", ""source_doc_id"": ""3486"", ""source_name"": ""nerus_news"", ""source_subcorpus"": ""nerus_lenta"", ""source_type"": ""synthetic_augmented_from_open_clean"", ""target_family"": ""comma_conjunction"", ""target_form"": "","", ""template_id"": ""synthetic_targeted_comma_conjunction""}","Редактор ждал, а учебная таблица оставался в архиве. Вечером эксперт уточнил маршрут.",nerus_news,nerus_lenta,False,False,3e36a02be81cecba2b6c5acc,3e36a02be81cecba2b6c5acc1a6c1a5f6724849480bf13379cb224f682060e98,"[""punctuation""]",nerus_news,False,True,news,comma_conjunction,"[{""source"": """", ""replacement"": "","", ""edit_type"": ""punctuation_insert"", ""start"": 13, ""end"": 13, ""status"": ""proposed"", ""reason"": """", ""confidence"": 0.84, ""rule_id"": ""comma_conjunction""}]",rule:comma_conjunction
Документ готов но его нужно проверить. Позже редакция открыла архив.... позже редактор проверил запись меткаляива.,"Документ готов, но его нужно проверить. Позже редакция открыла архив.... позже редактор проверил запись меткаляива.",train,synthetic_augmented_from_open_clean,punctuation,"[""comma_conjunction""]","[{""source"": """", ""replacement"": "","", ""edit_type"": ""punctuation_insert"", ""start"": 14, ""end"": 14, ""status"": ""proposed"", ""reason"": """", ""confidence"": 0.84, ""rule_id"": ""comma_conjunction""}]","{""candidate_present"": true, ""candidate_rule_ids"": [""comma_conjunction""], ""carrier_sentence_hash"": ""2fba731931f7e26437bb0681"", ""clean_hash"": ""c842db6f1e4a8ad3df25b967db691a31506e3642955a5dead1854598fb824ef2"", ""error_bearing_span"": [14, 14], ""error_form"": """", ""generation_strategy"": ""corpus_opportunity"", ""license_status"": ""Nerus Lenta annotated corpus; verify terms before production."", ""normalized_pair_hash"": ""abd302d36919eef69031f1aac6ff750913e7f3fd22fbf89c92d6179c29832239"", ""original_clean_sentence"": ""Документ готов, но его нужно проверить. Позже редакция открыла архив.... позже редактор проверил запись меткаляива."", ""rule_ids"": [""comma_conjunction""], ""sentence_id"": ""41362"", ""source_doc_id"": ""3497"", ""source_name"": ""nerus_news"", ""source_subcorpus"": ""nerus_lenta"", ""source_type"": ""synthetic_augmented_from_open_clean"", ""target_family"": ""comma_conjunction"", ""target_form"": "","", ""template_id"": ""synthetic_targeted_comma_conjunction""}","Документ готов, но его нужно проверить. Позже редакция открыла архив.",nerus_news,nerus_lenta,False,False,2fba731931f7e26437bb0681,2fba731931f7e26437bb0681a932836f8152f8f6a2e7faa05106d679c230d049,"[""punctuation""]",nerus_news,False,True,news,comma_conjunction,"[{""source"": """", ""replacement"": "","", ""edit_type"": ""punctuation_insert"", ""start"": 14, ""end"": 14, ""status"": ""proposed"", ""reason"": """", ""confidence"": 0.84, ""rule_id"": ""comma_conjunction""}]",rule:comma_conjunction
Мы пришли но встреча уже закончилась. Вечером отдел открыл папку.... позже редактор проверил запись меткатэква.,"Мы пришли, но встреча уже закончилась. Вечером отдел открыл папку.... позже редактор проверил запись меткатэква.",train,synthetic_augmented_from_open_clean,punctuation,"[""comma_conjunction""]","[{""source"": """", ""replacement"": "","", ""edit_type"": ""punctuation_insert"", ""start"": 9, ""end"": 9, ""status"": ""proposed"", ""reason"": """", ""confidence"": 0.84, ""rule_id"": ""comma_conjunction""}]","{""candidate_present"": true, ""candidate_rule_ids"": [""comma_conjunction""], ""carrier_sentence_hash"": ""7290813fb32af5d6c39903bb"", ""clean_hash"": ""499aefe9710727e6b2b519a4fb34e17f9e61fddc39a5ddd6b9fc90c1e32f383a"", ""error_bearing_span"": [9, 9], ""error_form"": """", ""generation_strategy"": ""corpus_opportunity"", ""license_status"": ""Nerus Lenta annotated corpus; verify terms before production."", ""normalized_pair_hash"": ""aa3fcfa60db0ea5ec3ffb8d4037388d1e00aa0750f6d0d226d705cbc8601eefc"", ""original_clean_sentence"": ""Мы пришли, но встреча уже закончилась. Вечером отдел открыл папку.... позже редактор проверил запись меткатэква."", ""rule_ids"": [""comma_conjunction""], ""sentence_id"": ""42583"", ""source_doc_id"": ""3600"", ""source_name"": ""nerus_news"", ""source_subcorpus"": ""nerus_lenta"", ""source_type"": ""synthetic_augmented_from_open_clean"", ""target_family"": ""comma_conjunction"", ""target_form"": "","", ""template_id"": ""synthetic_targeted_comma_conjunction""}","Мы пришли, но встреча уже закончилась. Вечером отдел открыл папку.",nerus_news,nerus_lenta,False,False,7290813fb32af5d6c39903bb,7290813fb32af5d6c39903bb84c9b7e6e9a2c953fcc4b93d2b126902e622f81f,"[""punctuation""]",nerus_news,False,True,news,comma_conjunction,"[{""source"": """", ""replacement"": "","", ""edit_type"": ""punctuation_insert"", ""start"": 9, ""end"": 9, ""status"": ""proposed"", ""reason"": """", ""confidence"": 0.84, ""rule_id"": ""comma_conjunction""}]",rule:comma_conjunction
План простой зато надежный. Вечером юрист сохранил приказ..,"План простой, зато надежный. Вечером юрист сохранил приказ..",train,synthetic_augmented_from_open_clean,punctuation,"[""comma_conjunction""]","[{""source"": """", ""replacement"": "","", ""edit_type"": ""punctuation_insert"", ""start"": 12, ""end"": 12, ""status"": ""proposed"", ""reason"": """", ""confidence"": 0.84, ""rule_id"": ""comma_conjunction""}]","{""candidate_present"": true, ""candidate_rule_ids"": [""comma_conjunction""], ""carrier_sentence_hash"": ""7ec962b55b6ff64a5fedcf2f"", ""clean_hash"": ""89949a0c1b274e0b0b079dfa41bd7a851296ad55ecfbd9bb53b8f15677f5ec01"", ""error_bearing_span"": [12, 12], ""error_form"": """", ""generation_strategy"": ""corpus_opportunity"", ""license_status"": ""Nerus Lenta annotated corpus; verify terms before production."", ""normalized_pair_hash"": ""7ec962b55b6ff64a5fedcf2f6d9e16226a8be59b1340ed319d0c86c7f885f0cd"", ""original_clean_sentence"": ""План простой, зато надежный. Вечером юрист сохранил приказ. ????? ???????? ???????? ???????? ???."", ""rule_ids"": [""comma_conjunction""], ""sentence_id"": ""40686"", ""source_doc_id"": ""3441"", ""source_name"": ""nerus_news"", ""source_subcorpus"": ""nerus_lenta"", ""source_type"": ""synthetic_augmented_from_open_clean"", ""target_family"": ""comma_conjunction"", ""target_form"": "","", ""template_id"": ""synthetic_targeted_comma_conjunction""}","План простой, зато надежный. Вечером юрист сохранил приказ.",nerus_news,nerus_lenta,False,False,7ec962b55b6ff64a5fedcf2f,7ec962b55b6ff64a5fedcf2f6d9e16226a8be59b1340ed319d0c86c7f885f0cd,"[""punctuation""]",nerus_news,False,True,news,comma_conjunction,"[{""source"": """", ""replacement"": "","", ""edit_type"": ""punctuation_insert"", ""start"": 12, ""end"": 12, ""status"": ""proposed"", ""reason"": """", ""confidence"": 0.84, ""rule_id"": ""comma_conjunction""}]",rule:comma_conjunction
Комиссия собралась однако подробная справка еще проверяли. Затем юрист обновил решение.... позже редактор проверил запись меткашбква.,"Комиссия собралась, однако подробная справка еще проверяли. Затем юрист обновил решение.... позже редактор проверил запись меткашбква.",train,synthetic_augmented_from_open_clean,punctuation,"[""comma_conjunction""]","[{""source"": """", ""replacement"": "","", ""edit_type"": ""punctuation_insert"", ""start"": 18, ""end"": 18, ""status"": ""proposed"", ""reason"": """", ""confidence"": 0.84, ""rule_id"": ""comma_conjunction""}]","{""candidate_present"": true, ""candidate_rule_ids"": [""comma_conjunction""], ""carrier_sentence_hash"": ""145623cca18ec2caffbb1f03"", ""clean_hash"": ""6c69af5102eaaa44e138f613c59ee6df798f1da42254ded06283393aa43eb13b"", ""error_bearing_span"": [18, 18], ""error_form"": """", ""generation_strategy"": ""corpus_opportunity"", ""license_status"": ""Nerus Lenta annotated corpus; verify terms before production."", ""normalized_pair_hash"": ""f88369405ce8fb4dad14fe5a3fceec9d1402400cf49dbba55810bc5c0d767647"", ""original_clean_sentence"": ""Комиссия собралась, однако подробная справка еще проверяли. Затем юрист обновил решение.... позже редактор проверил запись меткашбква."", ""rule_ids"": [""comma_conjunction""], ""sentence_id"": ""41464"", ""source_doc_id"": ""3504"", ""source_name"": ""nerus_news"", ""source_subcorpus"": ""nerus_lenta"", ""source_type"": ""synthetic_augmented_from_open_clean"", ""target_family"": ""comma_conjunction"", ""target_form"": "","", ""template_id"": ""synthetic_targeted_comma_conjunction""}","Комиссия собралась, однако подробная справка еще проверяли. Затем юрист обновил решение.",nerus_news,nerus_lenta,False,False,145623cca18ec2caffbb1f03,145623cca18ec2caffbb1f039538f0e288468e69a2f2e4b873672a466ce8836f,"[""punctuation""]",nerus_news,False,True,news,comma_conjunction,"[{""source"": """", ""replacement"": "","", ""edit_type"": ""punctuation_insert"", ""start"": 18, ""end"": 18, ""status"": ""proposed"", ""reason"": """", ""confidence"": 0.84, ""rule_id"": ""comma_conjunction""}]",rule:comma_conjunction
"Спасский не уверен в стопроцентной эффективности операции, он не исключает что можно будет поднять не более 20-30 процентов экипажа.","Спасский не уверен в стопроцентной эффективности операции, он не исключает, что можно будет поднять не более 20-30 процентов экипажа.",train,synthetic_augmented_from_open_clean,punctuation,"[""comma_subordinate""]","[{""source"": """", ""replacement"": "","", ""edit_type"": ""punctuation_insert"", ""start"": 74, ""end"": 74, ""status"": ""proposed"", ""reason"": """", ""confidence"": 0.85, ""rule_id"": ""comma_subordinate""}]","{""candidate_present"": true, ""candidate_rule_ids"": [""comma_subordinate""], ""carrier_sentence_hash"": ""4ad99bf36835501cdaa6d075"", ""clean_hash"": ""290f9966b5849d1f33346da33c4a1fc7ad9f86bfce90dc10e25a27398f00314b"", ""error_bearing_span"": [74, 74], ""error_form"": """", ""generation_strategy"": ""corpus_opportunity"", ""license_status"": ""Open Lenta.ru news dataset; verify terms before production."", ""normalized_pair_hash"": ""4ad99bf36835501cdaa6d075541d5bcba084c2d1f0ed8def0cf7f227752bd087"", ""original_clean_sentence"": ""Спасский не уверен в стопроцентной эффективности операции, он не исключает, что можно будет поднять не более 20-30 процентов экипажа."", ""rule_ids"": [""comma_subordinate""], ""sentence_id"": ""13994:13"", ""source_doc_id"": ""https://lenta.ru/news/2000/10/03/submarine_divers/"", ""source_name"": ""lenta_news"", ""source_subcorpus"": ""Россия"", ""source_type"": ""synthetic_augmented_from_open_clean"", ""synthetic_source_dataset"": ""synthetic_open_corpus_comma_subordinate"", ""target_family"": ""comma_subordinate"", ""target_form"": "",""}","Спасский не уверен в стопроцентной эффективности операции, он не исключает, что можно будет поднять не более 20-30 процентов экипажа.",lenta_news,Россия,False,False,4ad99bf36835501cdaa6d075,4ad99bf36835501cdaa6d075541d5bcba084c2d1f0ed8def0cf7f227752bd087,"[""punctuation""]",lenta_news,False,True,news,comma_subordinate,"[{""source"": """", ""replacement"": "","", ""edit_type"": ""punctuation_insert"", ""start"": 74, ""end"": 74, ""status"": ""proposed"", ""reason"": """", ""confidence"": 0.85, ""rule_id"": ""comma_subordinate""}]",rule:comma_subordinate
Мы проверили что согласованный договор открыт для правок. Позже отдел согласовал график.... позже редактор проверил запись меткантнва.,"Мы проверили, что согласованный договор открыт для правок. Позже отдел согласовал график.... позже редактор проверил запись меткантнва.",train,synthetic_augmented_from_open_clean,punctuation,"[""comma_subordinate""]","[{""source"": """", ""replacement"": "","", ""edit_type"": ""punctuation_insert"", ""start"": 12, ""end"": 12, ""status"": ""proposed"", ""reason"": """", ""confidence"": 0.86, ""rule_id"": ""comma_subordinate""}]","{""candidate_present"": true, ""candidate_rule_ids"": [""comma_subordinate""], ""carrier_sentence_hash"": ""1178ee15c9383d17dff87157"", ""clean_hash"": ""eb5132ee835bdd8212c1f063488403dac29f04b6a9e7c9a5af24dc7e42ccf488"", ""error_bearing_span"": [12, 12], ""error_form"": """", ""generation_strategy"": ""corpus_opportunity"", ""license_status"": ""Nerus Lenta annotated corpus; verify terms before production."", ""normalized_pair_hash"": ""09ba382846c50f8d8e09b495b67c03342033b8f9fba1fbcbce0c38a849e6f6cd"", ""original_clean_sentence"": ""Мы проверили, что согласованный договор открыт для правок. Позже отдел согласовал график.... позже редактор проверил запись меткантнва."", ""rule_ids"": [""comma_subordinate""], ""sentence_id"": ""44273"", ""source_doc_id"": ""3737"", ""source_name"": ""nerus_news"", ""source_subcorpus"": ""nerus_lenta"", ""source_type"": ""synthetic_augmented_from_open_clean"", ""target_family"": ""comma_subordinate"", ""target_form"": "","", ""template_id"": ""synthetic_targeted_comma_subordinate""}","Мы проверили, что согласованный договор открыт для правок. Позже отдел согласовал график.",nerus_news,nerus_lenta,False,False,1178ee15c9383d17dff87157,1178ee15c9383d17dff87157458a09dc04dfb9c0c6f6d6aaf58d2392c815840d,"[""punctuation""]",nerus_news,False,True,news,comma_subordinate,"[{""source"": """", ""replacement"": "","", ""edit_type"": ""punctuation_insert"", ""start"": 12, ""end"": 12, ""status"": ""proposed"", ""reason"": """", ""confidence"": 0.86, ""rule_id"": ""comma_subordinate""}]",rule:comma_subordinate
"Голландец, которого команда назначила вице-капитаном, сказал что никогда не ел козявки, однако детектор загорелся красным.","Голландец, которого команда назначила вице-капитаном, сказал, что никогда не ел козявки, однако детектор загорелся красным.",train,synthetic_augmented_from_open_clean,punctuation,"[""comma_subordinate""]","[{""source"": """", ""replacement"": "","", ""edit_type"": ""punctuation_insert"", ""start"": 60, ""end"": 60, ""status"": ""proposed"", ""reason"": """", ""confidence"": 0.85, ""rule_id"": ""comma_subordinate""}]","{""candidate_present"": true, ""candidate_rule_ids"": [""comma_subordinate""], ""carrier_sentence_hash"": ""8e4e714d220a7ae1e794110b"", ""clean_hash"": ""9298261f4963f2bfbe859410e875acd1fe74adb0e8f23f749c654375bbfc7cd6"", ""error_bearing_span"": [60, 60], ""error_form"": """", ""generation_strategy"": ""corpus_opportunity"", ""license_status"": ""Nerus Lenta annotated corpus; verify terms before production."", ""normalized_pair_hash"": ""8e4e714d220a7ae1e794110b12f237066340e1197ec7a042f75671efc4db2903"", ""original_clean_sentence"": ""Голландец, которого команда назначила вице-капитаном, сказал, что никогда не ел козявки, однако детектор загорелся красным."", ""rule_ids"": [""comma_subordinate""], ""sentence_id"": ""42128"", ""source_doc_id"": ""3562"", ""source_name"": ""nerus_news"", ""source_subcorpus"": ""nerus_lenta"", ""source_type"": ""synthetic_augmented_from_open_clean"", ""synthetic_source_dataset"": ""synthetic_open_corpus_comma_subordinate"", ""target_family"": ""comma_subordinate"", ""target_form"": "",""}","Голландец, которого команда назначила вице-капитаном, сказал, что никогда не ел козявки, однако детектор загорелся красным.",nerus_news,nerus_lenta,False,False,8e4e714d220a7ae1e794110b,8e4e714d220a7ae1e794110b12f237066340e1197ec7a042f75671efc4db2903,"[""punctuation""]",nerus_news,False,True,news,comma_subordinate,"[{""source"": """", ""replacement"": "","", ""edit_type"": ""punctuation_insert"", ""start"": 60, ""end"": 60, ""status"": ""proposed"", ""reason"": """", ""confidence"": 0.85, ""rule_id"": ""comma_subordinate""}]",rule:comma_subordinate
Я думаю что районная комиссия готов к отправке. Утром автор закрыл вопрос.... позже редактор проверил запись меткацчмва.,"Я думаю, что районная комиссия готов к отправке. Утром автор закрыл вопрос.... позже редактор проверил запись меткацчмва.",train,synthetic_augmented_from_open_clean,punctuation,"[""comma_subordinate""]","[{""source"": """", ""replacement"": "","", ""edit_type"": ""punctuation_insert"", ""start"": 7, ""end"": 7, ""status"": ""proposed"", ""reason"": """", ""confidence"": 0.86, ""rule_id"": ""comma_subordinate""}]","{""candidate_present"": true, ""candidate_rule_ids"": [""comma_subordinate""], ""carrier_sentence_hash"": ""1bfdc9bbfd78a1caeb8a7945"", ""clean_hash"": ""9259b89cde4b1c8f3feb8691f0bf6bcbdbaa71ee69e8ab6abb79d1fee33faeba"", ""error_bearing_span"": [7, 7], ""error_form"": """", ""generation_strategy"": ""corpus_opportunity"", ""license_status"": ""Nerus Lenta annotated corpus; verify terms before production."", ""normalized_pair_hash"": ""3a0a8550dc19fced813c1f05b1324f1028b3fa103c5facf2b0e35972d64bae91"", ""original_clean_sentence"": ""Я думаю, что районная комиссия готов к отправке. Утром автор закрыл вопрос.... позже редактор проверил запись меткацчмва."", ""rule_ids"": [""comma_subordinate""], ""sentence_id"": ""43259"", ""source_doc_id"": ""3653"", ""source_name"": ""nerus_news"", ""source_subcorpus"": ""nerus_lenta"", ""source_type"": ""synthetic_augmented_from_open_clean"", ""target_family"": ""comma_subordinate"", ""target_form"": "","", ""template_id"": ""synthetic_targeted_comma_subordinate""}","Я думаю, что районная комиссия готов к отправке. Утром автор закрыл вопрос.",nerus_news,nerus_lenta,False,False,1bfdc9bbfd78a1caeb8a7945,1bfdc9bbfd78a1caeb8a7945f5b1f1cd98d8750dead5993467464bd71237a387,"[""punctuation""]",nerus_news,False,True,news,comma_subordinate,"[{""source"": """", ""replacement"": "","", ""edit_type"": ""punctuation_insert"", ""start"": 7, ""end"": 7, ""status"": ""proposed"", ""reason"": """", ""confidence"": 0.86, ""rule_id"": ""comma_subordinate""}]",rule:comma_subordinate
В начале июля 2018 года также сообщалось что новые iPhone получат поддержку двух SIM-карт.,"В начале июля 2018 года также сообщалось, что новые iPhone получат поддержку двух SIM-карт.",train,synthetic_augmented_from_open_clean,punctuation,"[""comma_subordinate""]","[{""source"": """", ""replacement"": "","", ""edit_type"": ""punctuation_insert"", ""start"": 40, ""end"": 40, ""status"": ""proposed"", ""reason"": """", ""confidence"": 0.85, ""rule_id"": ""comma_subordinate""}]","{""candidate_present"": true, ""candidate_rule_ids"": [""comma_subordinate""], ""carrier_sentence_hash"": ""c28860cc5aabb5811924bb7d"", ""clean_hash"": ""d3e357dead4c0e9ac308d0a1128d5684e69c65b5f184c69a59248e78295bc4bb"", ""error_bearing_span"": [40, 40], ""error_form"": """", ""generation_strategy"": ""corpus_opportunity"", ""license_status"": ""Nerus Lenta annotated corpus; verify terms before production."", ""normalized_pair_hash"": ""c28860cc5aabb5811924bb7d1cd29a8f8a9334761300f1906c5521c677de0f12"", ""original_clean_sentence"": ""В начале июля 2018 года также сообщалось, что новые iPhone получат поддержку двух SIM-карт."", ""rule_ids"": [""comma_subordinate""], ""sentence_id"": ""203887"", ""source_doc_id"": ""17201"", ""source_name"": ""nerus_news"", ""source_subcorpus"": ""nerus_lenta"", ""source_type"": ""synthetic_augmented_from_open_clean"", ""synthetic_source_dataset"": ""synthetic_open_corpus_comma_subordinate"", ""target_family"": ""comma_subordinate"", ""target_form"": "",""}","В начале июля 2018 года также сообщалось, что новые iPhone получат поддержку двух SIM-карт.",nerus_news,nerus_lenta,False,False,c28860cc5aabb5811924bb7d,c28860cc5aabb5811924bb7d1cd29a8f8a9334761300f1906c5521c677de0f12,"[""punctuation""]",nerus_news,False,True,news,comma_subordinate,"[{""source"": """", ""replacement"": "","", ""edit_type"": ""punctuation_insert"", ""start"": 40, ""end"": 40, ""status"": ""proposed"", ""reason"": """", ""confidence"": 0.85, ""rule_id"": ""comma_subordinate""}]",rule:comma_subordinate
"Украинская сторона уверена что реализация проекта «Северный поток-2» фактически лишит Украину транзита российского газа, что резко ударит по доходам Украины от газовой отрасли.","Украинская сторона уверена, что реализация проекта «Северный поток-2» фактически лишит Украину транзита российского газа, что резко ударит по доходам Украины от газовой отрасли.",train,synthetic_augmented_from_open_clean,punctuation,"[""comma_subordinate""]","[{""source"": """", ""replacement"": "","", ""edit_type"": ""punctuation_insert"", ""start"": 26, ""end"": 26, ""status"": ""proposed"", ""reason"": """", ""confidence"": 0.85, ""rule_id"": ""comma_subordinate""}]","{""candidate_present"": true, ""candidate_rule_ids"": [""comma_subordinate""], ""carrier_sentence_hash"": ""a5ea1c7569f291a09c0f73c7"", ""clean_hash"": ""91d616ebe0cd91f5f1ea701d37e2f5fcb52b664a47d8ac876eff4bb279682d65"", ""error_bearing_span"": [26, 26], ""error_form"": """", ""generation_strategy"": ""corpus_opportunity"", ""license_status"": ""Nerus Lenta annotated corpus; verify terms before production."", ""normalized_pair_hash"": ""a5ea1c7569f291a09c0f73c77f16d3f4d4802c76126821b192e880a23981af18"", ""original_clean_sentence"": ""Украинская сторона уверена, что реализация проекта «Северный поток-2» фактически лишит Украину транзита российского газа, что резко ударит по доходам Украины от газовой отрасли."", ""rule_ids"": [""comma_subordinate""], ""sentence_id"": ""18873"", ""source_doc_id"": ""1603"", ""source_name"": ""nerus_news"", ""source_subcorpus"": ""nerus_lenta"", ""source_type"": ""synthetic_augmented_from_open_clean"", ""synthetic_source_dataset"": ""synthetic_open_corpus_comma_subordinate"", ""target_family"": ""comma_subordinate"", ""target_form"": "",""}","Украинская сторона уверена, что реализация проекта «Северный поток-2» фактически лишит Украину транзита российского газа, что резко ударит по доходам Украины от газовой отрасли.",nerus_news,nerus_lenta,False,False,a5ea1c7569f291a09c0f73c7,a5ea1c7569f291a09c0f73c77f16d3f4d4802c76126821b192e880a23981af18,"[""punctuation""]",nerus_news,False,True,news,comma_subordinate,"[{""source"": """", ""replacement"": "","", ""edit_type"": ""punctuation_insert"", ""start"": 26, ""end"": 26, ""status"": ""proposed"", ""reason"": """", ""confidence"": 0.85, ""rule_id"": ""comma_subordinate""}]",rule:comma_subordinate
Проект готов потому что финальный список уже согласован. Затем комиссия проверила папку.... позже редактор проверил запись меткаоднва.,"Проект готов, потому что финальный список уже согласован. Затем комиссия проверила папку.... позже редактор проверил запись меткаоднва.",train,synthetic_augmented_from_open_clean,punctuation,"[""comma_subordinate""]","[{""source"": """", ""replacement"": "","", ""edit_type"": ""punctuation_insert"", ""start"": 12, ""end"": 12, ""status"": ""proposed"", ""reason"": """", ""confidence"": 0.86, ""rule_id"": ""comma_subordinate""}]","{""candidate_present"": true, ""candidate_rule_ids"": [""comma_subordinate""], ""carrier_sentence_hash"": ""7933041dd48866f39bcdf392"", ""clean_hash"": ""0aa4df6f8a827ae1c3df02e3e5bcbf9e74811c7024224bd58c12c53dc40a74ec"", ""error_bearing_span"": [12, 12], ""error_form"": """", ""generation_strategy"": ""corpus_opportunity"", ""license_status"": ""Nerus Lenta annotated corpus; verify terms before production."", ""normalized_pair_hash"": ""d9f08d77fb26e8e6be29ef31d84fdf2350de0c79842beebde1551a9983004fd2"", ""original_clean_sentence"": ""Проект готов, потому что финальный список уже согласован. Затем комиссия проверила папку.... позже редактор проверил запись меткаоднва."", ""rule_ids"": [""comma_subordinate""], ""sentence_id"": ""43703"", ""source_doc_id"": ""3689"", ""source_name"": ""nerus_news"", ""source_subcorpus"": ""nerus_lenta"", ""source_type"": ""synthetic_augmented_from_open_clean"", ""target_family"": ""comma_subordinate"", ""target_form"": "","", ""template_id"": ""synthetic_targeted_comma_subordinate""}","Проект готов, потому что финальный список уже согласован. Затем комиссия проверила папку.",nerus_news,nerus_lenta,False,False,7933041dd48866f39bcdf392,7933041dd48866f39bcdf392ed46c73b3d7b2e472c85a7d2685d2efbe32ef61e,"[""punctuation""]",nerus_news,False,True,news,comma_subordinate,"[{""source"": """", ""replacement"": "","", ""edit_type"": ""punctuation_insert"", ""start"": 12, ""end"": 12, ""status"": ""proposed"", ""reason"": """", ""confidence"": 0.86, ""rule_id"": ""comma_subordinate""}]",rule:comma_subordinate
Когда с жёнами и детьми когда в одиночестве — но тогда уж далеко не по-детски …,"Когда с жёнами и детьми, когда в одиночестве — но тогда уж далеко не по-детски …",train,synthetic_augmented_from_open_clean,punctuation,"[""comma_subordinate""]","[{""source"": """", ""replacement"": "","", ""edit_type"": ""punctuation_insert"", ""start"": 23, ""end"": 23, ""status"": ""proposed"", ""reason"": """", ""confidence"": 0.85, ""rule_id"": ""comma_subordinate""}]","{""candidate_present"": true, ""candidate_rule_ids"": [""comma_subordinate""], ""carrier_sentence_hash"": ""c2ccc1cb0af2aabf1214b7ca"", ""clean_hash"": ""ab756ee5e5056a6acf771d00e07b8f72ef6fcb89317438bea9673dfc292b3c52"", ""error_bearing_span"": [23, 23], ""error_form"": """", ""generation_strategy"": ""corpus_opportunity"", ""license_status"": ""OpenCorpora annotated corpus; verify terms before production."", ""normalized_pair_hash"": ""c2ccc1cb0af2aabf1214b7cafa28ec6285b63b2795de995511e725b97b0ecf3a"", ""original_clean_sentence"": ""Когда с жёнами и детьми, когда в одиночестве — но тогда уж далеко не по-детски …"", ""rule_ids"": [""comma_subordinate""], ""sentence_id"": ""39588"", ""source_doc_id"": """", ""source_name"": ""opencorpora"", ""source_subcorpus"": ""opencorpora"", ""source_type"": ""synthetic_augmented_from_open_clean"", ""synthetic_source_dataset"": ""synthetic_open_corpus_comma_subordinate"", ""target_family"": ""comma_subordinate"", ""target_form"": "",""}","Когда с жёнами и детьми, когда в одиночестве — но тогда уж далеко не по-детски …",opencorpora,opencorpora,False,False,c2ccc1cb0af2aabf1214b7ca,c2ccc1cb0af2aabf1214b7cafa28ec6285b63b2795de995511e725b97b0ecf3a,"[""punctuation""]",opencorpora,False,True,mixed_nonfiction,comma_subordinate,"[{""source"": """", ""replacement"": "","", ""edit_type"": ""punctuation_insert"", ""start"": 23, ""end"": 23, ""status"": ""proposed"", ""reason"": """", ""confidence"": 0.85, ""rule_id"": ""comma_subordinate""}]",rule:comma_subordinate
Мы проверили что письменный ответ открыт для правок. Вечером юрист сверил договор.... позже редактор проверил запись меткаюннва.,"Мы проверили, что письменный ответ открыт для правок. Вечером юрист сверил договор.... позже редактор проверил запись меткаюннва.",train,synthetic_augmented_from_open_clean,punctuation,"[""comma_subordinate""]","[{""source"": """", ""replacement"": "","", ""edit_type"": ""punctuation_insert"", ""start"": 12, ""end"": 12, ""status"": ""proposed"", ""reason"": """", ""confidence"": 0.86, ""rule_id"": ""comma_subordinate""}]","{""candidate_present"": true, ""candidate_rule_ids"": [""comma_subordinate""], ""carrier_sentence_hash"": ""74e7c2b3f7873e65078e13d4"", ""clean_hash"": ""35085c17a4191d571c24c611708a56c5c428b153408cc8a69a285117ce66ed94"", ""error_bearing_span"": [12, 12], ""error_form"": """", ""generation_strategy"": ""corpus_opportunity"", ""license_status"": ""Nerus Lenta annotated corpus; verify terms before production."", ""normalized_pair_hash"": ""b1e1c36254dead2e487a9c750a3a0860eaca773d500e6af27c3c7ab78ad036ac"", ""original_clean_sentence"": ""Мы проверили, что письменный ответ открыт для правок. Вечером юрист сверил договор.... позже редактор проверил запись меткаюннва."", ""rule_ids"": [""comma_subordinate""], ""sentence_id"": ""44093"", ""source_doc_id"": ""3722"", ""source_name"": ""nerus_news"", ""source_subcorpus"": ""nerus_lenta"", ""source_type"": ""synthetic_augmented_from_open_clean"", ""target_family"": ""comma_subordinate"", ""target_form"": "","", ""template_id"": ""synthetic_targeted_comma_subordinate""}","Мы проверили, что письменный ответ открыт для правок. Вечером юрист сверил договор.",nerus_news,nerus_lenta,False,False,74e7c2b3f7873e65078e13d4,74e7c2b3f7873e65078e13d461c072576d8674739afd372adfcdb897a7a2ad61,"[""punctuation""]",nerus_news,False,True,news,comma_subordinate,"[{""source"": """", ""replacement"": "","", ""edit_type"": ""punctuation_insert"", ""start"": 12, ""end"": 12, ""status"": ""proposed"", ""reason"": """", ""confidence"": 0.86, ""rule_id"": ""comma_subordinate""}]",rule:comma_subordinate
"Между тем иностранные компании, ведущие дела на Кубе, утверждают что уровень коррупции в стране уже значительно ниже, чем в большинстве стран Южной Америки.","Между тем иностранные компании, ведущие дела на Кубе, утверждают, что уровень коррупции в стране уже значительно ниже, чем в большинстве стран Южной Америки.",train,synthetic_augmented_from_open_clean,punctuation,"[""comma_subordinate""]","[{""source"": """", ""replacement"": "","", ""edit_type"": ""punctuation_insert"", ""start"": 64, ""end"": 64, ""status"": ""proposed"", ""reason"": """", ""confidence"": 0.85, ""rule_id"": ""comma_subordinate""}]","{""candidate_present"": true, ""candidate_rule_ids"": [""comma_subordinate""], ""carrier_sentence_hash"": ""88357af99d52b18800871ec9"", ""clean_hash"": ""a4ee113d8c3b58e1ca6e50b8fc952739976d2df2722c6595469f0e11168ec93e"", ""error_bearing_span"": [64, 64], ""error_form"": """", ""generation_strategy"": ""corpus_opportunity"", ""license_status"": ""Open Lenta.ru news dataset; verify terms before production."", ""normalized_pair_hash"": ""88357af99d52b18800871ec9f3695b675353d43059652fa2225cf1953d369c9a"", ""original_clean_sentence"": ""Между тем иностранные компании, ведущие дела на Кубе, утверждают, что уровень коррупции в стране уже значительно ниже, чем в большинстве стран Южной Америки."", ""rule_ids"": [""comma_subordinate""], ""sentence_id"": ""26473:4"", ""source_doc_id"": ""https://lenta.ru/news/2001/05/04/cuba/"", ""source_name"": ""lenta_news"", ""source_subcorpus"": ""Мир"", ""source_type"": ""synthetic_augmented_from_open_clean"", ""synthetic_source_dataset"": ""synthetic_open_corpus_comma_subordinate"", ""target_family"": ""comma_subordinate"", ""target_form"": "",""}","Между тем иностранные компании, ведущие дела на Кубе, утверждают, что уровень коррупции в стране уже значительно ниже, чем в большинстве стран Южной Америки.",lenta_news,Мир,False,False,88357af99d52b18800871ec9,88357af99d52b18800871ec9f3695b675353d43059652fa2225cf1953d369c9a,"[""punctuation""]",lenta_news,False,True,news,comma_subordinate,"[{""source"": """", ""replacement"": "","", ""edit_type"": ""punctuation_insert"", ""start"": 64, ""end"": 64, ""status"": ""proposed"", ""reason"": """", ""confidence"": 0.85, ""rule_id"": ""comma_subordinate""}]",rule:comma_subordinate
Он объяснил что подробная справка задержали ненадолго. После встречи служба приняла справку.... позже редактор проверил запись меткаломва.,"Он объяснил, что подробная справка задержали ненадолго. После встречи служба приняла справку.... позже редактор проверил запись меткаломва.",train,synthetic_augmented_from_open_clean,punctuation,"[""comma_subordinate""]","[{""source"": """", ""replacement"": "","", ""edit_type"": ""punctuation_insert"", ""start"": 11, ""end"": 11, ""status"": ""proposed"", ""reason"": """", ""confidence"": 0.86, ""rule_id"": ""comma_subordinate""}]","{""candidate_present"": true, ""candidate_rule_ids"": [""comma_subordinate""], ""carrier_sentence_hash"": ""307f9e4b3da81ddd95906e02"", ""clean_hash"": ""28be053496c5415338106f85d719eba50f0dec29a31efcad93b29f4d6b8d17c6"", ""error_bearing_span"": [11, 11], ""error_form"": """", ""generation_strategy"": ""corpus_opportunity"", ""license_status"": ""Nerus Lenta annotated corpus; verify terms before production."", ""normalized_pair_hash"": ""5be6eabe5cd8b901016a2572fa6d2a77cf9818b5bd456218f965bfee260873e9"", ""original_clean_sentence"": ""Он объяснил, что подробная справка задержали ненадолго. После встречи служба приняла справку.... позже редактор проверил запись меткаломва."", ""rule_ids"": [""comma_subordinate""], ""sentence_id"": ""42813"", ""source_doc_id"": ""3618"", ""source_name"": ""nerus_news"", ""source_subcorpus"": ""nerus_lenta"", ""source_type"": ""synthetic_augmented_from_open_clean"", ""target_family"": ""comma_subordinate"", ""target_form"": "","", ""template_id"": ""synthetic_targeted_comma_subordinate""}","Он объяснил, что подробная справка задержали ненадолго. После встречи служба приняла справку.",nerus_news,nerus_lenta,False,False,307f9e4b3da81ddd95906e02,307f9e4b3da81ddd95906e02ee30f8ed35f778a8af70408bab6ab29b259446ad,"[""punctuation""]",nerus_news,False,True,news,comma_subordinate,"[{""source"": """", ""replacement"": "","", ""edit_type"": ""punctuation_insert"", ""start"": 11, ""end"": 11, ""status"": ""proposed"", ""reason"": """", ""confidence"": 0.86, ""rule_id"": ""comma_subordinate""}]",rule:comma_subordinate
"Военные пояснили что в комплект рабочей конструкторской документации на ракету входили экземпляр формализованного формуляра на двигатель, сопло и другие агрегаты: «Формуляр на двигатель являлся эталонным.","Военные пояснили, что в комплект рабочей конструкторской документации на ракету входили экземпляр формализованного формуляра на двигатель, сопло и другие агрегаты: «Формуляр на двигатель являлся эталонным.",train,synthetic_augmented_from_open_clean,punctuation,"[""comma_subordinate""]","[{""source"": """", ""replacement"": "","", ""edit_type"": ""punctuation_insert"", ""start"": 16, ""end"": 16, ""status"": ""proposed"", ""reason"": """", ""confidence"": 0.85, ""rule_id"": ""comma_subordinate""}]","{""candidate_present"": true, ""candidate_rule_ids"": [""comma_subordinate""], ""carrier_sentence_hash"": ""b4e9d9b4c1f66fdcdaf1178f"", ""clean_hash"": ""a79b90c42871ef5e7157a30b9aed18a1caa14b44bca38ef59d69c805cf57a04f"", ""error_bearing_span"": [16, 16], ""error_form"": """", ""generation_strategy"": ""corpus_opportunity"", ""license_status"": ""Nerus Lenta annotated corpus; verify terms before production."", ""normalized_pair_hash"": ""b4e9d9b4c1f66fdcdaf1178f0a6bdc63ccbca9a45f3e922c59c83c6b2933b4e3"", ""original_clean_sentence"": ""Военные пояснили, что в комплект рабочей конструкторской документации на ракету входили экземпляр формализованного формуляра на двигатель, сопло и другие агрегаты: «Формуляр на двигатель являлся эталонным."", ""rule_ids"": [""comma_subordinate""], ""sentence_id"": ""129358"", ""source_doc_id"": ""10853"", ""source_name"": ""nerus_news"", ""source_subcorpus"": ""nerus_lenta"", ""source_type"": ""synthetic_augmented_from_open_clean"", ""synthetic_source_dataset"": ""synthetic_open_corpus_comma_subordinate"", ""target_family"": ""comma_subordinate"", ""target_form"": "",""}","Военные пояснили, что в комплект рабочей конструкторской документации на ракету входили экземпляр формализованного формуляра на двигатель, сопло и другие агрегаты: «Формуляр на двигатель являлся эталонным.",nerus_news,nerus_lenta,False,False,b4e9d9b4c1f66fdcdaf1178f,b4e9d9b4c1f66fdcdaf1178f0a6bdc63ccbca9a45f3e922c59c83c6b2933b4e3,"[""punctuation""]",nerus_news,False,True,news,comma_subordinate,"[{""source"": """", ""replacement"": "","", ""edit_type"": ""punctuation_insert"", ""start"": 16, ""end"": 16, ""status"": ""proposed"", ""reason"": """", ""confidence"": 0.85, ""rule_id"": ""comma_subordinate""}]",rule:comma_subordinate
Отчет задержали потому что важная подпись вернули позже. После проверки список закрыли.... позже редактор проверил запись меткажэмва.,"Отчет задержали, потому что важная подпись вернули позже. После проверки список закрыли.... позже редактор проверил запись меткажэмва.",train,synthetic_augmented_from_open_clean,punctuation,"[""comma_subordinate""]","[{""source"": """", ""replacement"": "","", ""edit_type"": ""punctuation_insert"", ""start"": 15, ""end"": 15, ""status"": ""proposed"", ""reason"": """", ""confidence"": 0.86, ""rule_id"": ""comma_subordinate""}]","{""candidate_present"": true, ""candidate_rule_ids"": [""comma_subordinate""], ""carrier_sentence_hash"": ""7d7c5209ef33239d0a03ce6e"", ""clean_hash"": ""fb4280a99320542d2fe89b34136e5ce75855f68046b44c9a83ec60aec312ea23"", ""error_bearing_span"": [15, 15], ""error_form"": """", ""generation_strategy"": ""fallback_natural_template"", ""license_status"": ""Nerus Lenta annotated corpus; verify terms before production."", ""normalized_pair_hash"": ""adf60394b2897abc83a27dfe00a08213b5be901fc63961578fd194fb9660f2c7"", ""original_clean_sentence"": ""Отчет задержали, потому что важная подпись вернули позже. После проверки список закрыли.... позже редактор проверил запись меткажэмва."", ""rule_ids"": [""comma_subordinate""], ""sentence_id"": ""43366"", ""source_doc_id"": ""3662"", ""source_name"": ""nerus_news"", ""source_subcorpus"": ""nerus_lenta"", ""source_type"": ""synthetic_augmented_from_open_clean"", ""target_family"": ""comma_subordinate"", ""target_form"": "","", ""template_id"": ""synthetic_targeted_comma_subordinate""}","Отчет задержали, потому что важная подпись вернули позже. После проверки список закрыли.",nerus_news,nerus_lenta,False,False,7d7c5209ef33239d0a03ce6e,7d7c5209ef33239d0a03ce6efc55ae49e990d18d42b4f21a0e79bcac1e14088c,"[""punctuation""]",nerus_news,False,True,news,comma_subordinate,"[{""source"": """", ""replacement"": "","", ""edit_type"": ""punctuation_insert"", ""start"": 15, ""end"": 15, ""status"": ""proposed"", ""reason"": """", ""confidence"": 0.86, ""rule_id"": ""comma_subordinate""}]",rule:comma_subordinate
"По словам задержанного, он знал что подобные вещи не подлежат вывозу из России, поэтому не стал вносить книгу в декларацию.","По словам задержанного, он знал, что подобные вещи не подлежат вывозу из России, поэтому не стал вносить книгу в декларацию.",train,synthetic_augmented_from_open_clean,punctuation,"[""comma_subordinate""]","[{""source"": """", ""replacement"": "","", ""edit_type"": ""punctuation_insert"", ""start"": 31, ""end"": 31, ""status"": ""proposed"", ""reason"": """", ""confidence"": 0.85, ""rule_id"": ""comma_subordinate""}]","{""candidate_present"": true, ""candidate_rule_ids"": [""comma_subordinate""], ""carrier_sentence_hash"": ""7c68ebf0a4cdb9abf144466e"", ""clean_hash"": ""12f68a8db795c4d1277007643d2897b17d7e5f77bb060c1f691650acf939f281"", ""error_bearing_span"": [31, 31], ""error_form"": """", ""generation_strategy"": ""corpus_opportunity"", ""license_status"": ""Open Lenta.ru news dataset; verify terms before production."", ""normalized_pair_hash"": ""7c68ebf0a4cdb9abf144466e3ef8787cd7f3d39b5f945b30e128336d28915716"", ""original_clean_sentence"": ""По словам задержанного, он знал, что подобные вещи не подлежат вывозу из России, поэтому не стал вносить книгу в декларацию."", ""rule_ids"": [""comma_subordinate""], ""sentence_id"": ""714:4"", ""source_doc_id"": ""https://lenta.ru/news/1999/10/06/pushkin/"", ""source_name"": ""lenta_news"", ""source_subcorpus"": ""Россия"", ""source_type"": ""synthetic_augmented_from_open_clean"", ""synthetic_source_dataset"": ""synthetic_open_corpus_comma_subordinate"", ""target_family"": ""comma_subordinate"", ""target_form"": "",""}","По словам задержанного, он знал, что подобные вещи не подлежат вывозу из России, поэтому не стал вносить книгу в декларацию.",lenta_news,Россия,False,False,7c68ebf0a4cdb9abf144466e,7c68ebf0a4cdb9abf144466e3ef8787cd7f3d39b5f945b30e128336d28915716,"[""punctuation""]",lenta_news,False,True,news,comma_subordinate,"[{""source"": """", ""replacement"": "","", ""edit_type"": ""punctuation_insert"", ""start"": 31, ""end"": 31, ""status"": ""proposed"", ""reason"": """", ""confidence"": 0.85, ""rule_id"": ""comma_subordinate""}]",rule:comma_subordinate
"Он так же добавил что ночью к нему «приходила мать», которая давно умерла.","Он также добавил, что ночью к нему «приходила мать», которая давно умерла.",train,synthetic_augmented_from_open_clean,punctuation,"[""comma_subordinate""]","[{""source"": """", ""replacement"": "","", ""edit_type"": ""punctuation_insert"", ""start"": 17, ""end"": 17, ""status"": ""proposed"", ""reason"": """", ""confidence"": 0.85, ""rule_id"": ""comma_subordinate""}]","{""candidate_present"": true, ""candidate_rule_ids"": [""comma_subordinate""], ""carrier_sentence_hash"": ""d0b90d5ddb911585fef27287"", ""clean_hash"": ""ae6f55c1bfa2c0b93b059f216e6011fb08ae9d0222a66ea53cafb4e8f1a63de5"", ""error_bearing_span"": [17, 17], ""error_form"": """", ""generation_strategy"": ""corpus_opportunity"", ""license_status"": ""Nerus Lenta annotated corpus; verify terms before production."", ""normalized_pair_hash"": ""8bfdd4b52a6520d3cc3adf4ffab3b2c96490dd0d7afea56c09dfad1929d26dac"", ""original_clean_sentence"": ""Он также добавил, что ночью к нему «приходила мать», которая давно умерла."", ""rule_ids"": [""comma_subordinate""], ""sentence_id"": ""76845"", ""source_doc_id"": ""6480"", ""source_name"": ""nerus_news"", ""source_subcorpus"": ""nerus_lenta"", ""source_type"": ""synthetic_augmented_from_open_clean"", ""synthetic_source_dataset"": ""synthetic_open_corpus_mixed"", ""target_family"": ""comma_subordinate"", ""target_form"": "",""}","Он также добавил, что ночью к нему «приходила мать», которая давно умерла.",nerus_news,nerus_lenta,False,False,8bfdd4b52a6520d3cc3adf4f,8bfdd4b52a6520d3cc3adf4ffab3b2c96490dd0d7afea56c09dfad1929d26dac,"[""punctuation""]",nerus_news,False,True,news,comma_subordinate,"[{""source"": """", ""replacement"": "","", ""edit_type"": ""punctuation_insert"", ""start"": 17, ""end"": 17, ""status"": ""proposed"", ""reason"": """", ""confidence"": 0.85, ""rule_id"": ""comma_subordinate""}]",rule:comma_subordinate
Он объяснил что итоговая таблица задержали ненадолго. Позже отдел согласовал график.... позже редактор проверил запись меткаювнва.,"Он объяснил, что итоговая таблица задержали ненадолго. Позже отдел согласовал график.... позже редактор проверил запись меткаювнва.",train,synthetic_augmented_from_open_clean,punctuation,"[""comma_subordinate""]","[{""source"": """", ""replacement"": "","", ""edit_type"": ""punctuation_insert"", ""start"": 11, ""end"": 11, ""status"": ""proposed"", ""reason"": """", ""confidence"": 0.86, ""rule_id"": ""comma_subordinate""}]","{""candidate_present"": true, ""candidate_rule_ids"": [""comma_subordinate""], ""carrier_sentence_hash"": ""0c67c2c26ad5b2b8f641508e"", ""clean_hash"": ""d62a9b4bd89bc2be56c8dc151cdb3bcb691d7a37e6afd115ec12a726bbdfae55"", ""error_bearing_span"": [11, 11], ""error_form"": """", ""generation_strategy"": ""corpus_opportunity"", ""license_status"": ""Nerus Lenta annotated corpus; verify terms before production."", ""normalized_pair_hash"": ""c2c73415154563ea484a179c296e7a0b7c6bc6c689afae33b17f1277ee6e61ac"", ""original_clean_sentence"": ""Он объяснил, что итоговая таблица задержали ненадолго. Позже отдел согласовал график.... позже редактор проверил запись меткаювнва."", ""rule_ids"": [""comma_subordinate""], ""sentence_id"": ""43631"", ""source_doc_id"": ""3683"", ""source_name"": ""nerus_news"", ""source_subcorpus"": ""nerus_lenta"", ""source_type"": ""synthetic_augmented_from_open_clean"", ""target_family"": ""comma_subordinate"", ""target_form"": "","", ""template_id"": ""synthetic_targeted_comma_subordinate""}","Он объяснил, что итоговая таблица задержали ненадолго. Позже отдел согласовал график.",nerus_news,nerus_lenta,False,False,0c67c2c26ad5b2b8f641508e,0c67c2c26ad5b2b8f641508e5710fd1a453aa51573b2450cf86b51572a74715f,"[""punctuation""]",nerus_news,False,True,news,comma_subordinate,"[{""source"": """", ""replacement"": "","", ""edit_type"": ""punctuation_insert"", ""start"": 11, ""end"": 11, ""status"": ""proposed"", ""reason"": """", ""confidence"": 0.86, ""rule_id"": ""comma_subordinate""}]",rule:comma_subordinate
"Эльдар Рязанов, пришедший на студию кинохроники в 1950-м году, вспоминал что Вертов «превратился в старика с испуганными глазами и доброй, застенчивой улыбкой.","Эльдар Рязанов, пришедший на студию кинохроники в 1950-м году, вспоминал, что Вертов «превратился в старика с испуганными глазами и доброй, застенчивой улыбкой.",train,synthetic_augmented_from_open_clean,punctuation,"[""comma_subordinate""]","[{""source"": """", ""replacement"": "","", ""edit_type"": ""punctuation_insert"", ""start"": 72, ""end"": 72, ""status"": ""proposed"", ""reason"": """", ""confidence"": 0.85, ""rule_id"": ""comma_subordinate""}]","{""candidate_present"": true, ""candidate_rule_ids"": [""comma_subordinate""], ""carrier_sentence_hash"": ""fe82380bdf33930035dae643"", ""clean_hash"": ""cc9bae0ab68453f1241c85841f0f2144578551410286bc553d861d84d2299a54"", ""error_bearing_span"": [72, 72], ""error_form"": """", ""generation_strategy"": ""corpus_opportunity"", ""license_status"": ""OpenCorpora annotated corpus; verify terms before production."", ""normalized_pair_hash"": ""fe82380bdf33930035dae64383fb4290c8854721a199fcfb4724a24dec6e7cf7"", ""original_clean_sentence"": ""Эльдар Рязанов, пришедший на студию кинохроники в 1950-м году, вспоминал, что Вертов «превратился в старика с испуганными глазами и доброй, застенчивой улыбкой."", ""rule_ids"": [""comma_subordinate""], ""sentence_id"": ""3990"", ""source_doc_id"": """", ""source_name"": ""opencorpora"", ""source_subcorpus"": ""opencorpora"", ""source_type"": ""synthetic_augmented_from_open_clean"", ""synthetic_source_dataset"": ""synthetic_open_corpus_comma_subordinate"", ""target_family"": ""comma_subordinate"", ""target_form"": "",""}","Эльдар Рязанов, пришедший на студию кинохроники в 1950-м году, вспоминал, что Вертов «превратился в старика с испуганными глазами и доброй, застенчивой улыбкой.",opencorpora,opencorpora,False,False,fe82380bdf33930035dae643,fe82380bdf33930035dae64383fb4290c8854721a199fcfb4724a24dec6e7cf7,"[""punctuation""]",opencorpora,False,True,mixed_nonfiction,comma_subordinate,"[{""source"": """", ""replacement"": "","", ""edit_type"": ""punctuation_insert"", ""start"": 72, ""end"": 72, ""status"": ""proposed"", ""reason"": """", ""confidence"": 0.85, ""rule_id"": ""comma_subordinate""}]",rule:comma_subordinate
Редактор заметил что важная подпись изменился утром. Вечером автор обновил сводку.... позже редактор проверил запись меткаурнва.,"Редактор заметил, что важная подпись изменился утром. Вечером автор обновил сводку.... позже редактор проверил запись меткаурнва.",train,synthetic_augmented_from_open_clean,punctuation,"[""comma_subordinate""]","[{""source"": """", ""replacement"": "","", ""edit_type"": ""punctuation_insert"", ""start"": 16, ""end"": 16, ""status"": ""proposed"", ""reason"": """", ""confidence"": 0.86, ""rule_id"": ""comma_subordinate""}]","{""candidate_present"": true, ""candidate_rule_ids"": [""comma_subordinate""], ""carrier_sentence_hash"": ""fd3a9df774751d92bd807827"", ""clean_hash"": ""b8ac5c3856a9066afc66ab858c31f5095b83a7023428b2a89dd3ac3d1d0711c3"", ""error_bearing_span"": [16, 16], ""error_form"": """", ""generation_strategy"": ""corpus_opportunity"", ""license_status"": ""Nerus Lenta annotated corpus; verify terms before production."", ""normalized_pair_hash"": ""24226675c4473545c11cbf7a4c4660e91713d7d1b02c2881a0378de2df0d3cff"", ""original_clean_sentence"": ""Редактор заметил, что важная подпись изменился утром. Вечером автор обновил сводку.... позже редактор проверил запись меткаурнва."", ""rule_ids"": [""comma_subordinate""], ""sentence_id"": ""44204"", ""source_doc_id"": ""3731"", ""source_name"": ""nerus_news"", ""source_subcorpus"": ""nerus_lenta"", ""source_type"": ""synthetic_augmented_from_open_clean"", ""target_family"": ""comma_subordinate"", ""target_form"": "","", ""template_id"": ""synthetic_targeted_comma_subordinate""}","Редактор заметил, что важная подпись изменился утром. Вечером автор обновил сводку.",nerus_news,nerus_lenta,False,False,fd3a9df774751d92bd807827,fd3a9df774751d92bd807827073d379df125c8682aac705546cbeab823b54206,"[""punctuation""]",nerus_news,False,True,news,comma_subordinate,"[{""source"": """", ""replacement"": "","", ""edit_type"": ""punctuation_insert"", ""start"": 16, ""end"": 16, ""status"": ""proposed"", ""reason"": """", ""confidence"": 0.86, ""rule_id"": ""comma_subordinate""}]",rule:comma_subordinate
Примерно на 20-й минуте поездки он вышел на палубу чтобы сделать несколько снимков заката.,"Примерно на 20-й минуте поездки он вышел на палубу, чтобы сделать несколько снимков заката.",train,synthetic_augmented_from_open_clean,punctuation,"[""comma_subordinate""]","[{""source"": """", ""replacement"": "","", ""edit_type"": ""punctuation_insert"", ""start"": 50, ""end"": 50, ""status"": ""proposed"", ""reason"": """", ""confidence"": 0.85, ""rule_id"": ""comma_subordinate""}]","{""candidate_present"": true, ""candidate_rule_ids"": [""comma_subordinate""], ""carrier_sentence_hash"": ""8cd2624e7e8b9f0f288c3616"", ""clean_hash"": ""1290dc1ea404c6b013afe74aa2ceaa60508b827f9b09d7e730f4f2cb9cd29974"", ""error_bearing_span"": [50, 50], ""error_form"": """", ""generation_strategy"": ""corpus_opportunity"", ""license_status"": ""Nerus Lenta annotated corpus; verify terms before production."", ""normalized_pair_hash"": ""8cd2624e7e8b9f0f288c361662cb3bbf947a84faf85c8859af1f639d1375dd33"", ""original_clean_sentence"": ""Примерно на 20-й минуте поездки он вышел на палубу, чтобы сделать несколько снимков заката."", ""rule_ids"": [""comma_subordinate""], ""sentence_id"": ""162188"", ""source_doc_id"": ""13615"", ""source_name"": ""nerus_news"", ""source_subcorpus"": ""nerus_lenta"", ""source_type"": ""synthetic_augmented_from_open_clean"", ""synthetic_source_dataset"": ""synthetic_open_corpus_comma_subordinate"", ""target_family"": ""comma_subordinate"", ""target_form"": "",""}","Примерно на 20-й минуте поездки он вышел на палубу, чтобы сделать несколько снимков заката.",nerus_news,nerus_lenta,False,False,8cd2624e7e8b9f0f288c3616,8cd2624e7e8b9f0f288c361662cb3bbf947a84faf85c8859af1f639d1375dd33,"[""punctuation""]",nerus_news,False,True,news,comma_subordinate,"[{""source"": """", ""replacement"": "","", ""edit_type"": ""punctuation_insert"", ""start"": 50, ""end"": 50, ""status"": ""proposed"", ""reason"": """", ""confidence"": 0.85, ""rule_id"": ""comma_subordinate""}]",rule:comma_subordinate
"Он объяснил что свежая сводка задержали ненадолго. Вечером аналитик сверил письмо. Я тоже упражнение проверил утром. Вечером группа обновила запись. В Приморье в штрафном исоляторе ИК-39 найдены мертвыми двое осужденных. Зато решение отвечал руководитель. Затем аналитик сохранил маршрут. По его мнению, ""фонд готов одобрить макроэкономическую политику российского правительства, но оказался не готов дать ему деньги"".","Он объяснил, что свежая сводка задержали ненадолго. Вечером аналитик сверил письмо. Я то же упражнение проверил утром. Вечером группа обновила запись. В Приморье в штрафном изоляторе ИК-39 найдены мертвыми двое осужденных. За то решение отвечал руководитель. Затем аналитик сохранил маршрут. По его мнению, ""фонд готов одобрить макроэкономическую политику российского правительства, но оказался не готов дать ему деньги"".",train,synthetic_augmented_from_open_clean,punctuation,"[""comma_subordinate"", ""context_to_zhe"", ""prefix_s_to_z"", ""context_za_to""]","[{""source"": """", ""replacement"": "","", ""edit_type"": ""punctuation_insert"", ""start"": 11, ""end"": 11, ""status"": ""proposed"", ""reason"": """", ""confidence"": 0.86, ""rule_id"": ""comma_subordinate""}, {""source"": ""тоже"", ""replacement"": ""то же"", ""edit_type"": ""split_word"", ""start"": 85, ""end"": 89, ""status"": ""proposed"", ""reason"": """", ""confidence"": 0.35, ""rule_id"": ""context_to_zhe""}, {""source"": ""исоляторе"", ""replacement"": ""изоляторе"", ""edit_type"": ""spelling_replace"", ""start"": 171, ""end"": 180, ""status"": ""proposed"", ""reason"": """", ""confidence"": 0.95, ""rule_id"": ""prefix_s_to_z""}, {""source"": ""Зато"", ""replacement"": ""за то"", ""edit_type"": ""split_word"", ""start"": 0, ""end"": 225, ""status"": ""proposed"", ""reason"": """", ""confidence"": 0.35, ""rule_id"": ""context_za_to""}, {""source"": ""Зато"", ""replacement"": ""За то"", ""edit_type"": ""split_word"", ""start"": 0, ""end"": 225, ""status"": ""proposed"", ""reason"": """", ""confidence"": 0.35, ""rule_id"": ""context_za_to""}]","{""candidate_present"": true, ""candidate_rule_ids"": [""comma_subordinate"", ""context_to_zhe"", ""context_za_to"", ""prefix_s_to_z""], ""carrier_sentence_hash"": ""759813613f714a665b2f4a57"", ""clean_hash"": ""be99ff782243aa73f0953596a1eb7a579fb45a8071941e2ba65e32210fcbffb1"", ""error_bearing_span"": [11, 11], ""error_count"": 4, ""error_form"": """", ""generation_strategy"": ""multi_error_stress"", ""is_stress"": true, ""license_status"": ""Open Lenta.ru news dataset; verify terms before production."", ""original_clean_sentence"": ""Он объяснил, что свежая сводка задержали ненадолго. Вечером аналитик сверил письмо. Я то же упражнение проверил утром. Вечером группа обновила запись. В Приморье в штрафном изоляторе ИК-39 найдены мертвыми двое осужденных. За то решение отвечал руководитель. Затем аналитик сохранил маршрут. По его мнению, \""фонд готов одобрить макроэкономическую политику российского правительства, но оказался не готов дать ему деньги\""."", ""rule_ids"": [""comma_subordinate"", ""context_to_zhe"", ""prefix_s_to_z"", ""context_za_to""], ""sentence_id"": ""2340:5"", ""source_doc_id"": ""https://lenta.ru/news/1999/12/07/imf/"", ""source_name"": ""lenta_news"", ""source_subcorpus"": ""Экономика"", ""source_type"": ""synthetic_augmented_from_open_clean"", ""target_family"": ""comma_subordinate"", ""target_form"": "",""}","Он объяснил, что свежая сводка задержали ненадолго. Вечером аналитик сверил письмо. Я то же упражнение проверил утром. Вечером группа обновила запись. В Приморье в штрафном изоляторе ИК-39 найдены мертвыми двое осужденных. За то решение отвечал руководитель. Затем аналитик сохранил маршрут. По его мнению, ""фонд готов одобрить макроэкономическую политику российского правительства, но оказался не готов дать ему деньги"".",lenta_news,Экономика,False,False,a7ff73afd5ff0c9dbe6a94a3,a7ff73afd5ff0c9dbe6a94a3198d8a0749557a0f5ac906ddcbc9bbbafce0c059,"[""punctuation"", ""spelling"", ""split_join""]",lenta_news,False,True,news,comma_subordinate,"[{""source"": """", ""replacement"": "","", ""edit_type"": ""punctuation_insert"", ""start"": 11, ""end"": 11, ""status"": ""proposed"", ""reason"": """", ""confidence"": 0.86, ""rule_id"": ""comma_subordinate""}, {""source"": ""тоже"", ""replacement"": ""то же"", ""edit_type"": ""split_word"", ""start"": 85, ""end"": 89, ""status"": ""proposed"", ""reason"": """", ""confidence"": 0.35, ""rule_id"": ""context_to_zhe""}, {""source"": ""исоляторе"", ""replacement"": ""изоляторе"", ""edit_type"": ""spelling_replace"", ""start"": 171, ""end"": 180, ""status"": ""proposed"", ""reason"": """", ""confidence"": 0.95, ""rule_id"": ""prefix_s_to_z""}, {""source"": ""Зато"", ""replacement"": ""за то"", ""edit_type"": ""split_word"", ""start"": 0, ""end"": 225, ""status"": ""proposed"", ""reason"": """", ""confidence"": 0.35, ""rule_id"": ""context_za_to""}, {""source"": ""Зато"", ""replacement"": ""За то"", ""edit_type"": ""split_word"", ""start"": 0, ""end"": 225, ""status"": ""proposed"", ""reason"": """", ""confidence"": 0.35, ""rule_id"": ""context_za_to""}]",rule:comma_subordinate
Я думаю что длинная запись готов к отправке. Утром служба уточнила график.... позже редактор проверил запись меткачинва.,"Я думаю, что длинная запись готов к отправке. Утром служба уточнила график.... позже редактор проверил запись меткачинва.",train,synthetic_augmented_from_open_clean,punctuation,"[""comma_subordinate""]","[{""source"": """", ""replacement"": "","", ""edit_type"": ""punctuation_insert"", ""start"": 7, ""end"": 7, ""status"": ""proposed"", ""reason"": """", ""confidence"": 0.86, ""rule_id"": ""comma_subordinate""}]","{""candidate_present"": true, ""candidate_rule_ids"": [""comma_subordinate""], ""carrier_sentence_hash"": ""ba8c77f7e733fe7d05872ce0"", ""clean_hash"": ""618da680cefe34f98c4dcc02751af97222ba7173ea6963ae8235101bde9f311b"", ""error_bearing_span"": [7, 7], ""error_form"": """", ""generation_strategy"": ""corpus_opportunity"", ""license_status"": ""Nerus Lenta annotated corpus; verify terms before production."", ""normalized_pair_hash"": ""4d81c2bb1a15c0420abf151ef34cb342d48a22f67c3ac2d333718996e6a36a45"", ""original_clean_sentence"": ""Я думаю, что длинная запись готов к отправке. Утром служба уточнила график.... позже редактор проверил запись меткачинва."", ""rule_ids"": [""comma_subordinate""], ""sentence_id"": ""43918"", ""source_doc_id"": ""3707"", ""source_name"": ""nerus_news"", ""source_subcorpus"": ""nerus_lenta"", ""source_type"": ""synthetic_augmented_from_open_clean"", ""target_family"": ""comma_subordinate"", ""target_form"": "","", ""template_id"": ""synthetic_targeted_comma_subordinate""}","Я думаю, что длинная запись готов к отправке. Утром служба уточнила график.",nerus_news,nerus_lenta,False,False,ba8c77f7e733fe7d05872ce0,ba8c77f7e733fe7d05872ce077d3fa8fbec9e2b4252d8cf2a703fe03096375ca,"[""punctuation""]",nerus_news,False,True,news,comma_subordinate,"[{""source"": """", ""replacement"": "","", ""edit_type"": ""punctuation_insert"", ""start"": 7, ""end"": 7, ""status"": ""proposed"", ""reason"": """", ""confidence"": 0.86, ""rule_id"": ""comma_subordinate""}]",rule:comma_subordinate
Проект готов потому что важная подпись уже согласован. Утром секретарь открыл папку.... позже редактор проверил запись меткаэрмва.,"Проект готов, потому что важная подпись уже согласован. Утром секретарь открыл папку.... позже редактор проверил запись меткаэрмва.",train,synthetic_augmented_from_open_clean,punctuation,"[""comma_subordinate""]","[{""source"": """", ""replacement"": "","", ""edit_type"": ""punctuation_insert"", ""start"": 12, ""end"": 12, ""status"": ""proposed"", ""reason"": """", ""confidence"": 0.86, ""rule_id"": ""comma_subordinate""}]","{""candidate_present"": true, ""candidate_rule_ids"": [""comma_subordinate""], ""carrier_sentence_hash"": ""28b037205835ee0f16869900"", ""clean_hash"": ""4dbb285f5e41e71a40a2387e8bf64d26f2515b4ec886a9b3273573573262f3fb"", ""error_bearing_span"": [12, 12], ""error_form"": """", ""generation_strategy"": ""corpus_opportunity"", ""license_status"": ""Nerus Lenta annotated corpus; verify terms before production."", ""normalized_pair_hash"": ""269698bc928b320688a87c5d280ca197173a382c761c804a7a5db8a18f081b30"", ""original_clean_sentence"": ""Проект готов, потому что важная подпись уже согласован. Утром секретарь открыл папку.... позже редактор проверил запись меткаэрмва."", ""rule_ids"": [""comma_subordinate""], ""sentence_id"": ""42947"", ""source_doc_id"": ""3628"", ""source_name"": ""nerus_news"", ""source_subcorpus"": ""nerus_lenta"", ""source_type"": ""synthetic_augmented_from_open_clean"", ""target_family"": ""comma_subordinate"", ""target_form"": "","", ""template_id"": ""synthetic_targeted_comma_subordinate""}","Проект готов, потому что важная подпись уже согласован. Утром секретарь открыл папку.",nerus_news,nerus_lenta,False,False,28b037205835ee0f16869900,28b037205835ee0f16869900aecc3ff97377c932e14e165afd81fc23fcbef31e,"[""punctuation""]",nerus_news,False,True,news,comma_subordinate,"[{""source"": """", ""replacement"": "","", ""edit_type"": ""punctuation_insert"", ""start"": 12, ""end"": 12, ""status"": ""proposed"", ""reason"": """", ""confidence"": 0.86, ""rule_id"": ""comma_subordinate""}]",rule:comma_subordinate
Команда решила что районная комиссия нужно проверить. После проверки редактор уточнил справку.... позже редактор проверил запись меткапомва.,"Команда решила, что районная комиссия нужно проверить. После проверки редактор уточнил справку.... позже редактор проверил запись меткапомва.",train,synthetic_augmented_from_open_clean,punctuation,"[""comma_subordinate""]","[{""source"": """", ""replacement"": "","", ""edit_type"": ""punctuation_insert"", ""start"": 14, ""end"": 14, ""status"": ""proposed"", ""reason"": """", ""confidence"": 0.86, ""rule_id"": ""comma_subordinate""}]","{""candidate_present"": true, ""candidate_rule_ids"": [""comma_subordinate""], ""carrier_sentence_hash"": ""bb3ac3381ddce2752fc133a5"", ""clean_hash"": ""45b5f33a48c86d22e59848747d26f2ff2f1878f52cd3beef12c7c92a366d8634"", ""error_bearing_span"": [14, 14], ""error_form"": """", ""generation_strategy"": ""corpus_opportunity"", ""license_status"": ""Nerus Lenta annotated corpus; verify terms before production."", ""normalized_pair_hash"": ""cbc97c4efe1cc03285993acc740322f2f70c9a0bf4a568ada780d02a9ceb964e"", ""original_clean_sentence"": ""Команда решила, что районная комиссия нужно проверить. После проверки редактор уточнил справку.... позже редактор проверил запись меткапомва."", ""rule_ids"": [""comma_subordinate""], ""sentence_id"": ""42818"", ""source_doc_id"": ""3618"", ""source_name"": ""nerus_news"", ""source_subcorpus"": ""nerus_lenta"", ""source_type"": ""synthetic_augmented_from_open_clean"", ""target_family"": ""comma_subordinate"", ""target_form"": "","", ""template_id"": ""synthetic_targeted_comma_subordinate""}","Команда решила, что районная комиссия нужно проверить. После проверки редактор уточнил справку.",nerus_news,nerus_lenta,False,False,bb3ac3381ddce2752fc133a5,bb3ac3381ddce2752fc133a5320a9bd2df84b2a0fb6db5d7995abfcb83ea53bd,"[""punctuation""]",nerus_news,False,True,news,comma_subordinate,"[{""source"": """", ""replacement"": "","", ""edit_type"": ""punctuation_insert"", ""start"": 14, ""end"": 14, ""status"": ""proposed"", ""reason"": """", ""confidence"": 0.86, ""rule_id"": ""comma_subordinate""}]",rule:comma_subordinate
"Редактор заметил что подготовленный список изменился утром. После обеда координатор принял протокол. В заявлении пв указали слово библотека. В настоящее время площадь пожара составляет 400 квадратных метров, произошло частичное обрушение кровли Французский агент пришел сдаваться в воронежское УФСБ В Воронежское областное управление ФСБ пришол с повинной гражданин России, завербованный французской разведкой, сообщают НТВ и РИА ""Новости"". До сих пор никто не взял на себя ответственности за этот взрыв, сообщает информационная служба ВВС.","Редактор заметил, что подготовленный список изменился утром. После обеда координатор принял протокол. В заявлении пв указали слово библиотека. В настоящее время площадь пожара составляет 400 квадратных метров, произошло частичное обрушение кровли. Французский агент пришел сдаваться в воронежское УФСБ В Воронежское областное управление ФСБ пришел с повинной гражданин России, завербованный французской разведкой, сообщают НТВ и РИА ""Новости"". До сих пор никто не взял на себя ответственности за этот взрыв, сообщает информационная служба ВВС.",train,synthetic_augmented_from_open_clean,punctuation,"[""comma_subordinate"", ""missing_letter_candidate"", ""final_punctuation_default"", ""frequent_error_exact""]","[{""source"": """", ""replacement"": "","", ""edit_type"": ""punctuation_insert"", ""start"": 16, ""end"": 16, ""status"": ""proposed"", ""reason"": """", ""confidence"": 0.86, ""rule_id"": ""comma_subordinate""}, {""source"": ""библотека"", ""replacement"": ""библиотека"", ""edit_type"": ""spelling_replace"", ""start"": 130, ""end"": 139, ""status"": ""proposed"", ""reason"": """", ""confidence"": 0.9, ""rule_id"": ""missing_letter_candidate""}, {""source"": """", ""replacement"": ""."", ""edit_type"": ""final_punctuation"", ""start"": 244, ""end"": 244, ""status"": ""proposed"", ""reason"": """", ""confidence"": 0.9, ""rule_id"": ""final_punctuation_default""}, {""source"": ""шол"", ""replacement"": ""шел"", ""edit_type"": ""spelling_replace"", ""start"": 341, ""end"": 344, ""status"": ""proposed"", ""reason"": """", ""confidence"": 0.95, ""rule_id"": ""frequent_error_exact""}, {""source"": ""пришол"", ""replacement"": ""пришел"", ""edit_type"": ""spelling_replace"", ""start"": 338, ""end"": 344, ""status"": ""proposed"", ""reason"": """", ""confidence"": 0.95, ""rule_id"": ""frequent_error_exact""}]","{""candidate_present"": true, ""candidate_rule_ids"": [""comma_subordinate"", ""final_punctuation_default"", ""frequent_error_exact"", ""missing_letter_candidate""], ""carrier_sentence_hash"": ""13e02906f6cad55562664d3d"", ""clean_hash"": ""d30d87a3b2fe7e08d9f7d59a963c26a21efcc60d4b66ba784113ae86c7a59925"", ""error_bearing_span"": [16, 16], ""error_count"": 4, ""error_form"": """", ""generation_strategy"": ""multi_error_stress"", ""is_stress"": true, ""license_status"": ""Open Lenta.ru news dataset; verify terms before production."", ""original_clean_sentence"": ""Редактор заметил, что подготовленный список изменился утром. После обеда координатор принял протокол. В заявлении пв указали слово библиотека. В настоящее время площадь пожара составляет 400 квадратных метров, произошло частичное обрушение кровли. Французский агент пришел сдаваться в воронежское УФСБ В Воронежское областное управление ФСБ пришел с повинной гражданин России, завербованный французской разведкой, сообщают НТВ и РИА \""Новости\"". До сих пор никто не взял на себя ответственности за этот взрыв, сообщает информационная служба ВВС."", ""rule_ids"": [""comma_subordinate"", ""missing_letter_candidate"", ""final_punctuation_default"", ""frequent_error_exact""], ""sentence_id"": ""2107:5"", ""source_doc_id"": ""https://lenta.ru/news/1999/11/29/capetown/"", ""source_name"": ""lenta_news"", ""source_subcorpus"": ""Мир"", ""source_type"": ""synthetic_augmented_from_open_clean"", ""target_family"": ""comma_subordinate"", ""target_form"": "",""}","Редактор заметил, что подготовленный список изменился утром. После обеда координатор принял протокол. В заявлении пв указали слово библиотека. В настоящее время площадь пожара составляет 400 квадратных метров, произошло частичное обрушение кровли. Французский агент пришел сдаваться в воронежское УФСБ В Воронежское областное управление ФСБ пришел с повинной гражданин России, завербованный французской разведкой, сообщают НТВ и РИА ""Новости"". До сих пор никто не взял на себя ответственности за этот взрыв, сообщает информационная служба ВВС.",lenta_news,Мир,False,False,5cc4cde984c274170ab09ad2,5cc4cde984c274170ab09ad24580d443802b8830c0a71303bee6073e66fc8791,"[""final_punctuation"", ""punctuation"", ""spelling""]",lenta_news,False,True,news,comma_subordinate,"[{""source"": """", ""replacement"": "","", ""edit_type"": ""punctuation_insert"", ""start"": 16, ""end"": 16, ""status"": ""proposed"", ""reason"": """", ""confidence"": 0.86, ""rule_id"": ""comma_subordinate""}, {""source"": ""библотека"", ""replacement"": ""библиотека"", ""edit_type"": ""spelling_replace"", ""start"": 130, ""end"": 139, ""status"": ""proposed"", ""reason"": """", ""confidence"": 0.9, ""rule_id"": ""missing_letter_candidate""}, {""source"": """", ""replacement"": ""."", ""edit_type"": ""final_punctuation"", ""start"": 244, ""end"": 244, ""status"": ""proposed"", ""reason"": """", ""confidence"": 0.9, ""rule_id"": ""final_punctuation_default""}, {""source"": ""шол"", ""replacement"": ""шел"", ""edit_type"": ""spelling_replace"", ""start"": 341, ""end"": 344, ""status"": ""proposed"", ""reason"": """", ""confidence"": 0.95, ""rule_id"": ""frequent_error_exact""}, {""source"": ""пришол"", ""replacement"": ""пришел"", ""edit_type"": ""spelling_replace"", ""start"": 338, ""end"": 344, ""status"": ""proposed"", ""reason"": """", ""confidence"": 0.95, ""rule_id"": ""frequent_error_exact""}]",rule:comma_subordinate
Он объяснил что точный план задержали ненадолго. Позже группа обсудила договор..,"Он объяснил, что точный план задержали ненадолго. Позже группа обсудила договор..",train,synthetic_augmented_from_open_clean,punctuation,"[""comma_subordinate""]","[{""source"": """", ""replacement"": "","", ""edit_type"": ""punctuation_insert"", ""start"": 11, ""end"": 11, ""status"": ""proposed"", ""reason"": """", ""confidence"": 0.86, ""rule_id"": ""comma_subordinate""}]","{""candidate_present"": true, ""candidate_rule_ids"": [""comma_subordinate""], ""carrier_sentence_hash"": ""53ad1812442f70731c92e971"", ""clean_hash"": ""d93e6960a5d3a3016e0da398973cd2dd991ed3624cb2bb6aaafbf8728ef6be9a"", ""error_bearing_span"": [11, 11], ""error_form"": """", ""generation_strategy"": ""corpus_opportunity"", ""license_status"": ""Nerus Lenta annotated corpus; verify terms before production."", ""normalized_pair_hash"": ""53ad1812442f70731c92e97196c6ffdd15e107f225cdf44a8f974ca878db3282"", ""original_clean_sentence"": ""Он объяснил, что точный план задержали ненадолго. Позже группа обсудила договор. ????? ???????? ???????? ???????? ???."", ""rule_ids"": [""comma_subordinate""], ""sentence_id"": ""42305"", ""source_doc_id"": ""3577"", ""source_name"": ""nerus_news"", ""source_subcorpus"": ""nerus_lenta"", ""source_type"": ""synthetic_augmented_from_open_clean"", ""target_family"": ""comma_subordinate"", ""target_form"": "","", ""template_id"": ""synthetic_targeted_comma_subordinate""}","Он объяснил, что точный план задержали ненадолго. Позже группа обсудила договор.",nerus_news,nerus_lenta,False,False,53ad1812442f70731c92e971,53ad1812442f70731c92e97196c6ffdd15e107f225cdf44a8f974ca878db3282,"[""punctuation""]",nerus_news,False,True,news,comma_subordinate,"[{""source"": """", ""replacement"": "","", ""edit_type"": ""punctuation_insert"", ""start"": 11, ""end"": 11, ""status"": ""proposed"", ""reason"": """", ""confidence"": 0.86, ""rule_id"": ""comma_subordinate""}]",rule:comma_subordinate
Отчет задержали потому что проверенный файл вернули позже. Позже комиссия сохранила решение..,"Отчет задержали, потому что проверенный файл вернули позже. Позже комиссия сохранила решение..",train,synthetic_augmented_from_open_clean,punctuation,"[""comma_subordinate""]","[{""source"": """", ""replacement"": "","", ""edit_type"": ""punctuation_insert"", ""start"": 15, ""end"": 15, ""status"": ""proposed"", ""reason"": """", ""confidence"": 0.86, ""rule_id"": ""comma_subordinate""}]","{""candidate_present"": true, ""candidate_rule_ids"": [""comma_subordinate""], ""carrier_sentence_hash"": ""d9c98503c2d67b4943aac6cd"", ""clean_hash"": ""69040cc88c206f6ef1791106ca3706f8fbdd647f753617bda4ceb2c6449f4731"", ""error_bearing_span"": [15, 15], ""error_form"": """", ""generation_strategy"": ""fallback_natural_template"", ""license_status"": ""Nerus Lenta annotated corpus; verify terms before production."", ""normalized_pair_hash"": ""d9c98503c2d67b4943aac6cd7fa678837fc4328bfbe55da97de2c15dd88d37af"", ""original_clean_sentence"": ""Отчет задержали, потому что проверенный файл вернули позже. Позже комиссия сохранила решение. ????? ???????? ???????? ???????? ???."", ""rule_ids"": [""comma_subordinate""], ""sentence_id"": ""42575"", ""source_doc_id"": ""3599"", ""source_name"": ""nerus_news"", ""source_subcorpus"": ""nerus_lenta"", ""source_type"": ""synthetic_augmented_from_open_clean"", ""target_family"": ""comma_subordinate"", ""target_form"": "","", ""template_id"": ""synthetic_targeted_comma_subordinate""}","Отчет задержали, потому что проверенный файл вернули позже. Позже комиссия сохранила решение.",nerus_news,nerus_lenta,False,False,d9c98503c2d67b4943aac6cd,d9c98503c2d67b4943aac6cd7fa678837fc4328bfbe55da97de2c15dd88d37af,"[""punctuation""]",nerus_news,False,True,news,comma_subordinate,"[{""source"": """", ""replacement"": "","", ""edit_type"": ""punctuation_insert"", ""start"": 15, ""end"": 15, ""status"": ""proposed"", ""reason"": """", ""confidence"": 0.86, ""rule_id"": ""comma_subordinate""}]",rule:comma_subordinate
"Он подчеркнул что ""на большей части территории Чечни начинается нормальная жизнь, и там уже даже есть те, кто может платить налоги"".","Он подчеркнул, что ""на большей части территории Чечни начинается нормальная жизнь, и там уже даже есть те, кто может платить налоги"".",train,synthetic_augmented_from_open_clean,punctuation,"[""comma_subordinate""]","[{""source"": """", ""replacement"": "","", ""edit_type"": ""punctuation_insert"", ""start"": 13, ""end"": 13, ""status"": ""proposed"", ""reason"": """", ""confidence"": 0.85, ""rule_id"": ""comma_subordinate""}]","{""candidate_present"": true, ""candidate_rule_ids"": [""comma_subordinate""], ""carrier_sentence_hash"": ""be6a76177ed701d0eb3d8087"", ""clean_hash"": ""bb43a3251452b0007e97a55d11c66c83275cd7073b16721ee07037ffb423d18a"", ""error_bearing_span"": [13, 13], ""error_form"": """", ""generation_strategy"": ""corpus_opportunity"", ""license_status"": ""Open Lenta.ru news dataset; verify terms before production."", ""normalized_pair_hash"": ""be6a76177ed701d0eb3d8087b6aa23975f3a36a40391d2baffbe898e51f0d5b4"", ""original_clean_sentence"": ""Он подчеркнул, что \""на большей части территории Чечни начинается нормальная жизнь, и там уже даже есть те, кто может платить налоги\""."", ""rule_ids"": [""comma_subordinate""], ""sentence_id"": ""3654:2"", ""source_doc_id"": ""https://lenta.ru/news/2000/01/27/mns/"", ""source_name"": ""lenta_news"", ""source_subcorpus"": ""Россия"", ""source_type"": ""synthetic_augmented_from_open_clean"", ""synthetic_source_dataset"": ""synthetic_open_corpus_comma_subordinate"", ""target_family"": ""comma_subordinate"", ""target_form"": "",""}","Он подчеркнул, что ""на большей части территории Чечни начинается нормальная жизнь, и там уже даже есть те, кто может платить налоги"".",lenta_news,Россия,False,False,be6a76177ed701d0eb3d8087,be6a76177ed701d0eb3d8087b6aa23975f3a36a40391d2baffbe898e51f0d5b4,"[""punctuation""]",lenta_news,False,True,news,comma_subordinate,"[{""source"": """", ""replacement"": "","", ""edit_type"": ""punctuation_insert"", ""start"": 13, ""end"": 13, ""status"": ""proposed"", ""reason"": """", ""confidence"": 0.85, ""rule_id"": ""comma_subordinate""}]",rule:comma_subordinate
Он объяснил что учебная таблица задержали ненадолго. После встречи редактор сохранил таблицу..,"Он объяснил, что учебная таблица задержали ненадолго. После встречи редактор сохранил таблицу..",train,synthetic_augmented_from_open_clean,punctuation,"[""comma_subordinate""]","[{""source"": """", ""replacement"": "","", ""edit_type"": ""punctuation_insert"", ""start"": 11, ""end"": 11, ""status"": ""proposed"", ""reason"": """", ""confidence"": 0.86, ""rule_id"": ""comma_subordinate""}]","{""candidate_present"": true, ""candidate_rule_ids"": [""comma_subordinate""], ""carrier_sentence_hash"": ""b17e32f20271f697d78d0eed"", ""clean_hash"": ""1cae25274118cfe1a197ea77121f63c9725e03ce85136fa41506de01dd84b205"", ""error_bearing_span"": [11, 11], ""error_form"": """", ""generation_strategy"": ""corpus_opportunity"", ""license_status"": ""Nerus Lenta annotated corpus; verify terms before production."", ""normalized_pair_hash"": ""b17e32f20271f697d78d0eedcaff127c24e227296fac1922458671987dc7e4f6"", ""original_clean_sentence"": ""Он объяснил, что учебная таблица задержали ненадолго. После встречи редактор сохранил таблицу. ????? ???????? ???????? ???????? ???."", ""rule_ids"": [""comma_subordinate""], ""sentence_id"": ""42547"", ""source_doc_id"": ""3596"", ""source_name"": ""nerus_news"", ""source_subcorpus"": ""nerus_lenta"", ""source_type"": ""synthetic_augmented_from_open_clean"", ""target_family"": ""comma_subordinate"", ""target_form"": "","", ""template_id"": ""synthetic_targeted_comma_subordinate""}","Он объяснил, что учебная таблица задержали ненадолго. После встречи редактор сохранил таблицу.",nerus_news,nerus_lenta,False,False,b17e32f20271f697d78d0eed,b17e32f20271f697d78d0eedcaff127c24e227296fac1922458671987dc7e4f6,"[""punctuation""]",nerus_news,False,True,news,comma_subordinate,"[{""source"": """", ""replacement"": "","", ""edit_type"": ""punctuation_insert"", ""start"": 11, ""end"": 11, ""status"": ""proposed"", ""reason"": """", ""confidence"": 0.86, ""rule_id"": ""comma_subordinate""}]",rule:comma_subordinate
Я думаю что важный договор готов к отправке. Позже служба согласовала заявку.... позже редактор проверил запись меткаацмва.,"Я думаю, что важный договор готов к отправке. Позже служба согласовала заявку.... позже редактор проверил запись меткаацмва.",train,synthetic_augmented_from_open_clean,punctuation,"[""comma_subordinate""]","[{""source"": """", ""replacement"": "","", ""edit_type"": ""punctuation_insert"", ""start"": 7, ""end"": 7, ""status"": ""proposed"", ""reason"": """", ""confidence"": 0.86, ""rule_id"": ""comma_subordinate""}]","{""candidate_present"": true, ""candidate_rule_ids"": [""comma_subordinate""], ""carrier_sentence_hash"": ""4897fcc91d1150973f51c07a"", ""clean_hash"": ""1eed1b634ca925e34ff6ebbd7329fae65f2efd9748b0260bec4b92665636f8d9"", ""error_bearing_span"": [7, 7], ""error_form"": """", ""generation_strategy"": ""corpus_opportunity"", ""license_status"": ""Nerus Lenta annotated corpus; verify terms before production."", ""normalized_pair_hash"": ""428f84e5639c2e33ef93c5a01873ae2b8cfaf4454b1264a272bd6867829ef065"", ""original_clean_sentence"": ""Я думаю, что важный договор готов к отправке. Позже служба согласовала заявку.... позже редактор проверил запись меткаацмва."", ""rule_ids"": [""comma_subordinate""], ""sentence_id"": ""43173"", ""source_doc_id"": ""3646"", ""source_name"": ""nerus_news"", ""source_subcorpus"": ""nerus_lenta"", ""source_type"": ""synthetic_augmented_from_open_clean"", ""target_family"": ""comma_subordinate"", ""target_form"": "","", ""template_id"": ""synthetic_targeted_comma_subordinate""}","Я думаю, что важный договор готов к отправке. Позже служба согласовала заявку.",nerus_news,nerus_lenta,False,False,4897fcc91d1150973f51c07a,4897fcc91d1150973f51c07a58e5aca957b46e3851aed41ede98dc0dfb3b3cb0,"[""punctuation""]",nerus_news,False,True,news,comma_subordinate,"[{""source"": """", ""replacement"": "","", ""edit_type"": ""punctuation_insert"", ""start"": 7, ""end"": 7, ""status"": ""proposed"", ""reason"": """", ""confidence"": 0.86, ""rule_id"": ""comma_subordinate""}]",rule:comma_subordinate
Я думаю что осенняя проверка готов к отправке. После обеда группа уточнила таблицу.... позже редактор проверил запись меткажрмва.,"Я думаю, что осенняя проверка готов к отправке. После обеда группа уточнила таблицу.... позже редактор проверил запись меткажрмва.",train,synthetic_augmented_from_open_clean,punctuation,"[""comma_subordinate""]","[{""source"": """", ""replacement"": "","", ""edit_type"": ""punctuation_insert"", ""start"": 7, ""end"": 7, ""status"": ""proposed"", ""reason"": """", ""confidence"": 0.86, ""rule_id"": ""comma_subordinate""}]","{""candidate_present"": true, ""candidate_rule_ids"": [""comma_subordinate""], ""carrier_sentence_hash"": ""d19cce6ee65237f31326be2d"", ""clean_hash"": ""e33f43369d0ae578031f6b0b9a267950e5cb35b4e124c0b6d8ba811304bf7e6a"", ""error_bearing_span"": [7, 7], ""error_form"": """", ""generation_strategy"": ""corpus_opportunity"", ""license_status"": ""Nerus Lenta annotated corpus; verify terms before production."", ""normalized_pair_hash"": ""2d5f706088d21f3461d355304a00da70fb5492e4b22c3cbe238843d44527ee97"", ""original_clean_sentence"": ""Я думаю, что осенняя проверка готов к отправке. После обеда группа уточнила таблицу.... позже редактор проверил запись меткажрмва."", ""rule_ids"": [""comma_subordinate""], ""sentence_id"": ""42895"", ""source_doc_id"": ""3625"", ""source_name"": ""nerus_news"", ""source_subcorpus"": ""nerus_lenta"", ""source_type"": ""synthetic_augmented_from_open_clean"", ""target_family"": ""comma_subordinate"", ""target_form"": "","", ""template_id"": ""synthetic_targeted_comma_subordinate""}","Я думаю, что осенняя проверка готов к отправке. После обеда группа уточнила таблицу.",nerus_news,nerus_lenta,False,False,d19cce6ee65237f31326be2d,d19cce6ee65237f31326be2dc04ce700a534c261c3e7cc016e817ce0c7e19c02,"[""punctuation""]",nerus_news,False,True,news,comma_subordinate,"[{""source"": """", ""replacement"": "","", ""edit_type"": ""punctuation_insert"", ""start"": 7, ""end"": 7, ""status"": ""proposed"", ""reason"": """", ""confidence"": 0.86, ""rule_id"": ""comma_subordinate""}]",rule:comma_subordinate
Команда работала по старому. Вечером аналитик сверил письмо.... позже редактор проверил запись меткакитда.,Команда работала по-старому. Вечером аналитик сверил письмо.... позже редактор проверил запись меткакитда.,train,synthetic_augmented_from_open_clean,hyphen,"[""hyphen_po_adverbs""]","[{""source"": ""по старому"", ""replacement"": ""по-старому"", ""edit_type"": ""hyphen_change"", ""start"": 17, ""end"": 27, ""status"": ""proposed"", ""reason"": """", ""confidence"": 0.95, ""rule_id"": ""hyphen_po_adverbs""}]","{""candidate_present"": true, ""candidate_rule_ids"": [""hyphen_po_adverbs""], ""carrier_sentence_hash"": ""55de770c2553a7efb7a9de69"", ""clean_hash"": ""a10b322daa1db4a3bd0481c9a4d46768527987bd02810bd5615a288735cb555a"", ""error_bearing_span"": [17, 27], ""error_form"": ""по старому"", ""generation_strategy"": ""corpus_opportunity"", ""license_status"": ""Open Lenta.ru news dataset; verify terms before production."", ""normalized_pair_hash"": ""0162fa7fe6d267da48f445cb204430ce9eeef3c8b34494e90aa62f1adcc103e8"", ""original_clean_sentence"": ""Команда работала по-старому. Вечером аналитик сверил письмо.... позже редактор проверил запись меткакитда."", ""rule_ids"": [""hyphen_po_adverbs""], ""sentence_id"": ""11611:6"", ""source_doc_id"": ""https://lenta.ru/news/2000/08/16/latvia/"", ""source_name"": ""lenta_news"", ""source_subcorpus"": ""Мир"", ""source_type"": ""synthetic_augmented_from_open_clean"", ""target_family"": ""hyphen_po_adverbs"", ""target_form"": ""по-старому"", ""template_id"": ""synthetic_targeted_hyphen_po_adverbs""}",Команда работала по-старому. Вечером аналитик сверил письмо.,lenta_news,Мир,False,False,269fc0485de0956520935931,269fc0485de0956520935931128dec6f588ecfad3bfef5434713f96c1832203e,"[""hyphen""]",lenta_news,False,True,news,hyphen_po_adverbs,"[{""source"": ""по старому"", ""replacement"": ""по-старому"", ""edit_type"": ""hyphen_change"", ""start"": 17, ""end"": 27, ""status"": ""proposed"", ""reason"": """", ""confidence"": 0.95, ""rule_id"": ""hyphen_po_adverbs""}]",rule:hyphen_po_adverbs
Команда работала по старому. Позже комиссия приняла справку.... позже редактор проверил запись меткаэфсда.,Команда работала по-старому. Позже комиссия приняла справку.... позже редактор проверил запись меткаэфсда.,train,synthetic_augmented_from_open_clean,hyphen,"[""hyphen_po_adverbs""]","[{""source"": ""по старому"", ""replacement"": ""по-старому"", ""edit_type"": ""hyphen_change"", ""start"": 17, ""end"": 27, ""status"": ""proposed"", ""reason"": """", ""confidence"": 0.95, ""rule_id"": ""hyphen_po_adverbs""}]","{""candidate_present"": true, ""candidate_rule_ids"": [""hyphen_po_adverbs""], ""carrier_sentence_hash"": ""55300b00c1f88842b661f733"", ""clean_hash"": ""4c173c345489d7c5355b718813b0a159632a3122add3b39e472a7056595ae570"", ""error_bearing_span"": [17, 27], ""error_form"": ""по старому"", ""generation_strategy"": ""corpus_opportunity"", ""license_status"": ""Open Lenta.ru news dataset; verify terms before production."", ""normalized_pair_hash"": ""0d5087da1137ab67959f7632957118f923f89b3780edac7389faa5c4bfe4d4dd"", ""original_clean_sentence"": ""Команда работала по-старому. Позже комиссия приняла справку.... позже редактор проверил запись меткаэфсда."", ""rule_ids"": [""hyphen_po_adverbs""], ""sentence_id"": ""11491:2"", ""source_doc_id"": ""https://lenta.ru/news/2000/08/13/vybory/"", ""source_name"": ""lenta_news"", ""source_subcorpus"": ""Россия"", ""source_type"": ""synthetic_augmented_from_open_clean"", ""target_family"": ""hyphen_po_adverbs"", ""target_form"": ""по-старому"", ""template_id"": ""synthetic_targeted_hyphen_po_adverbs""}",Команда работала по-старому. Позже комиссия приняла справку.,lenta_news,Россия,False,False,af9af4cd10de3c75d96b7bfb,af9af4cd10de3c75d96b7bfba8cc34e8d3fd05721cb15546604d8fea559e2673,"[""hyphen""]",lenta_news,False,True,news,hyphen_po_adverbs,"[{""source"": ""по старому"", ""replacement"": ""по-старому"", ""edit_type"": ""hyphen_change"", ""start"": 17, ""end"": 27, ""status"": ""proposed"", ""reason"": """", ""confidence"": 0.95, ""rule_id"": ""hyphen_po_adverbs""}]",rule:hyphen_po_adverbs
Редактор ответил по дружески утром. После обеда координатор принял протокол.... позже редактор проверил запись меткадиуда.,Редактор ответил по-дружески утром. После обеда координатор принял протокол.... позже редактор проверил запись меткадиуда.,train,synthetic_augmented_from_open_clean,hyphen,"[""hyphen_po_adverbs""]","[{""source"": ""по дружески"", ""replacement"": ""по-дружески"", ""edit_type"": ""hyphen_change"", ""start"": 17, ""end"": 28, ""status"": ""proposed"", ""reason"": """", ""confidence"": 0.95, ""rule_id"": ""hyphen_po_adverbs""}]","{""candidate_present"": true, ""candidate_rule_ids"": [""hyphen_po_adverbs""], ""carrier_sentence_hash"": ""314d30f0e5f37df7e402a0e0"", ""clean_hash"": ""04ca1055e37c5f69505fb87a06ad3ac973198e13e2fef426b20d90976c5b4138"", ""error_bearing_span"": [17, 28], ""error_form"": ""по дружески"", ""generation_strategy"": ""fallback_natural_template"", ""license_status"": ""Open Lenta.ru news dataset; verify terms before production."", ""normalized_pair_hash"": ""6889499ad2b3f080c44b30aed3b8a4397dff967bc3ff319602ecd2c2b397e568"", ""original_clean_sentence"": ""Редактор ответил по-дружески утром. После обеда координатор принял протокол.... позже редактор проверил запись меткадиуда."", ""rule_ids"": [""hyphen_po_adverbs""], ""sentence_id"": ""11823:4"", ""source_doc_id"": ""https://lenta.ru/news/2000/08/22/submarine_moscow/"", ""source_name"": ""lenta_news"", ""source_subcorpus"": ""Россия"", ""source_type"": ""synthetic_augmented_from_open_clean"", ""target_family"": ""hyphen_po_adverbs"", ""target_form"": ""по-дружески"", ""template_id"": ""synthetic_targeted_hyphen_po_adverbs""}",Редактор ответил по-дружески утром. После обеда координатор принял протокол.,lenta_news,Россия,False,False,f9a0966ea8e4c9fcd563f601,f9a0966ea8e4c9fcd563f6010c83f4705009084f55f7a57a5bafe69053412424,"[""hyphen""]",lenta_news,False,True,news,hyphen_po_adverbs,"[{""source"": ""по дружески"", ""replacement"": ""по-дружески"", ""edit_type"": ""hyphen_change"", ""start"": 17, ""end"": 28, ""status"": ""proposed"", ""reason"": """", ""confidence"": 0.95, ""rule_id"": ""hyphen_po_adverbs""}]",rule:hyphen_po_adverbs
Команда работала по старому. После встречи автор сверил ведомость.... позже редактор проверил запись меткаэдфда.,Команда работала по-старому. После встречи автор сверил ведомость.... позже редактор проверил запись меткаэдфда.,train,synthetic_augmented_from_open_clean,hyphen,"[""hyphen_po_adverbs""]","[{""source"": ""по старому"", ""replacement"": ""по-старому"", ""edit_type"": ""hyphen_change"", ""start"": 17, ""end"": 27, ""status"": ""proposed"", ""reason"": """", ""confidence"": 0.95, ""rule_id"": ""hyphen_po_adverbs""}]","{""candidate_present"": true, ""candidate_rule_ids"": [""hyphen_po_adverbs""], ""carrier_sentence_hash"": ""a61595d6080bd3745a4d79e7"", ""clean_hash"": ""4fc07a25ce0eab72096646ad170cf3528bfcf2ca1996539676105ad4fc291b23"", ""error_bearing_span"": [17, 27], ""error_form"": ""по старому"", ""generation_strategy"": ""fallback_natural_template"", ""license_status"": ""Open Lenta.ru news dataset; verify terms before production."", ""normalized_pair_hash"": ""9a94849576639923edaa9c6ab27dd798dcb02e00154c5e74f20f3e6cb24e91c4"", ""original_clean_sentence"": ""Команда работала по-старому. После встречи автор сверил ведомость.... позже редактор проверил запись меткаэдфда."", ""rule_ids"": [""hyphen_po_adverbs""], ""sentence_id"": ""12009:1"", ""source_doc_id"": ""https://lenta.ru/news/2000/08/25/cash/"", ""source_name"": ""lenta_news"", ""source_subcorpus"": ""Мир"", ""source_type"": ""synthetic_augmented_from_open_clean"", ""target_family"": ""hyphen_po_adverbs"", ""target_form"": ""по-старому"", ""template_id"": ""synthetic_targeted_hyphen_po_adverbs""}",Команда работала по-старому. После встречи автор сверил ведомость.,lenta_news,Мир,False,False,760d503b8f7ff724e211c14c,760d503b8f7ff724e211c14c3c8bce5fcb9602f69cd71fffb1a5be1dedc6166e,"[""hyphen""]",lenta_news,False,True,news,hyphen_po_adverbs,"[{""source"": ""по старому"", ""replacement"": ""по-старому"", ""edit_type"": ""hyphen_change"", ""start"": 17, ""end"": 27, ""status"": ""proposed"", ""reason"": """", ""confidence"": 0.95, ""rule_id"": ""hyphen_po_adverbs""}]",rule:hyphen_po_adverbs
Автор сделал отчет по новому. После проверки руководитель подписал лист.... позже редактор проверил запись меткашжсда.,Автор сделал отчет по-новому. После проверки руководитель подписал лист.... позже редактор проверил запись меткашжсда.,train,synthetic_augmented_from_open_clean,hyphen,"[""hyphen_po_adverbs""]","[{""source"": ""по новому"", ""replacement"": ""по-новому"", ""edit_type"": ""hyphen_change"", ""start"": 19, ""end"": 28, ""status"": ""proposed"", ""reason"": """", ""confidence"": 0.95, ""rule_id"": ""hyphen_po_adverbs""}]","{""candidate_present"": true, ""candidate_rule_ids"": [""hyphen_po_adverbs""], ""carrier_sentence_hash"": ""3bcf991091f5d7d966164b23"", ""clean_hash"": ""c912dcb24f2593f109215b73bb3692b7c3b47ee21b3d45cc5bc72696cc83fb35"", ""error_bearing_span"": [19, 28], ""error_form"": ""по новому"", ""generation_strategy"": ""corpus_opportunity"", ""license_status"": ""Open Lenta.ru news dataset; verify terms before production."", ""normalized_pair_hash"": ""e07f1ebe0aebfa55848cfa6c3e852f1d1ff5e6aacba91a25073ccb125d720a06"", ""original_clean_sentence"": ""Автор сделал отчет по-новому. После проверки руководитель подписал лист.... позже редактор проверил запись меткашжсда."", ""rule_ids"": [""hyphen_po_adverbs""], ""sentence_id"": ""11396:3"", ""source_doc_id"": ""https://lenta.ru/news/2000/08/10/dell/"", ""source_name"": ""lenta_news"", ""source_subcorpus"": ""Интернет и СМИ"", ""source_type"": ""synthetic_augmented_from_open_clean"", ""target_family"": ""hyphen_po_adverbs"", ""target_form"": ""по-новому"", ""template_id"": ""synthetic_targeted_hyphen_po_adverbs""}",Автор сделал отчет по-новому. После проверки руководитель подписал лист.,lenta_news,Интернет и СМИ,False,False,e59978d70673a8889e1c0fe9,e59978d70673a8889e1c0fe98a83804eed288e71650e7d6dba86b641d1ff9732,"[""hyphen""]",lenta_news,False,True,news,hyphen_po_adverbs,"[{""source"": ""по новому"", ""replacement"": ""по-новому"", ""edit_type"": ""hyphen_change"", ""start"": 19, ""end"": 28, ""status"": ""proposed"", ""reason"": """", ""confidence"": 0.95, ""rule_id"": ""hyphen_po_adverbs""}]",rule:hyphen_po_adverbs
Он говорит по русски о проекте. Затем редактор обновил дату.... позже редактор проверил запись меткавясда.,Он говорит по-русски о проекте. Затем редактор обновил дату.... позже редактор проверил запись меткавясда.,train,synthetic_augmented_from_open_clean,hyphen,"[""hyphen_po_adverbs""]","[{""source"": ""по русски"", ""replacement"": ""по-русски"", ""edit_type"": ""hyphen_change"", ""start"": 11, ""end"": 20, ""status"": ""proposed"", ""reason"": """", ""confidence"": 0.95, ""rule_id"": ""hyphen_po_adverbs""}]","{""candidate_present"": true, ""candidate_rule_ids"": [""hyphen_po_adverbs""], ""carrier_sentence_hash"": ""27931a97991ad13f1f9fd479"", ""clean_hash"": ""2db4637f01fb2ff9bbe45eab243206aa4ca8d7701cb029e66f071ccb4e6453f7"", ""error_bearing_span"": [11, 20], ""error_form"": ""по русски"", ""generation_strategy"": ""corpus_opportunity"", ""license_status"": ""Open Lenta.ru news dataset; verify terms before production."", ""normalized_pair_hash"": ""78d57e31608772a1da3aee27cf42265ce750bb1952fc17bef2dde2298d92c7cf"", ""original_clean_sentence"": ""Он говорит по-русски о проекте. Затем редактор обновил дату.... позже редактор проверил запись меткавясда."", ""rule_ids"": [""hyphen_po_adverbs""], ""sentence_id"": ""11544:7"", ""source_doc_id"": ""https://lenta.ru/news/2000/08/14/kosovo/"", ""source_name"": ""lenta_news"", ""source_subcorpus"": ""Мир"", ""source_type"": ""synthetic_augmented_from_open_clean"", ""target_family"": ""hyphen_po_adverbs"", ""target_form"": ""по-русски"", ""template_id"": ""synthetic_targeted_hyphen_po_adverbs""}",Он говорит по-русски о проекте. Затем редактор обновил дату.,lenta_news,Мир,False,False,b839e599b71e883779592603,b839e599b71e8837795926037336f0322b687cb4923f6a035089bb62cf7a6942,"[""hyphen""]",lenta_news,False,True,news,hyphen_po_adverbs,"[{""source"": ""по русски"", ""replacement"": ""по-русски"", ""edit_type"": ""hyphen_change"", ""start"": 11, ""end"": 20, ""status"": ""proposed"", ""reason"": """", ""confidence"": 0.95, ""rule_id"": ""hyphen_po_adverbs""}]",rule:hyphen_po_adverbs
Он говорит по русски о проекте. После обеда комиссия уточнила вывод.... позже редактор проверил запись меткаужсда.,Он говорит по-русски о проекте. После обеда комиссия уточнила вывод.... позже редактор проверил запись меткаужсда.,train,synthetic_augmented_from_open_clean,hyphen,"[""hyphen_po_adverbs""]","[{""source"": ""по русски"", ""replacement"": ""по-русски"", ""edit_type"": ""hyphen_change"", ""start"": 11, ""end"": 20, ""status"": ""proposed"", ""reason"": """", ""confidence"": 0.95, ""rule_id"": ""hyphen_po_adverbs""}]","{""candidate_present"": true, ""candidate_rule_ids"": [""hyphen_po_adverbs""], ""carrier_sentence_hash"": ""629b4dd301fa86f9e55542e0"", ""clean_hash"": ""597620653f9b6a01f017600ee040f5c17d693f83dbaedfcc7bb1eb8b6c3bc309"", ""error_bearing_span"": [11, 20], ""error_form"": ""по русски"", ""generation_strategy"": ""corpus_opportunity"", ""license_status"": ""Open Lenta.ru news dataset; verify terms before production."", ""normalized_pair_hash"": ""fc1c2f54e984499c9c6d5628701d2f60dba89b209aa24a64ea4fbcc237f6da17"", ""original_clean_sentence"": ""Он говорит по-русски о проекте. После обеда комиссия уточнила вывод.... позже редактор проверил запись меткаужсда."", ""rule_ids"": [""hyphen_po_adverbs""], ""sentence_id"": ""11395:10"", ""source_doc_id"": ""https://lenta.ru/news/2000/08/10/aim/"", ""source_name"": ""lenta_news"", ""source_subcorpus"": ""Интернет и СМИ"", ""source_type"": ""synthetic_augmented_from_open_clean"", ""target_family"": ""hyphen_po_adverbs"", ""target_form"": ""по-русски"", ""template_id"": ""synthetic_targeted_hyphen_po_adverbs""}",Он говорит по-русски о проекте. После обеда комиссия уточнила вывод.,lenta_news,Интернет и СМИ,False,False,99427ac80a11bc8da36575c7,99427ac80a11bc8da36575c7cf83ddfcf27119ee946b50f6449f8417c76037d9,"[""hyphen""]",lenta_news,False,True,news,hyphen_po_adverbs,"[{""source"": ""по русски"", ""replacement"": ""по-русски"", ""edit_type"": ""hyphen_change"", ""start"": 11, ""end"": 20, ""status"": ""proposed"", ""reason"": """", ""confidence"": 0.95, ""rule_id"": ""hyphen_po_adverbs""}]",rule:hyphen_po_adverbs
Команда работала по старому. Утром эксперт прочитал письмо.... позже редактор проверил запись меткаеэсда.,Команда работала по-старому. Утром эксперт прочитал письмо.... позже редактор проверил запись меткаеэсда.,train,synthetic_augmented_from_open_clean,hyphen,"[""hyphen_po_adverbs""]","[{""source"": ""по старому"", ""replacement"": ""по-старому"", ""edit_type"": ""hyphen_change"", ""start"": 17, ""end"": 27, ""status"": ""proposed"", ""reason"": """", ""confidence"": 0.95, ""rule_id"": ""hyphen_po_adverbs""}]","{""candidate_present"": true, ""candidate_rule_ids"": [""hyphen_po_adverbs""], ""carrier_sentence_hash"": ""64e52e9ee8f608f9e8ebbcc0"", ""clean_hash"": ""a5e185eccbae570f7b178e68d62d6a264c9122ca7abcaaa0ba433251b40b5608"", ""error_bearing_span"": [17, 27], ""error_form"": ""по старому"", ""generation_strategy"": ""fallback_natural_template"", ""license_status"": ""Open Lenta.ru news dataset; verify terms before production."", ""normalized_pair_hash"": ""0d63c10e48ce94ea001827b4fe333c95ce8112da26f84d9460ff7be8554f45af"", ""original_clean_sentence"": ""Команда работала по-старому. Утром эксперт прочитал письмо.... позже редактор проверил запись меткаеэсда."", ""rule_ids"": [""hyphen_po_adverbs""], ""sentence_id"": ""11529:0"", ""source_doc_id"": ""https://lenta.ru/news/2000/08/14/grozny/"", ""source_name"": ""lenta_news"", ""source_subcorpus"": ""Россия"", ""source_type"": ""synthetic_augmented_from_open_clean"", ""target_family"": ""hyphen_po_adverbs"", ""target_form"": ""по-старому"", ""template_id"": ""synthetic_targeted_hyphen_po_adverbs""}",Команда работала по-старому. Утром эксперт прочитал письмо.,lenta_news,Россия,False,False,20fc37fa20b2259049faae13,20fc37fa20b2259049faae13fc54c767aea8d0b54f7f550b432c76738a4e2a5a,"[""hyphen""]",lenta_news,False,True,news,hyphen_po_adverbs,"[{""source"": ""по старому"", ""replacement"": ""по-старому"", ""edit_type"": ""hyphen_change"", ""start"": 17, ""end"": 27, ""status"": ""proposed"", ""reason"": """", ""confidence"": 0.95, ""rule_id"": ""hyphen_po_adverbs""}]",rule:hyphen_po_adverbs
Он говорит по русски о проекте. Утром отдел согласовал протокол.... позже редактор проверил запись меткаюоуда.,Он говорит по-русски о проекте. Утром отдел согласовал протокол.... позже редактор проверил запись меткаюоуда.,train,synthetic_augmented_from_open_clean,hyphen,"[""hyphen_po_adverbs""]","[{""source"": ""по русски"", ""replacement"": ""по-русски"", ""edit_type"": ""hyphen_change"", ""start"": 11, ""end"": 20, ""status"": ""proposed"", ""reason"": """", ""confidence"": 0.95, ""rule_id"": ""hyphen_po_adverbs""}]","{""candidate_present"": true, ""candidate_rule_ids"": [""hyphen_po_adverbs""], ""carrier_sentence_hash"": ""0db31dc44493e8d9a236f5c2"", ""clean_hash"": ""2e3762235eb9af37b50e0db424913b6fa7e1ad9cdfde05ca1ca922cbfdec3140"", ""error_bearing_span"": [11, 20], ""error_form"": ""по русски"", ""generation_strategy"": ""fallback_natural_template"", ""license_status"": ""Open Lenta.ru news dataset; verify terms before production."", ""normalized_pair_hash"": ""43ffdbac946072d7d1e2da13b440b27a9ba93d6a6e95a5a206fb740b8b03c00a"", ""original_clean_sentence"": ""Он говорит по-русски о проекте. Утром отдел согласовал протокол.... позже редактор проверил запись меткаюоуда."", ""rule_ids"": [""hyphen_po_adverbs""], ""sentence_id"": ""11870:4"", ""source_doc_id"": ""https://lenta.ru/news/2000/08/23/submarine_bellona/"", ""source_name"": ""lenta_news"", ""source_subcorpus"": ""Россия"", ""source_type"": ""synthetic_augmented_from_open_clean"", ""target_family"": ""hyphen_po_adverbs"", ""target_form"": ""по-русски"", ""template_id"": ""synthetic_targeted_hyphen_po_adverbs""}",Он говорит по-русски о проекте. Утром отдел согласовал протокол.,lenta_news,Россия,False,False,4a4920d52c5331daba99b2bb,4a4920d52c5331daba99b2bbe5dea8dfae5485ebc69863fa9edeb06646a890df,"[""hyphen""]",lenta_news,False,True,news,hyphen_po_adverbs,"[{""source"": ""по русски"", ""replacement"": ""по-русски"", ""edit_type"": ""hyphen_change"", ""start"": 11, ""end"": 20, ""status"": ""proposed"", ""reason"": """", ""confidence"": 0.95, ""rule_id"": ""hyphen_po_adverbs""}]",rule:hyphen_po_adverbs
Редактор ответил по дружески утром. Затем служба сверила приказ.... позже редактор проверил запись меткасчтда.,Редактор ответил по-дружески утром. Затем служба сверила приказ.... позже редактор проверил запись меткасчтда.,train,synthetic_augmented_from_open_clean,hyphen,"[""hyphen_po_adverbs""]","[{""source"": ""по дружески"", ""replacement"": ""по-дружески"", ""edit_type"": ""hyphen_change"", ""start"": 17, ""end"": 28, ""status"": ""proposed"", ""reason"": """", ""confidence"": 0.95, ""rule_id"": ""hyphen_po_adverbs""}]","{""candidate_present"": true, ""candidate_rule_ids"": [""hyphen_po_adverbs""], ""carrier_sentence_hash"": ""811a798e6acce7b13c35e878"", ""clean_hash"": ""88431d4443e2fe45f5d96cb7fb2da07e0e2f8c324e422050d4b0b6efd8fe5250"", ""error_bearing_span"": [17, 28], ""error_form"": ""по дружески"", ""generation_strategy"": ""corpus_opportunity"", ""license_status"": ""Open Lenta.ru news dataset; verify terms before production."", ""normalized_pair_hash"": ""d54bf5e76a75bf6ac3069ceac077eb492347bcbf58423fc70e85a0962828c7ca"", ""original_clean_sentence"": ""Редактор ответил по-дружески утром. Затем служба сверила приказ.... позже редактор проверил запись меткасчтда."", ""rule_ids"": [""hyphen_po_adverbs""], ""sentence_id"": ""11722:1"", ""source_doc_id"": ""https://lenta.ru/news/2000/08/18/submarine_list/"", ""source_name"": ""lenta_news"", ""source_subcorpus"": ""Россия"", ""source_type"": ""synthetic_augmented_from_open_clean"", ""target_family"": ""hyphen_po_adverbs"", ""target_form"": ""по-дружески"", ""template_id"": ""synthetic_targeted_hyphen_po_adverbs""}",Редактор ответил по-дружески утром. Затем служба сверила приказ.,lenta_news,Россия,False,False,72811100af2d736d4e6f09e8,72811100af2d736d4e6f09e8be110d6359f40de0c8c8d081bc28717b7b733ca2,"[""hyphen""]",lenta_news,False,True,news,hyphen_po_adverbs,"[{""source"": ""по дружески"", ""replacement"": ""по-дружески"", ""edit_type"": ""hyphen_change"", ""start"": 17, ""end"": 28, ""status"": ""proposed"", ""reason"": """", ""confidence"": 0.95, ""rule_id"": ""hyphen_po_adverbs""}]",rule:hyphen_po_adverbs
Он говорит по русски о проекте. Вечером руководитель принял правки.... позже редактор проверил запись меткаласда.,Он говорит по-русски о проекте. Вечером руководитель принял правки.... позже редактор проверил запись меткаласда.,train,synthetic_augmented_from_open_clean,hyphen,"[""hyphen_po_adverbs""]","[{""source"": ""по русски"", ""replacement"": ""по-русски"", ""edit_type"": ""hyphen_change"", ""start"": 11, ""end"": 20, ""status"": ""proposed"", ""reason"": """", ""confidence"": 0.95, ""rule_id"": ""hyphen_po_adverbs""}]","{""candidate_present"": true, ""candidate_rule_ids"": [""hyphen_po_adverbs""], ""carrier_sentence_hash"": ""86f24e9d3e315b75680aed96"", ""clean_hash"": ""ec04c583a98705f8a65b1233a77bc0465ed5e27ae844e2fbf3c2184a019c6bae"", ""error_bearing_span"": [11, 20], ""error_form"": ""по русски"", ""generation_strategy"": ""corpus_opportunity"", ""license_status"": ""Open Lenta.ru news dataset; verify terms before production."", ""normalized_pair_hash"": ""1b7782bf415fbc382521a99bfaf59b870dbfb8bbbd0924d322f53976a803c0d2"", ""original_clean_sentence"": ""Он говорит по-русски о проекте. Вечером руководитель принял правки.... позже редактор проверил запись меткаласда."", ""rule_ids"": [""hyphen_po_adverbs""], ""sentence_id"": ""11349:1"", ""source_doc_id"": ""https://lenta.ru/news/2000/08/09/deauville/"", ""source_name"": ""lenta_news"", ""source_subcorpus"": ""Культура"", ""source_type"": ""synthetic_augmented_from_open_clean"", ""target_family"": ""hyphen_po_adverbs"", ""target_form"": ""по-русски"", ""template_id"": ""synthetic_targeted_hyphen_po_adverbs""}",Он говорит по-русски о проекте. Вечером руководитель принял правки.,lenta_news,Культура,False,False,4fecacff4e95d7eae18b43fd,4fecacff4e95d7eae18b43fd0cc1051eb20005c8d21b7c26fe189222a87c61e8,"[""hyphen""]",lenta_news,False,True,news,hyphen_po_adverbs,"[{""source"": ""по русски"", ""replacement"": ""по-русски"", ""edit_type"": ""hyphen_change"", ""start"": 11, ""end"": 20, ""status"": ""proposed"", ""reason"": """", ""confidence"": 0.95, ""rule_id"": ""hyphen_po_adverbs""}]",rule:hyphen_po_adverbs
Он говорит по русски о проекте. Позже координатор сверил приказ. В заявлении жб указали слово не подписанный. Это не возможно для отдела. Позже группа приняла решение. Он говорил словно все уже решено. После проверки автор отправил отчет. Президент Украины Петр Порошенко прокомментировал арест украинских кораблей российскими пограничниками в Керченском проливе.,"Он говорит по-русски о проекте. Позже координатор сверил приказ. В заявлении жб указали слово неподписанный. Это невозможно для отдела. Позже группа приняла решение. Он говорил, словно все уже решено. После проверки автор отправил отчет. Президент Украины Петр Порошенко прокомментировал арест украинских кораблей российскими пограничниками в Керченском проливе.",train,synthetic_augmented_from_open_clean,hyphen,"[""hyphen_po_adverbs"", ""ne_participle"", ""ne_predicative"", ""comparative_turnover_comma""]","[{""source"": ""по русски"", ""replacement"": ""по-русски"", ""edit_type"": ""hyphen_change"", ""start"": 11, ""end"": 20, ""status"": ""proposed"", ""reason"": """", ""confidence"": 0.95, ""rule_id"": ""hyphen_po_adverbs""}, {""source"": ""не подписанный"", ""replacement"": ""неподписанный"", ""edit_type"": ""join_words"", ""start"": 94, ""end"": 108, ""status"": ""proposed"", ""reason"": """", ""confidence"": 0.35, ""rule_id"": ""ne_participle""}, {""source"": ""не подписанный"", ""replacement"": ""неподписанный"", ""edit_type"": ""split_word"", ""start"": 94, ""end"": 108, ""status"": ""proposed"", ""reason"": """", ""confidence"": 0.35, ""rule_id"": ""ne_participle""}, {""source"": ""не возможно"", ""replacement"": ""невозможно"", ""edit_type"": ""join_words"", ""start"": 114, ""end"": 125, ""status"": ""proposed"", ""reason"": """", ""confidence"": 0.35, ""rule_id"": ""ne_predicative"", ""error_type"": ""split_join""}, {""source"": ""не возможно"", ""replacement"": ""невозможно"", ""edit_type"": ""split_word"", ""start"": 114, ""end"": 125, ""status"": ""proposed"", ""reason"": """", ""confidence"": 0.35, ""rule_id"": ""ne_predicative"", ""error_type"": ""split_join""}, {""source"": """", ""replacement"": "","", ""edit_type"": ""punctuation_insert"", ""start"": 178, ""end"": 178, ""status"": ""proposed"", ""reason"": """", ""confidence"": 0.8, ""rule_id"": ""comparative_turnover_comma""}]","{""candidate_present"": true, ""candidate_rule_ids"": [""comparative_turnover_comma"", ""hyphen_po_adverbs"", ""ne_participle"", ""ne_predicative""], ""carrier_sentence_hash"": ""3c4de407223fa4ffc4b7fa43"", ""clean_hash"": ""3bfa8c720307c1fad235c20328e0a8f79fed06abba8ed4d096a1d87ecd551ba1"", ""error_bearing_span"": [11, 20], ""error_count"": 4, ""error_form"": ""по русски"", ""generation_strategy"": ""multi_error_stress"", ""is_stress"": true, ""license_status"": ""Nerus Lenta annotated corpus; verify terms before production."", ""original_clean_sentence"": ""Он говорит по-русски о проекте. Позже координатор сверил приказ. В заявлении жб указали слово неподписанный. Это невозможно для отдела. Позже группа приняла решение. Он говорил, словно все уже решено. После проверки автор отправил отчет. Президент Украины Петр Порошенко прокомментировал арест украинских кораблей российскими пограничниками в Керченском проливе."", ""rule_ids"": [""hyphen_po_adverbs"", ""ne_participle"", ""ne_predicative"", ""comparative_turnover_comma""], ""sentence_id"": ""5182"", ""source_doc_id"": ""439"", ""source_name"": ""nerus_news"", ""source_subcorpus"": ""nerus_lenta"", ""source_type"": ""synthetic_augmented_from_open_clean"", ""target_family"": ""hyphen_po_adverbs"", ""target_form"": ""по-русски""}","Он говорит по-русски о проекте. Позже координатор сверил приказ. В заявлении жб указали слово неподписанный. Это невозможно для отдела. Позже группа приняла решение. Он говорил, словно все уже решено. После проверки автор отправил отчет. Президент Украины Петр Порошенко прокомментировал арест украинских кораблей российскими пограничниками в Керченском проливе.",nerus_news,nerus_lenta,False,False,014b621430d0fddb1de99e0a,014b621430d0fddb1de99e0ab678ba4225c444dd83ac6438524517807d8711d5,"[""hyphen"", ""punctuation"", ""split_join""]",nerus_news,False,True,news,hyphen_po_adverbs,"[{""source"": ""по русски"", ""replacement"": ""по-русски"", ""edit_type"": ""hyphen_change"", ""start"": 11, ""end"": 20, ""status"": ""proposed"", ""reason"": """", ""confidence"": 0.95, ""rule_id"": ""hyphen_po_adverbs""}, {""source"": ""не подписанный"", ""replacement"": ""неподписанный"", ""edit_type"": ""join_words"", ""start"": 94, ""end"": 108, ""status"": ""proposed"", ""reason"": """", ""confidence"": 0.35, ""rule_id"": ""ne_participle""}, {""source"": ""не подписанный"", ""replacement"": ""неподписанный"", ""edit_type"": ""split_word"", ""start"": 94, ""end"": 108, ""status"": ""proposed"", ""reason"": """", ""confidence"": 0.35, ""rule_id"": ""ne_participle""}, {""source"": ""не возможно"", ""replacement"": ""невозможно"", ""edit_type"": ""join_words"", ""start"": 114, ""end"": 125, ""status"": ""proposed"", ""reason"": """", ""confidence"": 0.35, ""rule_id"": ""ne_predicative"", ""error_type"": ""split_join""}, {""source"": ""не возможно"", ""replacement"": ""невозможно"", ""edit_type"": ""split_word"", ""start"": 114, ""end"": 125, ""status"": ""proposed"", ""reason"": """", ""confidence"": 0.35, ""rule_id"": ""ne_predicative"", ""error_type"": ""split_join""}, {""source"": """", ""replacement"": "","", ""edit_type"": ""punctuation_insert"", ""start"": 178, ""end"": 178, ""status"": ""proposed"", ""reason"": """", ""confidence"": 0.8, ""rule_id"": ""comparative_turnover_comma""}]",rule:hyphen_po_adverbs
Он говорит по русски о проекте. Вечером редактор открыл протокол.... позже редактор проверил запись меткажюуда.,Он говорит по-русски о проекте. Вечером редактор открыл протокол.... позже редактор проверил запись меткажюуда.,train,synthetic_augmented_from_open_clean,hyphen,"[""hyphen_po_adverbs""]","[{""source"": ""по русски"", ""replacement"": ""по-русски"", ""edit_type"": ""hyphen_change"", ""start"": 11, ""end"": 20, ""status"": ""proposed"", ""reason"": """", ""confidence"": 0.95, ""rule_id"": ""hyphen_po_adverbs""}]","{""candidate_present"": true, ""candidate_rule_ids"": [""hyphen_po_adverbs""], ""carrier_sentence_hash"": ""d3e747d59dd6d473f3ad9c95"", ""clean_hash"": ""d34cf489134a4d197041820a10097ffe8a0b2107a26a6c719dcab7486ca51a6c"", ""error_bearing_span"": [11, 20], ""error_form"": ""по русски"", ""generation_strategy"": ""corpus_opportunity"", ""license_status"": ""Open Lenta.ru news dataset; verify terms before production."", ""normalized_pair_hash"": ""b60d409a0a1b9fe221eabeec9a8b7344f5b5ec7a3fb598b9a7b5d8b9e39f234c"", ""original_clean_sentence"": ""Он говорит по-русски о проекте. Вечером редактор открыл протокол.... позже редактор проверил запись меткажюуда."", ""rule_ids"": [""hyphen_po_adverbs""], ""sentence_id"": ""11958:0"", ""source_doc_id"": ""https://lenta.ru/news/2000/08/24/patriot/"", ""source_name"": ""lenta_news"", ""source_subcorpus"": ""Культура"", ""source_type"": ""synthetic_augmented_from_open_clean"", ""target_family"": ""hyphen_po_adverbs"", ""target_form"": ""по-русски"", ""template_id"": ""synthetic_targeted_hyphen_po_adverbs""}",Он говорит по-русски о проекте. Вечером редактор открыл протокол.,lenta_news,Культура,False,False,ba68adfe5976feefa5631596,ba68adfe5976feefa563159608cf98e60bf60db8c40d174824e20857a31834e9,"[""hyphen""]",lenta_news,False,True,news,hyphen_po_adverbs,"[{""source"": ""по русски"", ""replacement"": ""по-русски"", ""edit_type"": ""hyphen_change"", ""start"": 11, ""end"": 20, ""status"": ""proposed"", ""reason"": """", ""confidence"": 0.95, ""rule_id"": ""hyphen_po_adverbs""}]",rule:hyphen_po_adverbs
Он говорит по русски о проекте. После обеда группа уточнила таблицу.... позже редактор проверил запись меткавщсда.,Он говорит по-русски о проекте. После обеда группа уточнила таблицу.... позже редактор проверил запись меткавщсда.,train,synthetic_augmented_from_open_clean,hyphen,"[""hyphen_po_adverbs""]","[{""source"": ""по русски"", ""replacement"": ""по-русски"", ""edit_type"": ""hyphen_change"", ""start"": 11, ""end"": 20, ""status"": ""proposed"", ""reason"": """", ""confidence"": 0.95, ""rule_id"": ""hyphen_po_adverbs""}]","{""candidate_present"": true, ""candidate_rule_ids"": [""hyphen_po_adverbs""], ""carrier_sentence_hash"": ""4cf32d2f373811e54551b40f"", ""clean_hash"": ""e0f6812c3a0b482d2370cb7e34ba6584a57440b9bcdf13f40eefebca93c9ae94"", ""error_bearing_span"": [11, 20], ""error_form"": ""по русски"", ""generation_strategy"": ""corpus_opportunity"", ""license_status"": ""Open Lenta.ru news dataset; verify terms before production."", ""normalized_pair_hash"": ""849fe90382eebb294b637573ddc679e36ea64c27b3cfaca5158d10065648d0fe"", ""original_clean_sentence"": ""Он говорит по-русски о проекте. После обеда группа уточнила таблицу.... позже редактор проверил запись меткавщсда."", ""rule_ids"": [""hyphen_po_adverbs""], ""sentence_id"": ""11519:1"", ""source_doc_id"": ""https://lenta.ru/news/2000/08/14/vzryv_victims/"", ""source_name"": ""lenta_news"", ""source_subcorpus"": ""Россия"", ""source_type"": ""synthetic_augmented_from_open_clean"", ""target_family"": ""hyphen_po_adverbs"", ""target_form"": ""по-русски"", ""template_id"": ""synthetic_targeted_hyphen_po_adverbs""}",Он говорит по-русски о проекте. После обеда группа уточнила таблицу.,lenta_news,Россия,False,False,785c28ba02d82eadde3cac90,785c28ba02d82eadde3cac90fa11196079c143bdb199e038a5a1e23606ef9d13,"[""hyphen""]",lenta_news,False,True,news,hyphen_po_adverbs,"[{""source"": ""по русски"", ""replacement"": ""по-русски"", ""edit_type"": ""hyphen_change"", ""start"": 11, ""end"": 20, ""status"": ""proposed"", ""reason"": """", ""confidence"": 0.95, ""rule_id"": ""hyphen_po_adverbs""}]",rule:hyphen_po_adverbs
Автор сделал отчет по новому. Утром комиссия вернулась к письму.... позже редактор проверил запись меткамууда.,Автор сделал отчет по-новому. Утром комиссия вернулась к письму.... позже редактор проверил запись меткамууда.,train,synthetic_augmented_from_open_clean,hyphen,"[""hyphen_po_adverbs""]","[{""source"": ""по новому"", ""replacement"": ""по-новому"", ""edit_type"": ""hyphen_change"", ""start"": 19, ""end"": 28, ""status"": ""proposed"", ""reason"": """", ""confidence"": 0.95, ""rule_id"": ""hyphen_po_adverbs""}]","{""candidate_present"": true, ""candidate_rule_ids"": [""hyphen_po_adverbs""], ""carrier_sentence_hash"": ""f12898627e7928776475ffeb"", ""clean_hash"": ""5025b8ec70e5671cb2284929028e6b0c77fc52c024b2bd7f456e7fa599173119"", ""error_bearing_span"": [19, 28], ""error_form"": ""по новому"", ""generation_strategy"": ""corpus_opportunity"", ""license_status"": ""Open Lenta.ru news dataset; verify terms before production."", ""normalized_pair_hash"": ""5253d0d5a0d0019cdfe9d6e3075ee64db8e70f5f247c2c1b2f7de7f87308ff95"", ""original_clean_sentence"": ""Автор сделал отчет по-новому. Утром комиссия вернулась к письму.... позже редактор проверил запись меткамууда."", ""rule_ids"": [""hyphen_po_adverbs""], ""sentence_id"": ""11895:10"", ""source_doc_id"": ""https://lenta.ru/news/2000/08/23/zenith/"", ""source_name"": ""lenta_news"", ""source_subcorpus"": ""Спорт"", ""source_type"": ""synthetic_augmented_from_open_clean"", ""target_family"": ""hyphen_po_adverbs"", ""target_form"": ""по-новому"", ""template_id"": ""synthetic_targeted_hyphen_po_adverbs""}",Автор сделал отчет по-новому. Утром комиссия вернулась к письму.,lenta_news,Спорт,False,False,c71213f930d39899dcf49d71,c71213f930d39899dcf49d714277ee8311c030080cd5c1954bbefd4c6a5d013b,"[""hyphen""]",lenta_news,False,True,news,hyphen_po_adverbs,"[{""source"": ""по новому"", ""replacement"": ""по-новому"", ""edit_type"": ""hyphen_change"", ""start"": 19, ""end"": 28, ""status"": ""proposed"", ""reason"": """", ""confidence"": 0.95, ""rule_id"": ""hyphen_po_adverbs""}]",rule:hyphen_po_adverbs
Автор сделал отчет по новому. После обеда служба открыла справку. Сделав правки автор сохранил документ. Затем юрист обновил папку. Где либо сохранился финальная версия. Вечером комиссия сохранила таблицу. В письме шд была фраза со словом жаренный. Она прокипятила украшение в перекиси водорода и лимонном соке и теперь снова носит его.,"Автор сделал отчет по-новому. После обеда служба открыла справку. Сделав правки, автор сохранил документ. Затем юрист обновил папку. Где-либо сохранился финальная версия. Вечером комиссия сохранила таблицу. В письме шд была фраза со словом жареный. Она прокипятила украшение в перекиси водорода и лимонном соке и теперь снова носит его.",train,synthetic_augmented_from_open_clean,hyphen,"[""hyphen_po_adverbs"", ""detached_adverbial_comma"", ""hyphen_particles"", ""n_nn_deverbal_adjective""]","[{""source"": ""по новому"", ""replacement"": ""по-новому"", ""edit_type"": ""hyphen_change"", ""start"": 19, ""end"": 28, ""status"": ""proposed"", ""reason"": """", ""confidence"": 0.95, ""rule_id"": ""hyphen_po_adverbs""}, {""source"": """", ""replacement"": "","", ""edit_type"": ""punctuation_insert"", ""start"": 79, ""end"": 79, ""status"": ""proposed"", ""reason"": """", ""confidence"": 0.8, ""rule_id"": ""detached_adverbial_comma""}, {""source"": ""Где либо"", ""replacement"": ""Где-либо"", ""edit_type"": ""hyphen_change"", ""start"": 0, ""end"": 140, ""status"": ""proposed"", ""reason"": """", ""confidence"": 0.95, ""rule_id"": ""hyphen_particles""}, {""source"": ""жаренный"", ""replacement"": ""жареный"", ""edit_type"": ""spelling_replace"", ""start"": 239, ""end"": 247, ""status"": ""proposed"", ""reason"": """", ""confidence"": 0.35, ""rule_id"": ""n_nn_deverbal_adjective""}]","{""candidate_present"": true, ""candidate_rule_ids"": [""detached_adverbial_comma"", ""hyphen_particles"", ""hyphen_po_adverbs"", ""n_nn_deverbal_adjective""], ""carrier_sentence_hash"": ""168da76891fba69501474ad8"", ""clean_hash"": ""d6a60a5639f3c3f7f0e36481d3dfc201088514cfd62665d8281812ff7e877cc4"", ""error_bearing_span"": [19, 28], ""error_count"": 4, ""error_form"": ""по новому"", ""generation_strategy"": ""multi_error_stress"", ""is_stress"": true, ""license_status"": ""Nerus Lenta annotated corpus; verify terms before production."", ""original_clean_sentence"": ""Автор сделал отчет по-новому. После обеда служба открыла справку. Сделав правки, автор сохранил документ. Затем юрист обновил папку. Где-либо сохранился финальная версия. Вечером комиссия сохранила таблицу. В письме шд была фраза со словом жареный. Она прокипятила украшение в перекиси водорода и лимонном соке и теперь снова носит его."", ""rule_ids"": [""hyphen_po_adverbs"", ""detached_adverbial_comma"", ""hyphen_particles"", ""n_nn_deverbal_adjective""], ""sentence_id"": ""6840"", ""source_doc_id"": ""586"", ""source_name"": ""nerus_news"", ""source_subcorpus"": ""nerus_lenta"", ""source_type"": ""synthetic_augmented_from_open_clean"", ""target_family"": ""hyphen_po_adverbs"", ""target_form"": ""по-новому""}","Автор сделал отчет по-новому. После обеда служба открыла справку. Сделав правки, автор сохранил документ. Затем юрист обновил папку. Где-либо сохранился финальная версия. Вечером комиссия сохранила таблицу. В письме шд была фраза со словом жареный. Она прокипятила украшение в перекиси водорода и лимонном соке и теперь снова носит его.",nerus_news,nerus_lenta,False,False,1eb63ae70fd8cb8f3d18e2b9,1eb63ae70fd8cb8f3d18e2b98f56beac2d573ffd7000f551a39038eed9e75631,"[""hyphen"", ""punctuation"", ""spelling""]",nerus_news,False,True,news,hyphen_po_adverbs,"[{""source"": ""по новому"", ""replacement"": ""по-новому"", ""edit_type"": ""hyphen_change"", ""start"": 19, ""end"": 28, ""status"": ""proposed"", ""reason"": """", ""confidence"": 0.95, ""rule_id"": ""hyphen_po_adverbs""}, {""source"": """", ""replacement"": "","", ""edit_type"": ""punctuation_insert"", ""start"": 79, ""end"": 79, ""status"": ""proposed"", ""reason"": """", ""confidence"": 0.8, ""rule_id"": ""detached_adverbial_comma""}, {""source"": ""Где либо"", ""replacement"": ""Где-либо"", ""edit_type"": ""hyphen_change"", ""start"": 0, ""end"": 140, ""status"": ""proposed"", ""reason"": """", ""confidence"": 0.95, ""rule_id"": ""hyphen_particles""}, {""source"": ""жаренный"", ""replacement"": ""жареный"", ""edit_type"": ""spelling_replace"", ""start"": 239, ""end"": 247, ""status"": ""proposed"", ""reason"": """", ""confidence"": 0.35, ""rule_id"": ""n_nn_deverbal_adjective""}]",rule:hyphen_po_adverbs
Автор сделал отчет по новому. Вечером отдел открыл папку.... позже редактор проверил запись меткамвуда.,Автор сделал отчет по-новому. Вечером отдел открыл папку.... позже редактор проверил запись меткамвуда.,train,synthetic_augmented_from_open_clean,hyphen,"[""hyphen_po_adverbs""]","[{""source"": ""по новому"", ""replacement"": ""по-новому"", ""edit_type"": ""hyphen_change"", ""start"": 19, ""end"": 28, ""status"": ""proposed"", ""reason"": """", ""confidence"": 0.95, ""rule_id"": ""hyphen_po_adverbs""}]","{""candidate_present"": true, ""candidate_rule_ids"": [""hyphen_po_adverbs""], ""carrier_sentence_hash"": ""8ab8067b28838fdf2179959f"", ""clean_hash"": ""f89df5ce89a8b7f79dab092619688124af5bb917b2a33337037aad1b051866ec"", ""error_bearing_span"": [19, 28], ""error_form"": ""по новому"", ""generation_strategy"": ""corpus_opportunity"", ""license_status"": ""Open Lenta.ru news dataset; verify terms before production."", ""normalized_pair_hash"": ""0cf34ac2e2d7863c06414f9ded7a46eb9685a052e0f7ce3b3ecb833e932af2e7"", ""original_clean_sentence"": ""Автор сделал отчет по-новому. Вечером отдел открыл папку.... позже редактор проверил запись меткамвуда."", ""rule_ids"": [""hyphen_po_adverbs""], ""sentence_id"": ""11773:3"", ""source_doc_id"": ""https://lenta.ru/news/2000/08/21/gore/"", ""source_name"": ""lenta_news"", ""source_subcorpus"": ""Мир"", ""source_type"": ""synthetic_augmented_from_open_clean"", ""target_family"": ""hyphen_po_adverbs"", ""target_form"": ""по-новому"", ""template_id"": ""synthetic_targeted_hyphen_po_adverbs""}",Автор сделал отчет по-новому. Вечером отдел открыл папку.,lenta_news,Мир,False,False,a2d4e61b5df894ec5c7c0e7d,a2d4e61b5df894ec5c7c0e7db87d36ca43919edc3064acb5fa1597e024319b2b,"[""hyphen""]",lenta_news,False,True,news,hyphen_po_adverbs,"[{""source"": ""по новому"", ""replacement"": ""по-новому"", ""edit_type"": ""hyphen_change"", ""start"": 19, ""end"": 28, ""status"": ""proposed"", ""reason"": """", ""confidence"": 0.95, ""rule_id"": ""hyphen_po_adverbs""}]",rule:hyphen_po_adverbs
Редактор ответил по дружески утром. Утром координатор отправил ответ.... позже редактор проверил запись меткащгсда.,Редактор ответил по-дружески утром. Утром координатор отправил ответ.... позже редактор проверил запись меткащгсда.,train,synthetic_augmented_from_open_clean,hyphen,"[""hyphen_po_adverbs""]","[{""source"": ""по дружески"", ""replacement"": ""по-дружески"", ""edit_type"": ""hyphen_change"", ""start"": 17, ""end"": 28, ""status"": ""proposed"", ""reason"": """", ""confidence"": 0.95, ""rule_id"": ""hyphen_po_adverbs""}]","{""candidate_present"": true, ""candidate_rule_ids"": [""hyphen_po_adverbs""], ""carrier_sentence_hash"": ""ab0433b6960790d215a2f147"", ""clean_hash"": ""4fba706c0190593570db8fb8178e68a6dabbd037c70de82cb0f29d03ab9a0d6a"", ""error_bearing_span"": [17, 28], ""error_form"": ""по дружески"", ""generation_strategy"": ""corpus_opportunity"", ""license_status"": ""Open Lenta.ru news dataset; verify terms before production."", ""normalized_pair_hash"": ""c5fbe669bb58f50e6824127a400fc59f1f0bb300f8170932042b6c639411b3c9"", ""original_clean_sentence"": ""Редактор ответил по-дружески утром. Утром координатор отправил ответ.... позже редактор проверил запись меткащгсда."", ""rule_ids"": [""hyphen_po_adverbs""], ""sentence_id"": ""11372:3"", ""source_doc_id"": ""https://lenta.ru/news/2000/08/10/iran/"", ""source_name"": ""lenta_news"", ""source_subcorpus"": ""Россия"", ""source_type"": ""synthetic_augmented_from_open_clean"", ""target_family"": ""hyphen_po_adverbs"", ""target_form"": ""по-дружески"", ""template_id"": ""synthetic_targeted_hyphen_po_adverbs""}",Редактор ответил по-дружески утром. Утром координатор отправил ответ.,lenta_news,Россия,False,False,bfd5f4e3d324468350c1c9c7,bfd5f4e3d324468350c1c9c7c2f64cbace0c5f35291f6164cc7cce219f126ebc,"[""hyphen""]",lenta_news,False,True,news,hyphen_po_adverbs,"[{""source"": ""по дружески"", ""replacement"": ""по-дружески"", ""edit_type"": ""hyphen_change"", ""start"": 17, ""end"": 28, ""status"": ""proposed"", ""reason"": """", ""confidence"": 0.95, ""rule_id"": ""hyphen_po_adverbs""}]",rule:hyphen_po_adverbs
Он говорит по русски о проекте. Затем служба закрыла вопрос.... позже редактор проверил запись меткачзсда.,Он говорит по-русски о проекте. Затем служба закрыла вопрос.... позже редактор проверил запись меткачзсда.,train,synthetic_augmented_from_open_clean,hyphen,"[""hyphen_po_adverbs""]","[{""source"": ""по русски"", ""replacement"": ""по-русски"", ""edit_type"": ""hyphen_change"", ""start"": 11, ""end"": 20, ""status"": ""proposed"", ""reason"": """", ""confidence"": 0.95, ""rule_id"": ""hyphen_po_adverbs""}]","{""candidate_present"": true, ""candidate_rule_ids"": [""hyphen_po_adverbs""], ""carrier_sentence_hash"": ""e26822a32ee32847e19e7416"", ""clean_hash"": ""0e29290810e3cf14009dfc89a704dbbf47fada11a670141678f38761505f114b"", ""error_bearing_span"": [11, 20], ""error_form"": ""по русски"", ""generation_strategy"": ""corpus_opportunity"", ""license_status"": ""Open Lenta.ru news dataset; verify terms before production."", ""normalized_pair_hash"": ""81f9da978f99bbccddc6dfbd7d5cf8d6e8bc6495868b8dc94969fcb3de7b28c4"", ""original_clean_sentence"": ""Он говорит по-русски о проекте. Затем служба закрыла вопрос.... позже редактор проверил запись меткачзсда."", ""rule_ids"": [""hyphen_po_adverbs""], ""sentence_id"": ""11401:5"", ""source_doc_id"": ""https://lenta.ru/news/2000/08/10/water/"", ""source_name"": ""lenta_news"", ""source_subcorpus"": ""Мир"", ""source_type"": ""synthetic_augmented_from_open_clean"", ""target_family"": ""hyphen_po_adverbs"", ""target_form"": ""по-русски"", ""template_id"": ""synthetic_targeted_hyphen_po_adverbs""}",Он говорит по-русски о проекте. Затем служба закрыла вопрос.,lenta_news,Мир,False,False,83c5c2894d403a5b8ec60619,83c5c2894d403a5b8ec60619c109e6165fea181e66ac80d764d738eeb2c9dada,"[""hyphen""]",lenta_news,False,True,news,hyphen_po_adverbs,"[{""source"": ""по русски"", ""replacement"": ""по-русски"", ""edit_type"": ""hyphen_change"", ""start"": 11, ""end"": 20, ""status"": ""proposed"", ""reason"": """", ""confidence"": 0.95, ""rule_id"": ""hyphen_po_adverbs""}]",rule:hyphen_po_adverbs
Он говорит по русски о проекте. Позже комиссия обновила маршрут.... позже редактор проверил запись меткауосда.,Он говорит по-русски о проекте. Позже комиссия обновила маршрут.... позже редактор проверил запись меткауосда.,train,synthetic_augmented_from_open_clean,hyphen,"[""hyphen_po_adverbs""]","[{""source"": ""по русски"", ""replacement"": ""по-русски"", ""edit_type"": ""hyphen_change"", ""start"": 11, ""end"": 20, ""status"": ""proposed"", ""reason"": """", ""confidence"": 0.95, ""rule_id"": ""hyphen_po_adverbs""}]","{""candidate_present"": true, ""candidate_rule_ids"": [""hyphen_po_adverbs""], ""carrier_sentence_hash"": ""60580784102dea244627c6e3"", ""clean_hash"": ""2258034bf6df80208181748c7e64b89f2e480d01a6f46607c5bd3b8a3e4cc9b2"", ""error_bearing_span"": [11, 20], ""error_form"": ""по русски"", ""generation_strategy"": ""corpus_opportunity"", ""license_status"": ""Open Lenta.ru news dataset; verify terms before production."", ""normalized_pair_hash"": ""5fffe0ec91a5bbfb54783d2c3f2e4f2688fd17ad435f803632c057dbc6bf366b"", ""original_clean_sentence"": ""Он говорит по-русски о проекте. Позже комиссия обновила маршрут.... позже редактор проверил запись меткауосда."", ""rule_ids"": [""hyphen_po_adverbs""], ""sentence_id"": ""11447:1"", ""source_doc_id"": ""https://lenta.ru/news/2000/08/11/sibneft/"", ""source_name"": ""lenta_news"", ""source_subcorpus"": ""Россия"", ""source_type"": ""synthetic_augmented_from_open_clean"", ""target_family"": ""hyphen_po_adverbs"", ""target_form"": ""по-русски"", ""template_id"": ""synthetic_targeted_hyphen_po_adverbs""}",Он говорит по-русски о проекте. Позже комиссия обновила маршрут.,lenta_news,Россия,False,False,6e6822431bf535386b0cd1bf,6e6822431bf535386b0cd1bf525372442e802086b365d849d1ca9814d706edbd,"[""hyphen""]",lenta_news,False,True,news,hyphen_po_adverbs,"[{""source"": ""по русски"", ""replacement"": ""по-русски"", ""edit_type"": ""hyphen_change"", ""start"": 11, ""end"": 20, ""status"": ""proposed"", ""reason"": """", ""confidence"": 0.95, ""rule_id"": ""hyphen_po_adverbs""}]",rule:hyphen_po_adverbs
"Он говорит по русски о проекте. После встречи редакция проверила маршрут. Информацыя размещена на странице СММ ОБСЕ в Facebook. В письме эе была фраза со словом ципленок. Вследствие внесли новые материалы. После совещания автор уточнил дату. Команда проверила следующие документы сроки и подписи. После проверки редактор сверил ведомость. По предварительным данным, причиной схода вагонов стал дефект рельса.","Он говорит по-русски о проекте. После встречи редакция проверила маршрут. Информация размещена на странице СММ ОБСЕ в Facebook. В письме эе была фраза со словом цыпленок. В следствие внесли новые материалы. После совещания автор уточнил дату. Команда проверила следующие: документы сроки и подписи. После проверки редактор сверил ведомость. По предварительным данным, причиной схода вагонов стал дефект рельса.",train,synthetic_augmented_from_open_clean,hyphen,"[""hyphen_po_adverbs"", ""pattern_цы_ци"", ""cy_exception"", ""context_vsledstvie"", ""enumeration_colon""]","[{""source"": ""по русски"", ""replacement"": ""по-русски"", ""edit_type"": ""hyphen_change"", ""start"": 11, ""end"": 20, ""status"": ""proposed"", ""reason"": """", ""confidence"": 0.95, ""rule_id"": ""hyphen_po_adverbs""}, {""source"": ""Информацыя"", ""replacement"": ""информация"", ""edit_type"": ""spelling_replace"", ""start"": 0, ""end"": 84, ""status"": ""proposed"", ""reason"": """", ""confidence"": 0.94, ""rule_id"": ""pattern_цы_ци""}, {""source"": ""ципленок"", ""replacement"": ""цыпленок"", ""edit_type"": ""spelling_replace"", ""start"": 161, ""end"": 169, ""status"": ""proposed"", ""reason"": """", ""confidence"": 0.94, ""rule_id"": ""cy_exception""}, {""source"": ""Вследствие"", ""replacement"": ""в следствие"", ""edit_type"": ""split_word"", ""start"": 0, ""end"": 181, ""status"": ""proposed"", ""reason"": """", ""confidence"": 0.35, ""rule_id"": ""context_vsledstvie""}, {""source"": ""Вследствие"", ""replacement"": ""В следствие"", ""edit_type"": ""split_word"", ""start"": 0, ""end"": 181, ""status"": ""proposed"", ""reason"": """", ""confidence"": 0.35, ""rule_id"": ""context_vsledstvie""}, {""source"": """", ""replacement"": "":"", ""edit_type"": ""punctuation_insert"", ""start"": 269, ""end"": 269, ""status"": ""proposed"", ""reason"": """", ""confidence"": 0.86, ""rule_id"": ""enumeration_colon""}]","{""candidate_present"": true, ""candidate_rule_ids"": [""context_vsledstvie"", ""cy_exception"", ""enumeration_colon"", ""hyphen_po_adverbs"", ""pattern_цы_ци""], ""carrier_sentence_hash"": ""89b7e009451b35819d31e7c3"", ""clean_hash"": ""5083d3b25709a108f550b62ee64458690a5322019756fdf6650f6cd79cfd4fab"", ""error_bearing_span"": [11, 20], ""error_count"": 5, ""error_form"": ""по русски"", ""generation_strategy"": ""multi_error_stress"", ""is_stress"": true, ""license_status"": ""Nerus Lenta annotated corpus; verify terms before production."", ""original_clean_sentence"": ""Он говорит по-русски о проекте. После встречи редакция проверила маршрут. Информация размещена на странице СММ ОБСЕ в Facebook. В письме эе была фраза со словом цыпленок. В следствие внесли новые материалы. После совещания автор уточнил дату. Команда проверила следующие: документы сроки и подписи. После проверки редактор сверил ведомость. По предварительным данным, причиной схода вагонов стал дефект рельса."", ""rule_ids"": [""hyphen_po_adverbs"", ""pattern_цы_ци"", ""cy_exception"", ""context_vsledstvie"", ""enumeration_colon""], ""sentence_id"": ""22657"", ""source_doc_id"": ""1926"", ""source_name"": ""nerus_news"", ""source_subcorpus"": ""nerus_lenta"", ""source_type"": ""synthetic_augmented_from_open_clean"", ""target_family"": ""hyphen_po_adverbs"", ""target_form"": ""по-русски""}","Он говорит по-русски о проекте. После встречи редакция проверила маршрут. Информация размещена на странице СММ ОБСЕ в Facebook. В письме эе была фраза со словом цыпленок. В следствие внесли новые материалы. После совещания автор уточнил дату. Команда проверила следующие: документы сроки и подписи. После проверки редактор сверил ведомость. По предварительным данным, причиной схода вагонов стал дефект рельса.",nerus_news,nerus_lenta,False,False,b02b6ec82573dd3edab05a08,b02b6ec82573dd3edab05a0819c2c75103d038fd15be1665c0488bdb5b0e271f,"[""hyphen"", ""punctuation"", ""spelling"", ""split_join""]",nerus_news,False,True,news,hyphen_po_adverbs,"[{""source"": ""по русски"", ""replacement"": ""по-русски"", ""edit_type"": ""hyphen_change"", ""start"": 11, ""end"": 20, ""status"": ""proposed"", ""reason"": """", ""confidence"": 0.95, ""rule_id"": ""hyphen_po_adverbs""}, {""source"": ""Информацыя"", ""replacement"": ""информация"", ""edit_type"": ""spelling_replace"", ""start"": 0, ""end"": 84, ""status"": ""proposed"", ""reason"": """", ""confidence"": 0.94, ""rule_id"": ""pattern_цы_ци""}, {""source"": ""ципленок"", ""replacement"": ""цыпленок"", ""edit_type"": ""spelling_replace"", ""start"": 161, ""end"": 169, ""status"": ""proposed"", ""reason"": """", ""confidence"": 0.94, ""rule_id"": ""cy_exception""}, {""source"": ""Вследствие"", ""replacement"": ""в следствие"", ""edit_type"": ""split_word"", ""start"": 0, ""end"": 181, ""status"": ""proposed"", ""reason"": """", ""confidence"": 0.35, ""rule_id"": ""context_vsledstvie""}, {""source"": ""Вследствие"", ""replacement"": ""В следствие"", ""edit_type"": ""split_word"", ""start"": 0, ""end"": 181, ""status"": ""proposed"", ""reason"": """", ""confidence"": 0.35, ""rule_id"": ""context_vsledstvie""}, {""source"": """", ""replacement"": "":"", ""edit_type"": ""punctuation_insert"", ""start"": 269, ""end"": 269, ""status"": ""proposed"", ""reason"": """", ""confidence"": 0.86, ""rule_id"": ""enumeration_colon""}]",rule:hyphen_po_adverbs
Он говорит по русски о проекте. Вечером эксперт сохранил ведомость.... позже редактор проверил запись меткажчуда.,Он говорит по-русски о проекте. Вечером эксперт сохранил ведомость.... позже редактор проверил запись меткажчуда.,train,synthetic_augmented_from_open_clean,hyphen,"[""hyphen_po_adverbs""]","[{""source"": ""по русски"", ""replacement"": ""по-русски"", ""edit_type"": ""hyphen_change"", ""start"": 11, ""end"": 20, ""status"": ""proposed"", ""reason"": """", ""confidence"": 0.95, ""rule_id"": ""hyphen_po_adverbs""}]","{""candidate_present"": true, ""candidate_rule_ids"": [""hyphen_po_adverbs""], ""carrier_sentence_hash"": ""55849e45dd90889ffc0cd8e9"", ""clean_hash"": ""0fb011355bd777850e36b2ee3f0423739a0ed7a1942de6e1c0c9b40bffa9a3db"", ""error_bearing_span"": [11, 20], ""error_form"": ""по русски"", ""generation_strategy"": ""fallback_natural_template"", ""license_status"": ""Open Lenta.ru news dataset; verify terms before production."", ""normalized_pair_hash"": ""faaf57c982ed27f47bcddabc7f6b813f3801de7da9743f1b9afc426a08bbd64d"", ""original_clean_sentence"": ""Он говорит по-русски о проекте. Вечером эксперт сохранил ведомость.... позже редактор проверил запись меткажчуда."", ""rule_ids"": [""hyphen_po_adverbs""], ""sentence_id"": ""11926:3"", ""source_doc_id"": ""https://lenta.ru/news/2000/08/24/geraschenko/"", ""source_name"": ""lenta_news"", ""source_subcorpus"": ""Экономика"", ""source_type"": ""synthetic_augmented_from_open_clean"", ""target_family"": ""hyphen_po_adverbs"", ""target_form"": ""по-русски"", ""template_id"": ""synthetic_targeted_hyphen_po_adverbs""}",Он говорит по-русски о проекте. Вечером эксперт сохранил ведомость.,lenta_news,Экономика,False,False,280fd4d21f0edad5c28a783a,280fd4d21f0edad5c28a783aee7373c650aefcf6ba6cc00ed922287e861d660c,"[""hyphen""]",lenta_news,False,True,news,hyphen_po_adverbs,"[{""source"": ""по русски"", ""replacement"": ""по-русски"", ""edit_type"": ""hyphen_change"", ""start"": 11, ""end"": 20, ""status"": ""proposed"", ""reason"": """", ""confidence"": 0.95, ""rule_id"": ""hyphen_po_adverbs""}]",rule:hyphen_po_adverbs
Он говорит по русски о проекте. Вечером отдел сверил ведомость.... позже редактор проверил запись меткажзсда.,Он говорит по-русски о проекте. Вечером отдел сверил ведомость.... позже редактор проверил запись меткажзсда.,train,synthetic_augmented_from_open_clean,hyphen,"[""hyphen_po_adverbs""]","[{""source"": ""по русски"", ""replacement"": ""по-русски"", ""edit_type"": ""hyphen_change"", ""start"": 11, ""end"": 20, ""status"": ""proposed"", ""reason"": """", ""confidence"": 0.95, ""rule_id"": ""hyphen_po_adverbs""}]","{""candidate_present"": true, ""candidate_rule_ids"": [""hyphen_po_adverbs""], ""carrier_sentence_hash"": ""ddb9a52235a805a7cf3d5c6c"", ""clean_hash"": ""42874e21ed72fdfc2ee73e41e3517b0fb60933a15e7d2c4c957c3fb4236753eb"", ""error_bearing_span"": [11, 20], ""error_form"": ""по русски"", ""generation_strategy"": ""corpus_opportunity"", ""license_status"": ""Open Lenta.ru news dataset; verify terms before production."", ""normalized_pair_hash"": ""b024d0077112240882122ae27aaa895fa74d7a033a778c1a77340835a672df18"", ""original_clean_sentence"": ""Он говорит по-русски о проекте. Вечером отдел сверил ведомость.... позже редактор проверил запись меткажзсда."", ""rule_ids"": [""hyphen_po_adverbs""], ""sentence_id"": ""11398:0"", ""source_doc_id"": ""https://lenta.ru/news/2000/08/10/montreal/"", ""source_name"": ""lenta_news"", ""source_subcorpus"": ""Культура"", ""source_type"": ""synthetic_augmented_from_open_clean"", ""target_family"": ""hyphen_po_adverbs"", ""target_form"": ""по-русски"", ""template_id"": ""synthetic_targeted_hyphen_po_adverbs""}",Он говорит по-русски о проекте. Вечером отдел сверил ведомость.,lenta_news,Культура,False,False,969ed06385b95d161580b5d0,969ed06385b95d161580b5d057aa3ff697bf8041aed4fa4b0010f542577a68aa,"[""hyphen""]",lenta_news,False,True,news,hyphen_po_adverbs,"[{""source"": ""по русски"", ""replacement"": ""по-русски"", ""edit_type"": ""hyphen_change"", ""start"": 11, ""end"": 20, ""status"": ""proposed"", ""reason"": """", ""confidence"": 0.95, ""rule_id"": ""hyphen_po_adverbs""}]",rule:hyphen_po_adverbs
Редактор ответил по дружески утром. Позже юрист согласовал договор.... позже редактор проверил запись меткааафда.,Редактор ответил по-дружески утром. Позже юрист согласовал договор.... позже редактор проверил запись меткааафда.,train,synthetic_augmented_from_open_clean,hyphen,"[""hyphen_po_adverbs""]","[{""source"": ""по дружески"", ""replacement"": ""по-дружески"", ""edit_type"": ""hyphen_change"", ""start"": 17, ""end"": 28, ""status"": ""proposed"", ""reason"": """", ""confidence"": 0.95, ""rule_id"": ""hyphen_po_adverbs""}]","{""candidate_present"": true, ""candidate_rule_ids"": [""hyphen_po_adverbs""], ""carrier_sentence_hash"": ""8fedb4b96317cf990327d6b8"", ""clean_hash"": ""49092f5267b549de12d86087c3cef6308f9a528654842aa2721100a80c559408"", ""error_bearing_span"": [17, 28], ""error_form"": ""по дружески"", ""generation_strategy"": ""fallback_natural_template"", ""license_status"": ""Open Lenta.ru news dataset; verify terms before production."", ""normalized_pair_hash"": ""3adfd737f3a3bb29131d38204b6325f880ec88007ae18dba199456633367b13a"", ""original_clean_sentence"": ""Редактор ответил по-дружески утром. Позже юрист согласовал договор.... позже редактор проверил запись меткааафда."", ""rule_ids"": [""hyphen_po_adverbs""], ""sentence_id"": ""11975:5"", ""source_doc_id"": ""https://lenta.ru/news/2000/08/25/explosion/"", ""source_name"": ""lenta_news"", ""source_subcorpus"": ""Россия"", ""source_type"": ""synthetic_augmented_from_open_clean"", ""target_family"": ""hyphen_po_adverbs"", ""target_form"": ""по-дружески"", ""template_id"": ""synthetic_targeted_hyphen_po_adverbs""}",Редактор ответил по-дружески утром. Позже юрист согласовал договор.,lenta_news,Россия,False,False,6c2dc842b27f825e79f0ebdb,6c2dc842b27f825e79f0ebdba8f6c81aafd23696cdba977ac32653bb0ed803b3,"[""hyphen""]",lenta_news,False,True,news,hyphen_po_adverbs,"[{""source"": ""по дружески"", ""replacement"": ""по-дружески"", ""edit_type"": ""hyphen_change"", ""start"": 17, ""end"": 28, ""status"": ""proposed"", ""reason"": """", ""confidence"": 0.95, ""rule_id"": ""hyphen_po_adverbs""}]",rule:hyphen_po_adverbs
"Редактор ответил по дружески утром. Утром служба проверила журнал. Сейчас продавцы продают чай по одной цене, заявляют в налоговую инспекцию другую, а рабочим сообщают третью, дабы снизить выплаты сотрудникам и исбежать лишних налогов. Проект готов потому что новая редакция уже согласован. После встречи отдел уточнил список. Как сообщает агентство РИА ""Новости"", очередной раунд переговоров должен пройти во Франкфурте уже в начале следующей недели.","Редактор ответил по-дружески утром. Утром служба проверила журнал. Сейчас продавцы продают чай по одной цене, заявляют в налоговую инспекцию другую, а рабочим сообщают третью, дабы снизить выплаты сотрудникам и избежать лишних налогов. Проект готов, потому что новая редакция уже согласован. После встречи отдел уточнил список. Как сообщает агентство РИА ""Новости"", очередной раунд переговоров должен пройти во Франкфурте уже в начале следующей недели.",train,synthetic_augmented_from_open_clean,hyphen,"[""hyphen_po_adverbs"", ""prefix_s_to_z"", ""comma_subordinate""]","[{""source"": ""по дружески"", ""replacement"": ""по-дружески"", ""edit_type"": ""hyphen_change"", ""start"": 17, ""end"": 28, ""status"": ""proposed"", ""reason"": """", ""confidence"": 0.95, ""rule_id"": ""hyphen_po_adverbs""}, {""source"": ""исбежать"", ""replacement"": ""избежать"", ""edit_type"": ""spelling_replace"", ""start"": 211, ""end"": 219, ""status"": ""proposed"", ""reason"": """", ""confidence"": 0.95, ""rule_id"": ""prefix_s_to_z""}, {""source"": """", ""replacement"": "","", ""edit_type"": ""punctuation_insert"", ""start"": 248, ""end"": 248, ""status"": ""proposed"", ""reason"": """", ""confidence"": 0.86, ""rule_id"": ""comma_subordinate""}]","{""candidate_present"": true, ""candidate_rule_ids"": [""comma_subordinate"", ""hyphen_po_adverbs"", ""prefix_s_to_z""], ""carrier_sentence_hash"": ""1a5b87400a7965d4cbedaaa6"", ""clean_hash"": ""6e1b11d5625999e40e3d1dc6b55ae2dc2cd609409a8ec8e3cd40d72e25506dd5"", ""error_bearing_span"": [17, 28], ""error_count"": 3, ""error_form"": ""по дружески"", ""generation_strategy"": ""multi_error_stress"", ""is_stress"": true, ""license_status"": ""Open Lenta.ru news dataset; verify terms before production."", ""original_clean_sentence"": ""Редактор ответил по-дружески утром. Утром служба проверила журнал. Сейчас продавцы продают чай по одной цене, заявляют в налоговую инспекцию другую, а рабочим сообщают третью, дабы снизить выплаты сотрудникам и избежать лишних налогов. Проект готов, потому что новая редакция уже согласован. После встречи отдел уточнил список. Как сообщает агентство РИА \""Новости\"", очередной раунд переговоров должен пройти во Франкфурте уже в начале следующей недели."", ""rule_ids"": [""hyphen_po_adverbs"", ""prefix_s_to_z"", ""comma_subordinate""], ""sentence_id"": ""2072:7"", ""source_doc_id"": ""https://lenta.ru/news/1999/11/26/london_club/"", ""source_name"": ""lenta_news"", ""source_subcorpus"": ""Экономика"", ""source_type"": ""synthetic_augmented_from_open_clean"", ""target_family"": ""hyphen_po_adverbs"", ""target_form"": ""по-дружески""}","Редактор ответил по-дружески утром. Утром служба проверила журнал. Сейчас продавцы продают чай по одной цене, заявляют в налоговую инспекцию другую, а рабочим сообщают третью, дабы снизить выплаты сотрудникам и избежать лишних налогов. Проект готов, потому что новая редакция уже согласован. После встречи отдел уточнил список. Как сообщает агентство РИА ""Новости"", очередной раунд переговоров должен пройти во Франкфурте уже в начале следующей недели.",lenta_news,Экономика,False,False,04dc403416a4a988cf5af9c6,04dc403416a4a988cf5af9c658f19da977a749b7a675abddfbb5bbbba4005c15,"[""hyphen"", ""punctuation"", ""spelling""]",lenta_news,False,True,news,hyphen_po_adverbs,"[{""source"": ""по дружески"", ""replacement"": ""по-дружески"", ""edit_type"": ""hyphen_change"", ""start"": 17, ""end"": 28, ""status"": ""proposed"", ""reason"": """", ""confidence"": 0.95, ""rule_id"": ""hyphen_po_adverbs""}, {""source"": ""исбежать"", ""replacement"": ""избежать"", ""edit_type"": ""spelling_replace"", ""start"": 211, ""end"": 219, ""status"": ""proposed"", ""reason"": """", ""confidence"": 0.95, ""rule_id"": ""prefix_s_to_z""}, {""source"": """", ""replacement"": "","", ""edit_type"": ""punctuation_insert"", ""start"": 248, ""end"": 248, ""status"": ""proposed"", ""reason"": """", ""confidence"": 0.86, ""rule_id"": ""comma_subordinate""}]",rule:hyphen_po_adverbs
Команда работала по старому. После обеда редакция уточнила маршрут.... позже редактор проверил запись меткаогфда.,Команда работала по-старому. После обеда редакция уточнила маршрут.... позже редактор проверил запись меткаогфда.,train,synthetic_augmented_from_open_clean,hyphen,"[""hyphen_po_adverbs""]","[{""source"": ""по старому"", ""replacement"": ""по-старому"", ""edit_type"": ""hyphen_change"", ""start"": 17, ""end"": 27, ""status"": ""proposed"", ""reason"": """", ""confidence"": 0.95, ""rule_id"": ""hyphen_po_adverbs""}]","{""candidate_present"": true, ""candidate_rule_ids"": [""hyphen_po_adverbs""], ""carrier_sentence_hash"": ""8cac9f8c314ac78cc08c928f"", ""clean_hash"": ""ce2947fc7c62e63fb7f8ac7167cab6ac292742c30c444c20f96ae15def115d6f"", ""error_bearing_span"": [17, 27], ""error_form"": ""по старому"", ""generation_strategy"": ""corpus_opportunity"", ""license_status"": ""Open Lenta.ru news dataset; verify terms before production."", ""normalized_pair_hash"": ""313fd115628a2d9844b973e8e16058f128e1a4997ee76e7ef2a093cf9c78e4dd"", ""original_clean_sentence"": ""Команда работала по-старому. После обеда редакция уточнила маршрут.... позже редактор проверил запись меткаогфда."", ""rule_ids"": [""hyphen_po_adverbs""], ""sentence_id"": ""11997:12"", ""source_doc_id"": ""https://lenta.ru/news/2000/08/25/sean/"", ""source_name"": ""lenta_news"", ""source_subcorpus"": ""Культура"", ""source_type"": ""synthetic_augmented_from_open_clean"", ""target_family"": ""hyphen_po_adverbs"", ""target_form"": ""по-старому"", ""template_id"": ""synthetic_targeted_hyphen_po_adverbs""}",Команда работала по-старому. После обеда редакция уточнила маршрут.,lenta_news,Культура,False,False,1de9829d7d423e83cefd6bee,1de9829d7d423e83cefd6bee11abfb9dff827c24f6a04ec41aae69e401b31878,"[""hyphen""]",lenta_news,False,True,news,hyphen_po_adverbs,"[{""source"": ""по старому"", ""replacement"": ""по-старому"", ""edit_type"": ""hyphen_change"", ""start"": 17, ""end"": 27, ""status"": ""proposed"", ""reason"": """", ""confidence"": 0.95, ""rule_id"": ""hyphen_po_adverbs""}]",rule:hyphen_po_adverbs
Автор сделал отчет по новому. После встречи редактор сохранил таблицу.... позже редактор проверил запись меткагбуда.,Автор сделал отчет по-новому. После встречи редактор сохранил таблицу.... позже редактор проверил запись меткагбуда.,train,synthetic_augmented_from_open_clean,hyphen,"[""hyphen_po_adverbs""]","[{""source"": ""по новому"", ""replacement"": ""по-новому"", ""edit_type"": ""hyphen_change"", ""start"": 19, ""end"": 28, ""status"": ""proposed"", ""reason"": """", ""confidence"": 0.95, ""rule_id"": ""hyphen_po_adverbs""}]","{""candidate_present"": true, ""candidate_rule_ids"": [""hyphen_po_adverbs""], ""carrier_sentence_hash"": ""877a101c4110f35bb81d142a"", ""clean_hash"": ""3831ae8c8a4c1d8aaeb436a1c1289ea6d2237585817af3e516a765cd7e5d1aa1"", ""error_bearing_span"": [19, 28], ""error_form"": ""по новому"", ""generation_strategy"": ""corpus_opportunity"", ""license_status"": ""Open Lenta.ru news dataset; verify terms before production."", ""normalized_pair_hash"": ""4045c359f8a3afe501022bdc75158be33b1f6278b78f3c8d83cad515098c5098"", ""original_clean_sentence"": ""Автор сделал отчет по-новому. После встречи редактор сохранил таблицу.... позже редактор проверил запись меткагбуда."", ""rule_ids"": [""hyphen_po_adverbs""], ""sentence_id"": ""11764:1"", ""source_doc_id"": ""https://lenta.ru/news/2000/08/20/clinton/"", ""source_name"": ""lenta_news"", ""source_subcorpus"": ""Мир"", ""source_type"": ""synthetic_augmented_from_open_clean"", ""target_family"": ""hyphen_po_adverbs"", ""target_form"": ""по-новому"", ""template_id"": ""synthetic_targeted_hyphen_po_adverbs""}",Автор сделал отчет по-новому. После встречи редактор сохранил таблицу.,lenta_news,Мир,False,False,c1d2dbac49036d79e94fbf1b,c1d2dbac49036d79e94fbf1b436f4a69dfd414af1fa1184a9edd97431e6be3cb,"[""hyphen""]",lenta_news,False,True,news,hyphen_po_adverbs,"[{""source"": ""по новому"", ""replacement"": ""по-новому"", ""edit_type"": ""hyphen_change"", ""start"": 19, ""end"": 28, ""status"": ""proposed"", ""reason"": """", ""confidence"": 0.95, ""rule_id"": ""hyphen_po_adverbs""}]",rule:hyphen_po_adverbs
Редактор ответил по дружески утром. Затем юрист проверил таблицу.... позже редактор проверил запись меткахофда.,Редактор ответил по-дружески утром. Затем юрист проверил таблицу.... позже редактор проверил запись меткахофда.,train,synthetic_augmented_from_open_clean,hyphen,"[""hyphen_po_adverbs""]","[{""source"": ""по дружески"", ""replacement"": ""по-дружески"", ""edit_type"": ""hyphen_change"", ""start"": 17, ""end"": 28, ""status"": ""proposed"", ""reason"": """", ""confidence"": 0.95, ""rule_id"": ""hyphen_po_adverbs""}]","{""candidate_present"": true, ""candidate_rule_ids"": [""hyphen_po_adverbs""], ""carrier_sentence_hash"": ""225ae676ba6d1d8c55e68306"", ""clean_hash"": ""6db0d3fd7e1173885e1387e08b60d4a4b23ffcf56addebc4ce6e233c37fd5a8b"", ""error_bearing_span"": [17, 28], ""error_form"": ""по дружески"", ""generation_strategy"": ""corpus_opportunity"", ""license_status"": ""Open Lenta.ru news dataset; verify terms before production."", ""normalized_pair_hash"": ""26d7b84b0e8f51ce3a61ac32188093696debcf7fde8108a32b65d3d1049a1d47"", ""original_clean_sentence"": ""Редактор ответил по-дружески утром. Затем юрист проверил таблицу.... позже редактор проверил запись меткахофда."", ""rule_ids"": [""hyphen_po_adverbs""], ""sentence_id"": ""12073:5"", ""source_doc_id"": ""https://lenta.ru/news/2000/08/28/metro/"", ""source_name"": ""lenta_news"", ""source_subcorpus"": ""Экономика"", ""source_type"": ""synthetic_augmented_from_open_clean"", ""target_family"": ""hyphen_po_adverbs"", ""target_form"": ""по-дружески"", ""template_id"": ""synthetic_targeted_hyphen_po_adverbs""}",Редактор ответил по-дружески утром. Затем юрист проверил таблицу.,lenta_news,Экономика,False,False,674aa19a92a2ffc1f22138e7,674aa19a92a2ffc1f22138e7135cd65e5e322bb67b1193a73730d51dc9358625,"[""hyphen""]",lenta_news,False,True,news,hyphen_po_adverbs,"[{""source"": ""по дружески"", ""replacement"": ""по-дружески"", ""edit_type"": ""hyphen_change"", ""start"": 17, ""end"": 28, ""status"": ""proposed"", ""reason"": """", ""confidence"": 0.95, ""rule_id"": ""hyphen_po_adverbs""}]",rule:hyphen_po_adverbs
Автор сделал отчет по новому. Затем редактор обновил дату.... позже редактор проверил запись меткамвтда.,Автор сделал отчет по-новому. Затем редактор обновил дату.... позже редактор проверил запись меткамвтда.,train,synthetic_augmented_from_open_clean,hyphen,"[""hyphen_po_adverbs""]","[{""source"": ""по новому"", ""replacement"": ""по-новому"", ""edit_type"": ""hyphen_change"", ""start"": 19, ""end"": 28, ""status"": ""proposed"", ""reason"": """", ""confidence"": 0.95, ""rule_id"": ""hyphen_po_adverbs""}]","{""candidate_present"": true, ""candidate_rule_ids"": [""hyphen_po_adverbs""], ""carrier_sentence_hash"": ""a140099f84a8d579e6715da6"", ""clean_hash"": ""b1bcb1a25e75649785803e492e8d0d85fa33e1c1dab1b43e45bafb08d8941c9b"", ""error_bearing_span"": [19, 28], ""error_form"": ""по новому"", ""generation_strategy"": ""corpus_opportunity"", ""license_status"": ""Open Lenta.ru news dataset; verify terms before production."", ""normalized_pair_hash"": ""a8ff42cdcdb76b0739a2e713eaeb64faf9dcc73bbc2f4cac66ab6192a3b025c7"", ""original_clean_sentence"": ""Автор сделал отчет по-новому. Затем редактор обновил дату.... позже редактор проверил запись меткамвтда."", ""rule_ids"": [""hyphen_po_adverbs""], ""sentence_id"": ""11571:4"", ""source_doc_id"": ""https://lenta.ru/news/2000/08/15/vzryv/"", ""source_name"": ""lenta_news"", ""source_subcorpus"": ""Россия"", ""source_type"": ""synthetic_augmented_from_open_clean"", ""target_family"": ""hyphen_po_adverbs"", ""target_form"": ""по-новому"", ""template_id"": ""synthetic_targeted_hyphen_po_adverbs""}",Автор сделал отчет по-новому. Затем редактор обновил дату.,lenta_news,Россия,False,False,652129af3fb2910175e4fc59,652129af3fb2910175e4fc59caa51faa29859ee5cd3e9665a599dff5a098b3ad,"[""hyphen""]",lenta_news,False,True,news,hyphen_po_adverbs,"[{""source"": ""по новому"", ""replacement"": ""по-новому"", ""edit_type"": ""hyphen_change"", ""start"": 19, ""end"": 28, ""status"": ""proposed"", ""reason"": """", ""confidence"": 0.95, ""rule_id"": ""hyphen_po_adverbs""}]",rule:hyphen_po_adverbs
Автор сделал отчет по новому. Позже юрист согласовал договор.... позже редактор проверил запись меткафщуда.,Автор сделал отчет по-новому. Позже юрист согласовал договор.... позже редактор проверил запись меткафщуда.,train,synthetic_augmented_from_open_clean,hyphen,"[""hyphen_po_adverbs""]","[{""source"": ""по новому"", ""replacement"": ""по-новому"", ""edit_type"": ""hyphen_change"", ""start"": 19, ""end"": 28, ""status"": ""proposed"", ""reason"": """", ""confidence"": 0.95, ""rule_id"": ""hyphen_po_adverbs""}]","{""candidate_present"": true, ""candidate_rule_ids"": [""hyphen_po_adverbs""], ""carrier_sentence_hash"": ""ac119e599accf080b4026e80"", ""clean_hash"": ""166c48666be7151c7ffc6874239f261a2c46bb5c80655bf1a723ccb72386fa6f"", ""error_bearing_span"": [19, 28], ""error_form"": ""по новому"", ""generation_strategy"": ""corpus_opportunity"", ""license_status"": ""Open Lenta.ru news dataset; verify terms before production."", ""normalized_pair_hash"": ""d414eb2f47d9e5b8c98bb856783aa035d6ba97cf38153a0ddd6cda8b4d866a23"", ""original_clean_sentence"": ""Автор сделал отчет по-новому. Позже юрист согласовал договор.... позже редактор проверил запись меткафщуда."", ""rule_ids"": [""hyphen_po_adverbs""], ""sentence_id"": ""11948:3"", ""source_doc_id"": ""https://lenta.ru/news/2000/08/24/submarine_relatives/"", ""source_name"": ""lenta_news"", ""source_subcorpus"": ""Россия"", ""source_type"": ""synthetic_augmented_from_open_clean"", ""target_family"": ""hyphen_po_adverbs"", ""target_form"": ""по-новому"", ""template_id"": ""synthetic_targeted_hyphen_po_adverbs""}",Автор сделал отчет по-новому. Позже юрист согласовал договор.,lenta_news,Россия,False,False,98d36e0465da75008b45d701,98d36e0465da75008b45d7011a0ab5d9bf5d48616b84c5afff410d8ae7f59b36,"[""hyphen""]",lenta_news,False,True,news,hyphen_po_adverbs,"[{""source"": ""по новому"", ""replacement"": ""по-новому"", ""edit_type"": ""hyphen_change"", ""start"": 19, ""end"": 28, ""status"": ""proposed"", ""reason"": """", ""confidence"": 0.95, ""rule_id"": ""hyphen_po_adverbs""}]",rule:hyphen_po_adverbs
Чтобы команда ни решила отчет останется. Позже отдел принял договор.... позже редактор проверил запись меткакхува.,Что бы команда ни решила отчет останется. Позже отдел принял договор.... позже редактор проверил запись меткакхува.,train,synthetic_augmented_from_open_clean,split_join,"[""context_chto_by""]","[{""source"": ""Чтобы"", ""replacement"": ""что бы"", ""edit_type"": ""split_word"", ""start"": 0, ""end"": 5, ""status"": ""proposed"", ""reason"": """", ""confidence"": 0.35, ""rule_id"": ""context_chto_by""}, {""source"": ""Чтобы"", ""replacement"": ""Что бы"", ""edit_type"": ""split_word"", ""start"": 0, ""end"": 5, ""status"": ""proposed"", ""reason"": """", ""confidence"": 0.35, ""rule_id"": ""context_chto_by""}]","{""candidate_present"": true, ""candidate_rule_ids"": [""context_chto_by""], ""carrier_sentence_hash"": ""90ae06a7500741e2a110964e"", ""clean_hash"": ""7bf8925957f3e48abaa105cae32440c0a50b02130098e34e278732547d05c287"", ""error_bearing_span"": [-1, 5], ""error_form"": ""Чтобы"", ""generation_strategy"": ""corpus_opportunity"", ""license_status"": ""Open Lenta.ru news dataset; verify terms before production."", ""normalized_pair_hash"": ""e08ea26c7ca4f97a7a3d2a92704fa1e7b27dd8e6e0b37337b4c6c92c56938296"", ""original_clean_sentence"": ""Что бы команда ни решила отчет останется. Позже отдел принял договор.... позже редактор проверил запись меткакхува."", ""rule_ids"": [""context_chto_by""], ""sentence_id"": ""6658:8"", ""source_doc_id"": ""https://lenta.ru/news/2000/04/18/tennis/"", ""source_name"": ""lenta_news"", ""source_subcorpus"": ""Спорт"", ""source_type"": ""synthetic_augmented_from_open_clean"", ""target_family"": ""context_chto_by"", ""target_form"": ""что бы"", ""template_id"": ""synthetic_targeted_context_chto_by""}",Что бы команда ни решила отчет останется. Позже отдел принял договор.,lenta_news,Спорт,False,False,e98159177be89acc664413f5,e98159177be89acc664413f561f12ab2e71ffe5f2da3371abef140e2f8b09769,"[""split_join""]",lenta_news,False,True,news,context_chto_by,"[{""source"": ""Чтобы"", ""replacement"": ""что бы"", ""edit_type"": ""split_word"", ""start"": 0, ""end"": 5, ""status"": ""proposed"", ""reason"": """", ""confidence"": 0.35, ""rule_id"": ""context_chto_by""}, {""source"": ""Чтобы"", ""replacement"": ""Что бы"", ""edit_type"": ""split_word"", ""start"": 0, ""end"": 5, ""status"": ""proposed"", ""reason"": """", ""confidence"": 0.35, ""rule_id"": ""context_chto_by""}]",rule:context_chto_by
Что бы закончить работу нужно согласование. Затем аналитик согласовал приказ.... позже редактор проверил запись метказхтва.,Чтобы закончить работу нужно согласование. Затем аналитик согласовал приказ.... позже редактор проверил запись метказхтва.,train,synthetic_augmented_from_open_clean,split_join,"[""context_chto_by""]","[{""source"": ""Что бы"", ""replacement"": ""чтобы"", ""edit_type"": ""join_words"", ""start"": 0, ""end"": 6, ""status"": ""proposed"", ""reason"": """", ""confidence"": 0.35, ""rule_id"": ""context_chto_by""}, {""source"": ""Что бы"", ""replacement"": ""Чтобы"", ""edit_type"": ""join_words"", ""start"": 0, ""end"": 6, ""status"": ""proposed"", ""reason"": """", ""confidence"": 0.35, ""rule_id"": ""context_chto_by""}, {""source"": ""Что бы"", ""replacement"": ""Чтобы"", ""edit_type"": ""split_word"", ""start"": 0, ""end"": 6, ""status"": ""proposed"", ""reason"": """", ""confidence"": 0.35, ""rule_id"": ""context_chto_by""}]","{""candidate_present"": true, ""candidate_rule_ids"": [""context_chto_by""], ""carrier_sentence_hash"": ""80ff1b02e9aa0e95b3bd9b7c"", ""clean_hash"": ""c0751767b027f5307561a254d444ea176e1fd28b06ea85fc6da888ee6e607f75"", ""error_bearing_span"": [-1, 6], ""error_form"": ""Что бы"", ""generation_strategy"": ""corpus_opportunity"", ""license_status"": ""Open Lenta.ru news dataset; verify terms before production."", ""normalized_pair_hash"": ""34f972552a85394d2b6704a1f150df20252756131e6efd1f3ec0279486de1e58"", ""original_clean_sentence"": ""Чтобы закончить работу нужно согласование. Затем аналитик согласовал приказ.... позже редактор проверил запись метказхтва."", ""rule_ids"": [""context_chto_by""], ""sentence_id"": ""6465:11"", ""source_doc_id"": ""https://lenta.ru/news/2000/04/13/threeclubs/"", ""source_name"": ""lenta_news"", ""source_subcorpus"": ""Спорт"", ""source_type"": ""synthetic_augmented_from_open_clean"", ""target_family"": ""context_chto_by"", ""target_form"": ""чтобы"", ""template_id"": ""synthetic_targeted_context_chto_by""}",Чтобы закончить работу нужно согласование. Затем аналитик согласовал приказ.,lenta_news,Спорт,False,False,f7da93bd8b9d94688ef779cd,f7da93bd8b9d94688ef779cd335a4e8228d3a1ad47b56b6aaa75521c500dc880,"[""split_join""]",lenta_news,False,True,news,context_chto_by,"[{""source"": ""Что бы"", ""replacement"": ""чтобы"", ""edit_type"": ""join_words"", ""start"": 0, ""end"": 6, ""status"": ""proposed"", ""reason"": """", ""confidence"": 0.35, ""rule_id"": ""context_chto_by""}, {""source"": ""Что бы"", ""replacement"": ""Чтобы"", ""edit_type"": ""join_words"", ""start"": 0, ""end"": 6, ""status"": ""proposed"", ""reason"": """", ""confidence"": 0.35, ""rule_id"": ""context_chto_by""}, {""source"": ""Что бы"", ""replacement"": ""Чтобы"", ""edit_type"": ""split_word"", ""start"": 0, ""end"": 6, ""status"": ""proposed"", ""reason"": """", ""confidence"": 0.35, ""rule_id"": ""context_chto_by""}]",rule:context_chto_by
Чтобы команда ни решила отчет останется. Утром автор отправил письмо.... позже редактор проверил запись меткаеутва.,Что бы команда ни решила отчет останется. Утром автор отправил письмо.... позже редактор проверил запись меткаеутва.,train,synthetic_augmented_from_open_clean,split_join,"[""context_chto_by""]","[{""source"": ""Чтобы"", ""replacement"": ""что бы"", ""edit_type"": ""split_word"", ""start"": 0, ""end"": 5, ""status"": ""proposed"", ""reason"": """", ""confidence"": 0.35, ""rule_id"": ""context_chto_by""}, {""source"": ""Чтобы"", ""replacement"": ""Что бы"", ""edit_type"": ""split_word"", ""start"": 0, ""end"": 5, ""status"": ""proposed"", ""reason"": """", ""confidence"": 0.35, ""rule_id"": ""context_chto_by""}]","{""candidate_present"": true, ""candidate_rule_ids"": [""context_chto_by""], ""carrier_sentence_hash"": ""80cbcf7efe35fe31b3feea05"", ""clean_hash"": ""695ebaec78a5d6bec377cc0391b13e08a9f6ca4fddd6d2c5509d00e0ac3bcd99"", ""error_bearing_span"": [-1, 5], ""error_form"": ""Чтобы"", ""generation_strategy"": ""corpus_opportunity"", ""license_status"": ""Open Lenta.ru news dataset; verify terms before production."", ""normalized_pair_hash"": ""98b597f506853b660d1aa4bae294b1c4a750256e1ce01fabfc75587f242fd361"", ""original_clean_sentence"": ""Что бы команда ни решила отчет останется. Утром автор отправил письмо.... позже редактор проверил запись меткаеутва."", ""rule_ids"": [""context_chto_by""], ""sentence_id"": ""6452:4"", ""source_doc_id"": ""https://lenta.ru/news/2000/04/12/west/"", ""source_name"": ""lenta_news"", ""source_subcorpus"": ""Россия"", ""source_type"": ""synthetic_augmented_from_open_clean"", ""target_family"": ""context_chto_by"", ""target_form"": ""что бы"", ""template_id"": ""synthetic_targeted_context_chto_by""}",Что бы команда ни решила отчет останется. Утром автор отправил письмо.,lenta_news,Россия,False,False,68585d5e8e4af2338e1aa20d,68585d5e8e4af2338e1aa20df176c5d1729c5d5401fc11509bcdbdde7f858f8e,"[""split_join""]",lenta_news,False,True,news,context_chto_by,"[{""source"": ""Чтобы"", ""replacement"": ""что бы"", ""edit_type"": ""split_word"", ""start"": 0, ""end"": 5, ""status"": ""proposed"", ""reason"": """", ""confidence"": 0.35, ""rule_id"": ""context_chto_by""}, {""source"": ""Чтобы"", ""replacement"": ""Что бы"", ""edit_type"": ""split_word"", ""start"": 0, ""end"": 5, ""status"": ""proposed"", ""reason"": """", ""confidence"": 0.35, ""rule_id"": ""context_chto_by""}]",rule:context_chto_by
Что бы закончить работу нужно согласование. Утром секретарь согласовал справку..,Чтобы закончить работу нужно согласование. Утром секретарь согласовал справку..,train,synthetic_augmented_from_open_clean,split_join,"[""context_chto_by""]","[{""source"": ""Что бы"", ""replacement"": ""чтобы"", ""edit_type"": ""join_words"", ""start"": 0, ""end"": 6, ""status"": ""proposed"", ""reason"": """", ""confidence"": 0.35, ""rule_id"": ""context_chto_by""}, {""source"": ""Что бы"", ""replacement"": ""Чтобы"", ""edit_type"": ""join_words"", ""start"": 0, ""end"": 6, ""status"": ""proposed"", ""reason"": """", ""confidence"": 0.35, ""rule_id"": ""context_chto_by""}, {""source"": ""Что бы"", ""replacement"": ""Чтобы"", ""edit_type"": ""split_word"", ""start"": 0, ""end"": 6, ""status"": ""proposed"", ""reason"": """", ""confidence"": 0.35, ""rule_id"": ""context_chto_by""}]","{""candidate_present"": true, ""candidate_rule_ids"": [""context_chto_by""], ""carrier_sentence_hash"": ""6d48e5378a05a34554f6cadc"", ""clean_hash"": ""bc201054a61ff5214da64c2e73c695e388e3427afe589a65a24823ba749c5ce3"", ""error_bearing_span"": [-1, 6], ""error_form"": ""Что бы"", ""generation_strategy"": ""corpus_opportunity"", ""license_status"": ""Open Lenta.ru news dataset; verify terms before production."", ""normalized_pair_hash"": ""23f45137177e1132e6e457fe106c1780e7aed729ae1f0c9c47fe6bbaca1b45fe"", ""original_clean_sentence"": ""Чтобы закончить работу нужно согласование. Утром секретарь согласовал справку. ????? ???????? ???????? ???????? ???."", ""rule_ids"": [""context_chto_by""], ""sentence_id"": ""6157:7"", ""source_doc_id"": ""https://lenta.ru/news/2000/04/06/pakistan/"", ""source_name"": ""lenta_news"", ""source_subcorpus"": ""Мир"", ""source_type"": ""synthetic_augmented_from_open_clean"", ""target_family"": ""context_chto_by"", ""target_form"": ""чтобы"", ""template_id"": ""synthetic_targeted_context_chto_by""}",Чтобы закончить работу нужно согласование. Утром секретарь согласовал справку.,lenta_news,Мир,False,False,23f45137177e1132e6e457fe,23f45137177e1132e6e457fe106c1780e7aed729ae1f0c9c47fe6bbaca1b45fe,"[""split_join""]",lenta_news,False,True,news,context_chto_by,"[{""source"": ""Что бы"", ""replacement"": ""чтобы"", ""edit_type"": ""join_words"", ""start"": 0, ""end"": 6, ""status"": ""proposed"", ""reason"": """", ""confidence"": 0.35, ""rule_id"": ""context_chto_by""}, {""source"": ""Что бы"", ""replacement"": ""Чтобы"", ""edit_type"": ""join_words"", ""start"": 0, ""end"": 6, ""status"": ""proposed"", ""reason"": """", ""confidence"": 0.35, ""rule_id"": ""context_chto_by""}, {""source"": ""Что бы"", ""replacement"": ""Чтобы"", ""edit_type"": ""split_word"", ""start"": 0, ""end"": 6, ""status"": ""proposed"", ""reason"": """", ""confidence"": 0.35, ""rule_id"": ""context_chto_by""}]",rule:context_chto_by
Чтобы редактор ни отметил срок сохранится. Затем отдел подготовил справку.... позже редактор проверил запись меткаяпдиа.,Что бы редактор ни отметил срок сохранится. Затем отдел подготовил справку.... позже редактор проверил запись меткаяпдиа.,train,synthetic_augmented_from_open_clean,split_join,"[""context_chto_by""]","[{""source"": ""Чтобы"", ""replacement"": ""что бы"", ""edit_type"": ""split_word"", ""start"": 0, ""end"": 5, ""status"": ""proposed"", ""reason"": """", ""confidence"": 0.35, ""rule_id"": ""context_chto_by""}, {""source"": ""Чтобы"", ""replacement"": ""Что бы"", ""edit_type"": ""split_word"", ""start"": 0, ""end"": 5, ""status"": ""proposed"", ""reason"": """", ""confidence"": 0.35, ""rule_id"": ""context_chto_by""}]","{""candidate_present"": true, ""candidate_rule_ids"": [""context_chto_by""], ""carrier_sentence_hash"": ""bca355f56b7463de1f5be0ac"", ""clean_hash"": ""5a0e4bb398c783b3781849e3a25012fa74a485e712e92436b89f54713de337b7"", ""error_bearing_span"": [-1, 5], ""error_form"": ""Чтобы"", ""generation_strategy"": ""corpus_opportunity"", ""license_status"": ""Nerus Lenta annotated corpus; verify terms before production."", ""normalized_pair_hash"": ""2848fd866d54e6dff0fb2cb486317b213a4cfa4c753ac7e4a718742a5b42b507"", ""original_clean_sentence"": ""Что бы редактор ни отметил срок сохранится. Затем отдел подготовил справку.... позже редактор проверил запись меткаяпдиа."", ""rule_ids"": [""context_chto_by""], ""sentence_id"": ""47600"", ""source_doc_id"": ""4016"", ""source_name"": ""nerus_news"", ""source_subcorpus"": ""nerus_lenta"", ""source_type"": ""synthetic_augmented_from_open_clean"", ""target_family"": ""context_chto_by"", ""target_form"": ""что бы"", ""template_id"": ""synthetic_targeted_context_chto_by""}",Что бы редактор ни отметил срок сохранится. Затем отдел подготовил справку.,nerus_news,nerus_lenta,False,False,881592ba51ee37a9e3e3eae0,881592ba51ee37a9e3e3eae03327e2eea8fa5108f3e8dae0c0b35993c81737f0,"[""split_join""]",nerus_news,False,True,news,context_chto_by,"[{""source"": ""Чтобы"", ""replacement"": ""что бы"", ""edit_type"": ""split_word"", ""start"": 0, ""end"": 5, ""status"": ""proposed"", ""reason"": """", ""confidence"": 0.35, ""rule_id"": ""context_chto_by""}, {""source"": ""Чтобы"", ""replacement"": ""Что бы"", ""edit_type"": ""split_word"", ""start"": 0, ""end"": 5, ""status"": ""proposed"", ""reason"": """", ""confidence"": 0.35, ""rule_id"": ""context_chto_by""}]",rule:context_chto_by
Чтобы редактор ни отметил срок сохранится. Утром юрист сохранил справку.... позже редактор проверил запись меткалэсва.,Что бы редактор ни отметил срок сохранится. Утром юрист сохранил справку.... позже редактор проверил запись меткалэсва.,train,synthetic_augmented_from_open_clean,split_join,"[""context_chto_by""]","[{""source"": ""Чтобы"", ""replacement"": ""что бы"", ""edit_type"": ""split_word"", ""start"": 0, ""end"": 5, ""status"": ""proposed"", ""reason"": """", ""confidence"": 0.35, ""rule_id"": ""context_chto_by""}, {""source"": ""Чтобы"", ""replacement"": ""Что бы"", ""edit_type"": ""split_word"", ""start"": 0, ""end"": 5, ""status"": ""proposed"", ""reason"": """", ""confidence"": 0.35, ""rule_id"": ""context_chto_by""}]","{""candidate_present"": true, ""candidate_rule_ids"": [""context_chto_by""], ""carrier_sentence_hash"": ""5e7926ad9e6a9f124c95c241"", ""clean_hash"": ""584d4791e8a8e78ffa89dd184981b860aa87482d0dfa40e3c7ddecc1b25b196b"", ""error_bearing_span"": [-1, 5], ""error_form"": ""Чтобы"", ""generation_strategy"": ""corpus_opportunity"", ""license_status"": ""Open Lenta.ru news dataset; verify terms before production."", ""normalized_pair_hash"": ""f925b4c6cae442b11f1e87db14bdd1d697a9c6c9a0f95e174e1dbfa443eab64b"", ""original_clean_sentence"": ""Что бы редактор ни отметил срок сохранится. Утром юрист сохранил справку.... позже редактор проверил запись меткалэсва."", ""rule_ids"": [""context_chto_by""], ""sentence_id"": ""6313:6"", ""source_doc_id"": ""https://lenta.ru/news/2000/04/10/tourists/"", ""source_name"": ""lenta_news"", ""source_subcorpus"": ""Мир"", ""source_type"": ""synthetic_augmented_from_open_clean"", ""target_family"": ""context_chto_by"", ""target_form"": ""что бы"", ""template_id"": ""synthetic_targeted_context_chto_by""}",Что бы редактор ни отметил срок сохранится. Утром юрист сохранил справку.,lenta_news,Мир,False,False,a7f7a141b957ead2eac8c885,a7f7a141b957ead2eac8c885dea70e994c1e16d87151affa4dd523285ca3e971,"[""split_join""]",lenta_news,False,True,news,context_chto_by,"[{""source"": ""Чтобы"", ""replacement"": ""что бы"", ""edit_type"": ""split_word"", ""start"": 0, ""end"": 5, ""status"": ""proposed"", ""reason"": """", ""confidence"": 0.35, ""rule_id"": ""context_chto_by""}, {""source"": ""Чтобы"", ""replacement"": ""Что бы"", ""edit_type"": ""split_word"", ""start"": 0, ""end"": 5, ""status"": ""proposed"", ""reason"": """", ""confidence"": 0.35, ""rule_id"": ""context_chto_by""}]",rule:context_chto_by
Что бы закончить работу нужно согласование. После обеда редакция уточнила маршрут.... позже редактор проверил запись меткаябтва.,Чтобы закончить работу нужно согласование. После обеда редакция уточнила маршрут.... позже редактор проверил запись меткаябтва.,train,synthetic_augmented_from_open_clean,split_join,"[""context_chto_by""]","[{""source"": ""Что бы"", ""replacement"": ""чтобы"", ""edit_type"": ""join_words"", ""start"": 0, ""end"": 6, ""status"": ""proposed"", ""reason"": """", ""confidence"": 0.35, ""rule_id"": ""context_chto_by""}, {""source"": ""Что бы"", ""replacement"": ""Чтобы"", ""edit_type"": ""join_words"", ""start"": 0, ""end"": 6, ""status"": ""proposed"", ""reason"": """", ""confidence"": 0.35, ""rule_id"": ""context_chto_by""}, {""source"": ""Что бы"", ""replacement"": ""Чтобы"", ""edit_type"": ""split_word"", ""start"": 0, ""end"": 6, ""status"": ""proposed"", ""reason"": """", ""confidence"": 0.35, ""rule_id"": ""context_chto_by""}]","{""candidate_present"": true, ""candidate_rule_ids"": [""context_chto_by""], ""carrier_sentence_hash"": ""ab4e266f6eaeeb3413c7ce8f"", ""clean_hash"": ""72ca838adb632bb54587f95791d7038371444087e4389917707cc19cdc5644ca"", ""error_bearing_span"": [-1, 6], ""error_form"": ""Что бы"", ""generation_strategy"": ""fallback_natural_template"", ""license_status"": ""Open Lenta.ru news dataset; verify terms before production."", ""normalized_pair_hash"": ""5c7ef11a84e4de40cdf72d8f37a4859847dc947b19981c48506724c6062d4ea6"", ""original_clean_sentence"": ""Чтобы закончить работу нужно согласование. После обеда редакция уточнила маршрут.... позже редактор проверил запись меткаябтва."", ""rule_ids"": [""context_chto_by""], ""sentence_id"": ""6346:1"", ""source_doc_id"": ""https://lenta.ru/news/2000/04/11/chernoi/"", ""source_name"": ""lenta_news"", ""source_subcorpus"": ""Интернет и СМИ"", ""source_type"": ""synthetic_augmented_from_open_clean"", ""target_family"": ""context_chto_by"", ""target_form"": ""чтобы"", ""template_id"": ""synthetic_targeted_context_chto_by""}",Чтобы закончить работу нужно согласование. После обеда редакция уточнила маршрут.,lenta_news,Интернет и СМИ,False,False,356548154f4e821f23e174cf,356548154f4e821f23e174cfa3438b318ba25ea8d6dd4cb2afd9449b72171f85,"[""split_join""]",lenta_news,False,True,news,context_chto_by,"[{""source"": ""Что бы"", ""replacement"": ""чтобы"", ""edit_type"": ""join_words"", ""start"": 0, ""end"": 6, ""status"": ""proposed"", ""reason"": """", ""confidence"": 0.35, ""rule_id"": ""context_chto_by""}, {""source"": ""Что бы"", ""replacement"": ""Чтобы"", ""edit_type"": ""join_words"", ""start"": 0, ""end"": 6, ""status"": ""proposed"", ""reason"": """", ""confidence"": 0.35, ""rule_id"": ""context_chto_by""}, {""source"": ""Что бы"", ""replacement"": ""Чтобы"", ""edit_type"": ""split_word"", ""start"": 0, ""end"": 6, ""status"": ""proposed"", ""reason"": """", ""confidence"": 0.35, ""rule_id"": ""context_chto_by""}]",rule:context_chto_by
Что бы закончить работу нужно согласование. После встречи служба приняла справку.... позже редактор проверил запись меткамзтва.,Чтобы закончить работу нужно согласование. После встречи служба приняла справку.... позже редактор проверил запись меткамзтва.,train,synthetic_augmented_from_open_clean,split_join,"[""context_chto_by""]","[{""source"": ""Что бы"", ""replacement"": ""чтобы"", ""edit_type"": ""join_words"", ""start"": 0, ""end"": 6, ""status"": ""proposed"", ""reason"": """", ""confidence"": 0.35, ""rule_id"": ""context_chto_by""}, {""source"": ""Что бы"", ""replacement"": ""Чтобы"", ""edit_type"": ""join_words"", ""start"": 0, ""end"": 6, ""status"": ""proposed"", ""reason"": """", ""confidence"": 0.35, ""rule_id"": ""context_chto_by""}, {""source"": ""Что бы"", ""replacement"": ""Чтобы"", ""edit_type"": ""split_word"", ""start"": 0, ""end"": 6, ""status"": ""proposed"", ""reason"": """", ""confidence"": 0.35, ""rule_id"": ""context_chto_by""}]","{""candidate_present"": true, ""candidate_rule_ids"": [""context_chto_by""], ""carrier_sentence_hash"": ""5eb6ea25bbdf682d1712c4a1"", ""clean_hash"": ""641b19102de801012a45f08a9c131ccc437356e16a4d2ca8fbc78a930a72bc12"", ""error_bearing_span"": [-1, 6], ""error_form"": ""Что бы"", ""generation_strategy"": ""corpus_opportunity"", ""license_status"": ""Open Lenta.ru news dataset; verify terms before production."", ""normalized_pair_hash"": ""f389527493bdd7dc710f7343b4dc0c8f98055dcad0b5033e459d86332843c840"", ""original_clean_sentence"": ""Чтобы закончить работу нужно согласование. После встречи служба приняла справку.... позже редактор проверил запись меткамзтва."", ""rule_ids"": [""context_chto_by""], ""sentence_id"": ""6379:8"", ""source_doc_id"": ""https://lenta.ru/news/2000/04/11/leo/"", ""source_name"": ""lenta_news"", ""source_subcorpus"": ""Мир"", ""source_type"": ""synthetic_augmented_from_open_clean"", ""target_family"": ""context_chto_by"", ""target_form"": ""чтобы"", ""template_id"": ""synthetic_targeted_context_chto_by""}",Чтобы закончить работу нужно согласование. После встречи служба приняла справку.,lenta_news,Мир,False,False,3a74d3f702815bb6e4687c0a,3a74d3f702815bb6e4687c0a2ff0aba6744170782f2d46ec1133370de850662c,"[""split_join""]",lenta_news,False,True,news,context_chto_by,"[{""source"": ""Что бы"", ""replacement"": ""чтобы"", ""edit_type"": ""join_words"", ""start"": 0, ""end"": 6, ""status"": ""proposed"", ""reason"": """", ""confidence"": 0.35, ""rule_id"": ""context_chto_by""}, {""source"": ""Что бы"", ""replacement"": ""Чтобы"", ""edit_type"": ""join_words"", ""start"": 0, ""end"": 6, ""status"": ""proposed"", ""reason"": """", ""confidence"": 0.35, ""rule_id"": ""context_chto_by""}, {""source"": ""Что бы"", ""replacement"": ""Чтобы"", ""edit_type"": ""split_word"", ""start"": 0, ""end"": 6, ""status"": ""proposed"", ""reason"": """", ""confidence"": 0.35, ""rule_id"": ""context_chto_by""}]",rule:context_chto_by
Что бы закончить работу нужно согласование. Утром аналитик проверил заявку.... позже редактор проверил запись меткашфува.,Чтобы закончить работу нужно согласование. Утром аналитик проверил заявку.... позже редактор проверил запись меткашфува.,train,synthetic_augmented_from_open_clean,split_join,"[""context_chto_by""]","[{""source"": ""Что бы"", ""replacement"": ""чтобы"", ""edit_type"": ""join_words"", ""start"": 0, ""end"": 6, ""status"": ""proposed"", ""reason"": """", ""confidence"": 0.35, ""rule_id"": ""context_chto_by""}, {""source"": ""Что бы"", ""replacement"": ""Чтобы"", ""edit_type"": ""join_words"", ""start"": 0, ""end"": 6, ""status"": ""proposed"", ""reason"": """", ""confidence"": 0.35, ""rule_id"": ""context_chto_by""}, {""source"": ""Что бы"", ""replacement"": ""Чтобы"", ""edit_type"": ""split_word"", ""start"": 0, ""end"": 6, ""status"": ""proposed"", ""reason"": """", ""confidence"": 0.35, ""rule_id"": ""context_chto_by""}]","{""candidate_present"": true, ""candidate_rule_ids"": [""context_chto_by""], ""carrier_sentence_hash"": ""83862062320f066a56bd174c"", ""clean_hash"": ""c9dc8e2bdad0ec59046b02ae4e453201934a391abc818ee5170ca1ab29d3cffd"", ""error_bearing_span"": [-1, 6], ""error_form"": ""Что бы"", ""generation_strategy"": ""corpus_opportunity"", ""license_status"": ""Open Lenta.ru news dataset; verify terms before production."", ""normalized_pair_hash"": ""8677bfb44f86d8a1d5de3eebddc950b47f2cc193f2aa77fc4c632a05fcca7b5a"", ""original_clean_sentence"": ""Чтобы закончить работу нужно согласование. Утром аналитик проверил заявку.... позже редактор проверил запись меткашфува."", ""rule_ids"": [""context_chto_by""], ""sentence_id"": ""6656:5"", ""source_doc_id"": ""https://lenta.ru/news/2000/04/18/elena/"", ""source_name"": ""lenta_news"", ""source_subcorpus"": ""Спорт"", ""source_type"": ""synthetic_augmented_from_open_clean"", ""target_family"": ""context_chto_by"", ""target_form"": ""чтобы"", ""template_id"": ""synthetic_targeted_context_chto_by""}",Чтобы закончить работу нужно согласование. Утром аналитик проверил заявку.,lenta_news,Спорт,False,False,912b7debdedc4945562722a1,912b7debdedc4945562722a1c7f3ab32a3c3307df9099bd488ee85edf2f6e8f4,"[""split_join""]",lenta_news,False,True,news,context_chto_by,"[{""source"": ""Что бы"", ""replacement"": ""чтобы"", ""edit_type"": ""join_words"", ""start"": 0, ""end"": 6, ""status"": ""proposed"", ""reason"": """", ""confidence"": 0.35, ""rule_id"": ""context_chto_by""}, {""source"": ""Что бы"", ""replacement"": ""Чтобы"", ""edit_type"": ""join_words"", ""start"": 0, ""end"": 6, ""status"": ""proposed"", ""reason"": """", ""confidence"": 0.35, ""rule_id"": ""context_chto_by""}, {""source"": ""Что бы"", ""replacement"": ""Чтобы"", ""edit_type"": ""split_word"", ""start"": 0, ""end"": 6, ""status"": ""proposed"", ""reason"": """", ""confidence"": 0.35, ""rule_id"": ""context_chto_by""}]",rule:context_chto_by
Чтобы команда ни решила отчет останется. Позже отдел принял договор.... позже редактор проверил запись меткабмува.,Что бы команда ни решила отчет останется. Позже отдел принял договор.... позже редактор проверил запись меткабмува.,train,synthetic_augmented_from_open_clean,split_join,"[""context_chto_by""]","[{""source"": ""Чтобы"", ""replacement"": ""что бы"", ""edit_type"": ""split_word"", ""start"": 0, ""end"": 5, ""status"": ""proposed"", ""reason"": """", ""confidence"": 0.35, ""rule_id"": ""context_chto_by""}, {""source"": ""Чтобы"", ""replacement"": ""Что бы"", ""edit_type"": ""split_word"", ""start"": 0, ""end"": 5, ""status"": ""proposed"", ""reason"": """", ""confidence"": 0.35, ""rule_id"": ""context_chto_by""}]","{""candidate_present"": true, ""candidate_rule_ids"": [""context_chto_by""], ""carrier_sentence_hash"": ""c5c9704aca3ffa030339aad8"", ""clean_hash"": ""9cabacc9ba976f95d0a240d258ab03d508fe5f1dae1576f31c3edabc474904ea"", ""error_bearing_span"": [-1, 5], ""error_form"": ""Чтобы"", ""generation_strategy"": ""corpus_opportunity"", ""license_status"": ""Open Lenta.ru news dataset; verify terms before production."", ""normalized_pair_hash"": ""e08ea26c7ca4f97a7a3d2a92704fa1e7b27dd8e6e0b37337b4c6c92c56938296"", ""original_clean_sentence"": ""Что бы команда ни решила отчет останется. Позже отдел принял договор.... позже редактор проверил запись меткабмува."", ""rule_ids"": [""context_chto_by""], ""sentence_id"": ""6596:9"", ""source_doc_id"": ""https://lenta.ru/news/2000/04/17/oil/"", ""source_name"": ""lenta_news"", ""source_subcorpus"": ""Россия"", ""source_type"": ""synthetic_augmented_from_open_clean"", ""target_family"": ""context_chto_by"", ""target_form"": ""что бы"", ""template_id"": ""synthetic_targeted_context_chto_by""}",Что бы команда ни решила отчет останется. Позже отдел принял договор.,lenta_news,Россия,False,False,1bf9d1a55ca1a8e4de98bfa2,1bf9d1a55ca1a8e4de98bfa24518bd6b9a195b4c470f601bfeb3e1078ac0cbee,"[""split_join""]",lenta_news,False,True,news,context_chto_by,"[{""source"": ""Чтобы"", ""replacement"": ""что бы"", ""edit_type"": ""split_word"", ""start"": 0, ""end"": 5, ""status"": ""proposed"", ""reason"": """", ""confidence"": 0.35, ""rule_id"": ""context_chto_by""}, {""source"": ""Чтобы"", ""replacement"": ""Что бы"", ""edit_type"": ""split_word"", ""start"": 0, ""end"": 5, ""status"": ""proposed"", ""reason"": """", ""confidence"": 0.35, ""rule_id"": ""context_chto_by""}]",rule:context_chto_by
"Прокуратура, в свою очередь, потребовала провести экспертизу для того, что бы понять, не опасен ли он для общества.","Прокуратура, в свою очередь, потребовала провести экспертизу для того, чтобы понять, не опасен ли он для общества.",train,synthetic_augmented_from_open_clean,split_join,"[""context_chto_by""]","[{""source"": ""что бы"", ""replacement"": ""чтобы"", ""edit_type"": ""join_words"", ""start"": 71, ""end"": 77, ""status"": ""proposed"", ""reason"": """", ""confidence"": 0.95, ""rule_id"": ""context_chto_by""}]","{""candidate_present"": true, ""candidate_rule_ids"": [""context_chto_by""], ""carrier_sentence_hash"": ""2342ada5abfad5c8763be589"", ""clean_hash"": ""67c0f10959495594e44de4f55be48aee262dabf1359cca1ea4e565f15f142f2b"", ""error_bearing_span"": [71, 77], ""error_form"": ""что бы"", ""generation_strategy"": ""corpus_opportunity"", ""license_status"": ""Nerus Lenta annotated corpus; verify terms before production."", ""normalized_pair_hash"": ""676e17b68d1a9b9d66e89ea851af04f2b52e3f291ab4756abe69ba092ccf62d2"", ""original_clean_sentence"": ""Прокуратура, в свою очередь, потребовала провести экспертизу для того, чтобы понять, не опасен ли он для общества."", ""rule_ids"": [""context_chto_by""], ""sentence_id"": ""77880"", ""source_doc_id"": ""6565"", ""source_name"": ""nerus_news"", ""source_subcorpus"": ""nerus_lenta"", ""source_type"": ""synthetic_augmented_from_open_clean"", ""synthetic_source_dataset"": ""corpus_context_chto_by"", ""target_family"": ""context_chto_by"", ""target_form"": ""чтобы""}","Прокуратура, в свою очередь, потребовала провести экспертизу для того, чтобы понять, не опасен ли он для общества.",nerus_news,nerus_lenta,False,False,676e17b68d1a9b9d66e89ea8,676e17b68d1a9b9d66e89ea851af04f2b52e3f291ab4756abe69ba092ccf62d2,"[""split_join""]",nerus_news,False,True,news,context_chto_by,"[{""source"": ""что бы"", ""replacement"": ""чтобы"", ""edit_type"": ""join_words"", ""start"": 71, ""end"": 77, ""status"": ""proposed"", ""reason"": """", ""confidence"": 0.95, ""rule_id"": ""context_chto_by""}]",rule:context_chto_by
Чтобы команда ни решила отчет останется. После встречи отдел уточнил список..,Что бы команда ни решила отчет останется. После встречи отдел уточнил список..,train,synthetic_augmented_from_open_clean,split_join,"[""context_chto_by""]","[{""source"": ""Чтобы"", ""replacement"": ""что бы"", ""edit_type"": ""split_word"", ""start"": 0, ""end"": 5, ""status"": ""proposed"", ""reason"": """", ""confidence"": 0.35, ""rule_id"": ""context_chto_by""}, {""source"": ""Чтобы"", ""replacement"": ""Что бы"", ""edit_type"": ""split_word"", ""start"": 0, ""end"": 5, ""status"": ""proposed"", ""reason"": """", ""confidence"": 0.35, ""rule_id"": ""context_chto_by""}]","{""candidate_present"": true, ""candidate_rule_ids"": [""context_chto_by""], ""carrier_sentence_hash"": ""fad0c3d207cdf997d8cc3333"", ""clean_hash"": ""c93caab9010164dc7151760dc19d928f0fa009ca448d26e696fabf3393a44a3d"", ""error_bearing_span"": [-1, 5], ""error_form"": ""Чтобы"", ""generation_strategy"": ""corpus_opportunity"", ""license_status"": ""Open Lenta.ru news dataset; verify terms before production."", ""normalized_pair_hash"": ""eea133cb6063640b806289522594223793e3d6b9abb9d4e94aae2cc44001d241"", ""original_clean_sentence"": ""Что бы команда ни решила отчет останется. После встречи отдел уточнил список. ????? ???????? ???????? ???????? ???."", ""rule_ids"": [""context_chto_by""], ""sentence_id"": ""6158:2"", ""source_doc_id"": ""https://lenta.ru/news/2000/04/06/ataka/"", ""source_name"": ""lenta_news"", ""source_subcorpus"": ""Россия"", ""source_type"": ""synthetic_augmented_from_open_clean"", ""target_family"": ""context_chto_by"", ""target_form"": ""что бы"", ""template_id"": ""synthetic_targeted_context_chto_by""}",Что бы команда ни решила отчет останется. После встречи отдел уточнил список.,lenta_news,Россия,False,False,eea133cb6063640b80628952,eea133cb6063640b806289522594223793e3d6b9abb9d4e94aae2cc44001d241,"[""split_join""]",lenta_news,False,True,news,context_chto_by,"[{""source"": ""Чтобы"", ""replacement"": ""что бы"", ""edit_type"": ""split_word"", ""start"": 0, ""end"": 5, ""status"": ""proposed"", ""reason"": """", ""confidence"": 0.35, ""rule_id"": ""context_chto_by""}, {""source"": ""Чтобы"", ""replacement"": ""Что бы"", ""edit_type"": ""split_word"", ""start"": 0, ""end"": 5, ""status"": ""proposed"", ""reason"": """", ""confidence"": 0.35, ""rule_id"": ""context_chto_by""}]",rule:context_chto_by
Что бы закончить работу нужно согласование. Утром редакция выпустила заметку.... позже редактор проверил запись метказюува.,Чтобы закончить работу нужно согласование. Утром редакция выпустила заметку.... позже редактор проверил запись метказюува.,train,synthetic_augmented_from_open_clean,split_join,"[""context_chto_by""]","[{""source"": ""Что бы"", ""replacement"": ""чтобы"", ""edit_type"": ""join_words"", ""start"": 0, ""end"": 6, ""status"": ""proposed"", ""reason"": """", ""confidence"": 0.35, ""rule_id"": ""context_chto_by""}, {""source"": ""Что бы"", ""replacement"": ""Чтобы"", ""edit_type"": ""join_words"", ""start"": 0, ""end"": 6, ""status"": ""proposed"", ""reason"": """", ""confidence"": 0.35, ""rule_id"": ""context_chto_by""}, {""source"": ""Что бы"", ""replacement"": ""Чтобы"", ""edit_type"": ""split_word"", ""start"": 0, ""end"": 6, ""status"": ""proposed"", ""reason"": """", ""confidence"": 0.35, ""rule_id"": ""context_chto_by""}]","{""candidate_present"": true, ""candidate_rule_ids"": [""context_chto_by""], ""carrier_sentence_hash"": ""9699911d6bb9d2004d648d10"", ""clean_hash"": ""f3819a6295338c4979922a672d7c00d953f07575179244c6062bc42c7df0a5a8"", ""error_bearing_span"": [-1, 6], ""error_form"": ""Что бы"", ""generation_strategy"": ""corpus_opportunity"", ""license_status"": ""Open Lenta.ru news dataset; verify terms before production."", ""normalized_pair_hash"": ""4a2c5b241213eaae352d317b9f30518ebba6d38c4a539ef439e947a61750fd64"", ""original_clean_sentence"": ""Чтобы закончить работу нужно согласование. Утром редакция выпустила заметку.... позже редактор проверил запись метказюува."", ""rule_ids"": [""context_chto_by""], ""sentence_id"": ""6698:8"", ""source_doc_id"": ""https://lenta.ru/news/2000/04/19/asthma/"", ""source_name"": ""lenta_news"", ""source_subcorpus"": ""Спорт"", ""source_type"": ""synthetic_augmented_from_open_clean"", ""target_family"": ""context_chto_by"", ""target_form"": ""чтобы"", ""template_id"": ""synthetic_targeted_context_chto_by""}",Чтобы закончить работу нужно согласование. Утром редакция выпустила заметку.,lenta_news,Спорт,False,False,9db2639fcc786e2ec95080a0,9db2639fcc786e2ec95080a04a51d29393f73825c1de673ef18b50a5999eb9d0,"[""split_join""]",lenta_news,False,True,news,context_chto_by,"[{""source"": ""Что бы"", ""replacement"": ""чтобы"", ""edit_type"": ""join_words"", ""start"": 0, ""end"": 6, ""status"": ""proposed"", ""reason"": """", ""confidence"": 0.35, ""rule_id"": ""context_chto_by""}, {""source"": ""Что бы"", ""replacement"": ""Чтобы"", ""edit_type"": ""join_words"", ""start"": 0, ""end"": 6, ""status"": ""proposed"", ""reason"": """", ""confidence"": 0.35, ""rule_id"": ""context_chto_by""}, {""source"": ""Что бы"", ""replacement"": ""Чтобы"", ""edit_type"": ""split_word"", ""start"": 0, ""end"": 6, ""status"": ""proposed"", ""reason"": """", ""confidence"": 0.35, ""rule_id"": ""context_chto_by""}]",rule:context_chto_by
Чтобы редактор ни отметил срок сохранится. Вечером автор обновил сводку.... позже редактор проверил запись меткалоува.,Что бы редактор ни отметил срок сохранится. Вечером автор обновил сводку.... позже редактор проверил запись меткалоува.,train,synthetic_augmented_from_open_clean,split_join,"[""context_chto_by""]","[{""source"": ""Чтобы"", ""replacement"": ""что бы"", ""edit_type"": ""split_word"", ""start"": 0, ""end"": 5, ""status"": ""proposed"", ""reason"": """", ""confidence"": 0.35, ""rule_id"": ""context_chto_by""}, {""source"": ""Чтобы"", ""replacement"": ""Что бы"", ""edit_type"": ""split_word"", ""start"": 0, ""end"": 5, ""status"": ""proposed"", ""reason"": """", ""confidence"": 0.35, ""rule_id"": ""context_chto_by""}]","{""candidate_present"": true, ""candidate_rule_ids"": [""context_chto_by""], ""carrier_sentence_hash"": ""eac44cffa406198de7f5e1c3"", ""clean_hash"": ""51c36c96fb77c4d33b08ecf6c38e2af63606c15199d587e2705ec9d2646dda7d"", ""error_bearing_span"": [-1, 5], ""error_form"": ""Чтобы"", ""generation_strategy"": ""corpus_opportunity"", ""license_status"": ""Open Lenta.ru news dataset; verify terms before production."", ""normalized_pair_hash"": ""4f617e61eb22e9a490891e7fb912d18cb07d155818756c684d840eff4e6c9a38"", ""original_clean_sentence"": ""Что бы редактор ни отметил срок сохранится. Вечером автор обновил сводку.... позже редактор проверил запись меткалоува."", ""rule_ids"": [""context_chto_by""], ""sentence_id"": ""6608:1"", ""source_doc_id"": ""https://lenta.ru/news/2000/04/17/kids/"", ""source_name"": ""lenta_news"", ""source_subcorpus"": ""Интернет и СМИ"", ""source_type"": ""synthetic_augmented_from_open_clean"", ""target_family"": ""context_chto_by"", ""target_form"": ""что бы"", ""template_id"": ""synthetic_targeted_context_chto_by""}",Что бы редактор ни отметил срок сохранится. Вечером автор обновил сводку.,lenta_news,Интернет и СМИ,False,False,f4898e8f17247985e0307975,f4898e8f17247985e030797539514f90686b86700529b2e51829ad583c883957,"[""split_join""]",lenta_news,False,True,news,context_chto_by,"[{""source"": ""Чтобы"", ""replacement"": ""что бы"", ""edit_type"": ""split_word"", ""start"": 0, ""end"": 5, ""status"": ""proposed"", ""reason"": """", ""confidence"": 0.35, ""rule_id"": ""context_chto_by""}, {""source"": ""Чтобы"", ""replacement"": ""Что бы"", ""edit_type"": ""split_word"", ""start"": 0, ""end"": 5, ""status"": ""proposed"", ""reason"": """", ""confidence"": 0.35, ""rule_id"": ""context_chto_by""}]",rule:context_chto_by
Чтобы редактор ни отметил срок сохранится. Утром секретарь уточнил приказ.... позже редактор проверил запись меткавдтва.,Что бы редактор ни отметил срок сохранится. Утром секретарь уточнил приказ.... позже редактор проверил запись меткавдтва.,train,synthetic_augmented_from_open_clean,split_join,"[""context_chto_by""]","[{""source"": ""Чтобы"", ""replacement"": ""что бы"", ""edit_type"": ""split_word"", ""start"": 0, ""end"": 5, ""status"": ""proposed"", ""reason"": """", ""confidence"": 0.35, ""rule_id"": ""context_chto_by""}, {""source"": ""Чтобы"", ""replacement"": ""Что бы"", ""edit_type"": ""split_word"", ""start"": 0, ""end"": 5, ""status"": ""proposed"", ""reason"": """", ""confidence"": 0.35, ""rule_id"": ""context_chto_by""}]","{""candidate_present"": true, ""candidate_rule_ids"": [""context_chto_by""], ""carrier_sentence_hash"": ""acdea9d966883e195a64ad9c"", ""clean_hash"": ""0667c98585a960e241fdadc814638048ab9a43fa2c0f69277c13116e63f0cd6b"", ""error_bearing_span"": [-1, 5], ""error_form"": ""Чтобы"", ""generation_strategy"": ""corpus_opportunity"", ""license_status"": ""Open Lenta.ru news dataset; verify terms before production."", ""normalized_pair_hash"": ""f555335d17ca96280c71de8164174d39196a23fd3743a8d1c9e3778874655ea4"", ""original_clean_sentence"": ""Что бы редактор ни отметил срок сохранится. Утром секретарь уточнил приказ.... позже редактор проверил запись меткавдтва."", ""rule_ids"": [""context_chto_by""], ""sentence_id"": ""6360:2"", ""source_doc_id"": ""https://lenta.ru/news/2000/04/11/typhus/"", ""source_name"": ""lenta_news"", ""source_subcorpus"": ""Россия"", ""source_type"": ""synthetic_augmented_from_open_clean"", ""target_family"": ""context_chto_by"", ""target_form"": ""что бы"", ""template_id"": ""synthetic_targeted_context_chto_by""}",Что бы редактор ни отметил срок сохранится. Утром секретарь уточнил приказ.,lenta_news,Россия,False,False,cef096ca64d9bad30cb5dd27,cef096ca64d9bad30cb5dd2713654c78e6846095a2f99cce37e9316f7a110017,"[""split_join""]",lenta_news,False,True,news,context_chto_by,"[{""source"": ""Чтобы"", ""replacement"": ""что бы"", ""edit_type"": ""split_word"", ""start"": 0, ""end"": 5, ""status"": ""proposed"", ""reason"": """", ""confidence"": 0.35, ""rule_id"": ""context_chto_by""}, {""source"": ""Чтобы"", ""replacement"": ""Что бы"", ""edit_type"": ""split_word"", ""start"": 0, ""end"": 5, ""status"": ""proposed"", ""reason"": """", ""confidence"": 0.35, ""rule_id"": ""context_chto_by""}]",rule:context_chto_by
Чтобы он ни сказал решение принято. Позже комиссия обновила маршрут..,Что бы он ни сказал решение принято. Позже комиссия обновила маршрут..,train,synthetic_augmented_from_open_clean,split_join,"[""context_chto_by""]","[{""source"": ""Чтобы"", ""replacement"": ""что бы"", ""edit_type"": ""split_word"", ""start"": 0, ""end"": 5, ""status"": ""proposed"", ""reason"": """", ""confidence"": 0.35, ""rule_id"": ""context_chto_by""}, {""source"": ""Чтобы"", ""replacement"": ""Что бы"", ""edit_type"": ""split_word"", ""start"": 0, ""end"": 5, ""status"": ""proposed"", ""reason"": """", ""confidence"": 0.35, ""rule_id"": ""context_chto_by""}]","{""candidate_present"": true, ""candidate_rule_ids"": [""context_chto_by""], ""carrier_sentence_hash"": ""25747792c20c0f2c976cae6d"", ""clean_hash"": ""5973eb0ab71263938668df630a50576c9772bb0d6ddd1c483257d1c8a43f0ead"", ""error_bearing_span"": [-1, 5], ""error_form"": ""Чтобы"", ""generation_strategy"": ""corpus_opportunity"", ""license_status"": ""Open Lenta.ru news dataset; verify terms before production."", ""normalized_pair_hash"": ""0bd80fa6534d5177926f45c30360c3fb7091c5fc6f45ad43a0f202e679195ec1"", ""original_clean_sentence"": ""Что бы он ни сказал решение принято. Позже комиссия обновила маршрут. ????? ???????? ???????? ???????? ???."", ""rule_ids"": [""context_chto_by""], ""sentence_id"": ""6158:8"", ""source_doc_id"": ""https://lenta.ru/news/2000/04/06/ataka/"", ""source_name"": ""lenta_news"", ""source_subcorpus"": ""Россия"", ""source_type"": ""synthetic_augmented_from_open_clean"", ""target_family"": ""context_chto_by"", ""target_form"": ""что бы"", ""template_id"": ""synthetic_targeted_context_chto_by""}",Что бы он ни сказал решение принято. Позже комиссия обновила маршрут.,lenta_news,Россия,False,False,0bd80fa6534d5177926f45c3,0bd80fa6534d5177926f45c30360c3fb7091c5fc6f45ad43a0f202e679195ec1,"[""split_join""]",lenta_news,False,True,news,context_chto_by,"[{""source"": ""Чтобы"", ""replacement"": ""что бы"", ""edit_type"": ""split_word"", ""start"": 0, ""end"": 5, ""status"": ""proposed"", ""reason"": """", ""confidence"": 0.35, ""rule_id"": ""context_chto_by""}, {""source"": ""Чтобы"", ""replacement"": ""Что бы"", ""edit_type"": ""split_word"", ""start"": 0, ""end"": 5, ""status"": ""proposed"", ""reason"": """", ""confidence"": 0.35, ""rule_id"": ""context_chto_by""}]",rule:context_chto_by
Чтобы редактор ни отметил срок сохранится. После проверки отдел обновил график.... позже редактор проверил запись меткауясва.,Что бы редактор ни отметил срок сохранится. После проверки отдел обновил график.... позже редактор проверил запись меткауясва.,train,synthetic_augmented_from_open_clean,split_join,"[""context_chto_by""]","[{""source"": ""Чтобы"", ""replacement"": ""что бы"", ""edit_type"": ""split_word"", ""start"": 0, ""end"": 5, ""status"": ""proposed"", ""reason"": """", ""confidence"": 0.35, ""rule_id"": ""context_chto_by""}, {""source"": ""Чтобы"", ""replacement"": ""Что бы"", ""edit_type"": ""split_word"", ""start"": 0, ""end"": 5, ""status"": ""proposed"", ""reason"": """", ""confidence"": 0.35, ""rule_id"": ""context_chto_by""}]","{""candidate_present"": true, ""candidate_rule_ids"": [""context_chto_by""], ""carrier_sentence_hash"": ""83e0f7e703f431edf317a546"", ""clean_hash"": ""d4225ef52a1cf66ea78f5c4d2546924124022049c9d0d97b0d5e0d27ae7d4a44"", ""error_bearing_span"": [-1, 5], ""error_form"": ""Чтобы"", ""generation_strategy"": ""corpus_opportunity"", ""license_status"": ""Open Lenta.ru news dataset; verify terms before production."", ""normalized_pair_hash"": ""989cce07dbabdfd7a651944f45adf8409b94c8c766ec3cd369527f6e5be8d17e"", ""original_clean_sentence"": ""Что бы редактор ни отметил срок сохранится. После проверки отдел обновил график.... позже редактор проверил запись меткауясва."", ""rule_ids"": [""context_chto_by""], ""sentence_id"": ""6327:6"", ""source_doc_id"": ""https://lenta.ru/news/2000/04/10/bandit/"", ""source_name"": ""lenta_news"", ""source_subcorpus"": ""Россия"", ""source_type"": ""synthetic_augmented_from_open_clean"", ""target_family"": ""context_chto_by"", ""target_form"": ""что бы"", ""template_id"": ""synthetic_targeted_context_chto_by""}",Что бы редактор ни отметил срок сохранится. После проверки отдел обновил график.,lenta_news,Россия,False,False,436bacff060e919e20ad6b27,436bacff060e919e20ad6b27ce1670452c5211481cf70580ea119aa650c595df,"[""split_join""]",lenta_news,False,True,news,context_chto_by,"[{""source"": ""Чтобы"", ""replacement"": ""что бы"", ""edit_type"": ""split_word"", ""start"": 0, ""end"": 5, ""status"": ""proposed"", ""reason"": """", ""confidence"": 0.35, ""rule_id"": ""context_chto_by""}, {""source"": ""Чтобы"", ""replacement"": ""Что бы"", ""edit_type"": ""split_word"", ""start"": 0, ""end"": 5, ""status"": ""proposed"", ""reason"": """", ""confidence"": 0.35, ""rule_id"": ""context_chto_by""}]",rule:context_chto_by
Чтобы команда ни решила отчет останется. Затем координатор отправил сводку.... позже редактор проверил запись меткапэдиа.,Что бы команда ни решила отчет останется. Затем координатор отправил сводку.... позже редактор проверил запись меткапэдиа.,train,synthetic_augmented_from_open_clean,split_join,"[""context_chto_by""]","[{""source"": ""Чтобы"", ""replacement"": ""что бы"", ""edit_type"": ""split_word"", ""start"": 0, ""end"": 5, ""status"": ""proposed"", ""reason"": """", ""confidence"": 0.35, ""rule_id"": ""context_chto_by""}, {""source"": ""Чтобы"", ""replacement"": ""Что бы"", ""edit_type"": ""split_word"", ""start"": 0, ""end"": 5, ""status"": ""proposed"", ""reason"": """", ""confidence"": 0.35, ""rule_id"": ""context_chto_by""}]","{""candidate_present"": true, ""candidate_rule_ids"": [""context_chto_by""], ""carrier_sentence_hash"": ""2cc3d5b79481063e44117ca2"", ""clean_hash"": ""c525ce90b7b8bc68ebdc05d3aa3246d14ad1152ac1aef4c663cc30ee564a4696"", ""error_bearing_span"": [-1, 5], ""error_form"": ""Чтобы"", ""generation_strategy"": ""corpus_opportunity"", ""license_status"": ""Open Lenta.ru news dataset; verify terms before production."", ""normalized_pair_hash"": ""26571f5a8d74528b96c76e07e36a9a47f04ec6943299aa3f21d349e9b31090b2"", ""original_clean_sentence"": ""Что бы команда ни решила отчет останется. Затем координатор отправил сводку.... позже редактор проверил запись меткапэдиа."", ""rule_ids"": [""context_chto_by""], ""sentence_id"": ""6497:2"", ""source_doc_id"": ""https://lenta.ru/news/2000/04/13/prizyv/"", ""source_name"": ""lenta_news"", ""source_subcorpus"": ""Россия"", ""source_type"": ""synthetic_augmented_from_open_clean"", ""target_family"": ""context_chto_by"", ""target_form"": ""что бы"", ""template_id"": ""synthetic_targeted_context_chto_by""}",Что бы команда ни решила отчет останется. Затем координатор отправил сводку.,lenta_news,Россия,False,False,d9d11c0a6e581460c6a24b85,d9d11c0a6e581460c6a24b85bb512c52092cfd6107bab25ca07ec33ec5b327c4,"[""split_join""]",lenta_news,False,True,news,context_chto_by,"[{""source"": ""Чтобы"", ""replacement"": ""что бы"", ""edit_type"": ""split_word"", ""start"": 0, ""end"": 5, ""status"": ""proposed"", ""reason"": """", ""confidence"": 0.35, ""rule_id"": ""context_chto_by""}, {""source"": ""Чтобы"", ""replacement"": ""Что бы"", ""edit_type"": ""split_word"", ""start"": 0, ""end"": 5, ""status"": ""proposed"", ""reason"": """", ""confidence"": 0.35, ""rule_id"": ""context_chto_by""}]",rule:context_chto_by
Чтобы команда ни решила отчет останется. Позже эксперт согласовал таблицу..,Что бы команда ни решила отчет останется. Позже эксперт согласовал таблицу..,train,synthetic_augmented_from_open_clean,split_join,"[""context_chto_by""]","[{""source"": ""Чтобы"", ""replacement"": ""что бы"", ""edit_type"": ""split_word"", ""start"": 0, ""end"": 5, ""status"": ""proposed"", ""reason"": """", ""confidence"": 0.35, ""rule_id"": ""context_chto_by""}, {""source"": ""Чтобы"", ""replacement"": ""Что бы"", ""edit_type"": ""split_word"", ""start"": 0, ""end"": 5, ""status"": ""proposed"", ""reason"": """", ""confidence"": 0.35, ""rule_id"": ""context_chto_by""}]","{""candidate_present"": true, ""candidate_rule_ids"": [""context_chto_by""], ""carrier_sentence_hash"": ""6a04b5030fe40f63806f86a9"", ""clean_hash"": ""5a656e3f2fc562c19da28f6f16f46a01d1c74b4ba46c4ff47877f95c62a42c45"", ""error_bearing_span"": [-1, 5], ""error_form"": ""Чтобы"", ""generation_strategy"": ""corpus_opportunity"", ""license_status"": ""Open Lenta.ru news dataset; verify terms before production."", ""normalized_pair_hash"": ""624eccad072fc4020a4d96cd91fe7d81992c0ab7d8f4f869b6a72e5c58536c44"", ""original_clean_sentence"": ""Что бы команда ни решила отчет останется. Позже эксперт согласовал таблицу. ????? ???????? ???????? ???????? ???."", ""rule_ids"": [""context_chto_by""], ""sentence_id"": ""6181:4"", ""source_doc_id"": ""https://lenta.ru/news/2000/04/06/restoration/"", ""source_name"": ""lenta_news"", ""source_subcorpus"": ""Россия"", ""source_type"": ""synthetic_augmented_from_open_clean"", ""target_family"": ""context_chto_by"", ""target_form"": ""что бы"", ""template_id"": ""synthetic_targeted_context_chto_by""}",Что бы команда ни решила отчет останется. Позже эксперт согласовал таблицу.,lenta_news,Россия,False,False,624eccad072fc4020a4d96cd,624eccad072fc4020a4d96cd91fe7d81992c0ab7d8f4f869b6a72e5c58536c44,"[""split_join""]",lenta_news,False,True,news,context_chto_by,"[{""source"": ""Чтобы"", ""replacement"": ""что бы"", ""edit_type"": ""split_word"", ""start"": 0, ""end"": 5, ""status"": ""proposed"", ""reason"": """", ""confidence"": 0.35, ""rule_id"": ""context_chto_by""}, {""source"": ""Чтобы"", ""replacement"": ""Что бы"", ""edit_type"": ""split_word"", ""start"": 0, ""end"": 5, ""status"": ""proposed"", ""reason"": """", ""confidence"": 0.35, ""rule_id"": ""context_chto_by""}]",rule:context_chto_by
Что бы закончить работу нужно согласование. После совещания команда сверила сроки.... позже редактор проверил запись меткаячува.,Чтобы закончить работу нужно согласование. После совещания команда сверила сроки.... позже редактор проверил запись меткаячува.,train,synthetic_augmented_from_open_clean,split_join,"[""context_chto_by""]","[{""source"": ""Что бы"", ""replacement"": ""чтобы"", ""edit_type"": ""join_words"", ""start"": 0, ""end"": 6, ""status"": ""proposed"", ""reason"": """", ""confidence"": 0.35, ""rule_id"": ""context_chto_by""}, {""source"": ""Что бы"", ""replacement"": ""Чтобы"", ""edit_type"": ""join_words"", ""start"": 0, ""end"": 6, ""status"": ""proposed"", ""reason"": """", ""confidence"": 0.35, ""rule_id"": ""context_chto_by""}, {""source"": ""Что бы"", ""replacement"": ""Чтобы"", ""edit_type"": ""split_word"", ""start"": 0, ""end"": 6, ""status"": ""proposed"", ""reason"": """", ""confidence"": 0.35, ""rule_id"": ""context_chto_by""}]","{""candidate_present"": true, ""candidate_rule_ids"": [""context_chto_by""], ""carrier_sentence_hash"": ""6cc219bee0b1f57593163bd4"", ""clean_hash"": ""1a6395811d8c62c777be0f6c4876737b0a9b590a977fc74ec4da5e58e88687a5"", ""error_bearing_span"": [-1, 6], ""error_form"": ""Что бы"", ""generation_strategy"": ""corpus_opportunity"", ""license_status"": ""Open Lenta.ru news dataset; verify terms before production."", ""normalized_pair_hash"": ""86e0ff93bd4582564769073a0f5eebdd6a7c855cb6e8e719543772aa06701205"", ""original_clean_sentence"": ""Чтобы закончить работу нужно согласование. После совещания команда сверила сроки.... позже редактор проверил запись меткаячува."", ""rule_ids"": [""context_chto_by""], ""sentence_id"": ""6677:7"", ""source_doc_id"": ""https://lenta.ru/news/2000/04/18/south/"", ""source_name"": ""lenta_news"", ""source_subcorpus"": ""Россия"", ""source_type"": ""synthetic_augmented_from_open_clean"", ""target_family"": ""context_chto_by"", ""target_form"": ""чтобы"", ""template_id"": ""synthetic_targeted_context_chto_by""}",Чтобы закончить работу нужно согласование. После совещания команда сверила сроки.,lenta_news,Россия,False,False,522c79d95bd165d1eb3fba05,522c79d95bd165d1eb3fba05034365def2383f4dccb45c0a40ac555621950464,"[""split_join""]",lenta_news,False,True,news,context_chto_by,"[{""source"": ""Что бы"", ""replacement"": ""чтобы"", ""edit_type"": ""join_words"", ""start"": 0, ""end"": 6, ""status"": ""proposed"", ""reason"": """", ""confidence"": 0.35, ""rule_id"": ""context_chto_by""}, {""source"": ""Что бы"", ""replacement"": ""Чтобы"", ""edit_type"": ""join_words"", ""start"": 0, ""end"": 6, ""status"": ""proposed"", ""reason"": """", ""confidence"": 0.35, ""rule_id"": ""context_chto_by""}, {""source"": ""Что бы"", ""replacement"": ""Чтобы"", ""edit_type"": ""split_word"", ""start"": 0, ""end"": 6, ""status"": ""proposed"", ""reason"": """", ""confidence"": 0.35, ""rule_id"": ""context_chto_by""}]",rule:context_chto_by
Чтобы команда ни решила отчет останется. Позже автор проверил подпись.... позже редактор проверил запись меткацфтва.,Что бы команда ни решила отчет останется. Позже автор проверил подпись.... позже редактор проверил запись меткацфтва.,train,synthetic_augmented_from_open_clean,split_join,"[""context_chto_by""]","[{""source"": ""Чтобы"", ""replacement"": ""что бы"", ""edit_type"": ""split_word"", ""start"": 0, ""end"": 5, ""status"": ""proposed"", ""reason"": """", ""confidence"": 0.35, ""rule_id"": ""context_chto_by""}, {""source"": ""Чтобы"", ""replacement"": ""Что бы"", ""edit_type"": ""split_word"", ""start"": 0, ""end"": 5, ""status"": ""proposed"", ""reason"": """", ""confidence"": 0.35, ""rule_id"": ""context_chto_by""}]","{""candidate_present"": true, ""candidate_rule_ids"": [""context_chto_by""], ""carrier_sentence_hash"": ""2b24022f9e4eb569bf51a2f1"", ""clean_hash"": ""3c3ef7d4c7adda6fc164a48bed04b26c06532b059d85d5a6d7f8f0b543afe0e6"", ""error_bearing_span"": [-1, 5], ""error_form"": ""Чтобы"", ""generation_strategy"": ""corpus_opportunity"", ""license_status"": ""Open Lenta.ru news dataset; verify terms before production."", ""normalized_pair_hash"": ""78579470da6b8b1930317613225f81a82caf23f4644df047e13a9f8587758ef1"", ""original_clean_sentence"": ""Что бы команда ни решила отчет останется. Позже автор проверил подпись.... позже редактор проверил запись меткацфтва."", ""rule_ids"": [""context_chto_by""], ""sentence_id"": ""6464:1"", ""source_doc_id"": ""https://lenta.ru/news/2000/04/13/ronaldo/"", ""source_name"": ""lenta_news"", ""source_subcorpus"": ""Спорт"", ""source_type"": ""synthetic_augmented_from_open_clean"", ""target_family"": ""context_chto_by"", ""target_form"": ""что бы"", ""template_id"": ""synthetic_targeted_context_chto_by""}",Что бы команда ни решила отчет останется. Позже автор проверил подпись.,lenta_news,Спорт,False,False,0482ea9eb830e2a79cff96f0,0482ea9eb830e2a79cff96f04765854b23594ebce7e1917600e82a40020b485d,"[""split_join""]",lenta_news,False,True,news,context_chto_by,"[{""source"": ""Чтобы"", ""replacement"": ""что бы"", ""edit_type"": ""split_word"", ""start"": 0, ""end"": 5, ""status"": ""proposed"", ""reason"": """", ""confidence"": 0.35, ""rule_id"": ""context_chto_by""}, {""source"": ""Чтобы"", ""replacement"": ""Что бы"", ""edit_type"": ""split_word"", ""start"": 0, ""end"": 5, ""status"": ""proposed"", ""reason"": """", ""confidence"": 0.35, ""rule_id"": ""context_chto_by""}]",rule:context_chto_by
Чтобы он ни сказал решение принято. Вечером аналитик сверил письмо.... позже редактор проверил запись меткаалсва.,Что бы он ни сказал решение принято. Вечером аналитик сверил письмо.... позже редактор проверил запись меткаалсва.,train,synthetic_augmented_from_open_clean,split_join,"[""context_chto_by""]","[{""source"": ""Чтобы"", ""replacement"": ""что бы"", ""edit_type"": ""split_word"", ""start"": 0, ""end"": 5, ""status"": ""proposed"", ""reason"": """", ""confidence"": 0.35, ""rule_id"": ""context_chto_by""}, {""source"": ""Чтобы"", ""replacement"": ""Что бы"", ""edit_type"": ""split_word"", ""start"": 0, ""end"": 5, ""status"": ""proposed"", ""reason"": """", ""confidence"": 0.35, ""rule_id"": ""context_chto_by""}]","{""candidate_present"": true, ""candidate_rule_ids"": [""context_chto_by""], ""carrier_sentence_hash"": ""443ace357766de25b1f1d1ed"", ""clean_hash"": ""a19cfbc96d29e878e8e2e381e4b2c063ddac153064744b28a6e0d93dfbfd9b22"", ""error_bearing_span"": [-1, 5], ""error_form"": ""Чтобы"", ""generation_strategy"": ""corpus_opportunity"", ""license_status"": ""Open Lenta.ru news dataset; verify terms before production."", ""normalized_pair_hash"": ""7d121326efdf4b5dbbb77f7e9f615391f421fc7e2a62c84aa1a72342fbb6b3ee"", ""original_clean_sentence"": ""Что бы он ни сказал решение принято. Вечером аналитик сверил письмо.... позже редактор проверил запись меткаалсва."", ""rule_ids"": [""context_chto_by""], ""sentence_id"": ""6206:3"", ""source_doc_id"": ""https://lenta.ru/news/2000/04/07/exim/"", ""source_name"": ""lenta_news"", ""source_subcorpus"": ""Экономика"", ""source_type"": ""synthetic_augmented_from_open_clean"", ""target_family"": ""context_chto_by"", ""target_form"": ""что бы"", ""template_id"": ""synthetic_targeted_context_chto_by""}",Что бы он ни сказал решение принято. Вечером аналитик сверил письмо.,lenta_news,Экономика,False,False,a6ed69b1ec37adba12421f22,a6ed69b1ec37adba12421f2274a053b2e32a9c480016be60780319da389ff7b5,"[""split_join""]",lenta_news,False,True,news,context_chto_by,"[{""source"": ""Чтобы"", ""replacement"": ""что бы"", ""edit_type"": ""split_word"", ""start"": 0, ""end"": 5, ""status"": ""proposed"", ""reason"": """", ""confidence"": 0.35, ""rule_id"": ""context_chto_by""}, {""source"": ""Чтобы"", ""replacement"": ""Что бы"", ""edit_type"": ""split_word"", ""start"": 0, ""end"": 5, ""status"": ""proposed"", ""reason"": """", ""confidence"": 0.35, ""rule_id"": ""context_chto_by""}]",rule:context_chto_by
Чтобы редактор ни отметил срок сохранится. После встречи эксперт закрыл заявку.... позже редактор проверил запись меткалатва.,Что бы редактор ни отметил срок сохранится. После встречи эксперт закрыл заявку.... позже редактор проверил запись меткалатва.,train,synthetic_augmented_from_open_clean,split_join,"[""context_chto_by""]","[{""source"": ""Чтобы"", ""replacement"": ""что бы"", ""edit_type"": ""split_word"", ""start"": 0, ""end"": 5, ""status"": ""proposed"", ""reason"": """", ""confidence"": 0.35, ""rule_id"": ""context_chto_by""}, {""source"": ""Чтобы"", ""replacement"": ""Что бы"", ""edit_type"": ""split_word"", ""start"": 0, ""end"": 5, ""status"": ""proposed"", ""reason"": """", ""confidence"": 0.35, ""rule_id"": ""context_chto_by""}]","{""candidate_present"": true, ""candidate_rule_ids"": [""context_chto_by""], ""carrier_sentence_hash"": ""ae4119801c5dcddf3e99c839"", ""clean_hash"": ""eaa4679bf2ca8ba9bf4b39b3cc0e3822f71099be50ede65294fb2dd4dbb6c3c1"", ""error_bearing_span"": [-1, 5], ""error_form"": ""Чтобы"", ""generation_strategy"": ""corpus_opportunity"", ""license_status"": ""Open Lenta.ru news dataset; verify terms before production."", ""normalized_pair_hash"": ""1abffeda014ca62cc14ca4dbced5a3a4ee7554e5e513baec32a96ced2c7becaa"", ""original_clean_sentence"": ""Что бы редактор ни отметил срок сохранится. После встречи эксперт закрыл заявку.... позже редактор проверил запись меткалатва."", ""rule_ids"": [""context_chto_by""], ""sentence_id"": ""6332:3"", ""source_doc_id"": ""https://lenta.ru/news/2000/04/10/teract/"", ""source_name"": ""lenta_news"", ""source_subcorpus"": ""Россия"", ""source_type"": ""synthetic_augmented_from_open_clean"", ""target_family"": ""context_chto_by"", ""target_form"": ""что бы"", ""template_id"": ""synthetic_targeted_context_chto_by""}",Что бы редактор ни отметил срок сохранится. После встречи эксперт закрыл заявку.,lenta_news,Россия,False,False,df82328b98f056a355926a15,df82328b98f056a355926a1585e6c4c6ab9b5d60dd3b1a30fb4d8bde156c3be9,"[""split_join""]",lenta_news,False,True,news,context_chto_by,"[{""source"": ""Чтобы"", ""replacement"": ""что бы"", ""edit_type"": ""split_word"", ""start"": 0, ""end"": 5, ""status"": ""proposed"", ""reason"": """", ""confidence"": 0.35, ""rule_id"": ""context_chto_by""}, {""source"": ""Чтобы"", ""replacement"": ""Что бы"", ""edit_type"": ""split_word"", ""start"": 0, ""end"": 5, ""status"": ""proposed"", ""reason"": """", ""confidence"": 0.35, ""rule_id"": ""context_chto_by""}]",rule:context_chto_by
Чтобы команда ни решила отчет останется. Позже автор проверил подпись.... позже редактор проверил запись меткаклува.,Что бы команда ни решила отчет останется. Позже автор проверил подпись.... позже редактор проверил запись меткаклува.,train,synthetic_augmented_from_open_clean,split_join,"[""context_chto_by""]","[{""source"": ""Чтобы"", ""replacement"": ""что бы"", ""edit_type"": ""split_word"", ""start"": 0, ""end"": 5, ""status"": ""proposed"", ""reason"": """", ""confidence"": 0.35, ""rule_id"": ""context_chto_by""}, {""source"": ""Чтобы"", ""replacement"": ""Что бы"", ""edit_type"": ""split_word"", ""start"": 0, ""end"": 5, ""status"": ""proposed"", ""reason"": """", ""confidence"": 0.35, ""rule_id"": ""context_chto_by""}]","{""candidate_present"": true, ""candidate_rule_ids"": [""context_chto_by""], ""carrier_sentence_hash"": ""49e6a383e644842422099c2e"", ""clean_hash"": ""d7644c5e349144bdf254b3d11a57996b1d61a610887464a5c8f5ea6801490c07"", ""error_bearing_span"": [-1, 5], ""error_form"": ""Чтобы"", ""generation_strategy"": ""corpus_opportunity"", ""license_status"": ""Open Lenta.ru news dataset; verify terms before production."", ""normalized_pair_hash"": ""78579470da6b8b1930317613225f81a82caf23f4644df047e13a9f8587758ef1"", ""original_clean_sentence"": ""Что бы команда ни решила отчет останется. Позже автор проверил подпись.... позже редактор проверил запись меткаклува."", ""rule_ids"": [""context_chto_by""], ""sentence_id"": ""6588:4"", ""source_doc_id"": ""https://lenta.ru/news/2000/04/16/komkom/"", ""source_name"": ""lenta_news"", ""source_subcorpus"": ""Россия"", ""source_type"": ""synthetic_augmented_from_open_clean"", ""target_family"": ""context_chto_by"", ""target_form"": ""что бы"", ""template_id"": ""synthetic_targeted_context_chto_by""}",Что бы команда ни решила отчет останется. Позже автор проверил подпись.,lenta_news,Россия,False,False,0cfab1d76b44933522b7a056,0cfab1d76b44933522b7a056f10eb8c36fcc2f274ab9b7bb70b8856500baef39,"[""split_join""]",lenta_news,False,True,news,context_chto_by,"[{""source"": ""Чтобы"", ""replacement"": ""что бы"", ""edit_type"": ""split_word"", ""start"": 0, ""end"": 5, ""status"": ""proposed"", ""reason"": """", ""confidence"": 0.35, ""rule_id"": ""context_chto_by""}, {""source"": ""Чтобы"", ""replacement"": ""Что бы"", ""edit_type"": ""split_word"", ""start"": 0, ""end"": 5, ""status"": ""proposed"", ""reason"": """", ""confidence"": 0.35, ""rule_id"": ""context_chto_by""}]",rule:context_chto_by
Чтобы редактор ни отметил срок сохранится. Позже эксперт принял договор.... позже редактор проверил запись меткаясзиа.,Что бы редактор ни отметил срок сохранится. Позже эксперт принял договор.... позже редактор проверил запись меткаясзиа.,train,synthetic_augmented_from_open_clean,split_join,"[""context_chto_by""]","[{""source"": ""Чтобы"", ""replacement"": ""что бы"", ""edit_type"": ""split_word"", ""start"": 0, ""end"": 5, ""status"": ""proposed"", ""reason"": """", ""confidence"": 0.35, ""rule_id"": ""context_chto_by""}, {""source"": ""Чтобы"", ""replacement"": ""Что бы"", ""edit_type"": ""split_word"", ""start"": 0, ""end"": 5, ""status"": ""proposed"", ""reason"": """", ""confidence"": 0.35, ""rule_id"": ""context_chto_by""}]","{""candidate_present"": true, ""candidate_rule_ids"": [""context_chto_by""], ""carrier_sentence_hash"": ""2ea053558cd68774356c79a2"", ""clean_hash"": ""cfc4ac9f2ab98ac4a840d094b8340c004b2e4c262afd14fcb5c7e1916a63429c"", ""error_bearing_span"": [-1, 5], ""error_form"": ""Чтобы"", ""generation_strategy"": ""corpus_opportunity"", ""license_status"": ""Nerus Lenta annotated corpus; verify terms before production."", ""normalized_pair_hash"": ""44296c98004bf94db96ecd3787388a204f36aa44411cb847ef3abaae8d0d8119"", ""original_clean_sentence"": ""Что бы редактор ни отметил срок сохранится. Позже эксперт принял договор.... позже редактор проверил запись меткаясзиа."", ""rule_ids"": [""context_chto_by""], ""sentence_id"": ""49632"", ""source_doc_id"": ""4200"", ""source_name"": ""nerus_news"", ""source_subcorpus"": ""nerus_lenta"", ""source_type"": ""synthetic_augmented_from_open_clean"", ""target_family"": ""context_chto_by"", ""target_form"": ""что бы"", ""template_id"": ""synthetic_targeted_context_chto_by""}",Что бы редактор ни отметил срок сохранится. Позже эксперт принял договор.,nerus_news,nerus_lenta,False,False,88589ac3473768bc083ebda6,88589ac3473768bc083ebda6fa80222157588860f81f7cd97f474b7713dea44e,"[""split_join""]",nerus_news,False,True,news,context_chto_by,"[{""source"": ""Чтобы"", ""replacement"": ""что бы"", ""edit_type"": ""split_word"", ""start"": 0, ""end"": 5, ""status"": ""proposed"", ""reason"": """", ""confidence"": 0.35, ""rule_id"": ""context_chto_by""}, {""source"": ""Чтобы"", ""replacement"": ""Что бы"", ""edit_type"": ""split_word"", ""start"": 0, ""end"": 5, ""status"": ""proposed"", ""reason"": """", ""confidence"": 0.35, ""rule_id"": ""context_chto_by""}]",rule:context_chto_by
"Чтобы он ни сказал решение принято. Затем аналитик обновил запись. Иван опытный редактор, проверил свежая сводка. После проверки список закрыли. Команда ждала то есть письменный ответ оставался открытым. Затем аналитик обновил запись. Кроме того, ""Татнефть"" участвует и в других иракских проектах, таких, как разведка и оценка запасов нефти на месторождении ""Западная Курна"".","Что бы он ни сказал решение принято. Затем аналитик обновил запись. Иван, опытный редактор, проверил свежая сводка. После проверки список закрыли. Команда ждала, то есть письменный ответ оставался открытым. Затем аналитик обновил запись. Кроме того, ""Татнефть"" участвует и в других иракских проектах, таких, как разведка и оценка запасов нефти на месторождении ""Западная Курна"".",train,synthetic_augmented_from_open_clean,split_join,"[""context_chto_by"", ""apposition_comma"", ""clarification_comma""]","[{""source"": ""Чтобы"", ""replacement"": ""что бы"", ""edit_type"": ""split_word"", ""start"": 0, ""end"": 5, ""status"": ""proposed"", ""reason"": """", ""confidence"": 0.35, ""rule_id"": ""context_chto_by""}, {""source"": ""Чтобы"", ""replacement"": ""Что бы"", ""edit_type"": ""split_word"", ""start"": 0, ""end"": 5, ""status"": ""proposed"", ""reason"": """", ""confidence"": 0.35, ""rule_id"": ""context_chto_by""}, {""source"": """", ""replacement"": "","", ""edit_type"": ""punctuation_insert"", ""start"": 71, ""end"": 71, ""status"": ""proposed"", ""reason"": """", ""confidence"": 0.78, ""rule_id"": ""apposition_comma"", ""error_type"": ""punctuation""}, {""source"": """", ""replacement"": "","", ""edit_type"": ""punctuation_insert"", ""start"": 158, ""end"": 158, ""status"": ""proposed"", ""reason"": """", ""confidence"": 0.82, ""rule_id"": ""clarification_comma"", ""error_type"": ""punctuation""}]","{""candidate_present"": true, ""candidate_rule_ids"": [""apposition_comma"", ""clarification_comma"", ""context_chto_by""], ""carrier_sentence_hash"": ""e0a69f68d256ab26f6de1716"", ""clean_hash"": ""c99b2aa70f58d0db1e2c9f939162898b96f2669455a8aa05e0e7fada87b8dd0d"", ""error_bearing_span"": [-1, 5], ""error_count"": 3, ""error_form"": ""Чтобы"", ""generation_strategy"": ""multi_error_stress"", ""is_stress"": true, ""license_status"": ""Open Lenta.ru news dataset; verify terms before production."", ""original_clean_sentence"": ""Что бы он ни сказал решение принято. Затем аналитик обновил запись. Иван, опытный редактор, проверил свежая сводка. После проверки список закрыли. Команда ждала, то есть письменный ответ оставался открытым. Затем аналитик обновил запись. Кроме того, \""Татнефть\"" участвует и в других иракских проектах, таких, как разведка и оценка запасов нефти на месторождении \""Западная Курна\""."", ""rule_ids"": [""context_chto_by"", ""apposition_comma"", ""clarification_comma""], ""sentence_id"": ""1854:6"", ""source_doc_id"": ""https://lenta.ru/news/1999/11/19/tatneft/"", ""source_name"": ""lenta_news"", ""source_subcorpus"": ""Экономика"", ""source_type"": ""synthetic_augmented_from_open_clean"", ""target_family"": ""context_chto_by"", ""target_form"": ""что бы""}","Что бы он ни сказал решение принято. Затем аналитик обновил запись. Иван, опытный редактор, проверил свежая сводка. После проверки список закрыли. Команда ждала, то есть письменный ответ оставался открытым. Затем аналитик обновил запись. Кроме того, ""Татнефть"" участвует и в других иракских проектах, таких, как разведка и оценка запасов нефти на месторождении ""Западная Курна"".",lenta_news,Экономика,False,False,82fe147763c6ef2772bd9db6,82fe147763c6ef2772bd9db6a17e3ea1a2b8164be7312deabd7396738c586a68,"[""punctuation"", ""split_join""]",lenta_news,False,True,news,context_chto_by,"[{""source"": ""Чтобы"", ""replacement"": ""что бы"", ""edit_type"": ""split_word"", ""start"": 0, ""end"": 5, ""status"": ""proposed"", ""reason"": """", ""confidence"": 0.35, ""rule_id"": ""context_chto_by""}, {""source"": ""Чтобы"", ""replacement"": ""Что бы"", ""edit_type"": ""split_word"", ""start"": 0, ""end"": 5, ""status"": ""proposed"", ""reason"": """", ""confidence"": 0.35, ""rule_id"": ""context_chto_by""}, {""source"": """", ""replacement"": "","", ""edit_type"": ""punctuation_insert"", ""start"": 71, ""end"": 71, ""status"": ""proposed"", ""reason"": """", ""confidence"": 0.78, ""rule_id"": ""apposition_comma"", ""error_type"": ""punctuation""}, {""source"": """", ""replacement"": "","", ""edit_type"": ""punctuation_insert"", ""start"": 158, ""end"": 158, ""status"": ""proposed"", ""reason"": """", ""confidence"": 0.82, ""rule_id"": ""clarification_comma"", ""error_type"": ""punctuation""}]",rule:context_chto_by
Что бы закончить работу нужно согласование. Позже редактор обновил список.... позже редактор проверил запись меткашвува.,Чтобы закончить работу нужно согласование. Позже редактор обновил список.... позже редактор проверил запись меткашвува.,train,synthetic_augmented_from_open_clean,split_join,"[""context_chto_by""]","[{""source"": ""Что бы"", ""replacement"": ""чтобы"", ""edit_type"": ""join_words"", ""start"": 0, ""end"": 6, ""status"": ""proposed"", ""reason"": """", ""confidence"": 0.35, ""rule_id"": ""context_chto_by""}, {""source"": ""Что бы"", ""replacement"": ""Чтобы"", ""edit_type"": ""join_words"", ""start"": 0, ""end"": 6, ""status"": ""proposed"", ""reason"": """", ""confidence"": 0.35, ""rule_id"": ""context_chto_by""}, {""source"": ""Что бы"", ""replacement"": ""Чтобы"", ""edit_type"": ""split_word"", ""start"": 0, ""end"": 6, ""status"": ""proposed"", ""reason"": """", ""confidence"": 0.35, ""rule_id"": ""context_chto_by""}]","{""candidate_present"": true, ""candidate_rule_ids"": [""context_chto_by""], ""carrier_sentence_hash"": ""7bcb4342342fbf7e988b678b"", ""clean_hash"": ""a81a379b76758c52d37fc1834fdd498b13920c6c5c01ba13b35a50a7e406422f"", ""error_bearing_span"": [-1, 6], ""error_form"": ""Что бы"", ""generation_strategy"": ""corpus_opportunity"", ""license_status"": ""Open Lenta.ru news dataset; verify terms before production."", ""normalized_pair_hash"": ""9363a60f9d07674ecb864d911f91434062dc4af7ef88599dc084d6faa96cd917"", ""original_clean_sentence"": ""Чтобы закончить работу нужно согласование. Позже редактор обновил список.... позже редактор проверил запись меткашвува."", ""rule_ids"": [""context_chto_by""], ""sentence_id"": ""6533:6"", ""source_doc_id"": ""https://lenta.ru/news/2000/04/14/fedex/"", ""source_name"": ""lenta_news"", ""source_subcorpus"": ""Мир"", ""source_type"": ""synthetic_augmented_from_open_clean"", ""target_family"": ""context_chto_by"", ""target_form"": ""чтобы"", ""template_id"": ""synthetic_targeted_context_chto_by""}",Чтобы закончить работу нужно согласование. Позже редактор обновил список.,lenta_news,Мир,False,False,58c81dcc930975f970509671,58c81dcc930975f970509671ca3b23038762fbcf0c14b58804e3e9e597460125,"[""split_join""]",lenta_news,False,True,news,context_chto_by,"[{""source"": ""Что бы"", ""replacement"": ""чтобы"", ""edit_type"": ""join_words"", ""start"": 0, ""end"": 6, ""status"": ""proposed"", ""reason"": """", ""confidence"": 0.35, ""rule_id"": ""context_chto_by""}, {""source"": ""Что бы"", ""replacement"": ""Чтобы"", ""edit_type"": ""join_words"", ""start"": 0, ""end"": 6, ""status"": ""proposed"", ""reason"": """", ""confidence"": 0.35, ""rule_id"": ""context_chto_by""}, {""source"": ""Что бы"", ""replacement"": ""Чтобы"", ""edit_type"": ""split_word"", ""start"": 0, ""end"": 6, ""status"": ""proposed"", ""reason"": """", ""confidence"": 0.35, ""rule_id"": ""context_chto_by""}]",rule:context_chto_by
Чтобы редактор ни отметил срок сохранится. Затем юрист отправил письмо.... позже редактор проверил запись меткажжтва.,Что бы редактор ни отметил срок сохранится. Затем юрист отправил письмо.... позже редактор проверил запись меткажжтва.,train,synthetic_augmented_from_open_clean,split_join,"[""context_chto_by""]","[{""source"": ""Чтобы"", ""replacement"": ""что бы"", ""edit_type"": ""split_word"", ""start"": 0, ""end"": 5, ""status"": ""proposed"", ""reason"": """", ""confidence"": 0.35, ""rule_id"": ""context_chto_by""}, {""source"": ""Чтобы"", ""replacement"": ""Что бы"", ""edit_type"": ""split_word"", ""start"": 0, ""end"": 5, ""status"": ""proposed"", ""reason"": """", ""confidence"": 0.35, ""rule_id"": ""context_chto_by""}]","{""candidate_present"": true, ""candidate_rule_ids"": [""context_chto_by""], ""carrier_sentence_hash"": ""6503165a429b337cab3d3063"", ""clean_hash"": ""417c1030ef2875a0f5919cf799171cbe19214682d06ad3bc954da83f24505ce3"", ""error_bearing_span"": [-1, 5], ""error_form"": ""Чтобы"", ""generation_strategy"": ""corpus_opportunity"", ""license_status"": ""Open Lenta.ru news dataset; verify terms before production."", ""normalized_pair_hash"": ""d7d910977edebd43b1cbaf95431d9e47200baee0c1f65c423df0db5bbf3b1494"", ""original_clean_sentence"": ""Что бы редактор ни отметил срок сохранится. Затем юрист отправил письмо.... позже редактор проверил запись меткажжтва."", ""rule_ids"": [""context_chto_by""], ""sentence_id"": ""6372:9"", ""source_doc_id"": ""https://lenta.ru/news/2000/04/11/nhl/"", ""source_name"": ""lenta_news"", ""source_subcorpus"": ""Спорт"", ""source_type"": ""synthetic_augmented_from_open_clean"", ""target_family"": ""context_chto_by"", ""target_form"": ""что бы"", ""template_id"": ""synthetic_targeted_context_chto_by""}",Что бы редактор ни отметил срок сохранится. Затем юрист отправил письмо.,lenta_news,Спорт,False,False,5acdac89edd641a7225a40a8,5acdac89edd641a7225a40a8cd7e6ec13527638607fac1574fe080856888b36d,"[""split_join""]",lenta_news,False,True,news,context_chto_by,"[{""source"": ""Чтобы"", ""replacement"": ""что бы"", ""edit_type"": ""split_word"", ""start"": 0, ""end"": 5, ""status"": ""proposed"", ""reason"": """", ""confidence"": 0.35, ""rule_id"": ""context_chto_by""}, {""source"": ""Чтобы"", ""replacement"": ""Что бы"", ""edit_type"": ""split_word"", ""start"": 0, ""end"": 5, ""status"": ""proposed"", ""reason"": """", ""confidence"": 0.35, ""rule_id"": ""context_chto_by""}]",rule:context_chto_by
Что бы закончить работу нужно согласование. Утром отдел отправил договор.... позже редактор проверил запись меткачоеиа.,Чтобы закончить работу нужно согласование. Утром отдел отправил договор.... позже редактор проверил запись меткачоеиа.,train,synthetic_augmented_from_open_clean,split_join,"[""context_chto_by""]","[{""source"": ""Что бы"", ""replacement"": ""чтобы"", ""edit_type"": ""join_words"", ""start"": 0, ""end"": 6, ""status"": ""proposed"", ""reason"": """", ""confidence"": 0.35, ""rule_id"": ""context_chto_by""}, {""source"": ""Что бы"", ""replacement"": ""Чтобы"", ""edit_type"": ""join_words"", ""start"": 0, ""end"": 6, ""status"": ""proposed"", ""reason"": """", ""confidence"": 0.35, ""rule_id"": ""context_chto_by""}, {""source"": ""Что бы"", ""replacement"": ""Чтобы"", ""edit_type"": ""split_word"", ""start"": 0, ""end"": 6, ""status"": ""proposed"", ""reason"": """", ""confidence"": 0.35, ""rule_id"": ""context_chto_by""}]","{""candidate_present"": true, ""candidate_rule_ids"": [""context_chto_by""], ""carrier_sentence_hash"": ""0e83e5871c62bd170fdee0df"", ""clean_hash"": ""e5ba2285f469df755e90440c981490a34eebfa205ad0b9bc17d6af665a95b882"", ""error_bearing_span"": [-1, 6], ""error_form"": ""Что бы"", ""generation_strategy"": ""corpus_opportunity"", ""license_status"": ""Open Lenta.ru news dataset; verify terms before production."", ""normalized_pair_hash"": ""3836bec97889a87acca854d91dfd1f3f76ee2358667106fe1b11070942a34f2e"", ""original_clean_sentence"": ""Чтобы закончить работу нужно согласование. Утром отдел отправил договор.... позже редактор проверил запись меткачоеиа."", ""rule_ids"": [""context_chto_by""], ""sentence_id"": ""6557:4"", ""source_doc_id"": ""https://lenta.ru/news/2000/04/14/raduev/"", ""source_name"": ""lenta_news"", ""source_subcorpus"": ""Россия"", ""source_type"": ""synthetic_augmented_from_open_clean"", ""target_family"": ""context_chto_by"", ""target_form"": ""чтобы"", ""template_id"": ""synthetic_targeted_context_chto_by""}",Чтобы закончить работу нужно согласование. Утром отдел отправил договор.,lenta_news,Россия,False,False,f167b63f16a36e1aecf6fb8b,f167b63f16a36e1aecf6fb8b9a006f5a7d8af9088f13307f86e15bf3ab8aa56c,"[""split_join""]",lenta_news,False,True,news,context_chto_by,"[{""source"": ""Что бы"", ""replacement"": ""чтобы"", ""edit_type"": ""join_words"", ""start"": 0, ""end"": 6, ""status"": ""proposed"", ""reason"": """", ""confidence"": 0.35, ""rule_id"": ""context_chto_by""}, {""source"": ""Что бы"", ""replacement"": ""Чтобы"", ""edit_type"": ""join_words"", ""start"": 0, ""end"": 6, ""status"": ""proposed"", ""reason"": """", ""confidence"": 0.35, ""rule_id"": ""context_chto_by""}, {""source"": ""Что бы"", ""replacement"": ""Чтобы"", ""edit_type"": ""split_word"", ""start"": 0, ""end"": 6, ""status"": ""proposed"", ""reason"": """", ""confidence"": 0.35, ""rule_id"": ""context_chto_by""}]",rule:context_chto_by
Чтобы команда ни решила отчет останется. Утром эксперт уточнил журнал.... позже редактор проверил запись меткащцзиа.,Что бы команда ни решила отчет останется. Утром эксперт уточнил журнал.... позже редактор проверил запись меткащцзиа.,train,synthetic_augmented_from_open_clean,split_join,"[""context_chto_by""]","[{""source"": ""Чтобы"", ""replacement"": ""что бы"", ""edit_type"": ""split_word"", ""start"": 0, ""end"": 5, ""status"": ""proposed"", ""reason"": """", ""confidence"": 0.35, ""rule_id"": ""context_chto_by""}, {""source"": ""Чтобы"", ""replacement"": ""Что бы"", ""edit_type"": ""split_word"", ""start"": 0, ""end"": 5, ""status"": ""proposed"", ""reason"": """", ""confidence"": 0.35, ""rule_id"": ""context_chto_by""}]","{""candidate_present"": true, ""candidate_rule_ids"": [""context_chto_by""], ""carrier_sentence_hash"": ""b37108fe56703cc2c62f8570"", ""clean_hash"": ""24b628517e6807838411623301ef057795e742f338bb7b81d6686689915441b5"", ""error_bearing_span"": [-1, 5], ""error_form"": ""Чтобы"", ""generation_strategy"": ""corpus_opportunity"", ""license_status"": ""Open Lenta.ru news dataset; verify terms before production."", ""normalized_pair_hash"": ""27e36ac6bccf960ae57b62480e81e3632ed2f30f4bef61773f0ec675bb5f6cbc"", ""original_clean_sentence"": ""Что бы команда ни решила отчет останется. Утром эксперт уточнил журнал.... позже редактор проверил запись меткащцзиа."", ""rule_ids"": [""context_chto_by""], ""sentence_id"": ""6778:4"", ""source_doc_id"": ""https://lenta.ru/news/2000/04/20/vedeno/"", ""source_name"": ""lenta_news"", ""source_subcorpus"": ""Россия"", ""source_type"": ""synthetic_augmented_from_open_clean"", ""target_family"": ""context_chto_by"", ""target_form"": ""что бы"", ""template_id"": ""synthetic_targeted_context_chto_by""}",Что бы команда ни решила отчет останется. Утром эксперт уточнил журнал.,lenta_news,Россия,False,False,2e4a1635c554d59cae44b968,2e4a1635c554d59cae44b9681cb67462231a9d1a29e5ec95fe76d6dcda8e256c,"[""split_join""]",lenta_news,False,True,news,context_chto_by,"[{""source"": ""Чтобы"", ""replacement"": ""что бы"", ""edit_type"": ""split_word"", ""start"": 0, ""end"": 5, ""status"": ""proposed"", ""reason"": """", ""confidence"": 0.35, ""rule_id"": ""context_chto_by""}, {""source"": ""Чтобы"", ""replacement"": ""Что бы"", ""edit_type"": ""split_word"", ""start"": 0, ""end"": 5, ""status"": ""proposed"", ""reason"": """", ""confidence"": 0.35, ""rule_id"": ""context_chto_by""}]",rule:context_chto_by
"Помимо Роттена, большой вклад в развитие творчества Sex Pistols внёс Стив Джонс, чья манера игры на гитаре зделалась стандартной для панк-рока.","Помимо Роттена, большой вклад в развитие творчества Sex Pistols внёс Стив Джонс, чья манера игры на гитаре сделалась стандартной для панк-рока.",train,synthetic_augmented_from_open_clean,spelling,"[""frequent_error_exact"", ""sdelat_prefix""]","[{""source"": ""зделал"", ""replacement"": ""сделал"", ""edit_type"": ""spelling_replace"", ""start"": 107, ""end"": 113, ""status"": ""proposed"", ""reason"": """", ""confidence"": 0.95, ""rule_id"": ""frequent_error_exact""}, {""source"": ""зделалась"", ""replacement"": ""сделалась"", ""edit_type"": ""spelling_replace"", ""start"": 107, ""end"": 116, ""status"": ""proposed"", ""reason"": """", ""confidence"": 0.95, ""rule_id"": ""sdelat_prefix""}]","{""candidate_present"": true, ""candidate_rule_ids"": [""frequent_error_exact"", ""sdelat_prefix""], ""carrier_sentence_hash"": ""5c81ae8b7fc7ae15e56efcda"", ""clean_hash"": ""9d218f178a52bc221bf761890aaf9a8937093dc56229223461d293084b04951f"", ""error_bearing_span"": [107, 113], ""error_form"": ""зделал"", ""generation_strategy"": ""corpus_opportunity"", ""license_status"": ""OpenCorpora annotated corpus; verify terms before production."", ""normalized_pair_hash"": ""69160c58ac8dc9313b4b1b80ee651594a8e1178186990730f5aa1730dde1f516"", ""original_clean_sentence"": ""Помимо Роттена, большой вклад в развитие творчества Sex Pistols внёс Стив Джонс, чья манера игры на гитаре сделалась стандартной для панк-рока."", ""rule_ids"": [""frequent_error_exact"", ""sdelat_prefix""], ""sentence_id"": ""61272"", ""source_doc_id"": """", ""source_name"": ""opencorpora"", ""source_subcorpus"": ""opencorpora"", ""source_type"": ""synthetic_augmented_from_open_clean"", ""synthetic_source_dataset"": ""synthetic_open_corpus_prefix_z_s"", ""target_family"": ""frequent_error_exact"", ""target_form"": ""сделал""}","Помимо Роттена, большой вклад в развитие творчества Sex Pistols внёс Стив Джонс, чья манера игры на гитаре сделалась стандартной для панк-рока.",opencorpora,opencorpora,False,False,69160c58ac8dc9313b4b1b80,69160c58ac8dc9313b4b1b80ee651594a8e1178186990730f5aa1730dde1f516,"[""spelling""]",opencorpora,False,True,mixed_nonfiction,frequent_error_exact,"[{""source"": ""зделал"", ""replacement"": ""сделал"", ""edit_type"": ""spelling_replace"", ""start"": 107, ""end"": 113, ""status"": ""proposed"", ""reason"": """", ""confidence"": 0.95, ""rule_id"": ""frequent_error_exact""}, {""source"": ""зделалась"", ""replacement"": ""сделалась"", ""edit_type"": ""spelling_replace"", ""start"": 107, ""end"": 116, ""status"": ""proposed"", ""reason"": """", ""confidence"": 0.95, ""rule_id"": ""sdelat_prefix""}]",rule:frequent_error_exact
"Я это почювствовал на собственой шкуре», — отметил он.","Я это почувствовал на собственной шкуре», — отметил он.",train,synthetic_augmented_from_open_clean,spelling,"[""frequent_error_exact"", ""pattern_чю_чу"", ""n_nn_adjective""]","[{""source"": ""чювство"", ""replacement"": ""чувство"", ""edit_type"": ""spelling_replace"", ""start"": 8, ""end"": 15, ""status"": ""proposed"", ""reason"": """", ""confidence"": 0.95, ""rule_id"": ""frequent_error_exact""}, {""source"": ""почювствовал"", ""replacement"": ""почувствовал"", ""edit_type"": ""spelling_replace"", ""start"": 6, ""end"": 18, ""status"": ""proposed"", ""reason"": """", ""confidence"": 0.94, ""rule_id"": ""pattern_чю_чу""}, {""source"": ""собственой"", ""replacement"": ""собственной"", ""edit_type"": ""spelling_replace"", ""start"": 22, ""end"": 32, ""status"": ""proposed"", ""reason"": """", ""confidence"": 0.35, ""rule_id"": ""n_nn_adjective""}]","{""candidate_present"": true, ""candidate_rule_ids"": [""frequent_error_exact"", ""n_nn_adjective"", ""pattern_чю_чу""], ""carrier_sentence_hash"": ""5f864df694e7680b07854601"", ""clean_hash"": ""2a5d87d33def6d67976e51d0bf25a879ed2000094a37bdc8053bf90dd3495554"", ""error_bearing_span"": [8, 15], ""error_form"": ""чювство"", ""generation_strategy"": ""corpus_opportunity"", ""license_status"": ""Nerus Lenta annotated corpus; verify terms before production."", ""normalized_pair_hash"": ""97b34d70a51abe465d13f5371e872481016948f00589cc64bd9e5a998dcf34ed"", ""original_clean_sentence"": ""Я это почувствовал на собственной шкуре», — отметил он."", ""rule_ids"": [""frequent_error_exact"", ""pattern_чю_чу"", ""n_nn_adjective""], ""sentence_id"": ""223093"", ""source_doc_id"": ""18862"", ""source_name"": ""nerus_news"", ""source_subcorpus"": ""nerus_lenta"", ""source_type"": ""synthetic_augmented_from_open_clean"", ""synthetic_source_dataset"": ""synthetic_open_corpus_mixed"", ""target_family"": ""frequent_error_exact"", ""target_form"": ""чувство""}","Я это почувствовал на собственной шкуре», — отметил он.",nerus_news,nerus_lenta,False,False,97b34d70a51abe465d13f537,97b34d70a51abe465d13f5371e872481016948f00589cc64bd9e5a998dcf34ed,"[""spelling""]",nerus_news,False,True,news,frequent_error_exact,"[{""source"": ""чювство"", ""replacement"": ""чувство"", ""edit_type"": ""spelling_replace"", ""start"": 8, ""end"": 15, ""status"": ""proposed"", ""reason"": """", ""confidence"": 0.95, ""rule_id"": ""frequent_error_exact""}, {""source"": ""почювствовал"", ""replacement"": ""почувствовал"", ""edit_type"": ""spelling_replace"", ""start"": 6, ""end"": 18, ""status"": ""proposed"", ""reason"": """", ""confidence"": 0.94, ""rule_id"": ""pattern_чю_чу""}, {""source"": ""собственой"", ""replacement"": ""собственной"", ""edit_type"": ""spelling_replace"", ""start"": 22, ""end"": 32, ""status"": ""proposed"", ""reason"": """", ""confidence"": 0.35, ""rule_id"": ""n_nn_adjective""}]",rule:frequent_error_exact
"В результате всрыва произошол пожар, при этом высота огненного факела достигала 30 метров.","В результате взрыва произошел пожар, при этом высота огненного факела достигала 30 метров.",train,synthetic_augmented_from_open_clean,spelling,"[""frequent_error_exact""]","[{""source"": ""шол"", ""replacement"": ""шел"", ""edit_type"": ""spelling_replace"", ""start"": 26, ""end"": 29, ""status"": ""proposed"", ""reason"": """", ""confidence"": 0.95, ""rule_id"": ""frequent_error_exact""}, {""source"": ""произошол"", ""replacement"": ""произошел"", ""edit_type"": ""spelling_replace"", ""start"": 20, ""end"": 29, ""status"": ""proposed"", ""reason"": """", ""confidence"": 0.95, ""rule_id"": ""frequent_error_exact""}]","{""candidate_present"": true, ""candidate_rule_ids"": [""frequent_error_exact""], ""carrier_sentence_hash"": ""06a214e65fdfdcf21d02eb26"", ""clean_hash"": ""bb7580df5322f1f037661cd0209c5c1dba813c90b6d35f55e45f82cedd5cfdf9"", ""error_bearing_span"": [26, 29], ""error_form"": ""шол"", ""generation_strategy"": ""corpus_opportunity"", ""license_status"": ""Open Lenta.ru news dataset; verify terms before production."", ""normalized_pair_hash"": ""d38772012d8ad6b876ee679f12023d090a1f87a7f544428424e3658997550583"", ""original_clean_sentence"": ""В результате взрыва произошел пожар, при этом высота огненного факела достигала 30 метров."", ""rule_ids"": [""frequent_error_exact""], ""sentence_id"": ""16136:2"", ""source_doc_id"": ""https://lenta.ru/news/2000/11/09/pipeline/"", ""source_name"": ""lenta_news"", ""source_subcorpus"": ""Россия"", ""source_type"": ""synthetic_augmented_from_open_clean"", ""synthetic_source_dataset"": ""synthetic_open_corpus_mixed"", ""target_family"": ""frequent_error_exact"", ""target_form"": ""шел""}","В результате взрыва произошел пожар, при этом высота огненного факела достигала 30 метров.",lenta_news,Россия,False,False,d38772012d8ad6b876ee679f,d38772012d8ad6b876ee679f12023d090a1f87a7f544428424e3658997550583,"[""spelling""]",lenta_news,False,True,news,frequent_error_exact,"[{""source"": ""шол"", ""replacement"": ""шел"", ""edit_type"": ""spelling_replace"", ""start"": 26, ""end"": 29, ""status"": ""proposed"", ""reason"": """", ""confidence"": 0.95, ""rule_id"": ""frequent_error_exact""}, {""source"": ""произошол"", ""replacement"": ""произошел"", ""edit_type"": ""spelling_replace"", ""start"": 20, ""end"": 29, ""status"": ""proposed"", ""reason"": """", ""confidence"": 0.95, ""rule_id"": ""frequent_error_exact""}]",rule:frequent_error_exact
До перевада в структуры Минобороны Матовников служил в управлении «А» Центра специального назначения ФСБ.,До перевода в структуры Минобороны Матовников служил в управлении «А» Центра специального назначения ФСБ.,train,synthetic_augmented_from_open_clean,spelling,"[""frequent_error_exact""]","[{""source"": ""вада"", ""replacement"": ""вода"", ""edit_type"": ""spelling_replace"", ""start"": 7, ""end"": 11, ""status"": ""proposed"", ""reason"": """", ""confidence"": 0.95, ""rule_id"": ""frequent_error_exact""}]","{""candidate_present"": true, ""candidate_rule_ids"": [""frequent_error_exact""], ""carrier_sentence_hash"": ""cbd808dfd23eba65c7e9854a"", ""clean_hash"": ""f6843d05a1e0aaab4a8e60bca7485cb1c2ee79f7593b284815b07597845bcf8d"", ""error_bearing_span"": [7, 11], ""error_form"": ""вада"", ""generation_strategy"": ""corpus_opportunity"", ""license_status"": ""Nerus Lenta annotated corpus; verify terms before production."", ""normalized_pair_hash"": ""68b0d1f9a3bc35a2fe8ed21d07da0026394bb29d7de8b2445fde63130fcce5ff"", ""original_clean_sentence"": ""До перевода в структуры Минобороны Матовников служил в управлении «А» Центра специального назначения ФСБ."", ""rule_ids"": [""frequent_error_exact""], ""sentence_id"": ""252257"", ""source_doc_id"": ""21427.0"", ""source_name"": ""nerus_news"", ""source_subcorpus"": ""nerus_lenta"", ""source_type"": ""synthetic_augmented_from_open_clean"", ""synthetic_source_dataset"": ""synthetic_open_corpus_frequent_spelling"", ""target_family"": ""frequent_error_exact"", ""target_form"": ""вода""}",До перевода в структуры Минобороны Матовников служил в управлении «А» Центра специального назначения ФСБ.,nerus_news,nerus_lenta,False,False,68b0d1f9a3bc35a2fe8ed21d,68b0d1f9a3bc35a2fe8ed21d07da0026394bb29d7de8b2445fde63130fcce5ff,"[""spelling""]",nerus_news,False,True,news,frequent_error_exact,"[{""source"": ""вада"", ""replacement"": ""вода"", ""edit_type"": ""spelling_replace"", ""start"": 7, ""end"": 11, ""status"": ""proposed"", ""reason"": """", ""confidence"": 0.95, ""rule_id"": ""frequent_error_exact""}]",rule:frequent_error_exact
"Агент ФБР нашол в Интернете упоминание о чьем-то желании ""разстрелять школу"".","Агент ФБР нашел в Интернете упоминание о чьем-то желании ""расстрелять школу"".",train,synthetic_augmented_from_open_clean,spelling,"[""frequent_error_exact"", ""prefix_z_to_s""]","[{""source"": ""шол"", ""replacement"": ""шел"", ""edit_type"": ""spelling_replace"", ""start"": 12, ""end"": 15, ""status"": ""proposed"", ""reason"": """", ""confidence"": 0.95, ""rule_id"": ""frequent_error_exact""}, {""source"": ""нашол"", ""replacement"": ""нашел"", ""edit_type"": ""spelling_replace"", ""start"": 10, ""end"": 15, ""status"": ""proposed"", ""reason"": """", ""confidence"": 0.95, ""rule_id"": ""frequent_error_exact""}, {""source"": ""разстрелять"", ""replacement"": ""расстрелять"", ""edit_type"": ""spelling_replace"", ""start"": 58, ""end"": 69, ""status"": ""proposed"", ""reason"": """", ""confidence"": 0.95, ""rule_id"": ""prefix_z_to_s""}]","{""candidate_present"": true, ""candidate_rule_ids"": [""frequent_error_exact"", ""prefix_z_to_s""], ""carrier_sentence_hash"": ""43cd6cd16644d8b4a4448eb1"", ""clean_hash"": ""df9d7813e25762dab9afa6d10db0702617832fc4569b71ecec722b14b3f03672"", ""error_bearing_span"": [12, 15], ""error_form"": ""шол"", ""generation_strategy"": ""corpus_opportunity"", ""license_status"": ""Open Lenta.ru news dataset; verify terms before production."", ""normalized_pair_hash"": ""b1d7e264c941ad7934cb26578ee8d56babfdb483f02cf17dda549c290ac7ec63"", ""original_clean_sentence"": ""Агент ФБР нашел в Интернете упоминание о чьем-то желании \""расстрелять школу\""."", ""rule_ids"": [""frequent_error_exact"", ""prefix_z_to_s""], ""sentence_id"": ""5877:8"", ""source_doc_id"": ""https://lenta.ru/news/2000/03/29/fbi/"", ""source_name"": ""lenta_news"", ""source_subcorpus"": ""Интернет и СМИ"", ""source_type"": ""synthetic_augmented_from_open_clean"", ""synthetic_source_dataset"": ""synthetic_open_corpus_mixed"", ""target_family"": ""frequent_error_exact"", ""target_form"": ""шел""}","Агент ФБР нашел в Интернете упоминание о чьем-то желании ""расстрелять школу"".",lenta_news,Интернет и СМИ,False,False,b1d7e264c941ad7934cb2657,b1d7e264c941ad7934cb26578ee8d56babfdb483f02cf17dda549c290ac7ec63,"[""spelling""]",lenta_news,False,True,news,frequent_error_exact,"[{""source"": ""шол"", ""replacement"": ""шел"", ""edit_type"": ""spelling_replace"", ""start"": 12, ""end"": 15, ""status"": ""proposed"", ""reason"": """", ""confidence"": 0.95, ""rule_id"": ""frequent_error_exact""}, {""source"": ""нашол"", ""replacement"": ""нашел"", ""edit_type"": ""spelling_replace"", ""start"": 10, ""end"": 15, ""status"": ""proposed"", ""reason"": """", ""confidence"": 0.95, ""rule_id"": ""frequent_error_exact""}, {""source"": ""разстрелять"", ""replacement"": ""расстрелять"", ""edit_type"": ""spelling_replace"", ""start"": 58, ""end"": 69, ""status"": ""proposed"", ""reason"": """", ""confidence"": 0.95, ""rule_id"": ""prefix_z_to_s""}]",rule:frequent_error_exact
По факту нападения возбуждено уголовное дело о посягательстве на жызнь сотрудника правоохранительных органов.,По факту нападения возбуждено уголовное дело о посягательстве на жизнь сотрудника правоохранительных органов.,train,synthetic_augmented_from_open_clean,spelling,"[""frequent_error_exact""]","[{""source"": ""жызнь"", ""replacement"": ""жизнь"", ""edit_type"": ""spelling_replace"", ""start"": 65, ""end"": 70, ""status"": ""proposed"", ""reason"": """", ""confidence"": 0.95, ""rule_id"": ""frequent_error_exact""}]","{""candidate_present"": true, ""candidate_rule_ids"": [""frequent_error_exact""], ""carrier_sentence_hash"": ""e6e34484857f80ff5029b1b1"", ""clean_hash"": ""4dc3f5324326dda33638c5cc7ee35d72fadff8fdd12d85378c0a67e45932ff75"", ""error_bearing_span"": [65, 70], ""error_form"": ""жызнь"", ""generation_strategy"": ""corpus_opportunity"", ""license_status"": ""Nerus Lenta annotated corpus; verify terms before production."", ""normalized_pair_hash"": ""dc9a61bfed628ad7f2e882de0a573b96edfc816ea05e9b5de62befda347acbf6"", ""original_clean_sentence"": ""По факту нападения возбуждено уголовное дело о посягательстве на жизнь сотрудника правоохранительных органов."", ""rule_ids"": [""frequent_error_exact""], ""sentence_id"": ""206491"", ""source_doc_id"": ""17427"", ""source_name"": ""nerus_news"", ""source_subcorpus"": ""nerus_lenta"", ""source_type"": ""synthetic_augmented_from_open_clean"", ""synthetic_source_dataset"": ""synthetic_open_corpus_combo"", ""target_family"": ""frequent_error_exact"", ""target_form"": ""жизнь""}",По факту нападения возбуждено уголовное дело о посягательстве на жизнь сотрудника правоохранительных органов.,nerus_news,nerus_lenta,False,False,dc9a61bfed628ad7f2e882de,dc9a61bfed628ad7f2e882de0a573b96edfc816ea05e9b5de62befda347acbf6,"[""spelling""]",nerus_news,False,True,news,frequent_error_exact,"[{""source"": ""жызнь"", ""replacement"": ""жизнь"", ""edit_type"": ""spelling_replace"", ""start"": 65, ""end"": 70, ""status"": ""proposed"", ""reason"": """", ""confidence"": 0.95, ""rule_id"": ""frequent_error_exact""}]",rule:frequent_error_exact
Готовность к подобнным уступкам гигант проявляет не чясто.,Готовность к подобным уступкам гигант проявляет не часто.,train,synthetic_augmented_from_open_clean,spelling,"[""frequent_error_exact"", ""n_nn_adjective""]","[{""source"": ""чясто"", ""replacement"": ""часто"", ""edit_type"": ""spelling_replace"", ""start"": 52, ""end"": 57, ""status"": ""proposed"", ""reason"": """", ""confidence"": 0.95, ""rule_id"": ""frequent_error_exact""}, {""source"": ""подобнным"", ""replacement"": ""подобным"", ""edit_type"": ""spelling_replace"", ""start"": 13, ""end"": 22, ""status"": ""proposed"", ""reason"": """", ""confidence"": 0.35, ""rule_id"": ""n_nn_adjective""}]","{""candidate_present"": true, ""candidate_rule_ids"": [""frequent_error_exact"", ""n_nn_adjective""], ""carrier_sentence_hash"": ""5a43d94175390b3baa9d7b6a"", ""clean_hash"": ""b23efe9bbc9b1889232f86230282c909c4f5b574ea4ecb90bd611a1f6987a959"", ""error_bearing_span"": [52, 57], ""error_form"": ""чясто"", ""generation_strategy"": ""corpus_opportunity"", ""license_status"": ""Open Lenta.ru news dataset; verify terms before production."", ""normalized_pair_hash"": ""7a88f1b0ff936abdaeb59320bc76884435bb99baff573ed04cc5da427bd13e1b"", ""original_clean_sentence"": ""Готовность к подобным уступкам гигант проявляет не часто."", ""rule_ids"": [""frequent_error_exact"", ""n_nn_adjective""], ""sentence_id"": ""10785:7"", ""source_doc_id"": ""https://lenta.ru/news/2000/07/28/domen/"", ""source_name"": ""lenta_news"", ""source_subcorpus"": ""Интернет и СМИ"", ""source_type"": ""synthetic_augmented_from_open_clean"", ""synthetic_source_dataset"": ""synthetic_open_corpus_mixed"", ""target_family"": ""frequent_error_exact"", ""target_form"": ""часто""}",Готовность к подобным уступкам гигант проявляет не часто.,lenta_news,Интернет и СМИ,False,False,7a88f1b0ff936abdaeb59320,7a88f1b0ff936abdaeb59320bc76884435bb99baff573ed04cc5da427bd13e1b,"[""spelling""]",lenta_news,False,True,news,frequent_error_exact,"[{""source"": ""чясто"", ""replacement"": ""часто"", ""edit_type"": ""spelling_replace"", ""start"": 52, ""end"": 57, ""status"": ""proposed"", ""reason"": """", ""confidence"": 0.95, ""rule_id"": ""frequent_error_exact""}, {""source"": ""подобнным"", ""replacement"": ""подобным"", ""edit_type"": ""spelling_replace"", ""start"": 13, ""end"": 22, ""status"": ""proposed"", ""reason"": """", ""confidence"": 0.35, ""rule_id"": ""n_nn_adjective""}]",rule:frequent_error_exact
"Прошол почти век, улеглись непримиримость и ярость Гражданской войны.","Прошел почти век, улеглись непримиримость и ярость Гражданской войны.",train,synthetic_augmented_from_open_clean,spelling,"[""frequent_error_exact"", ""pattern_шо_ше""]","[{""source"": ""шол"", ""replacement"": ""шел"", ""edit_type"": ""spelling_replace"", ""start"": 3, ""end"": 6, ""status"": ""proposed"", ""reason"": """", ""confidence"": 0.95, ""rule_id"": ""frequent_error_exact""}, {""source"": ""Прошол"", ""replacement"": ""прошел"", ""edit_type"": ""spelling_replace"", ""start"": 0, ""end"": 6, ""status"": ""proposed"", ""reason"": """", ""confidence"": 0.94, ""rule_id"": ""pattern_шо_ше""}]","{""candidate_present"": true, ""candidate_rule_ids"": [""frequent_error_exact"", ""pattern_шо_ше""], ""carrier_sentence_hash"": ""d161bee9e0cb58b37091b593"", ""clean_hash"": ""064e4e63d4db1da58093a1126a74d27423c5ac644910a4556e910ec39265ace1"", ""error_bearing_span"": [3, 6], ""error_form"": ""шол"", ""generation_strategy"": ""corpus_opportunity"", ""license_status"": ""OpenCorpora annotated corpus; verify terms before production."", ""normalized_pair_hash"": ""c76ce5ad9028df9716f28d51b64a518a99e264b0d0cbd03d1f549bcd9bfaec7a"", ""original_clean_sentence"": ""Прошел почти век, улеглись непримиримость и ярость Гражданской войны."", ""rule_ids"": [""frequent_error_exact"", ""pattern_шо_ше""], ""sentence_id"": ""8880"", ""source_doc_id"": """", ""source_name"": ""opencorpora"", ""source_subcorpus"": ""opencorpora"", ""source_type"": ""synthetic_augmented_from_open_clean"", ""synthetic_source_dataset"": ""synthetic_open_corpus_hissing_o_e"", ""target_family"": ""frequent_error_exact"", ""target_form"": ""шел""}","Прошел почти век, улеглись непримиримость и ярость Гражданской войны.",opencorpora,opencorpora,False,False,c76ce5ad9028df9716f28d51,c76ce5ad9028df9716f28d51b64a518a99e264b0d0cbd03d1f549bcd9bfaec7a,"[""spelling""]",opencorpora,False,True,mixed_nonfiction,frequent_error_exact,"[{""source"": ""шол"", ""replacement"": ""шел"", ""edit_type"": ""spelling_replace"", ""start"": 3, ""end"": 6, ""status"": ""proposed"", ""reason"": """", ""confidence"": 0.95, ""rule_id"": ""frequent_error_exact""}, {""source"": ""Прошол"", ""replacement"": ""прошел"", ""edit_type"": ""spelling_replace"", ""start"": 0, ""end"": 6, ""status"": ""proposed"", ""reason"": """", ""confidence"": 0.94, ""rule_id"": ""pattern_шо_ше""}]",rule:frequent_error_exact
В Феррари чуть быстрее справились с обслужыванием и после короткой борьбы на пит-лейн Алонсо вышол вперёд.,В Феррари чуть быстрее справились с обслуживанием и после короткой борьбы на пит-лейн Алонсо вышел вперёд.,train,synthetic_augmented_from_open_clean,spelling,"[""frequent_error_exact"", ""pattern_жы_жи"", ""pattern_шо_ше""]","[{""source"": ""шол"", ""replacement"": ""шел"", ""edit_type"": ""spelling_replace"", ""start"": 95, ""end"": 98, ""status"": ""proposed"", ""reason"": """", ""confidence"": 0.95, ""rule_id"": ""frequent_error_exact""}, {""source"": ""обслужыванием"", ""replacement"": ""обслуживанием"", ""edit_type"": ""spelling_replace"", ""start"": 36, ""end"": 49, ""status"": ""proposed"", ""reason"": """", ""confidence"": 0.94, ""rule_id"": ""pattern_жы_жи""}, {""source"": ""вышол"", ""replacement"": ""вышел"", ""edit_type"": ""spelling_replace"", ""start"": 93, ""end"": 98, ""status"": ""proposed"", ""reason"": """", ""confidence"": 0.94, ""rule_id"": ""pattern_шо_ше""}]","{""candidate_present"": true, ""candidate_rule_ids"": [""frequent_error_exact"", ""pattern_жы_жи"", ""pattern_шо_ше""], ""carrier_sentence_hash"": ""4775037bacca696b3dd396fc"", ""clean_hash"": ""483e97818256542585cd74e0ae5b4a1c41e73aba997821dc3e7530237aaa8adf"", ""error_bearing_span"": [95, 98], ""error_form"": ""шол"", ""generation_strategy"": ""corpus_opportunity"", ""license_status"": ""OpenCorpora annotated corpus; verify terms before production."", ""normalized_pair_hash"": ""45294fd719742b5210cfd5868ab1ca4bddd56784e6dadc5b3602f9e05abce125"", ""original_clean_sentence"": ""В Феррари чуть быстрее справились с обслуживанием и после короткой борьбы на пит-лейн Алонсо вышел вперёд."", ""rule_ids"": [""frequent_error_exact"", ""pattern_жы_жи"", ""pattern_шо_ше""], ""sentence_id"": ""22768"", ""source_doc_id"": """", ""source_name"": ""opencorpora"", ""source_subcorpus"": ""opencorpora"", ""source_type"": ""synthetic_augmented_from_open_clean"", ""synthetic_source_dataset"": ""synthetic_open_corpus_mixed"", ""target_family"": ""frequent_error_exact"", ""target_form"": ""шел""}",В Феррари чуть быстрее справились с обслуживанием и после короткой борьбы на пит-лейн Алонсо вышел вперёд.,opencorpora,opencorpora,False,False,45294fd719742b5210cfd586,45294fd719742b5210cfd5868ab1ca4bddd56784e6dadc5b3602f9e05abce125,"[""spelling""]",opencorpora,False,True,mixed_nonfiction,frequent_error_exact,"[{""source"": ""шол"", ""replacement"": ""шел"", ""edit_type"": ""spelling_replace"", ""start"": 95, ""end"": 98, ""status"": ""proposed"", ""reason"": """", ""confidence"": 0.95, ""rule_id"": ""frequent_error_exact""}, {""source"": ""обслужыванием"", ""replacement"": ""обслуживанием"", ""edit_type"": ""spelling_replace"", ""start"": 36, ""end"": 49, ""status"": ""proposed"", ""reason"": """", ""confidence"": 0.94, ""rule_id"": ""pattern_жы_жи""}, {""source"": ""вышол"", ""replacement"": ""вышел"", ""edit_type"": ""spelling_replace"", ""start"": 93, ""end"": 98, ""status"": ""proposed"", ""reason"": """", ""confidence"": 0.94, ""rule_id"": ""pattern_шо_ше""}]",rule:frequent_error_exact
"Ранее 24 июля сообщалось, что в результате ракетного удара был сбит самолет «Сухого», который зашол на два километра вглубь воздушного пространства Израиля на севере страны.","Ранее 24 июля сообщалось, что в результате ракетного удара был сбит самолет «Сухого», который зашел на два километра вглубь воздушного пространства Израиля на севере страны.",train,synthetic_augmented_from_open_clean,spelling,"[""frequent_error_exact"", ""pattern_шо_ше""]","[{""source"": ""шол"", ""replacement"": ""шел"", ""edit_type"": ""spelling_replace"", ""start"": 96, ""end"": 99, ""status"": ""proposed"", ""reason"": """", ""confidence"": 0.95, ""rule_id"": ""frequent_error_exact""}, {""source"": ""зашол"", ""replacement"": ""зашел"", ""edit_type"": ""spelling_replace"", ""start"": 94, ""end"": 99, ""status"": ""proposed"", ""reason"": """", ""confidence"": 0.94, ""rule_id"": ""pattern_шо_ше""}]","{""candidate_present"": true, ""candidate_rule_ids"": [""frequent_error_exact"", ""pattern_шо_ше""], ""carrier_sentence_hash"": ""e3cc45302e14f7efe2383645"", ""clean_hash"": ""656c3ca91fc22b8b019bab35ad7ff3e14e4f8d9d431c371b2b4edd0b9dd9e014"", ""error_bearing_span"": [96, 99], ""error_form"": ""шол"", ""generation_strategy"": ""corpus_opportunity"", ""license_status"": ""Nerus Lenta annotated corpus; verify terms before production."", ""normalized_pair_hash"": ""f24234f083c663b3c93261da9be2b3d410548e3850fd48667b74d9e10faf3f17"", ""original_clean_sentence"": ""Ранее 24 июля сообщалось, что в результате ракетного удара был сбит самолет «Сухого», который зашел на два километра вглубь воздушного пространства Израиля на севере страны."", ""rule_ids"": [""frequent_error_exact"", ""pattern_шо_ше""], ""sentence_id"": ""208974"", ""source_doc_id"": ""17647"", ""source_name"": ""nerus_news"", ""source_subcorpus"": ""nerus_lenta"", ""source_type"": ""synthetic_augmented_from_open_clean"", ""synthetic_source_dataset"": ""synthetic_open_corpus_hissing_o_e"", ""target_family"": ""frequent_error_exact"", ""target_form"": ""шел""}","Ранее 24 июля сообщалось, что в результате ракетного удара был сбит самолет «Сухого», который зашел на два километра вглубь воздушного пространства Израиля на севере страны.",nerus_news,nerus_lenta,False,False,f24234f083c663b3c93261da,f24234f083c663b3c93261da9be2b3d410548e3850fd48667b74d9e10faf3f17,"[""spelling""]",nerus_news,False,True,news,frequent_error_exact,"[{""source"": ""шол"", ""replacement"": ""шел"", ""edit_type"": ""spelling_replace"", ""start"": 96, ""end"": 99, ""status"": ""proposed"", ""reason"": """", ""confidence"": 0.95, ""rule_id"": ""frequent_error_exact""}, {""source"": ""зашол"", ""replacement"": ""зашел"", ""edit_type"": ""spelling_replace"", ""start"": 94, ""end"": 99, ""status"": ""proposed"", ""reason"": """", ""confidence"": 0.94, ""rule_id"": ""pattern_шо_ше""}]",rule:frequent_error_exact
"По его словам, проводятся мероприятия по эвакуации населения - в основном из дачных поселков, лагерей отдыха, а также по защите хозяйственных обьектов.","По его словам, проводятся мероприятия по эвакуации населения - в основном из дачных поселков, лагерей отдыха, а также по защите хозяйственных объектов.",train,synthetic_augmented_from_open_clean,spelling,"[""frequent_error_exact"", ""soft_to_hard_sign""]","[{""source"": ""обьект"", ""replacement"": ""объект"", ""edit_type"": ""spelling_replace"", ""start"": 142, ""end"": 148, ""status"": ""proposed"", ""reason"": """", ""confidence"": 0.95, ""rule_id"": ""frequent_error_exact""}, {""source"": ""обьектов"", ""replacement"": ""объектов"", ""edit_type"": ""spelling_replace"", ""start"": 142, ""end"": 150, ""status"": ""proposed"", ""reason"": """", ""confidence"": 0.95, ""rule_id"": ""soft_to_hard_sign""}]","{""candidate_present"": true, ""candidate_rule_ids"": [""frequent_error_exact"", ""soft_to_hard_sign""], ""carrier_sentence_hash"": ""73e98ad63987ea05decdbcee"", ""clean_hash"": ""83a8f98a98fc0d2924b52a9094a8720c8b87849d43e310c62f015455362fc5b2"", ""error_bearing_span"": [142, 148], ""error_form"": ""обьект"", ""generation_strategy"": ""corpus_opportunity"", ""license_status"": ""Open Lenta.ru news dataset; verify terms before production."", ""normalized_pair_hash"": ""ef5ac8e467c57a7c12ac47a9c0210e9b2ce5ded817962cb9f3312a4cba5f2963"", ""original_clean_sentence"": ""По его словам, проводятся мероприятия по эвакуации населения - в основном из дачных поселков, лагерей отдыха, а также по защите хозяйственных объектов."", ""rule_ids"": [""frequent_error_exact"", ""soft_to_hard_sign""], ""sentence_id"": ""30526:5"", ""source_doc_id"": ""https://lenta.ru/news/2001/07/09/shoigu/"", ""source_name"": ""lenta_news"", ""source_subcorpus"": ""Россия"", ""source_type"": ""synthetic_augmented_from_open_clean"", ""synthetic_source_dataset"": ""synthetic_open_corpus_hard_sign"", ""target_family"": ""frequent_error_exact"", ""target_form"": ""объект""}","По его словам, проводятся мероприятия по эвакуации населения - в основном из дачных поселков, лагерей отдыха, а также по защите хозяйственных объектов.",lenta_news,Россия,False,False,ef5ac8e467c57a7c12ac47a9,ef5ac8e467c57a7c12ac47a9c0210e9b2ce5ded817962cb9f3312a4cba5f2963,"[""spelling""]",lenta_news,False,True,news,frequent_error_exact,"[{""source"": ""обьект"", ""replacement"": ""объект"", ""edit_type"": ""spelling_replace"", ""start"": 142, ""end"": 148, ""status"": ""proposed"", ""reason"": """", ""confidence"": 0.95, ""rule_id"": ""frequent_error_exact""}, {""source"": ""обьектов"", ""replacement"": ""объектов"", ""edit_type"": ""spelling_replace"", ""start"": 142, ""end"": 150, ""status"": ""proposed"", ""reason"": """", ""confidence"": 0.95, ""rule_id"": ""soft_to_hard_sign""}]",rule:frequent_error_exact
"Иногда это делаеться осознанно (магия), иногда - неосознанно и просто по глупости (например игольница в форме человека или животного, в которую втыкают иголки).","Иногда это делается осознанно (магия), иногда - неосознанно и просто по глупости (например, игольница в форме человека или животного, в которую втыкают иголки).",train,synthetic_augmented_from_open_clean,punctuation,"[""frequent_error_exact"", ""tsya_soft_delete""]","[{""source"": ""делаеться"", ""replacement"": ""делается"", ""edit_type"": ""spelling_replace"", ""start"": 11, ""end"": 20, ""status"": ""proposed"", ""reason"": """", ""confidence"": 0.95, ""rule_id"": ""frequent_error_exact""}, {""source"": """", ""replacement"": "","", ""edit_type"": ""punctuation_insert"", ""start"": 91, ""end"": 91, ""status"": ""proposed"", ""reason"": """", ""confidence"": 0.85, ""rule_id"": ""tsya_soft_delete""}]","{""candidate_present"": true, ""candidate_rule_ids"": [""frequent_error_exact"", ""tsya_soft_delete""], ""carrier_sentence_hash"": ""f5f6fedb4afffd23f9bd3e8f"", ""clean_hash"": ""87a04fb49ca3d8fb66fc4762f33180bb139a01720e2a83119d5269ef9a23cc06"", ""error_bearing_span"": [11, 20], ""error_form"": ""делаеться"", ""generation_strategy"": ""corpus_opportunity"", ""license_status"": ""OpenCorpora annotated corpus; verify terms before production."", ""normalized_pair_hash"": ""6f2e8a3962262d2fe6185968e7e6e77828a3523212b80e45bd992139d227f98b"", ""original_clean_sentence"": ""Иногда это делается осознанно (магия), иногда - неосознанно и просто по глупости (например, игольница в форме человека или животного, в которую втыкают иголки)."", ""rule_ids"": [""frequent_error_exact"", ""tsya_soft_delete""], ""sentence_id"": ""60590"", ""source_doc_id"": """", ""source_name"": ""opencorpora"", ""source_subcorpus"": ""opencorpora"", ""source_type"": ""synthetic_augmented_from_open_clean"", ""synthetic_source_dataset"": ""synthetic_open_corpus_mixed"", ""target_family"": ""frequent_error_exact"", ""target_form"": ""делается""}","Иногда это делается осознанно (магия), иногда - неосознанно и просто по глупости (например, игольница в форме человека или животного, в которую втыкают иголки).",opencorpora,opencorpora,False,False,6f2e8a3962262d2fe6185968,6f2e8a3962262d2fe6185968e7e6e77828a3523212b80e45bd992139d227f98b,"[""punctuation"", ""spelling""]",opencorpora,False,True,mixed_nonfiction,frequent_error_exact,"[{""source"": ""делаеться"", ""replacement"": ""делается"", ""edit_type"": ""spelling_replace"", ""start"": 11, ""end"": 20, ""status"": ""proposed"", ""reason"": """", ""confidence"": 0.95, ""rule_id"": ""frequent_error_exact""}, {""source"": """", ""replacement"": "","", ""edit_type"": ""punctuation_insert"", ""start"": 91, ""end"": 91, ""status"": ""proposed"", ""reason"": """", ""confidence"": 0.85, ""rule_id"": ""tsya_soft_delete""}]",rule:frequent_error_exact
В Ереване 21 апреля прошол митинг сторонников присоединения Армении к союзу России и Белоруссии.,В Ереване 21 апреля прошел митинг сторонников присоединения Армении к союзу России и Белоруссии.,train,synthetic_augmented_from_open_clean,spelling,"[""frequent_error_exact"", ""pattern_шо_ше""]","[{""source"": ""шол"", ""replacement"": ""шел"", ""edit_type"": ""spelling_replace"", ""start"": 23, ""end"": 26, ""status"": ""proposed"", ""reason"": """", ""confidence"": 0.95, ""rule_id"": ""frequent_error_exact""}, {""source"": ""прошол"", ""replacement"": ""прошел"", ""edit_type"": ""spelling_replace"", ""start"": 20, ""end"": 26, ""status"": ""proposed"", ""reason"": """", ""confidence"": 0.94, ""rule_id"": ""pattern_шо_ше""}]","{""candidate_present"": true, ""candidate_rule_ids"": [""frequent_error_exact"", ""pattern_шо_ше""], ""carrier_sentence_hash"": ""565ac7aa6d45f5fba48dbc79"", ""clean_hash"": ""f74be17a0bcdd2e459bef8b403f840e4907df0578ada8630579c4d1cb6a3b67b"", ""error_bearing_span"": [23, 26], ""error_form"": ""шол"", ""generation_strategy"": ""corpus_opportunity"", ""license_status"": ""Open Lenta.ru news dataset; verify terms before production."", ""normalized_pair_hash"": ""460098ec1f7653adfd281fa4dfef70b953fd05cd592004416da1e3b10fccb544"", ""original_clean_sentence"": ""В Ереване 21 апреля прошел митинг сторонников присоединения Армении к союзу России и Белоруссии."", ""rule_ids"": [""frequent_error_exact"", ""pattern_шо_ше""], ""sentence_id"": ""6832:1"", ""source_doc_id"": ""https://lenta.ru/news/2000/04/21/erevan/"", ""source_name"": ""lenta_news"", ""source_subcorpus"": ""Мир"", ""source_type"": ""synthetic_augmented_from_open_clean"", ""synthetic_source_dataset"": ""synthetic_open_corpus_hissing_o_e"", ""target_family"": ""frequent_error_exact"", ""target_form"": ""шел""}",В Ереване 21 апреля прошел митинг сторонников присоединения Армении к союзу России и Белоруссии.,lenta_news,Мир,False,False,460098ec1f7653adfd281fa4,460098ec1f7653adfd281fa4dfef70b953fd05cd592004416da1e3b10fccb544,"[""spelling""]",lenta_news,False,True,news,frequent_error_exact,"[{""source"": ""шол"", ""replacement"": ""шел"", ""edit_type"": ""spelling_replace"", ""start"": 23, ""end"": 26, ""status"": ""proposed"", ""reason"": """", ""confidence"": 0.95, ""rule_id"": ""frequent_error_exact""}, {""source"": ""прошол"", ""replacement"": ""прошел"", ""edit_type"": ""spelling_replace"", ""start"": 20, ""end"": 26, ""status"": ""proposed"", ""reason"": """", ""confidence"": 0.94, ""rule_id"": ""pattern_шо_ше""}]",rule:frequent_error_exact
"В июле эксперты индустрии путешествий составили список советов, которые помогут туристам зделать перелет и пребывание в аэропорту комфортным, а также избежать неприятных последствий.","В июле эксперты индустрии путешествий составили список советов, которые помогут туристам сделать перелет и пребывание в аэропорту комфортным, а также избежать неприятных последствий.",train,synthetic_augmented_from_open_clean,spelling,"[""frequent_error_exact""]","[{""source"": ""зделать"", ""replacement"": ""сделать"", ""edit_type"": ""spelling_replace"", ""start"": 89, ""end"": 96, ""status"": ""proposed"", ""reason"": """", ""confidence"": 0.95, ""rule_id"": ""frequent_error_exact""}]","{""candidate_present"": true, ""candidate_rule_ids"": [""frequent_error_exact""], ""carrier_sentence_hash"": ""71fe70564afec930f4779f55"", ""clean_hash"": ""5b1f967da49ee83d94ad67467eb3cf510d0dd2a136737eaecd7468f3331a6f4f"", ""error_bearing_span"": [89, 96], ""error_form"": ""зделать"", ""generation_strategy"": ""corpus_opportunity"", ""license_status"": ""Nerus Lenta annotated corpus; verify terms before production."", ""normalized_pair_hash"": ""ad6793553fc27c1229596e84bc759d91977538b43ea0fecb992b66a21e4a600f"", ""original_clean_sentence"": ""В июле эксперты индустрии путешествий составили список советов, которые помогут туристам сделать перелет и пребывание в аэропорту комфортным, а также избежать неприятных последствий."", ""rule_ids"": [""frequent_error_exact""], ""sentence_id"": ""48917"", ""source_doc_id"": ""4134"", ""source_name"": ""nerus_news"", ""source_subcorpus"": ""nerus_lenta"", ""source_type"": ""synthetic_augmented_from_open_clean"", ""synthetic_source_dataset"": ""synthetic_open_corpus_prefix_z_s"", ""target_family"": ""frequent_error_exact"", ""target_form"": ""сделать""}","В июле эксперты индустрии путешествий составили список советов, которые помогут туристам сделать перелет и пребывание в аэропорту комфортным, а также избежать неприятных последствий.",nerus_news,nerus_lenta,False,False,ad6793553fc27c1229596e84,ad6793553fc27c1229596e84bc759d91977538b43ea0fecb992b66a21e4a600f,"[""spelling""]",nerus_news,False,True,news,frequent_error_exact,"[{""source"": ""зделать"", ""replacement"": ""сделать"", ""edit_type"": ""spelling_replace"", ""start"": 89, ""end"": 96, ""status"": ""proposed"", ""reason"": """", ""confidence"": 0.95, ""rule_id"": ""frequent_error_exact""}]",rule:frequent_error_exact
"В результате взрыва произошол пожар, при этом высота огненного факела достигала 30 метров.","В результате взрыва произошел пожар, при этом высота огненного факела достигала 30 метров.",train,synthetic_augmented_from_open_clean,spelling,"[""frequent_error_exact""]","[{""source"": ""шол"", ""replacement"": ""шел"", ""edit_type"": ""spelling_replace"", ""start"": 26, ""end"": 29, ""status"": ""proposed"", ""reason"": """", ""confidence"": 0.95, ""rule_id"": ""frequent_error_exact""}, {""source"": ""произошол"", ""replacement"": ""произошел"", ""edit_type"": ""spelling_replace"", ""start"": 20, ""end"": 29, ""status"": ""proposed"", ""reason"": """", ""confidence"": 0.95, ""rule_id"": ""frequent_error_exact""}]","{""candidate_present"": true, ""candidate_rule_ids"": [""frequent_error_exact""], ""carrier_sentence_hash"": ""06a214e65fdfdcf21d02eb26"", ""clean_hash"": ""bb7580df5322f1f037661cd0209c5c1dba813c90b6d35f55e45f82cedd5cfdf9"", ""error_bearing_span"": [26, 29], ""error_form"": ""шол"", ""generation_strategy"": ""corpus_opportunity"", ""license_status"": ""Open Lenta.ru news dataset; verify terms before production."", ""normalized_pair_hash"": ""2407ac5fb4383234e494985e40adb417e8d938f1fb57776fe2e31cc30f3b0804"", ""original_clean_sentence"": ""В результате взрыва произошел пожар, при этом высота огненного факела достигала 30 метров."", ""rule_ids"": [""frequent_error_exact""], ""sentence_id"": ""16136:2"", ""source_doc_id"": ""https://lenta.ru/news/2000/11/09/pipeline/"", ""source_name"": ""lenta_news"", ""source_subcorpus"": ""Россия"", ""source_type"": ""synthetic_augmented_from_open_clean"", ""synthetic_source_dataset"": ""synthetic_open_corpus_hissing_o_e"", ""target_family"": ""frequent_error_exact"", ""target_form"": ""шел""}","В результате взрыва произошел пожар, при этом высота огненного факела достигала 30 метров.",lenta_news,Россия,False,False,2407ac5fb4383234e494985e,2407ac5fb4383234e494985e40adb417e8d938f1fb57776fe2e31cc30f3b0804,"[""spelling""]",lenta_news,False,True,news,frequent_error_exact,"[{""source"": ""шол"", ""replacement"": ""шел"", ""edit_type"": ""spelling_replace"", ""start"": 26, ""end"": 29, ""status"": ""proposed"", ""reason"": """", ""confidence"": 0.95, ""rule_id"": ""frequent_error_exact""}, {""source"": ""произошол"", ""replacement"": ""произошел"", ""edit_type"": ""spelling_replace"", ""start"": 20, ""end"": 29, ""status"": ""proposed"", ""reason"": """", ""confidence"": 0.95, ""rule_id"": ""frequent_error_exact""}]",rule:frequent_error_exact
"Чиновник сообщил что во время проведения массовых спортивных мероприятий на териториях, где было объявлено военное положение, усилят меры безопасности.","Чиновник сообщил, что во время проведения массовых спортивных мероприятий на территориях, где было объявлено военное положение, усилят меры безопасности.",train,synthetic_augmented_from_open_clean,punctuation,"[""frequent_error_exact"", ""dictionary_fuzzy""]","[{""source"": ""територия"", ""replacement"": ""территория"", ""edit_type"": ""spelling_replace"", ""start"": 76, ""end"": 85, ""status"": ""proposed"", ""reason"": """", ""confidence"": 0.95, ""rule_id"": ""frequent_error_exact""}, {""source"": """", ""replacement"": "","", ""edit_type"": ""punctuation_insert"", ""start"": 16, ""end"": 16, ""status"": ""proposed"", ""reason"": """", ""confidence"": 0.85, ""rule_id"": ""dictionary_fuzzy""}]","{""candidate_present"": true, ""candidate_rule_ids"": [""dictionary_fuzzy"", ""frequent_error_exact""], ""carrier_sentence_hash"": ""a941a69a3db0f47a0e322ffc"", ""clean_hash"": ""6f5317b09a056c5afe0f9e5cd5df82713d3c7fa3ff4b835237c58e139f255393"", ""error_bearing_span"": [76, 85], ""error_form"": ""територия"", ""generation_strategy"": ""corpus_opportunity"", ""license_status"": ""Nerus Lenta annotated corpus; verify terms before production."", ""normalized_pair_hash"": ""0654caf741c4d829c0b4c9c6a560c29bf506175eaaeb478d4f36913ce35eb710"", ""original_clean_sentence"": ""Чиновник сообщил, что во время проведения массовых спортивных мероприятий на территориях, где было объявлено военное положение, усилят меры безопасности."", ""rule_ids"": [""frequent_error_exact"", ""dictionary_fuzzy""], ""sentence_id"": ""30348"", ""source_doc_id"": ""2566"", ""source_name"": ""nerus_news"", ""source_subcorpus"": ""nerus_lenta"", ""source_type"": ""synthetic_augmented_from_open_clean"", ""synthetic_source_dataset"": ""synthetic_open_corpus_mixed"", ""target_family"": ""frequent_error_exact"", ""target_form"": ""территория""}","Чиновник сообщил, что во время проведения массовых спортивных мероприятий на территориях, где было объявлено военное положение, усилят меры безопасности.",nerus_news,nerus_lenta,False,False,0654caf741c4d829c0b4c9c6,0654caf741c4d829c0b4c9c6a560c29bf506175eaaeb478d4f36913ce35eb710,"[""punctuation"", ""spelling""]",nerus_news,False,True,news,frequent_error_exact,"[{""source"": ""територия"", ""replacement"": ""территория"", ""edit_type"": ""spelling_replace"", ""start"": 76, ""end"": 85, ""status"": ""proposed"", ""reason"": """", ""confidence"": 0.95, ""rule_id"": ""frequent_error_exact""}, {""source"": """", ""replacement"": "","", ""edit_type"": ""punctuation_insert"", ""start"": 16, ""end"": 16, ""status"": ""proposed"", ""reason"": """", ""confidence"": 0.85, ""rule_id"": ""dictionary_fuzzy""}]",rule:frequent_error_exact
"Через 10 шагов история повторилась, но уже с дургим человеком и тут до меня дошло, вообщем мелочь, а приятно, раз пять я так наверное на ВДНХ и здоровалась.",Через 10 шагов история повторилась но уже с другим человеком и тут до меня дошло в общем мелочь а приятно раз пять я так наверное на ВДНХ и здоровалась,train,real_error_pair,split_join,"[""frequent_error_exact"", ""swapped_letters_candidate""]","[{""source"": ""вообщем"", ""replacement"": ""в общем"", ""edit_type"": ""split_word"", ""start"": 83, ""end"": 90, ""status"": ""proposed"", ""reason"": """", ""confidence"": 0.95, ""rule_id"": ""frequent_error_exact""}, {""source"": ""дургим"", ""replacement"": ""другим"", ""edit_type"": ""spelling_replace"", ""start"": 45, ""end"": 51, ""status"": ""proposed"", ""reason"": """", ""confidence"": 0.91, ""rule_id"": ""swapped_letters_candidate""}, {""source"": "","", ""replacement"": """", ""edit_type"": ""punctuation_delete"", ""start"": 34, ""end"": 35, ""status"": ""proposed"", ""reason"": """", ""confidence"": 0.85, ""rule_id"": """"}, {""source"": "","", ""replacement"": """", ""edit_type"": ""punctuation_delete"", ""start"": 81, ""end"": 82, ""status"": ""proposed"", ""reason"": """", ""confidence"": 0.85, ""rule_id"": """"}, {""source"": "","", ""replacement"": """", ""edit_type"": ""punctuation_delete"", ""start"": 97, ""end"": 98, ""status"": ""proposed"", ""reason"": """", ""confidence"": 0.85, ""rule_id"": """"}, {""source"": "","", ""replacement"": """", ""edit_type"": ""punctuation_delete"", ""start"": 108, ""end"": 109, ""status"": ""proposed"", ""reason"": """", ""confidence"": 0.85, ""rule_id"": """"}, {""source"": ""."", ""replacement"": """", ""edit_type"": ""punctuation_delete"", ""start"": 155, ""end"": 156, ""status"": ""proposed"", ""reason"": """", ""confidence"": 0.85, ""rule_id"": """"}]","{""candidate_present"": true, ""generation_strategy"": ""real_pair"", ""loader_dataset"": ""RUSpellRU"", ""raw_id"": ""train.json:1713"", ""rule_ids"": [""frequent_error_exact"", ""swapped_letters_candidate""], ""source_dataset"": ""sage_ruspellru"", ""source_type"": ""real_error_pair"", ""split"": ""train""}",,sage_ruspellru,,False,True,7f0c6fe2de1d9a43cbe15f5e,7f0c6fe2de1d9a43cbe15f5efa3bc91c3ee749921d5482cf19c469c7a99816c3,"[""punctuation"", ""spelling"", ""split_join""]",sage_ruspellru,False,False,RUSpellRU,frequent_error_exact,"[{""source"": ""вообщем"", ""replacement"": ""в общем"", ""edit_type"": ""split_word"", ""start"": 83, ""end"": 90, ""status"": ""proposed"", ""reason"": """", ""confidence"": 0.95, ""rule_id"": ""frequent_error_exact""}, {""source"": ""дургим"", ""replacement"": ""другим"", ""edit_type"": ""spelling_replace"", ""start"": 45, ""end"": 51, ""status"": ""proposed"", ""reason"": """", ""confidence"": 0.91, ""rule_id"": ""swapped_letters_candidate""}, {""source"": "","", ""replacement"": """", ""edit_type"": ""punctuation_delete"", ""start"": 34, ""end"": 35, ""status"": ""proposed"", ""reason"": """", ""confidence"": 0.85, ""rule_id"": """"}, {""source"": "","", ""replacement"": """", ""edit_type"": ""punctuation_delete"", ""start"": 81, ""end"": 82, ""status"": ""proposed"", ""reason"": """", ""confidence"": 0.85, ""rule_id"": """"}, {""source"": "","", ""replacement"": """", ""edit_type"": ""punctuation_delete"", ""start"": 97, ""end"": 98, ""status"": ""proposed"", ""reason"": """", ""confidence"": 0.85, ""rule_id"": """"}, {""source"": "","", ""replacement"": """", ""edit_type"": ""punctuation_delete"", ""start"": 108, ""end"": 109, ""status"": ""proposed"", ""reason"": """", ""confidence"": 0.85, ""rule_id"": """"}, {""source"": ""."", ""replacement"": """", ""edit_type"": ""punctuation_delete"", ""start"": 155, ""end"": 156, ""status"": ""proposed"", ""reason"": """", ""confidence"": 0.85, ""rule_id"": """"}]",rule:frequent_error_exact
"Так что наслаждайтесь жызнью и будьте счястливы», — заявил спортсмен.","Так что наслаждайтесь жизнью и будьте счастливы», — заявил спортсмен.",train,synthetic_augmented_from_open_clean,spelling,"[""frequent_error_exact"", ""pattern_жы_жи"", ""pattern_чя_ча""]","[{""source"": ""жызнь"", ""replacement"": ""жизнь"", ""edit_type"": ""spelling_replace"", ""start"": 22, ""end"": 27, ""status"": ""proposed"", ""reason"": """", ""confidence"": 0.95, ""rule_id"": ""frequent_error_exact""}, {""source"": ""жызнью"", ""replacement"": ""жизнью"", ""edit_type"": ""spelling_replace"", ""start"": 22, ""end"": 28, ""status"": ""proposed"", ""reason"": """", ""confidence"": 0.94, ""rule_id"": ""pattern_жы_жи""}, {""source"": ""счястливы"", ""replacement"": ""счастливы"", ""edit_type"": ""spelling_replace"", ""start"": 38, ""end"": 47, ""status"": ""proposed"", ""reason"": """", ""confidence"": 0.94, ""rule_id"": ""pattern_чя_ча""}]","{""candidate_present"": true, ""candidate_rule_ids"": [""frequent_error_exact"", ""pattern_жы_жи"", ""pattern_чя_ча""], ""carrier_sentence_hash"": ""f3f9f514082b41dfeb0fb3ef"", ""clean_hash"": ""bf4ec66b021471b3aec5813315e0ccbb8294186dc5f1a6131bf43191b576f1f4"", ""error_bearing_span"": [22, 27], ""error_form"": ""жызнь"", ""generation_strategy"": ""corpus_opportunity"", ""license_status"": ""Nerus Lenta annotated corpus; verify terms before production."", ""normalized_pair_hash"": ""f3f5a8969c61a1a6f3b52a3e2a4c5a63e9bc20d6e37418b170d4a7709645857a"", ""original_clean_sentence"": ""Так что наслаждайтесь жизнью и будьте счастливы», — заявил спортсмен."", ""rule_ids"": [""frequent_error_exact"", ""pattern_жы_жи"", ""pattern_чя_ча""], ""sentence_id"": ""129290"", ""source_doc_id"": ""10847"", ""source_name"": ""nerus_news"", ""source_subcorpus"": ""nerus_lenta"", ""source_type"": ""synthetic_augmented_from_open_clean"", ""synthetic_source_dataset"": ""synthetic_open_corpus_combo"", ""target_family"": ""frequent_error_exact"", ""target_form"": ""жизнь""}","Так что наслаждайтесь жизнью и будьте счастливы», — заявил спортсмен.",nerus_news,nerus_lenta,False,False,f3f5a8969c61a1a6f3b52a3e,f3f5a8969c61a1a6f3b52a3e2a4c5a63e9bc20d6e37418b170d4a7709645857a,"[""spelling""]",nerus_news,False,True,news,frequent_error_exact,"[{""source"": ""жызнь"", ""replacement"": ""жизнь"", ""edit_type"": ""spelling_replace"", ""start"": 22, ""end"": 27, ""status"": ""proposed"", ""reason"": """", ""confidence"": 0.95, ""rule_id"": ""frequent_error_exact""}, {""source"": ""жызнью"", ""replacement"": ""жизнью"", ""edit_type"": ""spelling_replace"", ""start"": 22, ""end"": 28, ""status"": ""proposed"", ""reason"": """", ""confidence"": 0.94, ""rule_id"": ""pattern_жы_жи""}, {""source"": ""счястливы"", ""replacement"": ""счастливы"", ""edit_type"": ""spelling_replace"", ""start"": 38, ""end"": 47, ""status"": ""proposed"", ""reason"": """", ""confidence"": 0.94, ""rule_id"": ""pattern_чя_ча""}]",rule:frequent_error_exact
"Инцыдент произошол в штате Саравак во вторник, 11 декабря.","Инцидент произошел в штате Саравак во вторник, 11 декабря.",train,synthetic_augmented_from_open_clean,spelling,"[""frequent_error_exact""]","[{""source"": ""шол"", ""replacement"": ""шел"", ""edit_type"": ""spelling_replace"", ""start"": 15, ""end"": 18, ""status"": ""proposed"", ""reason"": """", ""confidence"": 0.95, ""rule_id"": ""frequent_error_exact""}, {""source"": ""произошол"", ""replacement"": ""произошел"", ""edit_type"": ""spelling_replace"", ""start"": 9, ""end"": 18, ""status"": ""proposed"", ""reason"": """", ""confidence"": 0.95, ""rule_id"": ""frequent_error_exact""}]","{""candidate_present"": true, ""candidate_rule_ids"": [""frequent_error_exact""], ""carrier_sentence_hash"": ""61915676e5006e685372fbc8"", ""clean_hash"": ""4297ffbfacac20d0fb43d9b853ea35a51462c677901157e2c93918259859112f"", ""error_bearing_span"": [15, 18], ""error_form"": ""шол"", ""generation_strategy"": ""corpus_opportunity"", ""license_status"": ""Nerus Lenta annotated corpus; verify terms before production."", ""normalized_pair_hash"": ""6d5c5f3e808db3361bfda3deb5ebc6a68661051b5310446ffb644956e709c86e"", ""original_clean_sentence"": ""Инцидент произошел в штате Саравак во вторник, 11 декабря."", ""rule_ids"": [""frequent_error_exact""], ""sentence_id"": ""5402"", ""source_doc_id"": ""460"", ""source_name"": ""nerus_news"", ""source_subcorpus"": ""nerus_lenta"", ""source_type"": ""synthetic_augmented_from_open_clean"", ""synthetic_source_dataset"": ""synthetic_open_corpus_mixed"", ""target_family"": ""frequent_error_exact"", ""target_form"": ""шел""}","Инцидент произошел в штате Саравак во вторник, 11 декабря.",nerus_news,nerus_lenta,False,False,6d5c5f3e808db3361bfda3de,6d5c5f3e808db3361bfda3deb5ebc6a68661051b5310446ffb644956e709c86e,"[""spelling""]",nerus_news,False,True,news,frequent_error_exact,"[{""source"": ""шол"", ""replacement"": ""шел"", ""edit_type"": ""spelling_replace"", ""start"": 15, ""end"": 18, ""status"": ""proposed"", ""reason"": """", ""confidence"": 0.95, ""rule_id"": ""frequent_error_exact""}, {""source"": ""произошол"", ""replacement"": ""произошел"", ""edit_type"": ""spelling_replace"", ""start"": 9, ""end"": 18, ""status"": ""proposed"", ""reason"": """", ""confidence"": 0.95, ""rule_id"": ""frequent_error_exact""}]",rule:frequent_error_exact
"Причем судя по результатам осмотра корпуса, анализа подводной видеосъемки и сложных научно-технических и криминалистических экспертиз, второй взрыв произошол до столкновения «Курска» с грунтом.","Причем судя по результатам осмотра корпуса, анализа подводной видеосъемки и сложных научно-технических и криминалистических экспертиз, второй взрыв произошел до столкновения «Курска» с грунтом.",train,synthetic_augmented_from_open_clean,spelling,"[""frequent_error_exact""]","[{""source"": ""шол"", ""replacement"": ""шел"", ""edit_type"": ""spelling_replace"", ""start"": 154, ""end"": 157, ""status"": ""proposed"", ""reason"": """", ""confidence"": 0.95, ""rule_id"": ""frequent_error_exact""}, {""source"": ""произошол"", ""replacement"": ""произошел"", ""edit_type"": ""spelling_replace"", ""start"": 148, ""end"": 157, ""status"": ""proposed"", ""reason"": """", ""confidence"": 0.95, ""rule_id"": ""frequent_error_exact""}]","{""candidate_present"": true, ""candidate_rule_ids"": [""frequent_error_exact""], ""carrier_sentence_hash"": ""8f032dd202b4c25d2bb8bfde"", ""clean_hash"": ""ef67bc1395e55de884e745c220dcc76f732e34c989628f21ffd1af48cf404d02"", ""error_bearing_span"": [154, 157], ""error_form"": ""шол"", ""generation_strategy"": ""corpus_opportunity"", ""license_status"": ""Open Lenta.ru news dataset; verify terms before production."", ""normalized_pair_hash"": ""d6d4e1fc4539f9054d12202880f5039a0435fbb702e39ad24bb42566d0b6bca4"", ""original_clean_sentence"": ""Причем судя по результатам осмотра корпуса, анализа подводной видеосъемки и сложных научно-технических и криминалистических экспертиз, второй взрыв произошел до столкновения «Курска» с грунтом."", ""rule_ids"": [""frequent_error_exact""], ""sentence_id"": ""21924:6"", ""source_doc_id"": ""https://lenta.ru/news/2001/02/16/kursk/"", ""source_name"": ""lenta_news"", ""source_subcorpus"": ""Россия"", ""source_type"": ""synthetic_augmented_from_open_clean"", ""synthetic_source_dataset"": ""synthetic_open_corpus_hissing_o_e"", ""target_family"": ""frequent_error_exact"", ""target_form"": ""шел""}","Причем судя по результатам осмотра корпуса, анализа подводной видеосъемки и сложных научно-технических и криминалистических экспертиз, второй взрыв произошел до столкновения «Курска» с грунтом.",lenta_news,Россия,False,False,d6d4e1fc4539f9054d122028,d6d4e1fc4539f9054d12202880f5039a0435fbb702e39ad24bb42566d0b6bca4,"[""spelling""]",lenta_news,False,True,news,frequent_error_exact,"[{""source"": ""шол"", ""replacement"": ""шел"", ""edit_type"": ""spelling_replace"", ""start"": 154, ""end"": 157, ""status"": ""proposed"", ""reason"": """", ""confidence"": 0.95, ""rule_id"": ""frequent_error_exact""}, {""source"": ""произошол"", ""replacement"": ""произошел"", ""edit_type"": ""spelling_replace"", ""start"": 148, ""end"": 157, ""status"": ""proposed"", ""reason"": """", ""confidence"": 0.95, ""rule_id"": ""frequent_error_exact""}]",rule:frequent_error_exact
"Я смело шол на разборку с любым, понимая что в случае чего за мной целая футбольная команда, каждый из членов которой при необходимости сделает отбивную из моего обидчика и его дружков.","Я смело шел на разборку с любым, понимая, что в случае чего за мной целая футбольная команда, каждый из членов которой при необходимости сделает отбивную из моего обидчика и его дружков.",train,synthetic_augmented_from_open_clean,punctuation,"[""frequent_error_exact"", ""pattern_шо_ше""]","[{""source"": ""шол"", ""replacement"": ""шел"", ""edit_type"": ""spelling_replace"", ""start"": 8, ""end"": 11, ""status"": ""proposed"", ""reason"": """", ""confidence"": 0.95, ""rule_id"": ""frequent_error_exact""}, {""source"": """", ""replacement"": "","", ""edit_type"": ""punctuation_insert"", ""start"": 40, ""end"": 40, ""status"": ""proposed"", ""reason"": """", ""confidence"": 0.85, ""rule_id"": ""pattern_шо_ше""}]","{""candidate_present"": true, ""candidate_rule_ids"": [""frequent_error_exact"", ""pattern_шо_ше""], ""carrier_sentence_hash"": ""e888aadf87c9a346a1d1140e"", ""clean_hash"": ""8c3fcd3d90883a52a6d0cf61e8068afdc443028782da63954c279c45ebd49cb5"", ""error_bearing_span"": [8, 11], ""error_form"": ""шол"", ""generation_strategy"": ""corpus_opportunity"", ""license_status"": ""Nerus Lenta annotated corpus; verify terms before production."", ""normalized_pair_hash"": ""bad62f44ac87ca6c7064265b6862d9517a5aa9b3d5d2e9342622cb547dfa8a20"", ""original_clean_sentence"": ""Я смело шел на разборку с любым, понимая, что в случае чего за мной целая футбольная команда, каждый из членов которой при необходимости сделает отбивную из моего обидчика и его дружков."", ""rule_ids"": [""frequent_error_exact"", ""pattern_шо_ше""], ""sentence_id"": ""24516"", ""source_doc_id"": ""2085"", ""source_name"": ""nerus_news"", ""source_subcorpus"": ""nerus_lenta"", ""source_type"": ""synthetic_augmented_from_open_clean"", ""synthetic_source_dataset"": ""synthetic_open_corpus_mixed"", ""target_family"": ""frequent_error_exact"", ""target_form"": ""шел""}","Я смело шел на разборку с любым, понимая, что в случае чего за мной целая футбольная команда, каждый из членов которой при необходимости сделает отбивную из моего обидчика и его дружков.",nerus_news,nerus_lenta,False,False,bad62f44ac87ca6c7064265b,bad62f44ac87ca6c7064265b6862d9517a5aa9b3d5d2e9342622cb547dfa8a20,"[""punctuation"", ""spelling""]",nerus_news,False,True,news,frequent_error_exact,"[{""source"": ""шол"", ""replacement"": ""шел"", ""edit_type"": ""spelling_replace"", ""start"": 8, ""end"": 11, ""status"": ""proposed"", ""reason"": """", ""confidence"": 0.95, ""rule_id"": ""frequent_error_exact""}, {""source"": """", ""replacement"": "","", ""edit_type"": ""punctuation_insert"", ""start"": 40, ""end"": 40, ""status"": ""proposed"", ""reason"": """", ""confidence"": 0.85, ""rule_id"": ""pattern_шо_ше""}]",rule:frequent_error_exact
незнаю как у них это получилось но факт!,не знаю как у них это получилось но факт,train,real_error_pair,split_join,"[""frequent_error_exact""]","[{""source"": ""незнаю"", ""replacement"": ""не знаю"", ""edit_type"": ""split_word"", ""start"": 0, ""end"": 6, ""status"": ""proposed"", ""reason"": """", ""confidence"": 0.95, ""rule_id"": ""frequent_error_exact""}, {""source"": ""!"", ""replacement"": """", ""edit_type"": ""punctuation_delete"", ""start"": 39, ""end"": 40, ""status"": ""proposed"", ""reason"": """", ""confidence"": 0.85, ""rule_id"": """"}]","{""candidate_present"": true, ""generation_strategy"": ""real_pair"", ""loader_dataset"": ""RUSpellRU"", ""raw_id"": ""train.json:846"", ""rule_ids"": [""frequent_error_exact""], ""source_dataset"": ""sage_ruspellru"", ""source_type"": ""real_error_pair"", ""split"": ""train""}",,sage_ruspellru,,False,True,1bff5bb35e2c8bba40816843,1bff5bb35e2c8bba4081684304d8f628c0f7cdba3f4813b5ce5ae97185d015c1,"[""punctuation"", ""split_join""]",sage_ruspellru,False,False,RUSpellRU,frequent_error_exact,"[{""source"": ""незнаю"", ""replacement"": ""не знаю"", ""edit_type"": ""split_word"", ""start"": 0, ""end"": 6, ""status"": ""proposed"", ""reason"": """", ""confidence"": 0.95, ""rule_id"": ""frequent_error_exact""}, {""source"": ""!"", ""replacement"": """", ""edit_type"": ""punctuation_delete"", ""start"": 39, ""end"": 40, ""status"": ""proposed"", ""reason"": """", ""confidence"": 0.85, ""rule_id"": """"}]",rule:frequent_error_exact
"Я незнаю, в семье ли их так воспитали или это такой интеллигентский вывих нравственный», — сказал литератор.","Я не знаю, в семье ли их так воспитали или это такой интеллигентский вывих нравственный», — сказал литератор.",train,synthetic_augmented_from_open_clean,split_join,"[""frequent_error_exact""]","[{""source"": ""незнаю"", ""replacement"": ""не знаю"", ""edit_type"": ""split_word"", ""start"": 2, ""end"": 8, ""status"": ""proposed"", ""reason"": """", ""confidence"": 0.95, ""rule_id"": ""frequent_error_exact""}]","{""candidate_present"": true, ""candidate_rule_ids"": [""frequent_error_exact""], ""carrier_sentence_hash"": ""c92519d4a3295c0f4b575d92"", ""clean_hash"": ""b121172f63a0613db9207ff59c03b96d556180efaf9ef0ef59863580f758eb1c"", ""error_bearing_span"": [2, 8], ""error_form"": ""незнаю"", ""generation_strategy"": ""corpus_opportunity"", ""license_status"": ""Nerus Lenta annotated corpus; verify terms before production."", ""normalized_pair_hash"": ""f1ac7e550e2957b3c1a113e08b87bc5adbff98ecc16180c01ed62b57d8aac720"", ""original_clean_sentence"": ""Я не знаю, в семье ли их так воспитали или это такой интеллигентский вывих нравственный», — сказал литератор."", ""rule_ids"": [""frequent_error_exact""], ""sentence_id"": ""252512"", ""source_doc_id"": ""21449.0"", ""source_name"": ""nerus_news"", ""source_subcorpus"": ""nerus_lenta"", ""source_type"": ""synthetic_augmented_from_open_clean"", ""synthetic_source_dataset"": ""synthetic_open_corpus_ne_verb"", ""target_family"": ""frequent_error_exact"", ""target_form"": ""не знаю""}","Я не знаю, в семье ли их так воспитали или это такой интеллигентский вывих нравственный», — сказал литератор.",nerus_news,nerus_lenta,False,False,f1ac7e550e2957b3c1a113e0,f1ac7e550e2957b3c1a113e08b87bc5adbff98ecc16180c01ed62b57d8aac720,"[""split_join""]",nerus_news,False,True,news,frequent_error_exact,"[{""source"": ""незнаю"", ""replacement"": ""не знаю"", ""edit_type"": ""split_word"", ""start"": 2, ""end"": 8, ""status"": ""proposed"", ""reason"": """", ""confidence"": 0.95, ""rule_id"": ""frequent_error_exact""}]",rule:frequent_error_exact
"И вот это "" важное "" можно было бы проредить но не хочеться.","И вот это "" важное "" можно было бы проредить, но не хочется.",train,synthetic_augmented_from_open_clean,punctuation,"[""frequent_error_exact"", ""tsya_soft_delete""]","[{""source"": ""хочеться"", ""replacement"": ""хочется"", ""edit_type"": ""spelling_replace"", ""start"": 51, ""end"": 59, ""status"": ""proposed"", ""reason"": """", ""confidence"": 0.95, ""rule_id"": ""frequent_error_exact""}, {""source"": """", ""replacement"": "","", ""edit_type"": ""punctuation_insert"", ""start"": 44, ""end"": 44, ""status"": ""proposed"", ""reason"": """", ""confidence"": 0.85, ""rule_id"": ""tsya_soft_delete""}]","{""candidate_present"": true, ""candidate_rule_ids"": [""frequent_error_exact"", ""tsya_soft_delete""], ""carrier_sentence_hash"": ""b734aec98a23868fcda3f379"", ""clean_hash"": ""b7f81477faacef087c2a131950d86e0ff957539eca5e80040d9cb87b6d24e83e"", ""error_bearing_span"": [51, 59], ""error_form"": ""хочеться"", ""generation_strategy"": ""corpus_opportunity"", ""license_status"": ""OpenCorpora annotated corpus; verify terms before production."", ""normalized_pair_hash"": ""cce2e8210d34c13db14f39943172f28cb55084fcb62796ddd2d3badf39804239"", ""original_clean_sentence"": ""И вот это \"" важное \"" можно было бы проредить, но не хочется."", ""rule_ids"": [""frequent_error_exact"", ""tsya_soft_delete""], ""sentence_id"": ""69778"", ""source_doc_id"": """", ""source_name"": ""opencorpora"", ""source_subcorpus"": ""opencorpora"", ""source_type"": ""synthetic_augmented_from_open_clean"", ""synthetic_source_dataset"": ""synthetic_open_corpus_mixed"", ""target_family"": ""frequent_error_exact"", ""target_form"": ""хочется""}","И вот это "" важное "" можно было бы проредить, но не хочется.",opencorpora,opencorpora,False,False,cce2e8210d34c13db14f3994,cce2e8210d34c13db14f39943172f28cb55084fcb62796ddd2d3badf39804239,"[""punctuation"", ""spelling""]",opencorpora,False,True,mixed_nonfiction,frequent_error_exact,"[{""source"": ""хочеться"", ""replacement"": ""хочется"", ""edit_type"": ""spelling_replace"", ""start"": 51, ""end"": 59, ""status"": ""proposed"", ""reason"": """", ""confidence"": 0.95, ""rule_id"": ""frequent_error_exact""}, {""source"": """", ""replacement"": "","", ""edit_type"": ""punctuation_insert"", ""start"": 44, ""end"": 44, ""status"": ""proposed"", ""reason"": """", ""confidence"": 0.85, ""rule_id"": ""tsya_soft_delete""}]",rule:frequent_error_exact
"Вообщем, возникновение конденсата на откосах и стеклах в прохладное время года приводит к замерзанию - это полностью разумно.","В общем, возникновение конденсата на откосах и стеклах в прохладное время года приводит к замерзанию - это полностью разумно.",train,real_error_pair,split_join,"[""frequent_error_exact""]","[{""source"": ""Вообщем"", ""replacement"": ""в общем"", ""edit_type"": ""split_word"", ""start"": 0, ""end"": 7, ""status"": ""proposed"", ""reason"": """", ""confidence"": 0.95, ""rule_id"": ""frequent_error_exact""}, {""source"": ""Вообщем"", ""replacement"": ""В общем"", ""edit_type"": ""split_word"", ""start"": 0, ""end"": 7, ""status"": ""proposed"", ""reason"": """", ""confidence"": 0.95, ""rule_id"": ""frequent_error_exact""}]","{""candidate_present"": true, ""generation_strategy"": ""real_pair"", ""loader_dataset"": ""MultidomainGold"", ""raw_id"": ""test.json:570"", ""rule_ids"": [""frequent_error_exact""], ""source_dataset"": ""sage_multidomain_gold"", ""source_type"": ""real_error_pair"", ""split"": ""test""}",,sage_multidomain_gold,,False,True,59e85ac0a80cedc6236ffbae,59e85ac0a80cedc6236ffbaedaced952d9e333e02d933bed3be51830974ff067,"[""split_join""]",sage_multidomain_gold,False,False,web,frequent_error_exact,"[{""source"": ""Вообщем"", ""replacement"": ""в общем"", ""edit_type"": ""split_word"", ""start"": 0, ""end"": 7, ""status"": ""proposed"", ""reason"": """", ""confidence"": 0.95, ""rule_id"": ""frequent_error_exact""}, {""source"": ""Вообщем"", ""replacement"": ""В общем"", ""edit_type"": ""split_word"", ""start"": 0, ""end"": 7, ""status"": ""proposed"", ""reason"": """", ""confidence"": 0.95, ""rule_id"": ""frequent_error_exact""}]",rule:frequent_error_exact
"Он ужо побывал сдесь зимой 1997 на съемках фильма ""Святой"" с Вэлом Килмером, действие которого происходило в российской столице.","Он уже побывал здесь зимой 1997 на съемках фильма ""Святой"" с Вэлом Килмером, действие которого происходило в российской столице.",train,synthetic_augmented_from_open_clean,spelling,"[""frequent_error_exact"", ""pattern_жо_же""]","[{""source"": ""сдесь"", ""replacement"": ""здесь"", ""edit_type"": ""spelling_replace"", ""start"": 15, ""end"": 20, ""status"": ""proposed"", ""reason"": """", ""confidence"": 0.95, ""rule_id"": ""frequent_error_exact""}, {""source"": ""ужо"", ""replacement"": ""уже"", ""edit_type"": ""spelling_replace"", ""start"": 3, ""end"": 6, ""status"": ""proposed"", ""reason"": """", ""confidence"": 0.94, ""rule_id"": ""pattern_жо_же""}]","{""candidate_present"": true, ""candidate_rule_ids"": [""frequent_error_exact"", ""pattern_жо_же""], ""carrier_sentence_hash"": ""8b36c6c0ccd76e6d817dd3c7"", ""clean_hash"": ""381a8d7fa64971ab78cf3702bd4499ee644afe261896d422683e48d9d9f401d2"", ""error_bearing_span"": [15, 20], ""error_form"": ""сдесь"", ""generation_strategy"": ""corpus_opportunity"", ""license_status"": ""Open Lenta.ru news dataset; verify terms before production."", ""normalized_pair_hash"": ""f7d6d41aaf290580399c2c9da6ccf9788ad016c52d9adc6a40ae1b801e838a30"", ""original_clean_sentence"": ""Он уже побывал здесь зимой 1997 на съемках фильма \""Святой\"" с Вэлом Килмером, действие которого происходило в российской столице."", ""rule_ids"": [""frequent_error_exact"", ""pattern_жо_же""], ""sentence_id"": ""10476:6"", ""source_doc_id"": ""https://lenta.ru/news/2000/07/21/noyce/"", ""source_name"": ""lenta_news"", ""source_subcorpus"": ""Культура"", ""source_type"": ""synthetic_augmented_from_open_clean"", ""synthetic_source_dataset"": ""synthetic_open_corpus_mixed"", ""target_family"": ""frequent_error_exact"", ""target_form"": ""здесь""}","Он уже побывал здесь зимой 1997 на съемках фильма ""Святой"" с Вэлом Килмером, действие которого происходило в российской столице.",lenta_news,Культура,False,False,f7d6d41aaf290580399c2c9d,f7d6d41aaf290580399c2c9da6ccf9788ad016c52d9adc6a40ae1b801e838a30,"[""spelling""]",lenta_news,False,True,news,frequent_error_exact,"[{""source"": ""сдесь"", ""replacement"": ""здесь"", ""edit_type"": ""spelling_replace"", ""start"": 15, ""end"": 20, ""status"": ""proposed"", ""reason"": """", ""confidence"": 0.95, ""rule_id"": ""frequent_error_exact""}, {""source"": ""ужо"", ""replacement"": ""уже"", ""edit_type"": ""spelling_replace"", ""start"": 3, ""end"": 6, ""status"": ""proposed"", ""reason"": """", ""confidence"": 0.94, ""rule_id"": ""pattern_жо_же""}]",rule:frequent_error_exact
Было возбуждено уголовное дело о посягательстве на жызнь сотрудников правоохранительных органов.,Было возбуждено уголовное дело о посягательстве на жизнь сотрудников правоохранительных органов.,train,synthetic_augmented_from_open_clean,spelling,"[""frequent_error_exact""]","[{""source"": ""жызнь"", ""replacement"": ""жизнь"", ""edit_type"": ""spelling_replace"", ""start"": 51, ""end"": 56, ""status"": ""proposed"", ""reason"": """", ""confidence"": 0.95, ""rule_id"": ""frequent_error_exact""}]","{""candidate_present"": true, ""candidate_rule_ids"": [""frequent_error_exact""], ""carrier_sentence_hash"": ""47a1a892a812231ad04f7ac7"", ""clean_hash"": ""21763a69864daf59873c72da5a973c7783ae69820e9f10b155d84a890ecf7729"", ""error_bearing_span"": [51, 56], ""error_form"": ""жызнь"", ""generation_strategy"": ""corpus_opportunity"", ""license_status"": ""Nerus Lenta annotated corpus; verify terms before production."", ""normalized_pair_hash"": ""0e9fc167f994c921bbe55582d847bc45908218c89a7bd6ea1b8052d7b772d0e1"", ""original_clean_sentence"": ""Было возбуждено уголовное дело о посягательстве на жизнь сотрудников правоохранительных органов."", ""rule_ids"": [""frequent_error_exact""], ""sentence_id"": ""44394"", ""source_doc_id"": ""3747"", ""source_name"": ""nerus_news"", ""source_subcorpus"": ""nerus_lenta"", ""source_type"": ""synthetic_augmented_from_open_clean"", ""synthetic_source_dataset"": ""synthetic_open_corpus_combo"", ""target_family"": ""frequent_error_exact"", ""target_form"": ""жизнь""}",Было возбуждено уголовное дело о посягательстве на жизнь сотрудников правоохранительных органов.,nerus_news,nerus_lenta,False,False,0e9fc167f994c921bbe55582,0e9fc167f994c921bbe55582d847bc45908218c89a7bd6ea1b8052d7b772d0e1,"[""spelling""]",nerus_news,False,True,news,frequent_error_exact,"[{""source"": ""жызнь"", ""replacement"": ""жизнь"", ""edit_type"": ""spelling_replace"", ""start"": 51, ""end"": 56, ""status"": ""proposed"", ""reason"": """", ""confidence"": 0.95, ""rule_id"": ""frequent_error_exact""}]",rule:frequent_error_exact
"Но важнее всего то что стены были погребены под слоем глины, в которой обнаружились морские ракушки - неопровержимое доказательство того, что некогда сдесь было море.","Но важнее всего то, что стены были погребены под слоем глины, в которой обнаружились морские ракушки - неопровержимое доказательство того, что некогда здесь было море.",train,synthetic_augmented_from_open_clean,punctuation,"[""frequent_error_exact""]","[{""source"": ""сдесь"", ""replacement"": ""здесь"", ""edit_type"": ""spelling_replace"", ""start"": 150, ""end"": 155, ""status"": ""proposed"", ""reason"": """", ""confidence"": 0.95, ""rule_id"": ""frequent_error_exact""}, {""source"": """", ""replacement"": "","", ""edit_type"": ""punctuation_insert"", ""start"": 18, ""end"": 18, ""status"": ""proposed"", ""reason"": """", ""confidence"": 0.85, ""rule_id"": ""frequent_error_exact""}]","{""candidate_present"": true, ""candidate_rule_ids"": [""frequent_error_exact""], ""carrier_sentence_hash"": ""7cad7a69ffb6af4558034917"", ""clean_hash"": ""205aeed3f22d7fe87b40d4e029affc194f0ef2ea4e92666dc4d2410123f9dc18"", ""error_bearing_span"": [150, 155], ""error_form"": ""сдесь"", ""generation_strategy"": ""corpus_opportunity"", ""license_status"": ""Open Lenta.ru news dataset; verify terms before production."", ""normalized_pair_hash"": ""54802ebf0b9def5fd5780af8de26057e5db9b202a8c4f3c45124e113a9ad9647"", ""original_clean_sentence"": ""Но важнее всего то, что стены были погребены под слоем глины, в которой обнаружились морские ракушки - неопровержимое доказательство того, что некогда здесь было море."", ""rule_ids"": [""frequent_error_exact""], ""sentence_id"": ""15086:9"", ""source_doc_id"": ""https://lenta.ru/news/2000/10/23/helike/"", ""source_name"": ""lenta_news"", ""source_subcorpus"": ""Мир"", ""source_type"": ""synthetic_augmented_from_open_clean"", ""synthetic_source_dataset"": ""synthetic_open_corpus_mixed"", ""target_family"": ""frequent_error_exact"", ""target_form"": ""здесь""}","Но важнее всего то, что стены были погребены под слоем глины, в которой обнаружились морские ракушки - неопровержимое доказательство того, что некогда здесь было море.",lenta_news,Мир,False,False,54802ebf0b9def5fd5780af8,54802ebf0b9def5fd5780af8de26057e5db9b202a8c4f3c45124e113a9ad9647,"[""punctuation"", ""spelling""]",lenta_news,False,True,news,frequent_error_exact,"[{""source"": ""сдесь"", ""replacement"": ""здесь"", ""edit_type"": ""spelling_replace"", ""start"": 150, ""end"": 155, ""status"": ""proposed"", ""reason"": """", ""confidence"": 0.95, ""rule_id"": ""frequent_error_exact""}, {""source"": """", ""replacement"": "","", ""edit_type"": ""punctuation_insert"", ""start"": 18, ""end"": 18, ""status"": ""proposed"", ""reason"": """", ""confidence"": 0.85, ""rule_id"": ""frequent_error_exact""}]",rule:frequent_error_exact
"Ну, вообщем, вот такой вот футбол моими глазами.",Ну в общем вот такой вот футбол моими глазами,train,real_error_pair,split_join,"[""frequent_error_exact""]","[{""source"": ""вообщем"", ""replacement"": ""в общем"", ""edit_type"": ""split_word"", ""start"": 4, ""end"": 11, ""status"": ""proposed"", ""reason"": """", ""confidence"": 0.95, ""rule_id"": ""frequent_error_exact""}, {""source"": "","", ""replacement"": """", ""edit_type"": ""punctuation_delete"", ""start"": 2, ""end"": 3, ""status"": ""proposed"", ""reason"": """", ""confidence"": 0.85, ""rule_id"": """"}, {""source"": "","", ""replacement"": """", ""edit_type"": ""punctuation_delete"", ""start"": 11, ""end"": 12, ""status"": ""proposed"", ""reason"": """", ""confidence"": 0.85, ""rule_id"": """"}, {""source"": ""."", ""replacement"": """", ""edit_type"": ""punctuation_delete"", ""start"": 47, ""end"": 48, ""status"": ""proposed"", ""reason"": """", ""confidence"": 0.85, ""rule_id"": """"}]","{""candidate_present"": true, ""generation_strategy"": ""real_pair"", ""loader_dataset"": ""RUSpellRU"", ""raw_id"": ""train.json:1431"", ""rule_ids"": [""frequent_error_exact""], ""source_dataset"": ""sage_ruspellru"", ""source_type"": ""real_error_pair"", ""split"": ""train""}",,sage_ruspellru,,False,True,35abe11debef94605cc5cfd0,35abe11debef94605cc5cfd0c3169823e10a1b703a53d7073d3eba241c8ab5ec,"[""punctuation"", ""split_join""]",sage_ruspellru,False,False,RUSpellRU,frequent_error_exact,"[{""source"": ""вообщем"", ""replacement"": ""в общем"", ""edit_type"": ""split_word"", ""start"": 4, ""end"": 11, ""status"": ""proposed"", ""reason"": """", ""confidence"": 0.95, ""rule_id"": ""frequent_error_exact""}, {""source"": "","", ""replacement"": """", ""edit_type"": ""punctuation_delete"", ""start"": 2, ""end"": 3, ""status"": ""proposed"", ""reason"": """", ""confidence"": 0.85, ""rule_id"": """"}, {""source"": "","", ""replacement"": """", ""edit_type"": ""punctuation_delete"", ""start"": 11, ""end"": 12, ""status"": ""proposed"", ""reason"": """", ""confidence"": 0.85, ""rule_id"": """"}, {""source"": ""."", ""replacement"": """", ""edit_type"": ""punctuation_delete"", ""start"": 47, ""end"": 48, ""status"": ""proposed"", ""reason"": """", ""confidence"": 0.85, ""rule_id"": """"}]",rule:frequent_error_exact
Британский золотоискатель-любитель нашол один из самых крупных самородков в истории страны.,Британский золотоискатель-любитель нашел один из самых крупных самородков в истории страны.,train,synthetic_augmented_from_open_clean,spelling,"[""frequent_error_exact""]","[{""source"": ""шол"", ""replacement"": ""шел"", ""edit_type"": ""spelling_replace"", ""start"": 37, ""end"": 40, ""status"": ""proposed"", ""reason"": """", ""confidence"": 0.95, ""rule_id"": ""frequent_error_exact""}, {""source"": ""нашол"", ""replacement"": ""нашел"", ""edit_type"": ""spelling_replace"", ""start"": 35, ""end"": 40, ""status"": ""proposed"", ""reason"": """", ""confidence"": 0.95, ""rule_id"": ""frequent_error_exact""}]","{""candidate_present"": true, ""candidate_rule_ids"": [""frequent_error_exact""], ""carrier_sentence_hash"": ""89f09c534989ea87fbe3ca26"", ""clean_hash"": ""57d06b75bd5cb36da73e4630b4fbafdc6a1c7e3568ab0343519373497d6cb6d1"", ""error_bearing_span"": [37, 40], ""error_form"": ""шол"", ""generation_strategy"": ""corpus_opportunity"", ""license_status"": ""Nerus Lenta annotated corpus; verify terms before production."", ""normalized_pair_hash"": ""03c9ca931e2df8f63224a1c281ef5910d40262056edba2af3e81b847e595ced5"", ""original_clean_sentence"": ""Британский золотоискатель-любитель нашел один из самых крупных самородков в истории страны."", ""rule_ids"": [""frequent_error_exact""], ""sentence_id"": ""211920"", ""source_doc_id"": ""17894"", ""source_name"": ""nerus_news"", ""source_subcorpus"": ""nerus_lenta"", ""source_type"": ""synthetic_augmented_from_open_clean"", ""synthetic_source_dataset"": ""synthetic_open_corpus_hissing_o_e"", ""target_family"": ""frequent_error_exact"", ""target_form"": ""шел""}",Британский золотоискатель-любитель нашел один из самых крупных самородков в истории страны.,nerus_news,nerus_lenta,False,False,03c9ca931e2df8f63224a1c2,03c9ca931e2df8f63224a1c281ef5910d40262056edba2af3e81b847e595ced5,"[""spelling""]",nerus_news,False,True,news,frequent_error_exact,"[{""source"": ""шол"", ""replacement"": ""шел"", ""edit_type"": ""spelling_replace"", ""start"": 37, ""end"": 40, ""status"": ""proposed"", ""reason"": """", ""confidence"": 0.95, ""rule_id"": ""frequent_error_exact""}, {""source"": ""нашол"", ""replacement"": ""нашел"", ""edit_type"": ""spelling_replace"", ""start"": 35, ""end"": 40, ""status"": ""proposed"", ""reason"": """", ""confidence"": 0.95, ""rule_id"": ""frequent_error_exact""}]",rule:frequent_error_exact
Следовательно служебная записка нужно сохранить отдельно. Затем редакция согласовала выпуск.... позже редактор проверил запись метканоцда.,"Следовательно, служебная записка нужно сохранить отдельно. Затем редакция согласовала выпуск.... позже редактор проверил запись метканоцда.",train,synthetic_augmented_from_open_clean,punctuation,"[""introductory_comma""]","[{""source"": """", ""replacement"": "","", ""edit_type"": ""punctuation_insert"", ""start"": 13, ""end"": 13, ""status"": ""proposed"", ""reason"": """", ""confidence"": 0.86, ""rule_id"": ""introductory_comma""}]","{""candidate_present"": true, ""candidate_rule_ids"": [""introductory_comma""], ""carrier_sentence_hash"": ""60f78a176abad0d80942a5da"", ""clean_hash"": ""85b8629850e07c8476ea5f6451f480bb173e97dd5e1b83dbf311726d0694ac31"", ""error_bearing_span"": [13, 13], ""error_form"": """", ""generation_strategy"": ""corpus_opportunity"", ""license_status"": ""Open Lenta.ru news dataset; verify terms before production."", ""normalized_pair_hash"": ""7b17f222516ac754d7e97fdd06ea523629433ef37a04f7bf9c5ce863df97cc72"", ""original_clean_sentence"": ""Следовательно, служебная записка нужно сохранить отдельно. Затем редакция согласовала выпуск.... позже редактор проверил запись метканоцда."", ""rule_ids"": [""introductory_comma""], ""sentence_id"": ""12084:5"", ""source_doc_id"": ""https://lenta.ru/news/2000/08/28/grozny/"", ""source_name"": ""lenta_news"", ""source_subcorpus"": ""Россия"", ""source_type"": ""synthetic_augmented_from_open_clean"", ""target_family"": ""introductory_comma"", ""target_form"": "","", ""template_id"": ""synthetic_targeted_introductory_comma""}","Следовательно, служебная записка нужно сохранить отдельно. Затем редакция согласовала выпуск.",lenta_news,Россия,False,False,60f78a176abad0d80942a5da,60f78a176abad0d80942a5da61fcdde1c199c16e37a45b4af4c449596aa04592,"[""punctuation""]",lenta_news,False,True,news,introductory_comma,"[{""source"": """", ""replacement"": "","", ""edit_type"": ""punctuation_insert"", ""start"": 13, ""end"": 13, ""status"": ""proposed"", ""reason"": """", ""confidence"": 0.86, ""rule_id"": ""introductory_comma""}]",rule:introductory_comma
По-видимому летняя проверка изменился вечером. Утром аналитик сохранил отчет.... позже редактор проверил запись меткащвцда.,"По-видимому, летняя проверка изменился вечером. Утром аналитик сохранил отчет.... позже редактор проверил запись меткащвцда.",train,synthetic_augmented_from_open_clean,punctuation,"[""introductory_comma""]","[{""source"": """", ""replacement"": "","", ""edit_type"": ""punctuation_insert"", ""start"": 11, ""end"": 11, ""status"": ""proposed"", ""reason"": """", ""confidence"": 0.86, ""rule_id"": ""introductory_comma""}]","{""candidate_present"": true, ""candidate_rule_ids"": [""introductory_comma""], ""carrier_sentence_hash"": ""ab6a000f18369b74d6a31e34"", ""clean_hash"": ""848056398821d35df33869f9589a7fe862406cb99913a364d4d2dfc0b7ee64e7"", ""error_bearing_span"": [11, 11], ""error_form"": """", ""generation_strategy"": ""corpus_opportunity"", ""license_status"": ""Open Lenta.ru news dataset; verify terms before production."", ""normalized_pair_hash"": ""b2773cd0d05f6944357eadde8303cb27426d7050280438d15eadfdec208d807e"", ""original_clean_sentence"": ""По-видимому, летняя проверка изменился вечером. Утром аналитик сохранил отчет.... позже редактор проверил запись меткащвцда."", ""rule_ids"": [""introductory_comma""], ""sentence_id"": ""12007:3"", ""source_doc_id"": ""https://lenta.ru/news/2000/08/25/abkhazia/"", ""source_name"": ""lenta_news"", ""source_subcorpus"": ""Мир"", ""source_type"": ""synthetic_augmented_from_open_clean"", ""target_family"": ""introductory_comma"", ""target_form"": "","", ""template_id"": ""synthetic_targeted_introductory_comma""}","По-видимому, летняя проверка изменился вечером. Утром аналитик сохранил отчет.",lenta_news,Мир,False,False,ab6a000f18369b74d6a31e34,ab6a000f18369b74d6a31e346deda0754b065403aa0f29be15b14a32fba5c5b5,"[""punctuation""]",lenta_news,False,True,news,introductory_comma,"[{""source"": """", ""replacement"": "","", ""edit_type"": ""punctuation_insert"", ""start"": 11, ""end"": 11, ""status"": ""proposed"", ""reason"": """", ""confidence"": 0.86, ""rule_id"": ""introductory_comma""}]",rule:introductory_comma
Конечно городской архив требует проверки. Вечером автор проверил таблицу.... позже редактор проверил запись меткатрцда.,"Конечно, городской архив требует проверки. Вечером автор проверил таблицу.... позже редактор проверил запись меткатрцда.",train,synthetic_augmented_from_open_clean,punctuation,"[""introductory_comma""]","[{""source"": """", ""replacement"": "","", ""edit_type"": ""punctuation_insert"", ""start"": 7, ""end"": 7, ""status"": ""proposed"", ""reason"": """", ""confidence"": 0.86, ""rule_id"": ""introductory_comma""}]","{""candidate_present"": true, ""candidate_rule_ids"": [""introductory_comma""], ""carrier_sentence_hash"": ""9e06ed106bacb47ea47066dd"", ""clean_hash"": ""aa2301d66502b3fda1514c8afca8e25e60226ce1431fd54bcd16d0fcf1f1d08a"", ""error_bearing_span"": [7, 7], ""error_form"": """", ""generation_strategy"": ""corpus_opportunity"", ""license_status"": ""Open Lenta.ru news dataset; verify terms before production."", ""normalized_pair_hash"": ""ac8c1e021d1eb91cb02d15f6caeb36684db3e667b1b9c5c270a855115d2df471"", ""original_clean_sentence"": ""Конечно, городской архив требует проверки. Вечером автор проверил таблицу.... позже редактор проверил запись меткатрцда."", ""rule_ids"": [""introductory_comma""], ""sentence_id"": ""12100:6"", ""source_doc_id"": ""https://lenta.ru/news/2000/08/29/belorus/"", ""source_name"": ""lenta_news"", ""source_subcorpus"": ""Экономика"", ""source_type"": ""synthetic_augmented_from_open_clean"", ""target_family"": ""introductory_comma"", ""target_form"": "","", ""template_id"": ""synthetic_targeted_introductory_comma""}","Конечно, городской архив требует проверки. Вечером автор проверил таблицу.",lenta_news,Экономика,False,False,9e06ed106bacb47ea47066dd,9e06ed106bacb47ea47066dd3957af7ec46c1c9d965bca0c88dc8f28775ab21d,"[""punctuation""]",lenta_news,False,True,news,introductory_comma,"[{""source"": """", ""replacement"": "","", ""edit_type"": ""punctuation_insert"", ""start"": 7, ""end"": 7, ""status"": ""proposed"", ""reason"": """", ""confidence"": 0.86, ""rule_id"": ""introductory_comma""}]",rule:introductory_comma
Возможно новая редакция будет готов утром. Утром эксперт обновил протокол.... позже редактор проверил запись меткажичда.,"Возможно, новая редакция будет готов утром. Утром эксперт обновил протокол.... позже редактор проверил запись меткажичда.",train,synthetic_augmented_from_open_clean,punctuation,"[""introductory_comma""]","[{""source"": """", ""replacement"": "","", ""edit_type"": ""punctuation_insert"", ""start"": 8, ""end"": 8, ""status"": ""proposed"", ""reason"": """", ""confidence"": 0.86, ""rule_id"": ""introductory_comma""}]","{""candidate_present"": true, ""candidate_rule_ids"": [""introductory_comma""], ""carrier_sentence_hash"": ""c4226cdc87984efaea12b98f"", ""clean_hash"": ""450551c0c3175ed8684f9a71a06a430580f309a6e044c33b2283fe3ba30d7f6d"", ""error_bearing_span"": [8, 8], ""error_form"": """", ""generation_strategy"": ""corpus_opportunity"", ""license_status"": ""Open Lenta.ru news dataset; verify terms before production."", ""normalized_pair_hash"": ""d3fc509e1aa12e2b1908286afe596902f8bd855febc861c3ff5ce17728e66aea"", ""original_clean_sentence"": ""Возможно, новая редакция будет готов утром. Утром эксперт обновил протокол.... позже редактор проверил запись меткажичда."", ""rule_ids"": [""introductory_comma""], ""sentence_id"": ""12238:5"", ""source_doc_id"": ""https://lenta.ru/news/2000/08/31/constitution/"", ""source_name"": ""lenta_news"", ""source_subcorpus"": ""Россия"", ""source_type"": ""synthetic_augmented_from_open_clean"", ""target_family"": ""introductory_comma"", ""target_form"": "","", ""template_id"": ""synthetic_targeted_introductory_comma""}","Возможно, новая редакция будет готов утром. Утром эксперт обновил протокол.",lenta_news,Россия,False,False,c4226cdc87984efaea12b98f,c4226cdc87984efaea12b98ff6cdc51f644400507196f20f9cf1fee541f65aba,"[""punctuation""]",lenta_news,False,True,news,introductory_comma,"[{""source"": """", ""replacement"": "","", ""edit_type"": ""punctuation_insert"", ""start"": 8, ""end"": 8, ""status"": ""proposed"", ""reason"": """", ""confidence"": 0.86, ""rule_id"": ""introductory_comma""}]",rule:introductory_comma
Например сводный отчет можно отправить завтра. Утром аналитик принял ведомость.... позже редактор проверил запись метказахда.,"Например, сводный отчет можно отправить завтра. Утром аналитик принял ведомость.... позже редактор проверил запись метказахда.",train,synthetic_augmented_from_open_clean,punctuation,"[""introductory_comma""]","[{""source"": """", ""replacement"": "","", ""edit_type"": ""punctuation_insert"", ""start"": 8, ""end"": 8, ""status"": ""proposed"", ""reason"": """", ""confidence"": 0.86, ""rule_id"": ""introductory_comma""}]","{""candidate_present"": true, ""candidate_rule_ids"": [""introductory_comma""], ""carrier_sentence_hash"": ""7c54616c6fe611589c1af1c3"", ""clean_hash"": ""678059e29a6376e595cd3d446a6960c9bb246ea716875289cff460df95555103"", ""error_bearing_span"": [8, 8], ""error_form"": """", ""generation_strategy"": ""fallback_natural_template"", ""license_status"": ""Open Lenta.ru news dataset; verify terms before production."", ""normalized_pair_hash"": ""67d52b297de51492df88aa2c4f0c306e4ad39cf64b024897629ffd2432b035a4"", ""original_clean_sentence"": ""Например, сводный отчет можно отправить завтра. Утром аналитик принял ведомость.... позже редактор проверил запись метказахда."", ""rule_ids"": [""introductory_comma""], ""sentence_id"": ""11770:2"", ""source_doc_id"": ""https://lenta.ru/news/2000/08/20/cia/"", ""source_name"": ""lenta_news"", ""source_subcorpus"": ""Мир"", ""source_type"": ""synthetic_augmented_from_open_clean"", ""target_family"": ""introductory_comma"", ""target_form"": "","", ""template_id"": ""synthetic_targeted_introductory_comma""}","Например, сводный отчет можно отправить завтра. Утром аналитик принял ведомость.",lenta_news,Мир,False,False,7c54616c6fe611589c1af1c3,7c54616c6fe611589c1af1c3693edf0cb39b427c7cb421284b7053ba66071240,"[""punctuation""]",lenta_news,False,True,news,introductory_comma,"[{""source"": """", ""replacement"": "","", ""edit_type"": ""punctuation_insert"", ""start"": 8, ""end"": 8, ""status"": ""proposed"", ""reason"": """", ""confidence"": 0.86, ""rule_id"": ""introductory_comma""}]",rule:introductory_comma
Например закрытая заявка можно отправить завтра. Затем отдел подготовил справку.... позже редактор проверил запись меткабвхда.,"Например, закрытая заявка можно отправить завтра. Затем отдел подготовил справку.... позже редактор проверил запись меткабвхда.",train,synthetic_augmented_from_open_clean,punctuation,"[""introductory_comma""]","[{""source"": """", ""replacement"": "","", ""edit_type"": ""punctuation_insert"", ""start"": 8, ""end"": 8, ""status"": ""proposed"", ""reason"": """", ""confidence"": 0.86, ""rule_id"": ""introductory_comma""}]","{""candidate_present"": true, ""candidate_rule_ids"": [""introductory_comma""], ""carrier_sentence_hash"": ""545224ec98162f265ee8b5f5"", ""clean_hash"": ""6059a26f234a89a9a76c33c3c0cc40140f249bb8f18d10c8e35106366bca077a"", ""error_bearing_span"": [8, 8], ""error_form"": """", ""generation_strategy"": ""corpus_opportunity"", ""license_status"": ""Open Lenta.ru news dataset; verify terms before production."", ""normalized_pair_hash"": ""7189e5ce7ed33c8c294bf7ba25d1cfd2f4efd743e219346aa299ca1c264d605b"", ""original_clean_sentence"": ""Например, закрытая заявка можно отправить завтра. Затем отдел подготовил справку.... позже редактор проверил запись меткабвхда."", ""rule_ids"": [""introductory_comma""], ""sentence_id"": ""11787:3"", ""source_doc_id"": ""https://lenta.ru/news/2000/08/21/vzryv_victim/"", ""source_name"": ""lenta_news"", ""source_subcorpus"": ""Россия"", ""source_type"": ""synthetic_augmented_from_open_clean"", ""target_family"": ""introductory_comma"", ""target_form"": "","", ""template_id"": ""synthetic_targeted_introductory_comma""}","Например, закрытая заявка можно отправить завтра. Затем отдел подготовил справку.",lenta_news,Россия,False,False,545224ec98162f265ee8b5f5,545224ec98162f265ee8b5f586f1845198050608def8225c4a24e68c2d1aac2d,"[""punctuation""]",lenta_news,False,True,news,introductory_comma,"[{""source"": """", ""replacement"": "","", ""edit_type"": ""punctuation_insert"", ""start"": 8, ""end"": 8, ""status"": ""proposed"", ""reason"": """", ""confidence"": 0.86, ""rule_id"": ""introductory_comma""}]",rule:introductory_comma
Следовательно открытая заявка нужно сохранить отдельно. Вечером служба обновила список.... позже редактор проверил запись меткажреиа.,"Следовательно, открытая заявка нужно сохранить отдельно. Вечером служба обновила список.... позже редактор проверил запись меткажреиа.",train,synthetic_augmented_from_open_clean,punctuation,"[""introductory_comma""]","[{""source"": """", ""replacement"": "","", ""edit_type"": ""punctuation_insert"", ""start"": 13, ""end"": 13, ""status"": ""proposed"", ""reason"": """", ""confidence"": 0.86, ""rule_id"": ""introductory_comma""}]","{""candidate_present"": true, ""candidate_rule_ids"": [""introductory_comma""], ""carrier_sentence_hash"": ""ce393e503b1e0b8b1d218f6d"", ""clean_hash"": ""3bbef0f225a2156a670f166c4f65a8b0e3625d560d8e62b6fccf619986702ba6"", ""error_bearing_span"": [13, 13], ""error_form"": """", ""generation_strategy"": ""corpus_opportunity"", ""license_status"": ""Open Lenta.ru news dataset; verify terms before production."", ""normalized_pair_hash"": ""90a6d4056b53ff0f50ef8dc801cd8bd879be7bec43a84f3956231aa821944bc2"", ""original_clean_sentence"": ""Следовательно, открытая заявка нужно сохранить отдельно. Вечером служба обновила список.... позже редактор проверил запись меткажреиа."", ""rule_ids"": [""introductory_comma""], ""sentence_id"": ""6561:5"", ""source_doc_id"": ""https://lenta.ru/news/2000/04/14/provider/"", ""source_name"": ""lenta_news"", ""source_subcorpus"": ""Экономика"", ""source_type"": ""synthetic_augmented_from_open_clean"", ""target_family"": ""introductory_comma"", ""target_form"": "","", ""template_id"": ""synthetic_targeted_introductory_comma""}","Следовательно, открытая заявка нужно сохранить отдельно. Вечером служба обновила список.",lenta_news,Экономика,False,False,ce393e503b1e0b8b1d218f6d,ce393e503b1e0b8b1d218f6decee22d80192e84c534f54f57d20c226d53742de,"[""punctuation""]",lenta_news,False,True,news,introductory_comma,"[{""source"": """", ""replacement"": "","", ""edit_type"": ""punctuation_insert"", ""start"": 13, ""end"": 13, ""status"": ""proposed"", ""reason"": """", ""confidence"": 0.86, ""rule_id"": ""introductory_comma""}]",rule:introductory_comma
Например проверенный файл можно отправить завтра. Вечером группа отправила журнал.... позже редактор проверил запись меткаплчда.,"Например, проверенный файл можно отправить завтра. Вечером группа отправила журнал.... позже редактор проверил запись меткаплчда.",train,synthetic_augmented_from_open_clean,punctuation,"[""introductory_comma""]","[{""source"": """", ""replacement"": "","", ""edit_type"": ""punctuation_insert"", ""start"": 8, ""end"": 8, ""status"": ""proposed"", ""reason"": """", ""confidence"": 0.86, ""rule_id"": ""introductory_comma""}]","{""candidate_present"": true, ""candidate_rule_ids"": [""introductory_comma""], ""carrier_sentence_hash"": ""e427a3c5f7ac5ead664916bc"", ""clean_hash"": ""df356a0c9663eb15860ce8b660f87e63b1b9d41f6c41d166d231da9063842782"", ""error_bearing_span"": [8, 8], ""error_form"": """", ""generation_strategy"": ""corpus_opportunity"", ""license_status"": ""Open Lenta.ru news dataset; verify terms before production."", ""normalized_pair_hash"": ""9769e25bc73436e10d00e044ea4944d93707bfa269d48cc893ac3cb8ce500619"", ""original_clean_sentence"": ""Например, проверенный файл можно отправить завтра. Вечером группа отправила журнал.... позже редактор проверил запись меткаплчда."", ""rule_ids"": [""introductory_comma""], ""sentence_id"": ""12256:6"", ""source_doc_id"": ""https://lenta.ru/news/2000/08/31/chechnya_quake/"", ""source_name"": ""lenta_news"", ""source_subcorpus"": ""Россия"", ""source_type"": ""synthetic_augmented_from_open_clean"", ""target_family"": ""introductory_comma"", ""target_form"": "","", ""template_id"": ""synthetic_targeted_introductory_comma""}","Например, проверенный файл можно отправить завтра. Вечером группа отправила журнал.",lenta_news,Россия,False,False,e427a3c5f7ac5ead664916bc,e427a3c5f7ac5ead664916bc3c83be90fa7e9bc3f4bb22aac383e30fd9d18072,"[""punctuation""]",lenta_news,False,True,news,introductory_comma,"[{""source"": """", ""replacement"": "","", ""edit_type"": ""punctuation_insert"", ""start"": 8, ""end"": 8, ""status"": ""proposed"", ""reason"": """", ""confidence"": 0.86, ""rule_id"": ""introductory_comma""}]",rule:introductory_comma
Следовательно открытый вопрос нужно сохранить отдельно. Позже группа согласовала список.... позже редактор проверил запись меткачшцда.,"Следовательно, открытый вопрос нужно сохранить отдельно. Позже группа согласовала список.... позже редактор проверил запись меткачшцда.",train,synthetic_augmented_from_open_clean,punctuation,"[""introductory_comma""]","[{""source"": """", ""replacement"": "","", ""edit_type"": ""punctuation_insert"", ""start"": 13, ""end"": 13, ""status"": ""proposed"", ""reason"": """", ""confidence"": 0.86, ""rule_id"": ""introductory_comma""}]","{""candidate_present"": true, ""candidate_rule_ids"": [""introductory_comma""], ""carrier_sentence_hash"": ""88fbbabf7ae178c80fd3334c"", ""clean_hash"": ""528c7fdbce913b35e10e620e430aad328c655605fd039ca2dd81db7d47f592e5"", ""error_bearing_span"": [13, 13], ""error_form"": """", ""generation_strategy"": ""corpus_opportunity"", ""license_status"": ""Open Lenta.ru news dataset; verify terms before production."", ""normalized_pair_hash"": ""f4551f8c9a3430371056a2b0ae771cd74263bd8a6917dbb4bd1ee7a93af658f7"", ""original_clean_sentence"": ""Следовательно, открытый вопрос нужно сохранить отдельно. Позже группа согласовала список.... позже редактор проверил запись меткачшцда."", ""rule_ids"": [""introductory_comma""], ""sentence_id"": ""12161:5"", ""source_doc_id"": ""https://lenta.ru/news/2000/08/30/pagan_temple/"", ""source_name"": ""lenta_news"", ""source_subcorpus"": ""Мир"", ""source_type"": ""synthetic_augmented_from_open_clean"", ""target_family"": ""introductory_comma"", ""target_form"": "","", ""template_id"": ""synthetic_targeted_introductory_comma""}","Следовательно, открытый вопрос нужно сохранить отдельно. Позже группа согласовала список.",lenta_news,Мир,False,False,88fbbabf7ae178c80fd3334c,88fbbabf7ae178c80fd3334c3e13f22067239f808a05db49ef522b2631d5e844,"[""punctuation""]",lenta_news,False,True,news,introductory_comma,"[{""source"": """", ""replacement"": "","", ""edit_type"": ""punctuation_insert"", ""start"": 13, ""end"": 13, ""status"": ""proposed"", ""reason"": """", ""confidence"": 0.86, ""rule_id"": ""introductory_comma""}]",rule:introductory_comma
Следовательно согласованный договор нужно сохранить отдельно. Позже служба отправила ответ.... позже редактор проверил запись меткачбхда.,"Следовательно, согласованный договор нужно сохранить отдельно. Позже служба отправила ответ.... позже редактор проверил запись меткачбхда.",train,synthetic_augmented_from_open_clean,punctuation,"[""introductory_comma""]","[{""source"": """", ""replacement"": "","", ""edit_type"": ""punctuation_insert"", ""start"": 13, ""end"": 13, ""status"": ""proposed"", ""reason"": """", ""confidence"": 0.86, ""rule_id"": ""introductory_comma""}]","{""candidate_present"": true, ""candidate_rule_ids"": [""introductory_comma""], ""carrier_sentence_hash"": ""a3bff127860c7a6eed28d669"", ""clean_hash"": ""8f6a9ae2d8020ef4737dff85fdc5c1e947e07f71c5820545755f4e1cdb3c05e8"", ""error_bearing_span"": [13, 13], ""error_form"": """", ""generation_strategy"": ""fallback_natural_template"", ""license_status"": ""Open Lenta.ru news dataset; verify terms before production."", ""normalized_pair_hash"": ""b2c71579b30a0bd2c6d0272993bbfbd2ba9510ae4100afd3b514636ce20147cd"", ""original_clean_sentence"": ""Следовательно, согласованный договор нужно сохранить отдельно. Позже служба отправила ответ.... позже редактор проверил запись меткачбхда."", ""rule_ids"": [""introductory_comma""], ""sentence_id"": ""11784:6"", ""source_doc_id"": ""https://lenta.ru/news/2000/08/21/godzilla/"", ""source_name"": ""lenta_news"", ""source_subcorpus"": ""Культура"", ""source_type"": ""synthetic_augmented_from_open_clean"", ""target_family"": ""introductory_comma"", ""target_form"": "","", ""template_id"": ""synthetic_targeted_introductory_comma""}","Следовательно, согласованный договор нужно сохранить отдельно. Позже служба отправила ответ.",lenta_news,Культура,False,False,a3bff127860c7a6eed28d669,a3bff127860c7a6eed28d6692a2685717c16ed8aa8e3dadac8f816c3094f1f4a,"[""punctuation""]",lenta_news,False,True,news,introductory_comma,"[{""source"": """", ""replacement"": "","", ""edit_type"": ""punctuation_insert"", ""start"": 13, ""end"": 13, ""status"": ""proposed"", ""reason"": """", ""confidence"": 0.86, ""rule_id"": ""introductory_comma""}]",rule:introductory_comma
Конечно закрытая заявка требует проверки. Вечером архивариус нашел копию.... позже редактор проверил запись меткахбчда.,"Конечно, закрытая заявка требует проверки. Вечером архивариус нашел копию.... позже редактор проверил запись меткахбчда.",train,synthetic_augmented_from_open_clean,punctuation,"[""introductory_comma""]","[{""source"": """", ""replacement"": "","", ""edit_type"": ""punctuation_insert"", ""start"": 7, ""end"": 7, ""status"": ""proposed"", ""reason"": """", ""confidence"": 0.86, ""rule_id"": ""introductory_comma""}]","{""candidate_present"": true, ""candidate_rule_ids"": [""introductory_comma""], ""carrier_sentence_hash"": ""8aab9c3c28e8076cc5751ba2"", ""clean_hash"": ""df3725d4f5ed0689b0df1860e8d0b2c0b5666a46c4d404ae1d866fa5da2be4eb"", ""error_bearing_span"": [7, 7], ""error_form"": """", ""generation_strategy"": ""corpus_opportunity"", ""license_status"": ""Open Lenta.ru news dataset; verify terms before production."", ""normalized_pair_hash"": ""8909d7d6528a1fdecfa8cb2d438644fe79f90de31c51f92c86a675655fbd3b78"", ""original_clean_sentence"": ""Конечно, закрытая заявка требует проверки. Вечером архивариус нашел копию.... позже редактор проверил запись меткахбчда."", ""rule_ids"": [""introductory_comma""], ""sentence_id"": ""12199:11"", ""source_doc_id"": ""https://lenta.ru/news/2000/08/31/nazi/"", ""source_name"": ""lenta_news"", ""source_subcorpus"": ""Мир"", ""source_type"": ""synthetic_augmented_from_open_clean"", ""target_family"": ""introductory_comma"", ""target_form"": "","", ""template_id"": ""synthetic_targeted_introductory_comma""}","Конечно, закрытая заявка требует проверки. Вечером архивариус нашел копию.",lenta_news,Мир,False,False,8aab9c3c28e8076cc5751ba2,8aab9c3c28e8076cc5751ba2156a651f52f8c000d3ba31f521d1369e5a9cbfb2,"[""punctuation""]",lenta_news,False,True,news,introductory_comma,"[{""source"": """", ""replacement"": "","", ""edit_type"": ""punctuation_insert"", ""start"": 7, ""end"": 7, ""status"": ""proposed"", ""reason"": """", ""confidence"": 0.86, ""rule_id"": ""introductory_comma""}]",rule:introductory_comma
Следовательно северный филиал нужно сохранить отдельно. Позже комиссия приняла справку..,"Следовательно, северный филиал нужно сохранить отдельно. Позже комиссия приняла справку..",train,synthetic_augmented_from_open_clean,punctuation,"[""introductory_comma""]","[{""source"": """", ""replacement"": "","", ""edit_type"": ""punctuation_insert"", ""start"": 13, ""end"": 13, ""status"": ""proposed"", ""reason"": """", ""confidence"": 0.86, ""rule_id"": ""introductory_comma""}]","{""candidate_present"": true, ""candidate_rule_ids"": [""introductory_comma""], ""carrier_sentence_hash"": ""ff680b2cec4db772ae113f5f"", ""clean_hash"": ""419837244c8b3028cad9a7286fc1afe61b064fc18d270084f4da29338630608c"", ""error_bearing_span"": [13, 13], ""error_form"": """", ""generation_strategy"": ""corpus_opportunity"", ""license_status"": ""Open Lenta.ru news dataset; verify terms before production."", ""normalized_pair_hash"": ""ff680b2cec4db772ae113f5ff8e10c3b38cf27a4b93dce1bbd08e73adcd279c8"", ""original_clean_sentence"": ""Следовательно, северный филиал нужно сохранить отдельно. Позже комиссия приняла справку. ????? ???????? ???????? ???????? ???."", ""rule_ids"": [""introductory_comma""], ""sentence_id"": ""11725:7"", ""source_doc_id"": ""https://lenta.ru/news/2000/08/18/bomb/"", ""source_name"": ""lenta_news"", ""source_subcorpus"": ""Россия"", ""source_type"": ""synthetic_augmented_from_open_clean"", ""target_family"": ""introductory_comma"", ""target_form"": "","", ""template_id"": ""synthetic_targeted_introductory_comma""}","Следовательно, северный филиал нужно сохранить отдельно. Позже комиссия приняла справку.",lenta_news,Россия,False,False,ff680b2cec4db772ae113f5f,ff680b2cec4db772ae113f5ff8e10c3b38cf27a4b93dce1bbd08e73adcd279c8,"[""punctuation""]",lenta_news,False,True,news,introductory_comma,"[{""source"": """", ""replacement"": "","", ""edit_type"": ""punctuation_insert"", ""start"": 13, ""end"": 13, ""status"": ""proposed"", ""reason"": """", ""confidence"": 0.86, ""rule_id"": ""introductory_comma""}]",rule:introductory_comma
По-видимому свежая сводка изменился вечером. Утром отдел отправил договор.... позже редактор проверил запись меткаээцда.,"По-видимому, свежая сводка изменился вечером. Утром отдел отправил договор.... позже редактор проверил запись меткаээцда.",train,synthetic_augmented_from_open_clean,punctuation,"[""introductory_comma""]","[{""source"": """", ""replacement"": "","", ""edit_type"": ""punctuation_insert"", ""start"": 11, ""end"": 11, ""status"": ""proposed"", ""reason"": """", ""confidence"": 0.86, ""rule_id"": ""introductory_comma""}]","{""candidate_present"": true, ""candidate_rule_ids"": [""introductory_comma""], ""carrier_sentence_hash"": ""fed870ae86531142765f6128"", ""clean_hash"": ""b640b4e7f383b14529d5ff9bff2350b68ca1509dafd175ea2e5922b2b59c2a73"", ""error_bearing_span"": [11, 11], ""error_form"": """", ""generation_strategy"": ""fallback_natural_template"", ""license_status"": ""Open Lenta.ru news dataset; verify terms before production."", ""normalized_pair_hash"": ""d3696471ba41cd206dc1652781b461eecb38830d259d31e1784bf224211a11e5"", ""original_clean_sentence"": ""По-видимому, свежая сводка изменился вечером. Утром отдел отправил договор.... позже редактор проверил запись меткаээцда."", ""rule_ids"": [""introductory_comma""], ""sentence_id"": ""12174:5"", ""source_doc_id"": ""https://lenta.ru/news/2000/08/30/mp3/"", ""source_name"": ""lenta_news"", ""source_subcorpus"": ""Интернет и СМИ"", ""source_type"": ""synthetic_augmented_from_open_clean"", ""target_family"": ""introductory_comma"", ""target_form"": "","", ""template_id"": ""synthetic_targeted_introductory_comma""}","По-видимому, свежая сводка изменился вечером. Утром отдел отправил договор.",lenta_news,Интернет и СМИ,False,False,fed870ae86531142765f6128,fed870ae86531142765f6128416c0aa0adb975760b8093f1781cdbb943c6bae1,"[""punctuation""]",lenta_news,False,True,news,introductory_comma,"[{""source"": """", ""replacement"": "","", ""edit_type"": ""punctuation_insert"", ""start"": 11, ""end"": 11, ""status"": ""proposed"", ""reason"": """", ""confidence"": 0.86, ""rule_id"": ""introductory_comma""}]",rule:introductory_comma
Возможно районная комиссия будет готов утром. Затем эксперт согласовал список.... позже редактор проверил запись меткащзчда.,"Возможно, районная комиссия будет готов утром. Затем эксперт согласовал список.... позже редактор проверил запись меткащзчда.",train,synthetic_augmented_from_open_clean,punctuation,"[""introductory_comma""]","[{""source"": """", ""replacement"": "","", ""edit_type"": ""punctuation_insert"", ""start"": 8, ""end"": 8, ""status"": ""proposed"", ""reason"": """", ""confidence"": 0.86, ""rule_id"": ""introductory_comma""}]","{""candidate_present"": true, ""candidate_rule_ids"": [""introductory_comma""], ""carrier_sentence_hash"": ""730301bc07e4a3712d7e9dee"", ""clean_hash"": ""5a7222a31636354550ae4a78791cb9e2526e0038af6add1ad554928d5b03a9df"", ""error_bearing_span"": [8, 8], ""error_form"": """", ""generation_strategy"": ""corpus_opportunity"", ""license_status"": ""Open Lenta.ru news dataset; verify terms before production."", ""normalized_pair_hash"": ""abbc3ef48aa6f4610e41476a3903eda1e8d4788e1449ed7bcedecc6c70e5235a"", ""original_clean_sentence"": ""Возможно, районная комиссия будет готов утром. Затем эксперт согласовал список.... позже редактор проверил запись меткащзчда."", ""rule_ids"": [""introductory_comma""], ""sentence_id"": ""12234:6"", ""source_doc_id"": ""https://lenta.ru/news/2000/08/31/armenia/"", ""source_name"": ""lenta_news"", ""source_subcorpus"": ""Мир"", ""source_type"": ""synthetic_augmented_from_open_clean"", ""target_family"": ""introductory_comma"", ""target_form"": "","", ""template_id"": ""synthetic_targeted_introductory_comma""}","Возможно, районная комиссия будет готов утром. Затем эксперт согласовал список.",lenta_news,Мир,False,False,730301bc07e4a3712d7e9dee,730301bc07e4a3712d7e9deebf3bff3df0e66e9a57fd606639ae4561e795c026,"[""punctuation""]",lenta_news,False,True,news,introductory_comma,"[{""source"": """", ""replacement"": "","", ""edit_type"": ""punctuation_insert"", ""start"": 8, ""end"": 8, ""status"": ""proposed"", ""reason"": """", ""confidence"": 0.86, ""rule_id"": ""introductory_comma""}]",rule:introductory_comma
Например районная комиссия можно отправить завтра. Вечером отдел открыл папку.... позже редактор проверил запись меткашюфда.,"Например, районная комиссия можно отправить завтра. Вечером отдел открыл папку.... позже редактор проверил запись меткашюфда.",train,synthetic_augmented_from_open_clean,punctuation,"[""introductory_comma""]","[{""source"": """", ""replacement"": "","", ""edit_type"": ""punctuation_insert"", ""start"": 8, ""end"": 8, ""status"": ""proposed"", ""reason"": """", ""confidence"": 0.86, ""rule_id"": ""introductory_comma""}]","{""candidate_present"": true, ""candidate_rule_ids"": [""introductory_comma""], ""carrier_sentence_hash"": ""98e2ebfcb0cf3f910023cf01"", ""clean_hash"": ""6b5528ad6e7d4499c7c7fdaa20b724b907ecf49889919db55ee2b30d0dea15f5"", ""error_bearing_span"": [8, 8], ""error_form"": """", ""generation_strategy"": ""corpus_opportunity"", ""license_status"": ""Open Lenta.ru news dataset; verify terms before production."", ""normalized_pair_hash"": ""a38a0cc3224830e3d796982cad185f529b5f0c34873f184d848691aaa6971d28"", ""original_clean_sentence"": ""Например, районная комиссия можно отправить завтра. Вечером отдел открыл папку.... позже редактор проверил запись меткашюфда."", ""rule_ids"": [""introductory_comma""], ""sentence_id"": ""11759:2"", ""source_doc_id"": ""https://lenta.ru/news/2000/08/20/elections/"", ""source_name"": ""lenta_news"", ""source_subcorpus"": ""Россия"", ""source_type"": ""synthetic_augmented_from_open_clean"", ""target_family"": ""introductory_comma"", ""target_form"": "","", ""template_id"": ""synthetic_targeted_introductory_comma""}","Например, районная комиссия можно отправить завтра. Вечером отдел открыл папку.",lenta_news,Россия,False,False,98e2ebfcb0cf3f910023cf01,98e2ebfcb0cf3f910023cf0178d8c68326a7b91f21874e69235351aa8c089fb6,"[""punctuation""]",lenta_news,False,True,news,introductory_comma,"[{""source"": """", ""replacement"": "","", ""edit_type"": ""punctuation_insert"", ""start"": 8, ""end"": 8, ""status"": ""proposed"", ""reason"": """", ""confidence"": 0.86, ""rule_id"": ""introductory_comma""}]",rule:introductory_comma
"По-видимому новая редакция изменился вечером. После проверки комиссия отправила ответ. При этом Владимир Каламанов сказал, ""хочотся, чтобы возвращение было более интенсивным"". Необходимо модернизировать небольшое количество компьютеров в банковском секторе.","По-видимому, новая редакция изменился вечером. После проверки комиссия отправила ответ. При этом Владимир Каламанов сказал, ""хочется, чтобы возвращение было более интенсивным"". Необходимо модернизировать небольшое количество компьютеров в банковском секторе.",train,synthetic_augmented_from_open_clean,punctuation,"[""introductory_comma"", ""pattern_чо_че""]","[{""source"": """", ""replacement"": "","", ""edit_type"": ""punctuation_insert"", ""start"": 11, ""end"": 11, ""status"": ""proposed"", ""reason"": """", ""confidence"": 0.86, ""rule_id"": ""introductory_comma""}, {""source"": ""хочотся"", ""replacement"": ""хочется"", ""edit_type"": ""spelling_replace"", ""start"": 124, ""end"": 131, ""status"": ""proposed"", ""reason"": """", ""confidence"": 0.94, ""rule_id"": ""pattern_чо_че""}]","{""candidate_present"": true, ""candidate_rule_ids"": [""introductory_comma"", ""pattern_чо_че""], ""carrier_sentence_hash"": ""7fcb328ef7515f7d5eecfbd3"", ""clean_hash"": ""ab811cb54ea28d5ef26b9f2a9194ae49794557d1d034c2e4ed9e3d9ba1063923"", ""error_bearing_span"": [11, 11], ""error_count"": 2, ""error_form"": """", ""generation_strategy"": ""multi_error_stress"", ""is_stress"": true, ""license_status"": ""Open Lenta.ru news dataset; verify terms before production."", ""original_clean_sentence"": ""По-видимому, новая редакция изменился вечером. После проверки комиссия отправила ответ. При этом Владимир Каламанов сказал, \""хочется, чтобы возвращение было более интенсивным\"". Необходимо модернизировать небольшое количество компьютеров в банковском секторе."", ""rule_ids"": [""introductory_comma"", ""pattern_чо_че""], ""sentence_id"": ""3023:5"", ""source_doc_id"": ""https://lenta.ru/news/1999/12/29/y2k/"", ""source_name"": ""lenta_news"", ""source_subcorpus"": ""Интернет и СМИ"", ""source_type"": ""synthetic_augmented_from_open_clean"", ""target_family"": ""introductory_comma"", ""target_form"": "",""}","По-видимому, новая редакция изменился вечером. После проверки комиссия отправила ответ. При этом Владимир Каламанов сказал, ""хочется, чтобы возвращение было более интенсивным"". Необходимо модернизировать небольшое количество компьютеров в банковском секторе.",lenta_news,Интернет и СМИ,False,False,736de20d85a383e5abe558d3,736de20d85a383e5abe558d3d9f8b464cad7dfaba4705dbebadfcb8f5632c9e4,"[""punctuation"", ""spelling""]",lenta_news,False,True,news,introductory_comma,"[{""source"": """", ""replacement"": "","", ""edit_type"": ""punctuation_insert"", ""start"": 11, ""end"": 11, ""status"": ""proposed"", ""reason"": """", ""confidence"": 0.86, ""rule_id"": ""introductory_comma""}, {""source"": ""хочотся"", ""replacement"": ""хочется"", ""edit_type"": ""spelling_replace"", ""start"": 124, ""end"": 131, ""status"": ""proposed"", ""reason"": """", ""confidence"": 0.94, ""rule_id"": ""pattern_чо_че""}]",rule:introductory_comma
По-видимому короткая заметка изменился вечером. Затем секретарь проверил журнал..,"По-видимому, короткая заметка изменился вечером. Затем секретарь проверил журнал..",train,synthetic_augmented_from_open_clean,punctuation,"[""introductory_comma""]","[{""source"": """", ""replacement"": "","", ""edit_type"": ""punctuation_insert"", ""start"": 11, ""end"": 11, ""status"": ""proposed"", ""reason"": """", ""confidence"": 0.86, ""rule_id"": ""introductory_comma""}]","{""candidate_present"": true, ""candidate_rule_ids"": [""introductory_comma""], ""carrier_sentence_hash"": ""847ab88cdaa52c12622bc851"", ""clean_hash"": ""41a92f2a4b359f1b7aea6f904d6e6373b9fe6d4d67761d432c36d98de3bbbc1d"", ""error_bearing_span"": [11, 11], ""error_form"": """", ""generation_strategy"": ""corpus_opportunity"", ""license_status"": ""Open Lenta.ru news dataset; verify terms before production."", ""normalized_pair_hash"": ""847ab88cdaa52c12622bc851caecc9c0d179be79fcef2a7f4704073f94e25dfa"", ""original_clean_sentence"": ""По-видимому, короткая заметка изменился вечером. Затем секретарь проверил журнал. ????? ???????? ???????? ???????? ???."", ""rule_ids"": [""introductory_comma""], ""sentence_id"": ""11694:2"", ""source_doc_id"": ""https://lenta.ru/news/2000/08/18/officer/"", ""source_name"": ""lenta_news"", ""source_subcorpus"": ""Россия"", ""source_type"": ""synthetic_augmented_from_open_clean"", ""target_family"": ""introductory_comma"", ""target_form"": "","", ""template_id"": ""synthetic_targeted_introductory_comma""}","По-видимому, короткая заметка изменился вечером. Затем секретарь проверил журнал.",lenta_news,Россия,False,False,847ab88cdaa52c12622bc851,847ab88cdaa52c12622bc851caecc9c0d179be79fcef2a7f4704073f94e25dfa,"[""punctuation""]",lenta_news,False,True,news,introductory_comma,"[{""source"": """", ""replacement"": "","", ""edit_type"": ""punctuation_insert"", ""start"": 11, ""end"": 11, ""status"": ""proposed"", ""reason"": """", ""confidence"": 0.86, ""rule_id"": ""introductory_comma""}]",rule:introductory_comma
Следовательно северный филиал нужно сохранить отдельно. Позже комиссия приняла справку.... позже редактор проверил запись меткарвцда.,"Следовательно, северный филиал нужно сохранить отдельно. Позже комиссия приняла справку.... позже редактор проверил запись меткарвцда.",train,synthetic_augmented_from_open_clean,punctuation,"[""introductory_comma""]","[{""source"": """", ""replacement"": "","", ""edit_type"": ""punctuation_insert"", ""start"": 13, ""end"": 13, ""status"": ""proposed"", ""reason"": """", ""confidence"": 0.86, ""rule_id"": ""introductory_comma""}]","{""candidate_present"": true, ""candidate_rule_ids"": [""introductory_comma""], ""carrier_sentence_hash"": ""ac69a2fc951a99fdb8c019ea"", ""clean_hash"": ""3cfcad3b657ae3071a32731d862ad9d2233b32d231a3e8c6657ca4364c9cf09a"", ""error_bearing_span"": [13, 13], ""error_form"": """", ""generation_strategy"": ""corpus_opportunity"", ""license_status"": ""Open Lenta.ru news dataset; verify terms before production."", ""normalized_pair_hash"": ""ff680b2cec4db772ae113f5ff8e10c3b38cf27a4b93dce1bbd08e73adcd279c8"", ""original_clean_sentence"": ""Следовательно, северный филиал нужно сохранить отдельно. Позже комиссия приняла справку.... позже редактор проверил запись меткарвцда."", ""rule_ids"": [""introductory_comma""], ""sentence_id"": ""12005:1"", ""source_doc_id"": ""https://lenta.ru/news/2000/08/25/banda/"", ""source_name"": ""lenta_news"", ""source_subcorpus"": ""Россия"", ""source_type"": ""synthetic_augmented_from_open_clean"", ""target_family"": ""introductory_comma"", ""target_form"": "","", ""template_id"": ""synthetic_targeted_introductory_comma""}","Следовательно, северный филиал нужно сохранить отдельно. Позже комиссия приняла справку.",lenta_news,Россия,False,False,ac69a2fc951a99fdb8c019ea,ac69a2fc951a99fdb8c019ea2549ce20fb6417ad0602e51f6c4d8a23a6cf2df9,"[""punctuation""]",lenta_news,False,True,news,introductory_comma,"[{""source"": """", ""replacement"": "","", ""edit_type"": ""punctuation_insert"", ""start"": 13, ""end"": 13, ""status"": ""proposed"", ""reason"": """", ""confidence"": 0.86, ""rule_id"": ""introductory_comma""}]",rule:introductory_comma
Например закрытый раздел можно отправить завтра. Затем эксперт согласовал список.... позже редактор проверил запись меткаянцда.,"Например, закрытый раздел можно отправить завтра. Затем эксперт согласовал список.... позже редактор проверил запись меткаянцда.",train,synthetic_augmented_from_open_clean,punctuation,"[""introductory_comma""]","[{""source"": """", ""replacement"": "","", ""edit_type"": ""punctuation_insert"", ""start"": 8, ""end"": 8, ""status"": ""proposed"", ""reason"": """", ""confidence"": 0.86, ""rule_id"": ""introductory_comma""}]","{""candidate_present"": true, ""candidate_rule_ids"": [""introductory_comma""], ""carrier_sentence_hash"": ""400023f36bcfa839d303b693"", ""clean_hash"": ""73988c35858e4819a5354b750793948bf7aa84020adf78eee02aac3be0104d71"", ""error_bearing_span"": [8, 8], ""error_form"": """", ""generation_strategy"": ""corpus_opportunity"", ""license_status"": ""Open Lenta.ru news dataset; verify terms before production."", ""normalized_pair_hash"": ""044cf5ef8ebadc7823f92503d507b4207fd23380ff6198b5363e0e9a94eb3bef"", ""original_clean_sentence"": ""Например, закрытый раздел можно отправить завтра. Затем эксперт согласовал список.... позже редактор проверил запись меткаянцда."", ""rule_ids"": [""introductory_comma""], ""sentence_id"": ""12081:3"", ""source_doc_id"": ""https://lenta.ru/news/2000/08/28/lichten/"", ""source_name"": ""lenta_news"", ""source_subcorpus"": ""Экономика"", ""source_type"": ""synthetic_augmented_from_open_clean"", ""target_family"": ""introductory_comma"", ""target_form"": "","", ""template_id"": ""synthetic_targeted_introductory_comma""}","Например, закрытый раздел можно отправить завтра. Затем эксперт согласовал список.",lenta_news,Экономика,False,False,400023f36bcfa839d303b693,400023f36bcfa839d303b693b3554b995cd2787fb3a1bcf356ae853a230f7da0,"[""punctuation""]",lenta_news,False,True,news,introductory_comma,"[{""source"": """", ""replacement"": "","", ""edit_type"": ""punctuation_insert"", ""start"": 8, ""end"": 8, ""status"": ""proposed"", ""reason"": """", ""confidence"": 0.86, ""rule_id"": ""introductory_comma""}]",rule:introductory_comma
Следовательно общий график нужно сохранить отдельно. Утром координатор отправил ответ.... позже редактор проверил запись меткаряцда.,"Следовательно, общий график нужно сохранить отдельно. Утром координатор отправил ответ.... позже редактор проверил запись меткаряцда.",train,synthetic_augmented_from_open_clean,punctuation,"[""introductory_comma""]","[{""source"": """", ""replacement"": "","", ""edit_type"": ""punctuation_insert"", ""start"": 13, ""end"": 13, ""status"": ""proposed"", ""reason"": """", ""confidence"": 0.86, ""rule_id"": ""introductory_comma""}]","{""candidate_present"": true, ""candidate_rule_ids"": [""introductory_comma""], ""carrier_sentence_hash"": ""4549669a0dfeec80fb1b9fa6"", ""clean_hash"": ""f1aacfa71edc3ef769e83947c6b5b97658a9b6f21d963536b6f882fd982eda45"", ""error_bearing_span"": [13, 13], ""error_form"": """", ""generation_strategy"": ""corpus_opportunity"", ""license_status"": ""Open Lenta.ru news dataset; verify terms before production."", ""normalized_pair_hash"": ""0f7e7606084467027a835e18cc5de459b1fe1958cfb3274753ca663c8f13d116"", ""original_clean_sentence"": ""Следовательно, общий график нужно сохранить отдельно. Утром координатор отправил ответ.... позже редактор проверил запись меткаряцда."", ""rule_ids"": [""introductory_comma""], ""sentence_id"": ""12184:7"", ""source_doc_id"": ""https://lenta.ru/news/2000/08/30/las_vegas/"", ""source_name"": ""lenta_news"", ""source_subcorpus"": ""Мир"", ""source_type"": ""synthetic_augmented_from_open_clean"", ""target_family"": ""introductory_comma"", ""target_form"": "","", ""template_id"": ""synthetic_targeted_introductory_comma""}","Следовательно, общий график нужно сохранить отдельно. Утром координатор отправил ответ.",lenta_news,Мир,False,False,4549669a0dfeec80fb1b9fa6,4549669a0dfeec80fb1b9fa679e90e3b5cabd59e78a39be92d8b5c5bc43ade9d,"[""punctuation""]",lenta_news,False,True,news,introductory_comma,"[{""source"": """", ""replacement"": "","", ""edit_type"": ""punctuation_insert"", ""start"": 13, ""end"": 13, ""status"": ""proposed"", ""reason"": """", ""confidence"": 0.86, ""rule_id"": ""introductory_comma""}]",rule:introductory_comma
Следовательно закрытая заявка нужно сохранить отдельно. После обеда комиссия уточнила вывод.... позже редактор проверил запись меткаимцда.,"Следовательно, закрытая заявка нужно сохранить отдельно. После обеда комиссия уточнила вывод.... позже редактор проверил запись меткаимцда.",train,synthetic_augmented_from_open_clean,punctuation,"[""introductory_comma""]","[{""source"": """", ""replacement"": "","", ""edit_type"": ""punctuation_insert"", ""start"": 13, ""end"": 13, ""status"": ""proposed"", ""reason"": """", ""confidence"": 0.86, ""rule_id"": ""introductory_comma""}]","{""candidate_present"": true, ""candidate_rule_ids"": [""introductory_comma""], ""carrier_sentence_hash"": ""9be99501323f34d4ba21fb3d"", ""clean_hash"": ""fbc7f9d44640bd7b2bdea4191bcf11e08c9f09604b8224dfd1bd40c474d50641"", ""error_bearing_span"": [13, 13], ""error_form"": """", ""generation_strategy"": ""corpus_opportunity"", ""license_status"": ""Open Lenta.ru news dataset; verify terms before production."", ""normalized_pair_hash"": ""d681f9f90404e3782f899b12befda16b08655ccc33a086d53fc4458adf2092f1"", ""original_clean_sentence"": ""Следовательно, закрытая заявка нужно сохранить отдельно. После обеда комиссия уточнила вывод.... позже редактор проверил запись меткаимцда."", ""rule_ids"": [""introductory_comma""], ""sentence_id"": ""12065:6"", ""source_doc_id"": ""https://lenta.ru/news/2000/08/28/mudslide/"", ""source_name"": ""lenta_news"", ""source_subcorpus"": ""Россия"", ""source_type"": ""synthetic_augmented_from_open_clean"", ""target_family"": ""introductory_comma"", ""target_form"": "","", ""template_id"": ""synthetic_targeted_introductory_comma""}","Следовательно, закрытая заявка нужно сохранить отдельно. После обеда комиссия уточнила вывод.",lenta_news,Россия,False,False,9be99501323f34d4ba21fb3d,9be99501323f34d4ba21fb3d72f22fa50e43f19af6cb51516246825d0f9906ed,"[""punctuation""]",lenta_news,False,True,news,introductory_comma,"[{""source"": """", ""replacement"": "","", ""edit_type"": ""punctuation_insert"", ""start"": 13, ""end"": 13, ""status"": ""proposed"", ""reason"": """", ""confidence"": 0.86, ""rule_id"": ""introductory_comma""}]",rule:introductory_comma
Конечно новый документ требует проверки. Утром секретарь открыл папку.... позже редактор проверил запись меткамрхда.,"Конечно, новый документ требует проверки. Утром секретарь открыл папку.... позже редактор проверил запись меткамрхда.",train,synthetic_augmented_from_open_clean,punctuation,"[""introductory_comma""]","[{""source"": """", ""replacement"": "","", ""edit_type"": ""punctuation_insert"", ""start"": 7, ""end"": 7, ""status"": ""proposed"", ""reason"": """", ""confidence"": 0.86, ""rule_id"": ""introductory_comma""}]","{""candidate_present"": true, ""candidate_rule_ids"": [""introductory_comma""], ""carrier_sentence_hash"": ""d1cc77eb011dae3b601d66a7"", ""clean_hash"": ""cb70c8bdbb6af84529fbd93367f0ea3e5303682df7fb0e6a40b80d7c29ffd825"", ""error_bearing_span"": [7, 7], ""error_form"": """", ""generation_strategy"": ""corpus_opportunity"", ""license_status"": ""Open Lenta.ru news dataset; verify terms before production."", ""normalized_pair_hash"": ""77b82ab4965425581da323bfcf1ae3a92ad9cf02e45e0c6a63fd9163c90136d6"", ""original_clean_sentence"": ""Конечно, новый документ требует проверки. Утром секретарь открыл папку.... позже редактор проверил запись меткамрхда."", ""rule_ids"": [""introductory_comma""], ""sentence_id"": ""11888:0"", ""source_doc_id"": ""https://lenta.ru/news/2000/08/23/un/"", ""source_name"": ""lenta_news"", ""source_subcorpus"": ""Россия"", ""source_type"": ""synthetic_augmented_from_open_clean"", ""target_family"": ""introductory_comma"", ""target_form"": "","", ""template_id"": ""synthetic_targeted_introductory_comma""}","Конечно, новый документ требует проверки. Утром секретарь открыл папку.",lenta_news,Россия,False,False,d1cc77eb011dae3b601d66a7,d1cc77eb011dae3b601d66a76dcef9c55d24fd23666c0efc118e89844b757873,"[""punctuation""]",lenta_news,False,True,news,introductory_comma,"[{""source"": """", ""replacement"": "","", ""edit_type"": ""punctuation_insert"", ""start"": 7, ""end"": 7, ""status"": ""proposed"", ""reason"": """", ""confidence"": 0.86, ""rule_id"": ""introductory_comma""}]",rule:introductory_comma
"Конечно зимнее расписание требует проверки. После встречи редактор сохранил таблицу. Кое кто проверил согласованный договор. После проверки юрист принял таблицу. Команда ждала то есть важное решение оставался открытым. После звонка комиссия ждала письмо. Труды ученого, составившие его вклад в мировую науку, сформировали основы учения о международной макроэкономике.","Конечно, зимнее расписание требует проверки. После встречи редактор сохранил таблицу. Кое-кто проверил согласованный договор. После проверки юрист принял таблицу. Команда ждала, то есть важное решение оставался открытым. После звонка комиссия ждала письмо. Труды ученого, составившие его вклад в мировую науку, сформировали основы учения о международной макроэкономике.",train,synthetic_augmented_from_open_clean,punctuation,"[""introductory_comma"", ""hyphen_koe_koy"", ""clarification_comma""]","[{""source"": """", ""replacement"": "","", ""edit_type"": ""punctuation_insert"", ""start"": 7, ""end"": 7, ""status"": ""proposed"", ""reason"": """", ""confidence"": 0.86, ""rule_id"": ""introductory_comma""}, {""source"": ""Кое кто"", ""replacement"": ""Кое-кто"", ""edit_type"": ""hyphen_change"", ""start"": 0, ""end"": 92, ""status"": ""proposed"", ""reason"": """", ""confidence"": 0.95, ""rule_id"": ""hyphen_koe_koy""}, {""source"": """", ""replacement"": "","", ""edit_type"": ""punctuation_insert"", ""start"": 175, ""end"": 175, ""status"": ""proposed"", ""reason"": """", ""confidence"": 0.82, ""rule_id"": ""clarification_comma"", ""error_type"": ""punctuation""}]","{""candidate_present"": true, ""candidate_rule_ids"": [""clarification_comma"", ""hyphen_koe_koy"", ""introductory_comma""], ""carrier_sentence_hash"": ""8a25ad3ea8905a63a4d34c68"", ""clean_hash"": ""9d1dfe64888f73ff5fe20ff0ae64871fc9d8f12f276d6a65a608473564846b90"", ""error_bearing_span"": [7, 7], ""error_count"": 3, ""error_form"": """", ""generation_strategy"": ""multi_error_stress"", ""is_stress"": true, ""license_status"": ""Open Lenta.ru news dataset; verify terms before production."", ""original_clean_sentence"": ""Конечно, зимнее расписание требует проверки. После встречи редактор сохранил таблицу. Кое-кто проверил согласованный договор. После проверки юрист принял таблицу. Команда ждала, то есть важное решение оставался открытым. После звонка комиссия ждала письмо. Труды ученого, составившие его вклад в мировую науку, сформировали основы учения о международной макроэкономике."", ""rule_ids"": [""introductory_comma"", ""hyphen_koe_koy"", ""clarification_comma""], ""sentence_id"": ""895:3"", ""source_doc_id"": ""https://lenta.ru/news/1999/10/13/nobel_prize/"", ""source_name"": ""lenta_news"", ""source_subcorpus"": ""Экономика"", ""source_type"": ""synthetic_augmented_from_open_clean"", ""target_family"": ""introductory_comma"", ""target_form"": "",""}","Конечно, зимнее расписание требует проверки. После встречи редактор сохранил таблицу. Кое-кто проверил согласованный договор. После проверки юрист принял таблицу. Команда ждала, то есть важное решение оставался открытым. После звонка комиссия ждала письмо. Труды ученого, составившие его вклад в мировую науку, сформировали основы учения о международной макроэкономике.",lenta_news,Экономика,False,False,927b4f0e499aa76c2003177e,927b4f0e499aa76c2003177e806303d546ab1ddc71fba9ec4c97d1c806486ec9,"[""hyphen"", ""punctuation""]",lenta_news,False,True,news,introductory_comma,"[{""source"": """", ""replacement"": "","", ""edit_type"": ""punctuation_insert"", ""start"": 7, ""end"": 7, ""status"": ""proposed"", ""reason"": """", ""confidence"": 0.86, ""rule_id"": ""introductory_comma""}, {""source"": ""Кое кто"", ""replacement"": ""Кое-кто"", ""edit_type"": ""hyphen_change"", ""start"": 0, ""end"": 92, ""status"": ""proposed"", ""reason"": """", ""confidence"": 0.95, ""rule_id"": ""hyphen_koe_koy""}, {""source"": """", ""replacement"": "","", ""edit_type"": ""punctuation_insert"", ""start"": 175, ""end"": 175, ""status"": ""proposed"", ""reason"": """", ""confidence"": 0.82, ""rule_id"": ""clarification_comma"", ""error_type"": ""punctuation""}]",rule:introductory_comma
Конечно открытый вопрос требует проверки. Утром аналитик принял ведомость.... позже редактор проверил запись меткажпчда.,"Конечно, открытый вопрос требует проверки. Утром аналитик принял ведомость.... позже редактор проверил запись меткажпчда.",train,synthetic_augmented_from_open_clean,punctuation,"[""introductory_comma""]","[{""source"": """", ""replacement"": "","", ""edit_type"": ""punctuation_insert"", ""start"": 7, ""end"": 7, ""status"": ""proposed"", ""reason"": """", ""confidence"": 0.86, ""rule_id"": ""introductory_comma""}]","{""candidate_present"": true, ""candidate_rule_ids"": [""introductory_comma""], ""carrier_sentence_hash"": ""7d8bb5e2fcf30958238f57e1"", ""clean_hash"": ""6ae575164c3823062644ff7fe24bf9807e617569d507d1314f8718397016a692"", ""error_bearing_span"": [7, 7], ""error_form"": """", ""generation_strategy"": ""corpus_opportunity"", ""license_status"": ""Open Lenta.ru news dataset; verify terms before production."", ""normalized_pair_hash"": ""6624b2dc440a037402f9b608bf5d4544947fdfc7085f62b5078670aab045045e"", ""original_clean_sentence"": ""Конечно, открытый вопрос требует проверки. Утром аналитик принял ведомость.... позже редактор проверил запись меткажпчда."", ""rule_ids"": [""introductory_comma""], ""sentence_id"": ""12279:1"", ""source_doc_id"": ""https://lenta.ru/news/2000/09/01/letters/"", ""source_name"": ""lenta_news"", ""source_subcorpus"": ""Мир"", ""source_type"": ""synthetic_augmented_from_open_clean"", ""target_family"": ""introductory_comma"", ""target_form"": "","", ""template_id"": ""synthetic_targeted_introductory_comma""}","Конечно, открытый вопрос требует проверки. Утром аналитик принял ведомость.",lenta_news,Мир,False,False,7d8bb5e2fcf30958238f57e1,7d8bb5e2fcf30958238f57e1d62bb5815324abe97f47b693e535cae6d1b2e56c,"[""punctuation""]",lenta_news,False,True,news,introductory_comma,"[{""source"": """", ""replacement"": "","", ""edit_type"": ""punctuation_insert"", ""start"": 7, ""end"": 7, ""status"": ""proposed"", ""reason"": """", ""confidence"": 0.86, ""rule_id"": ""introductory_comma""}]",rule:introductory_comma
Конечно важное решение требует проверки. После проверки редактор уточнил справку.... позже редактор проверил запись меткауоцда.,"Конечно, важное решение требует проверки. После проверки редактор уточнил справку.... позже редактор проверил запись меткауоцда.",train,synthetic_augmented_from_open_clean,punctuation,"[""introductory_comma""]","[{""source"": """", ""replacement"": "","", ""edit_type"": ""punctuation_insert"", ""start"": 7, ""end"": 7, ""status"": ""proposed"", ""reason"": """", ""confidence"": 0.86, ""rule_id"": ""introductory_comma""}]","{""candidate_present"": true, ""candidate_rule_ids"": [""introductory_comma""], ""carrier_sentence_hash"": ""f3ee0a24d40a8560bb00c325"", ""clean_hash"": ""e55e88e8b1dd2892c63c48679908eb014bff02bc89839d0d3d4c629cddafbd38"", ""error_bearing_span"": [7, 7], ""error_form"": """", ""generation_strategy"": ""corpus_opportunity"", ""license_status"": ""Open Lenta.ru news dataset; verify terms before production."", ""normalized_pair_hash"": ""eaf2e7cd39287661bd5af9a0e5944c5364df9244c430461e2201798e9ed49624"", ""original_clean_sentence"": ""Конечно, важное решение требует проверки. После проверки редактор уточнил справку.... позже редактор проверил запись меткауоцда."", ""rule_ids"": [""introductory_comma""], ""sentence_id"": ""12086:2"", ""source_doc_id"": ""https://lenta.ru/news/2000/08/28/killers/"", ""source_name"": ""lenta_news"", ""source_subcorpus"": ""Россия"", ""source_type"": ""synthetic_augmented_from_open_clean"", ""target_family"": ""introductory_comma"", ""target_form"": "","", ""template_id"": ""synthetic_targeted_introductory_comma""}","Конечно, важное решение требует проверки. После проверки редактор уточнил справку.",lenta_news,Россия,False,False,f3ee0a24d40a8560bb00c325,f3ee0a24d40a8560bb00c3255c3216a9297c30f5d58fd103d4bf3160e7b141d6,"[""punctuation""]",lenta_news,False,True,news,introductory_comma,"[{""source"": """", ""replacement"": "","", ""edit_type"": ""punctuation_insert"", ""start"": 7, ""end"": 7, ""status"": ""proposed"", ""reason"": """", ""confidence"": 0.86, ""rule_id"": ""introductory_comma""}]",rule:introductory_comma
Продаваемые в России меховые изделия должны в обязательном порядке иметь специальные контрольные идентификационные знаки (КИЗ).,Продаваемые в России меховые изделия должны в обязательном порядке иметь специальные контрольные идентификационные знаки (КИЗ).,train,clean_identity_from_open_clean,clean_identity,"[""clean_identity""]",[],"{""carrier_sentence_hash"": ""91950a618c115e2ea5947f51"", ""clean_hash"": ""12f5a4013fb25b0f1de41466fedad065d3c14100d345e1fb44eba021c82067e3"", ""generation_strategy"": ""clean_identity"", ""license_status"": ""Nerus Lenta annotated corpus; verify terms before production."", ""original_clean_sentence"": ""Продаваемые в России меховые изделия должны в обязательном порядке иметь специальные контрольные идентификационные знаки (КИЗ)."", ""rule_ids"": [""clean_identity""], ""sentence_id"": ""5627"", ""source_doc_id"": ""481"", ""source_name"": ""nerus_news"", ""source_subcorpus"": ""nerus_lenta"", ""source_type"": ""clean_identity_from_open_clean""}",Продаваемые в России меховые изделия должны в обязательном порядке иметь специальные контрольные идентификационные знаки (КИЗ).,nerus_news,nerus_lenta,False,False,dcfd356efb4a53c5452814d3,dcfd356efb4a53c5452814d31de33887503de910224cd021e2adb67a5148696a,[],nerus_news,True,False,news,clean_identity,[],safety:clean_identity
"Он сразу же побил британский трансферный рекорд, купив Брайана Робсона из «Вест Бромвича».","Он сразу же побил британский трансферный рекорд, купив Брайана Робсона из «Вест Бромвича».",train,clean_identity_from_open_clean,clean_identity,"[""clean_identity""]",[],"{""carrier_sentence_hash"": ""1e5bb6e45bb6fc4d17aa0585"", ""clean_hash"": ""62b222bd82056c95f9df1642c652ea30fc179898131650abc80aeb62fe6057ea"", ""generation_strategy"": ""clean_identity"", ""license_status"": ""OpenCorpora annotated corpus; verify terms before production."", ""original_clean_sentence"": ""Он сразу же побил британский трансферный рекорд, купив Брайана Робсона из «Вест Бромвича»."", ""rule_ids"": [""clean_identity""], ""sentence_id"": ""5484"", ""source_doc_id"": """", ""source_name"": ""opencorpora"", ""source_subcorpus"": ""opencorpora"", ""source_type"": ""clean_identity_from_open_clean""}","Он сразу же побил британский трансферный рекорд, купив Брайана Робсона из «Вест Бромвича».",opencorpora,opencorpora,False,False,018433c2b5ae17b380534ebc,018433c2b5ae17b380534ebcc28abb56dac63658a3bb74f2fe522980da060701,[],opencorpora,True,False,mixed_nonfiction,clean_identity,[],safety:clean_identity
Они закрыли железную дорогу и аэропорт.,Они закрыли железную дорогу и аэропорт.,train,clean_identity_from_open_clean,clean_identity,"[""clean_identity""]",[],"{""carrier_sentence_hash"": ""20f00128008d8a2bd5337500"", ""clean_hash"": ""2dbda971fee65dce6bd0eecdb242ece2711157f8ee7436620ca0aa4724ae3777"", ""generation_strategy"": ""clean_identity"", ""license_status"": ""Open Lenta.ru news dataset; verify terms before production."", ""original_clean_sentence"": ""Они закрыли железную дорогу и аэропорт."", ""rule_ids"": [""clean_identity""], ""sentence_id"": ""299:43"", ""source_doc_id"": ""https://lenta.ru/news/1999/09/17/maskhadov/"", ""source_name"": ""lenta_news"", ""source_subcorpus"": ""Россия"", ""source_type"": ""clean_identity_from_open_clean""}",Они закрыли железную дорогу и аэропорт.,lenta_news,Россия,False,False,5e254b399762b9bc5cc8ada1,5e254b399762b9bc5cc8ada158ad6a214c30f6460d62e16cea92a003247929b9,[],lenta_news,True,False,news,clean_identity,[],safety:clean_identity
"""Ошибка-2000"" в США: Пентагон готовится к войне В среду СМИ США продемонстрировали, насколько по-разному в Америке воспринимают угрозу ""Ошибки-2000"".","""Ошибка-2000"" в США: Пентагон готовится к войне В среду СМИ США продемонстрировали, насколько по-разному в Америке воспринимают угрозу ""Ошибки-2000"".",val,clean_identity_from_open_clean,clean_identity,"[""clean_identity""]",[],"{""carrier_sentence_hash"": ""27d23519de6e6ebc7923ac16"", ""clean_hash"": ""3dbcec64c0a7bce3c88013cf956deae85fbeca32e33df51518a122f33f1fa6ac"", ""generation_strategy"": ""clean_identity"", ""license_status"": ""Open Lenta.ru news dataset; verify terms before production."", ""original_clean_sentence"": ""\""Ошибка-2000\"" в США: Пентагон готовится к войне В среду СМИ США продемонстрировали, насколько по-разному в Америке воспринимают угрозу \""Ошибки-2000\""."", ""rule_ids"": [""clean_identity""], ""sentence_id"": ""418:0"", ""source_doc_id"": ""https://lenta.ru/news/1999/09/23/y2k/"", ""source_name"": ""lenta_news"", ""source_subcorpus"": ""Мир"", ""source_type"": ""clean_identity_from_open_clean""}","""Ошибка-2000"" в США: Пентагон готовится к войне В среду СМИ США продемонстрировали, насколько по-разному в Америке воспринимают угрозу ""Ошибки-2000"".",lenta_news,Мир,False,False,ec68ae793f494a0611a26079,ec68ae793f494a0611a2607954ab489f1effba83ef92d66b35c9f8e533bf809d,[],lenta_news,True,False,news,clean_identity,[],safety:clean_identity
"Украина не должна забывать о преступлениях, совершенных против украинских евреев, и никоим образом не отмечать их через почитание их исполнителей», — написал дипломат.","Украина не должна забывать о преступлениях, совершенных против украинских евреев, и никоим образом не отмечать их через почитание их исполнителей», — написал дипломат.",train,clean_identity_from_open_clean,clean_identity,"[""clean_identity""]",[],"{""carrier_sentence_hash"": ""ef022c7d5f1d7aa8d03fd011"", ""clean_hash"": ""ebf09af92b0d37fbdde9d79a6e93b2cd5ccf2f6ebc772c2d643080b4e29eb5d0"", ""generation_strategy"": ""clean_identity"", ""license_status"": ""Nerus Lenta annotated corpus; verify terms before production."", ""original_clean_sentence"": ""Украина не должна забывать о преступлениях, совершенных против украинских евреев, и никоим образом не отмечать их через почитание их исполнителей», — написал дипломат."", ""rule_ids"": [""clean_identity""], ""sentence_id"": ""4483"", ""source_doc_id"": ""378"", ""source_name"": ""nerus_news"", ""source_subcorpus"": ""nerus_lenta"", ""source_type"": ""clean_identity_from_open_clean""}","Украина не должна забывать о преступлениях, совершенных против украинских евреев, и никоим образом не отмечать их через почитание их исполнителей», — написал дипломат.",nerus_news,nerus_lenta,False,False,25a43b8480bf581529848b34,25a43b8480bf581529848b34f886dd32aa9022a2ae3158d9f694ed2195346978,[],nerus_news,True,False,news,clean_identity,[],safety:clean_identity
"Рекламное видео на YouTube не только не вызывает отторжения у пользователей, но и пользуется популярностью: они относятся к нему в полтора раза внимательнее, чем к рекламе на ТВ.","Рекламное видео на YouTube не только не вызывает отторжения у пользователей, но и пользуется популярностью: они относятся к нему в полтора раза внимательнее, чем к рекламе на ТВ.",train,clean_identity_from_open_clean,clean_identity,"[""clean_identity""]",[],"{""carrier_sentence_hash"": ""ef558aafc028afa643767ea2"", ""clean_hash"": ""20b93651c50290eaf27e457d01ad259402df4844f8220c3d3c14d633cd2f3f8d"", ""generation_strategy"": ""clean_identity"", ""license_status"": ""OpenCorpora annotated corpus; verify terms before production."", ""original_clean_sentence"": ""Рекламное видео на YouTube не только не вызывает отторжения у пользователей, но и пользуется популярностью: они относятся к нему в полтора раза внимательнее, чем к рекламе на ТВ."", ""rule_ids"": [""clean_identity""], ""sentence_id"": ""7618"", ""source_doc_id"": """", ""source_name"": ""opencorpora"", ""source_subcorpus"": ""opencorpora"", ""source_type"": ""clean_identity_from_open_clean""}","Рекламное видео на YouTube не только не вызывает отторжения у пользователей, но и пользуется популярностью: они относятся к нему в полтора раза внимательнее, чем к рекламе на ТВ.",opencorpora,opencorpora,False,False,b46d62e44dec1e58caf140a1,b46d62e44dec1e58caf140a18ba3e834afc5c47c64cfb444e8b7f0327de137bf,[],opencorpora,True,False,mixed_nonfiction,clean_identity,[],safety:clean_identity
"За все время сотрудничества с управлением""Mabetex"" выиграл всего лишь несколько тендеров.","За все время сотрудничества с управлением""Mabetex"" выиграл всего лишь несколько тендеров.",val,clean_identity_from_open_clean,clean_identity,"[""clean_identity""]",[],"{""carrier_sentence_hash"": ""7f7255061242eaab4f848228"", ""clean_hash"": ""7fa88289c9c915ce8a318e474d7277dd5dd5dbd2e8110bb10e3fa56ac0fb3118"", ""generation_strategy"": ""clean_identity"", ""license_status"": ""Open Lenta.ru news dataset; verify terms before production."", ""original_clean_sentence"": ""За все время сотрудничества с управлением\""Mabetex\"" выиграл всего лишь несколько тендеров."", ""rule_ids"": [""clean_identity""], ""sentence_id"": ""126:13"", ""source_doc_id"": ""https://lenta.ru/news/1999/09/08/borodin/"", ""source_name"": ""lenta_news"", ""source_subcorpus"": ""Россия"", ""source_type"": ""clean_identity_from_open_clean""}","За все время сотрудничества с управлением""Mabetex"" выиграл всего лишь несколько тендеров.",lenta_news,Россия,False,False,32242a77c42ea73ea8e15f5a,32242a77c42ea73ea8e15f5af7242dd7b6e1d6ba5a2ef8ff7bec0f5cda489379,[],lenta_news,True,False,news,clean_identity,[],safety:clean_identity
"Никогда РАО ""ЕЭС России"" не выдавало своей дочернейкомпании никаких политических поручений"", - говорится в заявлении ""Дальэнерго"".","Никогда РАО ""ЕЭС России"" не выдавало своей дочернейкомпании никаких политических поручений"", - говорится в заявлении ""Дальэнерго"".",train,clean_identity_from_open_clean,clean_identity,"[""clean_identity""]",[],"{""carrier_sentence_hash"": ""7909d46429065795a3025bc1"", ""clean_hash"": ""11750e12306096d9a85a56b807762731fe0a0e1825207d865b61544931f5d3b6"", ""generation_strategy"": ""clean_identity"", ""license_status"": ""Open Lenta.ru news dataset; verify terms before production."", ""original_clean_sentence"": ""Никогда РАО \""ЕЭС России\"" не выдавало своей дочернейкомпании никаких политических поручений\"", - говорится в заявлении \""Дальэнерго\""."", ""rule_ids"": [""clean_identity""], ""sentence_id"": ""731:3"", ""source_doc_id"": ""https://lenta.ru/news/1999/10/07/power/"", ""source_name"": ""lenta_news"", ""source_subcorpus"": ""Россия"", ""source_type"": ""clean_identity_from_open_clean""}","Никогда РАО ""ЕЭС России"" не выдавало своей дочернейкомпании никаких политических поручений"", - говорится в заявлении ""Дальэнерго"".",lenta_news,Россия,False,False,abb72df6831387d0b2d8a78c,abb72df6831387d0b2d8a78c4aeaf6e4cfca656ffd2d9c36efa623773e6aa387,[],lenta_news,True,False,news,clean_identity,[],safety:clean_identity
Папа РимскийИоанн Павел II молится за упокой души Раисы Горбачевой инаправил личную телеграмму соболезнования в связи с ее кончинойМихаилу Горбачеву.,Папа РимскийИоанн Павел II молится за упокой души Раисы Горбачевой инаправил личную телеграмму соболезнования в связи с ее кончинойМихаилу Горбачеву.,train,clean_identity_from_open_clean,clean_identity,"[""clean_identity""]",[],"{""carrier_sentence_hash"": ""668bb2011ce82052be1befd1"", ""clean_hash"": ""da144c5b72b58b5ca78b3b75b6c8fcfed7fadda09b3f1547bad966952b64df65"", ""generation_strategy"": ""clean_identity"", ""license_status"": ""Open Lenta.ru news dataset; verify terms before production."", ""original_clean_sentence"": ""Папа РимскийИоанн Павел II молится за упокой души Раисы Горбачевой инаправил личную телеграмму соболезнования в связи с ее кончинойМихаилу Горбачеву."", ""rule_ids"": [""clean_identity""], ""sentence_id"": ""390:15"", ""source_doc_id"": ""https://lenta.ru/news/1999/09/22/gorbacheva/"", ""source_name"": ""lenta_news"", ""source_subcorpus"": ""Россия"", ""source_type"": ""clean_identity_from_open_clean""}",Папа РимскийИоанн Павел II молится за упокой души Раисы Горбачевой инаправил личную телеграмму соболезнования в связи с ее кончинойМихаилу Горбачеву.,lenta_news,Россия,False,False,2e9f9a6418ac46e9f5867978,2e9f9a6418ac46e9f58679782cd158e15fcef3a774a938bb50f55c0bf2840571,[],lenta_news,True,False,news,clean_identity,[],safety:clean_identity
Американский актер стал российским гражданином в ноябре 2016 года.,Американский актер стал российским гражданином в ноябре 2016 года.,train,clean_identity_from_open_clean,clean_identity,"[""clean_identity""]",[],"{""carrier_sentence_hash"": ""717e30ef7d11ba374e3a9bce"", ""clean_hash"": ""9a094155c5c97865c237b51568a54c5e98de1de773db46a3526d00382aa375ca"", ""generation_strategy"": ""clean_identity"", ""license_status"": ""Nerus Lenta annotated corpus; verify terms before production."", ""original_clean_sentence"": ""Американский актер стал российским гражданином в ноябре 2016 года."", ""rule_ids"": [""clean_identity""], ""sentence_id"": ""3985"", ""source_doc_id"": ""336"", ""source_name"": ""nerus_news"", ""source_subcorpus"": ""nerus_lenta"", ""source_type"": ""clean_identity_from_open_clean""}",Американский актер стал российским гражданином в ноябре 2016 года.,nerus_news,nerus_lenta,False,False,5840b11117b2f824eb69dd6e,5840b11117b2f824eb69dd6e0d088bd50145596ee02a034e462d542574a92944,[],nerus_news,True,False,news,clean_identity,[],safety:clean_identity
"Мы публикуем фотографии, которые он там сделал.","Мы публикуем фотографии, которые он там сделал.",train,clean_identity_from_open_clean,clean_identity,"[""clean_identity""]",[],"{""carrier_sentence_hash"": ""f7b2abb2cffd6f484951efaa"", ""clean_hash"": ""bc60b5474374526641d4917227fb41b1d750c382bef45a6b377a7fa407dcae7d"", ""generation_strategy"": ""clean_identity"", ""license_status"": ""Open Lenta.ru news dataset; verify terms before production."", ""original_clean_sentence"": ""Мы публикуем фотографии, которые он там сделал."", ""rule_ids"": [""clean_identity""], ""sentence_id"": ""239:1"", ""source_doc_id"": ""https://lenta.ru/news/1999/09/14/photos/"", ""source_name"": ""lenta_news"", ""source_subcorpus"": ""Россия"", ""source_type"": ""clean_identity_from_open_clean""}","Мы публикуем фотографии, которые он там сделал.",lenta_news,Россия,False,False,96d585c4029423e88919a8a3,96d585c4029423e88919a8a3eb81b926871c4152239bd6870a845bf18c36e655,[],lenta_news,True,False,news,clean_identity,[],safety:clean_identity
"«Газпром» является основным акционером «Газпром нефти», ему принадлежит 95,68 процента акций.","«Газпром» является основным акционером «Газпром нефти», ему принадлежит 95,68 процента акций.",train,clean_identity_from_open_clean,clean_identity,"[""clean_identity""]",[],"{""carrier_sentence_hash"": ""b7a0f5d6f72d8bcfa62387b3"", ""clean_hash"": ""4008c203278a50cb4e2d5186f155242bd27c32d6037b5950432843340bcd3e8c"", ""generation_strategy"": ""clean_identity"", ""license_status"": ""Nerus Lenta annotated corpus; verify terms before production."", ""original_clean_sentence"": ""«Газпром» является основным акционером «Газпром нефти», ему принадлежит 95,68 процента акций."", ""rule_ids"": [""clean_identity""], ""sentence_id"": ""1193"", ""source_doc_id"": ""106"", ""source_name"": ""nerus_news"", ""source_subcorpus"": ""nerus_lenta"", ""source_type"": ""clean_identity_from_open_clean""}","«Газпром» является основным акционером «Газпром нефти», ему принадлежит 95,68 процента акций.",nerus_news,nerus_lenta,False,False,1790f3d6c2579e852970e109,1790f3d6c2579e852970e109168bbcc15780952a0096ee4a6f3feb37ecf6d7e2,[],nerus_news,True,False,news,clean_identity,[],safety:clean_identity
"Кузнецов задержан, решается вопрос об избрании ему меры пресечения.","Кузнецов задержан, решается вопрос об избрании ему меры пресечения.",val,clean_identity_from_open_clean,clean_identity,"[""clean_identity""]",[],"{""carrier_sentence_hash"": ""0b87621204848ff07e2cdba7"", ""clean_hash"": ""787af0f7bc075eebb6077ae4c45dad443941e170949da325f8d7344fe0bb3438"", ""generation_strategy"": ""clean_identity"", ""license_status"": ""Nerus Lenta annotated corpus; verify terms before production."", ""original_clean_sentence"": ""Кузнецов задержан, решается вопрос об избрании ему меры пресечения."", ""rule_ids"": [""clean_identity""], ""sentence_id"": ""2015"", ""source_doc_id"": ""177"", ""source_name"": ""nerus_news"", ""source_subcorpus"": ""nerus_lenta"", ""source_type"": ""clean_identity_from_open_clean""}","Кузнецов задержан, решается вопрос об избрании ему меры пресечения.",nerus_news,nerus_lenta,False,False,74e7fbbd87fa3e94d827d8b3,74e7fbbd87fa3e94d827d8b3c757e226d675c26fdda5a0be0ad673a58613296a,[],nerus_news,True,False,news,clean_identity,[],safety:clean_identity
"Во-первых, сразу, в первом издании книги, в конце выражена благодарность целому ряду лиц, среди которых есть … и блогер Айрен.","Во-первых, сразу, в первом издании книги, в конце выражена благодарность целому ряду лиц, среди которых есть … и блогер Айрен.",train,clean_identity_from_open_clean,clean_identity,"[""clean_identity""]",[],"{""carrier_sentence_hash"": ""9ff25c2bbd92c1f8968ad96b"", ""clean_hash"": ""b368983f407f524c821e8a56fcc8e8d8a6279354d7f93309f7539d8f28cee52a"", ""generation_strategy"": ""clean_identity"", ""license_status"": ""OpenCorpora annotated corpus; verify terms before production."", ""original_clean_sentence"": ""Во-первых, сразу, в первом издании книги, в конце выражена благодарность целому ряду лиц, среди которых есть … и блогер Айрен."", ""rule_ids"": [""clean_identity""], ""sentence_id"": ""12587"", ""source_doc_id"": """", ""source_name"": ""opencorpora"", ""source_subcorpus"": ""opencorpora"", ""source_type"": ""clean_identity_from_open_clean""}","Во-первых, сразу, в первом издании книги, в конце выражена благодарность целому ряду лиц, среди которых есть … и блогер Айрен.",opencorpora,opencorpora,False,False,b0a1ff46e20654febfd73bb6,b0a1ff46e20654febfd73bb6b013320f967f27c31c9600a7385727b98ccc90e0,[],opencorpora,True,False,mixed_nonfiction,clean_identity,[],safety:clean_identity
Подобная практика широко известна: она позволяет избежать уплаты налогов.,Подобная практика широко известна: она позволяет избежать уплаты налогов.,train,clean_identity_from_open_clean,clean_identity,"[""clean_identity""]",[],"{""carrier_sentence_hash"": ""14c6bf0cc794dcf0dc88a13a"", ""clean_hash"": ""409c6d1a01fab660ac5298ec160188da21ee550b70e55fb97199867406278254"", ""generation_strategy"": ""clean_identity"", ""license_status"": ""Open Lenta.ru news dataset; verify terms before production."", ""original_clean_sentence"": ""Подобная практика широко известна: она позволяет избежать уплаты налогов."", ""rule_ids"": [""clean_identity""], ""sentence_id"": ""598:7"", ""source_doc_id"": ""https://lenta.ru/news/1999/09/30/bank_skandal/"", ""source_name"": ""lenta_news"", ""source_subcorpus"": ""Россия"", ""source_type"": ""clean_identity_from_open_clean""}",Подобная практика широко известна: она позволяет избежать уплаты налогов.,lenta_news,Россия,False,False,23aeb3f2179fdafba89928b1,23aeb3f2179fdafba89928b1c37e27d2f691fb5ac33dae90eeb922922e6c5c7a,[],lenta_news,True,False,news,clean_identity,[],safety:clean_identity
"С места происшествия изъяты три стреляных гильзы от пистолета иностранного производства калибра 5,6 миллиметров.","С места происшествия изъяты три стреляных гильзы от пистолета иностранного производства калибра 5,6 миллиметров.",train,clean_identity_from_open_clean,clean_identity,"[""clean_identity""]",[],"{""carrier_sentence_hash"": ""45446afbd84b04c177fcaf5a"", ""clean_hash"": ""7f277a3828d1ae5da6e4dfe07dc10c9cac8a816585078a1230480638fe24a8ac"", ""generation_strategy"": ""clean_identity"", ""license_status"": ""Open Lenta.ru news dataset; verify terms before production."", ""original_clean_sentence"": ""С места происшествия изъяты три стреляных гильзы от пистолета иностранного производства калибра 5,6 миллиметров."", ""rule_ids"": [""clean_identity""], ""sentence_id"": ""656:5"", ""source_doc_id"": ""https://lenta.ru/news/1999/10/04/bijsk/"", ""source_name"": ""lenta_news"", ""source_subcorpus"": ""Россия"", ""source_type"": ""clean_identity_from_open_clean""}","С места происшествия изъяты три стреляных гильзы от пистолета иностранного производства калибра 5,6 миллиметров.",lenta_news,Россия,False,False,19cef59d38fcc64d48fe5b49,19cef59d38fcc64d48fe5b49cd3e521dbdce34628987accb5764cf8ab8a9b9d4,[],lenta_news,True,False,news,clean_identity,[],safety:clean_identity
"Общаястоимость сделки составляет, по данным индийскогоинформационного агентства ПТИ, 124 млн долларов США.","Общаястоимость сделки составляет, по данным индийскогоинформационного агентства ПТИ, 124 млн долларов США.",train,clean_identity_from_open_clean,clean_identity,"[""clean_identity""]",[],"{""carrier_sentence_hash"": ""15acde68b4da856d52d99bd6"", ""clean_hash"": ""592b69a5fce78aa35dd6c38922e5615d0be0c2a34b96dc9afa409a519a389527"", ""generation_strategy"": ""clean_identity"", ""license_status"": ""Open Lenta.ru news dataset; verify terms before production."", ""original_clean_sentence"": ""Общаястоимость сделки составляет, по данным индийскогоинформационного агентства ПТИ, 124 млн долларов США."", ""rule_ids"": [""clean_identity""], ""sentence_id"": ""560:5"", ""source_doc_id"": ""https://lenta.ru/news/1999/09/29/bangladesh/"", ""source_name"": ""lenta_news"", ""source_subcorpus"": ""Россия"", ""source_type"": ""clean_identity_from_open_clean""}","Общаястоимость сделки составляет, по данным индийскогоинформационного агентства ПТИ, 124 млн долларов США.",lenta_news,Россия,False,False,525c45db96a88c5eca05a75d,525c45db96a88c5eca05a75dff1e9897b0eafed22a5c35a107dc86cfb77bc265,[],lenta_news,True,False,news,clean_identity,[],safety:clean_identity
"Так создается паралельный информационный мир или, как принято говорить в последнее время, «расширенная» реальность.","Так создается паралельный информационный мир или, как принято говорить в последнее время, «расширенная» реальность.",train,clean_identity_from_open_clean,clean_identity,"[""clean_identity""]",[],"{""carrier_sentence_hash"": ""6c71463f6675813f72d33768"", ""clean_hash"": ""2e9630b41ec3010fcaec3eec6a3d847124a4d9abb56f83926b9241379cb55bf3"", ""generation_strategy"": ""clean_identity"", ""license_status"": ""OpenCorpora annotated corpus; verify terms before production."", ""original_clean_sentence"": ""Так создается паралельный информационный мир или, как принято говорить в последнее время, «расширенная» реальность."", ""rule_ids"": [""clean_identity""], ""sentence_id"": ""5307"", ""source_doc_id"": """", ""source_name"": ""opencorpora"", ""source_subcorpus"": ""opencorpora"", ""source_type"": ""clean_identity_from_open_clean""}","Так создается паралельный информационный мир или, как принято говорить в последнее время, «расширенная» реальность.",opencorpora,opencorpora,False,False,f9a4050caa6dbee30588c08b,f9a4050caa6dbee30588c08b9d7494668956b44085eea41d505e88eaf4acb38b,[],opencorpora,True,False,mixed_nonfiction,clean_identity,[],safety:clean_identity
"Природа этого вещества неизвестна, но это может быть органика, значительно затемнённая заряженными частицами из магнитосферы Урана.","Природа этого вещества неизвестна, но это может быть органика, значительно затемнённая заряженными частицами из магнитосферы Урана.",train,clean_identity_from_open_clean,clean_identity,"[""clean_identity""]",[],"{""carrier_sentence_hash"": ""f3d3ff7871caeece0bdf3330"", ""clean_hash"": ""009591ae4c9f623422f527a7d5c0425c4e7e446c21a0b9fdf6bf848b54e1f692"", ""generation_strategy"": ""clean_identity"", ""license_status"": ""OpenCorpora annotated corpus; verify terms before production."", ""original_clean_sentence"": ""Природа этого вещества неизвестна, но это может быть органика, значительно затемнённая заряженными частицами из магнитосферы Урана."", ""rule_ids"": [""clean_identity""], ""sentence_id"": ""4519"", ""source_doc_id"": """", ""source_name"": ""opencorpora"", ""source_subcorpus"": ""opencorpora"", ""source_type"": ""clean_identity_from_open_clean""}","Природа этого вещества неизвестна, но это может быть органика, значительно затемнённая заряженными частицами из магнитосферы Урана.",opencorpora,opencorpora,False,False,3be067f948644c6e231def8e,3be067f948644c6e231def8e5ed8501dfd9130d592234769a1bcdc93d4739804,[],opencorpora,True,False,mixed_nonfiction,clean_identity,[],safety:clean_identity
Пленка была найдена в одном из офисов ФБР в Куантико (Вирджиния).,Пленка была найдена в одном из офисов ФБР в Куантико (Вирджиния).,train,clean_identity_from_open_clean,clean_identity,"[""clean_identity""]",[],"{""carrier_sentence_hash"": ""8eb03d1e17917e6140f6028c"", ""clean_hash"": ""6a48ad237ca3b510af87d668c2bb61edde04a22dc6bc48c410877d7bd2f5adac"", ""generation_strategy"": ""clean_identity"", ""license_status"": ""Open Lenta.ru news dataset; verify terms before production."", ""original_clean_sentence"": ""Пленка была найдена в одном из офисов ФБР в Куантико (Вирджиния)."", ""rule_ids"": [""clean_identity""], ""sentence_id"": ""54:7"", ""source_doc_id"": ""https://lenta.ru/news/1999/09/02/waco/"", ""source_name"": ""lenta_news"", ""source_subcorpus"": ""Мир"", ""source_type"": ""clean_identity_from_open_clean""}",Пленка была найдена в одном из офисов ФБР в Куантико (Вирджиния).,lenta_news,Мир,False,False,f6fca1cdc2de3c76eb330b1c,f6fca1cdc2de3c76eb330b1c396fff7eed37c8fd8166b786da3e2d4ee8333919,[],lenta_news,True,False,news,clean_identity,[],safety:clean_identity
Еще порядка 20 кандидатов будут подвергнутыдополнительной проверке.,Еще порядка 20 кандидатов будут подвергнутыдополнительной проверке.,val,clean_identity_from_open_clean,clean_identity,"[""clean_identity""]",[],"{""carrier_sentence_hash"": ""93b387141d4457cb48335c13"", ""clean_hash"": ""ff1d112efe07a26bdc017f3e86803fac987d76f2c70ced4ce602fae209a3b7e8"", ""generation_strategy"": ""clean_identity"", ""license_status"": ""Open Lenta.ru news dataset; verify terms before production."", ""original_clean_sentence"": ""Еще порядка 20 кандидатов будут подвергнутыдополнительной проверке."", ""rule_ids"": [""clean_identity""], ""sentence_id"": ""906:4"", ""source_doc_id"": ""https://lenta.ru/news/1999/10/14/kprf/"", ""source_name"": ""lenta_news"", ""source_subcorpus"": ""Россия"", ""source_type"": ""clean_identity_from_open_clean""}",Еще порядка 20 кандидатов будут подвергнутыдополнительной проверке.,lenta_news,Россия,False,False,c54427755493c722aa20063c,c54427755493c722aa20063ca19bba0b54d342cfd7a0d33fc7fcc5e648c6cd9d,[],lenta_news,True,False,news,clean_identity,[],safety:clean_identity
"Об этом сообщается в пресс-релизе, поступившем в редакцию «Ленты.ру» в среду, 12 декабря.","Об этом сообщается в пресс-релизе, поступившем в редакцию «Ленты.ру» в среду, 12 декабря.",train,clean_identity_from_open_clean,clean_identity,"[""clean_identity""]",[],"{""carrier_sentence_hash"": ""2f25666b47548878cfc3abb6"", ""clean_hash"": ""f5d0c145c350d9d6095acb227061d768b8aef8e6e71d0fef69d8d6f718d37a80"", ""generation_strategy"": ""clean_identity"", ""license_status"": ""Nerus Lenta annotated corpus; verify terms before production."", ""original_clean_sentence"": ""Об этом сообщается в пресс-релизе, поступившем в редакцию «Ленты.ру» в среду, 12 декабря."", ""rule_ids"": [""clean_identity""], ""sentence_id"": ""5509"", ""source_doc_id"": ""470"", ""source_name"": ""nerus_news"", ""source_subcorpus"": ""nerus_lenta"", ""source_type"": ""clean_identity_from_open_clean""}","Об этом сообщается в пресс-релизе, поступившем в редакцию «Ленты.ру» в среду, 12 декабря.",nerus_news,nerus_lenta,False,False,e7cfc56ff620c514b2e5e75d,e7cfc56ff620c514b2e5e75dd555986f8b79334af449e02949ebcf430673c560,[],nerus_news,True,False,news,clean_identity,[],safety:clean_identity
"Оказалось, что он был некорректно сконфигурирован.","Оказалось, что он был некорректно сконфигурирован.",train,clean_identity_from_open_clean,clean_identity,"[""clean_identity""]",[],"{""carrier_sentence_hash"": ""f2146d35db27b8eb94f8fa86"", ""clean_hash"": ""bd7f4962d07ad2d2266f502609e9feb90c3156c6a7e5722d32d53abb02104960"", ""generation_strategy"": ""clean_identity"", ""license_status"": ""Nerus Lenta annotated corpus; verify terms before production."", ""original_clean_sentence"": ""Оказалось, что он был некорректно сконфигурирован."", ""rule_ids"": [""clean_identity""], ""sentence_id"": ""809"", ""source_doc_id"": ""71"", ""source_name"": ""nerus_news"", ""source_subcorpus"": ""nerus_lenta"", ""source_type"": ""clean_identity_from_open_clean""}","Оказалось, что он был некорректно сконфигурирован.",nerus_news,nerus_lenta,False,False,1f552cc4beb6a9950f2b98ab,1f552cc4beb6a9950f2b98ab9db4cdd4b3a1d4323e99a5206a639131107d65d0,[],nerus_news,True,False,news,clean_identity,[],safety:clean_identity
Только вот не надо бы дразнить.,Только вот не надо бы дразнить.,train,clean_identity_from_open_clean,clean_identity,"[""clean_identity""]",[],"{""carrier_sentence_hash"": ""c2d6b8cfc85d9827a3b74f76"", ""clean_hash"": ""242b2c70a5d66ed8cfb0f7255994ba6945ef411e8eb05883b5a5f7369d2bff23"", ""generation_strategy"": ""clean_identity"", ""license_status"": ""OpenCorpora annotated corpus; verify terms before production."", ""original_clean_sentence"": ""Только вот не надо бы дразнить."", ""rule_ids"": [""clean_identity""], ""sentence_id"": ""1162"", ""source_doc_id"": """", ""source_name"": ""opencorpora"", ""source_subcorpus"": ""opencorpora"", ""source_type"": ""clean_identity_from_open_clean""}",Только вот не надо бы дразнить.,opencorpora,opencorpora,False,False,e686df1f5d1da5f1e60b50f2,e686df1f5d1da5f1e60b50f2b64cad00ae9d410a9e580d7c9e68308e587cad32,[],opencorpora,True,False,mixed_nonfiction,clean_identity,[],safety:clean_identity
"Закрытие метро вызвало хаос на улицах Лондона Как сообщает ИТАР-ТАСС, невероятный хаос вызвало в среду в Лондоне одновременноезакрытие девяти станций метро.","Закрытие метро вызвало хаос на улицах Лондона Как сообщает ИТАР-ТАСС, невероятный хаос вызвало в среду в Лондоне одновременноезакрытие девяти станций метро.",train,clean_identity_from_open_clean,clean_identity,"[""clean_identity""]",[],"{""carrier_sentence_hash"": ""e31bbf463445db4a45e629d5"", ""clean_hash"": ""9bf00aaded4f59ade0345feff91b24e25d3526c7e4a101bfcf4a4ff7ea0c3c2b"", ""generation_strategy"": ""clean_identity"", ""license_status"": ""Open Lenta.ru news dataset; verify terms before production."", ""original_clean_sentence"": ""Закрытие метро вызвало хаос на улицах Лондона Как сообщает ИТАР-ТАСС, невероятный хаос вызвало в среду в Лондоне одновременноезакрытие девяти станций метро."", ""rule_ids"": [""clean_identity""], ""sentence_id"": ""555:0"", ""source_doc_id"": ""https://lenta.ru/news/1999/09/29/london_tube/"", ""source_name"": ""lenta_news"", ""source_subcorpus"": ""Мир"", ""source_type"": ""clean_identity_from_open_clean""}","Закрытие метро вызвало хаос на улицах Лондона Как сообщает ИТАР-ТАСС, невероятный хаос вызвало в среду в Лондоне одновременноезакрытие девяти станций метро.",lenta_news,Мир,False,False,9150a650abf6e63dd84ca11c,9150a650abf6e63dd84ca11c9483ac9b180b44dfd21f42bd6930b232dd57dd84,[],lenta_news,True,False,news,clean_identity,[],safety:clean_identity
К лету текущего года воздушный транспорт уже оправился от потрясений.,К лету текущего года воздушный транспорт уже оправился от потрясений.,train,clean_identity_from_open_clean,clean_identity,"[""clean_identity""]",[],"{""carrier_sentence_hash"": ""d5b841c2fc834d7546e018aa"", ""clean_hash"": ""e12dbc129c00c14e3f1e3249dce199020a85b58e0ba03cca1a13e7d00c6d6de5"", ""generation_strategy"": ""clean_identity"", ""license_status"": ""Open Lenta.ru news dataset; verify terms before production."", ""original_clean_sentence"": ""К лету текущего года воздушный транспорт уже оправился от потрясений."", ""rule_ids"": [""clean_identity""], ""sentence_id"": ""912:3"", ""source_doc_id"": ""https://lenta.ru/news/1999/10/14/avia/"", ""source_name"": ""lenta_news"", ""source_subcorpus"": ""Экономика"", ""source_type"": ""clean_identity_from_open_clean""}",К лету текущего года воздушный транспорт уже оправился от потрясений.,lenta_news,Экономика,False,False,b3813979b2c712b2439feaf9,b3813979b2c712b2439feaf9d53ad6b4900505c51f7af47369003c034ba6b5a5,[],lenta_news,True,False,news,clean_identity,[],safety:clean_identity
"Всю жизнь американец пытался выяснить, что же случилось с его отцом.","Всю жизнь американец пытался выяснить, что же случилось с его отцом.",train,clean_identity_from_open_clean,clean_identity,"[""clean_identity""]",[],"{""carrier_sentence_hash"": ""3f9f534f837233801e5ac038"", ""clean_hash"": ""8b576620f1276ab9e138f77b1ba29c2158c9ae1a34b6ec5bc575836510bb63eb"", ""generation_strategy"": ""clean_identity"", ""license_status"": ""Nerus Lenta annotated corpus; verify terms before production."", ""original_clean_sentence"": ""Всю жизнь американец пытался выяснить, что же случилось с его отцом."", ""rule_ids"": [""clean_identity""], ""sentence_id"": ""1780"", ""source_doc_id"": ""157"", ""source_name"": ""nerus_news"", ""source_subcorpus"": ""nerus_lenta"", ""source_type"": ""clean_identity_from_open_clean""}","Всю жизнь американец пытался выяснить, что же случилось с его отцом.",nerus_news,nerus_lenta,False,False,511f6bb4f6079793f96dfc48,511f6bb4f6079793f96dfc480da97be7e512316f5feb5a4cb748ff73770b50f7,[],nerus_news,True,False,news,clean_identity,[],safety:clean_identity
"При этом, по его словам, в условиях профицитного бюджета государство уже не так сильно нуждается в приватизации крупнейших активов.","При этом, по его словам, в условиях профицитного бюджета государство уже не так сильно нуждается в приватизации крупнейших активов.",val,clean_identity_from_open_clean,clean_identity,"[""clean_identity""]",[],"{""carrier_sentence_hash"": ""b74fbb6dc679e32ba0a4ce13"", ""clean_hash"": ""47fd4dfa4c362f7028d1b78604ccca817b7610a21257eb24be0b0d1417298e97"", ""generation_strategy"": ""clean_identity"", ""license_status"": ""Nerus Lenta annotated corpus; verify terms before production."", ""original_clean_sentence"": ""При этом, по его словам, в условиях профицитного бюджета государство уже не так сильно нуждается в приватизации крупнейших активов."", ""rule_ids"": [""clean_identity""], ""sentence_id"": ""5357"", ""source_doc_id"": ""455"", ""source_name"": ""nerus_news"", ""source_subcorpus"": ""nerus_lenta"", ""source_type"": ""clean_identity_from_open_clean""}","При этом, по его словам, в условиях профицитного бюджета государство уже не так сильно нуждается в приватизации крупнейших активов.",nerus_news,nerus_lenta,False,False,183ef39b87bbf9d45ed3ef00,183ef39b87bbf9d45ed3ef004d68e70a3f092a9d85e7b9c32cad0911863cc658,[],nerus_news,True,False,news,clean_identity,[],safety:clean_identity
"Гитарист группы Дмитрий Гугучкин позднее заявил, что ничего не знает про новые финансовые полномочия Абрамовой.","Гитарист группы Дмитрий Гугучкин позднее заявил, что ничего не знает про новые финансовые полномочия Абрамовой.",train,clean_identity_from_open_clean,clean_identity,"[""clean_identity""]",[],"{""carrier_sentence_hash"": ""09fc8d797138fda1b7133be1"", ""clean_hash"": ""6317c39df80e54785f53882e1d57ec3b05915ffc07ba575d86f8b6ae7c7b36ac"", ""generation_strategy"": ""clean_identity"", ""license_status"": ""Nerus Lenta annotated corpus; verify terms before production."", ""original_clean_sentence"": ""Гитарист группы Дмитрий Гугучкин позднее заявил, что ничего не знает про новые финансовые полномочия Абрамовой."", ""rule_ids"": [""clean_identity""], ""sentence_id"": ""2136"", ""source_doc_id"": ""186"", ""source_name"": ""nerus_news"", ""source_subcorpus"": ""nerus_lenta"", ""source_type"": ""clean_identity_from_open_clean""}","Гитарист группы Дмитрий Гугучкин позднее заявил, что ничего не знает про новые финансовые полномочия Абрамовой.",nerus_news,nerus_lenta,False,False,2b840d7720caf70363ce43fb,2b840d7720caf70363ce43fbb0c95868deff54b567ebd73f0e10b8bf8571300d,[],nerus_news,True,False,news,clean_identity,[],safety:clean_identity
На месте преступления найдены две гильзы от пистолета ПМ и пуля.,На месте преступления найдены две гильзы от пистолета ПМ и пуля.,train,clean_identity_from_open_clean,clean_identity,"[""clean_identity""]",[],"{""carrier_sentence_hash"": ""5e3924731da7b30659a4088a"", ""clean_hash"": ""a6eb39437f74d14b2879a1cec0d9326fa0ceaf9a7bbce6bb2fc1d8ef60e679b1"", ""generation_strategy"": ""clean_identity"", ""license_status"": ""Open Lenta.ru news dataset; verify terms before production."", ""original_clean_sentence"": ""На месте преступления найдены две гильзы от пистолета ПМ и пуля."", ""rule_ids"": [""clean_identity""], ""sentence_id"": ""175:4"", ""source_doc_id"": ""https://lenta.ru/news/1999/09/10/cherkesia/"", ""source_name"": ""lenta_news"", ""source_subcorpus"": ""Россия"", ""source_type"": ""clean_identity_from_open_clean""}",На месте преступления найдены две гильзы от пистолета ПМ и пуля.,lenta_news,Россия,False,False,aef6061d110acdeeb180e109,aef6061d110acdeeb180e1092d6d921395f01a09567b0e6181c052971f5863c4,[],lenta_news,True,False,news,clean_identity,[],safety:clean_identity
"""Наша цель - обойти весь мир в надежде на помощь добрых людей.","""Наша цель - обойти весь мир в надежде на помощь добрых людей.",train,clean_identity_from_open_clean,clean_identity,"[""clean_identity""]",[],"{""carrier_sentence_hash"": ""1f6805d2e5cae7eb86189c91"", ""clean_hash"": ""69be6caf3fc89fed057a8f5959a3ece63cc0d65b112fd473363b51d357f6734f"", ""generation_strategy"": ""clean_identity"", ""license_status"": ""Open Lenta.ru news dataset; verify terms before production."", ""original_clean_sentence"": ""\""Наша цель - обойти весь мир в надежде на помощь добрых людей."", ""rule_ids"": [""clean_identity""], ""sentence_id"": ""718:8"", ""source_doc_id"": ""https://lenta.ru/news/1999/10/06/grecha/"", ""source_name"": ""lenta_news"", ""source_subcorpus"": ""Россия"", ""source_type"": ""clean_identity_from_open_clean""}","""Наша цель - обойти весь мир в надежде на помощь добрых людей.",lenta_news,Россия,False,False,32538e6725d550e1723da025,32538e6725d550e1723da0250a3ce2557e90a95d9fc79a53419537a25f32fe2e,[],lenta_news,True,False,news,clean_identity,[],safety:clean_identity
"Завязалась драка, в которой Кузнецову было нанесено несколько ударов.","Завязалась драка, в которой Кузнецову было нанесено несколько ударов.",train,clean_identity_from_open_clean,clean_identity,"[""clean_identity""]",[],"{""carrier_sentence_hash"": ""5a787c8937a9c75f5aae037d"", ""clean_hash"": ""14800c079787cf25e55feca2cc5eafb871aa9d9448389cec3a62d720d888c480"", ""generation_strategy"": ""clean_identity"", ""license_status"": ""Open Lenta.ru news dataset; verify terms before production."", ""original_clean_sentence"": ""Завязалась драка, в которой Кузнецову было нанесено несколько ударов."", ""rule_ids"": [""clean_identity""], ""sentence_id"": ""943:3"", ""source_doc_id"": ""https://lenta.ru/news/1999/10/15/kuznetsov/"", ""source_name"": ""lenta_news"", ""source_subcorpus"": ""Россия"", ""source_type"": ""clean_identity_from_open_clean""}","Завязалась драка, в которой Кузнецову было нанесено несколько ударов.",lenta_news,Россия,False,False,4e5f466a9f3e98a333ca9cb2,4e5f466a9f3e98a333ca9cb2fcf81a627a7dd1b7c48467583e79b43f4d6d7cd7,[],lenta_news,True,False,news,clean_identity,[],safety:clean_identity
После этого депутат Виталий Милонов и сенатор Франц Клинцевич призвали возбудить в его отношении уголовное дело и лишить гражданства.,После этого депутат Виталий Милонов и сенатор Франц Клинцевич призвали возбудить в его отношении уголовное дело и лишить гражданства.,train,clean_identity_from_open_clean,clean_identity,"[""clean_identity""]",[],"{""carrier_sentence_hash"": ""8e61e2e165e1597a62148106"", ""clean_hash"": ""0ce5e3d06a50ba26f3f1deeae585b58d81a27f249e5d350c7e68debc3faf8862"", ""generation_strategy"": ""clean_identity"", ""license_status"": ""Nerus Lenta annotated corpus; verify terms before production."", ""original_clean_sentence"": ""После этого депутат Виталий Милонов и сенатор Франц Клинцевич призвали возбудить в его отношении уголовное дело и лишить гражданства."", ""rule_ids"": [""clean_identity""], ""sentence_id"": ""9689"", ""source_doc_id"": ""829"", ""source_name"": ""nerus_news"", ""source_subcorpus"": ""nerus_lenta"", ""source_type"": ""clean_identity_from_open_clean""}",После этого депутат Виталий Милонов и сенатор Франц Клинцевич призвали возбудить в его отношении уголовное дело и лишить гражданства.,nerus_news,nerus_lenta,False,False,fe353ad9c291469375cc584e,fe353ad9c291469375cc584e1382fd6823688f0e778954b73f84c0dff9a6a39c,[],nerus_news,True,False,news,clean_identity,[],safety:clean_identity
"По словам Стюарта Айзенстата, стратегия ""не сфокусирована на России, а гораздо более широка по охвату"".","По словам Стюарта Айзенстата, стратегия ""не сфокусирована на России, а гораздо более широка по охвату"".",train,clean_identity_from_open_clean,clean_identity,"[""clean_identity""]",[],"{""carrier_sentence_hash"": ""98414faf34801902ffa61dcc"", ""clean_hash"": ""9048bb14991b18f71dedcd33974023183de228d261690923655dfabeb68b157a"", ""generation_strategy"": ""clean_identity"", ""license_status"": ""Open Lenta.ru news dataset; verify terms before production."", ""original_clean_sentence"": ""По словам Стюарта Айзенстата, стратегия \""не сфокусирована на России, а гораздо более широка по охвату\""."", ""rule_ids"": [""clean_identity""], ""sentence_id"": ""469:4"", ""source_doc_id"": ""https://lenta.ru/news/1999/09/24/usa_money/"", ""source_name"": ""lenta_news"", ""source_subcorpus"": ""Мир"", ""source_type"": ""clean_identity_from_open_clean""}","По словам Стюарта Айзенстата, стратегия ""не сфокусирована на России, а гораздо более широка по охвату"".",lenta_news,Мир,False,False,2c3175a458d1d01298966cab,2c3175a458d1d01298966cab3576c9b3b050e766832163de50ea21798b36aaaf,[],lenta_news,True,False,news,clean_identity,[],safety:clean_identity
"Любую должность можете мне дать — хоть армией командовать, хоть дивизией», — заключил он.","Любую должность можете мне дать — хоть армией командовать, хоть дивизией», — заключил он.",train,clean_identity_from_open_clean,clean_identity,"[""clean_identity""]",[],"{""carrier_sentence_hash"": ""3fe66bfa8b8fe2cf944284b7"", ""clean_hash"": ""038c72ec2f8156d70069505dba7ee68b59a0881fc8432f3f557f306894159bfc"", ""generation_strategy"": ""clean_identity"", ""license_status"": ""Nerus Lenta annotated corpus; verify terms before production."", ""original_clean_sentence"": ""Любую должность можете мне дать — хоть армией командовать, хоть дивизией», — заключил он."", ""rule_ids"": [""clean_identity""], ""sentence_id"": ""6366"", ""source_doc_id"": ""546"", ""source_name"": ""nerus_news"", ""source_subcorpus"": ""nerus_lenta"", ""source_type"": ""clean_identity_from_open_clean""}","Любую должность можете мне дать — хоть армией командовать, хоть дивизией», — заключил он.",nerus_news,nerus_lenta,False,False,4854e59ce9b551a27aa0df1b,4854e59ce9b551a27aa0df1b1a8b0aebb2ce4e55984f80559fcb133efd4beaa2,[],nerus_news,True,False,news,clean_identity,[],safety:clean_identity
"Особое внимание уделяется метрополитену, рынкам, крупным торговым центрам.","Особое внимание уделяется метрополитену, рынкам, крупным торговым центрам.",train,clean_identity_from_open_clean,clean_identity,"[""clean_identity""]",[],"{""carrier_sentence_hash"": ""ef3df0b8f9baa9b88d54d840"", ""clean_hash"": ""48f6dcb4c7e5c76537ce95b3b86579203a939f50ba526c79216d05d30caf8fea"", ""generation_strategy"": ""clean_identity"", ""license_status"": ""Open Lenta.ru news dataset; verify terms before production."", ""original_clean_sentence"": ""Особое внимание уделяется метрополитену, рынкам, крупным торговым центрам."", ""rule_ids"": [""clean_identity""], ""sentence_id"": ""179:9"", ""source_doc_id"": ""https://lenta.ru/news/1999/09/10/moscow/"", ""source_name"": ""lenta_news"", ""source_subcorpus"": ""Россия"", ""source_type"": ""clean_identity_from_open_clean""}","Особое внимание уделяется метрополитену, рынкам, крупным торговым центрам.",lenta_news,Россия,False,False,26cb020849644d8c1472177d,26cb020849644d8c1472177d326846827a9f3b1d0cb10f604b5a3e3fd629f04d,[],lenta_news,True,False,news,clean_identity,[],safety:clean_identity
"Многие политические обозреватели отмечали, что федеральные власти просто слишком слабы для контроля над соблюдением такого шага.","Многие политические обозреватели отмечали, что федеральные власти просто слишком слабы для контроля над соблюдением такого шага.",train,clean_identity_from_open_clean,clean_identity,"[""clean_identity""]",[],"{""carrier_sentence_hash"": ""87dbe2a703f760380b7d5cbf"", ""clean_hash"": ""be6cc2270c645a23526ff4bc85be5bc509f4c33038e782994891cdc2dbd46b86"", ""generation_strategy"": ""clean_identity"", ""license_status"": ""Open Lenta.ru news dataset; verify terms before production."", ""original_clean_sentence"": ""Многие политические обозреватели отмечали, что федеральные власти просто слишком слабы для контроля над соблюдением такого шага."", ""rule_ids"": [""clean_identity""], ""sentence_id"": ""272:11"", ""source_doc_id"": ""https://lenta.ru/news/1999/09/16/govt/"", ""source_name"": ""lenta_news"", ""source_subcorpus"": ""Россия"", ""source_type"": ""clean_identity_from_open_clean""}","Многие политические обозреватели отмечали, что федеральные власти просто слишком слабы для контроля над соблюдением такого шага.",lenta_news,Россия,False,False,c9d3db4cd017e2b63e0bcfcb,c9d3db4cd017e2b63e0bcfcbf6b91e02c182cf4c63b74e46971b408a8d4b9a28,[],lenta_news,True,False,news,clean_identity,[],safety:clean_identity
Экстренный подъем на поверхность привел к значительному увеличению размеров рук и груди чилийского водолаза.,Экстренный подъем на поверхность привел к значительному увеличению размеров рук и груди чилийского водолаза.,train,clean_identity_from_open_clean,clean_identity,"[""clean_identity""]",[],"{""carrier_sentence_hash"": ""25dbfcd9dddbb883f6d2c45e"", ""clean_hash"": ""977c047562b6e6665a571f56f2a589ef2eae69e72bfbecf581cb640b6bab8268"", ""generation_strategy"": ""clean_identity"", ""license_status"": ""Nerus Lenta annotated corpus; verify terms before production."", ""original_clean_sentence"": ""Экстренный подъем на поверхность привел к значительному увеличению размеров рук и груди чилийского водолаза."", ""rule_ids"": [""clean_identity""], ""sentence_id"": ""1376"", ""source_doc_id"": ""122"", ""source_name"": ""nerus_news"", ""source_subcorpus"": ""nerus_lenta"", ""source_type"": ""clean_identity_from_open_clean""}",Экстренный подъем на поверхность привел к значительному увеличению размеров рук и груди чилийского водолаза.,nerus_news,nerus_lenta,False,False,432eb2148d8dd55c8bd561cc,432eb2148d8dd55c8bd561cc104c9f043cabc891f2244d05a34f33c03af8025f,[],nerus_news,True,False,news,clean_identity,[],safety:clean_identity
"«Мне жаль, что это решение было принято, невзирая на обеспокоенность НАТО, — заявил генеральный секретарь альянса Йенс Столтенберг.","«Мне жаль, что это решение было принято, невзирая на обеспокоенность НАТО, — заявил генеральный секретарь альянса Йенс Столтенберг.",train,clean_identity_from_open_clean,clean_identity,"[""clean_identity""]",[],"{""carrier_sentence_hash"": ""fdf4f25ad29ae098f9ce071d"", ""clean_hash"": ""cf83a0aac3783dbdba2cfffa219adbfb79ea4bee192de505ea218202954f94d5"", ""generation_strategy"": ""clean_identity"", ""license_status"": ""Nerus Lenta annotated corpus; verify terms before production."", ""original_clean_sentence"": ""«Мне жаль, что это решение было принято, невзирая на обеспокоенность НАТО, — заявил генеральный секретарь альянса Йенс Столтенберг."", ""rule_ids"": [""clean_identity""], ""sentence_id"": ""1847"", ""source_doc_id"": ""162"", ""source_name"": ""nerus_news"", ""source_subcorpus"": ""nerus_lenta"", ""source_type"": ""clean_identity_from_open_clean""}","«Мне жаль, что это решение было принято, невзирая на обеспокоенность НАТО, — заявил генеральный секретарь альянса Йенс Столтенберг.",nerus_news,nerus_lenta,False,False,952ed910df4c2245cb9835af,952ed910df4c2245cb9835afe92a2fec62f17a846c5e1517d15ff9d3d98eca63,[],nerus_news,True,False,news,clean_identity,[],safety:clean_identity
"Обеспокоенные агрессивными действиями немцев, правительства Британии и США отправили на острова вооружённые силы для отстаивания своих интересов.","Обеспокоенные агрессивными действиями немцев, правительства Британии и США отправили на острова вооружённые силы для отстаивания своих интересов.",train,clean_identity_from_open_clean,clean_identity,"[""clean_identity""]",[],"{""carrier_sentence_hash"": ""a6b958da479dd73b1eb1485f"", ""clean_hash"": ""5f3389f5177de95df273a25171b590a546580c02fc9f2f2dab0818e84d6287e5"", ""generation_strategy"": ""clean_identity"", ""license_status"": ""OpenCorpora annotated corpus; verify terms before production."", ""original_clean_sentence"": ""Обеспокоенные агрессивными действиями немцев, правительства Британии и США отправили на острова вооружённые силы для отстаивания своих интересов."", ""rule_ids"": [""clean_identity""], ""sentence_id"": ""7083"", ""source_doc_id"": """", ""source_name"": ""opencorpora"", ""source_subcorpus"": ""opencorpora"", ""source_type"": ""clean_identity_from_open_clean""}","Обеспокоенные агрессивными действиями немцев, правительства Британии и США отправили на острова вооружённые силы для отстаивания своих интересов.",opencorpora,opencorpora,False,False,c0e325d82222f7c27b2be799,c0e325d82222f7c27b2be799d1c1762fb87e8dfe1a368588838b83d5e695cbc3,[],opencorpora,True,False,mixed_nonfiction,clean_identity,[],safety:clean_identity
"""Как только погода позволит, мы вернемся туда для более интенсивной работы,""- пообещал он.","""Как только погода позволит, мы вернемся туда для более интенсивной работы,""- пообещал он.",train,clean_identity_from_open_clean,clean_identity,"[""clean_identity""]",[],"{""carrier_sentence_hash"": ""d630ca8c3c228f551bfbee5a"", ""clean_hash"": ""c181ed906dbbeba824ce765bc64233f0134d87448975cd192ca9ffbdaf29f197"", ""generation_strategy"": ""clean_identity"", ""license_status"": ""Open Lenta.ru news dataset; verify terms before production."", ""original_clean_sentence"": ""\""Как только погода позволит, мы вернемся туда для более интенсивной работы,\""- пообещал он."", ""rule_ids"": [""clean_identity""], ""sentence_id"": ""168:5"", ""source_doc_id"": ""https://lenta.ru/news/1999/09/10/titanic/"", ""source_name"": ""lenta_news"", ""source_subcorpus"": ""Мир"", ""source_type"": ""clean_identity_from_open_clean""}","""Как только погода позволит, мы вернемся туда для более интенсивной работы,""- пообещал он.",lenta_news,Мир,False,False,40d85592e03d7a68a766727f,40d85592e03d7a68a766727f42725ac78986e108cee63e31520591659e967786,[],lenta_news,True,False,news,clean_identity,[],safety:clean_identity
"IBU принял решение не применять санкции к российским биатлонистам, заподозренным в допинговых махинациях.","IBU принял решение не применять санкции к российским биатлонистам, заподозренным в допинговых махинациях.",val,clean_identity_from_open_clean,clean_identity,"[""clean_identity""]",[],"{""carrier_sentence_hash"": ""0a9c3de8ac5c8b18201a1f6b"", ""clean_hash"": ""082a05eff2260ea75e5734217ded01045cf3e759187c25cc8d827fbd7b893a82"", ""generation_strategy"": ""clean_identity"", ""license_status"": ""Nerus Lenta annotated corpus; verify terms before production."", ""original_clean_sentence"": ""IBU принял решение не применять санкции к российским биатлонистам, заподозренным в допинговых махинациях."", ""rule_ids"": [""clean_identity""], ""sentence_id"": ""321"", ""source_doc_id"": ""28"", ""source_name"": ""nerus_news"", ""source_subcorpus"": ""nerus_lenta"", ""source_type"": ""clean_identity_from_open_clean""}","IBU принял решение не применять санкции к российским биатлонистам, заподозренным в допинговых махинациях.",nerus_news,nerus_lenta,False,False,d141bc2d6ab49ca13b098815,d141bc2d6ab49ca13b0988153f8f4ef71627402e9e5ee2f1a051365211c60087,[],nerus_news,True,False,news,clean_identity,[],safety:clean_identity
"При средней заработной плате 70 долларов минимальная зарплата составляет 3,3 доллара.","При средней заработной плате 70 долларов минимальная зарплата составляет 3,3 доллара.",train,clean_identity_from_open_clean,clean_identity,"[""clean_identity""]",[],"{""carrier_sentence_hash"": ""a2967e51df2c9512c7079320"", ""clean_hash"": ""89c71ed1dc55a8dcb15a86017cf4ac92878aeb37a93f9c17837e7431aae3115e"", ""generation_strategy"": ""clean_identity"", ""license_status"": ""Open Lenta.ru news dataset; verify terms before production."", ""original_clean_sentence"": ""При средней заработной плате 70 долларов минимальная зарплата составляет 3,3 доллара."", ""rule_ids"": [""clean_identity""], ""sentence_id"": ""1038:6"", ""source_doc_id"": ""https://lenta.ru/news/1999/10/20/poverty/"", ""source_name"": ""lenta_news"", ""source_subcorpus"": ""Экономика"", ""source_type"": ""clean_identity_from_open_clean""}","При средней заработной плате 70 долларов минимальная зарплата составляет 3,3 доллара.",lenta_news,Экономика,False,False,6ae981635219b0e40e341c65,6ae981635219b0e40e341c65d5e82f71b64b6fd3b8380c3cc9ede1ed39c0a339,[],lenta_news,True,False,news,clean_identity,[],safety:clean_identity
"Как ранее сообщалось, глава нефтяной компании ""Юкос"" высказал мнение в средствах массовой информации, что Минтопэнерго РФ создает ""резервные фонды для экспорта нефти по дополнительным графикам"".","Как ранее сообщалось, глава нефтяной компании ""Юкос"" высказал мнение в средствах массовой информации, что Минтопэнерго РФ создает ""резервные фонды для экспорта нефти по дополнительным графикам"".",train,clean_identity_from_open_clean,clean_identity,"[""clean_identity""]",[],"{""carrier_sentence_hash"": ""ef06456cf995ea6f8ad24ffc"", ""clean_hash"": ""5c53a9aae8b21809e5ebd4992868539079ee2ca9ce0ac876aee63e7298380440"", ""generation_strategy"": ""clean_identity"", ""license_status"": ""Open Lenta.ru news dataset; verify terms before production."", ""original_clean_sentence"": ""Как ранее сообщалось, глава нефтяной компании \""Юкос\"" высказал мнение в средствах массовой информации, что Минтопэнерго РФ создает \""резервные фонды для экспорта нефти по дополнительным графикам\""."", ""rule_ids"": [""clean_identity""], ""sentence_id"": ""883:4"", ""source_doc_id"": ""https://lenta.ru/news/1999/10/13/ukos/"", ""source_name"": ""lenta_news"", ""source_subcorpus"": ""Экономика"", ""source_type"": ""clean_identity_from_open_clean""}","Как ранее сообщалось, глава нефтяной компании ""Юкос"" высказал мнение в средствах массовой информации, что Минтопэнерго РФ создает ""резервные фонды для экспорта нефти по дополнительным графикам"".",lenta_news,Экономика,False,False,d2fb76d074e242da1986b586,d2fb76d074e242da1986b586fed5ae2310bbbdc5cf55478f3c6a57150e552b0e,[],lenta_news,True,False,news,clean_identity,[],safety:clean_identity
"Отмечается, что в ходе учений военнослужащие провели поиск, распознавание и захват контрольных целей с их сопровождением и условным уничтожением.","Отмечается, что в ходе учений военнослужащие провели поиск, распознавание и захват контрольных целей с их сопровождением и условным уничтожением.",train,clean_identity_from_open_clean,clean_identity,"[""clean_identity""]",[],"{""carrier_sentence_hash"": ""e185e84b53d11c88f1208c1c"", ""clean_hash"": ""d4039ed9679e9d217d8e45dc47e20f5e3d31e09d1eacaba44474df22ffded7e2"", ""generation_strategy"": ""clean_identity"", ""license_status"": ""Nerus Lenta annotated corpus; verify terms before production."", ""original_clean_sentence"": ""Отмечается, что в ходе учений военнослужащие провели поиск, распознавание и захват контрольных целей с их сопровождением и условным уничтожением."", ""rule_ids"": [""clean_identity""], ""sentence_id"": ""4286"", ""source_doc_id"": ""361"", ""source_name"": ""nerus_news"", ""source_subcorpus"": ""nerus_lenta"", ""source_type"": ""clean_identity_from_open_clean""}","Отмечается, что в ходе учений военнослужащие провели поиск, распознавание и захват контрольных целей с их сопровождением и условным уничтожением.",nerus_news,nerus_lenta,False,False,fd46696045b448162f850bc9,fd46696045b448162f850bc9a8f9efa1d975e8358283523ce9969910e8227dfa,[],nerus_news,True,False,news,clean_identity,[],safety:clean_identity
"Проект предполагает использование ракет Atlas 3 для запуска туристов к космическим отелям"" на орбите.","Проект предполагает использование ракет Atlas 3 для запуска туристов к космическим отелям"" на орбите.",train,clean_identity_from_open_clean,clean_identity,"[""clean_identity""]",[],"{""carrier_sentence_hash"": ""b1187723ef1ebec779f48947"", ""clean_hash"": ""9861292346988180d6ed42c304c0ec79c31b422ba328fbaae43e14a3b7d67cae"", ""generation_strategy"": ""clean_identity"", ""license_status"": ""Open Lenta.ru news dataset; verify terms before production."", ""original_clean_sentence"": ""Проект предполагает использование ракет Atlas 3 для запуска туристов к космическим отелям\"" на орбите."", ""rule_ids"": [""clean_identity""], ""sentence_id"": ""497:5"", ""source_doc_id"": ""https://lenta.ru/news/1999/09/27/nasa/"", ""source_name"": ""lenta_news"", ""source_subcorpus"": ""Мир"", ""source_type"": ""clean_identity_from_open_clean""}","Проект предполагает использование ракет Atlas 3 для запуска туристов к космическим отелям"" на орбите.",lenta_news,Мир,False,False,9fd127ab945d598368e97d5f,9fd127ab945d598368e97d5faaa49dc73c17acebee6ce43a033c4f0a18132dc1,[],lenta_news,True,False,news,clean_identity,[],safety:clean_identity
В ноябре замглавы ведомства Вадим Субботин провел переговоры с директором департамента по взаимодействию с органами государственной власти Google Дороном Авни.,В ноябре замглавы ведомства Вадим Субботин провел переговоры с директором департамента по взаимодействию с органами государственной власти Google Дороном Авни.,train,clean_identity_from_open_clean,clean_identity,"[""clean_identity""]",[],"{""carrier_sentence_hash"": ""88f8a9b6bae5eb4f88462748"", ""clean_hash"": ""1b979e64cb51b3ee012424d472952b6b11d098bfd9efa05cda82af20d56c7387"", ""generation_strategy"": ""clean_identity"", ""license_status"": ""Nerus Lenta annotated corpus; verify terms before production."", ""original_clean_sentence"": ""В ноябре замглавы ведомства Вадим Субботин провел переговоры с директором департамента по взаимодействию с органами государственной власти Google Дороном Авни."", ""rule_ids"": [""clean_identity""], ""sentence_id"": ""7274"", ""source_doc_id"": ""624"", ""source_name"": ""nerus_news"", ""source_subcorpus"": ""nerus_lenta"", ""source_type"": ""clean_identity_from_open_clean""}",В ноябре замглавы ведомства Вадим Субботин провел переговоры с директором департамента по взаимодействию с органами государственной власти Google Дороном Авни.,nerus_news,nerus_lenta,False,False,34df084d0d459b76ca78b3a3,34df084d0d459b76ca78b3a3b121632938b9c6a7b49736eb25ec14499660a102,[],nerus_news,True,False,news,clean_identity,[],safety:clean_identity
"В целом же за время ведения операции уничтожено до 30 учебных центров боевиков, 130 опорных пунктов, до 30 складов оружия и боеприпасов.","В целом же за время ведения операции уничтожено до 30 учебных центров боевиков, 130 опорных пунктов, до 30 складов оружия и боеприпасов.",val,clean_identity_from_open_clean,clean_identity,"[""clean_identity""]",[],"{""carrier_sentence_hash"": ""fe76534da34dd59c83d76ce7"", ""clean_hash"": ""f2bd532d69f610bd9f669076c644a784e8716df12f3d001654ee4b198c67dee8"", ""generation_strategy"": ""clean_identity"", ""license_status"": ""Open Lenta.ru news dataset; verify terms before production."", ""original_clean_sentence"": ""В целом же за время ведения операции уничтожено до 30 учебных центров боевиков, 130 опорных пунктов, до 30 складов оружия и боеприпасов."", ""rule_ids"": [""clean_identity""], ""sentence_id"": ""317:6"", ""source_doc_id"": ""https://lenta.ru/news/1999/09/17/poteri/"", ""source_name"": ""lenta_news"", ""source_subcorpus"": ""Россия"", ""source_type"": ""clean_identity_from_open_clean""}","В целом же за время ведения операции уничтожено до 30 учебных центров боевиков, 130 опорных пунктов, до 30 складов оружия и боеприпасов.",lenta_news,Россия,False,False,1d44d30508feae2189b9630f,1d44d30508feae2189b9630f6eb8529c19a83d3e1a42f3caa37010647eb3b8d5,[],lenta_news,True,False,news,clean_identity,[],safety:clean_identity
"Всё это подается с видеорядом на заднике, где проецируется история Бенджамина Баттона на жизнь впервые полюбившей девушки и героиня Насти превращается в старуху.","Всё это подается с видеорядом на заднике, где проецируется история Бенджамина Баттона на жизнь впервые полюбившей девушки и героиня Насти превращается в старуху.",train,clean_identity_from_open_clean,clean_identity,"[""clean_identity""]",[],"{""carrier_sentence_hash"": ""87089b392d37754429859b23"", ""clean_hash"": ""91fe801fa94b5ff4eac290b2a49cd979dd2779c5a5a3ca2c90a503d51b74c64f"", ""generation_strategy"": ""clean_identity"", ""license_status"": ""OpenCorpora annotated corpus; verify terms before production."", ""original_clean_sentence"": ""Всё это подается с видеорядом на заднике, где проецируется история Бенджамина Баттона на жизнь впервые полюбившей девушки и героиня Насти превращается в старуху."", ""rule_ids"": [""clean_identity""], ""sentence_id"": ""2223"", ""source_doc_id"": """", ""source_name"": ""opencorpora"", ""source_subcorpus"": ""opencorpora"", ""source_type"": ""clean_identity_from_open_clean""}","Всё это подается с видеорядом на заднике, где проецируется история Бенджамина Баттона на жизнь впервые полюбившей девушки и героиня Насти превращается в старуху.",opencorpora,opencorpora,False,False,b7bd8f999fd444df64eaaedc,b7bd8f999fd444df64eaaedc7f8267db95f5353dac47625a5c0b1c44471345c8,[],opencorpora,True,False,mixed_nonfiction,clean_identity,[],safety:clean_identity
Комментаторы бросились критиковать модель за глумление над любителями фастфуда.,Комментаторы бросились критиковать модель за глумление над любителями фастфуда.,val,clean_identity_from_open_clean,clean_identity,"[""clean_identity""]",[],"{""carrier_sentence_hash"": ""87035f558b482e839f25431f"", ""clean_hash"": ""221998dce96e0af0ef027c2f8e8545434ccce9462bbdbb04c185a9f24782d49c"", ""generation_strategy"": ""clean_identity"", ""license_status"": ""Nerus Lenta annotated corpus; verify terms before production."", ""original_clean_sentence"": ""Комментаторы бросились критиковать модель за глумление над любителями фастфуда."", ""rule_ids"": [""clean_identity""], ""sentence_id"": ""3467"", ""source_doc_id"": ""294"", ""source_name"": ""nerus_news"", ""source_subcorpus"": ""nerus_lenta"", ""source_type"": ""clean_identity_from_open_clean""}",Комментаторы бросились критиковать модель за глумление над любителями фастфуда.,nerus_news,nerus_lenta,False,False,007f8782010d8cf40ec044d1,007f8782010d8cf40ec044d11dc3f74fd81f2115135f726ed1aedcbece8e9f2c,[],nerus_news,True,False,news,clean_identity,[],safety:clean_identity
"Североосетинские милиционеры не исключают, что ограбление произведено ""гастролерами"".","Североосетинские милиционеры не исключают, что ограбление произведено ""гастролерами"".",train,clean_identity_from_open_clean,clean_identity,"[""clean_identity""]",[],"{""carrier_sentence_hash"": ""5c0f8df37ad479adb4fc1443"", ""clean_hash"": ""64204aba7bce30d7ad4991e52beb1d4f009d40c4c0bfcc2477499a5fd60153a0"", ""generation_strategy"": ""clean_identity"", ""license_status"": ""Open Lenta.ru news dataset; verify terms before production."", ""original_clean_sentence"": ""Североосетинские милиционеры не исключают, что ограбление произведено \""гастролерами\""."", ""rule_ids"": [""clean_identity""], ""sentence_id"": ""251:4"", ""source_doc_id"": ""https://lenta.ru/news/1999/09/15/bus/"", ""source_name"": ""lenta_news"", ""source_subcorpus"": ""Россия"", ""source_type"": ""clean_identity_from_open_clean""}","Североосетинские милиционеры не исключают, что ограбление произведено ""гастролерами"".",lenta_news,Россия,False,False,88447aefc1b7fc143c04bb2b,88447aefc1b7fc143c04bb2bf97d8591a88368076a2652c417e2b053ce22135c,[],lenta_news,True,False,news,clean_identity,[],safety:clean_identity
"Эта боевая машина, названная турецким именем, с флагом Турции на хвостовом оперении, участвует в проводимом Анкарой тендере на совместное производство 145 вертолетов нового поколения по программе ""АТАК"".","Эта боевая машина, названная турецким именем, с флагом Турции на хвостовом оперении, участвует в проводимом Анкарой тендере на совместное производство 145 вертолетов нового поколения по программе ""АТАК"".",train,clean_identity_from_open_clean,clean_identity,"[""clean_identity""]",[],"{""carrier_sentence_hash"": ""fa4fab4b24abc2f9dde7ffd1"", ""clean_hash"": ""85167c08adeb3241492761ef9cb19508e682ef9ac9e687422d1ce35b57ddd078"", ""generation_strategy"": ""clean_identity"", ""license_status"": ""Open Lenta.ru news dataset; verify terms before production."", ""original_clean_sentence"": ""Эта боевая машина, названная турецким именем, с флагом Турции на хвостовом оперении, участвует в проводимом Анкарой тендере на совместное производство 145 вертолетов нового поколения по программе \""АТАК\""."", ""rule_ids"": [""clean_identity""], ""sentence_id"": ""536:5"", ""source_doc_id"": ""https://lenta.ru/news/1999/09/28/turkey_weapons/"", ""source_name"": ""lenta_news"", ""source_subcorpus"": ""Мир"", ""source_type"": ""clean_identity_from_open_clean""}","Эта боевая машина, названная турецким именем, с флагом Турции на хвостовом оперении, участвует в проводимом Анкарой тендере на совместное производство 145 вертолетов нового поколения по программе ""АТАК"".",lenta_news,Мир,False,False,728a167564ea91afb0a4efe5,728a167564ea91afb0a4efe5c0ba47448f0717a8f385a7430c122149d9b3cb66,[],lenta_news,True,False,news,clean_identity,[],safety:clean_identity
Команда «Дачного ответа» построила на участке семьи Захаровых новый дом и обставила его антикварной мебелью.,Команда «Дачного ответа» построила на участке семьи Захаровых новый дом и обставила его антикварной мебелью.,train,clean_identity_from_open_clean,clean_identity,"[""clean_identity""]",[],"{""carrier_sentence_hash"": ""3824ac34ba69892601960158"", ""clean_hash"": ""9a113ceb52cafcdb70246d6e5849f614f900302e718901649778b976387bf3a1"", ""generation_strategy"": ""clean_identity"", ""license_status"": ""Nerus Lenta annotated corpus; verify terms before production."", ""original_clean_sentence"": ""Команда «Дачного ответа» построила на участке семьи Захаровых новый дом и обставила его антикварной мебелью."", ""rule_ids"": [""clean_identity""], ""sentence_id"": ""7489"", ""source_doc_id"": ""640"", ""source_name"": ""nerus_news"", ""source_subcorpus"": ""nerus_lenta"", ""source_type"": ""clean_identity_from_open_clean""}",Команда «Дачного ответа» построила на участке семьи Захаровых новый дом и обставила его антикварной мебелью.,nerus_news,nerus_lenta,False,False,ad858a59b4ffae659d9260ba,ad858a59b4ffae659d9260baa6a02ff7111894ed69c18e6c13aca04a4f028467,[],nerus_news,True,False,news,clean_identity,[],safety:clean_identity
Переговоры в Израиля с Ливаном фактически провалились Состоявшиеся на минувшей неделе переговоры госсекретаря США Мадлен Олбрайт в Дамаске и Бейруте не принесли реальных результатов.,Переговоры в Израиля с Ливаном фактически провалились Состоявшиеся на минувшей неделе переговоры госсекретаря США Мадлен Олбрайт в Дамаске и Бейруте не принесли реальных результатов.,train,clean_identity_from_open_clean,clean_identity,"[""clean_identity""]",[],"{""carrier_sentence_hash"": ""dc1413551880141f10a0f3e8"", ""clean_hash"": ""063d6956c37fb904bf2ac3143cbb86b128e029eefee03c43189b0282ebaaeada"", ""generation_strategy"": ""clean_identity"", ""license_status"": ""Open Lenta.ru news dataset; verify terms before production."", ""original_clean_sentence"": ""Переговоры в Израиля с Ливаном фактически провалились Состоявшиеся на минувшей неделе переговоры госсекретаря США Мадлен Олбрайт в Дамаске и Бейруте не принесли реальных результатов."", ""rule_ids"": [""clean_identity""], ""sentence_id"": ""109:0"", ""source_doc_id"": ""https://lenta.ru/news/1999/09/07/lebanon/"", ""source_name"": ""lenta_news"", ""source_subcorpus"": ""Мир"", ""source_type"": ""clean_identity_from_open_clean""}",Переговоры в Израиля с Ливаном фактически провалились Состоявшиеся на минувшей неделе переговоры госсекретаря США Мадлен Олбрайт в Дамаске и Бейруте не принесли реальных результатов.,lenta_news,Мир,False,False,36900930a8ed65410f5bb5fa,36900930a8ed65410f5bb5fab8d2d6cfa89f83a953519cabc6eae95519121282,[],lenta_news,True,False,news,clean_identity,[],safety:clean_identity
"Вожди Грузинской Демократической Республики, оккупировавшей Абхазию в 1918 — 1921 годах, взяли на вооружение идеи демократов XIX века, но уже не считались с какими-то правами абхазов.","Вожди Грузинской Демократической Республики, оккупировавшей Абхазию в 1918 — 1921 годах, взяли на вооружение идеи демократов XIX века, но уже не считались с какими-то правами абхазов.",train,clean_identity_from_open_clean,clean_identity,"[""clean_identity""]",[],"{""carrier_sentence_hash"": ""46540b5ff051eb68f28ad6bb"", ""clean_hash"": ""00bed8685a6ab06c43cffe46db208456279dab2afdd72363cfececadb3c97f8c"", ""generation_strategy"": ""clean_identity"", ""license_status"": ""OpenCorpora annotated corpus; verify terms before production."", ""original_clean_sentence"": ""Вожди Грузинской Демократической Республики, оккупировавшей Абхазию в 1918 — 1921 годах, взяли на вооружение идеи демократов XIX века, но уже не считались с какими-то правами абхазов."", ""rule_ids"": [""clean_identity""], ""sentence_id"": ""8343"", ""source_doc_id"": """", ""source_name"": ""opencorpora"", ""source_subcorpus"": ""opencorpora"", ""source_type"": ""clean_identity_from_open_clean""}","Вожди Грузинской Демократической Республики, оккупировавшей Абхазию в 1918 — 1921 годах, взяли на вооружение идеи демократов XIX века, но уже не считались с какими-то правами абхазов.",opencorpora,opencorpora,False,False,45d459788fbbace750725d57,45d459788fbbace750725d5763770502fdf4ff1b5504cb65bf82ec2a81a618d8,[],opencorpora,True,False,mixed_nonfiction,clean_identity,[],safety:clean_identity
О наличии каких-либо опознавательных знаков на их автомобилях или одежде не сообщается.,О наличии каких-либо опознавательных знаков на их автомобилях или одежде не сообщается.,train,clean_identity_from_open_clean,clean_identity,"[""clean_identity""]",[],"{""carrier_sentence_hash"": ""a0ad460e47b77c16f5ec5063"", ""clean_hash"": ""0dafbfcbadb3b6082939191148fc99e3f5f37a45e5d83b2dbbc516937f2c9d07"", ""generation_strategy"": ""clean_identity"", ""license_status"": ""Nerus Lenta annotated corpus; verify terms before production."", ""original_clean_sentence"": ""О наличии каких-либо опознавательных знаков на их автомобилях или одежде не сообщается."", ""rule_ids"": [""clean_identity""], ""sentence_id"": ""261"", ""source_doc_id"": ""23"", ""source_name"": ""nerus_news"", ""source_subcorpus"": ""nerus_lenta"", ""source_type"": ""clean_identity_from_open_clean""}",О наличии каких-либо опознавательных знаков на их автомобилях или одежде не сообщается.,nerus_news,nerus_lenta,False,False,039b3d4ac951c6f1992bcbdb,039b3d4ac951c6f1992bcbdbadcd75dde584350d74499bd7e43cbe6f29628d1a,[],nerus_news,True,False,news,clean_identity,[],safety:clean_identity
Самый популярный запрос в России — ролики из категории «хентай».,Самый популярный запрос в России — ролики из категории «хентай».,train,clean_identity_from_open_clean,clean_identity,"[""clean_identity""]",[],"{""carrier_sentence_hash"": ""4dace9e9eaff61dcb551ba0c"", ""clean_hash"": ""898568d82f8aeb77ede3bb6ae7cc14eea30ef5324ada879f9b935bc81d03a9dc"", ""generation_strategy"": ""clean_identity"", ""license_status"": ""Nerus Lenta annotated corpus; verify terms before production."", ""original_clean_sentence"": ""Самый популярный запрос в России — ролики из категории «хентай»."", ""rule_ids"": [""clean_identity""], ""sentence_id"": ""4762"", ""source_doc_id"": ""401"", ""source_name"": ""nerus_news"", ""source_subcorpus"": ""nerus_lenta"", ""source_type"": ""clean_identity_from_open_clean""}",Самый популярный запрос в России — ролики из категории «хентай».,nerus_news,nerus_lenta,False,False,c53d802e0f66704babe5fd83,c53d802e0f66704babe5fd834a1e0bb2c4febb1e50fda40334205e816e4a3bf6,[],nerus_news,True,False,news,clean_identity,[],safety:clean_identity
"Об этом РИА ""Новости"" сообщили в пресс-службе военного ведомства.","Об этом РИА ""Новости"" сообщили в пресс-службе военного ведомства.",train,clean_identity_from_open_clean,clean_identity,"[""clean_identity""]",[],"{""carrier_sentence_hash"": ""f7733e9e9172e34f7fe39088"", ""clean_hash"": ""d33c89a099efd299bc10e4ce611b249b04a09e30fd6776fa39d18957b87d463f"", ""generation_strategy"": ""clean_identity"", ""license_status"": ""Open Lenta.ru news dataset; verify terms before production."", ""original_clean_sentence"": ""Об этом РИА \""Новости\"" сообщили в пресс-службе военного ведомства."", ""rule_ids"": [""clean_identity""], ""sentence_id"": ""546:4"", ""source_doc_id"": ""https://lenta.ru/news/1999/09/29/chechnya_situation/"", ""source_name"": ""lenta_news"", ""source_subcorpus"": ""Россия"", ""source_type"": ""clean_identity_from_open_clean""}","Об этом РИА ""Новости"" сообщили в пресс-службе военного ведомства.",lenta_news,Россия,False,False,834e15999cf328abe275a088,834e15999cf328abe275a088b70bf5773ad6004a72f6ce5173b382517676c391,[],lenta_news,True,False,news,clean_identity,[],safety:clean_identity
На фото он сминал лапами алюминиевое ведро.,На фото он сминал лапами алюминиевое ведро.,train,clean_identity_from_open_clean,clean_identity,"[""clean_identity""]",[],"{""carrier_sentence_hash"": ""020297220c51ff1abf43965d"", ""clean_hash"": ""0c2475866048b497a70569ace4a84c326ab6536f57d4eb33443928ce66c170e4"", ""generation_strategy"": ""clean_identity"", ""license_status"": ""Nerus Lenta annotated corpus; verify terms before production."", ""original_clean_sentence"": ""На фото он сминал лапами алюминиевое ведро."", ""rule_ids"": [""clean_identity""], ""sentence_id"": ""9405"", ""source_doc_id"": ""806"", ""source_name"": ""nerus_news"", ""source_subcorpus"": ""nerus_lenta"", ""source_type"": ""clean_identity_from_open_clean""}",На фото он сминал лапами алюминиевое ведро.,nerus_news,nerus_lenta,False,False,18cfc1d273bdda28d1542943,18cfc1d273bdda28d154294332e8014e55e97b879a617b77c3f4c3063c1cd786,[],nerus_news,True,False,news,clean_identity,[],safety:clean_identity
Такая структура кольца ε была подтверждена многими последующими наблюдениями покрытий.,Такая структура кольца ε была подтверждена многими последующими наблюдениями покрытий.,train,clean_identity_from_open_clean,clean_identity,"[""clean_identity""]",[],"{""carrier_sentence_hash"": ""bd98ec04e18f2371cdec6b4e"", ""clean_hash"": ""e7a401aae14799795b57106fb8ec0477cace503062ac8e7809478cf0e9a9a88f"", ""generation_strategy"": ""clean_identity"", ""license_status"": ""OpenCorpora annotated corpus; verify terms before production."", ""original_clean_sentence"": ""Такая структура кольца ε была подтверждена многими последующими наблюдениями покрытий."", ""rule_ids"": [""clean_identity""], ""sentence_id"": ""4551"", ""source_doc_id"": """", ""source_name"": ""opencorpora"", ""source_subcorpus"": ""opencorpora"", ""source_type"": ""clean_identity_from_open_clean""}",Такая структура кольца ε была подтверждена многими последующими наблюдениями покрытий.,opencorpora,opencorpora,False,False,fd94f1a62052e726c2d850fe,fd94f1a62052e726c2d850fe0a93a34d7105b8d3b32399e28b0ac6f5157a1e66,[],opencorpora,True,False,mixed_nonfiction,clean_identity,[],safety:clean_identity
"Начальник Главного управления внутренних дел Москвы Николай Куликов сказал радиостанции ""Эхо Москвы"", что круг террористов установлен, ведется их розыск.","Начальник Главного управления внутренних дел Москвы Николай Куликов сказал радиостанции ""Эхо Москвы"", что круг террористов установлен, ведется их розыск.",train,clean_identity_from_open_clean,clean_identity,"[""clean_identity""]",[],"{""carrier_sentence_hash"": ""f40c5eef19c71b3153b24bd9"", ""clean_hash"": ""0bf794a1235ab335d8f4b810f703130a336d8d61db39682e07645a8ea05e0141"", ""generation_strategy"": ""clean_identity"", ""license_status"": ""Open Lenta.ru news dataset; verify terms before production."", ""original_clean_sentence"": ""Начальник Главного управления внутренних дел Москвы Николай Куликов сказал радиостанции \""Эхо Москвы\"", что круг террористов установлен, ведется их розыск."", ""rule_ids"": [""clean_identity""], ""sentence_id"": ""365:1"", ""source_doc_id"": ""https://lenta.ru/news/1999/09/21/vzryv_reaction/"", ""source_name"": ""lenta_news"", ""source_subcorpus"": ""Россия"", ""source_type"": ""clean_identity_from_open_clean""}","Начальник Главного управления внутренних дел Москвы Николай Куликов сказал радиостанции ""Эхо Москвы"", что круг террористов установлен, ведется их розыск.",lenta_news,Россия,False,False,8524b607dfbd9d71774ad679,8524b607dfbd9d71774ad67992e636c335541099e54f9a5a502955d5db4e911a,[],lenta_news,True,False,news,clean_identity,[],safety:clean_identity
Россия и Турция подписали в минувшую среду 12 мая межправительственное соглашение о взаимной отмене виз.,Россия и Турция подписали в минувшую среду 12 мая межправительственное соглашение о взаимной отмене виз.,val,clean_identity_from_open_clean,clean_identity,"[""clean_identity""]",[],"{""carrier_sentence_hash"": ""3cbe1076a1db7f7b8403111c"", ""clean_hash"": ""f1daf2242afcc4256675e227230138ebbdcfba3ccff58a11cd3a743acab1004e"", ""generation_strategy"": ""clean_identity"", ""license_status"": ""OpenCorpora annotated corpus; verify terms before production."", ""original_clean_sentence"": ""Россия и Турция подписали в минувшую среду 12 мая межправительственное соглашение о взаимной отмене виз."", ""rule_ids"": [""clean_identity""], ""sentence_id"": ""11305"", ""source_doc_id"": """", ""source_name"": ""opencorpora"", ""source_subcorpus"": ""opencorpora"", ""source_type"": ""clean_identity_from_open_clean""}",Россия и Турция подписали в минувшую среду 12 мая межправительственное соглашение о взаимной отмене виз.,opencorpora,opencorpora,False,False,ab13c4bedd853237cde8d199,ab13c4bedd853237cde8d19956d31e8c4bb153fff48f5fbd187b01b53c9e901d,[],opencorpora,True,False,mixed_nonfiction,clean_identity,[],safety:clean_identity
"Попробовавшие утверждают, что у нее клубнично-мятный аромат.","Попробовавшие утверждают, что у нее клубнично-мятный аромат.",train,clean_identity_from_open_clean,clean_identity,"[""clean_identity""]",[],"{""carrier_sentence_hash"": ""1ce42a9824fe9de05e10e273"", ""clean_hash"": ""c623121160fd1207312779452456b8296eb74dc9c19636967d587e63ee7a430c"", ""generation_strategy"": ""clean_identity"", ""license_status"": ""OpenCorpora annotated corpus; verify terms before production."", ""original_clean_sentence"": ""Попробовавшие утверждают, что у нее клубнично-мятный аромат."", ""rule_ids"": [""clean_identity""], ""sentence_id"": ""5079"", ""source_doc_id"": """", ""source_name"": ""opencorpora"", ""source_subcorpus"": ""opencorpora"", ""source_type"": ""clean_identity_from_open_clean""}","Попробовавшие утверждают, что у нее клубнично-мятный аромат.",opencorpora,opencorpora,False,False,cfd0c9009e06a2caf49af36e,cfd0c9009e06a2caf49af36e4a6eb66620ffd7efe3af01706eb94361b28c5084,[],opencorpora,True,False,mixed_nonfiction,clean_identity,[],safety:clean_identity
"По информации международных представителей в крае, запрет не распространяется на самолеты с гуманитарной помощью и грузами для международного воинского контингента в провинции.","По информации международных представителей в крае, запрет не распространяется на самолеты с гуманитарной помощью и грузами для международного воинского контингента в провинции.",train,clean_identity_from_open_clean,clean_identity,"[""clean_identity""]",[],"{""carrier_sentence_hash"": ""881db1fcede2f907e38e82a3"", ""clean_hash"": ""5bbb3290bcaf6b3102766bbebc22dad4e9d21ff9a5a3de8901134c5142e5aa4a"", ""generation_strategy"": ""clean_identity"", ""license_status"": ""Open Lenta.ru news dataset; verify terms before production."", ""original_clean_sentence"": ""По информации международных представителей в крае, запрет не распространяется на самолеты с гуманитарной помощью и грузами для международного воинского контингента в провинции."", ""rule_ids"": [""clean_identity""], ""sentence_id"": ""1088:2"", ""source_doc_id"": ""https://lenta.ru/news/1999/10/21/kosovo/"", ""source_name"": ""lenta_news"", ""source_subcorpus"": ""Мир"", ""source_type"": ""clean_identity_from_open_clean""}","По информации международных представителей в крае, запрет не распространяется на самолеты с гуманитарной помощью и грузами для международного воинского контингента в провинции.",lenta_news,Мир,False,False,849f677b1b2c3b19a2660fbd,849f677b1b2c3b19a2660fbde4b319063fc366ced23dfdab4eabc998202974da,[],lenta_news,True,False,news,clean_identity,[],safety:clean_identity
"Дороже всего закупка продуктов к Новому году обойдется жителям Якутии, они потратят 447 рублей на человека.","Дороже всего закупка продуктов к Новому году обойдется жителям Якутии, они потратят 447 рублей на человека.",train,clean_identity_from_open_clean,clean_identity,"[""clean_identity""]",[],"{""carrier_sentence_hash"": ""5dbcf247f6e7249974c3a3d4"", ""clean_hash"": ""950920d1850f463c2a0aa838af15702cf9b5db9ce206f49dd62b93e534eed35f"", ""generation_strategy"": ""clean_identity"", ""license_status"": ""Nerus Lenta annotated corpus; verify terms before production."", ""original_clean_sentence"": ""Дороже всего закупка продуктов к Новому году обойдется жителям Якутии, они потратят 447 рублей на человека."", ""rule_ids"": [""clean_identity""], ""sentence_id"": ""150"", ""source_doc_id"": ""13"", ""source_name"": ""nerus_news"", ""source_subcorpus"": ""nerus_lenta"", ""source_type"": ""clean_identity_from_open_clean""}","Дороже всего закупка продуктов к Новому году обойдется жителям Якутии, они потратят 447 рублей на человека.",nerus_news,nerus_lenta,False,False,5ed63e313c96849e6d3dedf0,5ed63e313c96849e6d3dedf08b3133bcfa39074c70a856517abb744611a073fb,[],nerus_news,True,False,news,clean_identity,[],safety:clean_identity
"«Савва» сделан в основном со студентами Щукинского училища (курс Валерия Фокина, на котором Рощин преподает), он полон удачных, зрелых дебютов.","«Савва» сделан в основном со студентами Щукинского училища (курс Валерия Фокина, на котором Рощин преподает), он полон удачных, зрелых дебютов.",val,clean_identity_from_open_clean,clean_identity,"[""clean_identity""]",[],"{""carrier_sentence_hash"": ""ad2c503b03ea5f3d2e3ab69c"", ""clean_hash"": ""6e3c97e82e6330b23118918ae7159545defad64067b6758c0fbc3b2f2e53811f"", ""generation_strategy"": ""clean_identity"", ""license_status"": ""OpenCorpora annotated corpus; verify terms before production."", ""original_clean_sentence"": ""«Савва» сделан в основном со студентами Щукинского училища (курс Валерия Фокина, на котором Рощин преподает), он полон удачных, зрелых дебютов."", ""rule_ids"": [""clean_identity""], ""sentence_id"": ""12401"", ""source_doc_id"": """", ""source_name"": ""opencorpora"", ""source_subcorpus"": ""opencorpora"", ""source_type"": ""clean_identity_from_open_clean""}","«Савва» сделан в основном со студентами Щукинского училища (курс Валерия Фокина, на котором Рощин преподает), он полон удачных, зрелых дебютов.",opencorpora,opencorpora,False,False,1e0fc57b27bb556176f8eacf,1e0fc57b27bb556176f8eacf0bd80dd721ab28c7dff960412dee7753dce04508,[],opencorpora,True,False,mixed_nonfiction,clean_identity,[],safety:clean_identity
"И это действительно так, поскольку всей этой учёбой и одновременно рекламой вязания заправлял Михаэль Вайнрайх, пристрастившийся к вязанию в годы юности и создавший соответствующую школу и центр в Дюссельдорфе.","И это действительно так, поскольку всей этой учёбой и одновременно рекламой вязания заправлял Михаэль Вайнрайх, пристрастившийся к вязанию в годы юности и создавший соответствующую школу и центр в Дюссельдорфе.",train,clean_identity_from_open_clean,clean_identity,"[""clean_identity""]",[],"{""carrier_sentence_hash"": ""210af6c7d2bfa067c0aa0e6f"", ""clean_hash"": ""51b00e058042eb29dfd1f2027b70970ab14d9c86c80f6e014a6ad16c3a047caf"", ""generation_strategy"": ""clean_identity"", ""license_status"": ""OpenCorpora annotated corpus; verify terms before production."", ""original_clean_sentence"": ""И это действительно так, поскольку всей этой учёбой и одновременно рекламой вязания заправлял Михаэль Вайнрайх, пристрастившийся к вязанию в годы юности и создавший соответствующую школу и центр в Дюссельдорфе."", ""rule_ids"": [""clean_identity""], ""sentence_id"": ""5145"", ""source_doc_id"": """", ""source_name"": ""opencorpora"", ""source_subcorpus"": ""opencorpora"", ""source_type"": ""clean_identity_from_open_clean""}","И это действительно так, поскольку всей этой учёбой и одновременно рекламой вязания заправлял Михаэль Вайнрайх, пристрастившийся к вязанию в годы юности и создавший соответствующую школу и центр в Дюссельдорфе.",opencorpora,opencorpora,False,False,8c9fbc0672bbea13a8233aae,8c9fbc0672bbea13a8233aaeaf30f9b7f13c05f5c98d609748a4fc19cedfb718,[],opencorpora,True,False,mixed_nonfiction,clean_identity,[],safety:clean_identity
"Книга должна выйти на следующей неделе и, по мнению высокопоставленных офицеров британской разведки, выступивших в печати, может ""породить сотни новых версий и привести к новым шпионским процессам"".","Книга должна выйти на следующей неделе и, по мнению высокопоставленных офицеров британской разведки, выступивших в печати, может ""породить сотни новых версий и привести к новым шпионским процессам"".",train,clean_identity_from_open_clean,clean_identity,"[""clean_identity""]",[],"{""carrier_sentence_hash"": ""981e31eaafd9f74e1ca722be"", ""clean_hash"": ""834b577c1b8115fa3528258d90030a12235c792476b06c39935824860ba80ad8"", ""generation_strategy"": ""clean_identity"", ""license_status"": ""Open Lenta.ru news dataset; verify terms before production."", ""original_clean_sentence"": ""Книга должна выйти на следующей неделе и, по мнению высокопоставленных офицеров британской разведки, выступивших в печати, может \""породить сотни новых версий и привести к новым шпионским процессам\""."", ""rule_ids"": [""clean_identity""], ""sentence_id"": ""205:10"", ""source_doc_id"": ""https://lenta.ru/news/1999/09/13/kgb/"", ""source_name"": ""lenta_news"", ""source_subcorpus"": ""Россия"", ""source_type"": ""clean_identity_from_open_clean""}","Книга должна выйти на следующей неделе и, по мнению высокопоставленных офицеров британской разведки, выступивших в печати, может ""породить сотни новых версий и привести к новым шпионским процессам"".",lenta_news,Россия,False,False,b331688ee36c680f7ba44800,b331688ee36c680f7ba44800953b97dde566ae98550824e240bc4191304180e6,[],lenta_news,True,False,news,clean_identity,[],safety:clean_identity
Правоохранительные органы проинформированы о признаках мошенничества в деятельности туроператора.,Правоохранительные органы проинформированы о признаках мошенничества в деятельности туроператора.,train,clean_identity_from_open_clean,clean_identity,"[""clean_identity""]",[],"{""carrier_sentence_hash"": ""d52e736f324f83db7abd43d7"", ""clean_hash"": ""48047a940712e932e72709ae47ec3c2aff248c1e232dfae25e4539237ded7f1e"", ""generation_strategy"": ""clean_identity"", ""license_status"": ""Nerus Lenta annotated corpus; verify terms before production."", ""original_clean_sentence"": ""Правоохранительные органы проинформированы о признаках мошенничества в деятельности туроператора."", ""rule_ids"": [""clean_identity""], ""sentence_id"": ""5109"", ""source_doc_id"": ""432"", ""source_name"": ""nerus_news"", ""source_subcorpus"": ""nerus_lenta"", ""source_type"": ""clean_identity_from_open_clean""}",Правоохранительные органы проинформированы о признаках мошенничества в деятельности туроператора.,nerus_news,nerus_lenta,False,False,5b3c9ef3f995795a16de9af7,5b3c9ef3f995795a16de9af7e07c6d2f4a942aa899845ebce11b9b4b22e8668d,[],nerus_news,True,False,news,clean_identity,[],safety:clean_identity
"По данным Федеральной службы исполнения наказаний (ФСИН), в 2018 году численность заключенных в России снизилась до исторического минимума со времен распада СССР и составила менее 470 тысяч человек.","По данным Федеральной службы исполнения наказаний (ФСИН), в 2018 году численность заключенных в России снизилась до исторического минимума со времен распада СССР и составила менее 470 тысяч человек.",train,clean_identity_from_open_clean,clean_identity,"[""clean_identity""]",[],"{""carrier_sentence_hash"": ""bd36324a8bbdad3185aa5fe1"", ""clean_hash"": ""1a05fe92690047d6830d16ae982fb49638ac2a73e6784ebf50ea99cee29a07f8"", ""generation_strategy"": ""clean_identity"", ""license_status"": ""Nerus Lenta annotated corpus; verify terms before production."", ""original_clean_sentence"": ""По данным Федеральной службы исполнения наказаний (ФСИН), в 2018 году численность заключенных в России снизилась до исторического минимума со времен распада СССР и составила менее 470 тысяч человек."", ""rule_ids"": [""clean_identity""], ""sentence_id"": ""1691"", ""source_doc_id"": ""150"", ""source_name"": ""nerus_news"", ""source_subcorpus"": ""nerus_lenta"", ""source_type"": ""clean_identity_from_open_clean""}","По данным Федеральной службы исполнения наказаний (ФСИН), в 2018 году численность заключенных в России снизилась до исторического минимума со времен распада СССР и составила менее 470 тысяч человек.",nerus_news,nerus_lenta,False,False,f2d46001fe361cfc2c606346,f2d46001fe361cfc2c6063466e5097431cbbf220429078d7ca535436ff6312f3,[],nerus_news,True,False,news,clean_identity,[],safety:clean_identity
"""Когда подобные разговоры идут в связи с ситуацией в Дагестане, это можно расценить только как откровенное вероломство, ставящее авторов подобных спекуляций и провокаций на одну ступень с террористами"", - заявил премьер.","""Когда подобные разговоры идут в связи с ситуацией в Дагестане, это можно расценить только как откровенное вероломство, ставящее авторов подобных спекуляций и провокаций на одну ступень с террористами"", - заявил премьер.",train,hard_negative_from_open_clean,hard_negative,"[""clean_identity_hard_negative""]",[],"{""carrier_sentence_hash"": ""af0dcd690036e381f1bb3b27"", ""clean_hash"": ""4db4041bf9c071e069aba56f62ba0c171e4286b0ddab7131851dd0c3f2577590"", ""expected_accepted_edits"": 0, ""generation_strategy"": ""hard_negative"", ""guard_family"": ""n_nn_correct"", ""hard_negative_kind"": ""trap_candidate"", ""is_hard_negative"": true, ""license_status"": ""Open Lenta.ru news dataset; verify terms before production."", ""original_clean_sentence"": ""\""Когда подобные разговоры идут в связи с ситуацией в Дагестане, это можно расценить только как откровенное вероломство, ставящее авторов подобных спекуляций и провокаций на одну ступень с террористами\"", - заявил премьер."", ""rule_ids"": [""clean_identity_hard_negative""], ""sentence_id"": ""213:16"", ""source_doc_id"": ""https://lenta.ru/news/1999/09/14/rech/"", ""source_name"": ""lenta_news"", ""source_subcorpus"": ""Россия"", ""source_type"": ""hard_negative_from_open_clean"", ""trap_rule_id"": ""n_nn_correct"", ""trap_types"": [""n_nn_correct"", ""punctuation_trap""]}","""Когда подобные разговоры идут в связи с ситуацией в Дагестане, это можно расценить только как откровенное вероломство, ставящее авторов подобных спекуляций и провокаций на одну ступень с террористами"", - заявил премьер.",lenta_news,Россия,True,False,5ac850d1fe5b8b01dd173c12,5ac850d1fe5b8b01dd173c1280a4653ff4ad63defd458ec700f3e7b83ad8f1c5,[],lenta_news,True,False,news,clean_identity_hard_negative,[],safety:hard_negative
"На юге, у Грузии скоро будет оружие НАТО, в Азербайджане полно западных компаний.","На юге, у Грузии скоро будет оружие НАТО, в Азербайджане полно западных компаний.",val,hard_negative_from_open_clean,hard_negative,"[""clean_identity_hard_negative""]",[],"{""carrier_sentence_hash"": ""c7cbbd28df5646339e67e374"", ""clean_hash"": ""61a35cd706bd3aed13a9f5cf9c00e6e9f0173efa942fa22db4a7d6449af78974"", ""expected_accepted_edits"": 0, ""generation_strategy"": ""hard_negative"", ""guard_family"": ""n_nn_correct"", ""hard_negative_kind"": ""trap_candidate"", ""is_hard_negative"": true, ""license_status"": ""Open Lenta.ru news dataset; verify terms before production."", ""original_clean_sentence"": ""На юге, у Грузии скоро будет оружие НАТО, в Азербайджане полно западных компаний."", ""rule_ids"": [""clean_identity_hard_negative""], ""sentence_id"": ""299:89"", ""source_doc_id"": ""https://lenta.ru/news/1999/09/17/maskhadov/"", ""source_name"": ""lenta_news"", ""source_subcorpus"": ""Россия"", ""source_type"": ""hard_negative_from_open_clean"", ""trap_rule_id"": ""n_nn_correct"", ""trap_types"": [""n_nn_correct""]}","На юге, у Грузии скоро будет оружие НАТО, в Азербайджане полно западных компаний.",lenta_news,Россия,True,False,19cc602d184a01f1e851b53f,19cc602d184a01f1e851b53ff24434b2744013136094ba2214145d8e162a1ce7,[],lenta_news,True,False,news,clean_identity_hard_negative,[],safety:hard_negative
"Он сказал, что, вероятно, уже сейчас разрабатываются инновационные технологии, которые приведут к очередной революции в компьютерной промышленности.","Он сказал, что, вероятно, уже сейчас разрабатываются инновационные технологии, которые приведут к очередной революции в компьютерной промышленности.",train,hard_negative_from_open_clean,hard_negative,"[""clean_identity_hard_negative""]",[],"{""carrier_sentence_hash"": ""b57b188dd632c584b56b175a"", ""clean_hash"": ""cb61140a3a6e782bb9117fd62e9230d490488926f94ed087b5d0dc5c8070fe12"", ""expected_accepted_edits"": 0, ""generation_strategy"": ""hard_negative"", ""guard_family"": ""n_nn_correct"", ""hard_negative_kind"": ""trap_candidate"", ""is_hard_negative"": true, ""license_status"": ""Open Lenta.ru news dataset; verify terms before production."", ""original_clean_sentence"": ""Он сказал, что, вероятно, уже сейчас разрабатываются инновационные технологии, которые приведут к очередной революции в компьютерной промышленности."", ""rule_ids"": [""clean_identity_hard_negative""], ""sentence_id"": ""939:2"", ""source_doc_id"": ""https://lenta.ru/news/1999/10/15/ms/"", ""source_name"": ""lenta_news"", ""source_subcorpus"": ""Мир"", ""source_type"": ""hard_negative_from_open_clean"", ""trap_rule_id"": ""n_nn_correct"", ""trap_types"": [""n_nn_correct"", ""tsya_correct""]}","Он сказал, что, вероятно, уже сейчас разрабатываются инновационные технологии, которые приведут к очередной революции в компьютерной промышленности.",lenta_news,Мир,True,False,592f83b5356d6d644106b377,592f83b5356d6d644106b377cbfc21d46c40654e458160846d35ea59899f8a60,[],lenta_news,True,False,news,clean_identity_hard_negative,[],safety:hard_negative
"На самом ли деле (как предположила газета «Ведомости») это Владислав Сурков, наш главный идеолог, серый кардинал, изобретатель «суверенной демократии» и других штук?","На самом ли деле (как предположила газета «Ведомости») это Владислав Сурков, наш главный идеолог, серый кардинал, изобретатель «суверенной демократии» и других штук?",val,hard_negative_from_open_clean,hard_negative,"[""clean_identity_hard_negative""]",[],"{""carrier_sentence_hash"": ""1792a4f7fe7508cf74d05906"", ""clean_hash"": ""4750d637e9c986fcfeaef319c1cb0e0c7fda75585e4efda506e88bd73a1bde7a"", ""expected_accepted_edits"": 0, ""generation_strategy"": ""hard_negative"", ""guard_family"": ""n_nn_correct"", ""hard_negative_kind"": ""trap_candidate"", ""is_hard_negative"": true, ""license_status"": ""OpenCorpora annotated corpus; verify terms before production."", ""original_clean_sentence"": ""На самом ли деле (как предположила газета «Ведомости») это Владислав Сурков, наш главный идеолог, серый кардинал, изобретатель «суверенной демократии» и других штук?"", ""rule_ids"": [""clean_identity_hard_negative""], ""sentence_id"": ""3142"", ""source_doc_id"": """", ""source_name"": ""opencorpora"", ""source_subcorpus"": ""opencorpora"", ""source_type"": ""hard_negative_from_open_clean"", ""trap_rule_id"": ""n_nn_correct"", ""trap_types"": [""n_nn_correct"", ""punctuation_trap"", ""quotes_brackets_final_punctuation""]}","На самом ли деле (как предположила газета «Ведомости») это Владислав Сурков, наш главный идеолог, серый кардинал, изобретатель «суверенной демократии» и других штук?",opencorpora,opencorpora,True,False,a93358e5bc65c791ac36d094,a93358e5bc65c791ac36d0946131770727690c090e3416f765312017c4c3b1fe,[],opencorpora,True,False,mixed_nonfiction,clean_identity_hard_negative,[],safety:hard_negative
Кавана — один из самых авторитетных тренеров в Ирландии.,Кавана — один из самых авторитетных тренеров в Ирландии.,train,hard_negative_from_open_clean,hard_negative,"[""clean_identity_hard_negative""]",[],"{""carrier_sentence_hash"": ""07bfedf33003d2891c308048"", ""clean_hash"": ""f985b24ecf391f5f13424817b65f1ebbdc178aa75b43526c92b136a69f694fd3"", ""expected_accepted_edits"": 0, ""generation_strategy"": ""hard_negative"", ""guard_family"": ""n_nn_correct"", ""hard_negative_kind"": ""trap_candidate"", ""is_hard_negative"": true, ""license_status"": ""Nerus Lenta annotated corpus; verify terms before production."", ""original_clean_sentence"": ""Кавана — один из самых авторитетных тренеров в Ирландии."", ""rule_ids"": [""clean_identity_hard_negative""], ""sentence_id"": ""7896"", ""source_doc_id"": ""676"", ""source_name"": ""nerus_news"", ""source_subcorpus"": ""nerus_lenta"", ""source_type"": ""hard_negative_from_open_clean"", ""trap_rule_id"": ""n_nn_correct"", ""trap_types"": [""n_nn_correct""]}",Кавана — один из самых авторитетных тренеров в Ирландии.,nerus_news,nerus_lenta,True,False,cd05fc20e6b028c33997b102,cd05fc20e6b028c33997b1028ca9141469325cbedf49c536dfd8d7494a4c42bf,[],nerus_news,True,False,news,clean_identity_hard_negative,[],safety:hard_negative
Все эти продукты присвоили названия уже существующих товаров и не могут выходить на международный рынок.,Все эти продукты присвоили названия уже существующих товаров и не могут выходить на международный рынок.,train,hard_negative_from_open_clean,hard_negative,"[""clean_identity_hard_negative""]",[],"{""carrier_sentence_hash"": ""91b1fbdc31a0c1043a0d35db"", ""clean_hash"": ""ce63aac0d37bd88b27b742911e44cc2835bb51ad87ce27351110c05cff42b940"", ""expected_accepted_edits"": 0, ""generation_strategy"": ""hard_negative"", ""guard_family"": ""n_nn_correct"", ""hard_negative_kind"": ""trap_candidate"", ""is_hard_negative"": true, ""license_status"": ""Open Lenta.ru news dataset; verify terms before production."", ""original_clean_sentence"": ""Все эти продукты присвоили названия уже существующих товаров и не могут выходить на международный рынок."", ""rule_ids"": [""clean_identity_hard_negative""], ""sentence_id"": ""958:8"", ""source_doc_id"": ""https://lenta.ru/news/1999/10/18/copyright/"", ""source_name"": ""lenta_news"", ""source_subcorpus"": ""Экономика"", ""source_type"": ""hard_negative_from_open_clean"", ""trap_rule_id"": ""n_nn_correct"", ""trap_types"": [""n_nn_correct"", ""ne_ni_correct""]}",Все эти продукты присвоили названия уже существующих товаров и не могут выходить на международный рынок.,lenta_news,Экономика,True,False,6ce9289550917c2d0ba7dbcf,6ce9289550917c2d0ba7dbcf4d26dcf7c043efd91f8527a2b81bd86a7135cdd0,[],lenta_news,True,False,news,clean_identity_hard_negative,[],safety:hard_negative
Без одного не было бы другого.,Без одного не было бы другого.,train,hard_negative_from_open_clean,hard_negative,"[""clean_identity_hard_negative""]",[],"{""carrier_sentence_hash"": ""a2312e95afcb3735c4b09c5c"", ""clean_hash"": ""84f26289dc8913f196377107197c94310289735f46b990ab57f997f215774096"", ""expected_accepted_edits"": 0, ""generation_strategy"": ""hard_negative"", ""guard_family"": ""n_nn_correct"", ""hard_negative_kind"": ""trap_candidate"", ""is_hard_negative"": true, ""license_status"": ""OpenCorpora annotated corpus; verify terms before production."", ""original_clean_sentence"": ""Без одного не было бы другого."", ""rule_ids"": [""clean_identity_hard_negative""], ""sentence_id"": ""9828"", ""source_doc_id"": """", ""source_name"": ""opencorpora"", ""source_subcorpus"": ""opencorpora"", ""source_type"": ""hard_negative_from_open_clean"", ""trap_rule_id"": ""n_nn_correct"", ""trap_types"": [""n_nn_correct"", ""ne_ni_correct""]}",Без одного не было бы другого.,opencorpora,opencorpora,True,False,251ece13dcc9ef55477e10c1,251ece13dcc9ef55477e10c1e23bf2f4e40217133feed2a2c155dfa4f6abb0f8,[],opencorpora,True,False,mixed_nonfiction,clean_identity_hard_negative,[],safety:hard_negative
"Забралова отметила, что бюджетное финансирование было увеличено на два миллиарда рублей.","Забралова отметила, что бюджетное финансирование было увеличено на два миллиарда рублей.",val,hard_negative_from_open_clean,hard_negative,"[""clean_identity_hard_negative""]",[],"{""carrier_sentence_hash"": ""ecd0723635f367924abb9e6a"", ""clean_hash"": ""97aa208ca968ef9f4f7499f5af40c258967166d174ea6f47645683b0d9ad6e70"", ""expected_accepted_edits"": 0, ""generation_strategy"": ""hard_negative"", ""guard_family"": ""n_nn_correct"", ""hard_negative_kind"": ""trap_candidate"", ""is_hard_negative"": true, ""license_status"": ""Nerus Lenta annotated corpus; verify terms before production."", ""original_clean_sentence"": ""Забралова отметила, что бюджетное финансирование было увеличено на два миллиарда рублей."", ""rule_ids"": [""clean_identity_hard_negative""], ""sentence_id"": ""3443"", ""source_doc_id"": ""292"", ""source_name"": ""nerus_news"", ""source_subcorpus"": ""nerus_lenta"", ""source_type"": ""hard_negative_from_open_clean"", ""trap_rule_id"": ""n_nn_correct"", ""trap_types"": [""n_nn_correct""]}","Забралова отметила, что бюджетное финансирование было увеличено на два миллиарда рублей.",nerus_news,nerus_lenta,True,False,17ace23814fb17de92bd35d1,17ace23814fb17de92bd35d19e0a298fe1906f2343a44d66eb315cafcc13b609,[],nerus_news,True,False,news,clean_identity_hard_negative,[],safety:hard_negative
"Но нет, никто не удосуживается смягчить откровенно навязываемый зрителям антисоветский бред.","Но нет, никто не удосуживается смягчить откровенно навязываемый зрителям антисоветский бред.",val,hard_negative_from_open_clean,hard_negative,"[""clean_identity_hard_negative""]",[],"{""carrier_sentence_hash"": ""1ad460ca6c64958721b62b43"", ""clean_hash"": ""36b968a9cbeeb30ee87e8d4a309ae10fe4d150787270e6d21e3c2b6050f3e04e"", ""expected_accepted_edits"": 0, ""generation_strategy"": ""hard_negative"", ""guard_family"": ""n_nn_correct"", ""hard_negative_kind"": ""trap_candidate"", ""is_hard_negative"": true, ""license_status"": ""OpenCorpora annotated corpus; verify terms before production."", ""original_clean_sentence"": ""Но нет, никто не удосуживается смягчить откровенно навязываемый зрителям антисоветский бред."", ""rule_ids"": [""clean_identity_hard_negative""], ""sentence_id"": ""8884"", ""source_doc_id"": """", ""source_name"": ""opencorpora"", ""source_subcorpus"": ""opencorpora"", ""source_type"": ""hard_negative_from_open_clean"", ""trap_rule_id"": ""n_nn_correct"", ""trap_types"": [""n_nn_correct"", ""ne_ni_correct"", ""tsya_correct""]}","Но нет, никто не удосуживается смягчить откровенно навязываемый зрителям антисоветский бред.",opencorpora,opencorpora,True,False,6d5620ef24d9beeb54e85ad4,6d5620ef24d9beeb54e85ad4964de5f497dc1968c62fbecbe72acb970cdb0a80,[],opencorpora,True,False,mixed_nonfiction,clean_identity_hard_negative,[],safety:hard_negative
"Как сообщает Reuters, данный суд касался не непосредственных исполнителей терактов, а тех лиц, которые оказывали им содействие - в частности, помощь в изготовлении бомб.","Как сообщает Reuters, данный суд касался не непосредственных исполнителей терактов, а тех лиц, которые оказывали им содействие - в частности, помощь в изготовлении бомб.",train,hard_negative_from_open_clean,hard_negative,"[""clean_identity_hard_negative""]",[],"{""carrier_sentence_hash"": ""8ce6eefbdde290eb00a23e42"", ""clean_hash"": ""b2e00cebbacfb6219cfaa2f3d6e67c7b16ba67d3c3f314ae44802c96edbf97f3"", ""expected_accepted_edits"": 0, ""generation_strategy"": ""hard_negative"", ""guard_family"": ""n_nn_correct"", ""hard_negative_kind"": ""trap_candidate"", ""is_hard_negative"": true, ""license_status"": ""Open Lenta.ru news dataset; verify terms before production."", ""original_clean_sentence"": ""Как сообщает Reuters, данный суд касался не непосредственных исполнителей терактов, а тех лиц, которые оказывали им содействие - в частности, помощь в изготовлении бомб."", ""rule_ids"": [""clean_identity_hard_negative""], ""sentence_id"": ""245:7"", ""source_doc_id"": ""https://lenta.ru/news/1999/09/15/france/"", ""source_name"": ""lenta_news"", ""source_subcorpus"": ""Мир"", ""source_type"": ""hard_negative_from_open_clean"", ""trap_rule_id"": ""n_nn_correct"", ""trap_types"": [""n_nn_correct"", ""ne_ni_correct"", ""punctuation_trap""]}","Как сообщает Reuters, данный суд касался не непосредственных исполнителей терактов, а тех лиц, которые оказывали им содействие - в частности, помощь в изготовлении бомб.",lenta_news,Мир,True,False,6b79fdd8f54acaca6ea0e33b,6b79fdd8f54acaca6ea0e33b0a4a3a0afdb643e8e6092b1af665dd3c9334003a,[],lenta_news,True,False,news,clean_identity_hard_negative,[],safety:hard_negative
Всего фирме Golden ADA было передано ценностей на сумму более чем на 180 миллионов долларов.,Всего фирме Golden ADA было передано ценностей на сумму более чем на 180 миллионов долларов.,val,hard_negative_from_open_clean,hard_negative,"[""clean_identity_hard_negative""]",[],"{""carrier_sentence_hash"": ""9b50949f1cd5c7f4550be606"", ""clean_hash"": ""7c72628a032649cc11767ffa7d3a639962affdfaa77498b579c9c84d203db449"", ""expected_accepted_edits"": 0, ""generation_strategy"": ""hard_negative"", ""guard_family"": ""n_nn_correct"", ""hard_negative_kind"": ""trap_candidate"", ""is_hard_negative"": true, ""license_status"": ""Open Lenta.ru news dataset; verify terms before production."", ""original_clean_sentence"": ""Всего фирме Golden ADA было передано ценностей на сумму более чем на 180 миллионов долларов."", ""rule_ids"": [""clean_identity_hard_negative""], ""sentence_id"": ""990:9"", ""source_doc_id"": ""https://lenta.ru/news/1999/10/19/kid/"", ""source_name"": ""lenta_news"", ""source_subcorpus"": ""Россия"", ""source_type"": ""hard_negative_from_open_clean"", ""trap_rule_id"": ""n_nn_correct"", ""trap_types"": [""n_nn_correct""]}",Всего фирме Golden ADA было передано ценностей на сумму более чем на 180 миллионов долларов.,lenta_news,Россия,True,False,95777635cd939cb1b289091d,95777635cd939cb1b289091dcb5d3c484e58d5eb5eee4e2efc0aabbc1c74c632,[],lenta_news,True,False,news,clean_identity_hard_negative,[],safety:hard_negative
В октябре Сивков предложил способ гарантированного уничтожения США.,В октябре Сивков предложил способ гарантированного уничтожения США.,train,hard_negative_from_open_clean,hard_negative,"[""clean_identity_hard_negative""]",[],"{""carrier_sentence_hash"": ""51ce479a3564f8fbb858c30a"", ""clean_hash"": ""7f12cbf1df78d3390ef67072ab7c20148dae63e6e08970eb60c3b027cc0d73ce"", ""expected_accepted_edits"": 0, ""generation_strategy"": ""hard_negative"", ""guard_family"": ""abbreviation_correct"", ""hard_negative_kind"": ""trap_candidate"", ""is_hard_negative"": true, ""license_status"": ""Nerus Lenta annotated corpus; verify terms before production."", ""original_clean_sentence"": ""В октябре Сивков предложил способ гарантированного уничтожения США."", ""rule_ids"": [""clean_identity_hard_negative""], ""sentence_id"": ""2697"", ""source_doc_id"": ""231"", ""source_name"": ""nerus_news"", ""source_subcorpus"": ""nerus_lenta"", ""source_type"": ""hard_negative_from_open_clean"", ""trap_rule_id"": ""abbreviation_correct"", ""trap_types"": [""abbreviation_correct"", ""context_pair_correct"", ""n_nn_correct""]}",В октябре Сивков предложил способ гарантированного уничтожения США.,nerus_news,nerus_lenta,True,False,a50b0373ee513ede027e1d3d,a50b0373ee513ede027e1d3d651f52f643d5d4a4b6435c45b7567c721da5879c,[],nerus_news,True,False,news,clean_identity_hard_negative,[],safety:hard_negative
Недавно в столицу Нидерландов из Лондона перенесли штаб-квартиру Европейского медицинского агентства.,Недавно в столицу Нидерландов из Лондона перенесли штаб-квартиру Европейского медицинского агентства.,train,hard_negative_from_open_clean,hard_negative,"[""clean_identity_hard_negative""]",[],"{""carrier_sentence_hash"": ""92b23c0b669c283ac33b030c"", ""clean_hash"": ""502dbf555dc5948a4c85ee114afce709f0989e7e7c163f9c3342087dd4d62d07"", ""expected_accepted_edits"": 0, ""generation_strategy"": ""hard_negative"", ""guard_family"": ""hyphen_correct"", ""hard_negative_kind"": ""trap_candidate"", ""is_hard_negative"": true, ""license_status"": ""Nerus Lenta annotated corpus; verify terms before production."", ""original_clean_sentence"": ""Недавно в столицу Нидерландов из Лондона перенесли штаб-квартиру Европейского медицинского агентства."", ""rule_ids"": [""clean_identity_hard_negative""], ""sentence_id"": ""8101"", ""source_doc_id"": ""695"", ""source_name"": ""nerus_news"", ""source_subcorpus"": ""nerus_lenta"", ""source_type"": ""hard_negative_from_open_clean"", ""trap_rule_id"": ""hyphen_correct"", ""trap_types"": [""hyphen_correct"", ""n_nn_correct""]}",Недавно в столицу Нидерландов из Лондона перенесли штаб-квартиру Европейского медицинского агентства.,nerus_news,nerus_lenta,True,False,2a266790c44622b415f72518,2a266790c44622b415f72518d1aa633ea862a8a17fc7b10c2f6bdcd029fbe496,[],nerus_news,True,False,news,clean_identity_hard_negative,[],safety:hard_negative
"Десантник Вооруженных сил Украины (ВСУ), появившийся рядом с украинским президентом Петром Порошенко с шевроном танковой дивизии СС «Мертвая голова», извинился за свою выходку.","Десантник Вооруженных сил Украины (ВСУ), появившийся рядом с украинским президентом Петром Порошенко с шевроном танковой дивизии СС «Мертвая голова», извинился за свою выходку.",train,hard_negative_from_open_clean,hard_negative,"[""clean_identity_hard_negative""]",[],"{""carrier_sentence_hash"": ""47130b91d22d41a6ec22ab31"", ""clean_hash"": ""e6ebacb9b8a9244ac85678c5faf1bf2bae8d7ea89791044dcb61d72f9eddb73f"", ""expected_accepted_edits"": 0, ""generation_strategy"": ""hard_negative"", ""guard_family"": ""n_nn_correct"", ""hard_negative_kind"": ""trap_candidate"", ""is_hard_negative"": true, ""license_status"": ""Nerus Lenta annotated corpus; verify terms before production."", ""original_clean_sentence"": ""Десантник Вооруженных сил Украины (ВСУ), появившийся рядом с украинским президентом Петром Порошенко с шевроном танковой дивизии СС «Мертвая голова», извинился за свою выходку."", ""rule_ids"": [""clean_identity_hard_negative""], ""sentence_id"": ""944"", ""source_doc_id"": ""83"", ""source_name"": ""nerus_news"", ""source_subcorpus"": ""nerus_lenta"", ""source_type"": ""hard_negative_from_open_clean"", ""trap_rule_id"": ""n_nn_correct"", ""trap_types"": [""n_nn_correct"", ""quotes_brackets_final_punctuation""]}","Десантник Вооруженных сил Украины (ВСУ), появившийся рядом с украинским президентом Петром Порошенко с шевроном танковой дивизии СС «Мертвая голова», извинился за свою выходку.",nerus_news,nerus_lenta,True,False,ba79be1f2c4c95c1b5cd314f,ba79be1f2c4c95c1b5cd314f539b1cfa1fe1349ccd3a8d2caf30ef1d61947dad,[],nerus_news,True,False,news,clean_identity_hard_negative,[],safety:hard_negative
На предложение Хакимовой пока никто не ответил.,На предложение Хакимовой пока никто не ответил.,train,hard_negative_from_open_clean,hard_negative,"[""clean_identity_hard_negative""]",[],"{""carrier_sentence_hash"": ""e21972930773d7d814c8b72c"", ""clean_hash"": ""45fe03ac7e135331098d573ee4d958da44c613b75eb8f075b263706d9db60d56"", ""expected_accepted_edits"": 0, ""generation_strategy"": ""hard_negative"", ""guard_family"": ""n_nn_correct"", ""hard_negative_kind"": ""trap_candidate"", ""is_hard_negative"": true, ""license_status"": ""Nerus Lenta annotated corpus; verify terms before production."", ""original_clean_sentence"": ""На предложение Хакимовой пока никто не ответил."", ""rule_ids"": [""clean_identity_hard_negative""], ""sentence_id"": ""3662"", ""source_doc_id"": ""311"", ""source_name"": ""nerus_news"", ""source_subcorpus"": ""nerus_lenta"", ""source_type"": ""hard_negative_from_open_clean"", ""trap_rule_id"": ""n_nn_correct"", ""trap_types"": [""n_nn_correct"", ""ne_ni_correct""]}",На предложение Хакимовой пока никто не ответил.,nerus_news,nerus_lenta,True,False,5783ce73ea794c2b63b01951,5783ce73ea794c2b63b0195108871438413e971031410720ac3290972ef7ffd0,[],nerus_news,True,False,news,clean_identity_hard_negative,[],safety:hard_negative
"5-миллиардный рубеж был пройдет лишь 12 лет назад, в 1987 году.","5-миллиардный рубеж был пройдет лишь 12 лет назад, в 1987 году.",train,hard_negative_from_open_clean,hard_negative,"[""clean_identity_hard_negative""]",[],"{""carrier_sentence_hash"": ""3e075851a86a81558029210b"", ""clean_hash"": ""3e075851a86a81558029210b1c0afc91219d727780c128c37f0b05edf206d574"", ""expected_accepted_edits"": 0, ""generation_strategy"": ""hard_negative"", ""guard_family"": ""n_nn_correct"", ""hard_negative_kind"": ""trap_candidate"", ""is_hard_negative"": true, ""license_status"": ""Open Lenta.ru news dataset; verify terms before production."", ""original_clean_sentence"": ""5-миллиардный рубеж был пройдет лишь 12 лет назад, в 1987 году."", ""rule_ids"": [""clean_identity_hard_negative""], ""sentence_id"": ""842:9"", ""source_doc_id"": ""https://lenta.ru/news/1999/10/12/6bln/"", ""source_name"": ""lenta_news"", ""source_subcorpus"": ""Мир"", ""source_type"": ""hard_negative_from_open_clean"", ""trap_rule_id"": ""n_nn_correct"", ""trap_types"": [""n_nn_correct"", ""numbers_percent_decimals""]}","5-миллиардный рубеж был пройдет лишь 12 лет назад, в 1987 году.",lenta_news,Мир,True,False,94ca22498b57b05d1ecc1fca,94ca22498b57b05d1ecc1fca2d523138a36afef6fad74b1b936e1ddb67d278d7,[],lenta_news,True,False,news,clean_identity_hard_negative,[],safety:hard_negative
"По его словам, обстановка в компании ""абсолютно спокойная"", и Биков беспрепятственно смог приступить к исполнению своих обязанностей.","По его словам, обстановка в компании ""абсолютно спокойная"", и Биков беспрепятственно смог приступить к исполнению своих обязанностей.",train,hard_negative_from_open_clean,hard_negative,"[""clean_identity_hard_negative""]",[],"{""carrier_sentence_hash"": ""8e364cd5f21b25fa7de23e6f"", ""clean_hash"": ""897673e9b76bf6e9f53b1f88b21367250635487ff5bee0079a7806b97979736d"", ""expected_accepted_edits"": 0, ""generation_strategy"": ""hard_negative"", ""guard_family"": ""n_nn_correct"", ""hard_negative_kind"": ""trap_candidate"", ""is_hard_negative"": true, ""license_status"": ""Open Lenta.ru news dataset; verify terms before production."", ""original_clean_sentence"": ""По его словам, обстановка в компании \""абсолютно спокойная\"", и Биков беспрепятственно смог приступить к исполнению своих обязанностей."", ""rule_ids"": [""clean_identity_hard_negative""], ""sentence_id"": ""607:10"", ""source_doc_id"": ""https://lenta.ru/news/1999/10/01/tumenenergo/"", ""source_name"": ""lenta_news"", ""source_subcorpus"": ""Россия"", ""source_type"": ""hard_negative_from_open_clean"", ""trap_rule_id"": ""n_nn_correct"", ""trap_types"": [""n_nn_correct""]}","По его словам, обстановка в компании ""абсолютно спокойная"", и Биков беспрепятственно смог приступить к исполнению своих обязанностей.",lenta_news,Россия,True,False,f1160f40cd4a39b9e70c9718,f1160f40cd4a39b9e70c971860ab0933c8279c1f5f8056feb889b23dc5278c27,[],lenta_news,True,False,news,clean_identity_hard_negative,[],safety:hard_negative
Вернётся ли в Россию тотальная журналистика?,Вернётся ли в Россию тотальная журналистика?,train,hard_negative_from_open_clean,hard_negative,"[""clean_identity_hard_negative""]",[],"{""carrier_sentence_hash"": ""0b33d1a4924e3990df3bb9d5"", ""clean_hash"": ""c0218d7f1965eeeb4a82b9c9c327ec3d4e1729dd8bbd35dc973f95ac8a9589c5"", ""expected_accepted_edits"": 0, ""generation_strategy"": ""hard_negative"", ""guard_family"": ""n_nn_correct"", ""hard_negative_kind"": ""trap_candidate"", ""is_hard_negative"": true, ""license_status"": ""OpenCorpora annotated corpus; verify terms before production."", ""original_clean_sentence"": ""Вернётся ли в Россию тотальная журналистика?"", ""rule_ids"": [""clean_identity_hard_negative""], ""sentence_id"": ""11778"", ""source_doc_id"": """", ""source_name"": ""opencorpora"", ""source_subcorpus"": ""opencorpora"", ""source_type"": ""hard_negative_from_open_clean"", ""trap_rule_id"": ""n_nn_correct"", ""trap_types"": [""n_nn_correct"", ""quotes_brackets_final_punctuation"", ""tsya_correct""]}",Вернётся ли в Россию тотальная журналистика?,opencorpora,opencorpora,True,False,e224040ad1c744d9f1341215,e224040ad1c744d9f13412152e32f32860b41ed920d1c5055bcdece5f045ef6d,[],opencorpora,True,False,mixed_nonfiction,clean_identity_hard_negative,[],safety:hard_negative
И не видели они друг друга практически до самой войны.,И не видели они друг друга практически до самой войны.,train,hard_negative_from_open_clean,hard_negative,"[""clean_identity_hard_negative""]",[],"{""carrier_sentence_hash"": ""e1d6acb08673747630486589"", ""clean_hash"": ""70844086c272345c261ece0acaa702a3115202aecab115b26fd4ed81b1ce9f24"", ""expected_accepted_edits"": 0, ""generation_strategy"": ""hard_negative"", ""guard_family"": ""n_nn_correct"", ""hard_negative_kind"": ""trap_candidate"", ""is_hard_negative"": true, ""license_status"": ""OpenCorpora annotated corpus; verify terms before production."", ""original_clean_sentence"": ""И не видели они друг друга практически до самой войны."", ""rule_ids"": [""clean_identity_hard_negative""], ""sentence_id"": ""5938"", ""source_doc_id"": """", ""source_name"": ""opencorpora"", ""source_subcorpus"": ""opencorpora"", ""source_type"": ""hard_negative_from_open_clean"", ""trap_rule_id"": ""n_nn_correct"", ""trap_types"": [""n_nn_correct"", ""ne_ni_correct""]}",И не видели они друг друга практически до самой войны.,opencorpora,opencorpora,True,False,d0debdec7c078aa8f86e2966,d0debdec7c078aa8f86e29669e1a33cd53e7c1b5f0cc9a7f73bd5f0afb71b75e,[],opencorpora,True,False,mixed_nonfiction,clean_identity_hard_negative,[],safety:hard_negative
"По словам Чайки, о покупке стало известно в ходе прокурорской проверки.","По словам Чайки, о покупке стало известно в ходе прокурорской проверки.",train,hard_negative_from_open_clean,hard_negative,"[""clean_identity_hard_negative""]",[],"{""carrier_sentence_hash"": ""229f4b417a9e6f21aa0f9421"", ""clean_hash"": ""8326cd991fb88e988935122079678a0be33256d72cee3815bea1d0631ec69789"", ""expected_accepted_edits"": 0, ""generation_strategy"": ""hard_negative"", ""guard_family"": ""n_nn_correct"", ""hard_negative_kind"": ""trap_candidate"", ""is_hard_negative"": true, ""license_status"": ""Nerus Lenta annotated corpus; verify terms before production."", ""original_clean_sentence"": ""По словам Чайки, о покупке стало известно в ходе прокурорской проверки."", ""rule_ids"": [""clean_identity_hard_negative""], ""sentence_id"": ""5706"", ""source_doc_id"": ""489"", ""source_name"": ""nerus_news"", ""source_subcorpus"": ""nerus_lenta"", ""source_type"": ""hard_negative_from_open_clean"", ""trap_rule_id"": ""n_nn_correct"", ""trap_types"": [""n_nn_correct""]}","По словам Чайки, о покупке стало известно в ходе прокурорской проверки.",nerus_news,nerus_lenta,True,False,902c3fc2bcb64a2f900b4fd6,902c3fc2bcb64a2f900b4fd6f7041a8ccca95b24731571e0e2e3f1c9c720cf9c,[],nerus_news,True,False,news,clean_identity_hard_negative,[],safety:hard_negative
Ведущий телепроекта «Голос» Дмитрий Нагиев во время съемок шоу назвал «шкурой» музыканта Сергея Шнурова.,Ведущий телепроекта «Голос» Дмитрий Нагиев во время съемок шоу назвал «шкурой» музыканта Сергея Шнурова.,train,hard_negative_from_open_clean,hard_negative,"[""clean_identity_hard_negative""]",[],"{""carrier_sentence_hash"": ""35edf872c986ee5bd5d849a3"", ""clean_hash"": ""49a04dc5c2bf2028502aa256e76fdcd7d38fd0f747adc4bb285c3a0528d338f8"", ""expected_accepted_edits"": 0, ""generation_strategy"": ""hard_negative"", ""guard_family"": ""n_nn_correct"", ""hard_negative_kind"": ""trap_candidate"", ""is_hard_negative"": true, ""license_status"": ""Nerus Lenta annotated corpus; verify terms before production."", ""original_clean_sentence"": ""Ведущий телепроекта «Голос» Дмитрий Нагиев во время съемок шоу назвал «шкурой» музыканта Сергея Шнурова."", ""rule_ids"": [""clean_identity_hard_negative""], ""sentence_id"": ""8145"", ""source_doc_id"": ""700"", ""source_name"": ""nerus_news"", ""source_subcorpus"": ""nerus_lenta"", ""source_type"": ""hard_negative_from_open_clean"", ""trap_rule_id"": ""n_nn_correct"", ""trap_types"": [""n_nn_correct"", ""quotes_brackets_final_punctuation""]}",Ведущий телепроекта «Голос» Дмитрий Нагиев во время съемок шоу назвал «шкурой» музыканта Сергея Шнурова.,nerus_news,nerus_lenta,True,False,24bc5843693d0a4187441de5,24bc5843693d0a4187441de5375e7887a2338852866f12952384afbebf64aac4,[],nerus_news,True,False,news,clean_identity_hard_negative,[],safety:hard_negative
"Как сообщает РИА ""Новости"", заседание комиссии проведет в Доме правительства первый вице-премьер Николай Аксененко.","Как сообщает РИА ""Новости"", заседание комиссии проведет в Доме правительства первый вице-премьер Николай Аксененко.",train,hard_negative_from_open_clean,hard_negative,"[""clean_identity_hard_negative""]",[],"{""carrier_sentence_hash"": ""147079467d4a85edef4071bd"", ""clean_hash"": ""a67dc3b5f27ea159565c3e0122174992e31ed661dfa261cadd6816fdbb9352e7"", ""expected_accepted_edits"": 0, ""generation_strategy"": ""hard_negative"", ""guard_family"": ""hyphen_correct"", ""hard_negative_kind"": ""trap_candidate"", ""is_hard_negative"": true, ""license_status"": ""Open Lenta.ru news dataset; verify terms before production."", ""original_clean_sentence"": ""Как сообщает РИА \""Новости\"", заседание комиссии проведет в Доме правительства первый вице-премьер Николай Аксененко."", ""rule_ids"": [""clean_identity_hard_negative""], ""sentence_id"": ""826:4"", ""source_doc_id"": ""https://lenta.ru/news/1999/10/12/dagestan/"", ""source_name"": ""lenta_news"", ""source_subcorpus"": ""Россия"", ""source_type"": ""hard_negative_from_open_clean"", ""trap_rule_id"": ""hyphen_correct"", ""trap_types"": [""hyphen_correct"", ""n_nn_correct"", ""punctuation_trap""]}","Как сообщает РИА ""Новости"", заседание комиссии проведет в Доме правительства первый вице-премьер Николай Аксененко.",lenta_news,Россия,True,False,4959cd91ea6f9bccbae42c6a,4959cd91ea6f9bccbae42c6ab9d46874aa4deaed5b93739a2ca1b198dd360fdd,[],lenta_news,True,False,news,clean_identity_hard_negative,[],safety:hard_negative
Некоторых пассажиров пришлось извлекать из искореженных горящих вагонов в течение нескольких часов.,Некоторых пассажиров пришлось извлекать из искореженных горящих вагонов в течение нескольких часов.,train,hard_negative_from_open_clean,hard_negative,"[""clean_identity_hard_negative""]",[],"{""carrier_sentence_hash"": ""1a2f04bd07b469a7b807d8d3"", ""clean_hash"": ""17506cfac50b4f45136f90717463413ef9e8655256976bf3b65f2e225b37a8f0"", ""expected_accepted_edits"": 0, ""generation_strategy"": ""hard_negative"", ""guard_family"": ""n_nn_correct"", ""hard_negative_kind"": ""trap_candidate"", ""is_hard_negative"": true, ""license_status"": ""Open Lenta.ru news dataset; verify terms before production."", ""original_clean_sentence"": ""Некоторых пассажиров пришлось извлекать из искореженных горящих вагонов в течение нескольких часов."", ""rule_ids"": [""clean_identity_hard_negative""], ""sentence_id"": ""662:7"", ""source_doc_id"": ""https://lenta.ru/news/1999/10/05/london_trains/"", ""source_name"": ""lenta_news"", ""source_subcorpus"": ""Мир"", ""source_type"": ""hard_negative_from_open_clean"", ""trap_rule_id"": ""n_nn_correct"", ""trap_types"": [""n_nn_correct""]}",Некоторых пассажиров пришлось извлекать из искореженных горящих вагонов в течение нескольких часов.,lenta_news,Мир,True,False,1c9d596bd06d7d612cae1222,1c9d596bd06d7d612cae1222c0c52ea5f4e755c2c80044355b83eb3446ffada1,[],lenta_news,True,False,news,clean_identity_hard_negative,[],safety:hard_negative
"В июле 1997 года в конституцию страны были внесены поправки, закрепившие новое название государства — «Самоа», под которым оно вступило в ООН в 1976 году.","В июле 1997 года в конституцию страны были внесены поправки, закрепившие новое название государства — «Самоа», под которым оно вступило в ООН в 1976 году.",train,hard_negative_from_open_clean,hard_negative,"[""clean_identity_hard_negative""]",[],"{""carrier_sentence_hash"": ""d53eaf89c1b90b75d1214bad"", ""clean_hash"": ""27f8eb1c3e611b3bca389e139f54ca86227bfbdb4180bcfe460e5bafcf289cc5"", ""expected_accepted_edits"": 0, ""generation_strategy"": ""hard_negative"", ""guard_family"": ""n_nn_correct"", ""hard_negative_kind"": ""trap_candidate"", ""is_hard_negative"": true, ""license_status"": ""OpenCorpora annotated corpus; verify terms before production."", ""original_clean_sentence"": ""В июле 1997 года в конституцию страны были внесены поправки, закрепившие новое название государства — «Самоа», под которым оно вступило в ООН в 1976 году."", ""rule_ids"": [""clean_identity_hard_negative""], ""sentence_id"": ""7111"", ""source_doc_id"": """", ""source_name"": ""opencorpora"", ""source_subcorpus"": ""opencorpora"", ""source_type"": ""hard_negative_from_open_clean"", ""trap_rule_id"": ""n_nn_correct"", ""trap_types"": [""n_nn_correct"", ""quotes_brackets_final_punctuation""]}","В июле 1997 года в конституцию страны были внесены поправки, закрепившие новое название государства — «Самоа», под которым оно вступило в ООН в 1976 году.",opencorpora,opencorpora,True,False,1d01ee928cae233509be37f5,1d01ee928cae233509be37f5724f89062373aa454034b846a8e4a9965afc7ae4,[],opencorpora,True,False,mixed_nonfiction,clean_identity_hard_negative,[],safety:hard_negative
"Впрочем, в последнее мало кто верит.","Впрочем, в последнее мало кто верит.",train,hard_negative_from_open_clean,hard_negative,"[""clean_identity_hard_negative""]",[],"{""carrier_sentence_hash"": ""54a8542930534f04fc12ef6f"", ""clean_hash"": ""e45d18afa538f787ecd2fb1b7a252ffd5cb3c408f3fa6865a4502f2eb7628bd4"", ""expected_accepted_edits"": 0, ""generation_strategy"": ""hard_negative"", ""guard_family"": ""n_nn_correct"", ""hard_negative_kind"": ""trap_candidate"", ""is_hard_negative"": true, ""license_status"": ""OpenCorpora annotated corpus; verify terms before production."", ""original_clean_sentence"": ""Впрочем, в последнее мало кто верит."", ""rule_ids"": [""clean_identity_hard_negative""], ""sentence_id"": ""9375"", ""source_doc_id"": """", ""source_name"": ""opencorpora"", ""source_subcorpus"": ""opencorpora"", ""source_type"": ""hard_negative_from_open_clean"", ""trap_rule_id"": ""n_nn_correct"", ""trap_types"": [""n_nn_correct""]}","Впрочем, в последнее мало кто верит.",opencorpora,opencorpora,True,False,cb1690fab86293296296a8b5,cb1690fab86293296296a8b592ee47c62a4c9639391ddaf4a1c70f2ef40e20e2,[],opencorpora,True,False,mixed_nonfiction,clean_identity_hard_negative,[],safety:hard_negative
"В середине 2000-х годов Лейкин работал главным специалистом ГУП «Гидромост», и в тот период «Пелискер» активно участвовал и побеждал на торгах и тендерах московского правительства.","В середине 2000-х годов Лейкин работал главным специалистом ГУП «Гидромост», и в тот период «Пелискер» активно участвовал и побеждал на торгах и тендерах московского правительства.",train,hard_negative_from_open_clean,hard_negative,"[""clean_identity_hard_negative""]",[],"{""carrier_sentence_hash"": ""9c5d9523cd827e6f1b01b54e"", ""clean_hash"": ""bd60029bfadcc49764bcce2f98523125b83a28c60c6397df711adac106e1419f"", ""expected_accepted_edits"": 0, ""generation_strategy"": ""hard_negative"", ""guard_family"": ""n_nn_correct"", ""hard_negative_kind"": ""trap_candidate"", ""is_hard_negative"": true, ""license_status"": ""OpenCorpora annotated corpus; verify terms before production."", ""original_clean_sentence"": ""В середине 2000-х годов Лейкин работал главным специалистом ГУП «Гидромост», и в тот период «Пелискер» активно участвовал и побеждал на торгах и тендерах московского правительства."", ""rule_ids"": [""clean_identity_hard_negative""], ""sentence_id"": ""8948"", ""source_doc_id"": """", ""source_name"": ""opencorpora"", ""source_subcorpus"": ""opencorpora"", ""source_type"": ""hard_negative_from_open_clean"", ""trap_rule_id"": ""n_nn_correct"", ""trap_types"": [""n_nn_correct"", ""numbers_percent_decimals"", ""quotes_brackets_final_punctuation""]}","В середине 2000-х годов Лейкин работал главным специалистом ГУП «Гидромост», и в тот период «Пелискер» активно участвовал и побеждал на торгах и тендерах московского правительства.",opencorpora,opencorpora,True,False,2d5ca2a325c32a7fb160f15c,2d5ca2a325c32a7fb160f15cd3f9212bb7bbf2660841a29d00097f15d19b2e35,[],opencorpora,True,False,mixed_nonfiction,clean_identity_hard_negative,[],safety:hard_negative
"Создаваемая на базе IP-протокола новая сеть к концу 2000 года свяжет около 60 американских и британских городов, а к концу 2001 года - около сотни городов за пределами этих государств.","Создаваемая на базе IP-протокола новая сеть к концу 2000 года свяжет около 60 американских и британских городов, а к концу 2001 года - около сотни городов за пределами этих государств.",train,hard_negative_from_open_clean,hard_negative,"[""clean_identity_hard_negative""]",[],"{""carrier_sentence_hash"": ""6fe0f280cb0be35acb8c3449"", ""clean_hash"": ""1d0fa97f76b3d730e548e169f8ef3ff30e4061a09b79f810476a8b7ab4704019"", ""expected_accepted_edits"": 0, ""generation_strategy"": ""hard_negative"", ""guard_family"": ""n_nn_correct"", ""hard_negative_kind"": ""trap_candidate"", ""is_hard_negative"": true, ""license_status"": ""Open Lenta.ru news dataset; verify terms before production."", ""original_clean_sentence"": ""Создаваемая на базе IP-протокола новая сеть к концу 2000 года свяжет около 60 американских и британских городов, а к концу 2001 года - около сотни городов за пределами этих государств."", ""rule_ids"": [""clean_identity_hard_negative""], ""sentence_id"": ""891:1"", ""source_doc_id"": ""https://lenta.ru/news/1999/10/13/us_uk/"", ""source_name"": ""lenta_news"", ""source_subcorpus"": ""Мир"", ""source_type"": ""hard_negative_from_open_clean"", ""trap_rule_id"": ""n_nn_correct"", ""trap_types"": [""n_nn_correct""]}","Создаваемая на базе IP-протокола новая сеть к концу 2000 года свяжет около 60 американских и британских городов, а к концу 2001 года - около сотни городов за пределами этих государств.",lenta_news,Мир,True,False,dfe7bd9d450f998ad0d49ea6,dfe7bd9d450f998ad0d49ea6e423b07b3be0a5326ef28ecfca721c218ac0bb6d,[],lenta_news,True,False,news,clean_identity_hard_negative,[],safety:hard_negative
"По данным ФСБ, дипломат систематически предоставлял южнокорейской разведке ""информацию конфиденциального характера, чем наносил ущерб политическим и экономическим интересам России"".","По данным ФСБ, дипломат систематически предоставлял южнокорейской разведке ""информацию конфиденциального характера, чем наносил ущерб политическим и экономическим интересам России"".",train,hard_negative_from_open_clean,hard_negative,"[""clean_identity_hard_negative""]",[],"{""carrier_sentence_hash"": ""33c4bc4d5d481d83bc03bc6d"", ""clean_hash"": ""d54b5f1b4e4c0a8492b799de3fb589747ecd3d46a847bb32be4377c8a10a7aa6"", ""expected_accepted_edits"": 0, ""generation_strategy"": ""hard_negative"", ""guard_family"": ""n_nn_correct"", ""hard_negative_kind"": ""trap_candidate"", ""is_hard_negative"": true, ""license_status"": ""Open Lenta.ru news dataset; verify terms before production."", ""original_clean_sentence"": ""По данным ФСБ, дипломат систематически предоставлял южнокорейской разведке \""информацию конфиденциального характера, чем наносил ущерб политическим и экономическим интересам России\""."", ""rule_ids"": [""clean_identity_hard_negative""], ""sentence_id"": ""908:7"", ""source_doc_id"": ""https://lenta.ru/news/1999/10/14/spy/"", ""source_name"": ""lenta_news"", ""source_subcorpus"": ""Россия"", ""source_type"": ""hard_negative_from_open_clean"", ""trap_rule_id"": ""n_nn_correct"", ""trap_types"": [""n_nn_correct""]}","По данным ФСБ, дипломат систематически предоставлял южнокорейской разведке ""информацию конфиденциального характера, чем наносил ущерб политическим и экономическим интересам России"".",lenta_news,Россия,True,False,16881eed04630b0e0369bf26,16881eed04630b0e0369bf26fb551158c305bce6dffca2a6168277c81e945e6d,[],lenta_news,True,False,news,clean_identity_hard_negative,[],safety:hard_negative
"А псевдодокументальные фильмы типа «Духа времени» заставляют нас верить, что главная беда человечества — это ботаники из Бильдербергского клуба, собирающиеся иногда вместе поиграть в «Монополию».","А псевдодокументальные фильмы типа «Духа времени» заставляют нас верить, что главная беда человечества — это ботаники из Бильдербергского клуба, собирающиеся иногда вместе поиграть в «Монополию».",train,hard_negative_from_open_clean,hard_negative,"[""clean_identity_hard_negative""]",[],"{""carrier_sentence_hash"": ""e96ddf1244451767df665a5e"", ""clean_hash"": ""ae8b92922c97a037516df2c0b2db8d85d3644a8064c5bbcf1ad40ddc9dab246a"", ""expected_accepted_edits"": 0, ""generation_strategy"": ""hard_negative"", ""guard_family"": ""n_nn_correct"", ""hard_negative_kind"": ""trap_candidate"", ""is_hard_negative"": true, ""license_status"": ""OpenCorpora annotated corpus; verify terms before production."", ""original_clean_sentence"": ""А псевдодокументальные фильмы типа «Духа времени» заставляют нас верить, что главная беда человечества — это ботаники из Бильдербергского клуба, собирающиеся иногда вместе поиграть в «Монополию»."", ""rule_ids"": [""clean_identity_hard_negative""], ""sentence_id"": ""2581"", ""source_doc_id"": """", ""source_name"": ""opencorpora"", ""source_subcorpus"": ""opencorpora"", ""source_type"": ""hard_negative_from_open_clean"", ""trap_rule_id"": ""n_nn_correct"", ""trap_types"": [""n_nn_correct"", ""quotes_brackets_final_punctuation""]}","А псевдодокументальные фильмы типа «Духа времени» заставляют нас верить, что главная беда человечества — это ботаники из Бильдербергского клуба, собирающиеся иногда вместе поиграть в «Монополию».",opencorpora,opencorpora,True,False,fdd2866079509fb4e197acb8,fdd2866079509fb4e197acb898ebdda8c84f74955793d9998924b46cec866481,[],opencorpora,True,False,mixed_nonfiction,clean_identity_hard_negative,[],safety:hard_negative
15 июля в США задержали россиянку Марию Бутину по подозрению в шпионаже и ведении деятельности в качестве незарегистрированного в Минюсте США иностранного агента.,15 июля в США задержали россиянку Марию Бутину по подозрению в шпионаже и ведении деятельности в качестве незарегистрированного в Минюсте США иностранного агента.,train,hard_negative_from_open_clean,hard_negative,"[""clean_identity_hard_negative""]",[],"{""carrier_sentence_hash"": ""e9454d57818fbb92b3199b22"", ""clean_hash"": ""c6fd65ce8358e19390cb1fec0f0a86eaf97a5c236ab46dceb73b261236d243fc"", ""expected_accepted_edits"": 0, ""generation_strategy"": ""hard_negative"", ""guard_family"": ""abbreviation_correct"", ""hard_negative_kind"": ""trap_candidate"", ""is_hard_negative"": true, ""license_status"": ""Nerus Lenta annotated corpus; verify terms before production."", ""original_clean_sentence"": ""15 июля в США задержали россиянку Марию Бутину по подозрению в шпионаже и ведении деятельности в качестве незарегистрированного в Минюсте США иностранного агента."", ""rule_ids"": [""clean_identity_hard_negative""], ""sentence_id"": ""6077"", ""source_doc_id"": ""520"", ""source_name"": ""nerus_news"", ""source_subcorpus"": ""nerus_lenta"", ""source_type"": ""hard_negative_from_open_clean"", ""trap_rule_id"": ""abbreviation_correct"", ""trap_types"": [""abbreviation_correct"", ""n_nn_correct""]}",15 июля в США задержали россиянку Марию Бутину по подозрению в шпионаже и ведении деятельности в качестве незарегистрированного в Минюсте США иностранного агента.,nerus_news,nerus_lenta,True,False,96db69d8a18150c75c31540d,96db69d8a18150c75c31540d8cbd9cca5a1bb3c474d0584a25062c3409257a56,[],nerus_news,True,False,news,clean_identity_hard_negative,[],safety:hard_negative
"Я недавно [президенту России] Владимиру Владимировичу [Путину] сказал: слушай, мы с тобой скоро Господа будем просить, чтобы там было НАТО, а не отмороженные нацмены с ружьем», — сказал Лукашенко.","Я недавно [президенту России] Владимиру Владимировичу [Путину] сказал: слушай, мы с тобой скоро Господа будем просить, чтобы там было НАТО, а не отмороженные нацмены с ружьем», — сказал Лукашенко.",train,hard_negative_from_open_clean,hard_negative,"[""clean_identity_hard_negative""]",[],"{""carrier_sentence_hash"": ""21a051bcd1bd72c3906a138f"", ""clean_hash"": ""b8fc27f72cafa54021a15d16767e0bbb178f8d37733d18d1414a782a00b6f0fa"", ""expected_accepted_edits"": 0, ""generation_strategy"": ""hard_negative"", ""guard_family"": ""context_pair_correct"", ""hard_negative_kind"": ""trap_candidate"", ""is_hard_negative"": true, ""license_status"": ""Nerus Lenta annotated corpus; verify terms before production."", ""original_clean_sentence"": ""Я недавно [президенту России] Владимиру Владимировичу [Путину] сказал: слушай, мы с тобой скоро Господа будем просить, чтобы там было НАТО, а не отмороженные нацмены с ружьем», — сказал Лукашенко."", ""rule_ids"": [""clean_identity_hard_negative""], ""sentence_id"": ""1455"", ""source_doc_id"": ""129"", ""source_name"": ""nerus_news"", ""source_subcorpus"": ""nerus_lenta"", ""source_type"": ""hard_negative_from_open_clean"", ""trap_rule_id"": ""context_pair_correct"", ""trap_types"": [""context_pair_correct"", ""n_nn_correct"", ""ne_ni_correct"", ""quotes_brackets_final_punctuation""]}","Я недавно [президенту России] Владимиру Владимировичу [Путину] сказал: слушай, мы с тобой скоро Господа будем просить, чтобы там было НАТО, а не отмороженные нацмены с ружьем», — сказал Лукашенко.",nerus_news,nerus_lenta,True,False,0015efe42259f61a77a5737e,0015efe42259f61a77a5737eedf89c2adf21f6b76fda0db05e35b3c3bf9e927f,[],nerus_news,True,False,news,clean_identity_hard_negative,[],safety:hard_negative
Климухин согласился и нашел место для перевода — на Петровке.,Климухин согласился и нашел место для перевода — на Петровке.,train,hard_negative_from_open_clean,hard_negative,"[""clean_identity_hard_negative""]",[],"{""carrier_sentence_hash"": ""0fe97cefe0b5d5e68fd9c273"", ""clean_hash"": ""302e570e28bf17455edf5f913209eb9dcffb237d83ddfd6caee00a5bcd0c64c7"", ""expected_accepted_edits"": 0, ""generation_strategy"": ""hard_negative"", ""guard_family"": ""n_nn_correct"", ""hard_negative_kind"": ""trap_candidate"", ""is_hard_negative"": true, ""license_status"": ""Nerus Lenta annotated corpus; verify terms before production."", ""original_clean_sentence"": ""Климухин согласился и нашел место для перевода — на Петровке."", ""rule_ids"": [""clean_identity_hard_negative""], ""sentence_id"": ""2413"", ""source_doc_id"": ""208"", ""source_name"": ""nerus_news"", ""source_subcorpus"": ""nerus_lenta"", ""source_type"": ""hard_negative_from_open_clean"", ""trap_rule_id"": ""n_nn_correct"", ""trap_types"": [""n_nn_correct""]}",Климухин согласился и нашел место для перевода — на Петровке.,nerus_news,nerus_lenta,True,False,e8a9e1a0e0bd671e7b7c154c,e8a9e1a0e0bd671e7b7c154c55cdf1344dd90e4c3a6bb59848fa58f343e9b039,[],nerus_news,True,False,news,clean_identity_hard_negative,[],safety:hard_negative
"Она фиксирует, сколько ты нашагал в день, и шлет отчеты в сеть.","Она фиксирует, сколько ты нашагал в день, и шлет отчеты в сеть.",train,hard_negative_from_open_clean,hard_negative,"[""clean_identity_hard_negative""]",[],"{""carrier_sentence_hash"": ""c4cbc7e9f11d9bbd4219139f"", ""clean_hash"": ""7cb004d676e458d6309fce84e8bf2f9d801b846e4d7848dbf46caf2a195a80ab"", ""expected_accepted_edits"": 0, ""generation_strategy"": ""hard_negative"", ""guard_family"": ""n_nn_correct"", ""hard_negative_kind"": ""trap_candidate"", ""is_hard_negative"": true, ""license_status"": ""OpenCorpora annotated corpus; verify terms before production."", ""original_clean_sentence"": ""Она фиксирует, сколько ты нашагал в день, и шлет отчеты в сеть."", ""rule_ids"": [""clean_identity_hard_negative""], ""sentence_id"": ""5289"", ""source_doc_id"": """", ""source_name"": ""opencorpora"", ""source_subcorpus"": ""opencorpora"", ""source_type"": ""hard_negative_from_open_clean"", ""trap_rule_id"": ""n_nn_correct"", ""trap_types"": [""n_nn_correct""]}","Она фиксирует, сколько ты нашагал в день, и шлет отчеты в сеть.",opencorpora,opencorpora,True,False,8535c887e0dd4d832c1e53d0,8535c887e0dd4d832c1e53d0c7ce6f8791b176ec005b52e85ea7ad9789089196,[],opencorpora,True,False,mixed_nonfiction,clean_identity_hard_negative,[],safety:hard_negative
"Раньше «Арма» — газовый завод с массивными цилиндрическими газгольдерами 1865 года постройки, сейчас — концентрация ночных клубов, дискотек и сопутствующей инфраструктуры.","Раньше «Арма» — газовый завод с массивными цилиндрическими газгольдерами 1865 года постройки, сейчас — концентрация ночных клубов, дискотек и сопутствующей инфраструктуры.",val,hard_negative_from_open_clean,hard_negative,"[""clean_identity_hard_negative""]",[],"{""carrier_sentence_hash"": ""35eb7f162b5c586a6aa5e9d9"", ""clean_hash"": ""369585201e261d0023bb4d69b369c207d6f25f718dae62cccfe1b6803b727923"", ""expected_accepted_edits"": 0, ""generation_strategy"": ""hard_negative"", ""guard_family"": ""n_nn_correct"", ""hard_negative_kind"": ""trap_candidate"", ""is_hard_negative"": true, ""license_status"": ""OpenCorpora annotated corpus; verify terms before production."", ""original_clean_sentence"": ""Раньше «Арма» — газовый завод с массивными цилиндрическими газгольдерами 1865 года постройки, сейчас — концентрация ночных клубов, дискотек и сопутствующей инфраструктуры."", ""rule_ids"": [""clean_identity_hard_negative""], ""sentence_id"": ""705"", ""source_doc_id"": """", ""source_name"": ""opencorpora"", ""source_subcorpus"": ""opencorpora"", ""source_type"": ""hard_negative_from_open_clean"", ""trap_rule_id"": ""n_nn_correct"", ""trap_types"": [""n_nn_correct"", ""quotes_brackets_final_punctuation""]}","Раньше «Арма» — газовый завод с массивными цилиндрическими газгольдерами 1865 года постройки, сейчас — концентрация ночных клубов, дискотек и сопутствующей инфраструктуры.",opencorpora,opencorpora,True,False,762a2abcb2a396aa8e944c57,762a2abcb2a396aa8e944c57db0c442578937cf0ee66cd4d97fced80be577a69,[],opencorpora,True,False,mixed_nonfiction,clean_identity_hard_negative,[],safety:hard_negative
9 сентября компания Google объявила о начале монетизации сервиса YouTube в России.,9 сентября компания Google объявила о начале монетизации сервиса YouTube в России.,train,hard_negative_from_open_clean,hard_negative,"[""clean_identity_hard_negative""]",[],"{""carrier_sentence_hash"": ""6b9f5f80109cfff969e387fa"", ""clean_hash"": ""62dde64e2cc0e3e8c9087f6501f9d88a6801dc9a42ecb8c83f2b7125e0692d6b"", ""expected_accepted_edits"": 0, ""generation_strategy"": ""hard_negative"", ""guard_family"": ""n_nn_correct"", ""hard_negative_kind"": ""trap_candidate"", ""is_hard_negative"": true, ""license_status"": ""OpenCorpora annotated corpus; verify terms before production."", ""original_clean_sentence"": ""9 сентября компания Google объявила о начале монетизации сервиса YouTube в России."", ""rule_ids"": [""clean_identity_hard_negative""], ""sentence_id"": ""7595"", ""source_doc_id"": """", ""source_name"": ""opencorpora"", ""source_subcorpus"": ""opencorpora"", ""source_type"": ""hard_negative_from_open_clean"", ""trap_rule_id"": ""n_nn_correct"", ""trap_types"": [""n_nn_correct""]}",9 сентября компания Google объявила о начале монетизации сервиса YouTube в России.,opencorpora,opencorpora,True,False,2da392b4f2d8dbb6dc93e067,2da392b4f2d8dbb6dc93e067427e7946248aa90897fd213ebddf60df5feddf22,[],opencorpora,True,False,mixed_nonfiction,clean_identity_hard_negative,[],safety:hard_negative
Но редкие моменты озарения в этом ключе ещё дают мне надежду.,Но редкие моменты озарения в этом ключе ещё дают мне надежду.,train,hard_negative_from_open_clean,hard_negative,"[""clean_identity_hard_negative""]",[],"{""carrier_sentence_hash"": ""da6c6afef1aac12ff1c8443c"", ""clean_hash"": ""0de3fe83d8b09b01da21e1f6bd38eea644cb9e7ad54506bae4f8783d500bbe8d"", ""expected_accepted_edits"": 0, ""generation_strategy"": ""hard_negative"", ""guard_family"": ""n_nn_correct"", ""hard_negative_kind"": ""trap_candidate"", ""is_hard_negative"": true, ""license_status"": ""OpenCorpora annotated corpus; verify terms before production."", ""original_clean_sentence"": ""Но редкие моменты озарения в этом ключе ещё дают мне надежду."", ""rule_ids"": [""clean_identity_hard_negative""], ""sentence_id"": ""9796"", ""source_doc_id"": """", ""source_name"": ""opencorpora"", ""source_subcorpus"": ""opencorpora"", ""source_type"": ""hard_negative_from_open_clean"", ""trap_rule_id"": ""n_nn_correct"", ""trap_types"": [""n_nn_correct""]}",Но редкие моменты озарения в этом ключе ещё дают мне надежду.,opencorpora,opencorpora,True,False,63710efa6fff7f463636ed3e,63710efa6fff7f463636ed3ecab4ef54c3272df5acdffdaaeac86b3640782c0d,[],opencorpora,True,False,mixed_nonfiction,clean_identity_hard_negative,[],safety:hard_negative
"Об этом говорится в материалах «БЕСТ-Новострой», имеющихся в распоряжении редакции «Ленты.ру»).","Об этом говорится в материалах «БЕСТ-Новострой», имеющихся в распоряжении редакции «Ленты.ру»).",train,hard_negative_from_open_clean,hard_negative,"[""clean_identity_hard_negative""]",[],"{""carrier_sentence_hash"": ""2eb844206e4bde1220550c69"", ""clean_hash"": ""cd93b13dbd155d80e9dcf4a6752f5a08d35aee0714eaaeb562d943056d20fc5e"", ""expected_accepted_edits"": 0, ""generation_strategy"": ""hard_negative"", ""guard_family"": ""hyphen_correct"", ""hard_negative_kind"": ""trap_candidate"", ""is_hard_negative"": true, ""license_status"": ""Nerus Lenta annotated corpus; verify terms before production."", ""original_clean_sentence"": ""Об этом говорится в материалах «БЕСТ-Новострой», имеющихся в распоряжении редакции «Ленты.ру»)."", ""rule_ids"": [""clean_identity_hard_negative""], ""sentence_id"": ""10009"", ""source_doc_id"": ""857"", ""source_name"": ""nerus_news"", ""source_subcorpus"": ""nerus_lenta"", ""source_type"": ""hard_negative_from_open_clean"", ""trap_rule_id"": ""hyphen_correct"", ""trap_types"": [""hyphen_correct"", ""n_nn_correct"", ""quotes_brackets_final_punctuation"", ""tsya_correct""]}","Об этом говорится в материалах «БЕСТ-Новострой», имеющихся в распоряжении редакции «Ленты.ру»).",nerus_news,nerus_lenta,True,False,c2906d9cae1ef0699514b33a,c2906d9cae1ef0699514b33ae4a8dcf5efa297652e1876d933ce6697f1adbbf7,[],nerus_news,True,False,news,clean_identity_hard_negative,[],safety:hard_negative
В Лондоне зафиксирован рост цен на золото 21 сентября Английский банк продал с аукциона 25 тонн золота из государственного запаса Великобритании.,В Лондоне зафиксирован рост цен на золото 21 сентября Английский банк продал с аукциона 25 тонн золота из государственного запаса Великобритании.,train,hard_negative_from_open_clean,hard_negative,"[""clean_identity_hard_negative""]",[],"{""carrier_sentence_hash"": ""420d0e7bcc1344f6391cc61d"", ""clean_hash"": ""9a9d545a035b636f1a4ba047ffe8bb8dfa5a6994fb74dff4f79f8c11f818aa40"", ""expected_accepted_edits"": 0, ""generation_strategy"": ""hard_negative"", ""guard_family"": ""n_nn_correct"", ""hard_negative_kind"": ""trap_candidate"", ""is_hard_negative"": true, ""license_status"": ""Open Lenta.ru news dataset; verify terms before production."", ""original_clean_sentence"": ""В Лондоне зафиксирован рост цен на золото 21 сентября Английский банк продал с аукциона 25 тонн золота из государственного запаса Великобритании."", ""rule_ids"": [""clean_identity_hard_negative""], ""sentence_id"": ""396:0"", ""source_doc_id"": ""https://lenta.ru/news/1999/09/22/gold/"", ""source_name"": ""lenta_news"", ""source_subcorpus"": ""Мир"", ""source_type"": ""hard_negative_from_open_clean"", ""trap_rule_id"": ""n_nn_correct"", ""trap_types"": [""n_nn_correct""]}",В Лондоне зафиксирован рост цен на золото 21 сентября Английский банк продал с аукциона 25 тонн золота из государственного запаса Великобритании.,lenta_news,Мир,True,False,eb0a3a4cf6fc5eda043d2c26,eb0a3a4cf6fc5eda043d2c26e7e37f53be0483958d5bc5ce288f569574b5df7b,[],lenta_news,True,False,news,clean_identity_hard_negative,[],safety:hard_negative
"Согласно данным журнала «Экономист», в результате глобального кредитного кризиса, ставшего результатом кризиса в сфере недвижимости, спад наметился во всех восточноевропейских странах.","Согласно данным журнала «Экономист», в результате глобального кредитного кризиса, ставшего результатом кризиса в сфере недвижимости, спад наметился во всех восточноевропейских странах.",val,hard_negative_from_open_clean,hard_negative,"[""clean_identity_hard_negative""]",[],"{""carrier_sentence_hash"": ""140e84c6925245ef4d5b1199"", ""clean_hash"": ""3420272150ebf511ea0635afba9fa1cd54cfd8d37f3633add89a1bd84000b389"", ""expected_accepted_edits"": 0, ""generation_strategy"": ""hard_negative"", ""guard_family"": ""n_nn_correct"", ""hard_negative_kind"": ""trap_candidate"", ""is_hard_negative"": true, ""license_status"": ""OpenCorpora annotated corpus; verify terms before production."", ""original_clean_sentence"": ""Согласно данным журнала «Экономист», в результате глобального кредитного кризиса, ставшего результатом кризиса в сфере недвижимости, спад наметился во всех восточноевропейских странах."", ""rule_ids"": [""clean_identity_hard_negative""], ""sentence_id"": ""315"", ""source_doc_id"": """", ""source_name"": ""opencorpora"", ""source_subcorpus"": ""opencorpora"", ""source_type"": ""hard_negative_from_open_clean"", ""trap_rule_id"": ""n_nn_correct"", ""trap_types"": [""n_nn_correct"", ""quotes_brackets_final_punctuation""]}","Согласно данным журнала «Экономист», в результате глобального кредитного кризиса, ставшего результатом кризиса в сфере недвижимости, спад наметился во всех восточноевропейских странах.",opencorpora,opencorpora,True,False,32771a7e8b9a6ae836d591d9,32771a7e8b9a6ae836d591d99a6538dfdb5b846eade1f3d2c3fff28391e33cfa,[],opencorpora,True,False,mixed_nonfiction,clean_identity_hard_negative,[],safety:hard_negative
• наблюдался дефицит тягачей для тяжёлых орудий.,• наблюдался дефицит тягачей для тяжёлых орудий.,train,hard_negative_from_open_clean,hard_negative,"[""clean_identity_hard_negative""]",[],"{""carrier_sentence_hash"": ""51ef4e1bd63c6bede9f1fbce"", ""clean_hash"": ""8d14c011ae1ba274dba80221df02739f727e5cd5db9312781001ca3f07699cc6"", ""expected_accepted_edits"": 0, ""generation_strategy"": ""hard_negative"", ""guard_family"": ""n_nn_correct"", ""hard_negative_kind"": ""trap_candidate"", ""is_hard_negative"": true, ""license_status"": ""OpenCorpora annotated corpus; verify terms before production."", ""original_clean_sentence"": ""• наблюдался дефицит тягачей для тяжёлых орудий."", ""rule_ids"": [""clean_identity_hard_negative""], ""sentence_id"": ""4381"", ""source_doc_id"": """", ""source_name"": ""opencorpora"", ""source_subcorpus"": ""opencorpora"", ""source_type"": ""hard_negative_from_open_clean"", ""trap_rule_id"": ""n_nn_correct"", ""trap_types"": [""n_nn_correct""]}",• наблюдался дефицит тягачей для тяжёлых орудий.,opencorpora,opencorpora,True,False,b9637f5b9d13e82f4046219c,b9637f5b9d13e82f4046219c6b2360e0ba80e05ca0d8523c40b4d5647eb01658,[],opencorpora,True,False,mixed_nonfiction,clean_identity_hard_negative,[],safety:hard_negative
В марте эксперт раскрыл роль Украины в возможной войне США с Россией.,В марте эксперт раскрыл роль Украины в возможной войне США с Россией.,train,hard_negative_from_open_clean,hard_negative,"[""clean_identity_hard_negative""]",[],"{""carrier_sentence_hash"": ""6d199d758742ef404b4b2e0a"", ""clean_hash"": ""96fec3d4dc0e388f2eebdfc7aaa5589cecbd08549c1a6d371a697090757c57c9"", ""expected_accepted_edits"": 0, ""generation_strategy"": ""hard_negative"", ""guard_family"": ""abbreviation_correct"", ""hard_negative_kind"": ""trap_candidate"", ""is_hard_negative"": true, ""license_status"": ""Nerus Lenta annotated corpus; verify terms before production."", ""original_clean_sentence"": ""В марте эксперт раскрыл роль Украины в возможной войне США с Россией."", ""rule_ids"": [""clean_identity_hard_negative""], ""sentence_id"": ""2698"", ""source_doc_id"": ""231"", ""source_name"": ""nerus_news"", ""source_subcorpus"": ""nerus_lenta"", ""source_type"": ""hard_negative_from_open_clean"", ""trap_rule_id"": ""abbreviation_correct"", ""trap_types"": [""abbreviation_correct"", ""n_nn_correct""]}",В марте эксперт раскрыл роль Украины в возможной войне США с Россией.,nerus_news,nerus_lenta,True,False,68d5c84656d4eed6e27aa4d6,68d5c84656d4eed6e27aa4d65e9ca562eff6581573f60f8d4b249dcce22460c2,[],nerus_news,True,False,news,clean_identity_hard_negative,[],safety:hard_negative
"Пояснили, что за нарушение будут наказывать, вплоть до увольнения», — сказал полицейский, имя которого не раскрывается.","Пояснили, что за нарушение будут наказывать, вплоть до увольнения», — сказал полицейский, имя которого не раскрывается.",train,hard_negative_from_open_clean,hard_negative,"[""clean_identity_hard_negative""]",[],"{""carrier_sentence_hash"": ""53a39359cb87cd0feb414c78"", ""clean_hash"": ""0ca44b5a8b4eea200f7174092471589d13fa23369818581f3c01458b42df09c5"", ""expected_accepted_edits"": 0, ""generation_strategy"": ""hard_negative"", ""guard_family"": ""n_nn_correct"", ""hard_negative_kind"": ""trap_candidate"", ""is_hard_negative"": true, ""license_status"": ""Nerus Lenta annotated corpus; verify terms before production."", ""original_clean_sentence"": ""Пояснили, что за нарушение будут наказывать, вплоть до увольнения», — сказал полицейский, имя которого не раскрывается."", ""rule_ids"": [""clean_identity_hard_negative""], ""sentence_id"": ""8471"", ""source_doc_id"": ""728"", ""source_name"": ""nerus_news"", ""source_subcorpus"": ""nerus_lenta"", ""source_type"": ""hard_negative_from_open_clean"", ""trap_rule_id"": ""n_nn_correct"", ""trap_types"": [""n_nn_correct"", ""ne_ni_correct"", ""quotes_brackets_final_punctuation"", ""tsya_correct""]}","Пояснили, что за нарушение будут наказывать, вплоть до увольнения», — сказал полицейский, имя которого не раскрывается.",nerus_news,nerus_lenta,True,False,6e447c03b4e68a0609ad74df,6e447c03b4e68a0609ad74dfa394a6bca1e990ceca7a29301e41cb481cf429d5,[],nerus_news,True,False,news,clean_identity_hard_negative,[],safety:hard_negative
"Также Кононенко и Прокопьев возьмут соскобы с поверхности отверстия, которые 20 декабря планируется доставить на «Союз МС-09» для дальнейшего исследования специалистами.","Также Кононенко и Прокопьев возьмут соскобы с поверхности отверстия, которые 20 декабря планируется доставить на «Союз МС-09» для дальнейшего исследования специалистами.",train,hard_negative_from_open_clean,hard_negative,"[""clean_identity_hard_negative""]",[],"{""carrier_sentence_hash"": ""0dd1fc7b48ede1b05619bd8b"", ""clean_hash"": ""7bef8ae2af91ed13ad1881b2dc77f43cef7afe55f90ba9602d4767e5000e63ba"", ""expected_accepted_edits"": 0, ""generation_strategy"": ""hard_negative"", ""guard_family"": ""context_pair_correct"", ""hard_negative_kind"": ""trap_candidate"", ""is_hard_negative"": true, ""license_status"": ""Nerus Lenta annotated corpus; verify terms before production."", ""original_clean_sentence"": ""Также Кононенко и Прокопьев возьмут соскобы с поверхности отверстия, которые 20 декабря планируется доставить на «Союз МС-09» для дальнейшего исследования специалистами."", ""rule_ids"": [""clean_identity_hard_negative""], ""sentence_id"": ""8258"", ""source_doc_id"": ""710"", ""source_name"": ""nerus_news"", ""source_subcorpus"": ""nerus_lenta"", ""source_type"": ""hard_negative_from_open_clean"", ""trap_rule_id"": ""context_pair_correct"", ""trap_types"": [""context_pair_correct"", ""hyphen_correct"", ""n_nn_correct"", ""quotes_brackets_final_punctuation"", ""tsya_correct""]}","Также Кононенко и Прокопьев возьмут соскобы с поверхности отверстия, которые 20 декабря планируется доставить на «Союз МС-09» для дальнейшего исследования специалистами.",nerus_news,nerus_lenta,True,False,0fd339e4f9070b59d847815f,0fd339e4f9070b59d847815ffd28bd74588a40c7a464a329517aef83fda74b56,[],nerus_news,True,False,news,clean_identity_hard_negative,[],safety:hard_negative
Из-за чего понемногу стала размываться и его политическая роль.,Из-за чего понемногу стала размываться и его политическая роль.,train,hard_negative_from_open_clean,hard_negative,"[""clean_identity_hard_negative""]",[],"{""carrier_sentence_hash"": ""df2c0a9d43b44adef12e20de"", ""clean_hash"": ""14a39c62cf16dfc4fa07ef00b7098a932c85de7f2f0292d0c2905cd1d6d323d6"", ""expected_accepted_edits"": 0, ""generation_strategy"": ""hard_negative"", ""guard_family"": ""hyphen_correct"", ""hard_negative_kind"": ""trap_candidate"", ""is_hard_negative"": true, ""license_status"": ""OpenCorpora annotated corpus; verify terms before production."", ""original_clean_sentence"": ""Из-за чего понемногу стала размываться и его политическая роль."", ""rule_ids"": [""clean_identity_hard_negative""], ""sentence_id"": ""8048"", ""source_doc_id"": """", ""source_name"": ""opencorpora"", ""source_subcorpus"": ""opencorpora"", ""source_type"": ""hard_negative_from_open_clean"", ""trap_rule_id"": ""hyphen_correct"", ""trap_types"": [""hyphen_correct"", ""n_nn_correct"", ""tsya_correct""]}",Из-за чего понемногу стала размываться и его политическая роль.,opencorpora,opencorpora,True,False,b5c6c6aac57452a5425c40b1,b5c6c6aac57452a5425c40b1925fb7acce82851013ab9d46bd77a9f00ca19cc6,[],opencorpora,True,False,mixed_nonfiction,clean_identity_hard_negative,[],safety:hard_negative
В разных точках города состоятсяконцерты музыкальных и фольклорных групп.,В разных точках города состоятсяконцерты музыкальных и фольклорных групп.,train,hard_negative_from_open_clean,hard_negative,"[""clean_identity_hard_negative""]",[],"{""carrier_sentence_hash"": ""e812a3f7c1017795153bc51d"", ""clean_hash"": ""15f795580c392db8ebb9852def7e2cc67dbebe76070b1f839d7fb1af57980641"", ""expected_accepted_edits"": 0, ""generation_strategy"": ""hard_negative"", ""guard_family"": ""n_nn_correct"", ""hard_negative_kind"": ""trap_candidate"", ""is_hard_negative"": true, ""license_status"": ""Open Lenta.ru news dataset; verify terms before production."", ""original_clean_sentence"": ""В разных точках города состоятсяконцерты музыкальных и фольклорных групп."", ""rule_ids"": [""clean_identity_hard_negative""], ""sentence_id"": ""67:13"", ""source_doc_id"": ""https://lenta.ru/news/1999/09/03/pis/"", ""source_name"": ""lenta_news"", ""source_subcorpus"": ""Мир"", ""source_type"": ""hard_negative_from_open_clean"", ""trap_rule_id"": ""n_nn_correct"", ""trap_types"": [""n_nn_correct""]}",В разных точках города состоятсяконцерты музыкальных и фольклорных групп.,lenta_news,Мир,True,False,7514238f22a6a6e3dfa76df4,7514238f22a6a6e3dfa76df49f23ca152ee6cb5626870ecefee4283e868be0f4,[],lenta_news,True,False,news,clean_identity_hard_negative,[],safety:hard_negative
"В минувший вторник, после того как прокурор республики утвердил обвинение, Управление ФСБ России по Дагестану передало в Верховный суд Дагестана 36 томов данного уголовного дела для ведения судебного следствия.","В минувший вторник, после того как прокурор республики утвердил обвинение, Управление ФСБ России по Дагестану передало в Верховный суд Дагестана 36 томов данного уголовного дела для ведения судебного следствия.",train,hard_negative_from_open_clean,hard_negative,"[""clean_identity_hard_negative""]",[],"{""carrier_sentence_hash"": ""0c058a50f1a9b6d6c2bc36e9"", ""clean_hash"": ""242742bdcbb669e72cc767501bfbbd2a661548595792d90d2b8ccb42bff408f3"", ""expected_accepted_edits"": 0, ""generation_strategy"": ""hard_negative"", ""guard_family"": ""n_nn_correct"", ""hard_negative_kind"": ""trap_candidate"", ""is_hard_negative"": true, ""license_status"": ""Open Lenta.ru news dataset; verify terms before production."", ""original_clean_sentence"": ""В минувший вторник, после того как прокурор республики утвердил обвинение, Управление ФСБ России по Дагестану передало в Верховный суд Дагестана 36 томов данного уголовного дела для ведения судебного следствия."", ""rule_ids"": [""clean_identity_hard_negative""], ""sentence_id"": ""871:2"", ""source_doc_id"": ""https://lenta.ru/news/1999/10/13/terroristy/"", ""source_name"": ""lenta_news"", ""source_subcorpus"": ""Россия"", ""source_type"": ""hard_negative_from_open_clean"", ""trap_rule_id"": ""n_nn_correct"", ""trap_types"": [""n_nn_correct"", ""punctuation_trap""]}","В минувший вторник, после того как прокурор республики утвердил обвинение, Управление ФСБ России по Дагестану передало в Верховный суд Дагестана 36 томов данного уголовного дела для ведения судебного следствия.",lenta_news,Россия,True,False,7bb6537a39b13fc172b96d9b,7bb6537a39b13fc172b96d9b83690bf3641e3c3f09b226aa7e5cddb6a68ccec0,[],lenta_news,True,False,news,clean_identity_hard_negative,[],safety:hard_negative
"Хотя изначально в нацпроекте "" Доступное жилье "" предполагалось строить не одни только панельные высотки, но и малоэтажные поселки, индивидуальные дома, о которых сегодня почему-то не вспоминают.","Хотя изначально в нацпроекте "" Доступное жилье "" предполагалось строить не одни только панельные высотки, но и малоэтажные поселки, индивидуальные дома, о которых сегодня почему-то не вспоминают.",train,hard_negative_from_open_clean,hard_negative,"[""clean_identity_hard_negative""]",[],"{""carrier_sentence_hash"": ""2b9d0636fec7ec236b05848d"", ""clean_hash"": ""e0ea27db7de86096fd2617c4bea94e6bd44dc4974703e08b77017c69bea86f74"", ""expected_accepted_edits"": 0, ""generation_strategy"": ""hard_negative"", ""guard_family"": ""hyphen_correct"", ""hard_negative_kind"": ""trap_candidate"", ""is_hard_negative"": true, ""license_status"": ""OpenCorpora annotated corpus; verify terms before production."", ""original_clean_sentence"": ""Хотя изначально в нацпроекте \"" Доступное жилье \"" предполагалось строить не одни только панельные высотки, но и малоэтажные поселки, индивидуальные дома, о которых сегодня почему-то не вспоминают."", ""rule_ids"": [""clean_identity_hard_negative""], ""sentence_id"": ""4262"", ""source_doc_id"": """", ""source_name"": ""opencorpora"", ""source_subcorpus"": ""opencorpora"", ""source_type"": ""hard_negative_from_open_clean"", ""trap_rule_id"": ""hyphen_correct"", ""trap_types"": [""hyphen_correct"", ""n_nn_correct"", ""ne_ni_correct""]}","Хотя изначально в нацпроекте "" Доступное жилье "" предполагалось строить не одни только панельные высотки, но и малоэтажные поселки, индивидуальные дома, о которых сегодня почему-то не вспоминают.",opencorpora,opencorpora,True,False,40621843597e6c525c51e6fa,40621843597e6c525c51e6fa8546aecfde45110965bef607020ba469f5a75096,[],opencorpora,True,False,mixed_nonfiction,clean_identity_hard_negative,[],safety:hard_negative
"В середине ноября премьер-министр России Дмитрий Медведев заявил, что Россия может отказаться от участия в форуме, если ограничения для отечественных бизнесменов не будут сняты.","В середине ноября премьер-министр России Дмитрий Медведев заявил, что Россия может отказаться от участия в форуме, если ограничения для отечественных бизнесменов не будут сняты.",val,hard_negative_from_open_clean,hard_negative,"[""clean_identity_hard_negative""]",[],"{""carrier_sentence_hash"": ""b91a72615155f0f11d8fe758"", ""clean_hash"": ""d249a3841a69cb2d57c181a28469a9f6d6e1f9ca6128c293df32ed8f241ce11c"", ""expected_accepted_edits"": 0, ""generation_strategy"": ""hard_negative"", ""guard_family"": ""hyphen_correct"", ""hard_negative_kind"": ""trap_candidate"", ""is_hard_negative"": true, ""license_status"": ""Nerus Lenta annotated corpus; verify terms before production."", ""original_clean_sentence"": ""В середине ноября премьер-министр России Дмитрий Медведев заявил, что Россия может отказаться от участия в форуме, если ограничения для отечественных бизнесменов не будут сняты."", ""rule_ids"": [""clean_identity_hard_negative""], ""sentence_id"": ""256"", ""source_doc_id"": ""22"", ""source_name"": ""nerus_news"", ""source_subcorpus"": ""nerus_lenta"", ""source_type"": ""hard_negative_from_open_clean"", ""trap_rule_id"": ""hyphen_correct"", ""trap_types"": [""hyphen_correct"", ""n_nn_correct"", ""ne_ni_correct"", ""punctuation_trap"", ""tsya_correct""]}","В середине ноября премьер-министр России Дмитрий Медведев заявил, что Россия может отказаться от участия в форуме, если ограничения для отечественных бизнесменов не будут сняты.",nerus_news,nerus_lenta,True,False,9af7a29860e705b70879b6b6,9af7a29860e705b70879b6b640be16e793c5109270e3552b90dcf03aeb7bd994,[],nerus_news,True,False,news,clean_identity_hard_negative,[],safety:hard_negative
Позитивно характеризуются здесь Иван Грозный и Ежов.,Позитивно характеризуются здесь Иван Грозный и Ежов.,train,hard_negative_from_open_clean,hard_negative,"[""clean_identity_hard_negative""]",[],"{""carrier_sentence_hash"": ""99e572e667f15cccf8f5f23e"", ""clean_hash"": ""966ccce1f6644ed1ff21557a824713ac6f5039a424b126fd0424570a20e640be"", ""expected_accepted_edits"": 0, ""generation_strategy"": ""hard_negative"", ""guard_family"": ""n_nn_correct"", ""hard_negative_kind"": ""trap_candidate"", ""is_hard_negative"": true, ""license_status"": ""OpenCorpora annotated corpus; verify terms before production."", ""original_clean_sentence"": ""Позитивно характеризуются здесь Иван Грозный и Ежов."", ""rule_ids"": [""clean_identity_hard_negative""], ""sentence_id"": ""6736"", ""source_doc_id"": """", ""source_name"": ""opencorpora"", ""source_subcorpus"": ""opencorpora"", ""source_type"": ""hard_negative_from_open_clean"", ""trap_rule_id"": ""n_nn_correct"", ""trap_types"": [""n_nn_correct"", ""tsya_correct""]}",Позитивно характеризуются здесь Иван Грозный и Ежов.,opencorpora,opencorpora,True,False,b6a5fa024889598855b1a3d7,b6a5fa024889598855b1a3d78381720e813babb9f5781047c68f070ef1e80ea2,[],opencorpora,True,False,mixed_nonfiction,clean_identity_hard_negative,[],safety:hard_negative
"И рекламодатели, не понаслышке знакомые с кризисом в печатных СМИ, рассчитывают отбить потери за счёт планшетных ПК.","И рекламодатели, не понаслышке знакомые с кризисом в печатных СМИ, рассчитывают отбить потери за счёт планшетных ПК.",train,hard_negative_from_open_clean,hard_negative,"[""clean_identity_hard_negative""]",[],"{""carrier_sentence_hash"": ""c298a8b434b914d664afa0f1"", ""clean_hash"": ""d6bb66de920afa27df4d6e476db331a14aaacd47a28f6f4fc9ac452b30f52141"", ""expected_accepted_edits"": 0, ""generation_strategy"": ""hard_negative"", ""guard_family"": ""n_nn_correct"", ""hard_negative_kind"": ""trap_candidate"", ""is_hard_negative"": true, ""license_status"": ""OpenCorpora annotated corpus; verify terms before production."", ""original_clean_sentence"": ""И рекламодатели, не понаслышке знакомые с кризисом в печатных СМИ, рассчитывают отбить потери за счёт планшетных ПК."", ""rule_ids"": [""clean_identity_hard_negative""], ""sentence_id"": ""8806"", ""source_doc_id"": """", ""source_name"": ""opencorpora"", ""source_subcorpus"": ""opencorpora"", ""source_type"": ""hard_negative_from_open_clean"", ""trap_rule_id"": ""n_nn_correct"", ""trap_types"": [""n_nn_correct"", ""ne_ni_correct""]}","И рекламодатели, не понаслышке знакомые с кризисом в печатных СМИ, рассчитывают отбить потери за счёт планшетных ПК.",opencorpora,opencorpora,True,False,f44010b90d5a639e348714b6,f44010b90d5a639e348714b657423a550beda5890f953f038f244688eafc0d1a,[],opencorpora,True,False,mixed_nonfiction,clean_identity_hard_negative,[],safety:hard_negative
Такую рекомендацию политикам дали в Совете по международным отношениям США.,Такую рекомендацию политикам дали в Совете по международным отношениям США.,train,hard_negative_from_open_clean,hard_negative,"[""clean_identity_hard_negative""]",[],"{""carrier_sentence_hash"": ""976b5b8f697250164a21bceb"", ""clean_hash"": ""c337a75d2cfe90128f1b68690a50c1ca972ce53f7fa674eb81fa8458f80acec0"", ""expected_accepted_edits"": 0, ""generation_strategy"": ""hard_negative"", ""guard_family"": ""abbreviation_correct"", ""hard_negative_kind"": ""trap_candidate"", ""is_hard_negative"": true, ""license_status"": ""Nerus Lenta annotated corpus; verify terms before production."", ""original_clean_sentence"": ""Такую рекомендацию политикам дали в Совете по международным отношениям США."", ""rule_ids"": [""clean_identity_hard_negative""], ""sentence_id"": ""5332"", ""source_doc_id"": ""453"", ""source_name"": ""nerus_news"", ""source_subcorpus"": ""nerus_lenta"", ""source_type"": ""hard_negative_from_open_clean"", ""trap_rule_id"": ""abbreviation_correct"", ""trap_types"": [""abbreviation_correct"", ""n_nn_correct""]}",Такую рекомендацию политикам дали в Совете по международным отношениям США.,nerus_news,nerus_lenta,True,False,938f38896718a9a7644778a9,938f38896718a9a7644778a91dcd0a27029db582ca5d7df36bfe91beadc745af,[],nerus_news,True,False,news,clean_identity_hard_negative,[],safety:hard_negative
При нарушении режима сна специфический ген может способствовать развитию рака.,При нарушении режима сна специфический ген может способствовать развитию рака.,train,hard_negative_from_open_clean,hard_negative,"[""clean_identity_hard_negative""]",[],"{""carrier_sentence_hash"": ""47b8f0b6ab534f147b95b6d9"", ""clean_hash"": ""007313808d4508561af960d1fbcc101594583b4f03ed824d45a9631a5eb08a11"", ""expected_accepted_edits"": 0, ""generation_strategy"": ""hard_negative"", ""guard_family"": ""n_nn_correct"", ""hard_negative_kind"": ""trap_candidate"", ""is_hard_negative"": true, ""license_status"": ""Nerus Lenta annotated corpus; verify terms before production."", ""original_clean_sentence"": ""При нарушении режима сна специфический ген может способствовать развитию рака."", ""rule_ids"": [""clean_identity_hard_negative""], ""sentence_id"": ""5469"", ""source_doc_id"": ""466"", ""source_name"": ""nerus_news"", ""source_subcorpus"": ""nerus_lenta"", ""source_type"": ""hard_negative_from_open_clean"", ""trap_rule_id"": ""n_nn_correct"", ""trap_types"": [""n_nn_correct""]}",При нарушении режима сна специфический ген может способствовать развитию рака.,nerus_news,nerus_lenta,True,False,836f43c61b8899f38a93c0b4,836f43c61b8899f38a93c0b43ebaa7fbad6cbef71597832bb46d55797926b5c2,[],nerus_news,True,False,news,clean_identity_hard_negative,[],safety:hard_negative
"Учитывая специфику языковой ситуации среди инну (им удалось сохранить свой язык лучше всех индейских народов Канады), песни группы целиком и полностью на родном языке.","Учитывая специфику языковой ситуации среди инну (им удалось сохранить свой язык лучше всех индейских народов Канады), песни группы целиком и полностью на родном языке.",train,hard_negative_from_open_clean,hard_negative,"[""clean_identity_hard_negative""]",[],"{""carrier_sentence_hash"": ""97137ff104c10a8dab893ce3"", ""clean_hash"": ""d53a1f0fd6f30546987a0327c7148c71dfbaa80cb3ef14001068c11d39d470aa"", ""expected_accepted_edits"": 0, ""generation_strategy"": ""hard_negative"", ""guard_family"": ""n_nn_correct"", ""hard_negative_kind"": ""trap_candidate"", ""is_hard_negative"": true, ""license_status"": ""OpenCorpora annotated corpus; verify terms before production."", ""original_clean_sentence"": ""Учитывая специфику языковой ситуации среди инну (им удалось сохранить свой язык лучше всех индейских народов Канады), песни группы целиком и полностью на родном языке."", ""rule_ids"": [""clean_identity_hard_negative""], ""sentence_id"": ""11612"", ""source_doc_id"": """", ""source_name"": ""opencorpora"", ""source_subcorpus"": ""opencorpora"", ""source_type"": ""hard_negative_from_open_clean"", ""trap_rule_id"": ""n_nn_correct"", ""trap_types"": [""n_nn_correct"", ""quotes_brackets_final_punctuation""]}","Учитывая специфику языковой ситуации среди инну (им удалось сохранить свой язык лучше всех индейских народов Канады), песни группы целиком и полностью на родном языке.",opencorpora,opencorpora,True,False,a7f35567e7ee169909c6f140,a7f35567e7ee169909c6f140c75bc866780d8c46fb775d2e95491a9c4873c36d,[],opencorpora,True,False,mixed_nonfiction,clean_identity_hard_negative,[],safety:hard_negative
"В Самоа располагается один из семи Домов Поклонения религии Бахаи, основанный в 1984.","В Самоа располагается один из семи Домов Поклонения религии Бахаи, основанный в 1984.",train,hard_negative_from_open_clean,hard_negative,"[""clean_identity_hard_negative""]",[],"{""carrier_sentence_hash"": ""0717c8176487fbad9d615c72"", ""clean_hash"": ""c34976a8d94b6724cb9ed46a5b8ca9fe200d5a27a37a1badb9d91c940414a984"", ""expected_accepted_edits"": 0, ""generation_strategy"": ""hard_negative"", ""guard_family"": ""n_nn_correct"", ""hard_negative_kind"": ""trap_candidate"", ""is_hard_negative"": true, ""license_status"": ""OpenCorpora annotated corpus; verify terms before production."", ""original_clean_sentence"": ""В Самоа располагается один из семи Домов Поклонения религии Бахаи, основанный в 1984."", ""rule_ids"": [""clean_identity_hard_negative""], ""sentence_id"": ""7308"", ""source_doc_id"": """", ""source_name"": ""opencorpora"", ""source_subcorpus"": ""opencorpora"", ""source_type"": ""hard_negative_from_open_clean"", ""trap_rule_id"": ""n_nn_correct"", ""trap_types"": [""n_nn_correct"", ""tsya_correct""]}","В Самоа располагается один из семи Домов Поклонения религии Бахаи, основанный в 1984.",opencorpora,opencorpora,True,False,7f8fdce200f5482c384af685,7f8fdce200f5482c384af6854e072f320d8880e96df3bda20548c96aa92df2ae,[],opencorpora,True,False,mixed_nonfiction,clean_identity_hard_negative,[],safety:hard_negative
"Борьба всегда была, есть и будет в любом спорте», — написала Слуцкая.","Борьба всегда была, есть и будет в любом спорте», — написала Слуцкая.",train,hard_negative_from_open_clean,hard_negative,"[""clean_identity_hard_negative""]",[],"{""carrier_sentence_hash"": ""8c49f6bff5e22d0fdf1d6bef"", ""clean_hash"": ""4c0becffdcb90d24adc7f4afc87423c8ba6c760877e72018c7d0fc8e2bd887b7"", ""expected_accepted_edits"": 0, ""generation_strategy"": ""hard_negative"", ""guard_family"": ""n_nn_correct"", ""hard_negative_kind"": ""trap_candidate"", ""is_hard_negative"": true, ""license_status"": ""Nerus Lenta annotated corpus; verify terms before production."", ""original_clean_sentence"": ""Борьба всегда была, есть и будет в любом спорте», — написала Слуцкая."", ""rule_ids"": [""clean_identity_hard_negative""], ""sentence_id"": ""6638"", ""source_doc_id"": ""571"", ""source_name"": ""nerus_news"", ""source_subcorpus"": ""nerus_lenta"", ""source_type"": ""hard_negative_from_open_clean"", ""trap_rule_id"": ""n_nn_correct"", ""trap_types"": [""n_nn_correct"", ""quotes_brackets_final_punctuation""]}","Борьба всегда была, есть и будет в любом спорте», — написала Слуцкая.",nerus_news,nerus_lenta,True,False,f4519be06b11c24aa93491bc,f4519be06b11c24aa93491bc498934b1bba65c6c7dec0717134cef29e8685519,[],nerus_news,True,False,news,clean_identity_hard_negative,[],safety:hard_negative
"В субботу, 15 декабря, акции протеста с участием «желтых жилетов» также проходят в других городах, в том числе в Марселе и Бордо.","В субботу, 15 декабря, акции протеста с участием «желтых жилетов» также проходят в других городах, в том числе в Марселе и Бордо.",train,hard_negative_from_open_clean,hard_negative,"[""clean_identity_hard_negative""]",[],"{""carrier_sentence_hash"": ""aa8df71cd8216c0618bcf32b"", ""clean_hash"": ""1013ef4a2ae741e7f7a72a1e47e429c061797986baa7bc971af6e7056653e447"", ""expected_accepted_edits"": 0, ""generation_strategy"": ""hard_negative"", ""guard_family"": ""context_pair_correct"", ""hard_negative_kind"": ""trap_candidate"", ""is_hard_negative"": true, ""license_status"": ""Nerus Lenta annotated corpus; verify terms before production."", ""original_clean_sentence"": ""В субботу, 15 декабря, акции протеста с участием «желтых жилетов» также проходят в других городах, в том числе в Марселе и Бордо."", ""rule_ids"": [""clean_identity_hard_negative""], ""sentence_id"": ""537"", ""source_doc_id"": ""47"", ""source_name"": ""nerus_news"", ""source_subcorpus"": ""nerus_lenta"", ""source_type"": ""hard_negative_from_open_clean"", ""trap_rule_id"": ""context_pair_correct"", ""trap_types"": [""context_pair_correct"", ""quotes_brackets_final_punctuation""]}","В субботу, 15 декабря, акции протеста с участием «желтых жилетов» также проходят в других городах, в том числе в Марселе и Бордо.",nerus_news,nerus_lenta,True,False,941845853c53827b080a147b,941845853c53827b080a147b88890e57d7b16d42b8d8119b0b9ce59f09759249,[],nerus_news,True,False,news,clean_identity_hard_negative,[],safety:hard_negative
"Потом вон как вымахало, но и в 70 лет он ещё мог на него залезать — ветки срубал, чтобы солнце не загораживали.","Потом вон как вымахало, но и в 70 лет он ещё мог на него залезать — ветки срубал, чтобы солнце не загораживали.",train,hard_negative_from_open_clean,hard_negative,"[""clean_identity_hard_negative""]",[],"{""carrier_sentence_hash"": ""60d3912af4469e810dbbf57a"", ""clean_hash"": ""9fc47c3e737acb0d2002480c3bc1e7aee4314124852cbe3c4bdf1d7f6844cfad"", ""expected_accepted_edits"": 0, ""generation_strategy"": ""hard_negative"", ""guard_family"": ""context_pair_correct"", ""hard_negative_kind"": ""trap_candidate"", ""is_hard_negative"": true, ""license_status"": ""OpenCorpora annotated corpus; verify terms before production."", ""original_clean_sentence"": ""Потом вон как вымахало, но и в 70 лет он ещё мог на него залезать — ветки срубал, чтобы солнце не загораживали."", ""rule_ids"": [""clean_identity_hard_negative""], ""sentence_id"": ""5957"", ""source_doc_id"": """", ""source_name"": ""opencorpora"", ""source_subcorpus"": ""opencorpora"", ""source_type"": ""hard_negative_from_open_clean"", ""trap_rule_id"": ""context_pair_correct"", ""trap_types"": [""context_pair_correct"", ""n_nn_correct"", ""ne_ni_correct"", ""punctuation_trap""]}","Потом вон как вымахало, но и в 70 лет он ещё мог на него залезать — ветки срубал, чтобы солнце не загораживали.",opencorpora,opencorpora,True,False,44ecd5515df535ae97091c67,44ecd5515df535ae97091c672c3a57fef9703d0be6266285a281ca3d238688fc,[],opencorpora,True,False,mixed_nonfiction,clean_identity_hard_negative,[],safety:hard_negative
"Об этом из Ошасо ссылкой на представителя киргизских военных сообщило сегодняяпонское информационное агентство ""Киодо Цусин"".","Об этом из Ошасо ссылкой на представителя киргизских военных сообщило сегодняяпонское информационное агентство ""Киодо Цусин"".",train,hard_negative_from_open_clean,hard_negative,"[""clean_identity_hard_negative""]",[],"{""carrier_sentence_hash"": ""210380ff7131bc1ba4be070d"", ""clean_hash"": ""352970b7eafb2ac055d03c453e8979643ba6581760220534eef9cf047277917f"", ""expected_accepted_edits"": 0, ""generation_strategy"": ""hard_negative"", ""guard_family"": ""n_nn_correct"", ""hard_negative_kind"": ""trap_candidate"", ""is_hard_negative"": true, ""license_status"": ""Open Lenta.ru news dataset; verify terms before production."", ""original_clean_sentence"": ""Об этом из Ошасо ссылкой на представителя киргизских военных сообщило сегодняяпонское информационное агентство \""Киодо Цусин\""."", ""rule_ids"": [""clean_identity_hard_negative""], ""sentence_id"": ""78:1"", ""source_doc_id"": ""https://lenta.ru/news/1999/09/03/kirgiziya/"", ""source_name"": ""lenta_news"", ""source_subcorpus"": ""Мир"", ""source_type"": ""hard_negative_from_open_clean"", ""trap_rule_id"": ""n_nn_correct"", ""trap_types"": [""n_nn_correct""]}","Об этом из Ошасо ссылкой на представителя киргизских военных сообщило сегодняяпонское информационное агентство ""Киодо Цусин"".",lenta_news,Мир,True,False,909a604edf362281500fa230,909a604edf362281500fa2307b2cd9b0c52dd071aa730654c9f02ee69310718b,[],lenta_news,True,False,news,clean_identity_hard_negative,[],safety:hard_negative
"По содержанию ювелирных алмазов на тонну руды и по их качеству рудник ""Интернациональный"", по оценкам экспертов, признан одним из лучших алмазных месторождений мира.","По содержанию ювелирных алмазов на тонну руды и по их качеству рудник ""Интернациональный"", по оценкам экспертов, признан одним из лучших алмазных месторождений мира.",train,hard_negative_from_open_clean,hard_negative,"[""clean_identity_hard_negative""]",[],"{""carrier_sentence_hash"": ""d67a3292e4e00966f1e9eb3a"", ""clean_hash"": ""fa1db85affbbf470f52380dd0b5ed766427cf2c5652874c6d933703705a812db"", ""expected_accepted_edits"": 0, ""generation_strategy"": ""hard_negative"", ""guard_family"": ""n_nn_correct"", ""hard_negative_kind"": ""trap_candidate"", ""is_hard_negative"": true, ""license_status"": ""Open Lenta.ru news dataset; verify terms before production."", ""original_clean_sentence"": ""По содержанию ювелирных алмазов на тонну руды и по их качеству рудник \""Интернациональный\"", по оценкам экспертов, признан одним из лучших алмазных месторождений мира."", ""rule_ids"": [""clean_identity_hard_negative""], ""sentence_id"": ""793:6"", ""source_doc_id"": ""https://lenta.ru/news/1999/10/11/alrosa/"", ""source_name"": ""lenta_news"", ""source_subcorpus"": ""Экономика"", ""source_type"": ""hard_negative_from_open_clean"", ""trap_rule_id"": ""n_nn_correct"", ""trap_types"": [""n_nn_correct""]}","По содержанию ювелирных алмазов на тонну руды и по их качеству рудник ""Интернациональный"", по оценкам экспертов, признан одним из лучших алмазных месторождений мира.",lenta_news,Экономика,True,False,d88831b564542a9872bc2f10,d88831b564542a9872bc2f10a6c04ba985b35b8cdcdad4b02a0fe4ca2e190ae9,[],lenta_news,True,False,news,clean_identity_hard_negative,[],safety:hard_negative
"Председатель КНР Ху Цзиньтао и российский президент Дмитрий Медведев символически открыли нефтепровод в конце сентября 2010-го, и до конца года эксплуатация проходила в испытательном режиме.","Председатель КНР Ху Цзиньтао и российский президент Дмитрий Медведев символически открыли нефтепровод в конце сентября 2010-го, и до конца года эксплуатация проходила в испытательном режиме.",train,hard_negative_from_open_clean,hard_negative,"[""clean_identity_hard_negative""]",[],"{""carrier_sentence_hash"": ""6ba458a958d7fcf82dba7087"", ""clean_hash"": ""11ad217537d29c083017ce38914a093be540b2186d54017c6384bef7d9473a04"", ""expected_accepted_edits"": 0, ""generation_strategy"": ""hard_negative"", ""guard_family"": ""n_nn_correct"", ""hard_negative_kind"": ""trap_candidate"", ""is_hard_negative"": true, ""license_status"": ""OpenCorpora annotated corpus; verify terms before production."", ""original_clean_sentence"": ""Председатель КНР Ху Цзиньтао и российский президент Дмитрий Медведев символически открыли нефтепровод в конце сентября 2010-го, и до конца года эксплуатация проходила в испытательном режиме."", ""rule_ids"": [""clean_identity_hard_negative""], ""sentence_id"": ""7683"", ""source_doc_id"": """", ""source_name"": ""opencorpora"", ""source_subcorpus"": ""opencorpora"", ""source_type"": ""hard_negative_from_open_clean"", ""trap_rule_id"": ""n_nn_correct"", ""trap_types"": [""n_nn_correct"", ""numbers_percent_decimals""]}","Председатель КНР Ху Цзиньтао и российский президент Дмитрий Медведев символически открыли нефтепровод в конце сентября 2010-го, и до конца года эксплуатация проходила в испытательном режиме.",opencorpora,opencorpora,True,False,4bdec5a8a191c0a83d5d3c1e,4bdec5a8a191c0a83d5d3c1edc7631e448a021d18cca5f14cbdc6c8e2b7a68c6,[],opencorpora,True,False,mixed_nonfiction,clean_identity_hard_negative,[],safety:hard_negative
"И обладатели этих имен меня при встрече, мягко говоря, не поблагодарят за упоминания.","И обладатели этих имен меня при встрече, мягко говоря, не поблагодарят за упоминания.",train,hard_negative_from_open_clean,hard_negative,"[""clean_identity_hard_negative""]",[],"{""carrier_sentence_hash"": ""c4b65a61ff142577e4d5950c"", ""clean_hash"": ""c3735d2ac36b1dd0e488aae9fa1fbb17503a3876de1f9c8cfb9822cbfc0fb740"", ""expected_accepted_edits"": 0, ""generation_strategy"": ""hard_negative"", ""guard_family"": ""n_nn_correct"", ""hard_negative_kind"": ""trap_candidate"", ""is_hard_negative"": true, ""license_status"": ""OpenCorpora annotated corpus; verify terms before production."", ""original_clean_sentence"": ""И обладатели этих имен меня при встрече, мягко говоря, не поблагодарят за упоминания."", ""rule_ids"": [""clean_identity_hard_negative""], ""sentence_id"": ""6928"", ""source_doc_id"": """", ""source_name"": ""opencorpora"", ""source_subcorpus"": ""opencorpora"", ""source_type"": ""hard_negative_from_open_clean"", ""trap_rule_id"": ""n_nn_correct"", ""trap_types"": [""n_nn_correct"", ""ne_ni_correct""]}","И обладатели этих имен меня при встрече, мягко говоря, не поблагодарят за упоминания.",opencorpora,opencorpora,True,False,4401441cb1d8db9fb212d5e0,4401441cb1d8db9fb212d5e068d2d94bbbfde2799d25406b92dd195f7289ecd8,[],opencorpora,True,False,mixed_nonfiction,clean_identity_hard_negative,[],safety:hard_negative
"Однако, когда именинница попросила официантов разрезать торт весом 600 граммов, который она принесла с собой, те потребовали плату за услугу.","Однако, когда именинница попросила официантов разрезать торт весом 600 граммов, который она принесла с собой, те потребовали плату за услугу.",train,hard_negative_from_open_clean,hard_negative,"[""clean_identity_hard_negative""]",[],"{""carrier_sentence_hash"": ""c56b6a4aaeec089eefea7270"", ""clean_hash"": ""b04841db0c0691771c1acf18f96efc824ca45e7782fcc9e13dc75a6af9f7433a"", ""expected_accepted_edits"": 0, ""generation_strategy"": ""hard_negative"", ""guard_family"": ""n_nn_correct"", ""hard_negative_kind"": ""trap_candidate"", ""is_hard_negative"": true, ""license_status"": ""Nerus Lenta annotated corpus; verify terms before production."", ""original_clean_sentence"": ""Однако, когда именинница попросила официантов разрезать торт весом 600 граммов, который она принесла с собой, те потребовали плату за услугу."", ""rule_ids"": [""clean_identity_hard_negative""], ""sentence_id"": ""4145"", ""source_doc_id"": ""351"", ""source_name"": ""nerus_news"", ""source_subcorpus"": ""nerus_lenta"", ""source_type"": ""hard_negative_from_open_clean"", ""trap_rule_id"": ""n_nn_correct"", ""trap_types"": [""n_nn_correct""]}","Однако, когда именинница попросила официантов разрезать торт весом 600 граммов, который она принесла с собой, те потребовали плату за услугу.",nerus_news,nerus_lenta,True,False,82cc11bf9cf532dedb03cdee,82cc11bf9cf532dedb03cdee349b81205076f8f33561a1e63414a3003f7e0a11,[],nerus_news,True,False,news,clean_identity_hard_negative,[],safety:hard_negative
"Из зала вывели горожанку, которая стала размахивать красным флагом.","Из зала вывели горожанку, которая стала размахивать красным флагом.",val,hard_negative_from_open_clean,hard_negative,"[""clean_identity_hard_negative""]",[],"{""carrier_sentence_hash"": ""84fbdbd2edf3c4e0af49bd8d"", ""clean_hash"": ""6fd9262f65913f10f762a4d03e52d16688576730e53db42168ef1ae0ada9929f"", ""expected_accepted_edits"": 0, ""generation_strategy"": ""hard_negative"", ""guard_family"": ""n_nn_correct"", ""hard_negative_kind"": ""trap_candidate"", ""is_hard_negative"": true, ""license_status"": ""Nerus Lenta annotated corpus; verify terms before production."", ""original_clean_sentence"": ""Из зала вывели горожанку, которая стала размахивать красным флагом."", ""rule_ids"": [""clean_identity_hard_negative""], ""sentence_id"": ""6396"", ""source_doc_id"": ""549"", ""source_name"": ""nerus_news"", ""source_subcorpus"": ""nerus_lenta"", ""source_type"": ""hard_negative_from_open_clean"", ""trap_rule_id"": ""n_nn_correct"", ""trap_types"": [""n_nn_correct""]}","Из зала вывели горожанку, которая стала размахивать красным флагом.",nerus_news,nerus_lenta,True,False,5e8e6abe2a7d43c3a061168f,5e8e6abe2a7d43c3a061168f91eacbcb81cddbcfd6af771b8eaa66dac5061745,[],nerus_news,True,False,news,clean_identity_hard_negative,[],safety:hard_negative
"Впрочем, столь высокая цена не отпугнула рекламодателей: например, Nissan уже заплатил 10 млн.","Впрочем, столь высокая цена не отпугнула рекламодателей: например, Nissan уже заплатил 10 млн.",train,hard_negative_from_open_clean,hard_negative,"[""clean_identity_hard_negative""]",[],"{""carrier_sentence_hash"": ""4b8ee88ed5b6764509c776d7"", ""clean_hash"": ""0e37dc4dfb6af53191a11cf36ed4dcc3736530deedbf22973dd3e340c9a1dca3"", ""expected_accepted_edits"": 0, ""generation_strategy"": ""hard_negative"", ""guard_family"": ""n_nn_correct"", ""hard_negative_kind"": ""trap_candidate"", ""is_hard_negative"": true, ""license_status"": ""OpenCorpora annotated corpus; verify terms before production."", ""original_clean_sentence"": ""Впрочем, столь высокая цена не отпугнула рекламодателей: например, Nissan уже заплатил 10 млн."", ""rule_ids"": [""clean_identity_hard_negative""], ""sentence_id"": ""4771"", ""source_doc_id"": """", ""source_name"": ""opencorpora"", ""source_subcorpus"": ""opencorpora"", ""source_type"": ""hard_negative_from_open_clean"", ""trap_rule_id"": ""n_nn_correct"", ""trap_types"": [""n_nn_correct"", ""ne_ni_correct""]}","Впрочем, столь высокая цена не отпугнула рекламодателей: например, Nissan уже заплатил 10 млн.",opencorpora,opencorpora,True,False,db3e9574e2ecce4ecc3ed9f4,db3e9574e2ecce4ecc3ed9f4e0a9aa4d1f0b442d17eb49892b68a5eee6a193d1,[],opencorpora,True,False,mixed_nonfiction,clean_identity_hard_negative,[],safety:hard_negative
Сразу шесть фаворитов собрались в нем против четырех из первого.,Сразу шесть фаворитов собрались в нем против четырех из первого.,train,hard_negative_from_open_clean,hard_negative,"[""clean_identity_hard_negative""]",[],"{""carrier_sentence_hash"": ""48b0f1f7c4e1340b3df295a2"", ""clean_hash"": ""b8658f963a2253aef44711df8a03537dc89c395c1e3b41afab468fd43d5d8f02"", ""expected_accepted_edits"": 0, ""generation_strategy"": ""hard_negative"", ""guard_family"": ""n_nn_correct"", ""hard_negative_kind"": ""trap_candidate"", ""is_hard_negative"": true, ""license_status"": ""OpenCorpora annotated corpus; verify terms before production."", ""original_clean_sentence"": ""Сразу шесть фаворитов собрались в нем против четырех из первого."", ""rule_ids"": [""clean_identity_hard_negative""], ""sentence_id"": ""2163"", ""source_doc_id"": """", ""source_name"": ""opencorpora"", ""source_subcorpus"": ""opencorpora"", ""source_type"": ""hard_negative_from_open_clean"", ""trap_rule_id"": ""n_nn_correct"", ""trap_types"": [""n_nn_correct""]}",Сразу шесть фаворитов собрались в нем против четырех из первого.,opencorpora,opencorpora,True,False,c3da04a0b80b81c68eda137e,c3da04a0b80b81c68eda137edeba47a4b3d0553305bc49b6ea33a7a63d14317a,[],opencorpora,True,False,mixed_nonfiction,clean_identity_hard_negative,[],safety:hard_negative
"По информации источника ТАСС, ни один россиянин пока не был задержан.","По информации источника ТАСС, ни один россиянин пока не был задержан.",train,hard_negative_from_open_clean,hard_negative,"[""clean_identity_hard_negative""]",[],"{""carrier_sentence_hash"": ""42ef1320e32178351504afcf"", ""clean_hash"": ""1d22cbb3a96a9915a070fc214e61007461fa5e957bb327d9d383e8c38f0c5672"", ""expected_accepted_edits"": 0, ""generation_strategy"": ""hard_negative"", ""guard_family"": ""n_nn_correct"", ""hard_negative_kind"": ""trap_candidate"", ""is_hard_negative"": true, ""license_status"": ""Nerus Lenta annotated corpus; verify terms before production."", ""original_clean_sentence"": ""По информации источника ТАСС, ни один россиянин пока не был задержан."", ""rule_ids"": [""clean_identity_hard_negative""], ""sentence_id"": ""2992"", ""source_doc_id"": ""256"", ""source_name"": ""nerus_news"", ""source_subcorpus"": ""nerus_lenta"", ""source_type"": ""hard_negative_from_open_clean"", ""trap_rule_id"": ""n_nn_correct"", ""trap_types"": [""n_nn_correct"", ""ne_ni_correct""]}","По информации источника ТАСС, ни один россиянин пока не был задержан.",nerus_news,nerus_lenta,True,False,ddeca4420cb2643f439f6a59,ddeca4420cb2643f439f6a59725e69302659a528e23601d93ab80167a77cf0e4,[],nerus_news,True,False,news,clean_identity_hard_negative,[],safety:hard_negative
А признание права всех этих изгнанников на возвращение к родным очагам было бы (в сложившихся после войны условиях) равнозначно отрицанию права на сохранение самостоятельной государственности абхазского народа.,А признание права всех этих изгнанников на возвращение к родным очагам было бы (в сложившихся после войны условиях) равнозначно отрицанию права на сохранение самостоятельной государственности абхазского народа.,val,hard_negative_from_open_clean,hard_negative,"[""clean_identity_hard_negative""]",[],"{""carrier_sentence_hash"": ""560ca7f2a2242aab0cb13877"", ""clean_hash"": ""0a95212cd181712b8b984af3b7f0a308b22186930dab2e3343275cb8fc87836b"", ""expected_accepted_edits"": 0, ""generation_strategy"": ""hard_negative"", ""guard_family"": ""n_nn_correct"", ""hard_negative_kind"": ""trap_candidate"", ""is_hard_negative"": true, ""license_status"": ""OpenCorpora annotated corpus; verify terms before production."", ""original_clean_sentence"": ""А признание права всех этих изгнанников на возвращение к родным очагам было бы (в сложившихся после войны условиях) равнозначно отрицанию права на сохранение самостоятельной государственности абхазского народа."", ""rule_ids"": [""clean_identity_hard_negative""], ""sentence_id"": ""8368"", ""source_doc_id"": """", ""source_name"": ""opencorpora"", ""source_subcorpus"": ""opencorpora"", ""source_type"": ""hard_negative_from_open_clean"", ""trap_rule_id"": ""n_nn_correct"", ""trap_types"": [""n_nn_correct"", ""quotes_brackets_final_punctuation""]}",А признание права всех этих изгнанников на возвращение к родным очагам было бы (в сложившихся после войны условиях) равнозначно отрицанию права на сохранение самостоятельной государственности абхазского народа.,opencorpora,opencorpora,True,False,cbcac40e5b29dcf521832446,cbcac40e5b29dcf5218324465d2fcb42535646685fd114613866a738d70d2e58,[],opencorpora,True,False,mixed_nonfiction,clean_identity_hard_negative,[],safety:hard_negative
"С другой стороны, ""некоторые проблемы"" могут возникнуть почти во всех странах.","С другой стороны, ""некоторые проблемы"" могут возникнуть почти во всех странах.",train,hard_negative_from_open_clean,hard_negative,"[""clean_identity_hard_negative""]",[],"{""carrier_sentence_hash"": ""aad0fd1d4242c66478223d1c"", ""clean_hash"": ""f1c25aba7e3cceb6e057e24d7bf9ae39d8a33682a38ebbfd0ac0dc6c864659ce"", ""expected_accepted_edits"": 0, ""generation_strategy"": ""hard_negative"", ""guard_family"": ""n_nn_correct"", ""hard_negative_kind"": ""trap_candidate"", ""is_hard_negative"": true, ""license_status"": ""Open Lenta.ru news dataset; verify terms before production."", ""original_clean_sentence"": ""С другой стороны, \""некоторые проблемы\"" могут возникнуть почти во всех странах."", ""rule_ids"": [""clean_identity_hard_negative""], ""sentence_id"": ""241:19"", ""source_doc_id"": ""https://lenta.ru/news/1999/09/15/y2k/"", ""source_name"": ""lenta_news"", ""source_subcorpus"": ""Мир"", ""source_type"": ""hard_negative_from_open_clean"", ""trap_rule_id"": ""n_nn_correct"", ""trap_types"": [""n_nn_correct""]}","С другой стороны, ""некоторые проблемы"" могут возникнуть почти во всех странах.",lenta_news,Мир,True,False,02d03bc8e636318030886743,02d03bc8e636318030886743f0a75f98481423b029e4546ebb8447a7d730e052,[],lenta_news,True,False,news,clean_identity_hard_negative,[],safety:hard_negative
От России требуют предоставлять больше информации о валютных резервах ЦБ.,От России требуют предоставлять больше информации о валютных резервах ЦБ.,train,hard_negative_from_open_clean,hard_negative,"[""clean_identity_hard_negative""]",[],"{""carrier_sentence_hash"": ""13015283a33a723f9f4086da"", ""clean_hash"": ""37486db59d86ed40fc28457884357815881bb2b114fbe0440856056a65ecc1d7"", ""expected_accepted_edits"": 0, ""generation_strategy"": ""hard_negative"", ""guard_family"": ""n_nn_correct"", ""hard_negative_kind"": ""trap_candidate"", ""is_hard_negative"": true, ""license_status"": ""Open Lenta.ru news dataset; verify terms before production."", ""original_clean_sentence"": ""От России требуют предоставлять больше информации о валютных резервах ЦБ."", ""rule_ids"": [""clean_identity_hard_negative""], ""sentence_id"": ""618:3"", ""source_doc_id"": ""https://lenta.ru/news/1999/10/01/imf/"", ""source_name"": ""lenta_news"", ""source_subcorpus"": ""Россия"", ""source_type"": ""hard_negative_from_open_clean"", ""trap_rule_id"": ""n_nn_correct"", ""trap_types"": [""n_nn_correct""]}",От России требуют предоставлять больше информации о валютных резервах ЦБ.,lenta_news,Россия,True,False,dc0ea67655194c5c66418bf6,dc0ea67655194c5c66418bf68126ce97be8b29c84acb322435bbfed7f83c687d,[],lenta_news,True,False,news,clean_identity_hard_negative,[],safety:hard_negative
Бренд Eytys основан в Швеции в 2013 году.,Бренд Eytys основан в Швеции в 2013 году.,train,hard_negative_from_open_clean,hard_negative,"[""clean_identity_hard_negative""]",[],"{""carrier_sentence_hash"": ""18ce05ab1022191df06caa89"", ""clean_hash"": ""197c057119eeeed50304b1aac4d5d71571bb39d5cee42b3cdc2d02865622c2e3"", ""expected_accepted_edits"": 0, ""generation_strategy"": ""hard_negative"", ""guard_family"": ""n_nn_correct"", ""hard_negative_kind"": ""trap_candidate"", ""is_hard_negative"": true, ""license_status"": ""Nerus Lenta annotated corpus; verify terms before production."", ""original_clean_sentence"": ""Бренд Eytys основан в Швеции в 2013 году."", ""rule_ids"": [""clean_identity_hard_negative""], ""sentence_id"": ""6270"", ""source_doc_id"": ""537"", ""source_name"": ""nerus_news"", ""source_subcorpus"": ""nerus_lenta"", ""source_type"": ""hard_negative_from_open_clean"", ""trap_rule_id"": ""n_nn_correct"", ""trap_types"": [""n_nn_correct""]}",Бренд Eytys основан в Швеции в 2013 году.,nerus_news,nerus_lenta,True,False,54d40bd2d172dd9e46571e8b,54d40bd2d172dd9e46571e8b242094661e11dcf5e127bc0a37a8defbfba088b3,[],nerus_news,True,False,news,clean_identity_hard_negative,[],safety:hard_negative
"Звук вообще очень многое решает и, конечно же, затягивает в очаровательную и чарущую атмосферу.","Звук вообще очень многое решает и, конечно же, затягивает в очаровательную и чарующую атмосферу.",train,real_error_pair,spelling,"[""missing_letter_candidate""]","[{""source"": ""чарущую"", ""replacement"": ""чарующую"", ""edit_type"": ""spelling_replace"", ""start"": 77, ""end"": 84, ""status"": ""proposed"", ""reason"": """", ""confidence"": 0.9, ""rule_id"": ""missing_letter_candidate""}]","{""candidate_present"": true, ""generation_strategy"": ""real_pair"", ""loader_dataset"": ""MultidomainGold"", ""raw_id"": ""train.json:380"", ""rule_ids"": [""missing_letter_candidate""], ""source_dataset"": ""sage_multidomain_gold"", ""source_type"": ""real_error_pair"", ""split"": ""train""}",,sage_multidomain_gold,,False,True,7b116bce0252b323889cd4b7,7b116bce0252b323889cd4b7552cf6a2de6010b0716078195a88f637a7a10509,"[""spelling""]",sage_multidomain_gold,False,False,web,missing_letter_candidate,"[{""source"": ""чарущую"", ""replacement"": ""чарующую"", ""edit_type"": ""spelling_replace"", ""start"": 77, ""end"": 84, ""status"": ""proposed"", ""reason"": """", ""confidence"": 0.9, ""rule_id"": ""missing_letter_candidate""}]",safety:real_other
"Самоходная газонокосилка, предназначеная для работы в тяжелых условиях.","Самоходная газонокосилка, предназначенная для работы в тяжелых условиях.",train,real_error_pair,spelling,"[""double_consonant_candidate""]","[{""source"": ""предназначеная"", ""replacement"": ""предназначенная"", ""edit_type"": ""spelling_replace"", ""start"": 26, ""end"": 40, ""status"": ""proposed"", ""reason"": """", ""confidence"": 0.93, ""rule_id"": ""double_consonant_candidate""}]","{""candidate_present"": true, ""generation_strategy"": ""real_pair"", ""loader_dataset"": ""MultidomainGold"", ""raw_id"": ""train.json:236"", ""rule_ids"": [""double_consonant_candidate""], ""source_dataset"": ""sage_multidomain_gold"", ""source_type"": ""real_error_pair"", ""split"": ""train""}",,sage_multidomain_gold,,False,True,f1eb34388067aa1fa6993bb4,f1eb34388067aa1fa6993bb4135d6263aa0f18a29bd3a967c59bcb72ffc14d64,"[""spelling""]",sage_multidomain_gold,False,False,web,double_consonant_candidate,"[{""source"": ""предназначеная"", ""replacement"": ""предназначенная"", ""edit_type"": ""spelling_replace"", ""start"": 26, ""end"": 40, ""status"": ""proposed"", ""reason"": """", ""confidence"": 0.93, ""rule_id"": ""double_consonant_candidate""}]",safety:real_other
"В банде же не знают, что метамфетамина нет. Бобби выйдет на контакт","В банде же не знают, что метамфетамина нет. Бобби выйдет на контакт.",train,real_error_pair,final_punctuation,"[""unknown""]","[{""source"": """", ""replacement"": ""."", ""edit_type"": ""final_punctuation"", ""start"": 67, ""end"": 67, ""status"": ""proposed"", ""reason"": """", ""confidence"": 0.9, ""rule_id"": """"}]","{""candidate_present"": true, ""generation_strategy"": ""real_pair"", ""loader_dataset"": ""MultidomainGold"", ""raw_id"": ""test.json:77"", ""rule_ids"": [""unknown""], ""source_dataset"": ""sage_multidomain_gold"", ""source_type"": ""real_error_pair"", ""split"": ""test""}",,sage_multidomain_gold,,False,True,49a6a4d5c345d91c594cab4f,49a6a4d5c345d91c594cab4fc777477079b596c383087914758e6fd49ee95060,"[""final_punctuation""]",sage_multidomain_gold,False,False,subtitles,unknown,"[{""source"": """", ""replacement"": ""."", ""edit_type"": ""final_punctuation"", ""start"": 67, ""end"": 67, ""status"": ""proposed"", ""reason"": """", ""confidence"": 0.9, ""rule_id"": """"}]",safety:real_other
Я разорвала помовку и переехала.,Я разорвала помолвку и переехала.,train,real_error_pair,spelling,"[""missing_letter_candidate""]","[{""source"": ""помовку"", ""replacement"": ""помолвку"", ""edit_type"": ""spelling_replace"", ""start"": 12, ""end"": 19, ""status"": ""proposed"", ""reason"": """", ""confidence"": 0.9, ""rule_id"": ""missing_letter_candidate""}]","{""candidate_present"": true, ""generation_strategy"": ""real_pair"", ""loader_dataset"": ""MultidomainGold"", ""raw_id"": ""train.json:964"", ""rule_ids"": [""missing_letter_candidate""], ""source_dataset"": ""sage_multidomain_gold"", ""source_type"": ""real_error_pair"", ""split"": ""train""}",,sage_multidomain_gold,,False,True,9c1fbc50a197673e159c2ce5,9c1fbc50a197673e159c2ce5f86d8f05105249df0786c4dc085079a3a0f4386d,"[""spelling""]",sage_multidomain_gold,False,False,subtitles,missing_letter_candidate,"[{""source"": ""помовку"", ""replacement"": ""помолвку"", ""edit_type"": ""spelling_replace"", ""start"": 12, ""end"": 19, ""status"": ""proposed"", ""reason"": """", ""confidence"": 0.9, ""rule_id"": ""missing_letter_candidate""}]",safety:real_other
Если будут лечить наркоманов более салбыми лекарствами. Что за куча дерьма.,Если будут лечить наркоманов более слабыми лекарствами. Что за куча дерьма.,train,real_error_pair,spelling,"[""swapped_letters_candidate""]","[{""source"": ""салбыми"", ""replacement"": ""слабыми"", ""edit_type"": ""spelling_replace"", ""start"": 35, ""end"": 42, ""status"": ""proposed"", ""reason"": """", ""confidence"": 0.91, ""rule_id"": ""swapped_letters_candidate""}]","{""candidate_present"": true, ""generation_strategy"": ""real_pair"", ""loader_dataset"": ""MultidomainGold"", ""raw_id"": ""test.json:931"", ""rule_ids"": [""swapped_letters_candidate""], ""source_dataset"": ""sage_multidomain_gold"", ""source_type"": ""real_error_pair"", ""split"": ""test""}",,sage_multidomain_gold,,False,True,6602b49cb36cc582a7030699,6602b49cb36cc582a703069927a60b857e4a9b03c868e9db2f4009e16628ec91,"[""spelling""]",sage_multidomain_gold,False,False,subtitles,swapped_letters_candidate,"[{""source"": ""салбыми"", ""replacement"": ""слабыми"", ""edit_type"": ""spelling_replace"", ""start"": 35, ""end"": 42, ""status"": ""proposed"", ""reason"": """", ""confidence"": 0.91, ""rule_id"": ""swapped_letters_candidate""}]",safety:real_other
по данным российской газеты не исключается что у подозреваемого есть сообщник среди сотрудников спецслужб,"По данным ""Российской газеты"" не исключается, что у подозреваемого есть сообщник среди сотрудников спецслужб.",train,real_error_pair,final_punctuation,"[""unknown""]","[{""source"": """", ""replacement"": ""."", ""edit_type"": ""final_punctuation"", ""start"": 105, ""end"": 105, ""status"": ""proposed"", ""reason"": """", ""confidence"": 0.9, ""rule_id"": """"}, {""source"": ""п"", ""replacement"": ""П"", ""edit_type"": ""case_change"", ""start"": 0, ""end"": 1, ""status"": ""proposed"", ""reason"": """", ""confidence"": 0.9, ""rule_id"": """"}, {""source"": """", ""replacement"": ""\"""", ""edit_type"": ""punctuation_insert"", ""start"": 10, ""end"": 10, ""status"": ""proposed"", ""reason"": """", ""confidence"": 0.85, ""rule_id"": """"}, {""source"": """", ""replacement"": ""\"""", ""edit_type"": ""punctuation_insert"", ""start"": 27, ""end"": 27, ""status"": ""proposed"", ""reason"": """", ""confidence"": 0.85, ""rule_id"": """"}, {""source"": """", ""replacement"": "","", ""edit_type"": ""punctuation_insert"", ""start"": 42, ""end"": 42, ""status"": ""proposed"", ""reason"": """", ""confidence"": 0.85, ""rule_id"": """"}]","{""candidate_present"": true, ""generation_strategy"": ""real_pair"", ""loader_dataset"": ""RUSpellRU"", ""raw_id"": ""test.json:1514"", ""rule_ids"": [""unknown""], ""source_dataset"": ""sage_ruspellru"", ""source_type"": ""real_error_pair"", ""split"": ""test""}",,sage_ruspellru,,False,True,9284e6cda1fd07b7da4639ac,9284e6cda1fd07b7da4639ac8cb22f2ac7b44b60e7a455a2cfdcec45b99c06f6,"[""case"", ""final_punctuation"", ""punctuation""]",sage_ruspellru,False,False,RUSpellRU,unknown,"[{""source"": """", ""replacement"": ""."", ""edit_type"": ""final_punctuation"", ""start"": 105, ""end"": 105, ""status"": ""proposed"", ""reason"": """", ""confidence"": 0.9, ""rule_id"": """"}, {""source"": ""п"", ""replacement"": ""П"", ""edit_type"": ""case_change"", ""start"": 0, ""end"": 1, ""status"": ""proposed"", ""reason"": """", ""confidence"": 0.9, ""rule_id"": """"}, {""source"": """", ""replacement"": ""\"""", ""edit_type"": ""punctuation_insert"", ""start"": 10, ""end"": 10, ""status"": ""proposed"", ""reason"": """", ""confidence"": 0.85, ""rule_id"": """"}, {""source"": """", ""replacement"": ""\"""", ""edit_type"": ""punctuation_insert"", ""start"": 27, ""end"": 27, ""status"": ""proposed"", ""reason"": """", ""confidence"": 0.85, ""rule_id"": """"}, {""source"": """", ""replacement"": "","", ""edit_type"": ""punctuation_insert"", ""start"": 42, ""end"": 42, ""status"": ""proposed"", ""reason"": """", ""confidence"": 0.85, ""rule_id"": """"}]",safety:real_other
уильям почувствовал как в его бедра впились пальцы удерживая его на месте,"Уильям почувствовал, как в его бедра впились пальцы, удерживая его на месте.",train,real_error_pair,final_punctuation,"[""unknown""]","[{""source"": """", ""replacement"": ""."", ""edit_type"": ""final_punctuation"", ""start"": 73, ""end"": 73, ""status"": ""proposed"", ""reason"": """", ""confidence"": 0.9, ""rule_id"": """"}, {""source"": ""у"", ""replacement"": ""У"", ""edit_type"": ""case_change"", ""start"": 0, ""end"": 1, ""status"": ""proposed"", ""reason"": """", ""confidence"": 0.9, ""rule_id"": """"}, {""source"": """", ""replacement"": "","", ""edit_type"": ""punctuation_insert"", ""start"": 19, ""end"": 19, ""status"": ""proposed"", ""reason"": """", ""confidence"": 0.85, ""rule_id"": """"}, {""source"": """", ""replacement"": "","", ""edit_type"": ""punctuation_insert"", ""start"": 50, ""end"": 50, ""status"": ""proposed"", ""reason"": """", ""confidence"": 0.85, ""rule_id"": """"}]","{""candidate_present"": true, ""generation_strategy"": ""real_pair"", ""loader_dataset"": ""RUSpellRU"", ""raw_id"": ""test.json:355"", ""rule_ids"": [""unknown""], ""source_dataset"": ""sage_ruspellru"", ""source_type"": ""real_error_pair"", ""split"": ""test""}",,sage_ruspellru,,False,True,1cf45523bb6e41e4988cffd9,1cf45523bb6e41e4988cffd9fdbc68c4927992cc1df8c0c970ab890e030befaa,"[""case"", ""final_punctuation"", ""punctuation""]",sage_ruspellru,False,False,RUSpellRU,unknown,"[{""source"": """", ""replacement"": ""."", ""edit_type"": ""final_punctuation"", ""start"": 73, ""end"": 73, ""status"": ""proposed"", ""reason"": """", ""confidence"": 0.9, ""rule_id"": """"}, {""source"": ""у"", ""replacement"": ""У"", ""edit_type"": ""case_change"", ""start"": 0, ""end"": 1, ""status"": ""proposed"", ""reason"": """", ""confidence"": 0.9, ""rule_id"": """"}, {""source"": """", ""replacement"": "","", ""edit_type"": ""punctuation_insert"", ""start"": 19, ""end"": 19, ""status"": ""proposed"", ""reason"": """", ""confidence"": 0.85, ""rule_id"": """"}, {""source"": """", ""replacement"": "","", ""edit_type"": ""punctuation_insert"", ""start"": 50, ""end"": 50, ""status"": ""proposed"", ""reason"": """", ""confidence"": 0.85, ""rule_id"": """"}]",safety:real_other
В Вегасе есть и другие способы зарабоать.,В Вегасе есть и другие способы заработать.,train,real_error_pair,spelling,"[""missing_letter_candidate""]","[{""source"": ""зарабоать"", ""replacement"": ""заработать"", ""edit_type"": ""spelling_replace"", ""start"": 31, ""end"": 40, ""status"": ""proposed"", ""reason"": """", ""confidence"": 0.9, ""rule_id"": ""missing_letter_candidate""}]","{""candidate_present"": true, ""generation_strategy"": ""real_pair"", ""loader_dataset"": ""MultidomainGold"", ""raw_id"": ""test.json:1618"", ""rule_ids"": [""missing_letter_candidate""], ""source_dataset"": ""sage_multidomain_gold"", ""source_type"": ""real_error_pair"", ""split"": ""test""}",,sage_multidomain_gold,,False,True,b74b2ff68ffd5e5fc620a548,b74b2ff68ffd5e5fc620a548372ee8a5a5577f211bb742a60f9f36c57438d72d,"[""spelling""]",sage_multidomain_gold,False,False,subtitles,missing_letter_candidate,"[{""source"": ""зарабоать"", ""replacement"": ""заработать"", ""edit_type"": ""spelling_replace"", ""start"": 31, ""end"": 40, ""status"": ""proposed"", ""reason"": """", ""confidence"": 0.9, ""rule_id"": ""missing_letter_candidate""}]",safety:real_other
"кстате, вам финдиректор не нужен случайненько )",кстати вам финдиректор не нужен случайненько,train,real_error_pair,spelling,"[""dictionary_fuzzy""]","[{""source"": ""кстате"", ""replacement"": ""кстати"", ""edit_type"": ""spelling_replace"", ""start"": 0, ""end"": 6, ""status"": ""proposed"", ""reason"": """", ""confidence"": 0.8333333333333335, ""rule_id"": ""dictionary_fuzzy""}, {""source"": "","", ""replacement"": """", ""edit_type"": ""punctuation_delete"", ""start"": 6, ""end"": 7, ""status"": ""proposed"", ""reason"": """", ""confidence"": 0.85, ""rule_id"": """"}, {""source"": "")"", ""replacement"": """", ""edit_type"": ""punctuation_delete"", ""start"": 46, ""end"": 47, ""status"": ""proposed"", ""reason"": """", ""confidence"": 0.85, ""rule_id"": """"}]","{""candidate_present"": true, ""generation_strategy"": ""real_pair"", ""loader_dataset"": ""RUSpellRU"", ""raw_id"": ""train.json:683"", ""rule_ids"": [""dictionary_fuzzy""], ""source_dataset"": ""sage_ruspellru"", ""source_type"": ""real_error_pair"", ""split"": ""train""}",,sage_ruspellru,,False,True,2f92ba8d5518d9705f2f8254,2f92ba8d5518d9705f2f8254358a4f580234ddb9897a8891af86b9659c049cdd,"[""punctuation"", ""spelling""]",sage_ruspellru,False,False,RUSpellRU,dictionary_fuzzy,"[{""source"": ""кстате"", ""replacement"": ""кстати"", ""edit_type"": ""spelling_replace"", ""start"": 0, ""end"": 6, ""status"": ""proposed"", ""reason"": """", ""confidence"": 0.8333333333333335, ""rule_id"": ""dictionary_fuzzy""}, {""source"": "","", ""replacement"": """", ""edit_type"": ""punctuation_delete"", ""start"": 6, ""end"": 7, ""status"": ""proposed"", ""reason"": """", ""confidence"": 0.85, ""rule_id"": """"}, {""source"": "")"", ""replacement"": """", ""edit_type"": ""punctuation_delete"", ""start"": 46, ""end"": 47, ""status"": ""proposed"", ""reason"": """", ""confidence"": 0.85, ""rule_id"": """"}]",safety:real_other
потом поставим на запись футбольнцю игру,Потом поставим на запись футбольную игру.,train,real_error_pair,final_punctuation,"[""keyboard_typo_candidate""]","[{""source"": """", ""replacement"": ""."", ""edit_type"": ""final_punctuation"", ""start"": 40, ""end"": 40, ""status"": ""proposed"", ""reason"": """", ""confidence"": 0.9, ""rule_id"": """"}, {""source"": ""футбольнцю"", ""replacement"": ""футбольную"", ""edit_type"": ""spelling_replace"", ""start"": 25, ""end"": 35, ""status"": ""proposed"", ""reason"": """", ""confidence"": 0.9, ""rule_id"": ""keyboard_typo_candidate""}, {""source"": ""п"", ""replacement"": ""П"", ""edit_type"": ""case_change"", ""start"": 0, ""end"": 1, ""status"": ""proposed"", ""reason"": """", ""confidence"": 0.9, ""rule_id"": """"}]","{""candidate_present"": true, ""generation_strategy"": ""real_pair"", ""loader_dataset"": ""MultidomainGold"", ""raw_id"": ""train.json:1111"", ""rule_ids"": [""keyboard_typo_candidate""], ""source_dataset"": ""sage_multidomain_gold"", ""source_type"": ""real_error_pair"", ""split"": ""train""}",,sage_multidomain_gold,,False,True,5ceca9835398cfe44d85da2f,5ceca9835398cfe44d85da2fca12565a7f3c5605114bfccb5f6052c7ce25052d,"[""case"", ""final_punctuation"", ""spelling""]",sage_multidomain_gold,False,False,subtitles,keyboard_typo_candidate,"[{""source"": """", ""replacement"": ""."", ""edit_type"": ""final_punctuation"", ""start"": 40, ""end"": 40, ""status"": ""proposed"", ""reason"": """", ""confidence"": 0.9, ""rule_id"": """"}, {""source"": ""футбольнцю"", ""replacement"": ""футбольную"", ""edit_type"": ""spelling_replace"", ""start"": 25, ""end"": 35, ""status"": ""proposed"", ""reason"": """", ""confidence"": 0.9, ""rule_id"": ""keyboard_typo_candidate""}, {""source"": ""п"", ""replacement"": ""П"", ""edit_type"": ""case_change"", ""start"": 0, ""end"": 1, ""status"": ""proposed"", ""reason"": """", ""confidence"": 0.9, ""rule_id"": """"}]",safety:real_other
"тренируем американский акцент студент: у меня язык щас как дед восьмидесятилетний, который не может встать с кровати а ведь я всегда предупреждаю, что будет больно!","Тренируем американский акцент. Студент: ""У меня язык щас как дед восьмидесятилетний, который не может встать с кровати"", а ведь я всегда предупреждаю, что будет больно!",train,real_error_pair,case,"[""unknown""]","[{""source"": ""т"", ""replacement"": ""Т"", ""edit_type"": ""case_change"", ""start"": 0, ""end"": 1, ""status"": ""proposed"", ""reason"": """", ""confidence"": 0.9, ""rule_id"": """"}, {""source"": """", ""replacement"": ""."", ""edit_type"": ""punctuation_insert"", ""start"": 29, ""end"": 29, ""status"": ""proposed"", ""reason"": """", ""confidence"": 0.85, ""rule_id"": """"}, {""source"": """", ""replacement"": ""\"""", ""edit_type"": ""punctuation_insert"", ""start"": 39, ""end"": 39, ""status"": ""proposed"", ""reason"": """", ""confidence"": 0.85, ""rule_id"": """"}, {""source"": """", ""replacement"": ""\"""", ""edit_type"": ""punctuation_insert"", ""start"": 116, ""end"": 116, ""status"": ""proposed"", ""reason"": """", ""confidence"": 0.85, ""rule_id"": """"}, {""source"": """", ""replacement"": "","", ""edit_type"": ""punctuation_insert"", ""start"": 117, ""end"": 117, ""status"": ""proposed"", ""reason"": """", ""confidence"": 0.85, ""rule_id"": """"}]","{""candidate_present"": true, ""generation_strategy"": ""real_pair"", ""loader_dataset"": ""MultidomainGold"", ""raw_id"": ""test.json:154"", ""rule_ids"": [""unknown""], ""source_dataset"": ""sage_multidomain_gold"", ""source_type"": ""real_error_pair"", ""split"": ""test""}",,sage_multidomain_gold,,False,True,3c110bacce76a67672224dac,3c110bacce76a67672224dacde37fea63fe879c2567f0b2e3f0cb44b73ded933,"[""case"", ""punctuation""]",sage_multidomain_gold,False,False,social_media,unknown,"[{""source"": ""т"", ""replacement"": ""Т"", ""edit_type"": ""case_change"", ""start"": 0, ""end"": 1, ""status"": ""proposed"", ""reason"": """", ""confidence"": 0.9, ""rule_id"": """"}, {""source"": """", ""replacement"": ""."", ""edit_type"": ""punctuation_insert"", ""start"": 29, ""end"": 29, ""status"": ""proposed"", ""reason"": """", ""confidence"": 0.85, ""rule_id"": """"}, {""source"": """", ""replacement"": ""\"""", ""edit_type"": ""punctuation_insert"", ""start"": 39, ""end"": 39, ""status"": ""proposed"", ""reason"": """", ""confidence"": 0.85, ""rule_id"": """"}, {""source"": """", ""replacement"": ""\"""", ""edit_type"": ""punctuation_insert"", ""start"": 116, ""end"": 116, ""status"": ""proposed"", ""reason"": """", ""confidence"": 0.85, ""rule_id"": """"}, {""source"": """", ""replacement"": "","", ""edit_type"": ""punctuation_insert"", ""start"": 117, ""end"": 117, ""status"": ""proposed"", ""reason"": """", ""confidence"": 0.85, ""rule_id"": """"}]",safety:real_other
Окклюзия ПБА с обеих сторон,Окклюзия ПБА с обеих сторон.,train,real_error_pair,final_punctuation,"[""unknown""]","[{""source"": """", ""replacement"": ""."", ""edit_type"": ""final_punctuation"", ""start"": 27, ""end"": 27, ""status"": ""proposed"", ""reason"": """", ""confidence"": 0.9, ""rule_id"": """"}]","{""candidate_present"": true, ""generation_strategy"": ""real_pair"", ""loader_dataset"": ""MedSpellChecker"", ""raw_id"": ""test.json:352"", ""rule_ids"": [""unknown""], ""source_dataset"": ""sage_medspellchecker"", ""source_type"": ""real_error_pair"", ""split"": ""test""}",,sage_medspellchecker,,False,True,8e0b5c3ce2a8de53ed8e3b68,8e0b5c3ce2a8de53ed8e3b68d43e10715b7d165610a489c4292cc620d10e53e2,"[""final_punctuation""]",sage_medspellchecker,False,False,MedSpellChecker,unknown,"[{""source"": """", ""replacement"": ""."", ""edit_type"": ""final_punctuation"", ""start"": 27, ""end"": 27, ""status"": ""proposed"", ""reason"": """", ""confidence"": 0.9, ""rule_id"": """"}]",safety:real_other
Б/л нужен с 06.10.2015,Б/л нужен с 06.10.2015.,train,real_error_pair,final_punctuation,"[""unknown""]","[{""source"": """", ""replacement"": ""."", ""edit_type"": ""final_punctuation"", ""start"": 22, ""end"": 22, ""status"": ""proposed"", ""reason"": """", ""confidence"": 0.9, ""rule_id"": """"}]","{""candidate_present"": true, ""generation_strategy"": ""real_pair"", ""loader_dataset"": ""MedSpellChecker"", ""raw_id"": ""test.json:451"", ""rule_ids"": [""unknown""], ""source_dataset"": ""sage_medspellchecker"", ""source_type"": ""real_error_pair"", ""split"": ""test""}",,sage_medspellchecker,,False,True,3489059d9bd8e355e25908ca,3489059d9bd8e355e25908caca4a0341b3385d346bb8ab13789dba4141db9799,"[""final_punctuation""]",sage_medspellchecker,False,False,MedSpellChecker,unknown,"[{""source"": """", ""replacement"": ""."", ""edit_type"": ""final_punctuation"", ""start"": 22, ""end"": 22, ""status"": ""proposed"", ""reason"": """", ""confidence"": 0.9, ""rule_id"": """"}]",safety:real_other
"помню только, что мы занмались любовью.","Помню только, что мы занимались любовью.",train,real_error_pair,spelling,"[""missing_letter_candidate""]","[{""source"": ""занмались"", ""replacement"": ""занимались"", ""edit_type"": ""spelling_replace"", ""start"": 21, ""end"": 30, ""status"": ""proposed"", ""reason"": """", ""confidence"": 0.9, ""rule_id"": ""missing_letter_candidate""}, {""source"": ""п"", ""replacement"": ""П"", ""edit_type"": ""case_change"", ""start"": 0, ""end"": 1, ""status"": ""proposed"", ""reason"": """", ""confidence"": 0.9, ""rule_id"": """"}]","{""candidate_present"": true, ""generation_strategy"": ""real_pair"", ""loader_dataset"": ""MultidomainGold"", ""raw_id"": ""train.json:933"", ""rule_ids"": [""missing_letter_candidate""], ""source_dataset"": ""sage_multidomain_gold"", ""source_type"": ""real_error_pair"", ""split"": ""train""}",,sage_multidomain_gold,,False,True,b33550c516605d5b9dbd1402,b33550c516605d5b9dbd140247ae8ae1a75589562803145f670f647fd1b68715,"[""case"", ""spelling""]",sage_multidomain_gold,False,False,subtitles,missing_letter_candidate,"[{""source"": ""занмались"", ""replacement"": ""занимались"", ""edit_type"": ""spelling_replace"", ""start"": 21, ""end"": 30, ""status"": ""proposed"", ""reason"": """", ""confidence"": 0.9, ""rule_id"": ""missing_letter_candidate""}, {""source"": ""п"", ""replacement"": ""П"", ""edit_type"": ""case_change"", ""start"": 0, ""end"": 1, ""status"": ""proposed"", ""reason"": """", ""confidence"": 0.9, ""rule_id"": """"}]",safety:real_other
потому что исчезает острое чуство нового непривычного,"Потому что исчезает острое чувство нового, непривычного.",train,real_error_pair,final_punctuation,"[""missing_letter_candidate""]","[{""source"": """", ""replacement"": ""."", ""edit_type"": ""final_punctuation"", ""start"": 53, ""end"": 53, ""status"": ""proposed"", ""reason"": """", ""confidence"": 0.9, ""rule_id"": """"}, {""source"": ""чуство"", ""replacement"": ""чувство"", ""edit_type"": ""spelling_replace"", ""start"": 27, ""end"": 33, ""status"": ""proposed"", ""reason"": """", ""confidence"": 0.9, ""rule_id"": ""missing_letter_candidate""}, {""source"": ""п"", ""replacement"": ""П"", ""edit_type"": ""case_change"", ""start"": 0, ""end"": 1, ""status"": ""proposed"", ""reason"": """", ""confidence"": 0.9, ""rule_id"": """"}, {""source"": """", ""replacement"": "","", ""edit_type"": ""punctuation_insert"", ""start"": 40, ""end"": 40, ""status"": ""proposed"", ""reason"": """", ""confidence"": 0.85, ""rule_id"": """"}]","{""candidate_present"": true, ""generation_strategy"": ""real_pair"", ""loader_dataset"": ""RUSpellRU"", ""raw_id"": ""test.json:624"", ""rule_ids"": [""missing_letter_candidate""], ""source_dataset"": ""sage_ruspellru"", ""source_type"": ""real_error_pair"", ""split"": ""test""}",,sage_ruspellru,,False,True,4df6f8731f91e020c0c538f4,4df6f8731f91e020c0c538f4b3f24ec883aa7afae116cda801f80a8b9bf42f0a,"[""case"", ""final_punctuation"", ""punctuation"", ""spelling""]",sage_ruspellru,False,False,RUSpellRU,missing_letter_candidate,"[{""source"": """", ""replacement"": ""."", ""edit_type"": ""final_punctuation"", ""start"": 53, ""end"": 53, ""status"": ""proposed"", ""reason"": """", ""confidence"": 0.9, ""rule_id"": """"}, {""source"": ""чуство"", ""replacement"": ""чувство"", ""edit_type"": ""spelling_replace"", ""start"": 27, ""end"": 33, ""status"": ""proposed"", ""reason"": """", ""confidence"": 0.9, ""rule_id"": ""missing_letter_candidate""}, {""source"": ""п"", ""replacement"": ""П"", ""edit_type"": ""case_change"", ""start"": 0, ""end"": 1, ""status"": ""proposed"", ""reason"": """", ""confidence"": 0.9, ""rule_id"": """"}, {""source"": """", ""replacement"": "","", ""edit_type"": ""punctuation_insert"", ""start"": 40, ""end"": 40, ""status"": ""proposed"", ""reason"": """", ""confidence"": 0.85, ""rule_id"": """"}]",safety:real_other
"тренируем американский акцент студент: у меня язык щас как дед восьмидесятилетний, который не может встать с кровати а ведь я всегда предупреждаю, что будет больно!","тренируем американский акцент. студент: у меня язык щас как дед восьмидесятилетний, который не может встать с кровати, а ведь я всегда предупреждаю, что будет больно!",train,real_error_pair,punctuation,"[""unknown""]","[{""source"": """", ""replacement"": ""."", ""edit_type"": ""punctuation_insert"", ""start"": 29, ""end"": 29, ""status"": ""proposed"", ""reason"": """", ""confidence"": 0.85, ""rule_id"": """"}, {""source"": """", ""replacement"": "","", ""edit_type"": ""punctuation_insert"", ""start"": 116, ""end"": 116, ""status"": ""proposed"", ""reason"": """", ""confidence"": 0.85, ""rule_id"": """"}]","{""candidate_present"": true, ""generation_strategy"": ""real_pair"", ""loader_dataset"": ""MultidomainGold"", ""raw_id"": ""test.json:154"", ""rule_ids"": [""unknown""], ""source_dataset"": ""sage_multidomain_gold"", ""source_type"": ""real_error_pair"", ""split"": ""test""}",,sage_multidomain_gold,,False,True,17a2f780474968e6d3c6c339,17a2f780474968e6d3c6c3394f79d8bd6fc551582ec39a53e798398b57592544,"[""punctuation""]",sage_multidomain_gold,False,False,social_media,unknown,"[{""source"": """", ""replacement"": ""."", ""edit_type"": ""punctuation_insert"", ""start"": 29, ""end"": 29, ""status"": ""proposed"", ""reason"": """", ""confidence"": 0.85, ""rule_id"": """"}, {""source"": """", ""replacement"": "","", ""edit_type"": ""punctuation_insert"", ""start"": 116, ""end"": 116, ""status"": ""proposed"", ""reason"": """", ""confidence"": 0.85, ""rule_id"": """"}]",safety:real_other
рецепт очень простой а самое главное что готовы они будут уже на следущий день,рецепт очень простой а самое главное что готовы они будут уже на следующий день,val,real_error_pair,spelling,"[""missing_letter_candidate""]","[{""source"": ""следущий"", ""replacement"": ""следующий"", ""edit_type"": ""spelling_replace"", ""start"": 65, ""end"": 73, ""status"": ""proposed"", ""reason"": """", ""confidence"": 0.9, ""rule_id"": ""missing_letter_candidate""}]","{""candidate_present"": true, ""generation_strategy"": ""real_pair"", ""loader_dataset"": ""RUSpellRU"", ""raw_id"": ""test.json:372"", ""rule_ids"": [""missing_letter_candidate""], ""source_dataset"": ""sage_ruspellru"", ""source_type"": ""real_error_pair"", ""split"": ""test""}",,sage_ruspellru,,False,True,0974417d582baf7b2185008c,0974417d582baf7b2185008cbac2bc45da01943efcd0e0810e987c866253b434,"[""spelling""]",sage_ruspellru,False,False,RUSpellRU,missing_letter_candidate,"[{""source"": ""следущий"", ""replacement"": ""следующий"", ""edit_type"": ""spelling_replace"", ""start"": 65, ""end"": 73, ""status"": ""proposed"", ""reason"": """", ""confidence"": 0.9, ""rule_id"": ""missing_letter_candidate""}]",safety:real_other
"Знаешь, я отчаяно боролась. Боже, я клянусь тебе, я...","Знаешь, я отчаянно боролась. Боже, я клянусь тебе, я...",train,real_error_pair,spelling,"[""double_consonant_candidate""]","[{""source"": ""отчаяно"", ""replacement"": ""отчаянно"", ""edit_type"": ""spelling_replace"", ""start"": 10, ""end"": 17, ""status"": ""proposed"", ""reason"": """", ""confidence"": 0.93, ""rule_id"": ""double_consonant_candidate""}]","{""candidate_present"": true, ""generation_strategy"": ""real_pair"", ""loader_dataset"": ""MultidomainGold"", ""raw_id"": ""test.json:1421"", ""rule_ids"": [""double_consonant_candidate""], ""source_dataset"": ""sage_multidomain_gold"", ""source_type"": ""real_error_pair"", ""split"": ""test""}",,sage_multidomain_gold,,False,True,d48eaf202bc2fe20a16c92cd,d48eaf202bc2fe20a16c92cd751103beec361f449d940d2067f1822943f86934,"[""spelling""]",sage_multidomain_gold,False,False,subtitles,double_consonant_candidate,"[{""source"": ""отчаяно"", ""replacement"": ""отчаянно"", ""edit_type"": ""spelling_replace"", ""start"": 10, ""end"": 17, ""status"": ""proposed"", ""reason"": """", ""confidence"": 0.93, ""rule_id"": ""double_consonant_candidate""}]",safety:real_other
"Нет, нет, я думаю, они насиловали твою девушку, а тебя заствляли смотреть на это,","Нет, нет, я думаю, они насиловали твою девушку, а тебя заставляли смотреть на это,",train,real_error_pair,spelling,"[""missing_letter_candidate""]","[{""source"": ""заствляли"", ""replacement"": ""заставляли"", ""edit_type"": ""spelling_replace"", ""start"": 55, ""end"": 64, ""status"": ""proposed"", ""reason"": """", ""confidence"": 0.9, ""rule_id"": ""missing_letter_candidate""}]","{""candidate_present"": true, ""generation_strategy"": ""real_pair"", ""loader_dataset"": ""MultidomainGold"", ""raw_id"": ""train.json:1025"", ""rule_ids"": [""missing_letter_candidate""], ""source_dataset"": ""sage_multidomain_gold"", ""source_type"": ""real_error_pair"", ""split"": ""train""}",,sage_multidomain_gold,,False,True,6150287e9d9fe083940f89dd,6150287e9d9fe083940f89dd3c57a77206c433e313894bd538ac237963b39b90,"[""spelling""]",sage_multidomain_gold,False,False,subtitles,missing_letter_candidate,"[{""source"": ""заствляли"", ""replacement"": ""заставляли"", ""edit_type"": ""spelling_replace"", ""start"": 55, ""end"": 64, ""status"": ""proposed"", ""reason"": """", ""confidence"": 0.9, ""rule_id"": ""missing_letter_candidate""}]",safety:real_other
"Я же сказал, Я не помню прозошедшего.",Я же сказал: я не помню произошедшего.,val,real_error_pair,spelling,"[""missing_letter_candidate""]","[{""source"": ""прозошедшего"", ""replacement"": ""произошедшего"", ""edit_type"": ""spelling_replace"", ""start"": 24, ""end"": 36, ""status"": ""proposed"", ""reason"": """", ""confidence"": 0.9, ""rule_id"": ""missing_letter_candidate""}, {""source"": "","", ""replacement"": "":"", ""edit_type"": ""punctuation_replace"", ""start"": 11, ""end"": 12, ""status"": ""proposed"", ""reason"": """", ""confidence"": 0.85, ""rule_id"": """"}]","{""candidate_present"": true, ""generation_strategy"": ""real_pair"", ""loader_dataset"": ""MultidomainGold"", ""raw_id"": ""train.json:1336"", ""rule_ids"": [""missing_letter_candidate""], ""source_dataset"": ""sage_multidomain_gold"", ""source_type"": ""real_error_pair"", ""split"": ""train""}",,sage_multidomain_gold,,False,True,fcaa7bb55a5abe872ac18787,fcaa7bb55a5abe872ac18787aad388175b736b55b85ed4794365d266d461a639,"[""punctuation"", ""spelling""]",sage_multidomain_gold,False,False,subtitles,missing_letter_candidate,"[{""source"": ""прозошедшего"", ""replacement"": ""произошедшего"", ""edit_type"": ""spelling_replace"", ""start"": 24, ""end"": 36, ""status"": ""proposed"", ""reason"": """", ""confidence"": 0.9, ""rule_id"": ""missing_letter_candidate""}, {""source"": "","", ""replacement"": "":"", ""edit_type"": ""punctuation_replace"", ""start"": 11, ""end"": 12, ""status"": ""proposed"", ""reason"": """", ""confidence"": 0.85, ""rule_id"": """"}]",safety:real_other
он должен был поговрить с тобой,Он должен был поговорить с тобой.,train,real_error_pair,final_punctuation,"[""missing_letter_candidate""]","[{""source"": """", ""replacement"": ""."", ""edit_type"": ""final_punctuation"", ""start"": 31, ""end"": 31, ""status"": ""proposed"", ""reason"": """", ""confidence"": 0.9, ""rule_id"": """"}, {""source"": ""поговрить"", ""replacement"": ""поговорить"", ""edit_type"": ""spelling_replace"", ""start"": 14, ""end"": 23, ""status"": ""proposed"", ""reason"": """", ""confidence"": 0.9, ""rule_id"": ""missing_letter_candidate""}, {""source"": ""о"", ""replacement"": ""О"", ""edit_type"": ""case_change"", ""start"": 0, ""end"": 1, ""status"": ""proposed"", ""reason"": """", ""confidence"": 0.9, ""rule_id"": """"}]","{""candidate_present"": true, ""generation_strategy"": ""real_pair"", ""loader_dataset"": ""MultidomainGold"", ""raw_id"": ""train.json:1705"", ""rule_ids"": [""missing_letter_candidate""], ""source_dataset"": ""sage_multidomain_gold"", ""source_type"": ""real_error_pair"", ""split"": ""train""}",,sage_multidomain_gold,,False,True,adf1bd8ca0601b0f6ffeb027,adf1bd8ca0601b0f6ffeb027432581ace171a20973184eac616919a2593302cc,"[""case"", ""final_punctuation"", ""spelling""]",sage_multidomain_gold,False,False,subtitles,missing_letter_candidate,"[{""source"": """", ""replacement"": ""."", ""edit_type"": ""final_punctuation"", ""start"": 31, ""end"": 31, ""status"": ""proposed"", ""reason"": """", ""confidence"": 0.9, ""rule_id"": """"}, {""source"": ""поговрить"", ""replacement"": ""поговорить"", ""edit_type"": ""spelling_replace"", ""start"": 14, ""end"": 23, ""status"": ""proposed"", ""reason"": """", ""confidence"": 0.9, ""rule_id"": ""missing_letter_candidate""}, {""source"": ""о"", ""replacement"": ""О"", ""edit_type"": ""case_change"", ""start"": 0, ""end"": 1, ""status"": ""proposed"", ""reason"": """", ""confidence"": 0.9, ""rule_id"": """"}]",safety:real_other
"Не знаю, разве у тебя нет того списка? Майами, Коста-Рика","Не знаю, разве у тебя нет того списка? Майами, Коста-Рика.",train,real_error_pair,final_punctuation,"[""unknown""]","[{""source"": """", ""replacement"": ""."", ""edit_type"": ""final_punctuation"", ""start"": 57, ""end"": 57, ""status"": ""proposed"", ""reason"": """", ""confidence"": 0.9, ""rule_id"": """"}]","{""candidate_present"": true, ""generation_strategy"": ""real_pair"", ""loader_dataset"": ""MultidomainGold"", ""raw_id"": ""train.json:257"", ""rule_ids"": [""unknown""], ""source_dataset"": ""sage_multidomain_gold"", ""source_type"": ""real_error_pair"", ""split"": ""train""}",,sage_multidomain_gold,,False,True,95ce5a55d80523e66e1534ab,95ce5a55d80523e66e1534ab67563bbd1e6800541a7a51548ee8550fc312024f,"[""final_punctuation""]",sage_multidomain_gold,False,False,subtitles,unknown,"[{""source"": """", ""replacement"": ""."", ""edit_type"": ""final_punctuation"", ""start"": 57, ""end"": 57, ""status"": ""proposed"", ""reason"": """", ""confidence"": 0.9, ""rule_id"": """"}]",safety:real_other
кажется кое-кто забывает что имеет место война на уничтожение,"Кажется, кое-кто забывает, что имеет место война на уничтожение.",train,real_error_pair,final_punctuation,"[""unknown""]","[{""source"": """", ""replacement"": ""."", ""edit_type"": ""final_punctuation"", ""start"": 61, ""end"": 61, ""status"": ""proposed"", ""reason"": """", ""confidence"": 0.9, ""rule_id"": """"}, {""source"": ""к"", ""replacement"": ""К"", ""edit_type"": ""case_change"", ""start"": 0, ""end"": 1, ""status"": ""proposed"", ""reason"": """", ""confidence"": 0.9, ""rule_id"": """"}, {""source"": """", ""replacement"": "","", ""edit_type"": ""punctuation_insert"", ""start"": 7, ""end"": 7, ""status"": ""proposed"", ""reason"": """", ""confidence"": 0.85, ""rule_id"": """"}, {""source"": """", ""replacement"": "","", ""edit_type"": ""punctuation_insert"", ""start"": 24, ""end"": 24, ""status"": ""proposed"", ""reason"": """", ""confidence"": 0.85, ""rule_id"": """"}]","{""candidate_present"": true, ""generation_strategy"": ""real_pair"", ""loader_dataset"": ""RUSpellRU"", ""raw_id"": ""test.json:694"", ""rule_ids"": [""unknown""], ""source_dataset"": ""sage_ruspellru"", ""source_type"": ""real_error_pair"", ""split"": ""test""}",,sage_ruspellru,,False,True,f90d55165a37df5824d3e6dc,f90d55165a37df5824d3e6dc67d170a993f6430464c666124e73f01d690ca426,"[""case"", ""final_punctuation"", ""punctuation""]",sage_ruspellru,False,False,RUSpellRU,unknown,"[{""source"": """", ""replacement"": ""."", ""edit_type"": ""final_punctuation"", ""start"": 61, ""end"": 61, ""status"": ""proposed"", ""reason"": """", ""confidence"": 0.9, ""rule_id"": """"}, {""source"": ""к"", ""replacement"": ""К"", ""edit_type"": ""case_change"", ""start"": 0, ""end"": 1, ""status"": ""proposed"", ""reason"": """", ""confidence"": 0.9, ""rule_id"": """"}, {""source"": """", ""replacement"": "","", ""edit_type"": ""punctuation_insert"", ""start"": 7, ""end"": 7, ""status"": ""proposed"", ""reason"": """", ""confidence"": 0.85, ""rule_id"": """"}, {""source"": """", ""replacement"": "","", ""edit_type"": ""punctuation_insert"", ""start"": 24, ""end"": 24, ""status"": ""proposed"", ""reason"": """", ""confidence"": 0.85, ""rule_id"": """"}]",safety:real_other
"Священослужители ходят в белой или голубой рясах, без всяких золотых ОГРОМЕННЫХ золотых крестов.",Священнослужители ходят в белой или голубой рясах без всяких золотых ОГРОМЕННЫХ золотых крестов,train,real_error_pair,spelling,"[""double_consonant_candidate""]","[{""source"": ""Священослужители"", ""replacement"": ""Священнослужители"", ""edit_type"": ""spelling_replace"", ""start"": 0, ""end"": 16, ""status"": ""proposed"", ""reason"": """", ""confidence"": 0.93, ""rule_id"": ""double_consonant_candidate""}, {""source"": "","", ""replacement"": """", ""edit_type"": ""punctuation_delete"", ""start"": 48, ""end"": 49, ""status"": ""proposed"", ""reason"": """", ""confidence"": 0.85, ""rule_id"": """"}, {""source"": ""."", ""replacement"": """", ""edit_type"": ""punctuation_delete"", ""start"": 95, ""end"": 96, ""status"": ""proposed"", ""reason"": """", ""confidence"": 0.85, ""rule_id"": """"}]","{""candidate_present"": true, ""generation_strategy"": ""real_pair"", ""loader_dataset"": ""RUSpellRU"", ""raw_id"": ""train.json:161"", ""rule_ids"": [""double_consonant_candidate""], ""source_dataset"": ""sage_ruspellru"", ""source_type"": ""real_error_pair"", ""split"": ""train""}",,sage_ruspellru,,False,True,86ddb80a8425ded18d6aabc3,86ddb80a8425ded18d6aabc3921f0649c4e6f6290bee76bc33c44e1c8fbbe4af,"[""punctuation"", ""spelling""]",sage_ruspellru,False,False,RUSpellRU,double_consonant_candidate,"[{""source"": ""Священослужители"", ""replacement"": ""Священнослужители"", ""edit_type"": ""spelling_replace"", ""start"": 0, ""end"": 16, ""status"": ""proposed"", ""reason"": """", ""confidence"": 0.93, ""rule_id"": ""double_consonant_candidate""}, {""source"": "","", ""replacement"": """", ""edit_type"": ""punctuation_delete"", ""start"": 48, ""end"": 49, ""status"": ""proposed"", ""reason"": """", ""confidence"": 0.85, ""rule_id"": """"}, {""source"": ""."", ""replacement"": """", ""edit_type"": ""punctuation_delete"", ""start"": 95, ""end"": 96, ""status"": ""proposed"", ""reason"": """", ""confidence"": 0.85, ""rule_id"": """"}]",safety:real_other
Здорово. Потому что следущее испытание просто супер,Здорово. Потому что следующее испытание просто супер,val,real_error_pair,spelling,"[""missing_letter_candidate""]","[{""source"": ""следущее"", ""replacement"": ""следующее"", ""edit_type"": ""spelling_replace"", ""start"": 20, ""end"": 28, ""status"": ""proposed"", ""reason"": """", ""confidence"": 0.9, ""rule_id"": ""missing_letter_candidate""}]","{""candidate_present"": true, ""generation_strategy"": ""real_pair"", ""loader_dataset"": ""MultidomainGold"", ""raw_id"": ""test.json:741"", ""rule_ids"": [""missing_letter_candidate""], ""source_dataset"": ""sage_multidomain_gold"", ""source_type"": ""real_error_pair"", ""split"": ""test""}",,sage_multidomain_gold,,False,True,976333eaf7536d203dc6fbd7,976333eaf7536d203dc6fbd752ce2b669d51840ac18e0170313610fe7bb6c5af,"[""spelling""]",sage_multidomain_gold,False,False,subtitles,missing_letter_candidate,"[{""source"": ""следущее"", ""replacement"": ""следующее"", ""edit_type"": ""spelling_replace"", ""start"": 20, ""end"": 28, ""status"": ""proposed"", ""reason"": """", ""confidence"": 0.9, ""rule_id"": ""missing_letter_candidate""}]",safety:real_other
надо дать запрос в карты гугла.,Надо дать запрос в карты гугла.,train,real_error_pair,case,"[""unknown""]","[{""source"": ""н"", ""replacement"": ""Н"", ""edit_type"": ""case_change"", ""start"": 0, ""end"": 1, ""status"": ""proposed"", ""reason"": """", ""confidence"": 0.9, ""rule_id"": """"}]","{""candidate_present"": true, ""generation_strategy"": ""real_pair"", ""loader_dataset"": ""MultidomainGold"", ""raw_id"": ""test.json:289"", ""rule_ids"": [""unknown""], ""source_dataset"": ""sage_multidomain_gold"", ""source_type"": ""real_error_pair"", ""split"": ""test""}",,sage_multidomain_gold,,False,True,87cb9775678edb38a21c39ad,87cb9775678edb38a21c39adc73850185467fd40be8e97d0e36b15c7244620cd,"[""case""]",sage_multidomain_gold,False,False,subtitles,unknown,"[{""source"": ""н"", ""replacement"": ""Н"", ""edit_type"": ""case_change"", ""start"": 0, ""end"": 1, ""status"": ""proposed"", ""reason"": """", ""confidence"": 0.9, ""rule_id"": """"}]",safety:real_other
немного грущу что мне не надо идти в универ и я не смогу пощеголять в своих новых бомбически красивых брюках перед всеми,"Немного грущу, что мне не надо идти в универ и я не смогу пощеголять в своих новых бомбически красивых брюках перед всеми.",train,real_error_pair,final_punctuation,"[""unknown""]","[{""source"": """", ""replacement"": ""."", ""edit_type"": ""final_punctuation"", ""start"": 120, ""end"": 120, ""status"": ""proposed"", ""reason"": """", ""confidence"": 0.9, ""rule_id"": """"}, {""source"": ""н"", ""replacement"": ""Н"", ""edit_type"": ""case_change"", ""start"": 0, ""end"": 1, ""status"": ""proposed"", ""reason"": """", ""confidence"": 0.9, ""rule_id"": """"}, {""source"": """", ""replacement"": "","", ""edit_type"": ""punctuation_insert"", ""start"": 13, ""end"": 13, ""status"": ""proposed"", ""reason"": """", ""confidence"": 0.85, ""rule_id"": """"}]","{""candidate_present"": true, ""generation_strategy"": ""real_pair"", ""loader_dataset"": ""MultidomainGold"", ""raw_id"": ""train.json:71"", ""rule_ids"": [""unknown""], ""source_dataset"": ""sage_multidomain_gold"", ""source_type"": ""real_error_pair"", ""split"": ""train""}",,sage_multidomain_gold,,False,True,ce41539d3877be7197518194,ce41539d3877be7197518194d02cf61fc6e95520016afc58ed029612acf00b79,"[""case"", ""final_punctuation"", ""punctuation""]",sage_multidomain_gold,False,False,social_media,unknown,"[{""source"": """", ""replacement"": ""."", ""edit_type"": ""final_punctuation"", ""start"": 120, ""end"": 120, ""status"": ""proposed"", ""reason"": """", ""confidence"": 0.9, ""rule_id"": """"}, {""source"": ""н"", ""replacement"": ""Н"", ""edit_type"": ""case_change"", ""start"": 0, ""end"": 1, ""status"": ""proposed"", ""reason"": """", ""confidence"": 0.9, ""rule_id"": """"}, {""source"": """", ""replacement"": "","", ""edit_type"": ""punctuation_insert"", ""start"": 13, ""end"": 13, ""status"": ""proposed"", ""reason"": """", ""confidence"": 0.85, ""rule_id"": """"}]",safety:real_other
биржа фрилансеров elance провела исследование зарплат среди представителей различных стран мира,Биржа фрилансеров Elance провела исследование зарплат среди представителей различных стран мира.,train,real_error_pair,final_punctuation,"[""unknown""]","[{""source"": """", ""replacement"": ""."", ""edit_type"": ""final_punctuation"", ""start"": 95, ""end"": 95, ""status"": ""proposed"", ""reason"": """", ""confidence"": 0.9, ""rule_id"": """"}, {""source"": ""б"", ""replacement"": ""Б"", ""edit_type"": ""case_change"", ""start"": 0, ""end"": 1, ""status"": ""proposed"", ""reason"": """", ""confidence"": 0.9, ""rule_id"": """"}]","{""candidate_present"": true, ""generation_strategy"": ""real_pair"", ""loader_dataset"": ""RUSpellRU"", ""raw_id"": ""test.json:1761"", ""rule_ids"": [""unknown""], ""source_dataset"": ""sage_ruspellru"", ""source_type"": ""real_error_pair"", ""split"": ""test""}",,sage_ruspellru,,False,True,1aac08f1c640da4bc5837074,1aac08f1c640da4bc5837074371dc5e2f75c019dbce2d5ee5982addce74a7cd7,"[""case"", ""final_punctuation""]",sage_ruspellru,False,False,RUSpellRU,unknown,"[{""source"": """", ""replacement"": ""."", ""edit_type"": ""final_punctuation"", ""start"": 95, ""end"": 95, ""status"": ""proposed"", ""reason"": """", ""confidence"": 0.9, ""rule_id"": """"}, {""source"": ""б"", ""replacement"": ""Б"", ""edit_type"": ""case_change"", ""start"": 0, ""end"": 1, ""status"": ""proposed"", ""reason"": """", ""confidence"": 0.9, ""rule_id"": """"}]",safety:real_other
"Посмотри диагрмаму ""Б"" на странице 32.","Посмотри диаграмму ""Б"" на странице 32.",train,real_error_pair,spelling,"[""swapped_letters_candidate""]","[{""source"": ""диагрмаму"", ""replacement"": ""диаграмму"", ""edit_type"": ""spelling_replace"", ""start"": 9, ""end"": 18, ""status"": ""proposed"", ""reason"": """", ""confidence"": 0.91, ""rule_id"": ""swapped_letters_candidate""}]","{""candidate_present"": true, ""generation_strategy"": ""real_pair"", ""loader_dataset"": ""MultidomainGold"", ""raw_id"": ""train.json:1275"", ""rule_ids"": [""swapped_letters_candidate""], ""source_dataset"": ""sage_multidomain_gold"", ""source_type"": ""real_error_pair"", ""split"": ""train""}",,sage_multidomain_gold,,False,True,03191646e1629417211680f2,03191646e1629417211680f207581c2145765d47de3a60047795289993905bc4,"[""spelling""]",sage_multidomain_gold,False,False,subtitles,swapped_letters_candidate,"[{""source"": ""диагрмаму"", ""replacement"": ""диаграмму"", ""edit_type"": ""spelling_replace"", ""start"": 9, ""end"": 18, ""status"": ""proposed"", ""reason"": """", ""confidence"": 0.91, ""rule_id"": ""swapped_letters_candidate""}]",safety:real_other
"Сахарный диабет, тип 2 (на инсулинотреапии","Сахарный диабет, тип 2 (на инсулинотерапии).",train,real_error_pair,final_punctuation,"[""swapped_letters_candidate""]","[{""source"": """", ""replacement"": ""."", ""edit_type"": ""final_punctuation"", ""start"": 42, ""end"": 42, ""status"": ""proposed"", ""reason"": """", ""confidence"": 0.9, ""rule_id"": """"}, {""source"": ""инсулинотреапии"", ""replacement"": ""инсулинотерапии"", ""edit_type"": ""spelling_replace"", ""start"": 27, ""end"": 42, ""status"": ""proposed"", ""reason"": """", ""confidence"": 0.91, ""rule_id"": ""swapped_letters_candidate""}, {""source"": """", ""replacement"": "")"", ""edit_type"": ""punctuation_insert"", ""start"": 42, ""end"": 42, ""status"": ""proposed"", ""reason"": """", ""confidence"": 0.85, ""rule_id"": """"}]","{""candidate_present"": true, ""generation_strategy"": ""real_pair"", ""loader_dataset"": ""MedSpellChecker"", ""raw_id"": ""test.json:108"", ""rule_ids"": [""swapped_letters_candidate""], ""source_dataset"": ""sage_medspellchecker"", ""source_type"": ""real_error_pair"", ""split"": ""test""}",,sage_medspellchecker,,False,True,980baca2597bf2c9f2413021,980baca2597bf2c9f241302115580e7156595edbd53e29e76ff811fcf26530d6,"[""final_punctuation"", ""punctuation"", ""spelling""]",sage_medspellchecker,False,False,MedSpellChecker,swapped_letters_candidate,"[{""source"": """", ""replacement"": ""."", ""edit_type"": ""final_punctuation"", ""start"": 42, ""end"": 42, ""status"": ""proposed"", ""reason"": """", ""confidence"": 0.9, ""rule_id"": """"}, {""source"": ""инсулинотреапии"", ""replacement"": ""инсулинотерапии"", ""edit_type"": ""spelling_replace"", ""start"": 27, ""end"": 42, ""status"": ""proposed"", ""reason"": """", ""confidence"": 0.91, ""rule_id"": ""swapped_letters_candidate""}, {""source"": """", ""replacement"": "")"", ""edit_type"": ""punctuation_insert"", ""start"": 42, ""end"": 42, ""status"": ""proposed"", ""reason"": """", ""confidence"": 0.85, ""rule_id"": """"}]",safety:real_other
"Кто разгадат больше, тот и получит все земли Германии в свои владения!","Кто разгадает больше, тот и получит все земли Германии в свои владения!",train,real_error_pair,spelling,"[""missing_letter_candidate""]","[{""source"": ""разгадат"", ""replacement"": ""разгадает"", ""edit_type"": ""spelling_replace"", ""start"": 4, ""end"": 12, ""status"": ""proposed"", ""reason"": """", ""confidence"": 0.9, ""rule_id"": ""missing_letter_candidate""}]","{""candidate_present"": true, ""generation_strategy"": ""real_pair"", ""loader_dataset"": ""MultidomainGold"", ""raw_id"": ""train.json:53"", ""rule_ids"": [""missing_letter_candidate""], ""source_dataset"": ""sage_multidomain_gold"", ""source_type"": ""real_error_pair"", ""split"": ""train""}",,sage_multidomain_gold,,False,True,deb367524e09394fd4c70762,deb367524e09394fd4c70762e70196299d8b71e6590fdc0d95f47c0ef94fe261,"[""spelling""]",sage_multidomain_gold,False,False,web,missing_letter_candidate,"[{""source"": ""разгадат"", ""replacement"": ""разгадает"", ""edit_type"": ""spelling_replace"", ""start"": 4, ""end"": 12, ""status"": ""proposed"", ""reason"": """", ""confidence"": 0.9, ""rule_id"": ""missing_letter_candidate""}]",safety:real_other
и три покушения на сантаубийство.,И три покушения на сантаубийство.,train,real_error_pair,case,"[""unknown""]","[{""source"": ""и"", ""replacement"": ""И"", ""edit_type"": ""case_change"", ""start"": 0, ""end"": 1, ""status"": ""proposed"", ""reason"": """", ""confidence"": 0.9, ""rule_id"": """"}]","{""candidate_present"": true, ""generation_strategy"": ""real_pair"", ""loader_dataset"": ""MultidomainGold"", ""raw_id"": ""test.json:452"", ""rule_ids"": [""unknown""], ""source_dataset"": ""sage_multidomain_gold"", ""source_type"": ""real_error_pair"", ""split"": ""test""}",,sage_multidomain_gold,,False,True,3b9c38b7efcb490a093be731,3b9c38b7efcb490a093be7316d0eaa6238781900ce30131c7a6a0c4bb4dc8661,"[""case""]",sage_multidomain_gold,False,False,subtitles,unknown,"[{""source"": ""и"", ""replacement"": ""И"", ""edit_type"": ""case_change"", ""start"": 0, ""end"": 1, ""status"": ""proposed"", ""reason"": """", ""confidence"": 0.9, ""rule_id"": """"}]",safety:real_other
"Кто ты такой, чтобы истории по кусочкам расказывать? Джонни Сегмент?","Кто ты такой, чтобы истории по кусочкам рассказывать? Джонни Сегмент?",train,real_error_pair,spelling,"[""double_consonant_candidate""]","[{""source"": ""расказывать"", ""replacement"": ""рассказывать"", ""edit_type"": ""spelling_replace"", ""start"": 40, ""end"": 51, ""status"": ""proposed"", ""reason"": """", ""confidence"": 0.93, ""rule_id"": ""double_consonant_candidate""}]","{""candidate_present"": true, ""generation_strategy"": ""real_pair"", ""loader_dataset"": ""MultidomainGold"", ""raw_id"": ""test.json:968"", ""rule_ids"": [""double_consonant_candidate""], ""source_dataset"": ""sage_multidomain_gold"", ""source_type"": ""real_error_pair"", ""split"": ""test""}",,sage_multidomain_gold,,False,True,4f0897062e25f2bf53b09954,4f0897062e25f2bf53b099540597be4fe51fbe0ef971b36ac349ee0432559d88,"[""spelling""]",sage_multidomain_gold,False,False,subtitles,double_consonant_candidate,"[{""source"": ""расказывать"", ""replacement"": ""рассказывать"", ""edit_type"": ""spelling_replace"", ""start"": 40, ""end"": 51, ""status"": ""proposed"", ""reason"": """", ""confidence"": 0.93, ""rule_id"": ""double_consonant_candidate""}]",safety:real_other
"через это окно, как нидзя,","Через это окно, как ниндзя,",train,real_error_pair,spelling,"[""missing_letter_candidate""]","[{""source"": ""нидзя"", ""replacement"": ""ниндзя"", ""edit_type"": ""spelling_replace"", ""start"": 20, ""end"": 25, ""status"": ""proposed"", ""reason"": """", ""confidence"": 0.9, ""rule_id"": ""missing_letter_candidate""}, {""source"": ""ч"", ""replacement"": ""Ч"", ""edit_type"": ""case_change"", ""start"": 0, ""end"": 1, ""status"": ""proposed"", ""reason"": """", ""confidence"": 0.9, ""rule_id"": """"}]","{""candidate_present"": true, ""generation_strategy"": ""real_pair"", ""loader_dataset"": ""MultidomainGold"", ""raw_id"": ""test.json:1377"", ""rule_ids"": [""missing_letter_candidate""], ""source_dataset"": ""sage_multidomain_gold"", ""source_type"": ""real_error_pair"", ""split"": ""test""}",,sage_multidomain_gold,,False,True,7866770dd053ad2a97db3df3,7866770dd053ad2a97db3df3e527bec2706739282ac072bf29a0a9e98ad03529,"[""case"", ""spelling""]",sage_multidomain_gold,False,False,subtitles,missing_letter_candidate,"[{""source"": ""нидзя"", ""replacement"": ""ниндзя"", ""edit_type"": ""spelling_replace"", ""start"": 20, ""end"": 25, ""status"": ""proposed"", ""reason"": """", ""confidence"": 0.9, ""rule_id"": ""missing_letter_candidate""}, {""source"": ""ч"", ""replacement"": ""Ч"", ""edit_type"": ""case_change"", ""start"": 0, ""end"": 1, ""status"": ""proposed"", ""reason"": """", ""confidence"": 0.9, ""rule_id"": """"}]",safety:real_other
так за прошедшие две с небольшим недели дождей в столице набралось едва на 12 мм,Так за прошедшие две с небольшим недели дождей в столице набралось едва на 12 мм.,train,real_error_pair,final_punctuation,"[""unknown""]","[{""source"": """", ""replacement"": ""."", ""edit_type"": ""final_punctuation"", ""start"": 80, ""end"": 80, ""status"": ""proposed"", ""reason"": """", ""confidence"": 0.9, ""rule_id"": """"}, {""source"": ""т"", ""replacement"": ""Т"", ""edit_type"": ""case_change"", ""start"": 0, ""end"": 1, ""status"": ""proposed"", ""reason"": """", ""confidence"": 0.9, ""rule_id"": """"}]","{""candidate_present"": true, ""generation_strategy"": ""real_pair"", ""loader_dataset"": ""RUSpellRU"", ""raw_id"": ""test.json:549"", ""rule_ids"": [""unknown""], ""source_dataset"": ""sage_ruspellru"", ""source_type"": ""real_error_pair"", ""split"": ""test""}",,sage_ruspellru,,False,True,25ebe5e20a1064b1ebf9eb67,25ebe5e20a1064b1ebf9eb67c4b6dc301090dd15a619481c54a662b894c807c1,"[""case"", ""final_punctuation""]",sage_ruspellru,False,False,RUSpellRU,unknown,"[{""source"": """", ""replacement"": ""."", ""edit_type"": ""final_punctuation"", ""start"": 80, ""end"": 80, ""status"": ""proposed"", ""reason"": """", ""confidence"": 0.9, ""rule_id"": """"}, {""source"": ""т"", ""replacement"": ""Т"", ""edit_type"": ""case_change"", ""start"": 0, ""end"": 1, ""status"": ""proposed"", ""reason"": """", ""confidence"": 0.9, ""rule_id"": """"}]",safety:real_other
в фильме отсутствует словесный понос,В фильме отсутствует словесный понос.,train,real_error_pair,final_punctuation,"[""unknown""]","[{""source"": """", ""replacement"": ""."", ""edit_type"": ""final_punctuation"", ""start"": 36, ""end"": 36, ""status"": ""proposed"", ""reason"": """", ""confidence"": 0.9, ""rule_id"": """"}, {""source"": ""в"", ""replacement"": ""В"", ""edit_type"": ""case_change"", ""start"": 0, ""end"": 1, ""status"": ""proposed"", ""reason"": """", ""confidence"": 0.9, ""rule_id"": """"}]","{""candidate_present"": true, ""generation_strategy"": ""real_pair"", ""loader_dataset"": ""RUSpellRU"", ""raw_id"": ""test.json:1676"", ""rule_ids"": [""unknown""], ""source_dataset"": ""sage_ruspellru"", ""source_type"": ""real_error_pair"", ""split"": ""test""}",,sage_ruspellru,,False,True,42fcdf634ca66962d5e95279,42fcdf634ca66962d5e95279ff2f672850a43d6f48e9793120cd3953473930fc,"[""case"", ""final_punctuation""]",sage_ruspellru,False,False,RUSpellRU,unknown,"[{""source"": """", ""replacement"": ""."", ""edit_type"": ""final_punctuation"", ""start"": 36, ""end"": 36, ""status"": ""proposed"", ""reason"": """", ""confidence"": 0.9, ""rule_id"": """"}, {""source"": ""в"", ""replacement"": ""В"", ""edit_type"": ""case_change"", ""start"": 0, ""end"": 1, ""status"": ""proposed"", ""reason"": """", ""confidence"": 0.9, ""rule_id"": """"}]",safety:real_other
на фестивалях futureshorts можно увидеть безумные эксперименты гаражных гениев и анимационные упражнения талантливых студентов,На фестивалях Futureshorts можно увидеть безумные эксперименты гаражных гениев и анимационные упражнения талантливых студентов.,train,real_error_pair,final_punctuation,"[""unknown""]","[{""source"": """", ""replacement"": ""."", ""edit_type"": ""final_punctuation"", ""start"": 126, ""end"": 126, ""status"": ""proposed"", ""reason"": """", ""confidence"": 0.9, ""rule_id"": """"}, {""source"": ""н"", ""replacement"": ""Н"", ""edit_type"": ""case_change"", ""start"": 0, ""end"": 1, ""status"": ""proposed"", ""reason"": """", ""confidence"": 0.9, ""rule_id"": """"}]","{""candidate_present"": true, ""generation_strategy"": ""real_pair"", ""loader_dataset"": ""RUSpellRU"", ""raw_id"": ""test.json:1604"", ""rule_ids"": [""unknown""], ""source_dataset"": ""sage_ruspellru"", ""source_type"": ""real_error_pair"", ""split"": ""test""}",,sage_ruspellru,,False,True,635b141e242087f2829f76b3,635b141e242087f2829f76b3535cb5a95ec73d753dc80fec8d4b1e44368667fd,"[""case"", ""final_punctuation""]",sage_ruspellru,False,False,RUSpellRU,unknown,"[{""source"": """", ""replacement"": ""."", ""edit_type"": ""final_punctuation"", ""start"": 126, ""end"": 126, ""status"": ""proposed"", ""reason"": """", ""confidence"": 0.9, ""rule_id"": """"}, {""source"": ""н"", ""replacement"": ""Н"", ""edit_type"": ""case_change"", ""start"": 0, ""end"": 1, ""status"": ""proposed"", ""reason"": """", ""confidence"": 0.9, ""rule_id"": """"}]",safety:real_other
"Лесли держали в доме вместе с восьмилетним мальчиком по имени Донни, который считал, что попал сюда из-за психически неуравновешанной матери — она продала его Алексу.","Лесли держали в доме вместе с восьмилетним мальчиком по имени Донни, который считал, что попал сюда из-за психически неуравновешенной матери — она продала его Алексу.",train,real_error_pair,spelling,"[""keyboard_typo_candidate""]","[{""source"": ""неуравновешанной"", ""replacement"": ""неуравновешенной"", ""edit_type"": ""spelling_replace"", ""start"": 117, ""end"": 133, ""status"": ""proposed"", ""reason"": """", ""confidence"": 0.9, ""rule_id"": ""keyboard_typo_candidate""}]","{""candidate_present"": true, ""generation_strategy"": ""real_pair"", ""loader_dataset"": ""MultidomainGold"", ""raw_id"": ""test.json:689"", ""rule_ids"": [""keyboard_typo_candidate""], ""source_dataset"": ""sage_multidomain_gold"", ""source_type"": ""real_error_pair"", ""split"": ""test""}",,sage_multidomain_gold,,False,True,310d323e128ab83cd6940b5b,310d323e128ab83cd6940b5b4c0f31984357780ec43c9eaeefe5d644667ab85a,"[""spelling""]",sage_multidomain_gold,False,False,web,keyboard_typo_candidate,"[{""source"": ""неуравновешанной"", ""replacement"": ""неуравновешенной"", ""edit_type"": ""spelling_replace"", ""start"": 117, ""end"": 133, ""status"": ""proposed"", ""reason"": """", ""confidence"": 0.9, ""rule_id"": ""keyboard_typo_candidate""}]",safety:real_other
наткнуться на человеческую голову в хаусболе...,Наткнуться на человеческую голову в хаусболе...,train,real_error_pair,case,"[""unknown""]","[{""source"": ""н"", ""replacement"": ""Н"", ""edit_type"": ""case_change"", ""start"": 0, ""end"": 1, ""status"": ""proposed"", ""reason"": """", ""confidence"": 0.9, ""rule_id"": """"}]","{""candidate_present"": true, ""generation_strategy"": ""real_pair"", ""loader_dataset"": ""MultidomainGold"", ""raw_id"": ""test.json:281"", ""rule_ids"": [""unknown""], ""source_dataset"": ""sage_multidomain_gold"", ""source_type"": ""real_error_pair"", ""split"": ""test""}",,sage_multidomain_gold,,False,True,2444074d36ba3bd81604fe5d,2444074d36ba3bd81604fe5d22484d9371a5d2f680436620625d7d9095afd637,"[""case""]",sage_multidomain_gold,False,False,subtitles,unknown,"[{""source"": ""н"", ""replacement"": ""Н"", ""edit_type"": ""case_change"", ""start"": 0, ""end"": 1, ""status"": ""proposed"", ""reason"": """", ""confidence"": 0.9, ""rule_id"": """"}]",safety:real_other
"msgstr ""Ошибка во время потметки заметки как прочитанной: %s""","msgstr ""Ошибка во время пометки заметки как прочитанной: %s"".",train,real_error_pair,final_punctuation,"[""extra_letter_candidate""]","[{""source"": """", ""replacement"": ""."", ""edit_type"": ""final_punctuation"", ""start"": 61, ""end"": 61, ""status"": ""proposed"", ""reason"": """", ""confidence"": 0.9, ""rule_id"": """"}, {""source"": ""потметки"", ""replacement"": ""пометки"", ""edit_type"": ""spelling_replace"", ""start"": 24, ""end"": 32, ""status"": ""proposed"", ""reason"": """", ""confidence"": 0.9, ""rule_id"": ""extra_letter_candidate""}]","{""candidate_present"": true, ""generation_strategy"": ""real_pair"", ""loader_dataset"": ""GitHubTypoCorpusRu"", ""raw_id"": ""test.json:71"", ""rule_ids"": [""extra_letter_candidate""], ""source_dataset"": ""sage_github_typo_ru"", ""source_type"": ""real_error_pair"", ""split"": ""test""}",,sage_github_typo_ru,,False,True,06c4a13bca295ee41f60030d,06c4a13bca295ee41f60030d2c8e5f505785358bde55a3dd773c63f7ee6d2e82,"[""final_punctuation"", ""spelling""]",sage_github_typo_ru,False,False,GitHubTypoCorpusRu,extra_letter_candidate,"[{""source"": """", ""replacement"": ""."", ""edit_type"": ""final_punctuation"", ""start"": 61, ""end"": 61, ""status"": ""proposed"", ""reason"": """", ""confidence"": 0.9, ""rule_id"": """"}, {""source"": ""потметки"", ""replacement"": ""пометки"", ""edit_type"": ""spelling_replace"", ""start"": 24, ""end"": 32, ""status"": ""proposed"", ""reason"": """", ""confidence"": 0.9, ""rule_id"": ""extra_letter_candidate""}]",safety:real_other
"перелом костей левой голени, остеосинтез","Перелом костей левой голени, остеосинтез.",train,real_error_pair,final_punctuation,"[""unknown""]","[{""source"": """", ""replacement"": ""."", ""edit_type"": ""final_punctuation"", ""start"": 40, ""end"": 40, ""status"": ""proposed"", ""reason"": """", ""confidence"": 0.9, ""rule_id"": """"}, {""source"": ""п"", ""replacement"": ""П"", ""edit_type"": ""case_change"", ""start"": 0, ""end"": 1, ""status"": ""proposed"", ""reason"": """", ""confidence"": 0.9, ""rule_id"": """"}]","{""candidate_present"": true, ""generation_strategy"": ""real_pair"", ""loader_dataset"": ""MedSpellChecker"", ""raw_id"": ""test.json:801"", ""rule_ids"": [""unknown""], ""source_dataset"": ""sage_medspellchecker"", ""source_type"": ""real_error_pair"", ""split"": ""test""}",,sage_medspellchecker,,False,True,1e6fac407f03af36234396b3,1e6fac407f03af36234396b3c472ff3fe0bb55b78a43e3e94ad341f2464baa34,"[""case"", ""final_punctuation""]",sage_medspellchecker,False,False,MedSpellChecker,unknown,"[{""source"": """", ""replacement"": ""."", ""edit_type"": ""final_punctuation"", ""start"": 40, ""end"": 40, ""status"": ""proposed"", ""reason"": """", ""confidence"": 0.9, ""rule_id"": """"}, {""source"": ""п"", ""replacement"": ""П"", ""edit_type"": ""case_change"", ""start"": 0, ""end"": 1, ""status"": ""proposed"", ""reason"": """", ""confidence"": 0.9, ""rule_id"": """"}]",safety:real_other
наконец она повернула голову к любимому и улыбнулась вновь,Наконец она повернула голову к любимому и улыбнулась вновь.,train,real_error_pair,final_punctuation,"[""unknown""]","[{""source"": """", ""replacement"": ""."", ""edit_type"": ""final_punctuation"", ""start"": 58, ""end"": 58, ""status"": ""proposed"", ""reason"": """", ""confidence"": 0.9, ""rule_id"": """"}, {""source"": ""н"", ""replacement"": ""Н"", ""edit_type"": ""case_change"", ""start"": 0, ""end"": 1, ""status"": ""proposed"", ""reason"": """", ""confidence"": 0.9, ""rule_id"": """"}]","{""candidate_present"": true, ""generation_strategy"": ""real_pair"", ""loader_dataset"": ""RUSpellRU"", ""raw_id"": ""test.json:1298"", ""rule_ids"": [""unknown""], ""source_dataset"": ""sage_ruspellru"", ""source_type"": ""real_error_pair"", ""split"": ""test""}",,sage_ruspellru,,False,True,db66bb7f51f63b126699a3e8,db66bb7f51f63b126699a3e81b2f7c63ebf43bcd8c921fc662fc1d09353ba6ac,"[""case"", ""final_punctuation""]",sage_ruspellru,False,False,RUSpellRU,unknown,"[{""source"": """", ""replacement"": ""."", ""edit_type"": ""final_punctuation"", ""start"": 58, ""end"": 58, ""status"": ""proposed"", ""reason"": """", ""confidence"": 0.9, ""rule_id"": """"}, {""source"": ""н"", ""replacement"": ""Н"", ""edit_type"": ""case_change"", ""start"": 0, ""end"": 1, ""status"": ""proposed"", ""reason"": """", ""confidence"": 0.9, ""rule_id"": """"}]",safety:real_other
"другу другу глаза выцарапывать, только чтобы заполучить это дело.","Другу другу глаза выцарапывать, только чтобы заполучить это дело.",train,real_error_pair,case,"[""unknown""]","[{""source"": ""д"", ""replacement"": ""Д"", ""edit_type"": ""case_change"", ""start"": 0, ""end"": 1, ""status"": ""proposed"", ""reason"": """", ""confidence"": 0.9, ""rule_id"": """"}]","{""candidate_present"": true, ""generation_strategy"": ""real_pair"", ""loader_dataset"": ""MultidomainGold"", ""raw_id"": ""test.json:663"", ""rule_ids"": [""unknown""], ""source_dataset"": ""sage_multidomain_gold"", ""source_type"": ""real_error_pair"", ""split"": ""test""}",,sage_multidomain_gold,,False,True,a8553939d9639064c22465b6,a8553939d9639064c22465b6a95ea53520e045308ecb132fa0bdf64c09e56440,"[""case""]",sage_multidomain_gold,False,False,subtitles,unknown,"[{""source"": ""д"", ""replacement"": ""Д"", ""edit_type"": ""case_change"", ""start"": 0, ""end"": 1, ""status"": ""proposed"", ""reason"": """", ""confidence"": 0.9, ""rule_id"": """"}]",safety:real_other
"Ожирение I степени.. Варикозная болезнь, варикозное расширение вен нижних конечностей","Ожирение I степени. Варикозная болезнь, варикозное расширение вен нижних конечностей.",train,real_error_pair,final_punctuation,"[""unknown""]","[{""source"": """", ""replacement"": ""."", ""edit_type"": ""final_punctuation"", ""start"": 85, ""end"": 85, ""status"": ""proposed"", ""reason"": """", ""confidence"": 0.9, ""rule_id"": """"}, {""source"": ""."", ""replacement"": """", ""edit_type"": ""punctuation_delete"", ""start"": 18, ""end"": 19, ""status"": ""proposed"", ""reason"": """", ""confidence"": 0.85, ""rule_id"": """"}]","{""candidate_present"": true, ""generation_strategy"": ""real_pair"", ""loader_dataset"": ""MedSpellChecker"", ""raw_id"": ""test.json:583"", ""rule_ids"": [""unknown""], ""source_dataset"": ""sage_medspellchecker"", ""source_type"": ""real_error_pair"", ""split"": ""test""}",,sage_medspellchecker,,False,True,e35eedf196ba91ebfaf4e405,e35eedf196ba91ebfaf4e4051b1d56b1ace8705bedc04ac2e5b48d1a9ceee149,"[""final_punctuation"", ""punctuation""]",sage_medspellchecker,False,False,MedSpellChecker,unknown,"[{""source"": """", ""replacement"": ""."", ""edit_type"": ""final_punctuation"", ""start"": 85, ""end"": 85, ""status"": ""proposed"", ""reason"": """", ""confidence"": 0.9, ""rule_id"": """"}, {""source"": ""."", ""replacement"": """", ""edit_type"": ""punctuation_delete"", ""start"": 18, ""end"": 19, ""status"": ""proposed"", ""reason"": """", ""confidence"": 0.85, ""rule_id"": """"}]",safety:real_other
Некотроые я уже описал в одном из предыдущих постов.,Некоторые я уже описал в одном из предыдущих постов.,train,real_error_pair,spelling,"[""swapped_letters_candidate""]","[{""source"": ""Некотроые"", ""replacement"": ""Некоторые"", ""edit_type"": ""spelling_replace"", ""start"": 0, ""end"": 9, ""status"": ""proposed"", ""reason"": """", ""confidence"": 0.91, ""rule_id"": ""swapped_letters_candidate""}]","{""candidate_present"": true, ""generation_strategy"": ""real_pair"", ""loader_dataset"": ""MultidomainGold"", ""raw_id"": ""train.json:151"", ""rule_ids"": [""swapped_letters_candidate""], ""source_dataset"": ""sage_multidomain_gold"", ""source_type"": ""real_error_pair"", ""split"": ""train""}",,sage_multidomain_gold,,False,True,e56b17cc7103fb66b4706830,e56b17cc7103fb66b4706830122effc74c21d16b1580d597c2eda139dbf2cc0d,"[""spelling""]",sage_multidomain_gold,False,False,web,swapped_letters_candidate,"[{""source"": ""Некотроые"", ""replacement"": ""Некоторые"", ""edit_type"": ""spelling_replace"", ""start"": 0, ""end"": 9, ""status"": ""proposed"", ""reason"": """", ""confidence"": 0.91, ""rule_id"": ""swapped_letters_candidate""}]",safety:real_other
Я незнаю что делать,Я не знаю что делать,manual,manual_target,manual,,,,,,,False,False,,,,,False,,,ne_verb,,manual
Он учиться в школе,Он учится в школе.,manual,manual_target,manual,,,,,,,False,False,,,,,False,,,tsya_soft_delete,,manual
Мне нужно учится быстрее,Мне нужно учиться быстрее.,manual,manual_target,manual,,,,,,,False,False,,,,,False,,,tsya_soft_insert,,manual
Я пришел домой но устал,"Я пришел домой, но устал.",manual,manual_target,manual,,,,,,,False,False,,,,,False,,,comma_conjunction,,manual
Когда я пришел он уже спал,"Когда я пришел, он уже спал.",manual,manual_target,manual,,,,,,,False,False,,,,,False,,,comma_subordinate,,manual
По русски это звучит странно,По-русски это звучит странно,manual,manual_target,manual,,,,,,,False,False,,,,,False,,,hyphen_po_adverbs,,manual
Я не могу понять что бы он хотел,Я не могу понять чтобы он хотел,manual,manual_target,manual,,,,,,,False,False,,,,,False,,,context_chto_by,,manual
Привет как дела,"Привет, как дела?",manual,manual_target,manual,,,,,,,False,False,,,,,False,,,comma_subordinate,,manual
